CustomerID,Recency,Frequency,Monetary,R_Score,F_Score,M_Score,RFM_Score,Segment
041caba6a63ace5818387698ea85cdb2,308,2,58.989999999999995,2,5,3,253,At Risk
12f5d6e1cbf93dafd9dcc19095df0b3d,623,2,20.8,1,5,2,152,At Risk
58aa424ba24df5dc745e1a3941abc5a3,616,2,69.9,1,5,3,153,At Risk
67913e95e07035bc67dcaa79ecd70cc9,344,1,759.96,2,3,5,235,At Risk
67c92485fa38cdd999e4b72a6e347663,462,1,279.9,1,3,5,135,At Risk
67e5eba5bccf914065caced3baa1a968,402,1,0.0,2,3,1,231,At Risk
68086630405120fd049f0d41aaee9a68,567,1,38.9,1,3,2,132,At Risk
680a09be81a7680c1845c2342d8c33ea,574,1,26.9,1,3,2,132,At Risk
681844e17f689acd5ac8fe23f862c6b9,452,1,16.9,1,3,2,132,At Risk
6858ce30f88a81273fb705a2fcc52aa7,338,1,249.9,2,3,5,235,At Risk
6862e7a7283767e68fb14c52a110f6d1,303,1,38.0,2,3,2,232,At Risk
686d80e6622fa212fa4eae3c9506bd19,301,1,229.99,2,3,5,235,At Risk
6883d579dacefc2301eea23d7855a8aa,463,1,214.99,1,3,5,135,At Risk
688f5342ea5ff47d612126908c38f7f0,319,1,59.9,2,3,3,233,At Risk
6898b2273c4c2e9f697bb597c7df0837,512,1,0.0,1,3,1,131,At Risk
68ab9bfe2388b0b36614c7000b8b1cf8,301,1,24.99,2,3,2,232,At Risk
68b989ae809071cc660c7ac6beabf867,333,1,189.0,2,3,5,235,At Risk
68ba0fa3c02bfada4ebd0f37d1aee37f,515,1,23.9,1,3,2,132,At Risk
68e9aca85421a3dc655325bcdf9c9912,301,1,85.0,2,3,3,233,At Risk
6903f2c210906ee7731be7bc8360a036,406,1,61.49,2,3,3,233,At Risk
690c7559d9d62f2464c47042a655bf57,386,1,349.9,2,3,5,235,At Risk
69107810fc2b88841b635ffa65b23891,502,1,25.9,1,3,2,132,At Risk
69265054c8f3bbe54909219e9b2e6af7,502,1,449.0,1,3,5,135,At Risk
6927dac0fa9c5c972d388e6a77ce7d93,351,1,60.0,2,3,3,233,At Risk
6935b767c9c3c6d8c27c9a840bc5c238,535,1,30.9,1,3,2,132,At Risk
693d4dc072a4cbdfa19501dbab1c7ad1,446,1,129.99,1,3,4,134,At Risk
695950596e3d02cb9a663acae75bf98b,425,1,205.0,1,3,5,135,At Risk
6963fcaa55875dfdc09d7faee1a6f445,380,1,23.99,2,3,2,232,At Risk
69773615cfc64f54d36fbe95621b2590,300,1,313.08,2,3,5,235,At Risk
699718da03289d4dc724e6c219ce379d,541,1,275.0,1,3,5,135,At Risk
69a67928e55cbef75ba434ab0a4ff540,340,1,0.0,2,3,1,231,At Risk
69a8def672a4f3bcb373cb689b26d656,516,1,19.99,1,3,2,132,At Risk
69abb2ee87ff90e275add4e8fbf84ca0,416,1,0.0,1,3,1,131,At Risk
69fbe1ef33ee18593788e655e348b954,338,1,72.0,2,3,3,233,At Risk
6a1bd3531227937b0bf249d29fbf9901,459,1,17.0,1,3,2,132,At Risk
6a43f6511976bd65d1080f1b647689f2,300,1,35.0,2,3,2,232,At Risk
6a44e21ab1467963f3bdb7708abe9480,347,1,51.98,2,3,3,233,At Risk
6aaf63fde5ca8cd6d38424243590d439,570,1,99.9,1,3,4,134,At Risk
6ab2c51644e62c63bbfe914fd945adce,300,1,315.0,2,3,5,235,At Risk
6ab78dc229fab798332870a06388a1b6,440,1,97.9,1,3,4,134,At Risk
6ac3687282ae6cf1976b4cc39677f95c,311,1,130.0,2,3,4,234,At Risk
6ad46014a4203440c38e3dbf7aedf51c,603,1,168.0,1,3,5,135,At Risk
6b33b395518a499e9f9900bcd6fa971c,473,1,37.9,1,3,2,132,At Risk
6b37d47561c8e97bd313b89215e0ae88,463,1,36.0,1,3,2,132,At Risk
6b595d38cb0d0c5dca0ca4de1b97b116,368,1,209.99,2,3,5,235,At Risk
6b9f9457656ec75ef2faab619e99b9a0,332,1,89.9,2,3,4,234,At Risk
6ba3c687055589c6271f660f1fbf6595,520,1,65.9,1,3,3,133,At Risk
6bb7418cb646c318b0b970efa5937287,437,1,91.8,1,3,4,134,At Risk
6bc9e749760ecb1daa33144baf3eee9e,472,1,16.5,1,3,2,132,At Risk
6bd4f06d5599d085d7a367cf49626155,612,1,34.9,1,3,2,132,At Risk
6bfccb019f3da909ef21a2803daf87e5,480,1,49.8,1,3,3,133,At Risk
6c1dd46ea7d3dd06eccc8adc584795ec,565,1,71.8,1,3,3,133,At Risk
6c272e38c324a5850751500bf116dbe4,582,1,0.0,1,3,1,131,At Risk
6c2f6983a60ac0dc8a9ee65579959538,339,1,0.0,2,3,1,231,At Risk
6c69905245a109e523848de29386e0ff,300,1,650.0,2,3,5,235,At Risk
6c7c3323153e0d521f0ee3fa4e382e0a,297,1,85.0,2,3,3,233,At Risk
6ca566e77a13d0eb5d55c336b17f10fb,384,1,0.0,2,3,1,231,At Risk
6ccbb05bf38d868e2a997d0dcf1c32ad,322,1,85.9,2,3,3,233,At Risk
6d1213d0a8cccfa5cdb1b693fd388055,306,1,28.78,2,3,2,232,At Risk
6d40ddd2f86fe4f7bdba4622912e772c,417,1,0.0,1,3,1,131,At Risk
6d443b75cff956bb73dce7385033e266,381,1,2105.4,2,3,5,235,At Risk
6d5445cddf56ea4edb5a2540c6fa1d71,416,1,0.0,1,3,1,131,At Risk
6d5e4477b9757cc918e0ead36a80643e,357,1,0.0,2,3,1,231,At Risk
6d7dcece246bf88e8ee4b1654441749f,480,1,95.9,1,3,4,134,At Risk
6db7adf9e39b611244585ce6e23994fd,346,1,26.9,2,3,2,232,At Risk
6dd6e77a98003996c7fd7afb70be95c4,352,1,74.9,2,3,3,233,At Risk
6df5bd0023cfd06d7b55bcece550e1f2,558,1,34.9,1,3,2,132,At Risk
6dfa1ddc7f7e7d7930de326f34c16f53,308,1,24.9,2,3,2,232,At Risk
6e0d94e83bae00a64c12c9497158ee1c,361,1,20.3,2,3,2,232,At Risk
6e1190edde834ca84ba216d13627e85c,559,1,52.9,1,3,3,133,At Risk
6e2064e4da450befb0b70bb2f0c68f64,521,1,16.9,1,3,2,132,At Risk
6e29598e4a23df8fd26eabe98846719d,460,1,64.9,1,3,3,133,At Risk
6e333942859ee2b644a75f42da7b1c5a,364,1,99.9,2,3,4,234,At Risk
6e584243f433f290dff8a94dbde09d2e,484,1,0.0,1,3,1,131,At Risk
6e5c0e412f8b74a1c29aa945757dfc46,475,1,89.5,1,3,4,134,At Risk
6e620488162fe1129d32f26b751d770a,357,1,119.8,2,3,4,234,At Risk
6e6c1d33697978556243175000662c81,300,1,89.99,2,3,4,234,At Risk
6e79f77f82ce8bfff699cb4f4fc0be24,421,1,98.0,1,3,4,134,At Risk
6e890959de98f57e7db8fbf22d3f5697,450,1,0.0,1,3,1,131,At Risk
6ed6a41250b1e99e3bd5e6ecc297dfaf,303,1,0.0,2,3,1,231,At Risk
6eff1cd9cc7f4dde6e1cbb679e219a50,318,1,199.8,2,3,5,235,At Risk
6f0b3c0824512f9e29805095537bd68d,371,1,0.0,2,3,1,231,At Risk
6f2013debda201c8ffa9b4a783ef1622,320,1,0.0,2,3,1,231,At Risk
6f232f2f5c7f33b7bd9d794d2afacadd,422,1,0.0,1,3,1,131,At Risk
6f25b6a8acfd6e99db86b08ed2bc3064,548,1,16.9,1,3,2,132,At Risk
6f4102ac174b0bf17f1495f81a6f27a3,318,1,19.9,2,3,2,232,At Risk
6f5b9e28a0abfb51e391191320d33a56,473,1,32.64,1,3,2,132,At Risk
6f8372e7ca5f2963296df89e916cd08f,298,1,99.0,2,3,4,234,At Risk
6f84cddaa35e02a852f6c6435b384dd2,365,1,0.0,2,3,1,231,At Risk
6fb19bc711864c90334ba37b2148d4dd,339,1,28.9,2,3,2,232,At Risk
6fc4be26d93f94de084b9a929664c52f,509,1,16.99,1,3,2,132,At Risk
6fd9de387d337ad313a16b4c591ca753,572,1,0.0,1,3,1,131,At Risk
6febe0febf266605327d91a295ea2609,377,1,82.5,2,3,3,233,At Risk
70167d9510c6f54bd29bbffd0f4d9e90,480,1,64.89,1,3,3,133,At Risk
701ea1ff7120fa56b1e4ef945dd5cf19,365,1,45.9,2,3,2,232,At Risk
705748b59cffa9d676c096f44a227476,499,1,119.99,1,3,4,134,At Risk
705c9e29830d26e888d395a7f0d4ab87,592,1,0.0,1,3,1,131,At Risk
7083cb99a8c7aa3fa47c48af112aa88f,301,1,49.99,2,3,3,233,At Risk
709ff5911edcc0d227a46699d7842e66,457,1,135.5,1,3,4,134,At Risk
70a2aece5345a514bf960b01975aaa60,546,1,23.99,1,3,2,132,At Risk
70c0cd25ecddaa0802c169b32c311822,391,1,199.0,2,3,5,235,At Risk
70c565c6054a5cf82f753fd1dddcd6eb,451,1,0.0,1,3,1,131,At Risk
70c7b03f4fedb3c92e18025f9bc5822f,329,1,63.0,2,3,3,233,At Risk
70d396f72bac7521d4546cb16cf4358b,575,1,79.9,1,3,3,133,At Risk
70d559655397ff9db9bb31dbaf5a7b5a,301,1,69.0,2,3,3,233,At Risk
70f009722a7cd15568c58cb753ff4399,472,1,18.9,1,3,2,132,At Risk
7107b93604e79765cd9b802ce6315479,568,1,0.0,1,3,1,131,At Risk
710f38025cf5de52702ee2e4da7a71a7,374,1,0.0,2,3,1,231,At Risk
713e7f4511e7c790a743897d3ea47c08,487,1,65.0,1,3,3,133,At Risk
715f90d43334e54a29bb233e7687f65c,416,1,99.99,1,3,4,134,At Risk
7171534a83fcf2f96ac5690706ce58ca,387,1,0.0,2,3,1,231,At Risk
71be060b040cc3648a6ab7dda897823d,364,1,83.36,2,3,3,233,At Risk
71bf5b23c0923703cd29d12016a2440d,315,1,79.0,2,3,3,233,At Risk
71cc49dcc859ef150badb7ae623b6b96,402,1,175.0,2,3,5,235,At Risk
71e06f5053f893d3417e747f534e14fe,539,1,0.0,1,3,1,131,At Risk
71e324d4444cbd2ce5e61fa48dd434cf,367,1,159.9,2,3,5,235,At Risk
71f93416aba3c29ee0929275f545b506,501,1,131.0,1,3,4,134,At Risk
71fd4b8ba810c0b2bcddcebf0fbd159c,301,1,0.0,2,3,1,231,At Risk
721d1092e1a6460c67e6a0e691d899a3,496,1,16.9,1,3,2,132,At Risk
72257c3a06b3f5851d40c70240f4e322,429,1,0.0,1,3,1,131,At Risk
7254d91ed781ba8af6038fc53529dd38,356,1,55.0,2,3,3,233,At Risk
726a6433feab4f321c62cd704e451ca3,317,1,127.8,2,3,4,234,At Risk
72802a20641f4dd46e6d3ce18af50cf8,424,1,49.95,1,3,3,133,At Risk
729089b44985b34915decf7117d8fc2c,296,1,39.0,2,3,2,232,At Risk
729a2696f78da805198eb9b531775daf,491,1,0.0,1,3,1,131,At Risk
72b74e3ab8b2f7da203dbb50344879bb,386,1,195.0,2,3,5,235,At Risk
72d27a31eca277b1cb06534d631e3392,566,1,0.0,1,3,1,131,At Risk
73001c351ae67a6b093462ce7a643b57,401,1,34.99,2,3,2,232,At Risk
7311b47a208b4f5af09ccc62fafea9e2,364,1,284.66,2,3,5,235,At Risk
731ea3afd190908a9cbed04f42aa51e2,297,1,89.9,2,3,4,234,At Risk
732267f7c7fc6f66cb66c383824954a5,401,1,61.9,2,3,3,233,At Risk
732517445a23f14603d5683d8c0e7b37,571,1,143.99,1,3,4,134,At Risk
73284f7b95c0c04e2a716361b08858b0,338,1,497.0,2,3,5,235,At Risk
733f89dbe1cd8580321aacd8766dd437,300,1,0.0,2,3,1,231,At Risk
7353e7e5f2f32af3228d688d12ceef48,296,1,49.0,2,3,3,233,At Risk
73619cff2fa9816a60c7599436aa2122,301,1,0.0,2,3,1,231,At Risk
73621cf8bb2f92f40419b7cf89a5eb2b,301,1,89.58,2,3,4,234,At Risk
73d44418367f9efcd7069592789bd0f5,550,1,129.99,1,3,4,134,At Risk
73d7c87d44af686f20f4c826c19f73bc,325,1,219.0,2,3,5,235,At Risk
740ece7e8cdb4ee5eeb95dc76a4e578a,511,1,29.9,1,3,2,132,At Risk
74182c655b0270d9dde23ca43bb16a2e,372,1,0.0,2,3,1,231,At Risk
7418458c86b91f0322f91e7145a02bd7,587,1,119.6,1,3,4,134,At Risk
743c6b0ca4c9d5f6c59eada39d3eda11,389,1,16.9,2,3,2,232,At Risk
7459c5e40af6c3ba3c1cf02eb107a2e7,601,1,18.0,1,3,2,132,At Risk
745e5855c89063226a0b8d895d4aacde,334,1,120.9,2,3,4,234,At Risk
7466f7cdd2b578fcb1165a85e892ad9a,566,1,169.0,1,3,5,135,At Risk
747bc23eede9910c1a3d33344d83fcc7,345,1,0.0,2,3,1,231,At Risk
74838cafa70beaff741b6f16a4564080,384,1,180.0,2,3,5,235,At Risk
748cf0cff0c8565b3bf64c24661017d4,300,1,38.99,2,3,2,232,At Risk
7492a411232f7dd4b1adb8b335cd1983,487,1,29.99,1,3,2,132,At Risk
74a68c138e3220107add702b3777948c,414,1,105.0,1,3,4,134,At Risk
74bb35834cc90f8b98adc9da1c4c8556,472,1,167.99,1,3,5,135,At Risk
74bcbbef1321b49ab28427bca1226089,512,1,45.49,1,3,2,132,At Risk
74f62172da3c6cdbda0e80017f6f5cf4,302,1,99.0,2,3,4,234,At Risk
74f6539658a10da4f67bd4f9d8ea5c04,436,1,119.9,1,3,4,134,At Risk
74f8bf53fadec7ea8e08cf119d0fa4da,391,1,79.0,2,3,3,233,At Risk
751404a804fcb7375342481a53993b18,488,1,69.9,1,3,3,133,At Risk
75190022751fc37ea481648582f29503,323,1,227.14,2,3,5,235,At Risk
7541ca5fd9891ef6c2f4bdc4d6c645c3,298,1,250.0,2,3,5,235,At Risk
7542698921c5856de2ce737b2f0b57d8,372,1,0.0,2,3,1,231,At Risk
75537a427ceae945e3a4bf1fcb81445e,491,1,160.0,1,3,5,135,At Risk
757921c3d0047781031e9bcbaf2c393c,300,1,0.0,2,3,1,231,At Risk
7582c4e0a81c88f5ea0ead98b083b876,513,1,79.9,1,3,3,133,At Risk
7585fac6723f6d9fd6ad21c70ceadb70,332,1,0.0,2,3,1,231,At Risk
75c9d9286f420028ef73062dee65da94,500,1,49.9,1,3,3,133,At Risk
75ecb9c8cdcf92cb5d6eced1ed5dc44f,554,1,139.0,1,3,4,134,At Risk
76021f22e28fcda7ededf39e2ca5a155,474,1,56.99,1,3,3,133,At Risk
763c66ad3f778d7c060e34325e036cf6,428,1,79.0,1,3,3,133,At Risk
76415e22ee395842dd2428a274776e94,378,1,0.0,2,3,1,231,At Risk
766c363986fc269b65ca0bd173b39691,318,1,27.99,2,3,2,232,At Risk
76b1a1828f95354fe777be7436aa0fc4,327,1,0.0,2,3,1,231,At Risk
76bf559b3b17a29c539449167daeef6a,509,1,0.0,1,3,1,131,At Risk
76d4b39c8b588b307ded0d2952d82d3e,411,1,38.99,1,3,2,132,At Risk
76d996ef3f2fdebeb51eed26bb06aee7,428,1,32.9,1,3,2,132,At Risk
76eb9d778797db59464bc0b40d044c38,391,1,29.0,2,3,2,232,At Risk
76ef492abb3414d73c62f104e7b179e3,297,1,109.97,2,3,4,234,At Risk
7747498b010895040e48fbeceabc0768,317,1,36.79,2,3,2,232,At Risk
77722ed28b37c30bc7d25319b0a14b73,489,1,467.0,1,3,5,135,At Risk
7784d05ea2ca9d8da18bfc63fcaa0820,300,1,21.49,2,3,2,232,At Risk
77938defe8452824069b39bc37934a81,332,1,259.8,2,3,5,235,At Risk
77c47b5fef16741999450430f66d39fd,532,1,0.0,1,3,1,131,At Risk
77d7e027eb0c7fe85780fc9fe35e0fbd,385,1,89.99,2,3,4,234,At Risk
781686ab28fa4aa5816b213c5a7d2a5b,392,1,310.0,2,3,5,235,At Risk
781ae350edb16842380e81d7c7feb431,303,1,83.9,2,3,3,233,At Risk
782987b81c92239d922aa49d6bd4200b,434,1,98.0,1,3,4,134,At Risk
784934fd0ef7f0acb22a535b08ccecac,560,1,22.37,1,3,2,132,At Risk
785a8a410d6fc9661d66f7218a87229d,441,1,300.0,1,3,5,135,At Risk
785edc493eed2fb6c75f17f687351fa6,355,1,129.99,2,3,4,234,At Risk
78619698bdaf96e23374133380aad18f,485,1,0.0,1,3,1,131,At Risk
78791713501b5a7de9d65ff42dcdb016,471,1,0.0,1,3,1,131,At Risk
78b47e917e6732e91b9fd5e23205b830,329,1,29.979999999999997,2,3,2,232,At Risk
78c29e3657617fa139ce31b9d7ae46a4,569,1,74.25,1,3,3,133,At Risk
78fb70b5aa609b4b55c6ef3d0cb51faf,422,1,0.0,1,3,1,131,At Risk
791ba15cc2553a0c27edba3b32ef9da5,462,1,299.9,1,3,5,135,At Risk
793ad164c5cac4140df0c539467cfca9,393,1,0.0,2,3,1,231,At Risk
79538aee569d709ed810606a5eab6f72,534,1,199.0,1,3,5,135,At Risk
795ec127906a9e161109399a70f5826d,512,1,39.9,1,3,2,132,At Risk
796af4fac93296428070925a8a78aaa1,422,1,69.9,1,3,3,133,At Risk
7973a6ba9c81ecaeb3d628c33c7c7c48,366,1,0.0,2,3,1,231,At Risk
79835898766e90076f8b8d49f9b725b3,554,1,26.99,1,3,2,132,At Risk
798521769d378407b587dcee426d9f56,564,1,19.9,1,3,2,132,At Risk
79a1efe6acacf850e4aaf7d8bf7917c9,376,1,0.0,2,3,1,231,At Risk
79a4fa88711e09a102e206befef01bda,412,1,355.9,1,3,5,135,At Risk
79aaa40216d464f6571c1ade510d094d,376,1,59.9,2,3,3,233,At Risk
79b7e8e86acc9a48d22db8789bf4ca63,472,1,79.9,1,3,3,133,At Risk
79c3ef46b89f10777f5604a5e1ee22b5,400,1,109.4,2,3,4,234,At Risk
79f3d6597edbdbed1545a11e3d2fa280,591,1,391.3,1,3,5,135,At Risk
7a040b1e3b90506ededb059f0ae4fc40,343,1,120.9,2,3,4,234,At Risk
7a08dd88ce7a21d946f60896cf937b83,315,1,399.99,2,3,5,235,At Risk
7a0a841d2fc8561c75cf26923e1ab48a,311,1,0.0,2,3,1,231,At Risk
7a2679d6c164f6b6a2f36daf1b2fbc9d,715,1,40.9,1,3,2,132,At Risk
7a2d8bd01b6a70525547ece60da48fc3,504,1,89.9,1,3,4,134,At Risk
7a60f3a8db817e4f5f33a1b19248be80,314,1,44.99,2,3,2,232,At Risk
7a71ca03472864732dfcb00aa70b42f3,371,1,155.0,2,3,5,235,At Risk
7a944cacdbf306b47bf62fcc183c8944,406,1,0.0,2,3,1,231,At Risk
7aa4cc10b75fde631908e6ae1066db23,297,1,58.99,2,3,3,233,At Risk
7aab2467f56023de6dfb7f80edcf746c,421,1,0.0,1,3,1,131,At Risk
7ac26eac431c6848694a2de6f0327524,547,1,109.9,1,3,4,134,At Risk
7ae7c0233394d6bb5f0e2d1ad7ac87fa,486,1,252.0,1,3,5,135,At Risk
7af00c004c96e4c6ba8ce54c4adcbe87,333,1,19.99,2,3,2,232,At Risk
7af9180714aa1b1b4ac52586022c6f0a,351,1,10.0,2,3,1,231,At Risk
7b0bf5b484f4bf4669e858ace1d451eb,432,1,205.0,1,3,5,135,At Risk
7b23dca3f650878cf0a0257b192a7a96,366,1,0.0,2,3,1,231,At Risk
7b24ce24de1cd6537bb9cf370a8f05f1,486,1,0.0,1,3,1,131,At Risk
7b254c5fd79d511ce28932ebc1e6c257,301,1,14.99,2,3,2,232,At Risk
7b2f661532726780d00fa5288d857219,431,1,59.9,1,3,3,133,At Risk
7b32049d8495d56c8b27eae575921a60,377,1,23.99,2,3,2,232,At Risk
7b577b8beeca5c17d88511a4c0cf6152,346,1,197.99,2,3,5,235,At Risk
7b59df9ee77a19f488a09acbcd5a67a1,384,1,449.9,2,3,5,235,At Risk
7b7605b5797e73a668d8b55424f883f0,316,1,422.0,2,3,5,235,At Risk
7b7617a110435f0f5212a57af745bee0,554,1,76.49,1,3,3,133,At Risk
7b7f11928e2451cb0ec7cd2e23a22f79,357,1,179.9,2,3,5,235,At Risk
7b908adf902011a2d10cd9dfa41202d7,370,1,65.99,2,3,3,233,At Risk
7baac76b8ecd2581992afa42a7544934,323,1,49.0,2,3,3,233,At Risk
7bd29d20a3652dd52bcf8c29f858709c,386,1,39.99,2,3,2,232,At Risk
7bd511dd409b8df39a6b4a5c029cc973,381,1,0.0,2,3,1,231,At Risk
7bf1c59401206e31a78523077f3a1144,336,1,0.0,2,3,1,231,At Risk
7bff4fff725edd40fde6f0ac1eb0e2dc,301,1,269.70000000000005,2,3,5,235,At Risk
7c01ccb439b58048285b3615ce14d780,350,1,109.97,2,3,4,234,At Risk
7c142cf63193a1473d2e66489a9ae977,306,1,45.0,2,3,2,232,At Risk
7c1b664bbfb23001b560f3fbcb49b8ae,377,1,40.5,2,3,2,232,At Risk
7c396fd4830fd04220f754e42b4e5bff,354,1,0.0,2,3,1,231,At Risk
7c5a8a93978fdb0ee0fe385f1fb7a596,402,1,56.99,2,3,3,233,At Risk
7c64114d404c93f2c4305a9f2e7dc3eb,445,1,91.8,1,3,4,134,At Risk
7c72a48460762de7efe57efe71dd2324,472,1,29.0,1,3,2,132,At Risk
7cd0a8587d428fea43cd6a0bdb64f676,509,1,49.9,1,3,3,133,At Risk
7cd82b098982a246bc758a0241267b80,401,1,35.9,2,3,2,232,At Risk
7ceef56a99bac51a85332ec4e0659ac7,343,1,104.9,2,3,4,234,At Risk
7d158f949f1660ed53bbd1a670a9eab4,430,1,54.99,1,3,3,133,At Risk
7d15b5b3609f450652ddc385d624a2cc,368,1,89.88999999999999,2,3,4,234,At Risk
7d185d821a11c769636247766f1fd45e,298,1,109.9,2,3,4,234,At Risk
7d3af805295c05f0b9379b88a779e6c1,344,1,119.8,2,3,4,234,At Risk
7d46e00d5460d09dba085073c0873c35,559,1,37.99,1,3,2,132,At Risk
7d49da9819094a2c022e99bd3e7962e4,367,1,0.0,2,3,1,231,At Risk
7d7f16a95cab713f553bd92a80d3e10e,371,1,249.9,2,3,5,235,At Risk
7daa7f83ef0ca0a09558509d899dc092,418,1,29.9,1,3,2,132,At Risk
7dd2c905ddaf64b18b82f8709eb79649,359,1,0.0,2,3,1,231,At Risk
7e1681f9bb31800364869a2cdbe289db,303,1,89.99,2,3,4,234,At Risk
7e251bdcd9072568271fe5b5b824b6be,383,1,1499.99,2,3,5,235,At Risk
7e2a8ae1e36400f3da3f99af72023648,576,1,49.99,1,3,3,133,At Risk
7e3baefc30c4c3a12ee54e079f48eacb,385,1,89.9,2,3,4,234,At Risk
7e62c36d2d39693fe8d85490a22a9280,494,1,0.0,1,3,1,131,At Risk
7e69734dad7cfcbe95aa59f38095057d,449,1,179.8,1,3,5,135,At Risk
7e7f74ebcb61f6fba286b37002d3f93c,395,1,29.99,2,3,2,232,At Risk
7e8ec368d51d96e6507e6cca6953dedb,453,1,24.75,1,3,2,132,At Risk
7e91ec540af718ab375b1d13271e9543,497,1,0.0,1,3,1,131,At Risk
7e951ae967a7acd00fbb3159346ad0f4,417,1,0.0,1,3,1,131,At Risk
7eb6b25c03556dfd2a2ee982f42074c2,307,1,199.9,2,3,5,235,At Risk
7eb98c8ac32bd7ba702254f3aca26274,515,1,49.99,1,3,3,133,At Risk
7ebe00e01c4656d609e1ca0f7e566999,364,1,69.99,2,3,3,233,At Risk
7edbc949aecddf459d369122349bd6ea,300,1,79.99,2,3,3,233,At Risk
7edcbf8f82a009e1dbc9bb7d288fe1e8,550,1,99.0,1,3,4,134,At Risk
7ee317fb77d0482937ddf05062f3d5df,398,1,219.99,2,3,5,235,At Risk
7ee9e6c80bf1b7ec4a52639eab6c128c,571,1,0.0,1,3,1,131,At Risk
7efa5eed041889e5244fabf58cfd7261,304,1,91.0,2,3,4,234,At Risk
7efc49d7862ee114c0ca869b439bf381,321,1,2874.0,2,3,5,235,At Risk
7f14bee9eea922025f59bf605488435f,413,1,0.0,1,3,1,131,At Risk
7f1652269d7ca3afaec1263781f389ae,391,1,0.0,2,3,1,231,At Risk
7f1a0526c7adce7aa7930bf2e34fa3c8,364,1,99.0,2,3,4,234,At Risk
7f2293fcdddb291f4e23e0f5d94bc2b6,443,1,0.0,1,3,1,131,At Risk
7f27ed07f4f3806ca9ae65b97f1e9ef2,483,1,130.0,1,3,4,134,At Risk
7f2a3bcef7f1ac62f0020784d1986eea,375,1,0.0,2,3,1,231,At Risk
7f2c153050a43c7990f09dc3bb301a76,300,1,45.9,2,3,2,232,At Risk
7f3e5bfe3c5927b987d875d005af1934,349,1,179.49,2,3,5,235,At Risk
7f4f709af2fd8fea44aacd30bca46264,307,1,369.4,2,3,5,235,At Risk
7f50c43baa66aae590aa1a067427cce5,337,1,24.0,2,3,2,232,At Risk
7f5bd56f922fc14c92bfa3491f6b2705,372,1,75.0,2,3,3,233,At Risk
7f5fd837ad25b075bd3b583481e11df6,351,1,119.99,2,3,4,234,At Risk
7fa3f8a493bb8ed3a71943f0f734c429,349,1,0.0,2,3,1,231,At Risk
7fbb6d8f1f76288d32ab1a4e74da34c5,605,1,0.0,1,3,1,131,At Risk
7fc2c421252081c686b320d8755ca82c,419,1,56.9,1,3,3,133,At Risk
7fe369a374dba4f97910c97f42cd6d6c,325,1,49.9,2,3,3,233,At Risk
7fef4de812315967e0c7b699e88c5753,489,1,0.0,1,3,1,131,At Risk
7ff0197ba562b5d83bfe9cc3e64dec79,506,1,121.99,1,3,4,134,At Risk
80172250f4b01859c09d7308e3090a5f,484,1,28.18,1,3,2,132,At Risk
802fc620c605578d990d6adee0138983,494,1,0.0,1,3,1,131,At Risk
8033f408bcb75134075db3eb60b49937,405,1,198.0,2,3,5,235,At Risk
803c79929e84a92a233e3a619b021e3f,517,1,369.0,1,3,5,135,At Risk
8051546e4730145100f73eb919000a81,351,1,159.99,2,3,5,235,At Risk
805363c3cdfb04fca106609664537903,300,1,19.9,2,3,2,232,At Risk
8056ad5fa2f60432765758ccd7f037d4,592,1,109.99,1,3,4,134,At Risk
807241193998f88941b5e369c762b9b7,310,1,133.2,2,3,4,234,At Risk
8082996e039c772b71d8df530f5fea4f,469,1,0.0,1,3,1,131,At Risk
80846d571262926feb13147a5965a9ba,623,1,34.9,1,3,2,132,At Risk
809315a1949aaa03742fd32f417e05ca,469,1,134.9,1,3,4,134,At Risk
809ce1ac1085b68cba28dcc31e08ac22,314,1,0.0,2,3,1,231,At Risk
80b47854804624b05010c421342b755d,367,1,21.5,2,3,2,232,At Risk
80b5c70d20058c553d662a56cbff22e5,298,1,98.0,2,3,4,234,At Risk
80b6a368bb78dea2539249804957a779,382,1,89.99,2,3,4,234,At Risk
80bb27c7c16e8f973207a5086ab329e2,438,1,147.9,1,3,4,134,At Risk
80d1acba72cc1dd62e91c5858bed0ef2,321,1,0.0,2,3,1,231,At Risk
80e00a7b9ead7590bf05116f0237c896,402,1,189.99,2,3,5,235,At Risk
80ea9b35f8854abb863d90d42261c8fd,434,1,20.9,1,3,2,132,At Risk
81050b2b79121c8c187dfb112f322ea2,403,1,69.9,2,3,3,233,At Risk
810c710aa4f69da0a93dbc4932e3556f,372,1,39.9,2,3,2,232,At Risk
810def6bb8f8c33be446269adcb3400c,359,1,89.99,2,3,4,234,At Risk
810e3ae74920002d70c093edc274de56,586,1,43.9,1,3,2,132,At Risk
8130a5b332a233457aad5d824b9df2cb,715,1,128.9,1,3,4,134,At Risk
81337c15685ad8f9c5fec9ce8762d064,301,1,132.8,2,3,4,234,At Risk
813585153cd8b4b6c06e576d818ec985,364,1,59.99,2,3,3,233,At Risk
8163a1aaa6da7b99c881995e4f45a983,545,1,99.99,1,3,4,134,At Risk
8174995fcbfc9db5d3b92df3afdf04a8,355,1,49.99,2,3,3,233,At Risk
81823f8c0aac243529e583ef9eee3676,476,1,37.9,1,3,2,132,At Risk
81acf66173bb80d6988f3aa37d56176b,297,1,0.0,2,3,1,231,At Risk
81b133c3f4e30a14a6585a2f20ff150f,455,1,69.9,1,3,3,133,At Risk
81b6c19bee3e72e8cdec6bfa0cc6b4ac,469,1,0.0,1,3,1,131,At Risk
81c32144b6a09db6afb39476c7fa1bef,331,1,182.0,2,3,5,235,At Risk
81c77a75270704be7d9732688b54670c,394,1,59.9,2,3,3,233,At Risk
81def1193ae82b7a35da05d0565767fa,587,1,0.0,1,3,1,131,At Risk
81e76bec3ed10f1142ddd6ceec03718a,340,1,38.9,2,3,2,232,At Risk
8234ef6394990aa58bc7078911f82f1b,423,1,119.0,1,3,4,134,At Risk
8249686a806918848deca8e070f8995e,408,1,81.0,2,3,3,233,At Risk
8251ed483369858c120beaede24c5ff6,449,1,52.9,1,3,3,133,At Risk
825cc36c0efad99b50473d8d29e9e33b,341,1,119.99,2,3,4,234,At Risk
825d3949166e60c38be0fa30394176a0,334,1,689.4000000000001,2,3,5,235,At Risk
826c449cf40b8267142abd5c6e753ae2,545,1,18.99,1,3,2,132,At Risk
8284db19cf25ea2d402d03d10ff6c7d0,420,1,0.0,1,3,1,131,At Risk
828a8eb27198a85e88b5bd7721a550b4,420,1,109.9,1,3,4,134,At Risk
82a1b94574f9998850b808a80c8ac63f,451,1,49.9,1,3,3,133,At Risk
82a7d2deca38556c56f1fa8ed11fb08f,512,1,110.3,1,3,4,134,At Risk
82cb8c783b1700af07ae77355cc81c70,452,1,14.9,1,3,2,132,At Risk
82cf026d2029de6c690c1248f63962d4,447,1,87.96,1,3,3,133,At Risk
82e16480f3404a46a30cd9976acdb161,419,1,75.0,1,3,3,133,At Risk
82e234f722a0424865f264e825423f24,470,1,42.9,1,3,2,132,At Risk
82e96180bc6414637a1c25c69d36037e,573,1,114.9,1,3,4,134,At Risk
82f522761f4f6458b850c7ebaafee1ea,300,1,39.99,2,3,2,232,At Risk
82fb46292a999e7db9e2391c407f76e4,498,1,26.89,1,3,2,132,At Risk
82fcbfcf8fcccb37a3e162dcab646718,300,1,121.5,2,3,4,234,At Risk
8303ded906a12765f58a59e11386acf4,588,1,6.57,1,3,1,131,At Risk
8329519e31cb1b89bd44c3c6ae417ad6,711,1,11.9,1,3,2,132,At Risk
8337b30c655f04397bf9d00091475419,323,1,25.99,2,3,2,232,At Risk
833974ee91dd452c264e016409614690,295,1,59.0,2,3,3,233,At Risk
83418c2218f970f9c17d5dca6f775f60,572,1,59.8,1,3,3,133,At Risk
83450bc87c9135bf76eccb936c559f8b,393,1,68.0,2,3,3,233,At Risk
834d38a7d116877744264152f8cbb4f9,330,1,49.9,2,3,3,233,At Risk
8373cc590948654ebaca5318074397ba,369,1,155.0,2,3,5,235,At Risk
83abd11daa7c9c89e248e0ac8806d296,298,1,90.0,2,3,4,234,At Risk
83d1d424c386ddd0ee98407d038bcdb2,296,1,64.9,2,3,3,233,At Risk
83faa5fb102b850f97c0496302cf67ed,296,1,0.0,2,3,1,231,At Risk
84032c13e75382a35c99ae73156b30b9,381,1,135.0,2,3,4,234,At Risk
8405f731b36baec7dfc9501225f9b117,570,1,59.98,1,3,3,133,At Risk
843091dadcbbc401bff7450c81ae48f5,296,1,120.0,2,3,4,234,At Risk
8435888e6fe36391280b28b89412fabf,431,1,145.0,1,3,4,134,At Risk
84394f56850c9f22ebf0013c1476cfb0,352,1,83.9,2,3,3,233,At Risk
844f54c49898195cea2b5ce2f541b586,486,1,199.99,1,3,5,135,At Risk
84821d3b23078095ceaa4bd87a95caa5,568,1,169.9,1,3,5,135,At Risk
84ad62f33ddb6b13553a850fd3dc2b08,306,1,78.98,2,3,3,233,At Risk
84d33b66fe100b491fa20d4ff2887849,545,1,25.98,1,3,2,132,At Risk
84e0688353bf674f564e79eafc025b5b,598,1,170.0,1,3,5,135,At Risk
84e905ad975d5d2149146731168b5d65,513,1,279.9,1,3,5,135,At Risk
84fb1a23195812de513cead8d4d8e679,352,1,0.0,2,3,1,231,At Risk
85234917cd71e079f2cb073da6f28fdb,375,1,59.9,2,3,3,233,At Risk
855e730893171da01614bf6347acaa9c,402,1,199.99,2,3,5,235,At Risk
857104e1bfb81cb14e88ff07d1b22c70,555,1,169.9,1,3,5,135,At Risk
8581bbeb56d3b44ff048f21b5d74eeab,575,1,270.15,1,3,5,135,At Risk
85b8e57bd6da1c3c8d360436213b9a9b,316,1,109.0,2,3,4,234,At Risk
85eb32c3333fdecda3039791ed23c56d,400,1,99.99,2,3,4,234,At Risk
85f577ceedf143eb1f3248c42e7c52f3,602,1,49.99,1,3,3,133,At Risk
8603ccc4afbcfab372c4b04d061502f7,392,1,349.9,2,3,5,235,At Risk
861e2a5848de1a3e8fa544236a8369f9,397,1,104.0,2,3,4,234,At Risk
86246b1ae68b9e35ca0d5b6dc0350333,573,1,0.0,1,3,1,131,At Risk
86466e264fde8cca4fd07bec8d83fe96,364,1,13.0,2,3,2,232,At Risk
864f6f21401e4cf51ae232498bdf15bb,392,1,58.2,2,3,3,233,At Risk
865beeccce9e5e942d09075165302d8d,300,1,18.0,2,3,2,232,At Risk
86badf62319a7671b78a73b6b1e69fbf,555,1,0.0,1,3,1,131,At Risk
86c7f24cd4a516836d36d9cd6eb43aac,415,1,27.9,1,3,2,132,At Risk
86eeac369ea14ddf7a454a0ce003e5c6,363,1,149.7,2,3,4,234,At Risk
86f5ea139f5fb8d91a5a340d85b128e4,402,1,115.97,2,3,4,234,At Risk
8718d37e3e19a80c134708dbe5815732,312,1,84.9,2,3,3,233,At Risk
8731e1c5aa27eced509f47d8012ff81e,300,1,63.6,2,3,3,233,At Risk
87603dde65ee7120467ddda1a883bb24,362,1,59.99,2,3,3,233,At Risk
87776adb449c551e74c13fc34f036105,717,1,29.99,1,3,2,132,At Risk
878f5506271924443c6b5d51625cb18b,386,1,110.0,2,3,4,234,At Risk
8799f1721988d333cdf9c17cc5345c43,329,1,219.99,2,3,5,235,At Risk
879e52fcfc1cff3833627a733de4a9ff,413,1,205.0,1,3,5,135,At Risk
87a309826a8cbca2e5cdc9c0e60a0129,385,1,79.0,2,3,3,233,At Risk
87a6eb7172c457864c9b98079bc4d19e,542,1,29.74,1,3,2,132,At Risk
87ae4c644c15d9c6b6f826dfec33b340,311,1,114.9,2,3,4,234,At Risk
87b5114bcbdfd51bcf0b350282b16b2b,590,1,167.7,1,3,5,135,At Risk
87bbba8720d775549bec72aaec36ff19,325,1,1199.99,2,3,5,235,At Risk
87dff19086a1aa321cf06195ab40631c,455,1,177.9,1,3,5,135,At Risk
87e4174511608b3c3c252e87fd74c0de,318,1,35.9,2,3,2,232,At Risk
87f036a112ee9b2695f0eb5f063c7444,297,1,34.99,2,3,2,232,At Risk
87f48948d0e70bba2df3ac0bf3358269,339,1,159.99,2,3,5,235,At Risk
87fcf527091245e44cd837c06fe0e0ce,367,1,66.29,2,3,3,233,At Risk
8810ba9ddbf9f21e12e7ddac3ce887da,485,1,229.99,1,3,5,135,At Risk
8816ea7c1592bcab312eae9352996067,482,1,19.9,1,3,2,132,At Risk
882a0803e178b947070fc52b14965102,372,1,113.0,2,3,4,234,At Risk
88607ce3a266c48ee56db9695bff9dd6,386,1,139.9,2,3,4,234,At Risk
8860920e9a34f3b37f3f45c8d99123dd,364,1,49.0,2,3,3,233,At Risk
8868399bd5c6eaf593c73f29ff6bb1e2,459,1,0.0,1,3,1,131,At Risk
888bbf8be9eaceefedd820af2ddfb90f,295,1,0.0,2,3,1,231,At Risk
88c72c073b5b6ed940c4decb1b94fea4,524,1,349.0,1,3,5,135,At Risk
88dce1db26fb77cc2651c243c8205dd0,501,1,236.52,1,3,5,135,At Risk
88e435343ab7c7ef2f1d4a751a6c8a2b,560,1,76.49,1,3,3,133,At Risk
88ed5da9b610ed59feb01e4eed5e4c2c,406,1,629.0,2,3,5,235,At Risk
88fbad05557cbc2d2f5fee59d6966716,309,1,0.0,2,3,1,231,At Risk
8904db4793f88ea3508c678371f2dc70,554,1,0.0,1,3,1,131,At Risk
892b22658ba1feaddb220b7627d32194,518,1,24.9,1,3,2,132,At Risk
8944ddfaf0d834d65a45fd1997847b28,354,1,89.99,2,3,4,234,At Risk
894a22f97a7bc517f8d2c0e19ace239c,322,1,59.9,2,3,3,233,At Risk
895617ab63a9ad8881d9470f7427cd25,350,1,2999.99,2,3,5,235,At Risk
898106ec3d6efd802c031b7e7bbcc1fb,298,1,249.9,2,3,5,235,At Risk
8987373b21c23e2e911dcfae64a72f6f,390,1,39.8,2,3,2,232,At Risk
8990154c8645a3efadc9b01e1891d255,299,1,24.9,2,3,2,232,At Risk
89995a85ec4c21db428413aed387c451,307,1,143.0,2,3,4,234,At Risk
89a1e0a84aba551138fef6fcf098964b,300,1,160.0,2,3,5,235,At Risk
89a70a556b3bcb25ed26720f08450bf4,603,1,49.99,1,3,3,133,At Risk
89b18d4332a8a52b9ead9a7cb82d1f70,416,1,59.9,1,3,3,133,At Risk
89ca562ffeb1acd7d1d682d53132b129,560,1,34.9,1,3,2,132,At Risk
89dedfe3145383ccc0d7be54ba4da961,389,1,130.0,2,3,4,234,At Risk
89e28a7f526e236bfdd3a48fb35998f7,366,1,269.0,2,3,5,235,At Risk
89f3135f01d627ec02dd14cd9b9e7af3,353,1,79.9,2,3,3,233,At Risk
89fd593957ef80a12f0588913e78b00d,482,1,0.0,1,3,1,131,At Risk
8a024c6ea16ad84e67bdc2bf5bd625c2,295,1,0.0,2,3,1,231,At Risk
8a11981cadf7feaab34826f59a3185c6,295,1,95.0,2,3,4,234,At Risk
8a216da23883b9b5b3aa12e633247ae4,402,1,51.92,2,3,3,233,At Risk
8a2530b1bf32235ed2636468ea0b1582,560,1,289.9,1,3,5,135,At Risk
8a4052a7a6c4a77059b0bb8dcd37ab7a,453,1,189.99,1,3,5,135,At Risk
8a423f7294c6e79cc5884ef518deda5c,428,1,54.9,1,3,3,133,At Risk
8a568e5fc88727e82abe997bb4da3857,588,1,159.9,1,3,5,135,At Risk
8a6ba6b413007e4b09dbc526503cb9d4,485,1,50.0,1,3,3,133,At Risk
8a7e2716ec5ffb45ddb789c96c86d4bd,515,1,35.9,1,3,2,132,At Risk
8a9a08c7ca8900a200d83cf838a07e0b,579,1,0.0,1,3,1,131,At Risk
8a9b30182d557a7b44a8543c9f2fe931,359,1,33.0,2,3,2,232,At Risk
8a9cd20ef841095e7c0ebc28889670df,454,1,129.99,1,3,4,134,At Risk
8aaeb37b18c0363bb3e3011ce914b2b4,465,1,0.0,1,3,1,131,At Risk
8ad3de005f848b9841cd3be326af3a7c,586,1,175.9,1,3,5,135,At Risk
8ad7b8a0718ec3b848f73a9406b8cc7f,566,1,79.0,1,3,3,133,At Risk
8adce5effe5d3b90e0ff802544d649ea,428,1,0.0,1,3,1,131,At Risk
8af6d959c838339fd4f62435e44b1fb5,340,1,129.9,2,3,4,234,At Risk
8b09aa1a501dd6ce1425b3d610d4e06f,449,1,32.99,1,3,2,132,At Risk
8b13f98a3be1b1d3651656ee73f03edc,487,1,25.99,1,3,2,132,At Risk
8b349abdfed2d9090a0428cb91ec7db3,300,1,15.9,2,3,2,232,At Risk
8b4c19edf2c5859dd525115ef29ff41a,300,1,89.99,2,3,4,234,At Risk
8b6afb5c9eb182373c656b34bf3383fc,576,1,0.0,1,3,1,131,At Risk
8b789c08cf290e40475d63308dafa12e,301,1,98.0,2,3,4,234,At Risk
8b859020674c38cf9f33f795e7a88ff1,306,1,391.8,2,3,5,235,At Risk
8bab3162259edfaadd1ea2e1fe7f58dc,327,1,39.9,2,3,2,232,At Risk
8bba2fac2cb38bfb0a323272f63d5f75,477,1,243.0,1,3,5,135,At Risk
8bbbe9dba580184aae1b7375edb53a7b,342,1,309.99,2,3,5,235,At Risk
8bc24a5f6aff334bacfd46f24430380d,594,1,46.0,1,3,2,132,At Risk
8bc3d44aa4dd9ed3829ce1fb6633ef13,300,1,39.99,2,3,2,232,At Risk
8bc85b1061383d0dcd4e995a726da763,305,1,79.0,2,3,3,233,At Risk
8be158f05b793cd72d5fde01365b5d2c,296,1,299.5,2,3,5,235,At Risk
8c19ee0688ec7a7c51715a0eb189388d,381,1,0.0,2,3,1,231,At Risk
8c2c7fb3be4fc1669b8c1c6059db1207,495,1,23.99,1,3,2,132,At Risk
8c36d7644f5966816dcdd2d70b606eba,556,1,129.99,1,3,4,134,At Risk
8c52f6be11b2c9c54a51d79e23e214df,337,1,139.9,2,3,4,234,At Risk
8c6957aedc2947857ce35de20f665290,351,1,119.99,2,3,4,234,At Risk
8c7a12d87bfd2f5ad0a1f5c573f0d960,367,1,0.0,2,3,1,231,At Risk
8c81d87b1a876ac44f968c7f112501f5,366,1,143.54,2,3,4,234,At Risk
8c90324e90c524d7160d76eb61fb2a40,347,1,55.9,2,3,3,233,At Risk
8c9878027fc2b1d4ab0d641b76ca7010,402,1,107.0,2,3,4,234,At Risk
8ca577639091122b3c581bc89d11da3b,431,1,50.0,1,3,3,133,At Risk
8cad83eb2c96c92f1c57c2a250d99855,401,1,48.0,2,3,2,232,At Risk
8ce1466844e91c831b7ceaefff65b18a,335,1,149.9,2,3,4,234,At Risk
8cf1bdf074a4a6e5fc61800a219dfb08,472,1,75.0,1,3,3,133,At Risk
8cfecfbbdad82f1281686a54caf46dbb,563,1,0.0,1,3,1,131,At Risk
8d0615e684b7967c26746909cfe2c6ac,301,1,69.0,2,3,3,233,At Risk
8d0a8db3a4f4813a2226d5abccbea87e,333,1,38.9,2,3,2,232,At Risk
8d11f32a56d967b7e09d3a5ed6cf9991,592,1,599.0,1,3,5,135,At Risk
8d1e1269f888d654db2ac8d782712c29,383,1,109.8,2,3,4,234,At Risk
8d46223c91cbeb93e0930ca8bd8ffca2,299,1,0.0,2,3,1,231,At Risk
8d4d3f218fc6a54644a4c03a56e52f0e,298,1,0.0,2,3,1,231,At Risk
8d8c91f2c4344c8f57793e8e210d73bf,308,1,0.0,2,3,1,231,At Risk
8d90f7cc575d7fef01d4416dd9f795de,570,1,35.5,1,3,2,132,At Risk
8d9df820b30602b5880994141adad70b,571,1,119.0,1,3,4,134,At Risk
8dad6af578ac943d81e66f4f788200c8,401,1,58.9,2,3,3,233,At Risk
8dafb82f687e3b0dc9e97b4198b92128,417,1,109.9,1,3,4,134,At Risk
8dd26bfb2f0afd35e9f26f9704da080f,494,1,89.9,1,3,4,134,At Risk
8dd4b0771b20160bde2b4fb598c3f554,602,1,0.0,1,3,1,131,At Risk
8dd9fc55fe6833c01cdff8986174b83d,403,1,309.9,2,3,5,235,At Risk
8ddc88814f92ad699db061cc9eb59f0c,352,1,199.0,2,3,5,235,At Risk
8de0e7de3b9206260785e2801ad4174c,395,1,56.99,2,3,3,233,At Risk
8e0b3f06cbb3a040d8861e8e74627c33,517,1,447.0,1,3,5,135,At Risk
8e11fff4e8d62db36a250d7877a8d387,328,1,169.9,2,3,5,235,At Risk
8e44f96c051e781c86cee504038ab204,402,1,129.0,2,3,4,234,At Risk
8e456c2e55b5e95118d3cef6320898f2,593,1,64.5,1,3,3,133,At Risk
8ec41fc3338981457991774ae5e07ebf,415,1,222.76,1,3,5,135,At Risk
8ec49be0447d11c4deb5fcdcf43407cc,318,1,143.8,2,3,4,234,At Risk
8edc35218531d9a052c6e1f0d1327e6c,359,1,189.9,2,3,5,235,At Risk
8ee4fb8d09197a94094f4161e1f2dd2c,379,1,0.0,2,3,1,231,At Risk
8efb58212e41c40b208733edaf5b05c5,454,1,59.9,1,3,3,133,At Risk
8f060d52f9c6e9244dc0cba5951bb6ff,384,1,35.9,2,3,2,232,At Risk
8f09add4b8d8c9c4311d881d29b8d58c,610,1,117.3,1,3,4,134,At Risk
8f0d8cb981650f6d9dbcaf4de337a666,344,1,97.9,2,3,4,234,At Risk
8f1103e442c01c9b49dbf79dfabbec6c,350,1,69.9,2,3,3,233,At Risk
8f24365a46f82ddd0cef7893319a40d5,353,1,149.9,2,3,4,234,At Risk
8f8091461440c0b33061e07bce1ccf4c,434,1,22.5,1,3,2,132,At Risk
8f8447f07ee76dbba29670a88b650e0e,480,1,89.81,1,3,4,134,At Risk
8f9803fd3ad8ea0dc070cd6c12552d2f,408,1,29.0,2,3,2,232,At Risk
8f9cee5695fc39c8baa514b8df4aff34,429,1,129.99,1,3,4,134,At Risk
8fa3d0eb5d7ab8281633fcc3347040cf,433,1,0.0,1,3,1,131,At Risk
8fa9794287d53baf3d08e2fd2d73a44f,367,1,59.9,2,3,3,233,At Risk
8faed9f9905a7647bb40da044ebcd769,546,1,29.5,1,3,2,132,At Risk
8fb49ea1ad7041840fae00d1d771a3e8,396,1,73.6,2,3,3,233,At Risk
8fbdbbd660038497768d62fe719a7919,297,1,29.9,2,3,2,232,At Risk
8fbeb42e8fa02b1b0eeb50462bb017c5,497,1,140.9,1,3,4,134,At Risk
8fd802004eab9c8e3b1ad745f1a1ec16,364,1,0.0,2,3,1,231,At Risk
8fe805d171f920bf0ae393368aad5316,360,1,23.99,2,3,2,232,At Risk
8fff3b532485857c98657608571d25b9,298,1,67.5,2,3,3,233,At Risk
9011b2e0f1e26f56cbeef0be6a5f3a66,326,1,250.0,2,3,5,235,At Risk
901d27d10636296091d72776b42cd545,389,1,389.0,2,3,5,235,At Risk
9036e7b35a52262f5b0c34454bf58490,346,1,359.0,2,3,5,235,At Risk
903fccb1294b588a6c82921ca23acd0d,599,1,129.99,1,3,4,134,At Risk
90422f757609ade507467f9175567361,466,1,45.0,1,3,2,132,At Risk
905d0a37ae98ffa3bf7ef2ff9bafabeb,356,1,36.0,2,3,2,232,At Risk
9062d3e575a476f5f3ffa8abf125fd42,356,1,17.99,2,3,2,232,At Risk
90b69fcf7c294886b054fec2fe0e1605,514,1,195.0,1,3,5,135,At Risk
90c2607a022b5434ceda7bce15da1fd6,386,1,196.36,2,3,5,235,At Risk
90c329efbf418634b40f4a2a75d9331e,401,1,209.8,2,3,5,235,At Risk
90ca9674e65ff6b418a1b8063afc60a1,591,1,0.0,1,3,1,131,At Risk
90d252896f5ec316079467e97daf46c9,338,1,0.0,2,3,1,231,At Risk
90df730a12d231d7e596d2f0f314b86d,295,1,68.8,2,3,3,233,At Risk
915ea9bfa106272fe935fa19eda98e79,504,1,59.9,1,3,3,133,At Risk
918c23fd6877b15e6a327ec6db648c53,388,1,0.0,2,3,1,231,At Risk
918dc87cd72cd9f6ed4bd442ed785235,377,1,99.0,2,3,4,234,At Risk
9192e9abd35fd0d8d7a4c2e12464c277,353,1,39.99,2,3,2,232,At Risk
919b613e7aa171cb4ca017c049fbc5da,347,1,0.0,2,3,1,231,At Risk
91bf75e59fcf67ee0dcf6c76f80948fa,298,1,699.0,2,3,5,235,At Risk
91c07dc37131bc40becfbbfab632412d,491,1,0.0,1,3,1,131,At Risk
91d4f8b0aec5e3c3fb6e9cb4be401617,574,1,99.99,1,3,4,134,At Risk
9214e96f2105b508095ca10a1cc7fc48,299,1,65.0,2,3,3,233,At Risk
9226c66cd4f63455591508fe5157a0b7,355,1,19.9,2,3,2,232,At Risk
9290e3b0f0fe3e660c4de619c1640ac9,377,1,319.98,2,3,5,235,At Risk
9295d6a619a0b00cc7e1904d19a1558f,331,1,31.9,2,3,2,232,At Risk
92af805fe5fb8c37dc920eb1a6e23a19,306,1,79.9,2,3,3,233,At Risk
92c1a23b2c64ce441ee42b3299aca206,308,1,166.99,2,3,5,235,At Risk
92c6a8e312c4323a536b0775c339af22,313,1,59.4,2,3,3,233,At Risk
92ea66675d0557a6ededd9af85a9e758,438,1,104.99,1,3,4,134,At Risk
92f65b75e3c4a45c14f410b4aac4db69,443,1,90.0,1,3,4,134,At Risk
93027a697145bb67a134f56e9a3f0d9a,602,1,39.9,1,3,2,132,At Risk
930c4390af58f67334447c3a1cf2ba36,561,1,0.0,1,3,1,131,At Risk
930dfe46b364af81db0fb4828bce74c9,322,1,189.0,2,3,5,235,At Risk
932afa1e708222e5821dac9cd5db4cae,493,1,59.99,1,3,3,133,At Risk
93306f34527f7d6cd7d0b98cfeb04c12,304,1,109.9,2,3,4,234,At Risk
933187b833ec65e129ddc8cd3506d25b,314,1,199.99,2,3,5,235,At Risk
934e91b0e98dbbeb3649cb1091cca051,303,1,45.9,2,3,2,232,At Risk
937c0e5ed5ad1aff057e91d1803bb9d0,535,1,18.99,1,3,2,132,At Risk
937f16b584dd395ce455ef468322b27f,381,1,45.33,2,3,2,232,At Risk
93912813ad240dc44785cf76e5250fa7,333,1,259.9,2,3,5,235,At Risk
93b4c8bdafa9877757c77b519415d274,512,1,44.0,1,3,2,132,At Risk
93e2f0058eaec3d5ec8ac7788e7580ea,356,1,69.99,2,3,3,233,At Risk
93ef6d0d094718bcd554c569e61b2271,307,1,0.0,2,3,1,231,At Risk
93f420e37d92cd7518e2b6c5db4cd95c,363,1,101.99,2,3,4,234,At Risk
940479e512430562ff270c006915e19d,298,1,80.99,2,3,3,233,At Risk
940a6d4dabbb99c70905981432242887,443,1,56.9,1,3,3,133,At Risk
940b5d5aac34067485a393d6c465d974,380,1,45.99,2,3,2,232,At Risk
941254873ba3ece63e297277436e4c36,302,1,35.0,2,3,2,232,At Risk
942d60a6cd4807e14c25c6917c421d37,370,1,49.0,2,3,3,233,At Risk
943f97d1d9328970b78dbb3202a605ce,348,1,188.0,2,3,5,235,At Risk
9459c6a0c2fac25ee571ab4d9f18757b,447,1,55.13,1,3,3,133,At Risk
94742cd1fbac9146be7e2a139b63e13c,427,1,31.9,1,3,2,132,At Risk
9476d63d5d33e182ed23f661fda9214b,605,1,0.0,1,3,1,131,At Risk
947a5da60e834a0492f55ad6e139a9d3,368,1,34.9,2,3,2,232,At Risk
947e93a9bb28256adebe49f78cff07ad,477,1,34.9,1,3,2,132,At Risk
949921a7831eb8901f75baf57d1853bf,484,1,0.0,1,3,1,131,At Risk
94a19681bf6faa3c6ce3e2df1c2d97cb,361,1,239.6,2,3,5,235,At Risk
94ba28dc43c39def8999885a3672a0d7,509,1,0.0,1,3,1,131,At Risk
94c8b4de468c39e3e5f5ceb05345b166,419,1,0.0,1,3,1,131,At Risk
94e024f6fbb931bf320b49b2827d10f7,476,1,59.99,1,3,3,133,At Risk
94e1021adca360fa21be9b9f5b18bd24,388,1,79.9,2,3,3,233,At Risk
94e27bbbd8a0433df936d73d43600471,384,1,610.0,2,3,5,235,At Risk
94e5ea5a8c1bf546db2739673060c43f,715,1,54.9,1,3,3,133,At Risk
9506d0f37838eb6943346ba4874834b7,406,1,69.9,2,3,3,233,At Risk
950756be397d0fc73e96b1a32287cd38,376,1,234.0,2,3,5,235,At Risk
9508ac36eb0d09bf42d525bd6c5980e9,353,1,39.9,2,3,2,232,At Risk
950de1bbee57641b7bda4d938a44d3bc,403,1,79.9,2,3,3,233,At Risk
9511a8b6963aabf3f8c18a4963176fc0,364,1,36.9,2,3,2,232,At Risk
95160caf14611a705759de6bf13555b6,431,1,119.9,1,3,4,134,At Risk
9526faf43eb079ae6eb94cd2fd8982c6,606,1,0.0,1,3,1,131,At Risk
952c5cea601c077ed3c16fd51c7ab7e6,548,1,0.0,1,3,1,131,At Risk
9532739f71e34aebe8bb016543c78d86,415,1,365.8,1,3,5,135,At Risk
9544b1decca86f03f02f866558835309,343,1,0.0,2,3,1,231,At Risk
95491ff89ba2c7099a1ecb4464310169,586,1,0.0,1,3,1,131,At Risk
954927eca70a641fc232cf5cd840d640,372,1,109.0,2,3,4,234,At Risk
956ea737391c0ca027592dd7aeeae027,297,1,379.8,2,3,5,235,At Risk
9590bf3ae28a0847507733e5424c83ce,445,1,99.9,1,3,4,134,At Risk
95a5e51e60e6e7968dbfa0a829149b13,523,1,0.0,1,3,1,131,At Risk
95ae9ff17e664d7e83d3d685e78935da,485,1,109.9,1,3,4,134,At Risk
95c673245afd9e175e46590ea80fd159,334,1,34.9,2,3,2,232,At Risk
95cfb39a7e263160308a934e42cfc4e0,305,1,59.9,2,3,3,233,At Risk
95d06f61e0faf171d4c0cdb73a066027,539,1,0.0,1,3,1,131,At Risk
95e3c8fd4233b735843cfa9f150ce487,306,1,149.99,2,3,4,234,At Risk
95f153d8bb0e8f8fe581b91d39c3aa4e,300,1,120.0,2,3,4,234,At Risk
95f270e7d1d60bde8031dc0c058558e0,549,1,30.0,1,3,2,132,At Risk
96061eae11cddc402d00e19b38507268,343,1,55.6,2,3,3,233,At Risk
9625dbb5638f8509d01ce8a4e5708395,566,1,72.9,1,3,3,133,At Risk
962d26025128e8e5ca4406d754e5c25f,488,1,42.99,1,3,2,132,At Risk
9676b88a7dd5de3db5ded00d7d36f1b0,498,1,292.0,1,3,5,135,At Risk
96af463b7f8aac5426aad0db88d95274,353,1,34.2,2,3,2,232,At Risk
96b9e8f4f6d0a7376c9ee9e954e40897,340,1,56.99,2,3,3,233,At Risk
96cb02f68234a742dc681f7a5c4d707e,589,1,109.0,1,3,4,134,At Risk
96cdc1ea3aa898de11cf8823cf6e1524,296,1,21.15,2,3,2,232,At Risk
96d0f06710800d0c4defd88cd710ceb5,410,1,152.15,1,3,5,135,At Risk
96d46a4d4732662278058f25829de976,300,1,0.0,2,3,1,231,At Risk
96e047d0f9de88ca34c9005565fbe03e,385,1,23.8,2,3,2,232,At Risk
96e7c164f57fe5210f73c9ab17da3080,525,1,0.0,1,3,1,131,At Risk
9704398cbe84e5bff3a4f84534d401b5,322,1,45.0,2,3,2,232,At Risk
9716aa0359703cd7753c5696c45823e0,318,1,45.04,2,3,2,232,At Risk
9722ccc43ea288edb47eb7a2456df589,428,1,79.0,1,3,3,133,At Risk
972982ede3727673962ae6e5ae515166,343,1,85.0,2,3,3,233,At Risk
9739e5179f34b3e3ad589f4b4694ed76,296,1,274.9,2,3,5,235,At Risk
974444820df2071adf9a67db0a5a29d9,323,1,37.98,2,3,2,232,At Risk
9749e3b7d02a7194473d5a6784071186,382,1,0.0,2,3,1,231,At Risk
975da430d73b2d8b52bdb335a32b5a3f,310,1,34.99,2,3,2,232,At Risk
9767fb7a2413384345496c4ba8420ec3,402,1,49.9,2,3,3,233,At Risk
977136c10acb01bd9cecb7d18ff7d1a0,585,1,69.98,1,3,3,133,At Risk
97890020fca3adcc29f8daa54701e0dc,504,1,34.76,1,3,2,132,At Risk
978b2c4adaf76833873cf3f16c08882a,433,1,54.9,1,3,3,133,At Risk
97a502d1eddd99e0765df4eebc950f31,573,1,119.69999999999999,1,3,4,134,At Risk
97d5a3c222d46b035442bcbcd810d54d,529,1,54.98,1,3,3,133,At Risk
97de814c468893e08c96ec1575ff80f1,308,1,0.0,2,3,1,231,At Risk
97f7109a3e97ce0599ed97792845e21b,494,1,0.0,1,3,1,131,At Risk
980097869b622b2054accc551ed1c86f,305,1,119.6,2,3,4,234,At Risk
98104cabacc1799825ebdd3932df84d3,529,1,0.0,1,3,1,131,At Risk
982dd12913a636c1b844398791910907,299,1,99.9,2,3,4,234,At Risk
983a8046e2c04b5b3afb5ff0faf19c29,546,1,84.99,1,3,3,133,At Risk
9849752e9f7a2aa67acc5ec6a5eb4725,392,1,89.9,2,3,4,234,At Risk
986bbef397a31081e35344fcb2c7fb24,296,1,152.98,2,3,5,235,At Risk
9883b261732b8f3e389e6b2e66e3898c,497,1,145.0,1,3,4,134,At Risk
989678100dbad0f75fedaa8719e17009,301,1,0.0,2,3,1,231,At Risk
989f190ff791de092cea2eab70bdd2af,432,1,0.0,1,3,1,131,At Risk
98b69c34f0422d2e025280b55531166e,396,1,0.0,2,3,1,231,At Risk
98ebd9f03682fedae27483d82a18f4f4,359,1,85.9,2,3,3,233,At Risk
98fc5953df36cdfa978a40098b8589e3,548,1,249.99,1,3,5,135,At Risk
98fe78f31c97fe5bea79c47254f5d13e,505,1,49.0,1,3,3,133,At Risk
9915eb9f74b6c11aaf04833f65b00e93,344,1,895.0,2,3,5,235,At Risk
991b34b2a28841c492dd1f8567935ced,308,1,35.9,2,3,2,232,At Risk
992143aff0c52bffd8d709bd00f57465,516,1,164.33,1,3,5,135,At Risk
99295d295510266e4145b6c536cac816,475,1,149.99,1,3,4,134,At Risk
9930a089a21d7d6754347faf03001f6f,594,1,0.0,1,3,1,131,At Risk
993d9a0e5fd88247da657a4c85fe72b0,346,1,0.0,2,3,1,231,At Risk
9949e007c1f037474a3423372cccb701,461,1,0.0,1,3,1,131,At Risk
99798150431ad173fa5e31d53ff08a7a,301,1,168.8,2,3,5,235,At Risk
99979929ca27d42627ac1176838eda6c,475,1,0.0,1,3,1,131,At Risk
99b8ee09d642ffedf091951a7235faa0,458,1,39.8,1,3,2,132,At Risk
99bd83b8cefdaa2b4b9e24df303999e5,301,1,19.99,2,3,2,232,At Risk
99da07e0f4c905ababa637f19e0840e0,501,1,53.8,1,3,3,133,At Risk
99e1c1df6a737fea3658ca705b8f374d,499,1,0.0,1,3,1,131,At Risk
99ecf7e96d410a094bc95f5d3cb9d98f,299,1,99.0,2,3,4,234,At Risk
99f795fe81425dadda5f35f1f8f443f2,518,1,138.0,1,3,4,134,At Risk
9a0fc263e91c9a11390639075ebba93f,399,1,0.0,2,3,1,231,At Risk
9a364f4958e8576bc20ab141a760a18c,311,1,83.23,2,3,3,233,At Risk
9a47f3ac5c51599a24bb848c16ece5f4,606,1,636.0,1,3,5,135,At Risk
9a58c55c10b4eb6c69fb0874d8beb466,415,1,29.99,1,3,2,132,At Risk
9a6ebfbeb5d9f2d280e3c872b750fc39,427,1,279.9,1,3,5,135,At Risk
9aaa58547a3afbd11e2b63af4770f688,545,1,0.0,1,3,1,131,At Risk
9aace06a372bf894a10503c19033c2ec,347,1,388.9,2,3,5,235,At Risk
9aba54994850ca5befd6f16384e925b2,478,1,99.99,1,3,4,134,At Risk
9ad4f9335cac4ef80ebf85ce93dee011,533,1,69.0,1,3,3,133,At Risk
9aef79c3325221159248a8dd338948be,491,1,27.9,1,3,2,132,At Risk
9af5c954a7ab7b453446a4dceaa18de7,366,1,0.0,2,3,1,231,At Risk
9b63dad3d78b17032fe82c25b368be51,512,1,89.0,1,4,3,143,At Risk
9b76c588a7a8d495bce4f71d2559d3ee,526,1,99.9,1,4,4,144,At Risk
9ba6f0967ff9aede8d95fba7c2ac54ef,539,1,34.9,1,4,2,142,At Risk
9bca37310a1cc59159af130954a00334,301,1,58.0,2,4,3,243,At Risk
9be795e932593ec0c21cdfa19799b5cf,359,1,43.0,2,4,2,242,At Risk
9bed676175d3561a1610ac36f878be37,343,1,0.0,2,4,1,241,At Risk
9bee7cfdef5ae8cc38f95568d8aaa499,332,1,0.0,2,4,1,241,At Risk
9bfc3238f6d84a036965adb6cb484013,428,1,0.0,1,4,1,141,At Risk
9c101a1e40d02a431e8f6e0008529772,318,1,265.0,2,4,5,245,At Risk
9c24e88d9c048db2933562f4457dae3a,298,1,99.0,2,4,4,244,At Risk
9c393fe938ba64832b626e908d5c98f6,378,1,108.9,2,4,4,244,At Risk
9c3b8b30a6b28a14aa21e3ecaf2fadf8,422,1,0.0,1,4,1,141,At Risk
9c799fbb60c13bcd545925514dcfcbad,465,1,69.9,1,4,3,143,At Risk
9c7bc34fa4b2fd8e3f132a6337ba8828,310,1,119.8,2,4,4,244,At Risk
9c9ac56ba685050163c38688a26ba66b,484,1,269.9,1,4,5,145,At Risk
9c9db9057b02a4a1eb0d79e7caa1120f,419,1,69.9,1,4,3,143,At Risk
9ca1922fbd76be0c0045625cf3f04daa,585,1,0.0,1,4,1,141,At Risk
9cc4ffe9017eb8c8a33ec9b04d573f15,482,1,240.0,1,4,5,145,At Risk
9ccff5067614ac5510320fed6e4dda46,603,1,59.9,1,4,3,143,At Risk
9cdfe712401ae2a44d3056afbc2b77a8,606,1,310.9,1,4,5,145,At Risk
9d0755875c89125946b738c348527509,386,1,29.9,2,4,2,242,At Risk
9d2b062dc07734a1d7053478a7e83280,302,1,39.8,2,4,2,242,At Risk
9d62781deeb1060adc0f47a86d4a2ef3,503,1,104.9,1,4,4,144,At Risk
9d687a1e1a93c3d1788eaf38b05e0040,485,1,99.9,1,4,4,144,At Risk
9d7a7819f035595c50c85e4ec22308d0,322,1,0.0,2,4,1,241,At Risk
9d962709ced8c31f3b89ac1cadab00ba,431,1,149.99,1,4,4,144,At Risk
9d9ab3b77f0416765b3fbedf94a942a4,386,1,0.0,2,4,1,241,At Risk
9da055c652848f95e07a0614689cf705,502,1,97.5,1,4,4,144,At Risk
9da3069306d3a92c5c835bcfa0610d27,596,1,79.9,1,4,3,143,At Risk
9dadf198dd249e1f37323eab5c877c20,406,1,49.95,2,4,3,243,At Risk
9db9c8afd749185bdf80b8875b526ac7,414,1,45.9,1,4,2,142,At Risk
9dc44558922ff57d14d99f20d37f440f,459,1,0.0,1,4,1,141,At Risk
9dcdb9030f26f35185c5c94a5f46f0c5,372,1,169.9,2,4,5,245,At Risk
9dddffdd447ab3aa654122a6a1049906,602,1,0.0,1,4,1,141,At Risk
9ddffcc1c50f3ffe02ff8b5b7a7e2d3a,547,1,34.0,1,4,2,142,At Risk
9e1fb6b16c75bcaecc2ee20b775ef613,577,1,39.9,1,4,2,142,At Risk
9e212e7b5a0904360d7c0b1378e8ad38,428,1,279.0,1,4,5,145,At Risk
9e31af3a959762dbcb33efebc315745e,480,1,89.9,1,4,4,144,At Risk
9e651745bfd1fd007bed5a7053561a82,301,1,74.9,2,4,3,243,At Risk
9e68775971541ca8a79b6fce848e7aee,319,1,121.9,2,4,4,244,At Risk
9e7549e4656b62a8623342de7d758093,313,1,129.8,2,4,4,244,At Risk
9e7a39dbb0cf16617bd4bf207c32989f,568,1,110.0,1,4,4,144,At Risk
9e7b0067b40b164e01731e084fbb595a,300,1,129.9,2,4,4,244,At Risk
9e8876439507a7c603809927dd6ef09d,361,1,59.9,2,4,3,243,At Risk
9e89d2232df792cde636a47212a9f2bb,452,1,109.9,1,4,4,144,At Risk
9eb1e6e4ad8e8e4a87dc87fda7e002a4,388,1,69.0,2,4,3,243,At Risk
9eb98592b8f2aad88bc937c857ea9a35,523,1,26.9,1,4,2,142,At Risk
9ee554a619106eea8aad534209f8b566,474,1,89.5,1,4,4,144,At Risk
9eeaf54f02f98c43be6b0d01e3978660,315,1,169.88,2,4,5,245,At Risk
9eedcaf541a8a393248b2017afecf694,343,1,118.0,2,4,4,244,At Risk
9eeffd87f2e7056cd68c3896802919b5,439,1,269.0,1,4,5,145,At Risk
9f01a3d51b4c25b9298fae675053c4c6,455,1,104.0,1,4,4,144,At Risk
9f25bf3abc2308165affa650cd99d5a8,311,1,25.9,2,4,2,242,At Risk
9f269af9c49244f6ba4a46985a3cfc2e,382,1,125.9,2,4,4,244,At Risk
9f41be4770ba8418526ed3773650314c,438,1,99.7,1,4,4,144,At Risk
9f54b233b9ad5b53537a0eea4b718ed6,333,1,76.8,2,4,3,243,At Risk
9f5c219d3a2c143182670f3f363ac039,496,1,31.8,1,4,2,142,At Risk
9f65b22046ff3281527d2c66debd30c3,465,1,397.9,1,4,5,145,At Risk
9f6aec2e1d2373c0533bb0302cb79c0e,353,1,99.0,2,4,4,244,At Risk
9f78539e463a477b0a4855fce8ddb10f,473,1,25.99,1,4,2,142,At Risk
9fa091c9a55e4a6dcb8d2c009bade5c5,516,1,89.9,1,4,4,144,At Risk
9fdda3b176806e4447ead693e25ee82a,331,1,25.99,2,4,2,242,At Risk
9fe43a8003212045cfc073c5fcfece09,300,1,79.99,2,4,3,243,At Risk
9fea70e31334be94bc66a683ceeea2f7,553,1,34.9,1,4,2,142,At Risk
9fec5bf436533b92a3f6e2c8d974ab5f,441,1,659.0,1,4,5,145,At Risk
9fee5c4674933153365209149efdded7,350,1,64.9,2,4,3,243,At Risk
a00a13ac36037d575bb016caf8f50d53,541,1,38.5,1,4,2,142,At Risk
a012ae83a5e3214d951efa46b8e190fc,488,1,89.99,1,4,4,144,At Risk
a0361c0779cda9416bf7aba3a0f7884b,405,1,0.0,2,4,1,241,At Risk
a03bed47efff02de7b59d0da789f0dcf,318,1,759.99,2,4,5,245,At Risk
a05e40352c8b77d9b06426ee54764a5b,444,1,0.0,1,4,1,141,At Risk
a0628933453581e07788fb3d5eb1cd28,446,1,0.0,1,4,1,141,At Risk
a0bb13c6e9da8e2d1af6d0b8d5b61cd1,420,1,0.0,1,4,1,141,At Risk
a0bdbb9ab9c09b5a534cdac6c1809527,404,1,0.0,2,4,1,241,At Risk
a0c241dec798f1624d120b0be72d7377,388,1,89.69999999999999,2,4,4,244,At Risk
a0f7b767e9567e75fe3f960cc6a6bd61,406,1,0.0,2,4,1,241,At Risk
a10c0d1e68e919e3d91ed940a0ba6aed,368,1,0.0,2,4,1,241,At Risk
a10de9d953278e90b352cb3def7f2b12,541,1,0.0,1,4,1,141,At Risk
a127d16055b7a1530476349068e3a64b,390,1,59.9,2,4,3,243,At Risk
a141cad9daad0a5e00543b930e249b48,313,1,0.0,2,4,1,241,At Risk
a160f2a63e7a2d7daa27f7e23c5a7d8e,513,1,89.9,1,4,4,144,At Risk
a1a60b6cdb7de4b7251eab4f0ca8878e,378,1,0.0,2,4,1,241,At Risk
a1f4501b013e52ed0dc689e52cc923a2,578,1,119.99,1,4,4,144,At Risk
a20a396493d66fbde2790f5e995ff20d,301,1,115.0,2,4,4,244,At Risk
a215252cef9364dc0c15c45beba9b50d,389,1,67.1,2,4,3,243,At Risk
a22b61bc4027dbae0e9f26fb76e06b58,538,1,49.9,1,4,3,143,At Risk
a240a9655aafa0ae6a34aa75822e6d98,397,1,34.6,2,4,2,242,At Risk
a24b6a5a883426cbe71b43fd0a3d508a,300,1,147.0,2,4,4,244,At Risk
a24f58c1677245a026f0c065992a42db,444,1,144.9,1,4,4,144,At Risk
a2580d4b7f5471bf5e8352446ba6628e,373,1,349.9,2,4,5,245,At Risk
a26120ec5834b1430157835a1814c372,390,1,26.9,2,4,2,242,At Risk
a26863f4bec97ff62ddacb4986543e03,375,1,199.9,2,4,5,245,At Risk
a26e07ee73082b847d16239481de39be,422,1,69.0,1,4,3,143,At Risk
a26f0c0f1bfad5d305a5351ee3638b09,301,1,179.0,2,4,5,245,At Risk
a27e975561b1ef329059939171c34394,298,1,0.0,2,4,1,241,At Risk
a28d638176b676da7764c544dd335cbb,329,1,8.5,2,4,1,241,At Risk
a28f925403b733be252893d297ffcd69,299,1,84.99,2,4,3,243,At Risk
a2a9e6be1091b22195b652b01a316bd5,303,1,259.9,2,4,5,245,At Risk
a2b769288a2aaa41e38702fcbf9205bd,511,1,49.0,1,4,3,143,At Risk
a2b7cc06bc8ec4c9fda046dc4e344201,532,1,59.9,1,4,3,143,At Risk
a30be234246fed38afe084a19a6cc015,503,1,22.9,1,4,2,142,At Risk
a31bb581ee0192bd2e1976819384d4a5,457,1,699.0,1,4,5,145,At Risk
a3784be0a99a72cf41fe1b05298673dd,298,1,49.9,2,4,3,243,At Risk
a38acbb1f0ca4266b66805e1350f346d,330,1,114.94,2,4,4,244,At Risk
a39d1d1c60d50d29917037ad922ec1aa,367,1,89.9,2,4,4,244,At Risk
a3abc342b784863659ca724bd6b20615,430,1,0.0,1,4,1,141,At Risk
a3b14b09ee78619350083da5c35f0193,331,1,24.5,2,4,2,242,At Risk
a3bde85f64f8d689916f7b44f199d874,295,1,139.0,2,4,4,244,At Risk
a3d335d8dd759126b58367c6053bb20a,299,1,60.0,2,4,3,243,At Risk
a3e0645de7adef05c1ed21b997efa4c3,305,1,89.9,2,4,4,244,At Risk
a40096fc0a3862e9e12bc55b5f8e6ab2,344,1,0.0,2,4,1,241,At Risk
a4030b5e97ffc14114e66d82df860f6f,550,1,19.9,1,4,2,142,At Risk
a41b86830f14039dc56fb5a1879879e9,364,1,35.97,2,4,2,242,At Risk
a41edae49cb4cc536dcb71057d582185,545,1,84.99,1,4,3,143,At Risk
a478bdead0b1c1c119d35606124b6c75,374,1,18.9,2,4,2,242,At Risk
a48dc9ff5e16f55336756967c43d7431,563,1,0.0,1,4,1,141,At Risk
a490d5875edefe9bb8f5101ec2f6b56f,389,1,0.0,2,4,1,241,At Risk
a491257f319cd02d337c77bafc75c7e3,568,1,56.99,1,4,3,143,At Risk
a4ab5f34ede13ac71145acd2fe5447d5,420,1,45.33,1,4,2,142,At Risk
a4d6f5e61e07e006e41e7ec382f3db1b,319,1,0.0,2,4,1,241,At Risk
a4f95f05ed4ec25d67125811b5c78e2f,420,1,29.9,1,4,2,142,At Risk
a4ff7f3161bd56ef7518647f4e14ca9e,433,1,389.9,1,4,5,145,At Risk
a50062ee8cafa20668d7fb68e3cdb3cf,544,1,49.9,1,4,3,143,At Risk
a50a18d0f932c1cf1dec68cc1d281d8a,409,1,14.9,1,4,2,142,At Risk
a50f021eb5aff9d4b0538153eeda36cd,529,1,125.0,1,4,4,144,At Risk
a51c9e87de4b204e26e777faa7116b97,313,1,379.8,2,4,5,245,At Risk
a52b3ae9d3d7dae0c9e95b38df437a30,295,1,46.99,2,4,2,242,At Risk
a5383a6d51465659e9153a2a6045e3b1,444,1,658.9,1,4,5,145,At Risk
a54ac085fc21d6fee207ddc23554a93e,299,1,49.39,2,4,3,243,At Risk
a577a200a23467257794210152357aab,318,1,0.0,2,4,1,241,At Risk
a577a79cf9dde79841a2b42bc7d0e6c3,524,1,79.9,1,4,3,143,At Risk
a5915d92773335107130a2d1e0c5a91e,605,1,139.99,1,4,4,144,At Risk
a5baa76c04eea8a1a3c199cb05abc4a2,506,1,229.9,1,4,5,145,At Risk
a5c06fe695471f91fec7c41754645061,595,1,59.9,1,4,3,143,At Risk
a5c806ebe5b25d0ab1e7f0da0e17d6bc,525,1,0.0,1,4,1,141,At Risk
a5cad0a33504fb5b9725ac33ed686359,714,1,59.9,1,4,3,143,At Risk
a5d3bfee5b23b430b95c4ae295e1028a,606,1,49.5,1,4,3,143,At Risk
a5da7637d11ba152cd56fe66d82cf39a,412,1,0.0,1,4,1,141,At Risk
a5e0ad284b56e1ff925d76689048062c,550,1,39.0,1,4,2,142,At Risk
a608b2986016a54588f7fd3cbbac7db9,431,1,59.0,1,4,3,143,At Risk
a6168cd79131e64acef92e3c74d6cc43,300,1,27.9,2,4,2,242,At Risk
a61c0dd1c6585331dddfa81976d59cb7,533,1,59.9,1,4,3,143,At Risk
a620d8d041bb2d82707eaba9f669d861,519,1,29.9,1,4,2,142,At Risk
a62cda00aad21580d0c58e1f8d92692c,362,1,0.0,2,4,1,241,At Risk
a62d2ca7ae7396cf26c0593a7629b341,296,1,309.56,2,4,5,245,At Risk
a63a604179f2fecfdb7bc4a23ea78e37,411,1,6.0,1,4,1,141,At Risk
a63a8455ffde297045a6d401a48ce79c,429,1,95.15,1,4,4,144,At Risk
a655539d1946324cc7a22fd0085cc384,407,1,45.8,2,4,2,242,At Risk
a661d43970d1e807044cd5a3b43bd7db,331,1,169.98,2,4,5,245,At Risk
a670b3a4c5a4977353746e8f504898d5,423,1,266.9,1,4,5,145,At Risk
a674f8c319c74292f388cde186585856,316,1,399.0,2,4,5,245,At Risk
a68d6423acbccbd710490c25327f1fdc,307,1,169.9,2,4,5,245,At Risk
a692e44c6c28b092fcdbda898ec15965,298,1,139.99,2,4,4,244,At Risk
a6a0c8dce941954d5db099a5f472a1f9,395,1,39.9,2,4,2,242,At Risk
a6ba026e341252f5e41461043458bf61,308,1,299.99,2,4,5,245,At Risk
a6bcc453eea84685eef876b96b82c58a,464,1,99.0,1,4,4,144,At Risk
a6cba42f65ca310f74bcee5d8708819d,555,1,34.9,1,4,2,142,At Risk
a6dc60809996163bd50c7ee4316b5707,428,1,0.0,1,4,1,141,At Risk
a6ddea592cbc5da9970a9a9803c07347,413,1,179.8,1,4,5,145,At Risk
a6e10bbbfb7af7122f5feb0f19268baa,318,1,0.0,2,4,1,241,At Risk
a6e6d1405cfe3bf27d153f4ce68cdcab,402,1,39.99,2,4,2,242,At Risk
a6f05f77ad475fa43a454923be0c97e8,715,1,22.9,1,4,2,142,At Risk
a6f5c8508826807c40ac30fcf62c1a49,400,1,0.0,2,4,1,241,At Risk
a725f9b4c552a95b981d51435ec1cd43,466,1,39.9,1,4,2,142,At Risk
a72dc4d599f84d18327c83df876c3460,441,1,56.9,1,4,3,143,At Risk
a74057eb042b356fed179ed2a6d2311d,492,1,17.38,1,4,2,142,At Risk
a748aca2d90096157cad166dbfd7b4b1,584,1,18.99,1,4,2,142,At Risk
a74e70b31bf20fc9cf484b9b8a52fd2d,366,1,65.9,2,4,3,243,At Risk
a7657330b1c135f3acd420326e335b2c,490,1,239.95999999999998,1,4,5,145,At Risk
a78c7a68877d33bacf81b01bc4a4d2f2,507,1,47.99,1,4,2,142,At Risk
a79678c360b11a982dfdb55a42778e88,396,1,59.9,2,4,3,243,At Risk
a79f018f214e99a7551fd6efea6e2c4d,331,1,40.0,2,4,2,242,At Risk
a7a6d8b62390ec8014d5a46ee36644c4,544,1,8.5,1,4,1,141,At Risk
a7ccc365cfd2ab4b8dfefd507b3e9efb,347,1,185.0,2,4,5,245,At Risk
a7d144c6e95247107266ca9aa16468c8,413,1,51.92,1,4,3,143,At Risk
a7d455cd9a8491ada2404b1dbcb00181,576,1,0.0,1,4,1,141,At Risk
a7e7b19ff34ab885f7b7331de2417cf3,371,1,113.98,2,4,4,244,At Risk
a7f2edcd60f0eeb573b439042bcad226,466,1,1104.44,1,4,5,145,At Risk
a7ff34c63e34b438ff4b1789b8ab23a1,301,1,239.99,2,4,5,245,At Risk
a826e92cf1530ad8a2e0e2f1350ac1be,305,1,419.0,2,4,5,245,At Risk
a82935ceae6a61cc7536e9ef4b98b245,354,1,0.0,2,4,1,241,At Risk
a83f900d3642ed994cf95b2e6092f0e1,461,1,215.0,1,4,5,145,At Risk
a841a5e7147983b977e25fd23766863c,375,1,96.0,2,4,4,244,At Risk
a85fe8e2dad4dad74c7cc3f0801e8de4,405,1,14.9,2,4,2,242,At Risk
a8c76e74260deff03fc0ca524a83d121,349,1,0.0,2,4,1,241,At Risk
a8e7fb5fe211f44e99406f12c2c2a1ef,463,1,219.99,1,4,5,145,At Risk
a8ee33e35637322a81a8c26592f6ce36,446,1,0.0,1,4,1,141,At Risk
a8f33ec1604be25d407c4239cab35fe4,422,1,133.9,1,4,4,144,At Risk
a8fe0c0e9818794f48fb0379ee3ff206,373,1,149.9,2,4,4,244,At Risk
a9088d439d83c94aef38ee4846e31559,430,1,89.25,1,4,4,144,At Risk
a908f7551bf4ad06732bd84eff560037,602,1,30.97,1,4,2,142,At Risk
a918cb24d1e85182ffa5200ea39efbef,407,1,239.9,2,4,5,245,At Risk
a91e80fbe80ddc07de66a5cf9270293c,373,1,283.0,2,4,5,245,At Risk
a9287a04b9afabd737729cb3ffbf53a3,300,1,20.3,2,4,2,242,At Risk
a93b7ffb96986b7ae5bef50b9f789ed8,711,1,45.89,1,4,2,142,At Risk
a942204dbe5292ccb73d3171b6d03d54,309,1,18.99,2,4,2,242,At Risk
a946faf63af327d1dd0362b3fa3882a3,429,1,0.0,1,4,1,141,At Risk
a961e198a1d400e99c02e8f4520f763c,301,1,45.9,2,4,2,242,At Risk
a9635dae6e36a36a2985b4d083986219,299,1,91.5,2,4,4,244,At Risk
a975496624b578358d2f33cf43d8ba4d,552,1,27.99,1,4,2,142,At Risk
a9b3e69e5ac5c7701a41485dca5783d9,405,1,134.9,2,4,4,244,At Risk
a9e132df86d3c56b21d5255375dee380,304,1,138.0,2,4,4,244,At Risk
aa1dad17da0400e391f5eabb98dd5d23,422,1,32.7,1,4,2,142,At Risk
aa2630ebac79aa0c7749370b705121bc,353,1,198.0,2,4,5,245,At Risk
aa27c6ce2d6e0349d02ca3359c3cee4e,470,1,276.0,1,4,5,145,At Risk
aa2b96dd03307ea6dc4b763c0b5f0b39,355,1,54.9,2,4,3,243,At Risk
aa2ca40652b784ea8e309f01611e4ab6,297,1,69.99,2,4,3,243,At Risk
aa35650a86af4216f8a8a5c90339bdd7,564,1,69.9,1,4,3,143,At Risk
aa3dd236d31baa02151b23daf16f4fc5,364,1,79.9,2,4,3,243,At Risk
aa6a39ce5535496e6ca5d80498515216,581,1,0.0,1,4,1,141,At Risk
aa811dd4c5b1ca28de6db905ec51ad5e,623,1,8.9,1,4,1,141,At Risk
aa89b22a058fdde1a1bd73270cfb7b74,358,1,19.98,2,4,2,242,At Risk
aa8c932576d8ba562f48505a9f25a2be,560,1,158.0,1,4,5,145,At Risk
aa9140fe3ea21e933f6da620bb720ebc,318,1,69.9,2,4,3,243,At Risk
aaa1c67c77562ad0d99806a54088fc9e,606,1,59.9,1,4,3,143,At Risk
aaace5ff396fef7571b5ae62d3dc80aa,373,1,51.98,2,4,3,243,At Risk
aaad3653532dded28b92de15ebf3ac5c,343,1,75.0,2,4,3,243,At Risk
aac6c5c4314e4c2721df1440f0ede0fd,450,1,119.49,1,4,4,144,At Risk
aae737a810a43b4b67afa921b2355784,386,1,129.2,2,4,4,244,At Risk
aaec5bd8971bcff98276f504acb38929,333,1,30.0,2,4,2,242,At Risk
aaff146bd210808c7d004a05966472a7,316,1,179.8,2,4,5,245,At Risk
ab1ab390f31be556889e96b7d19bc610,298,1,79.0,2,4,3,243,At Risk
ab25d363a5b33a527d3132d14579ca70,335,1,388.0,2,4,5,245,At Risk
ab2cb7bb06f35fc8568291b0ca36ef82,573,1,0.0,1,4,1,141,At Risk
ab736d55394003ef6b944de2cfd3de13,396,1,59.9,2,4,3,243,At Risk
ab7bed4092cc3dadbaefba86cb45f37f,327,1,39.9,2,4,2,242,At Risk
ab95fb4ed249e41bc6aa1951c79d2582,503,1,519.99,1,4,5,145,At Risk
abb30df339614118b0728ba40e31780e,373,1,95.0,2,4,4,244,At Risk
abc164f170bda3e76317237679b356b5,477,1,0.0,1,4,1,141,At Risk
abcc989c63277cbc664c1f13e1350892,590,1,19.7,1,4,2,142,At Risk
abf60c6ebc739e6f4e4319a9044073af,297,1,230.98,2,4,5,245,At Risk
ac4aeb840ae2987076143c45d465e8a5,295,1,74.9,2,4,3,243,At Risk
ac5a446b6eb92f59a152ae107604868f,373,1,7.48,2,4,1,241,At Risk
ac7d4fa6770970725c1a4cf26aba43cd,547,1,0.0,1,4,1,141,At Risk
ac90d7e8cf52394b28d880b4f174d113,482,1,399.99,1,4,5,145,At Risk
ac96769b758dad3bd572bc5e3fcb8511,320,1,299.9,2,4,5,245,At Risk
aca1aef6f605cadc149aaccefd3764b5,379,1,69.9,2,4,3,243,At Risk
acbe78066a868389c9314bdf3c6ed940,342,1,179.99,2,4,5,245,At Risk
acc4fd3bd3f9176d05bae17ad0ff1c58,302,1,39.0,2,4,2,242,At Risk
acc6272ca5228177e324bd704e24488f,489,1,42.9,1,4,2,142,At Risk
acea597872fc3f407ede7c684918d57c,361,1,499.0,2,4,5,245,At Risk
acfc41e34b586a5d6850f2a6b3ae0183,297,1,120.9,2,4,4,244,At Risk
ad1ba362b0121447945a47fe07fef188,300,1,0.0,2,4,1,241,At Risk
ad1cb06f09b27e4773870d1f76a68557,713,1,69.99,1,4,3,143,At Risk
ad2b6d1d30e0997f9fe324199b93144f,403,1,30.0,2,4,2,242,At Risk
ad364a72320b9cc9fa436bce66ef8184,366,1,0.0,2,4,1,241,At Risk
ad684122327b1b40f726af40a8b74faf,314,1,429.0,2,4,5,245,At Risk
ada75a4fe78965ba507a043fadb07ce9,338,1,70.9,2,4,3,243,At Risk
adb179736cd012663455d999399bd2b5,387,1,99.9,2,4,4,244,At Risk
adb4178cb86ee499a8aeae1f099a6bef,407,1,0.0,2,4,1,241,At Risk
adc242e8e42f58c3793a152813b35d23,358,1,39.8,2,4,2,242,At Risk
adfae35ff9b67586302b5ddb0b7897db,473,1,359.9,1,4,5,145,At Risk
ae31038af445c27b99a524dccf7ef4a0,298,1,84.99,2,4,3,243,At Risk
ae33f41c36f829c6194fdf1ba5721b88,299,1,21.15,2,4,2,242,At Risk
ae4715147897077d29135c4b99cfd5ba,353,1,159.99,2,4,5,245,At Risk
ae52fa61f27bd494a25bc4c101fa29d0,471,1,59.99,1,4,3,143,At Risk
ae6346c98b34af56ddb4f5fa73968b7a,298,1,149.99,2,4,4,244,At Risk
ae806b7c5b3dc9376b49d71f26186f3c,430,1,45.9,1,4,2,142,At Risk
ae8ee2242d25aa7f3250013adc7474b1,435,1,899.0,1,4,5,145,At Risk
aea1294c6b907b03c670cc2ddef0e056,300,1,494.99,2,4,5,245,At Risk
aea223346a5f80ca5f8c6f5a1a4e5e78,494,1,0.0,1,4,1,141,At Risk
aea3fa1fa5d8971c35a15b3e836e6d8d,539,1,69.9,1,4,3,143,At Risk
aeb8478d4eba0ec09751b4c9341b3cac,323,1,91.78,2,4,4,244,At Risk
aebe3f38304de1aaa4b5e664f41d15c7,444,1,0.0,1,4,1,141,At Risk
aec26dc2c2b036799619e965e1b3f8e5,451,1,26.9,1,4,2,142,At Risk
aeea6bfadfe45feabb1b8c9044547391,420,1,75.0,1,4,3,143,At Risk
af1020711ed5210a7cd8681262848eca,387,1,0.0,2,4,1,241,At Risk
af1ff1787969f2ed8bb7476d58167835,551,1,75.0,1,4,3,143,At Risk
af35a761f81127a5c9de882f7bf9af93,391,1,77.94,2,4,3,243,At Risk
af42b7fb8707f6e42736d04d2073e2e2,446,1,89.9,1,4,4,144,At Risk
af5c42fb895556a17adafcee7fb7ebe1,385,1,0.0,2,4,1,241,At Risk
af5e9dd2db7d2ad0a110f3a4b02fd783,372,1,0.0,2,4,1,241,At Risk
af6df407c49dc18d7cca128229204fe9,583,1,0.0,1,4,1,141,At Risk
af70cd6337ae27de089c616dad39bea0,369,1,0.0,2,4,1,241,At Risk
af74995bb6b6c462ae5f865ba234eadb,362,1,79.0,2,4,3,243,At Risk
af8b2d09c4aa3036566914760882f8b7,322,1,149.99,2,4,4,244,At Risk
af8e9836db54b841ed52923b2d5a1d91,312,1,135.0,2,4,4,244,At Risk
afa4fbe424bab6593e9a8395836966ef,498,1,49.99,1,4,3,143,At Risk
afb7052400f007bf6c166de1c9f683fe,303,1,159.0,2,4,5,245,At Risk
afb9a07380963f172c8a956bef0fd28c,553,1,0.0,1,4,1,141,At Risk
afdb02ae9ac1b2b174f20e7a300413f1,367,1,0.0,2,4,1,241,At Risk
afdf09d5b07535df233425f49ff3e599,344,1,51.87,2,4,3,243,At Risk
affff75a131ac35c7afd497ab57a6337,450,1,0.0,1,4,1,141,At Risk
b0004e82bf1f90c43ffe748ce54be94a,392,1,0.0,2,4,1,241,At Risk
b00e0fd2ae759fd947aac853c836b93c,477,1,79.9,1,4,3,143,At Risk
b010c55c8b77285afc3eda1fc35f390c,338,1,89.0,2,4,3,243,At Risk
b0227107dc3db57d38d11a09273327ce,433,1,149.0,1,4,4,144,At Risk
b085fe730254d7b519bc1231da539c38,495,1,69.99,1,4,3,143,At Risk
b0a80f18a9efe22e2eb45a67db168ef9,497,1,97.99,1,4,4,144,At Risk
b0cb09eb848eddd6485a6a38e5a2f134,519,1,13.9,1,4,2,142,At Risk
b0cd6a169aaf7502ca3783e5e7527921,510,1,158.0,1,4,5,145,At Risk
b0cd87c4ef5fc1d8ce2c817690223a83,299,1,49.0,2,4,3,243,At Risk
b0d28a4603fe3c14a3f6cf3e4b22582b,416,1,69.0,1,4,3,143,At Risk
b0ecafea73390cea9e4b6c6a8d7e8c14,500,1,22.99,1,4,2,142,At Risk
b1011cba0fd71c89bdb2a5c3b90bb1ae,347,1,210.89,2,4,5,245,At Risk
b10f780a5e22a8c7fbce07bb3da6eeff,713,1,199.8,1,4,5,145,At Risk
b118181abcb0f3623b02187e09399f27,380,1,490.0,2,4,5,245,At Risk
b1527fed376c77c2a8e44ea89e76dc73,297,1,0.0,2,4,1,241,At Risk
b165199fb255b8a14b61d4aeb6cb59e9,400,1,145.0,2,4,4,244,At Risk
b1a15c9e2d508753b52cf3d6eae74808,312,1,79.0,2,4,3,243,At Risk
b1b1e0a969f47ab397202becc860b444,295,1,133.0,2,4,4,244,At Risk
b1dede4db8218754b7f4fbe2c60cf162,301,1,19.99,2,4,2,242,At Risk
b1e2374fc88dd0dde96b938e49cf1a3a,368,1,279.9,2,4,5,245,At Risk
b20060de6cb6e49f4fbcf32a9effb25b,485,1,39.9,1,4,2,142,At Risk
b2495c024ce0fcaaeb63cdbf58c25316,511,1,78.0,1,4,3,143,At Risk
b26858a322cb230c32a83a34d593ba90,376,1,54.99,2,4,3,243,At Risk
b27f32098e91da7de6c07361565ad1de,300,1,299.99,2,4,5,245,At Risk
b289291bcfd0b339685b14bf220db3ad,311,1,0.0,2,4,1,241,At Risk
b29e4b51682d4ed20d84d03fdc4d0a8e,570,1,59.8,1,4,3,143,At Risk
b2a6c72206db8783c8cd128885eb262d,488,1,144.9,1,4,4,144,At Risk
b2f7eacecad4eed16774885920e3d2a4,296,1,24.9,2,4,2,242,At Risk
b2fd1deaa3bc329937e3390404303e60,435,1,49.9,1,4,3,143,At Risk
b305ead9694a97627d794d5550c00c7e,316,1,139.9,2,4,4,244,At Risk
b307d4a1272c57f08f47bf4b7638b049,328,1,24.99,2,4,2,242,At Risk
b3280d735cecbe8dedce6bd0e04f9784,385,1,85.0,2,4,3,243,At Risk
b3548d0cec408ae13d143bb4eeebaa6c,355,1,0.0,2,4,1,241,At Risk
b3731fc14985e00b00a37b3ee70584a8,518,1,69.9,1,4,3,143,At Risk
b376982d3505084b995ae74fbf660057,420,1,84.9,1,4,3,143,At Risk
b37b521e9947a4fc51cd2c7375cfc4d6,514,1,54.9,1,4,3,143,At Risk
b37ea1c605e4fbba11429b0a921d99f2,360,1,0.0,2,4,1,241,At Risk
b3806e7118d02476c96b3dd8578dd07f,556,1,89.9,1,4,4,144,At Risk
b3d6eae7841038cd56fcb6f8f773d684,590,1,65.0,1,4,3,143,At Risk
b3f022d93fd7d29a984acb2470b83791,531,1,18.99,1,4,2,142,At Risk
b411890821e433a5cab92834d634f78e,329,1,47.99,2,4,2,242,At Risk
b44e1f9810edefc97e2037154fc20a7b,513,1,289.9,1,4,5,145,At Risk
b46025afbb68faa3eae275eb50eb2966,322,1,334.89,2,4,5,245,At Risk
b471f6779ed58f5dbcf786cf9842067a,372,1,399.6,2,4,5,245,At Risk
b483e064ad80be3fd630b37bd140513b,324,1,129.8,2,4,4,244,At Risk
b4875644308426fc74de2a855f10c0cf,450,1,99.0,1,4,4,144,At Risk
b48a25bab51e47e5221c681676457c6e,546,1,199.0,1,4,5,145,At Risk
b48ae2720451750352628377eab83ea8,472,1,73.35,1,4,3,143,At Risk
b4941529220bac7ffeea84883ea9fc52,357,1,29.0,2,4,2,242,At Risk
b4a5da2a7109bf926cb161b4f0bc030f,305,1,22.9,2,4,2,242,At Risk
b4a76bacd02c4823afd23c34e8ea92e4,598,1,79.99,1,4,3,143,At Risk
b5177190a5290ab9335fd4f2537aaa4a,565,1,52.9,1,4,3,143,At Risk
b51be90890c4f1f3e7a9141eb3fdfde1,402,1,16.9,2,4,2,242,At Risk
b52f66c7b754abb219018b60afc72995,301,1,119.8,2,4,4,244,At Risk
b5447d364a6201833d7e004e22283a6c,473,1,59.9,1,4,3,143,At Risk
b57308b5ffef78ead8fa2588aeebc2f3,582,1,62.9,1,4,3,143,At Risk
b58003534fdfad54e2a809da3b5560a7,296,1,0.0,2,4,1,241,At Risk
b5968d8d3507b0ad5c92e33bc00b5431,352,1,49.99,2,4,3,243,At Risk
b5a189159a62950d58c7208f43e0631a,395,1,37.9,2,4,2,242,At Risk
b5a873077a79d73dff6222a35b7a4f79,574,1,109.9,1,4,4,144,At Risk
b5b7c916a220cb52bb0ffc490e6b9cdc,300,1,84.99,2,4,3,243,At Risk
b5ccc57b179210bda569df984bdf7df3,604,1,129.99,1,4,4,144,At Risk
b5fd935fca868cbefca0c71a3010d03f,339,1,150.0,2,4,5,245,At Risk
b60d47f5f8de9fbc6cf1c1fedeab9f0e,422,1,35.0,1,4,2,142,At Risk
b61b38d88ef98dd66fc100efabad2557,388,1,1200.0,2,4,5,245,At Risk
b621ac736971663d7aede4222074d3fe,508,1,49.9,1,4,3,143,At Risk
b6421f3212444b8943b75ed2686928dd,343,1,119.59,2,4,4,244,At Risk
b647de9a726557749e15366078e10172,318,1,39.9,2,4,2,242,At Risk
b6497ecc6318ebd0d5c22091f702fcc8,548,1,33.9,1,4,2,142,At Risk
b66ebea9fad19535d1134154668d4129,546,1,99.99,1,4,4,144,At Risk
b66f4f9f89df0b0973bb1057073887a0,301,1,199.99,2,4,5,245,At Risk
b67c3d81da9b446043478d367b95634f,349,1,119.9,2,4,4,244,At Risk
b6b1da1ef61aceafc708a1f8f54d9e1c,417,1,0.0,1,4,1,141,At Risk
b6bb8e4780df00a25fa34335d3dc1330,373,1,55.0,2,4,3,243,At Risk
b6bfa667d44891b1e24e5b79ae955480,332,1,0.0,2,4,1,241,At Risk
b6ebed144895adea96b6193124ea3db4,300,1,719.4,2,4,5,245,At Risk
b6f09a3b6557417c9175e038a17e6bca,317,1,149.9,2,4,4,244,At Risk
b73e6c904a3bb974a0ca8ec828751fc2,371,1,165.99,2,4,5,245,At Risk
b74deaa44a000da4ce9bf2913cb8e232,711,1,49.9,1,4,3,143,At Risk
b75e0a5150c6cfcf4d9982e79f8a1f8b,392,1,135.0,2,4,4,244,At Risk
b777081ff33037f313eb83b79ca3c19b,415,1,59.8,1,4,3,143,At Risk
b7cbeeeaa9007a7717c85bede2677ca6,296,1,0.0,2,4,1,241,At Risk
b7cc980888147c189d96a40756971585,563,1,13.99,1,4,2,142,At Risk
b7d76e111c89f7ebf14761390f0f7d17,746,1,72.89,1,4,3,143,At Risk
b82d8e3a84e9978cb633bd9771a5165b,383,1,178.9,2,4,5,245,At Risk
b854fe698a5384ebcadcdabe7ceebbb4,420,1,0.0,1,4,1,141,At Risk
b87461e6c2feb68b9124000ffe3a525f,460,1,0.0,1,4,1,141,At Risk
b88b78a413e70182e18b032361b24f91,623,1,0.0,1,4,1,141,At Risk
b8939dbecf0659982b0e7d21c3731f7b,542,1,0.0,1,4,1,141,At Risk
b899f098afa2e711629365c161794884,546,1,49.99,1,4,3,143,At Risk
b8a13301c527ebcd83e27cbfb7f06a9a,371,1,0.0,2,4,1,241,At Risk
b8b3c435a58aebd788a477bed8342910,504,1,52.0,1,4,3,143,At Risk
b8baa482e2e3b439ab972fba47c9be48,337,1,324.0,2,4,5,245,At Risk
b8c0e5c60a5d7cc003fa4ce10b9f52a5,314,1,319.9,2,4,5,245,At Risk
b8f1c329bf24677d2bfe4eeadfb858f4,355,1,35.0,2,4,2,242,At Risk
b8f9ecc7915ce653a1d7ee6dbfe8f54d,407,1,0.0,2,4,1,241,At Risk
b9066c8cafd15041ed94ef1ecb116d4a,492,1,159.0,1,4,5,145,At Risk
b91094129b0c7e78a2d312269365968e,360,1,159.0,2,4,5,245,At Risk
b93a5a889d5631f90288141fed44d192,299,1,0.0,2,4,1,241,At Risk
b941b9bd5b0df6d5bc8872504b96b0e1,412,1,89.99,1,4,4,144,At Risk
b94783c71788124eb4f2d4e1fcae6ab9,577,1,45.0,1,4,2,142,At Risk
b96336694477939c9d102438f0c7c9d7,322,1,0.0,2,4,1,241,At Risk
b9ac5718b8f3ff34b2929ac08661f82a,613,1,50.9,1,4,3,143,At Risk
b9b9a083a74fa9cd18be8eb0ccd26d71,362,1,39.9,2,4,2,242,At Risk
b9c3dc12001699a88211928c941c0af6,494,1,0.0,1,4,1,141,At Risk
b9ce93ae35b4cfe939be5356630992a7,324,1,104.9,2,4,4,244,At Risk
b9d90399fae52218195b4b23536f6fa2,545,1,739.9,1,4,5,145,At Risk
b9efc86b7c6269eaeba5bdbdd5127e1b,599,1,0.0,1,4,1,141,At Risk
b9fd889214fcb1a45e4cd51f5af6cba3,438,1,65.99,1,4,3,143,At Risk
b9fdb2f344509f77f84250a748c6319c,338,1,0.0,2,4,1,241,At Risk
ba0702c64162e93452439fa6c4409896,502,1,39.0,1,4,2,142,At Risk
ba09e7352cbed201af6d123d7366f3ef,374,1,89.9,2,4,4,244,At Risk
ba36311f5ecc3232608a4becdd416325,371,1,38.4,2,4,2,242,At Risk
ba77e9b6506636dcbd03e463d4786f24,445,1,79.9,1,4,3,143,At Risk
baa95c4641ecd9ad286d49aa0888507f,543,1,0.0,1,4,1,141,At Risk
baca240b69cd4bd9bf08199640ae8da3,482,1,0.0,1,4,1,141,At Risk
bae2d36f7119de90a1f3f9aa995e5c5f,471,1,0.0,1,4,1,141,At Risk
bafbbaf0345497c9e80502a08fad4a55,295,1,299.99,2,4,5,245,At Risk
bb01b2ced80ef2e3dfb786d0d8c4905a,464,1,12.1,1,4,2,142,At Risk
bb490ef16aa39f140bfeb172ee89a45b,316,1,59.99,2,4,3,243,At Risk
bb4d84a2b45b22ed710ac8c0dec63d1a,418,1,19.99,1,4,2,142,At Risk
bb58670190dba4e9b320f84cb98317a3,463,2,52.0,1,5,3,153,At Risk
bb62a2fa1446330a13f2a9f000dee8a9,584,1,69.9,1,4,3,143,At Risk
bb78f4743e618d1b7d4e8fddb9494542,443,1,94.98,1,4,4,144,At Risk
bb7dec94f2d5a01b71bd1e976232b155,300,1,114.9,2,4,4,244,At Risk
bb8486cad0e431659227f6fb18fc6a72,304,1,145.3,2,4,4,244,At Risk
bb85b098c288f4b18c0c014e85e0c93e,378,1,35.0,2,4,2,242,At Risk
bb8e3ce30f15dd4cc886c0a1952090ff,536,1,39.9,1,4,2,142,At Risk
bba19d9ddf6ce4663966a0cb23882ff8,330,1,89.99,2,4,4,244,At Risk
bbed9f383711c28f8b265437dc523a92,346,1,119.89,2,4,4,244,At Risk
bbf0cbba57c53c0db5f7457d752bd431,315,1,299.98,2,4,5,245,At Risk
bbf0d1ddbf8bd44d192f056919e9b706,591,1,117.3,1,4,4,144,At Risk
bbf65e7823171a84e70a495dd6c34ceb,397,1,279.99,2,4,5,245,At Risk
bc129fa5a30c1e9f64d840dd6d0e574a,389,1,119.8,2,4,4,244,At Risk
bc27afa44f5b67b080ab4ba3851a162d,403,1,69.9,2,4,3,243,At Risk
bc2c9d4cffdfa4609cb2f961250ba4d7,556,1,59.9,1,4,3,143,At Risk
bc495306b450cb8a30666dff4e362077,486,1,49.99,1,4,3,143,At Risk
bc59f1e430734e331b87a168b63450a0,527,1,49.9,1,4,3,143,At Risk
bc6839208cb211872c9e1909676cbd0a,347,1,0.0,2,4,1,241,At Risk
bc82228a4f5fceba5b14a04cb7b4591b,506,1,90.0,1,4,4,144,At Risk
bc867ebfaaeb874d54cbf1da33fd4a1b,367,1,497.98,2,4,5,245,At Risk
bc96fdea77283bcfd8bec24a2163d459,482,1,0.0,1,4,1,141,At Risk
bca4361fd18ffb97e002abf403eda289,356,1,16.9,2,4,2,242,At Risk
bcba7868e02e9ae817e38bd543bf503d,595,1,1297.25,1,4,5,145,At Risk
bcc9a08b533971412be737fd5bd918b3,481,1,29.9,1,4,2,142,At Risk
bcebdf69569a5b1cdbb67ebf178e794c,544,1,18.99,1,4,2,142,At Risk
bcf958b042ece5fd995de0dabb3abf56,300,1,98.0,2,4,4,244,At Risk
bd0c1f867e8745eb3ea435b9c5433788,308,1,0.0,2,4,1,241,At Risk
bd253227ca6d422caeeb349da9b1ef66,378,1,0.0,2,4,1,241,At Risk
bd2b3678a31c7acff94791bd2ffce860,315,1,210.9,2,4,5,245,At Risk
bd6dc26d46e9b21a213198aa80d1fda1,382,1,169.0,2,4,5,245,At Risk
bd6e919ea010cdfb03825ac482546540,301,1,49.99,2,4,3,243,At Risk
bd8bee2d841f2573c7c4f2d49dfdcaf0,559,1,59.9,1,4,3,143,At Risk
bd9e235e9996a20d1153c238c2706b92,485,1,779.0,1,4,5,145,At Risk
bdb88619ffe5ca24fa5732468bd34573,716,1,0.0,1,4,1,141,At Risk
bdc67efa33dd0c3228b91714ac6e363c,393,1,0.0,2,4,1,241,At Risk
bdc9d7c00e3c150456e58df4cfc2d2c8,550,1,169.9,1,4,5,145,At Risk
bdd30e6e39cc70dde8665187b57af402,435,1,44.99,1,4,2,142,At Risk
bdd790f120738cf7ae6c93b292f4dad2,443,1,205.0,1,4,5,145,At Risk
be08f83faebeeefebe0df44a3c2684ee,401,1,132.9,2,4,4,244,At Risk
be09bc14d8a3f5cb25c70ec3ab757266,299,1,0.0,2,4,1,241,At Risk
be25daa3b561d7f7df48f6d1c50ed097,455,1,69.9,1,4,3,143,At Risk
be2b2715ea6493f6dddcb063b482f04e,298,1,59.81,2,4,3,243,At Risk
be33152ae3eb53008fdba8c5efa40ab7,377,1,52.64,2,4,3,243,At Risk
be49d411f08872c5a81438e47278a9e7,517,1,0.0,1,4,1,141,At Risk
be570271e817b7a8791c477152830384,369,1,54.9,2,4,3,243,At Risk
be655f9f2e6980b38b839352c2865b39,491,1,79.9,1,4,3,143,At Risk
be77d461b3861fdc43e07bea3f26a43d,467,1,118.8,1,4,4,144,At Risk
be7afc56db0978e1f7f9599f89527126,595,1,0.0,1,4,1,141,At Risk
beb0c30d2267b86db97d0c535be03ab6,308,1,150.0,2,4,5,245,At Risk
beb5288c896678914470c6a650c78302,416,1,26.9,1,4,2,142,At Risk
beb6f9fd570947c43749a143f370ebe4,586,1,139.0,1,4,4,144,At Risk
beb9a932b5131b25944dcf8cee8ada78,443,1,152.9,1,4,5,145,At Risk
beceaa52fb2f761e647222b3cf7ce0b2,549,1,156.0,1,4,5,145,At Risk
bed61eb682075f1126ad0dff626926a0,333,1,299.99,2,4,5,245,At Risk
bed6914e1b13e7291330c42e4b5ee73d,573,1,66.9,1,4,3,143,At Risk
bf004b2b614c68e6d2401afc33741b33,557,1,6.0,1,4,1,141,At Risk
bf0303939d54b8df5da4762bbaab1955,310,1,299.0,2,4,5,245,At Risk
bf59acdae64e9900fd93e4847baa1978,348,1,56.97,2,4,3,243,At Risk
bf635aadfff238fd7e9b0d25e800d019,360,1,14.85,2,4,2,242,At Risk
bf6bdab86c9bf5f5e6aafe5be999993a,449,1,54.16,1,4,3,143,At Risk
bf79e2be560481b2e6014798b4331a18,530,2,77.4,1,5,3,153,At Risk
bf878410ba17b72e544f5a350bad4bf5,514,1,28.0,1,4,2,142,At Risk
bf8e2ac0aef7f60dd02cbfe15b447804,372,1,69.0,2,4,3,243,At Risk
bfcdddab5a2fe5dd1d1b8330795f4061,460,1,167.99,1,4,5,145,At Risk
c0244b6564d55e0236726c13a0bc8282,298,1,90.98,2,4,4,244,At Risk
c02e98da303c4da78da40f76952a187d,315,1,171.0,2,4,5,245,At Risk
c035cedb61d638d3e8b48521a714a86e,323,1,599.9,2,4,5,245,At Risk
c0779cfb3d6695eb9a6c14772852e10e,579,1,66.99,1,4,3,143,At Risk
c09a451cbf37a98dd35bb88cd87deda4,520,1,278.77,1,4,5,145,At Risk
c09b035a91c4a94cf4bc973fb2d59608,399,1,61.5,2,4,3,243,At Risk
c0a1c99e485ed6cd991db287741bbbcc,390,1,0.0,2,4,1,241,At Risk
c0aff2627ac1dd216e37cff8e1e127f0,352,1,56.99,2,4,3,243,At Risk
c0c0c50de0f9c7089f7de06b69577afc,560,1,23.9,1,4,2,142,At Risk
c0d1c485cc68748f953bedc0b453a5d4,355,1,0.0,2,4,1,241,At Risk
c0e34eb3758ff52f422e985899707a00,549,1,126.99,1,4,4,144,At Risk
c1051761919d37d096f281b050c5b5e8,398,1,70.5,2,4,3,243,At Risk
c112276ee020e563234bd46993fddc4b,614,1,28.0,1,4,2,142,At Risk
c114c44566c2d172b520bc3c8785ffdf,500,1,1199.9,1,4,5,145,At Risk
c177749709d397d0804955f17d05f494,515,1,239.8,1,4,5,145,At Risk
c18a7f19c5bb90e5eade2d61849812a8,509,1,149.8,1,4,4,144,At Risk
c18c9a0884eff4b9ee66d37dd5357216,376,1,49.7,2,4,3,243,At Risk
c198e769b7fac14f57905d5384eb9392,567,1,0.0,1,4,1,141,At Risk
c1a46e8640dbd799c39cb8fb40fd66b7,406,1,59.9,2,4,3,243,At Risk
c1a91d288cfd407b330d51a237ccdfa7,350,1,59.9,2,4,3,243,At Risk
c1b7893ed0fb6777c4c10e5a20f11df3,558,1,314.99,1,4,5,145,At Risk
c1dee395f06cd4d5e5162385873bfb15,446,1,0.0,1,4,1,141,At Risk
c1f548efd9fc8b040fd45c4d3818d4b8,493,1,416.0,1,4,5,145,At Risk
c20357bcefbcb454a5ce6dcef08578f8,540,1,180.0,1,4,5,145,At Risk
c20faf88190ac7185d11a3f454df0b62,477,1,314.99,1,4,5,145,At Risk
c216ddf05dece5d199d21e54250658ea,517,1,0.0,1,4,1,141,At Risk
c219f4ac1bc7f1aea33e6ab8885831e8,566,1,0.0,1,4,1,141,At Risk
c243634b2e46f710549f7bfe8522990f,465,1,309.0,1,4,5,145,At Risk
c2551ea089b7ebbc67a2ea8757152514,481,2,89.9,1,5,4,154,At Risk
c25f3aaefa757fb6d2ac42b59a1c1989,488,1,126.99,1,4,4,144,At Risk
c25f3c70f8c8db6d2a7fb16fc8459597,596,1,159.99,1,4,5,145,At Risk
c28b695680373781f8ff086844f72ef2,313,1,0.0,2,4,1,241,At Risk
c29366dcdcde92f6bab988692e21d709,407,1,65.99,2,4,3,243,At Risk
c29b778bfd6975fc29309aa68ce952c3,387,1,158.0,2,4,5,245,At Risk
c2a0eb5fcaddf44f7567f4dbd0da6830,346,1,241.1,2,4,5,245,At Risk
c2e045ce833c8289e489314d2b6386fc,517,1,24.9,1,4,2,142,At Risk
c30fd2558a9c8fc64260be3e76a20cc4,549,1,176.99,1,4,5,145,At Risk
c31a0532ac4b77687d61f7fe1483d4a4,503,1,16.9,1,4,2,142,At Risk
c3452e8f22eff6eaa361690c7e7ffd4e,302,1,0.0,2,4,1,241,At Risk
c34829c1ffe2887992efcf51e4e02b31,374,1,599.0,2,4,5,245,At Risk
c34be41181324b34ef81042a1dbb1193,485,1,49.0,1,4,3,143,At Risk
c34f2ca27d34d58730b66b7ff14f0437,421,1,176.99,1,4,5,145,At Risk
c35ffdd9679e194c3673533720b5e00c,399,1,719.8,2,4,5,245,At Risk
c37cc6c1a59d81460a3059744f7ada1c,445,1,149.9,1,4,4,144,At Risk
c39da9498509c8ae060185869f3a2478,328,1,70.0,2,4,3,243,At Risk
c3a8d73d9c04af248b04c0f97b6cb308,486,1,467.0,1,4,5,145,At Risk
c3cc9ab026e263448a7e804dfada75f5,494,1,139.8,1,4,4,144,At Risk
c3ddcb8cafa47711e96ff4852fc7e52c,312,1,0.0,2,4,1,241,At Risk
c40388c86f0334d1d69f33fc43322a8c,603,1,89.8,1,4,4,144,At Risk
c40f5af81ed6752819b393aabc0e275d,428,1,0.0,1,4,1,141,At Risk
c426399972becd38ce02dba6eb721980,500,1,0.0,1,4,1,141,At Risk
c42ba47d1df4847a1fae69d1407c83d9,607,1,29.9,1,4,2,142,At Risk
c471cde4de85d1c324999c5c94fa9a0b,297,1,54.9,2,4,3,243,At Risk
c49b4324d012a12558d662c52db0fdc3,416,1,100.0,1,4,4,144,At Risk
c4aafd2eb2916764d0bf1acac201688a,462,1,59.9,1,4,3,143,At Risk
c4af082fb0ba076bb96828135834f60c,350,1,119.9,2,4,4,244,At Risk
c4cf9b10d2668bfabb498d93004ab4a0,307,1,97.49,2,4,4,244,At Risk
c4e4f9ed2c25484e3e23c911cd77e7a2,332,1,69.9,2,4,3,243,At Risk
c4e8ef9c2866df08f505aac010b44a1f,472,1,17.5,1,4,2,142,At Risk
c50984e329b68d48f871999e8b9a6db7,318,1,110.8,2,4,4,244,At Risk
c51451eb20d0c8294af30d7205444934,301,1,24.99,2,4,2,242,At Risk
c51a1f42780144ae12d0e529abc3f83f,295,1,189.9,2,4,5,245,At Risk
c5365631fcd0f5ae1802e798e1b7d692,357,1,1736.0,2,4,5,245,At Risk
c53d90ab068a7fde8fb74003248e1ebc,300,1,170.0,2,4,5,245,At Risk
c540e475e972fedf571cd4f924382f7c,299,1,98.9,2,4,4,244,At Risk
c54f254e19da79931e0e07338188cd70,305,1,59.9,2,4,3,243,At Risk
c5570a9c8d7f1546562fd75d0ae999bd,296,1,52.9,2,4,3,243,At Risk
c55ad9a8c04e8009e4ac169f7344a583,486,1,49.89,1,4,3,143,At Risk
c5628087b9b42549720ee8b57f0a6a98,453,1,39.0,1,4,2,142,At Risk
c57675d43eb822d6fce04dc388d8ed0d,336,1,22.0,2,4,2,242,At Risk
c59531f90d083012b6c23034c8f54032,309,1,99.0,2,4,4,244,At Risk
c598e7b13c0fc6b1820559eabaadb3ab,401,1,169.9,2,4,5,245,At Risk
c5d50ca6add3a55d9db4261a1dd074d5,397,1,748.0,2,4,5,245,At Risk
c5e4a022d3a34df458bfb7c1b4988063,335,1,0.0,2,4,1,241,At Risk
c5eb4ef20f1bb764daf1936474b5e629,379,1,27.9,2,4,2,242,At Risk
c5f0ff72edaa56e5e8eb0456c3c97ecb,495,1,239.0,1,4,5,145,At Risk
c5fe74f1dfcbce3623c7705f0299629b,544,1,90.0,1,4,4,144,At Risk
c60a3ddb000c06807f59d3d5cbbfb59f,494,1,322.75,1,4,5,145,At Risk
c62c0bf678e72761c14d71793c64136e,475,1,0.0,1,4,1,141,At Risk
c639b7ee0ddefaf99a2b1c87cfcd718e,362,1,0.0,2,4,1,241,At Risk
c63e44efa43f3947087aee96b388d949,464,1,113.0,1,4,4,144,At Risk
c65313f0613e1292047eca9a86fdb0a1,466,1,99.99,1,4,4,144,At Risk
c658495c41a24ef33a852db6840738a1,589,1,0.0,1,4,1,141,At Risk
c65f4f56ce72cf522b58b34511c96ad0,302,1,23.7,2,4,2,242,At Risk
c66153f5ff38b19dbfb0e5d626c0449a,462,1,15.99,1,4,2,142,At Risk
c66b7ef2ea9e6e2e7b3597f8131b56d7,434,1,0.0,1,4,1,141,At Risk
c68855ac94665e5eab3cac9f31acb10f,400,1,161.6,2,4,5,245,At Risk
c6995b7622508243f3d67ce55d3ae99c,583,1,74.99,1,4,3,143,At Risk
c6a513e950f4f84a824821c420925f21,359,1,212.0,2,4,5,245,At Risk
c6b99a3f607831e0efa54fd18a05c7c9,489,1,759.0,1,4,5,145,At Risk
c6c14d6b02b35ffe185803db2ed6c370,399,1,200.0,2,4,5,245,At Risk
c6d04cc582cb4e8488bc99994c62e6ed,525,1,27.9,1,4,2,142,At Risk
c6daf89e664438f63927784b6fd5c5c4,598,1,349.9,1,4,5,145,At Risk
c6dd8fabb5c20145411c78830d5031ba,417,1,29.0,1,4,2,142,At Risk
c6ffab32abf5dc36b10072de18d008af,298,1,99.0,2,4,4,244,At Risk
c70f7100f8daa28992b8c2816d68ef98,403,1,179.0,2,4,5,245,At Risk
c718e7e51226888a1ae92687aa320a16,413,1,89.0,1,4,3,143,At Risk
c71c9304453701631f589b64d6aa5dce,507,1,48.98,1,4,3,143,At Risk
c71e44e5e3c5e5a320321c3d3a868c20,464,1,99.99,1,4,4,144,At Risk
c739d7adb6f103eae180b1f2fc74455f,361,1,42.79,2,4,2,242,At Risk
c7558d51c100334f0e84384bb42f0e70,552,1,29.9,1,4,2,142,At Risk
c756e1910755edd88c00ac3f46baba4b,532,1,58.2,1,4,3,143,At Risk
c76b9b7efd2e02d6c8627bf5ad450622,513,1,0.0,1,4,1,141,At Risk
c77a1acd947a35fa2738c22f371645c2,384,1,143.8,2,4,4,244,At Risk
c796780c7daeab9e94cc052b1f103b21,489,1,119.99,1,4,4,144,At Risk
c7a9a76a4b24a7e7b2caff982409b7ee,518,1,38.5,1,4,2,142,At Risk
c7c57673fe2bd1823ef2ca06c7591df0,475,1,0.0,1,4,1,141,At Risk
c7d664db71d9fb2fa89e83f896d8dc24,590,1,113.0,1,4,4,144,At Risk
c7e6f657d0b28ae86ddb5bc464f702e1,308,1,139.0,2,4,4,244,At Risk
c802e50d933f12271605d5fe61f36caa,300,1,13.65,2,4,2,242,At Risk
c8064ef7b94e1796e22f3e4d257d07c9,314,1,145.0,2,4,4,244,At Risk
c829f5071c462c99343ede23887acc21,386,1,0.0,2,4,1,241,At Risk
c8330933899939c96a4f2632b9f4c8ce,296,1,159.9,2,4,5,245,At Risk
c86e98383a3c4a953e5b1a92106c072a,554,1,99.9,1,4,4,144,At Risk
c873d409aabe1083ff4f96358e3a4214,412,1,56.99,1,4,3,143,At Risk
c899abf9b025c3ecd2e8d8c4051ed1b9,486,1,319.8,1,4,5,145,At Risk
c8a52462a137f4e87bf55f002bcde6de,558,1,0.0,1,4,1,141,At Risk
c8b2145112166ec8dc322ac57138ccab,593,1,229.8,1,4,5,145,At Risk
c8bc38379b2217871ffd56f27cebda40,602,1,0.0,1,4,1,141,At Risk
c8c40a3a22947159eab9af128b2e51dd,535,1,129.6,1,4,4,144,At Risk
c8df8e325a90104f7d90691fcd915a37,343,1,56.99,2,4,3,243,At Risk
c90df77e489e7f7fb26182fb93c22367,459,1,0.0,1,4,1,141,At Risk
c93c37c8d9779348bd164f7d605969d8,435,1,23.9,1,4,2,142,At Risk
c94e1401ba656f7493a0f9d97edcf24e,329,1,0.0,2,4,1,241,At Risk
c9600276c55089ccd37cb1a360609101,588,1,0.0,1,4,1,141,At Risk
c979c7cda3ce942db2701d5550984457,478,1,26.9,1,4,2,142,At Risk
c9a05ad9be22fbaecdc1db80fb90690f,298,1,0.0,2,4,1,241,At Risk
c9b3b24308b1a4587ffa3e60fafc2b1f,330,1,209.0,2,4,5,245,At Risk
c9c41b0c9e8845c0d950c08ba0d7acd0,300,1,99.8,2,4,4,244,At Risk
c9c6d353f4101827b3dbc83b093b2fe6,533,1,99.9,1,4,4,144,At Risk
c9d4e34f1dd9cc0c86cda6ff04d68a39,368,1,56.97,2,4,3,243,At Risk
c9d77e5fc5b63d23d089586848584744,432,1,25.5,1,4,2,142,At Risk
c9dbb7a4f0c7174729ee29fd55280cde,396,1,59.99,2,4,3,243,At Risk
c9f76e85c4eb5338bf898aa3f6fcd05e,331,1,28.99,2,4,2,242,At Risk
ca270b48105d4aa0d747a0529775f19c,487,1,370.0,1,4,5,145,At Risk
ca49534fcedb73b42c18dbd99b0a0d22,545,1,48.65,1,4,2,142,At Risk
ca5c22758e4f6781ba277d327fe3d7eb,335,1,139.99,2,4,4,244,At Risk
ca62a2278969324ffe26da3e5704d0d4,393,1,199.94,2,4,5,245,At Risk
ca681af5ab07e1b26a4a7322d06b0948,484,1,35.9,1,4,2,142,At Risk
ca961b973ecf9de95e3c17421f60a9a4,326,1,59.9,2,4,3,243,At Risk
ca9dde733a9274ed9bea93b8418eaac3,535,1,119.9,1,4,4,144,At Risk
cab46195bdcc56a6b42eef09eb1b64be,530,1,0.0,1,4,1,141,At Risk
cab49f72708b32dab386b38320f5b31b,411,1,12.88,1,4,2,142,At Risk
cab5ecc01e69aac95f48b619eb40a882,555,1,87.37,1,4,3,143,At Risk
cab95c7bc45c6d2ab16c2ef1a451d5e3,480,1,112.0,1,4,4,144,At Risk
cabd6d095f9967f7044473021795247c,301,1,65.0,2,4,3,243,At Risk
cadf5efd7e29678690c09cc039e08bc6,387,1,117.99,2,4,4,244,At Risk
cb2d00950f18d7d8f7fcfc8cc3a173b7,416,1,0.0,1,4,1,141,At Risk
cb3ff5e129b14923b2dfef9acd718bb1,501,1,29.5,1,4,2,142,At Risk
cb409daad1fb6069e979463ca3de23dc,430,1,119.94,1,4,4,144,At Risk
cb619b091c043c3f95dc59228dc4cea0,333,1,107.9,2,4,4,244,At Risk
cb644c8c88c4705149fc0c7dd12d596d,473,1,105.76,1,4,4,144,At Risk
cb824a5ce7a9fd74bca8f9b0e1943415,318,1,99.9,2,4,4,244,At Risk
cb9e777d2d1ac22f85edc2fbf95dc917,337,1,80.0,2,4,3,243,At Risk
cb9f4b2fe91fdef805d9d0344b471246,711,1,0.0,1,4,1,141,At Risk
cbcffdb10a42aa3161bd736e4397af99,482,1,189.0,1,4,5,145,At Risk
cbd0350d4ccba9772e8e768d4a4a5cbf,530,1,48.99,1,4,3,143,At Risk
cbdcaa621583ca59fb72b5cb1866c34f,364,1,59.9,2,4,3,243,At Risk
cbe0a91cf3a681a322429756a15a7885,475,1,99.99,1,4,4,144,At Risk
cbe9a1e42dea534df8f2ca713bded65f,363,1,68.9,2,4,3,243,At Risk
cbf4a1abc9d7c3cb59a7db6310ed9fc2,399,1,9.0,2,4,1,241,At Risk
cc0a26893a3b8118462803ed814ddf4e,302,1,250.0,2,4,5,245,At Risk
cc0dcaa71d555618c00d37bf3672166e,435,1,240.0,1,4,5,145,At Risk
cc1166c2411979ef1709678719e5d771,305,1,15.0,2,4,2,242,At Risk
cc14ea7099959d91a17c9d7c3a46721d,489,1,117.3,1,4,4,144,At Risk
cc2a97be990325d3bdab29a3b4352958,533,1,29.0,1,4,2,142,At Risk
cc46237f7d268f31d98cf34e436d466c,333,1,46.9,2,4,2,242,At Risk
cc6c2a4b4e826c577b8a60073bd56a7b,568,1,194.5,1,4,5,145,At Risk
cc6e8e47001f7d0a137b911291923ddb,502,1,129.9,1,4,4,144,At Risk
cc9232931026e1f4f1e841e6a88cbefb,459,1,0.0,1,4,1,141,At Risk
cca20bbdb16d521c1f94eaf7209717b6,304,1,59.9,2,4,3,243,At Risk
ccac5680eab564a88f301f59030b448b,491,1,34.9,1,4,2,142,At Risk
ccba123d7e139740a33eda4ab612bb89,473,1,79.9,1,4,3,143,At Risk
ccc1b0d223798bd711b0799cbac29d36,352,1,69.0,2,4,3,243,At Risk
ccd1f4baf9b611c967b847895e801c63,524,1,0.0,1,4,1,141,At Risk
ccd47fd96a99cdd5e022168e70a2ce2d,438,1,0.0,1,5,1,151,At Risk
cd4dc8a1f78011e0a2e730314f9c97be,300,1,6.0,2,5,1,251,At Risk
cd71400a57f722718a5cebde0944c5c0,505,1,0.0,1,5,1,151,At Risk
cd7564a987285ae0b11be324c816a21f,386,1,89.9,2,5,4,254,At Risk
cd8713a29b16359288adea86c896e99e,452,1,123.8,1,5,4,154,At Risk
cd8dbe8c0f714827ca12c3cb7310d97e,410,1,19.9,1,5,2,152,At Risk
cd9572a2e854df312b6ebcf7e4863352,380,1,0.0,2,5,1,251,At Risk
cd9ee4391bf0098b7cfde33287c340c8,333,1,59.9,2,5,3,253,At Risk
cda1f27bf14e3bbd1cd421700c34c67c,301,1,69.0,2,5,3,253,At Risk
cdb39cca09957f7ec951c5a8998c7f45,442,1,209.0,1,5,5,155,At Risk
cdb72728a4199830c46025ab3cdb5afd,344,1,0.0,2,5,1,251,At Risk
cdc6cd6f0a8b8f844db9a61e779055b3,401,1,59.9,2,5,3,253,At Risk
cde21887e86a254eab4799aec212b7b7,318,1,0.0,2,5,1,251,At Risk
cdf40f3d0b93839f37972934deda0d65,312,1,34.5,2,5,2,252,At Risk
ce0314fcb20275203d37f911693fb898,537,1,49.9,1,5,3,153,At Risk
ce13d650b5a9d9e05799293014ae51eb,526,1,499.99,1,5,5,155,At Risk
ce3074d73cb3828e407c462309b0ff7f,531,1,119.8,1,5,4,154,At Risk
ce42c564a495510b4c3231c6f4443d84,383,1,124.97999999999999,2,5,4,254,At Risk
ce673045c4daded52134073c2e661fb1,311,1,112.0,2,5,4,254,At Risk
ce7b5d4879aea885f31257253b1064be,499,1,69.9,1,5,3,153,At Risk
ce82b942c888963b8b245169ab485e37,312,1,113.94,2,5,4,254,At Risk
ce9e54a97c1a20031e82528e1883ed90,502,1,0.0,1,5,1,151,At Risk
ceaa8332aa14a606de44c05a1271e6d2,400,1,49.0,2,5,3,253,At Risk
cec42b5f6696e2dffad94f98200b5038,482,1,29.0,1,5,2,152,At Risk
cec724fb2a220b0ea87e558894f7317f,300,1,0.0,2,5,1,251,At Risk
cecc19ff12c206e6368dd1e9c22a848d,568,1,175.99,1,5,5,155,At Risk
ced5b7e4e431e11775c4bcf19443e008,363,1,0.0,2,5,1,251,At Risk
cf24fc26d6007e7a24eb804c9ef6a0de,331,1,18.25,2,5,2,252,At Risk
cf25418b609f848c101e0af85219a3eb,531,1,0.0,1,5,1,151,At Risk
cf2d4b59551f1a621e1dd518d8025d3f,366,1,229.9,2,5,5,255,At Risk
cf512cfdf59fee3876844764595d3fff,565,1,40.0,1,5,2,152,At Risk
cf6fcea0892d8ea6f5cfa685cb4abfe3,388,1,21.99,2,5,2,252,At Risk
cf71400ad4dc7b8ae75143ff39dc94bc,450,1,49.9,1,5,3,153,At Risk
cf7d5df4ee5ebe39ed41f0c5c1584b1c,419,1,115.0,1,5,4,154,At Risk
cf7e1fdabd7d79ba731b94344e51b657,461,1,167.92,1,5,5,155,At Risk
cf9361b262c970fa55e3ae170ace4c84,400,1,62.0,2,5,3,253,At Risk
cfa0dfd65182c8bcbf31fdb1f35cc0fa,509,1,34.99,1,5,2,152,At Risk
cfb3a7a74383d11b7753e83ae6266cef,596,1,129.9,1,5,4,154,At Risk
cfdaaa0caea59b06efb4b0fb8c700684,566,1,0.0,1,5,1,151,At Risk
cfde5305d07e35893800f16df83aec28,409,1,43.98,1,5,2,152,At Risk
cfe46dcc62486a4deee79bb87ab57c00,549,1,69.9,1,5,3,153,At Risk
cfed5d3c5d5d1396863cc5842f3952d0,488,1,214.99,1,5,5,155,At Risk
d0699e3ea114a569e16c5538b549a261,372,1,82.5,2,5,3,253,At Risk
d0811608353267017bfedb8fe14b0dc0,367,1,118.9,2,5,4,254,At Risk
d095bbc1bb5524e10c78879cceb862d8,420,1,32.64,1,5,2,152,At Risk
d098e82023890ae36af4c8ee360102c7,386,1,298.0,2,5,5,255,At Risk
d0b24c80373e3a7aaf0d668738a34937,383,1,259.99,2,5,5,255,At Risk
d0b906a7e061dd6ee62756baf02eac17,389,1,159.99,2,5,5,255,At Risk
d0c5e56e04e886e73c79b3b71f0d6f0b,439,1,69.9,1,5,3,153,At Risk
d0e2c063df03f7b3befd1d87a12f80c4,299,1,0.0,2,5,1,251,At Risk
d0ff1a7468fcc46b8fc658ab35d2a12c,304,1,17.9,2,5,2,252,At Risk
d11dea88ee53a4f71c18b40b3d659135,513,1,83.9,1,5,3,153,At Risk
d11f0c912c3981ae6c340dd0688c9083,583,1,99.9,1,5,4,154,At Risk
d145542f6f11643fc057f15c793ea1b4,348,1,69.0,2,5,3,253,At Risk
d172060f03b2863504103b5a0e9c8f6d,311,1,420.0,2,5,5,255,At Risk
d1744e4b88a060e0c2f919c5eccc33ff,319,1,709.9,2,5,5,255,At Risk
d1ae52c1dc82e74b7f69d96930aa2079,453,1,149.0,1,5,4,154,At Risk
d1bd7e8ef014e3ed04b318cd138c0dc0,367,1,349.99,2,5,5,255,At Risk
d1c8bf61f09263024c368f9b819c3b00,393,1,51.92,2,5,3,253,At Risk
d1ccd6d8797a035e6a89fb3efab3cad8,510,1,133.99,1,5,4,154,At Risk
d1e42b8f9befb604b34577479827d5e6,366,1,79.9,2,5,3,253,At Risk
d1ffb6aa264f79f277904708f328cfc6,436,1,45.0,1,5,2,152,At Risk
d22ed54c5ae6da25eef4abd6da8ff22b,302,1,99.0,2,5,4,254,At Risk
d23e27b448cb5d930eabfe84679e0274,299,1,0.0,2,5,1,251,At Risk
d23e9ac6539a33351d438258812292ae,373,1,65.9,2,5,3,253,At Risk
d24f0a5ca47c76e5579027ec136092ff,452,1,59.0,1,5,3,153,At Risk
d25cd3919a16f7166425b3d00717e60a,316,1,169.99,2,5,5,255,At Risk
d2613132231b8adb041da8099d5ae2f9,309,1,149.0,2,5,4,254,At Risk
d2784a961177fddf449128c4d88a0715,337,1,0.0,2,5,1,251,At Risk
d282b6f9c44809c95ae8d67377d42837,303,1,0.0,2,5,1,251,At Risk
d2893422fbdd87e48b2bdcaf6c96e986,470,1,149.0,1,5,4,154,At Risk
d2b0d2083933eff2f5c365b7f44cfb14,340,1,199.0,2,5,5,255,At Risk
d2c89ba54e6cf93abd4ea9bb9e9fbf73,425,1,48.0,1,5,2,152,At Risk
d2caf4729e0ae98d5c19e9173ee29e24,448,1,59.99,1,5,3,153,At Risk
d2d64464f9572b5caf7af0d7a8f7ef5d,335,1,129.9,2,5,4,254,At Risk
d2f122bc3109d7fb2385daec2d6ef7f7,432,1,99.9,1,5,4,154,At Risk
d2fbb5aeaf313122fb40a45ef567a7ce,311,1,250.0,2,5,5,255,At Risk
d32caaef098ffe2b4222fe292fdd35ec,339,1,0.0,2,5,1,251,At Risk
d339ed835c9d8fd6b1e3c5cb60850bc5,588,1,239.2,1,5,5,155,At Risk
d33e6be4d4330badbc3d7adf96059e1d,306,1,0.0,2,5,1,251,At Risk
d340d15ea6dfba6466acc80adb91b863,301,1,0.0,2,5,1,251,At Risk
d35fad2ad0793f125d47ef65036d3de0,554,1,199.0,1,5,5,155,At Risk
d3637a49be0f9ce81422c401f4e1c352,306,1,0.0,2,5,1,251,At Risk
d36992438cf455a0810b43f8c63215a4,319,1,0.0,2,5,1,251,At Risk
d371df37fd094914a9c18f93e76df1b0,297,1,37.0,2,5,2,252,At Risk
d37d40917018692928253d2f015ad566,313,1,0.0,2,5,1,251,At Risk
d3940a0df7ce0786ee2c5a68f8149f91,393,1,52.0,2,5,3,253,At Risk
d3a7a4556becaf8cdb5ffe412608819c,466,1,59.8,1,5,3,153,At Risk
d3b3df82f6543dc02057ee6382c4e600,339,1,0.0,2,5,1,251,At Risk
d3b95980d0b9abf2a7d9fe0dd1ccb91c,349,1,0.0,2,5,1,251,At Risk
d3cb5cc807148794cb38ffacdd440133,501,1,24.9,1,5,2,152,At Risk
d406bf35e3591d9d31d78d3b2f3aa5f9,299,1,19.99,2,5,2,252,At Risk
d41921118d17ae7938c2a2e22a930550,406,1,144.0,2,5,4,254,At Risk
d425130be1b15a4580645e4a3c9b4768,483,1,316.79999999999995,1,5,5,155,At Risk
d43e65a5517eba2373cb75a76b151796,542,1,73.99,1,5,3,153,At Risk
d44430dee6959da0dc1aa7fe1c1beb70,426,1,0.0,1,5,1,151,At Risk
d44ccec15f5f86d14d6a2cfa67da1975,372,2,199.0,2,5,5,255,At Risk
d453631105ef4efe9324ff9163c93895,389,1,159.9,2,5,5,255,At Risk
d46eb9ba6d6b75c1dac85b91911fc9c2,354,1,58.9,2,5,3,253,At Risk
d48638d3446e1d1556b850fdc3eeda8f,396,1,105.0,2,5,4,254,At Risk
d491a65a6ef3c04e145d37395996bad7,553,1,0.0,1,5,1,151,At Risk
d4bd5654b8fe422766fe81834793a59a,561,1,0.0,1,5,1,151,At Risk
d4bf092ba54c293495ebbbd982d653d8,497,1,0.0,1,5,1,151,At Risk
d4c01fb33a50efe02b5f7ed95f566389,534,1,269.0,1,5,5,155,At Risk
d4d43f25b59d9e22be5c238a77c52eb3,589,1,0.0,1,5,1,151,At Risk
d4e190a11aad26d64b625617455dcc4f,535,1,599.98,1,5,5,155,At Risk
d4fd3f83ce187e9184d32bdf2c3769c6,530,1,0.0,1,5,1,151,At Risk
d5041ac956dd7e7319481ae5eb0e5673,477,1,109.99,1,5,4,154,At Risk
d51f2db09ab57334edc3b1db9db5f9ba,316,1,45.98,2,5,2,252,At Risk
d5237d1c43327be57b64668ef3712042,305,1,315.0,2,5,5,255,At Risk
d5292e185ba6169c80ab77fe218ef01b,339,1,179.99,2,5,5,255,At Risk
d55b17c53c5a828006fc8a7f73dd4fa8,448,1,69.0,1,5,3,153,At Risk
d56879f3551bb3b35caa7950ef7e7dd1,319,1,10.0,2,5,1,251,At Risk
d5757a126bd48eb32c706bf3b2349947,514,1,12.97,1,5,2,152,At Risk
d5a9eccfa0ca0ec79d59b81e98d83911,534,1,249.99,1,5,5,155,At Risk
d5cce2d8c29533983e7932fc9f914a86,312,1,357.8,2,5,5,255,At Risk
d5d51a05e84aeb864c71d01992228bf5,363,1,66.9,2,5,3,253,At Risk
d5fb0f227f7202204c85fef4ade73a62,560,1,47.9,1,5,2,152,At Risk
d60206c59aedb23b925377dc8fdd43bb,308,1,0.0,2,5,1,251,At Risk
d615b9ec562cef52513c9af50daed0c4,301,1,29.9,2,5,2,252,At Risk
d636819974225176f4e4983badc49539,312,1,26.9,2,5,2,252,At Risk
d65a1df1eb76ad462883782cc27e8e2f,500,1,39.9,1,5,2,152,At Risk
d66080b536ae3a1639751657b3698613,315,1,349.9,2,5,5,255,At Risk
d664dbfc7f2860095fc9da34a8615106,329,1,0.0,2,5,1,251,At Risk
d681396d784770d6368f2431f65faafe,347,1,59.9,2,5,3,253,At Risk
d699688533772c15a061e8ce81cb56df,367,1,109.9,2,5,4,254,At Risk
d69e7376cd254c900729616e75624e12,588,1,169.99,1,5,5,155,At Risk
d6ae86d5d5288d21d85bd5ad260ca140,491,1,45.9,1,5,2,152,At Risk
d6b9212886e07bc53970092f48486e73,586,1,65.0,1,5,3,153,At Risk
d6cf94b70aaa4cb4a72d9301e28f2cc2,416,1,159.99,1,5,5,155,At Risk
d6daa8df6192fb031e54d36f3a7d246a,555,1,134.97,1,5,4,154,At Risk
d6db3091e8c13023bf1e6d367b8c0847,473,1,52.0,1,5,3,153,At Risk
d6de9a445b518113b768614e64a73163,309,1,56.99,2,5,3,253,At Risk
d6e35f5a7df8970f8cae8251516ab787,311,1,39.99,2,5,2,252,At Risk
d6f48612f979f7abee1f3964f30afa2c,573,1,79.9,1,5,3,153,At Risk
d6f8a6ee5420cf061e6cf39bcb37c994,375,1,99.9,2,5,4,254,At Risk
d70614ab25c51e6ac100b3060df12e9e,302,1,144.99,2,5,4,254,At Risk
d71a769963b2c890c06e83cbed137a43,503,1,0.0,1,5,1,151,At Risk
d71e1d87ea05a759d69f770ac90f2fa9,326,1,0.0,2,5,1,251,At Risk
d7677b9c8e6c36355baf8544cc588b07,300,1,199.9,2,5,5,255,At Risk
d76adfdcadecba144ec1e65118e8e165,297,1,139.0,2,5,4,254,At Risk
d77f1ecd97aeef6dae72e3938c401462,430,1,119.94,1,5,4,154,At Risk
d780d06a532da7d8d0435cd348e591fe,295,1,28.9,2,5,2,252,At Risk
d789900b27c0988cf06890bb619520a0,301,1,8.9,2,5,1,251,At Risk
d7b918d0c8219843c0a245d589680a60,419,1,655.96,1,5,5,155,At Risk
d7dcb6a86716cae0bae52007bd8b7822,414,1,10.99,1,5,1,151,At Risk
d8045e16f9b65af3d9051d4c84a69ed4,490,1,99.99,1,5,4,154,At Risk
d815021b4d2400e191b912e96d494b2a,419,1,63.9,1,5,3,153,At Risk
d81c308750fc6d68dfb055b147c6c234,410,1,51.0,1,5,3,153,At Risk
d84d4b0fd330741632546d09239344bc,295,1,19.9,2,5,2,252,At Risk
d84eef527886bcba5d813645e08918d3,433,1,49.99,1,5,3,153,At Risk
d864fec759886e2c8ee25038e7f095ab,414,1,69.0,1,5,3,153,At Risk
d867b200f35b3fed18f1d1ef3a6e4d5b,552,1,13.9,1,5,2,152,At Risk
d89df8031e142bb5a28f16211b3ada43,365,1,368.9,2,5,5,255,At Risk
d8a033548dcefc0ed2fde1f45908cbc9,501,1,13.98,1,5,2,152,At Risk
d8b67ce6d6c062269add92dd22e8cc94,439,1,49.9,1,5,3,153,At Risk
d8cc9b8f7007b83e869b031fa0a0f5b3,457,1,59.9,1,5,3,153,At Risk
d8dae23478ae79d7fca03f52342e2854,302,1,113.98,2,5,4,254,At Risk
d8f1c0a8535010728eadc9a50e5478ec,464,1,56.99,1,5,3,153,At Risk
d92038d76dfe78418e9256a0a078c779,300,1,49.0,2,5,3,253,At Risk
d927267e54f07b9e0fd408d2f840024c,493,1,89.99,1,5,4,154,At Risk
d946e4705169903dd9058aa3c945108b,503,1,199.99,1,5,5,155,At Risk
d94e47730dff69f9f015ba5140eba246,419,1,0.0,1,5,1,151,At Risk
d9643e0f17a9f63e44217990f46a96f9,602,1,87.9,1,5,3,153,At Risk
d9752ac494a2b97507fd2faa478cabd9,427,1,179.8,1,5,5,155,At Risk
d97918f04ae8a0b8e8c8aa5be14b965a,388,1,44.99,2,5,2,252,At Risk
d983e9c0fd37fead1bf11f30ea1259b2,380,1,229.9,2,5,5,255,At Risk
d984dee7d1584f0e6f2141b680f7dc32,504,1,18.9,1,5,2,152,At Risk
d985ae8b6ca649e519d32152f243237d,581,1,79.8,1,5,3,153,At Risk
d98a8569d0a97a73b409f2abc148cb7f,404,1,0.0,2,5,1,251,At Risk
d9abbe73143b31e0f983679ad781b143,389,1,49.0,2,5,3,253,At Risk
d9dbfa0381f0935c78327417ed931dca,510,1,75.0,1,5,3,153,At Risk
d9ffaef986305a5a589b198d8568f211,318,1,146.0,2,5,4,254,At Risk
da1156ecf6d5c22b6f55a25a22b707e7,394,1,36.9,2,5,2,252,At Risk
da1e7179b9c5a1494d78528cbcf05aa0,489,1,59.9,1,5,3,153,At Risk
da2b78576894a7f95d45bfd20250cc54,582,1,39.9,1,5,2,152,At Risk
da3035eecf35b3553f5f3b53048e04fe,300,1,31.5,2,5,2,252,At Risk
da304fb777ca00325fde2045eb5f7f8f,492,1,52.99,1,5,3,153,At Risk
da47eee6ab68b4f7bbc41cab7d98459a,357,1,69.9,2,5,3,253,At Risk
da6578bb27787220b8d46f5128ef6ea0,394,1,0.0,2,5,1,251,At Risk
da76149820a35f0ef7ab70037d9dc9c9,338,1,49.0,2,5,3,253,At Risk
da85270334149dc7eb819b4604b5682b,585,1,76.9,1,5,3,153,At Risk
daaf7866693b57dfa2f4c68329073801,591,1,142.99,1,5,4,154,At Risk
dac0540077981a7fd7524504a8785267,384,1,115.19999999999999,2,5,4,254,At Risk
dad83f2ce374cdd39c4f3684d660c787,368,1,0.0,2,5,1,251,At Risk
dadd69bfdceeadee0f68a0307d76ea45,308,1,0.0,2,5,1,251,At Risk
dadeb993a5db01ccde3267ca82b5e0d0,434,1,280.0,1,5,5,155,At Risk
dae02a2d3984b71fe230f7271925c8a9,399,1,12.0,2,5,2,252,At Risk
daf7dfe5576b8c581e8353aa8608a008,541,1,0.0,1,5,1,151,At Risk
dafa159489cf3ac4a3c61ae21fc2634b,594,1,45.9,1,5,2,152,At Risk
db0898e62cb42db700932d47b1d7a0d7,380,1,185.0,2,5,5,255,At Risk
db1fdca924e7debb3a05ae065f76af9b,305,1,0.0,2,5,1,251,At Risk
db36f642b61273d1ffe6a24d44bf3f93,339,1,69.9,2,5,3,253,At Risk
db4a068b5f8bcb3e5e45be643f3961b0,321,1,689.0,2,5,5,255,At Risk
db5aea5488bd39609653d05d4a7a6522,582,1,69.0,1,5,3,153,At Risk
db7edcf38f0103c22a7231d6b9ce61c9,485,1,24.99,1,5,2,152,At Risk
dbb0c261d3a259f7bcae89bca2183343,541,1,0.0,1,5,1,151,At Risk
dbe3c825a48e75dab7ba3e4d7d0c40b0,442,1,103.83,1,5,4,154,At Risk
dbebf006da451288a7b8127c3540ce22,303,1,121.9,2,5,4,254,At Risk
dbf9d2d8651aa98885c12ec29829c6e0,414,1,679.8,1,5,5,155,At Risk
dbfd0ee98fac0d9b4f109a2aaed48093,399,1,50.0,2,5,3,253,At Risk
dc083e64cab83312a8ca1ff8c2699463,413,1,62.8,1,5,3,153,At Risk
dc0841d3aaec503e855801c36e6b63d0,492,1,189.9,1,5,5,155,At Risk
dc316d7b72678f31955bd54ee0b4f58b,409,1,129.0,1,5,4,154,At Risk
dc320cf7e55c0d6e7c47a938b3bbdb3a,375,1,47.98,2,5,2,252,At Risk
dc443b4872692acb2d61bd82c758ff75,334,1,0.0,2,5,1,251,At Risk
dc460c8c5a048d071e9fe80391c1e4da,315,1,119.9,2,5,4,254,At Risk
dc515b77bbc0990cc606ca579c2c52a7,409,1,190.0,1,5,5,155,At Risk
dc5167d9e627d3d027404e50bf25089a,308,1,59.9,2,5,3,253,At Risk
dc72d84effd751fe08996e409a9063a0,564,1,0.0,1,5,1,151,At Risk
dc83fe8f72fb4388f079a2f9b586240c,497,1,29.9,1,5,2,152,At Risk
dc9431e47beadfe1188b67bec3717969,295,1,41.9,2,5,2,252,At Risk
dcaece2588d9688376b75a288451b77a,485,1,113.0,1,5,4,154,At Risk
dcc7fb04fd4a19d3099e9f6e505ab08b,407,1,29.8,2,5,2,252,At Risk
dced7901a3def8937b3f41caaf0666ed,374,1,102.9,2,5,4,254,At Risk
dcf468beeda4b0ec3079e3e6b462fa51,370,1,0.0,2,5,1,251,At Risk
dd4862c74c3d3f406e043821d79ef6b0,554,1,29.0,1,5,2,152,At Risk
dd493718ff91bbd78cc0183714db5e41,316,1,40.0,2,5,2,252,At Risk
dd530943f0b4dc288d2f18098cc2e14d,401,1,0.0,2,5,1,251,At Risk
dd7aad249fd4f7cf7f1dc1d42cd1b48d,452,1,179.0,1,5,5,155,At Risk
dd7be927ce65354ff18a65c37e39c55d,351,1,0.0,2,5,1,251,At Risk
dd9b5ff85c3d0ac8b89852b04ce43306,455,1,79.9,1,5,3,153,At Risk
dddcc50cec9aabfe44b26c136236db0a,400,1,159.9,2,5,5,255,At Risk
dddfb6a3b339c13570d9ac71cb6c8f3e,418,1,300.98,1,5,5,155,At Risk
de179e054de0c203fe910e0443746173,602,1,124.99,1,5,4,154,At Risk
de2ae224bcb74731c0597181aba38de5,458,1,39.9,1,5,2,152,At Risk
de419df8633c2774a7c68912cb578df9,411,1,150.0,1,5,5,155,At Risk
de9f979be63bbed5045c2bf762dd2eff,345,1,39.8,2,5,2,252,At Risk
deb341a4b63b6c908a512849319cf207,560,1,0.0,1,5,1,151,At Risk
dec260a57209a3ff82484e6510808a3b,462,1,229.99,1,5,5,155,At Risk
ded340acb51cad2b368c3e986d006ba8,358,1,159.99,2,5,5,255,At Risk
dee6507f25f601864647a16185888332,313,1,0.0,2,5,1,251,At Risk
def1a6fa7d1d41faf6c99ac517468170,330,1,49.0,2,5,3,253,At Risk
deff56c7b9f9d9bd10bba398c4716f81,498,1,449.0,1,5,5,155,At Risk
df030c3c1d42349bb0a40197e53316ab,324,1,1340.0,2,5,5,255,At Risk
df033c6cca61206b057d843131600fc0,299,1,365.0,2,5,5,255,At Risk
df096c34368fc3c803ea65b8eb1bb68a,356,1,0.0,2,5,1,251,At Risk
df1a77f2996733d6147ee1f7cb86dcdb,298,1,0.0,2,5,1,251,At Risk
df1f63ae64a8a2cb1453e9149769adf1,306,1,108.0,2,5,4,254,At Risk
df369ca5c612b816d4c0fc3641703aad,300,1,35.0,2,5,2,252,At Risk
df38102d80095da57461f4e328d3ae7e,443,1,122.5,1,5,4,154,At Risk
df637bcaf1ff0bd6b532c86995d7efe8,472,1,0.0,1,5,1,151,At Risk
df6454025c6b8513d78d144824b68d94,600,1,168.0,1,5,5,155,At Risk
df8a4a3bd7490ea0c639756f43b8a347,437,1,195.9,1,5,5,155,At Risk
df92bfc8c606df2f1defedbd0b60a071,381,1,59.9,2,5,3,253,At Risk
df9e4a3bb3a6476db4c6987a96b055bb,383,1,19.9,2,5,2,252,At Risk
dfbc1ad2d51bcbd0a1b2bbdc21498852,472,1,167.92,1,5,5,155,At Risk
dfe404bc538d4172a3c0291fca2e74ee,574,1,623.9399999999999,1,5,5,155,At Risk
dff5ff8f411dd1d77875f7e17a3eb512,358,1,198.0,2,5,5,255,At Risk
dffe9e17ee19ba084abefe8365c1f57e,363,1,70.0,2,5,3,253,At Risk
e00cd514464e677a426819a99c2846f0,479,1,139.0,1,5,4,154,At Risk
e00ff363b36712bdb3e05c7cda218272,396,1,59.8,2,5,3,253,At Risk
e02fbead9117aa245d80a40e05a249b4,478,1,214.9,1,5,5,155,At Risk
e0335dda73513f3abff8843f0d38ef9a,372,1,39.9,2,5,2,252,At Risk
e03a1bf47d42257f8e8e5e8775696622,611,1,0.0,1,5,1,151,At Risk
e048d4f04bde3e12f337cf38d680345d,585,1,0.0,1,5,1,151,At Risk
e08869b13b8407ac7473e5bd5f534d2a,343,1,72.0,2,5,3,253,At Risk
e09b74bdbfb36ed596e4fcd32a35e1ed,569,1,180.0,1,5,5,155,At Risk
e0b0f9beb31782e3174a67b875697ca0,539,1,129.6,1,5,4,154,At Risk
e0b8853b235f45dfbf53e334eb8fa0d9,311,1,79.0,2,5,3,253,At Risk
e0bff7f12e80edb92eb445eea812d9d6,330,1,56.99,2,5,3,253,At Risk
e0c0a40e824847b137134f36488d2731,591,1,219.99,1,5,5,155,At Risk
e0c99ffdcd8891130985ac90cd2d8eec,394,1,176.99,2,5,5,255,At Risk
e0e0f6ba16a5348ec87df10c47ae0b4e,306,1,31.9,2,5,2,252,At Risk
e0f8228aaaf56d5c2c07234fc825d37c,299,1,79.0,2,5,3,253,At Risk
e0fd7725d9467c84add5e7c9c047ceb9,380,1,125.0,2,5,4,254,At Risk
e106b0bf1efc2352bda60eaeced76675,609,1,160.0,1,5,5,155,At Risk
e12de94bb753d1bf027df4aa95212a6c,542,1,26.9,1,5,2,152,At Risk
e139bc5274d13c4f54854f48b0dd25db,304,1,0.0,2,5,1,251,At Risk
e139cc1019486af87f64fda5176e4bf0,300,1,59.98,2,5,3,253,At Risk
e14dcbca72e57d7ee7ac43d9131b12b8,423,1,28.99,1,5,2,152,At Risk
e17e78316ef8bc0ab2ee6bb087cbe61f,335,1,89.9,2,5,4,254,At Risk
e185c409705237e14313f1ea04f1699d,386,1,0.0,2,5,1,251,At Risk
e19911f2bddf9350e05754eb87c281c1,333,1,30.0,2,5,2,252,At Risk
e1a63c8e2ec6942aa55536213460ddb7,549,1,0.0,1,5,1,151,At Risk
e1a821d8a0ad5e951bf0e47464dd1f9e,299,1,0.0,2,5,1,251,At Risk
e1bd9953029d9683b41f570e717f82ff,332,1,0.0,2,5,1,251,At Risk
e1c02550e84159111c72c83aeb1389dd,424,1,0.0,1,5,1,151,At Risk
e1cc99aeefde14c615a58d95db131e1b,316,1,49.9,2,5,3,253,At Risk
e20081fc203c5b78fad87517631f5e99,320,1,116.0,2,5,4,254,At Risk
e21b82d5792a763447fc6a32f9cd29e5,474,1,0.0,1,5,1,151,At Risk
e21bcb965a4ae840d08fc2d602104fd3,298,1,0.0,2,5,1,251,At Risk
e22c7e55a547f8d9bc30d2957ba1c9c5,601,1,139.0,1,5,4,154,At Risk
e24412dbb37fcabe11101f614ceed41a,451,1,99.0,1,5,4,154,At Risk
e25e370b86824ff1a40d01c259cadd98,373,1,279.99,2,5,5,255,At Risk
e25ecad4f206325588f4b913642377eb,467,1,0.0,1,5,1,151,At Risk
e264ef071f4c0fb4a0f3e9139b283dee,597,1,239.99,1,5,5,155,At Risk
e27f3ddcf51ef11b17c7801428999156,423,1,119.8,1,5,4,154,At Risk
e283ad13ad6d3a8a4e650772ccddf2d5,329,1,99.9,2,5,4,254,At Risk
e2a39e986034a5b5dfd3df5b949fa618,443,1,109.9,1,5,4,154,At Risk
e2a96003df4645da636aa77f7af2c16d,482,1,68.0,1,5,3,153,At Risk
e2ca9c67725cb7205986dd3a5bcb9c7b,388,1,135.0,2,5,4,254,At Risk
e2da23eccfb3e41be791daaa219d75c0,361,1,0.0,2,5,1,251,At Risk
e2e92eb45afee3da92849c04f5304a48,353,1,109.0,2,5,4,254,At Risk
e2fa02776abcbf7246ffd18f58e120ea,561,1,179.99,1,5,5,155,At Risk
e30e0e57e66477dad963535b38974023,426,1,0.0,1,5,1,151,At Risk
e3182b1d615eaff78ec0dae99397e89e,347,1,0.0,2,5,1,251,At Risk
e3301490c373db9263c15a73172d0c6f,540,1,113.99,1,5,4,154,At Risk
e3405e8bbd4b26de8e5dc6c17613ad50,299,1,240.0,2,5,5,255,At Risk
e345b7d024013746026a4f9492bb1223,366,1,289.99,2,5,5,255,At Risk
e34c56da9aac39ebc70662c7f4314937,499,1,229.99,1,5,5,155,At Risk
e38bf9a883752b0b65407a103fd7ef30,296,1,30.9,2,5,2,252,At Risk
e395db9777355d755374af8e18f36548,337,1,129.99,2,5,4,254,At Risk
e39899fb1163344cac7ef285256bca51,555,1,59.99,1,5,3,153,At Risk
e39a7d7fd722668fe4c6b9873ee72638,370,1,0.0,2,5,1,251,At Risk
e3a5f5e65ff3b780847f89dcc81c344b,550,1,52.5,1,5,3,153,At Risk
e3bcfea9bab07b492391664fc1ffc28a,339,1,0.0,2,5,1,251,At Risk
e3c98dd47fb70fc2a9964a4851385d99,424,1,45.9,1,5,2,152,At Risk
e3df2646a7693da42f14cdbd5fe7e969,385,1,98.99,2,5,4,254,At Risk
e3ea2c912c287a7112962ed5bd521712,322,1,49.0,2,5,3,253,At Risk
e3fa4d9aa37938358845dfd0e1ab3ed0,300,1,59.8,2,5,3,253,At Risk
e4000306cf2f63714e6bb70dd20a6592,469,1,170.97,1,5,5,155,At Risk
e4116a753c957e67c646e447c2141b2e,459,1,0.0,1,5,1,151,At Risk
e4206d9f87b6c72fb4e1922e20e29917,395,1,0.0,2,5,1,251,At Risk
e428db1e8a000b274f1e4e5189e9150b,337,1,0.0,2,5,1,251,At Risk
e42f9acfa96158aedb678a0ecf07f908,372,1,29.9,2,5,2,252,At Risk
e4384633fb2c44dd9d702f57cdb22867,505,1,164.0,1,5,5,155,At Risk
e43bc7bbe7b392fe9e923e936524ef5e,313,1,145.95,2,5,4,254,At Risk
e44110c2ff342e5bbda6c2224d94bbe6,496,1,189.0,1,5,5,155,At Risk
e46460e7d67b07b96da1fd59ea1ca3fe,580,1,37.99,1,5,2,152,At Risk
e476843c331c4261a33844b54d0d3409,493,1,0.0,1,5,1,151,At Risk
e47b298c565467e3d43636d5211c0ddd,324,1,0.0,2,5,1,251,At Risk
e4b4ab0cebdc0949fcd579139e173acb,548,1,59.99,1,5,3,153,At Risk
e4bd14f440ef8ed8d3cf48ebf731fd7f,386,1,51.0,2,5,3,253,At Risk
e4bd579c28cb9ce017feb990171bc957,415,1,95.0,1,5,4,154,At Risk
e4e4b8552ae792cc58e07b3360033016,374,1,35.99,2,5,2,252,At Risk
e4f8995d1c02567ac653a0016a2a195b,296,1,229.99,2,5,5,255,At Risk
e51eaffb93507fb621df4131e0454edd,598,1,189.9,1,5,5,155,At Risk
e552f9058852b6d263b3463abca2c07b,334,1,99.0,2,5,4,254,At Risk
e559037a41c00e67a8f44632d83e1475,427,1,20.89,1,5,2,152,At Risk
e55edfb92c19a7c7836068f345250c87,416,1,159.9,1,5,5,155,At Risk
e57065168c3718bdfcf543c020c2d2d0,577,1,44.9,1,5,2,152,At Risk
e5eed5d0afc1ee8620468918995df9f6,319,1,99.99,2,5,4,254,At Risk
e5f02d7d17c6b96e78f078a555516a23,434,1,48.9,1,5,2,152,At Risk
e60599551efd9a16671ddf0668aea5f1,356,1,147.0,2,5,4,254,At Risk
e616b8462d4d4fadad750989fe75d0a4,572,1,93.9,1,5,4,154,At Risk
e62169ba0cb892e8e7b57e8602f8da7f,567,1,0.0,1,5,1,151,At Risk
e6265c2122da57d6bb3df820dec0d905,357,1,0.0,2,5,1,251,At Risk
e63b7e65ecb65d0d1624a564fa2c8cff,365,1,7.0,2,5,1,251,At Risk
e63d1b81ea1a2cc0a9468c06a4305e09,298,1,56.99,2,5,3,253,At Risk
e64269d4e5997521884e61069f671fc8,298,1,58.0,2,5,3,253,At Risk
e64ff3aa451224e1c9459826a335ff33,435,1,150.0,1,5,5,155,At Risk
e6558a7e200fd62e29e284c91e771b00,297,1,41.5,2,5,2,252,At Risk
e6615a6b892c0ae58f8d1e1bd8f1c609,455,1,89.9,1,5,4,154,At Risk
e68790871f64ddcc3e7f47040727a0f0,298,1,117.3,2,5,4,254,At Risk
e68e57f2c6750ea1ca70246e464a8c35,413,1,22.9,1,5,2,152,At Risk
e69e2b2ce493d7d2307b2588fd1614bd,567,1,119.99,1,5,4,154,At Risk
e6aede5b2818df1b512845c729cf7463,296,1,1098.0,2,5,5,255,At Risk
e6b7d4d4935d76db6efb38e40bbdd43e,497,1,29.9,1,5,2,152,At Risk
e6bce3bae4ce9bba358e56e51d9e005a,301,1,95.0,2,5,4,254,At Risk
e6c4ff8a40f09e03dc463d697066056a,401,1,119.8,2,5,4,254,At Risk
e6d5de7faa32aae4746d4900a9ceb236,487,1,0.0,1,5,1,151,At Risk
e6e2a0b666308138b428a3171f518355,420,1,199.0,1,5,5,155,At Risk
e6f6acc2074b58f269526302f3926428,351,1,239.9,2,5,5,255,At Risk
e72c54ba06b40cea8b3099c6662ef3eb,509,1,55.5,1,5,3,153,At Risk
e74a66b4b4bed8696026a6c260485b7a,329,1,0.0,2,5,1,251,At Risk
e75299e7341399b1d5f990c7d13b2773,299,1,0.0,2,5,1,251,At Risk
e77efb6522986a5e862a54dd91251bb3,461,1,89.0,1,5,3,153,At Risk
e77f97a4b49c999460c0e213e298f944,372,1,145.0,2,5,4,254,At Risk
e780f220ae4ea7c90dfb37f103e41950,356,1,34.99,2,5,2,252,At Risk
e792295324dc214551396089642c31ca,303,1,259.99,2,5,5,255,At Risk
e7931edb23d9f6c6cbb441a68134fa00,425,1,159.0,1,5,5,155,At Risk
e7aa5a5869f3e9d7d04fd3aa5f90631f,488,1,189.0,1,5,5,155,At Risk
e7ba333fbe7c3afa5f89cb575f9eac6e,498,1,0.0,1,5,1,151,At Risk
e7fb9f1bc1af781c26af81deea39de70,477,1,159.9,1,5,5,155,At Risk
e8085241eb1297eaa9bfa9453ea0b1ca,434,1,49.9,1,5,3,153,At Risk
e808aa0ce98f33e671bf3e5b47756564,414,1,0.0,1,5,1,151,At Risk
e8092d3af4962027cd1f45d669494cd6,503,1,0.0,1,5,1,151,At Risk
e80a8c34a80c26fe8c70c6d316c7f1c4,504,1,199.0,1,5,5,155,At Risk
e819069612699e215127ae14289c413c,604,1,164.89,1,5,5,155,At Risk
e81dd1589aadf99b5c59c15289de5df0,591,1,23.9,1,5,2,152,At Risk
e86c8c3deb1931319cacce610efc4514,301,1,32.99,2,5,2,252,At Risk
e89bf89e2621b5aeb4c181e69a8c6952,445,1,0.0,1,5,1,151,At Risk
e8a76fd9643bc0cd7e801230e90c0941,557,1,249.99,1,5,5,155,At Risk
e8b370122395d9979a0d319db8dbdfcb,494,1,19.9,1,5,2,152,At Risk
e8bab621313ad2a3c0ce8e3a023ff9bb,365,1,0.0,2,5,1,251,At Risk
e8f2f808befac3751a24bf41b69673f0,520,1,186.99,1,5,5,155,At Risk
e8fdc48586ede8c54d9dd454f21b30d6,304,1,0.0,2,5,1,251,At Risk
e90332eb389e52e39e2567fe96001806,333,1,59.0,2,5,3,253,At Risk
e91de0cd1805d4c23b74e2abc6005341,314,1,89.9,2,5,4,254,At Risk
e92a2a874e305a7e920b0a0b308d5890,345,1,2680.0,2,5,5,255,At Risk
e92cf8004da0ba60863ad7d5bd816f5c,300,1,0.0,2,5,1,251,At Risk
e93d9a6b5205ffb13668bdea1285c973,306,1,150.0,2,5,5,255,At Risk
e95ee26dc2deadf1d73c8678f82e44d9,304,1,41.5,2,5,2,252,At Risk
e9659b474a13413b36c7a5c1e6d7055b,425,1,87.9,1,5,3,153,At Risk
e973edd68791bae7747c986eb898cd00,295,1,0.0,2,5,1,251,At Risk
e9c484d9dcf31bbc2c94118f6a79d007,344,1,104.9,2,5,4,254,At Risk
e9c9682161ad1d5f51d7ae6e07447f88,550,1,0.0,1,5,1,151,At Risk
e9dc392ca45bbd1c3faf921ccd7ebbd1,477,1,264.99,1,5,5,155,At Risk
e9ea974c698b57da5b96f665da9d7b1c,410,1,58.99,1,5,3,153,At Risk
e9f5dd4be49421d8bee2a0f8dd7e439f,423,1,42.9,1,5,2,152,At Risk
ea1047b9edfc80b38ec0c2502432d577,472,1,0.0,1,5,1,151,At Risk
ea134de7de1af089905e923b036a7fe4,400,1,14.0,2,5,2,252,At Risk
ea15638adf14a88a2011afc5daa75256,479,1,126.99,1,5,4,154,At Risk
ea20fb8852a37fb8519b72f172bb3d67,540,1,415.88,1,5,5,155,At Risk
ea2cf3092f1a6b9641abe79f008ad478,547,1,0.0,1,5,1,151,At Risk
ea354e8bfd0528f5bcfb2b5c305b6496,556,1,0.0,1,5,1,151,At Risk
ea45fdfe8aaa3f81604b23a652c49fcf,323,1,119.8,2,5,4,254,At Risk
ea5ba533074aeff0844eab0c690b2c7a,300,1,23.99,2,5,2,252,At Risk
ea638fb7f3303f3c72cf8e7af61a6a37,464,1,123.89,1,5,4,154,At Risk
ea9dbe6719ce1f77f6b030a306f4fb84,433,1,0.0,1,5,1,151,At Risk
eac4081f1bffeed8e8daf373c384af34,301,1,0.0,2,5,1,251,At Risk
eaee80ca87b183f22bca9bbfa8ab0928,332,1,0.0,2,5,1,251,At Risk
eb255e9f7f5fbc8315061b20ae8f3ad7,528,1,69.9,1,5,3,153,At Risk
eb406f65c94700a8e09d6cf2c4c1ef9f,379,1,98.63,2,5,4,254,At Risk
eb4520b16c32518b6615f2d50f1be1bb,493,1,179.98,1,5,5,155,At Risk
eb6032dea9f269982768cc6eed456cc0,357,1,19.9,2,5,2,252,At Risk
eb62b07ca321721f670878d498af4833,421,1,0.0,1,5,1,151,At Risk
eb679f5c31d49d7a27b04db1e948b959,351,1,899.99,2,5,5,255,At Risk
eb8367e178d144706a4ff3da62d284cb,343,1,38.0,2,5,2,252,At Risk
eb8559e29e05f13da4c369aa00081da6,309,1,99.0,2,5,4,254,At Risk
eb9414e9c56dacd436c2b7a274b34983,557,1,0.0,1,5,1,151,At Risk
eb95548b5609bc72326178567edf6f69,375,1,0.0,2,5,1,251,At Risk
ebcabf25f7c1fe3f0b1dc696cb94f1e7,300,1,89.99,2,5,4,254,At Risk
ebd599a8163e7b1a584c6507947655b2,463,1,0.0,1,5,1,151,At Risk
ec039b68b511c08af9ca9e49e7419e70,309,1,248.99,2,5,5,255,At Risk
ec58906af5e6e0c82408136a61d23624,411,1,89.9,1,5,4,154,At Risk
ec66304b229f162d56f6711761aa8311,474,1,0.0,1,5,1,151,At Risk
ec6969699229c33bcb31059d4184049f,602,1,0.0,1,5,1,151,At Risk
ec7f1811826ab04a27a92197bc40c888,305,1,130.0,2,5,4,254,At Risk
ec7ff0c5e0b5495ed3c49c6bfd6d9ca1,484,1,174.9,1,5,5,155,At Risk
ec85abbbac44c1bb668a04903d033b6d,296,1,0.0,2,5,1,251,At Risk
eca3a8926046168aff9d798845a45446,419,1,54.99,1,5,3,153,At Risk
eca6d8070a6f7ab0bbe81ab5cc878db3,501,1,0.0,1,5,1,151,At Risk
eca8b601332d77bbeaebd6777d239e5b,422,1,0.0,1,5,1,151,At Risk
eca99c7b0bb707d3f08b027e8994b79e,491,1,0.0,1,5,1,151,At Risk
ecb8b41c3b84f98546950696321100d8,372,1,161.9,2,5,5,255,At Risk
ecc930730890330ced95c4fc78d4a91c,532,1,59.99,1,5,3,153,At Risk
ece7851ab0c8e9f6c398fbec7ba43747,553,1,59.98,1,5,3,153,At Risk
eceb50042675f24ba84998de4520465d,437,1,259.0,1,5,5,155,At Risk
ecef38d75a3dc4093d10bfe4907db4e9,550,1,239.8,1,5,5,155,At Risk
ed404c92ac3d0b621e1ddc2c3f947de9,421,1,35.99,1,5,2,152,At Risk
ed9fce60567d03fff71f9c06084c998e,512,1,0.0,1,5,1,151,At Risk
edc9873039c3986b086a6fa6953bcf27,415,1,39.98,1,5,2,152,At Risk
edd0d266ff17dbbc60ee63eaa7cc4fb0,360,1,0.0,2,5,1,251,At Risk
edd5f04fdd44b267bc93f4dcc01016a8,298,1,49.9,2,5,3,253,At Risk
edec9dc5759b4c2c62832162127ee800,445,1,488.99,1,5,5,155,At Risk
edf776664f19fc473c3c67fb28939a9a,520,1,127.9,1,5,4,154,At Risk
edf81e1f3070b9dac83ec83dacdbb9bc,520,1,7998.0,1,5,5,155,At Risk
ee0e744d5d1a2a0cb5a1920ef02b8f3c,476,1,0.0,1,5,1,151,At Risk
ee25395beccf60a948ec3591ec9ddacf,482,1,24.9,1,5,2,152,At Risk
ee2c239826fa08040447be849527bc56,362,1,189.9,2,5,5,255,At Risk
ee3944b64a4a9207cf551a5fe12982d1,505,1,0.0,1,5,1,151,At Risk
ee3f102da1f94d5782046090f5c6c67c,616,1,377.0,1,5,5,155,At Risk
ee4a83704c2de0dc8266893fa5cf966b,407,1,182.0,2,5,5,255,At Risk
ee515c21c199f27b0a4d254de725ed59,408,1,97.0,2,5,4,254,At Risk
ee6a2866f7155fed1d03b15ca4e234f4,410,1,149.9,1,5,4,154,At Risk
ee98818c6687d02e43557a4ea0178b2b,409,1,0.0,1,5,1,151,At Risk
eedc362a708fc98e119a63703ef27f98,412,1,0.0,1,5,1,151,At Risk
ef1d0f1922417f396a0aa0a03296c572,415,1,134.99,1,5,4,154,At Risk
ef4ae125724cae06f46da6a302c610d2,419,1,259.95,1,5,5,155,At Risk
ef53388a6daddbb43f7f79731ad79b96,304,1,99.0,2,5,4,254,At Risk
ef5947984bf1aad3ed84c0ad7da9f059,323,1,0.0,2,5,1,251,At Risk
ef67aca39c6d032bf935e90fad8d8255,393,1,24.99,2,5,2,252,At Risk
ef6f13afb9897c1d50fa603c47749b86,342,1,137.9,2,5,4,254,At Risk
ef877ec0a5efd176c1717e9c732d0bea,375,1,0.0,2,5,1,251,At Risk
ef882a6d4c534617972ab417947a77c1,336,1,38.99,2,5,2,252,At Risk
ef94319730784638e47138ded9d23014,338,1,0.0,2,5,1,251,At Risk
ef95fc30ec507e9c99984f33121a8276,519,1,151.74,1,5,5,155,At Risk
efa0f03926c32196b7872e25a183ee84,442,1,78.0,1,5,3,153,At Risk
efc37ae565ee0943cca2b89fc65c4d6f,296,1,25.99,2,5,2,252,At Risk
efdde190794fc1f7e2d1c91dda5453fe,548,1,0.0,1,5,1,151,At Risk
effbebdf9854a4a1fa1783211054115e,568,1,89.0,1,5,3,153,At Risk
f00a8a03e3037fa13779c6659df93647,438,1,0.0,1,5,1,151,At Risk
f00aa1cfc257dfff20184269b19db923,343,1,0.0,2,5,1,251,At Risk
f00dcc95289fc9d9a4938889748b94fe,444,1,0.0,1,5,1,151,At Risk
f036ca45f48f9058e7a227905a55eb7f,338,1,92.34,2,5,4,254,At Risk
f053ed40ef0fa5d5c8d6e50c125e9c1d,372,1,0.0,2,5,1,251,At Risk
f06c7ebe0f12b42eab6530215eecdc9f,329,1,45.95,2,5,2,252,At Risk
f08e73cf7f4d6403ec07e52497eb01bf,322,1,56.99,2,5,3,253,At Risk
f098fb162e43b4018ec692ecdbb07cf1,303,1,174.99,2,5,5,255,At Risk
f1097c9562bd8f87de1e69c30b3b08eb,346,1,119.8,2,5,4,254,At Risk
f10bbd7b7956d31e6ae6473eb6fd852e,435,1,0.0,1,5,1,151,At Risk
f12f064c0a45fa8ac5b7d8934d1bf853,463,1,80.0,1,5,3,153,At Risk
f149d790d8d6abe55f02b6db058178f1,504,1,94.9,1,5,4,154,At Risk
f1502c61446672ca641cf3ebe7d4f445,451,1,139.8,1,5,4,154,At Risk
f152faf30f85d9b5784cc9a72611a810,300,1,0.0,2,5,1,251,At Risk
f1577fe8a499651c3de5f2221dde3e90,549,1,49.9,1,5,3,153,At Risk
f164563c345a44cae29b45218a82e1e7,584,1,70.0,1,5,3,153,At Risk
f171039a67a78b3d57475168802da70a,609,1,6.9,1,5,1,151,At Risk
f175a16d4e5581676e72c0d321d9ff7e,364,1,59.9,2,5,3,253,At Risk
f1934cf6662a6b649f1338693a504eb6,415,1,34.9,1,5,2,152,At Risk
f1c0a99b859f709be78ef0d292178403,388,1,84.99,2,5,3,253,At Risk
f1eb09d2858a28f796484f8a9dfe2872,362,1,79.0,2,5,3,253,At Risk
f1efc19f85b4823a0bfde8f77f913207,714,1,399.0,1,5,5,155,At Risk
f1f4f45c8602d0db1329eed1c8e935d4,416,1,27.9,1,5,2,152,At Risk
f243d92252c77162d6ba60fb32a99bf7,314,1,27.99,2,5,2,252,At Risk
f25f06e6fe07270ef5d0e88f19f178d0,383,1,0.0,2,5,1,251,At Risk
f299134f7efff5b49cc413e408f1036c,301,1,0.0,2,5,1,251,At Risk
f2a84e3bcb9db0d7ae7f66c23f6a390d,502,1,26.33,1,5,2,152,At Risk
f2a85dec752b8517b5e58a06ff3cd937,492,1,0.0,1,5,1,151,At Risk
f2e54b347dcce00e1c162013a5f91444,473,1,69.9,1,5,3,153,At Risk
f2eb5bf76a4172b5ac7fc0ce6d64c3da,416,1,59.98,1,5,3,153,At Risk
f300b00a19af4d4f7bdf9f4524c4587a,590,1,19.99,1,5,2,152,At Risk
f3033234e737e044ab64490153959611,295,1,559.0,2,5,5,255,At Risk
f31ac54af6af7097bddd1053011e7a3a,318,1,0.0,2,5,1,251,At Risk
f3201e968a7ab367335f43807cd67576,506,1,32.9,1,5,2,152,At Risk
f3227a87d760e7bbcaf5377918fd68a5,406,1,0.0,2,5,1,251,At Risk
f329e0e1d8897ffa466a836ed216a23b,432,1,89.9,1,5,4,154,At Risk
f34dfcdc027db0be5e53a0e18f1bf343,521,1,124.9,1,5,4,154,At Risk
f3583c1f4a492c319e60501645848fef,304,1,643.91,2,5,5,255,At Risk
f35d2ef8ed8e757eabb0dc3aadfe0ad0,427,1,79.9,1,5,3,153,At Risk
f36f76de5290df0bae563f9cdccffeb7,423,1,159.0,1,5,5,155,At Risk
f37bd405972a0229ec900f3743f5bca6,336,1,34.9,2,5,2,252,At Risk
f38d0a168948a5dd98c2b8e0f9eb3120,580,1,36.99,1,5,2,152,At Risk
f3c1362badd3a3912699f9b8461e20cd,568,1,0.0,1,5,1,151,At Risk
f3df2c0b7cf3814b81b37ff6273f76cd,490,1,50.0,1,5,3,153,At Risk
f4089943e1529aefcd2733e1eecf877a,401,1,0.0,2,5,1,251,At Risk
f412bfa074505674f17bb5229a34d763,484,1,69.68,1,5,3,153,At Risk
f455e02e6a81e11652c1dcf24c1b3d43,297,1,0.0,2,5,1,251,At Risk
f45669f4fe48c48b6d5065322ac387be,382,1,0.0,2,5,1,251,At Risk
f46971f1ac7b376b668114a027c98e78,484,1,259.9,1,5,5,155,At Risk
f47a531a66bde7d4f0e085818fa2d733,507,1,0.0,1,5,1,151,At Risk
f499f5419a0121c20de531d64dad5ddd,301,1,72.99,2,5,3,253,At Risk
f49c983a47d5abc316b7c44c9e979021,414,1,0.0,1,5,1,151,At Risk
f4c8f8a862c73b83c4a9895e56dd67a6,402,1,129.9,2,5,4,254,At Risk
f4eccb8dace4acec8e518c4efe0e4478,508,1,199.9,1,5,5,155,At Risk
f529837b055ca5d7986bd18cfddfe0b9,369,1,22.0,2,5,2,252,At Risk
f5344c7feb209d1e8a9de5d60ed79331,416,1,45.9,1,5,2,152,At Risk
f54b2ebefa4a4e43e7fcd3b4de96795c,406,1,19.9,2,5,2,252,At Risk
f557a62eee3de36256ff993512eca32b,297,1,0.0,2,5,1,251,At Risk
f579f765f88484e7f0873d8fd68682bf,351,1,79.9,2,5,3,253,At Risk
f5add44bf786bd861fd6108d400cbaa5,300,1,125.02,2,5,4,254,At Risk
f5b080930d88f9d787e499810b108229,555,1,119.8,1,5,4,154,At Risk
f5c0ae7b842c7ff8ccb4ed83ff9e85ba,380,1,0.0,2,5,1,251,At Risk
f5c4461e656cc51e81d1cc7eb1d44629,453,1,89.9,1,5,4,154,At Risk
f5cd72e7209640c294bad4d57f4f7772,296,1,299.0,2,5,5,255,At Risk
f5dd4480c44d03775bc73f63771d987d,536,1,119.9,1,5,4,154,At Risk
f5dd55175349083073fe1321c976542d,303,1,0.0,2,5,1,251,At Risk
f5fed14b3b0f00d69196719fd821b26a,431,1,29.9,1,5,2,152,At Risk
f606b0b8bf72286165118a734858718d,352,1,59.49,2,5,3,253,At Risk
f6139ab3e9e9100d5210dc8467c38663,350,1,104.0,2,5,4,254,At Risk
f62da42a910ca0b93978f002ee5d0aef,534,1,370.0,1,5,5,155,At Risk
f62f0994e80e904a9f70e1a7fe8c0b60,530,1,18.9,1,5,2,152,At Risk
f63fcf3596aa843b978f6c2edff4be06,456,1,59.99,1,5,3,153,At Risk
f64aac8b568b587bc2133ba53c8a5cfb,332,1,23.99,2,5,2,252,At Risk
f64ec6d8dd29940264cd0bbb5ecade8a,349,1,72.0,2,5,3,253,At Risk
f64ee7b44a9c2170a0db74d6bc3d1ba8,497,1,56.99,1,5,3,153,At Risk
f664050e626abfb5b829ea47ee66a996,493,1,159.9,1,5,5,155,At Risk
f668da9fd026fcb79d28ab116c6c2b02,450,1,0.0,1,5,1,151,At Risk
f6884f30dad99ce89b8e384d84990333,358,1,179.5,2,5,5,255,At Risk
f68cbab6cbaab1d6226e2dafed486578,299,1,39.99,2,5,2,252,At Risk
f68ea95fb5e23cf5b7339307f9d17472,596,1,28.0,1,5,2,152,At Risk
f68f314d91a7d17c907e7d25d94d8b75,505,1,0.0,1,5,1,151,At Risk
f69dd277696f9a8fbe3745934891c18a,562,1,188.39999999999998,1,5,5,155,At Risk
f6aaac5f5b7ab52ab49bdd22d0225a0a,543,1,207.94,1,5,5,155,At Risk
f6c8c7f8540c8b6df90600bd3f866efb,417,1,0.0,1,5,1,151,At Risk
f6cb427433e01f43f79ff7a3b1f4222a,538,1,59.9,1,5,3,153,At Risk
f6ce59662fa24ba7ccc289430b580a7e,298,1,29.98,2,5,2,252,At Risk
f6d9da147a1feafa65e8d57c51cea44a,535,1,0.0,1,5,1,151,At Risk
f6db9c2162ee3658e5520c00a090b7c4,422,1,179.9,1,5,5,155,At Risk
f71fd390acf98dd3af1396d6c6b528b1,495,1,129.99,1,5,4,154,At Risk
f733f4254cce4a375a82258c272d1549,439,1,52.9,1,5,3,153,At Risk
f7375ab8456df55bdfc4d5f7dc5fb09e,310,1,459.98,2,5,5,255,At Risk
f73a70138af8debfc92ab98ce85d61e5,308,1,13.7,2,5,2,252,At Risk
f766f748d5a4af99224f8f36f2e433e9,589,1,125.0,1,5,4,154,At Risk
f799f3fb6001f51f8230e022db5de1b2,510,1,11.9,1,5,2,152,At Risk
f7be9bec658c62ab6240b44cd26c0b84,624,1,0.0,1,5,1,151,At Risk
f80521e48c7cb490d80e6b021f180626,438,1,189.9,1,5,5,155,At Risk
f84b6bbea318730a304d9bcafd99b9b1,419,1,28.75,1,5,2,152,At Risk
f85afbaa789589a925e9d3d2f8298f0c,472,1,115.0,1,5,4,154,At Risk
f8666e50d990ee722b53e8a3bdc57fbe,447,1,167.68,1,5,5,155,At Risk
f87119243e35259242f575fa8e447fed,367,1,119.99,2,5,4,254,At Risk
f8ab5ce36181ece75f0d3187871b2a16,314,1,15.99,2,5,2,252,At Risk
f8bffe1586fdae62dd3646353a25f958,300,1,16.9,2,5,2,252,At Risk
f8cc4ccf2ab328a1cef35f3617d7b19d,503,1,679.0,1,5,5,155,At Risk
f8d1c91f3c3c77bc0dca37c164e7e713,372,1,56.97,2,5,3,253,At Risk
f91a0235d18984973f88cdf07a23330c,487,1,589.0,1,5,5,155,At Risk
f9393bfe2de520787f6586a83abcfa79,519,1,65.0,1,5,3,153,At Risk
f96171fd9cd9d9810f7053c5263ce594,485,1,0.0,1,5,1,151,At Risk
f9704cfe97e0f31474c90f255b834511,437,1,130.0,1,5,4,154,At Risk
f971b51b5cde228a6212927455e6a973,342,1,0.0,2,5,1,251,At Risk
f987537e06b2e0fc86d565c2ec019d5c,379,1,48.9,2,5,2,252,At Risk
f98a54095b1171a5af8b49c5de6c0538,593,1,89.9,1,5,4,154,At Risk
f98b5b5ddcbbba6ad958d7356d14af69,360,1,79.0,2,5,3,253,At Risk
f98c176aa45d1fb308a31791727483a8,367,1,269.99,2,5,5,255,At Risk
f9d7b5bd17a1c2623a4d73d9a166c869,345,1,71.4,2,5,3,253,At Risk
f9ec24fb9f7ff631c6dd18328df0013c,562,1,79.0,1,5,3,153,At Risk
f9effeed3df9ae063a58c0759b96f8b2,518,1,190.0,1,5,5,155,At Risk
f9f52c3805c3a5ab1e78dac53cfa254f,314,1,31.0,2,5,2,252,At Risk
fa03f39a053e233abd89eb849f1b8997,414,1,121.8,1,5,4,154,At Risk
fa0701d2dced2266ee18d93d4b4fe37e,312,1,58.2,2,5,3,253,At Risk
fa08098a16131e9dd1dec2dd17fd4ee8,506,1,59.8,1,5,3,153,At Risk
fa1d2b263e93bd4561c0be5be2123628,474,1,48.9,1,5,2,152,At Risk
fa5381b23512b42e87cf186ebb8ab9b7,419,1,80.9,1,5,3,153,At Risk
fa57ef337cf4dbb67f82bc1d68c2da1d,431,1,45.8,1,5,2,152,At Risk
fa8a32304af9e335488c8ddae5f6bbc6,309,1,23.89,2,5,2,252,At Risk
fa93a560ff6d03af77a815849a6e4233,374,1,46.9,2,5,2,252,At Risk
fa98d9f9af1e16e0e205a601b0ccbe1f,322,1,0.0,2,5,1,251,At Risk
fab027a1984a0733038af650d749ac7a,303,1,0.0,2,5,1,251,At Risk
fad17ecf6603dd5e8267abd2b3bf05d4,369,1,59.55,2,5,3,253,At Risk
fad61b77c26ecaf96813bf7dc9e3ee80,416,1,349.9,1,5,5,155,At Risk
faf47b5b5d6da79375665838f42e5136,612,1,0.0,1,5,1,151,At Risk
faff4528095928ed7307472daf2417ca,400,1,0.0,2,5,1,251,At Risk
fb04537252647002e3fc677c818812b1,342,1,135.0,2,5,4,254,At Risk
fb14459f7393f821170896328c3ea8e7,479,1,73.9,1,5,3,153,At Risk
fb189cbf064e7525f9144bbd3fbdd922,593,1,119.9,1,5,4,154,At Risk
fb1b0ec9f6c522636a5f619eca94d8da,566,1,69.9,1,5,3,153,At Risk
fb48b86d9a78b53675c121e4ec8981ed,714,1,134.7,1,5,4,154,At Risk
fb512346f037df411e4a62c3181f5aaf,421,1,31.8,1,5,2,152,At Risk
fb819201cf760172ecaca73892bc8603,450,1,59.9,1,5,3,153,At Risk
fbb97973142894c3265d06e676820c5a,457,1,139.9,1,5,4,154,At Risk
fbc56033bdc4a266370de69012019a97,314,1,49.0,2,5,3,253,At Risk
fbcbfa3995be71ad8d028a12edb9d3bb,486,1,78.87,1,5,3,153,At Risk
fbd03175a9aa82faacbfa4ce8efa4096,333,1,0.0,2,5,1,251,At Risk
fbd58f38cbd2989e434b148f479534c8,427,1,55.0,1,5,3,153,At Risk
fbd78a1f19512b9535b9d07ee22e7ecb,552,1,49.99,1,5,3,153,At Risk
fbe53ee8a67e9fbf5cdb52d888701527,375,1,62.8,2,5,3,253,At Risk
fc11e5b57f5d9207e1d3a5f41e0795eb,348,1,349.99,2,5,5,255,At Risk
fc1c186e0436f5b790ab26eea95aafff,538,1,48.0,1,5,2,152,At Risk
fc2e9d70ce1e9c19422b859224a9abd9,528,1,33.2,1,5,2,152,At Risk
fc332aac4e6295b310434bbec9773c4f,508,1,39.0,1,5,2,152,At Risk
fc43c7addc1e0a622818d24929211a54,500,1,119.9,1,5,4,154,At Risk
fc44fbafeb777f4758880f91e2a33fe2,560,1,0.0,1,5,1,151,At Risk
fc5e5fe0a1c88aebef8f551bc84abd9c,519,1,0.0,1,5,1,151,At Risk
fc9fa1a38d9aa0666a09bc02cb28fb8e,519,1,0.0,1,5,1,151,At Risk
fcb2a7889cd93c74402d7156bd4ac7a0,412,1,579.9,1,5,5,155,At Risk
fcbe44facf671aa94ab5aa692af24c8d,542,1,34.9,1,5,2,152,At Risk
fcc258e765104e43d26c88647b24fb2a,561,1,169.9,1,5,5,155,At Risk
fccf6b62c8150e1670dc4bf341b9639a,578,1,75.99,1,5,3,153,At Risk
fccfbf734a92029859c4fe58eff05114,598,1,279.99,1,5,5,155,At Risk
fcd318dd219cded4518d90c72b04281a,590,1,49.9,1,5,3,153,At Risk
fd037201e479226546635251e9e5d519,499,1,185.78,1,5,5,155,At Risk
fd0c94860d35a337f8954558e9e0181c,584,1,269.0,1,5,5,155,At Risk
fd0f1a0d5fe3f37bb7ef4cbf354a8abc,570,1,21.2,1,5,2,152,At Risk
fd1159c8475b7f543ab1be4ed6207869,300,1,779.99,2,5,5,255,At Risk
fd3ac06f9bdc8860748cd9593e2d9788,338,1,115.19999999999999,2,5,4,254,At Risk
fd563c8c22b177ef85b1aa825a8394d4,375,1,59.0,2,5,3,253,At Risk
fd59b2040862a3c5f0956eeb1193f239,601,1,65.0,1,5,3,153,At Risk
fd634df670a00c1cf64d2ef2a78c1764,314,1,43.9,2,5,2,252,At Risk
fd6903dff2b9940dc1626ad81049a6a9,296,1,30.6,2,5,2,252,At Risk
fd6be8b946505a1d1a15686ad6073310,508,1,13.98,1,5,2,152,At Risk
fd9498521525ba7fe2a8515f00e7415a,554,1,34.0,1,5,2,152,At Risk
fdb1bd51afc276640a61902a7918522c,459,1,78.0,1,5,3,153,At Risk
fdc6af1584f0d901b388b9034a9f6b2a,424,1,65.9,1,5,3,153,At Risk
fde65d7bb1b30a86cc5cc0399b77e6b0,415,1,139.9,1,5,4,154,At Risk
fdf2ac320bf7064c82c5940346adadaf,600,1,22.79,1,5,2,152,At Risk
fe25d225d2494b252321b09821ebdbdf,309,1,0.0,2,5,1,251,At Risk
fe4d4f723597e832e9bbc67080a34c27,555,1,84.9,1,5,3,153,At Risk
fe583fa349eada65507f4a724344f5d7,548,1,43.48,1,5,2,152,At Risk
feae353ea73e765c5a5073dad8915449,315,1,179.0,2,5,5,255,At Risk
feae7ffdb1899fb29dc34b1ff3f9b5b5,305,1,146.0,2,5,4,254,At Risk
feb2a9889d236875c3510880bf9576f3,501,1,958.99,1,5,5,155,At Risk
feb5c47a617972ee276d95775a34d494,454,1,17.0,1,5,2,152,At Risk
fed51c3432d9ca128dc6a81c892a1168,301,1,49.0,2,5,3,253,At Risk
fed9ae71404fb97d15c821adbe64feab,343,1,0.0,2,5,1,251,At Risk
feedc42d8c47fd3c611675735b094c54,312,1,0.0,2,5,1,251,At Risk
fef01b6698bae7394677113b5e647eda,560,1,0.0,1,5,1,151,At Risk
ff20fff170ed80db557b344c839df854,429,1,588.0,1,5,5,155,At Risk
ff4159b92c40ebe40454e3e6a7c35ed6,484,1,0.0,1,5,1,151,At Risk
ff4336dff882bdd40446c12e7ae9bb0c,308,1,39.9,2,5,2,252,At Risk
ff44084bf8313fa8eae5ce6e43e341ed,351,1,239.99,2,5,5,255,At Risk
ff44401d0d8f5b9c54a47374eb48c1b8,489,1,0.0,1,5,1,151,At Risk
ff5508196f80abb3771cf943fe994e21,315,1,98.9,2,5,4,254,At Risk
ff57311a2fb5f9aa3477cc13c1c62a50,539,1,26.99,1,5,2,152,At Risk
ff5f0e6c9223056cd0e65b534856f5d0,331,1,119.8,2,5,4,254,At Risk
ff7014eeb94589da99e822e2618090fa,538,1,54.9,1,5,3,153,At Risk
ff755148365a0062374c353946b68aa3,360,1,174.9,2,5,5,255,At Risk
ff86fefe11696b1e957173516339bcd8,507,1,10.99,1,5,1,151,At Risk
ff9723b956508e1ce1e2f76b4fcdff54,397,1,0.0,2,5,1,251,At Risk
ffc142edc6bce329c6df0006387a5a77,394,1,18.9,2,5,2,252,At Risk
ffe780a8995715d9560ca10f3351710f,407,1,0.0,2,5,1,251,At Risk
ffe9be10b9a58c5464d833e8b1b2c632,297,1,140.0,2,5,4,254,At Risk
ffef0ffa736c7b3d9af741611089729b,479,1,109.9,1,5,4,154,At Risk
fff699c184bcc967d62fa2c6171765f7,384,1,39.9,2,5,2,252,At Risk
fffa431dd3fcdefea4b1777d114144f2,325,1,64.99,2,5,3,253,At Risk
