CustomerID,LastPurchaseDate,Frequency,Revenue,Recency,Churn_Status,State
00082cbe03e478190aadbea78542e933,2017-11-19 15:22:02,1,79.0,305,Churned,SP
0037eb1ff742ee2e71ba887f65f3c6f3,2017-07-13 09:00:21,1,0.0,435,Churned,PE
0047f3e16441284d757a8963344f6c59,2017-08-28 10:29:48,1,60.0,389,Churned,SP
00737247e3dc1942da2c527ef3bd2709,2018-03-24 12:25:44,1,59.9,181,Churned,MG
007953b3182d5ccc9189a694f5c68163,2017-04-15 22:00:21,1,99.99,523,Churned,SP
00ac9cd5c4ad19e16e7c6f6864711737,2017-04-28 14:20:07,1,209.9,510,Churned,MG
00d03b5e33f8987549c5590313a4ef21,2017-06-16 23:17:41,1,19.99,461,Churned,RS
00d96f54b90a6ffbe7361bcfdb85b0ba,2018-02-21 10:11:39,1,99.9,212,Churned,ES
00dd4390a8e8ad7a126e8331decc49ce,2017-05-11 09:13:17,1,94.9,498,Churned,RJ
00ecc71175078e2cac5547a5656e9622,2017-06-10 18:02:25,1,219.99,467,Churned,SP
00f0b70fdcb8a6e1671b52a2472bd41f,2016-10-04 19:41:32,1,0.0,716,Churned,SP
011b7396d7220ca4ff52508adcb6b870,2018-01-11 19:36:51,1,29.5,252,Churned,MG
012755131a5b785b0ae3291c339a9051,2018-03-24 13:13:08,1,358.98,181,Churned,SP
013f4353d26bb05dc6652f1269458d8d,2017-11-24 13:33:20,1,0.0,301,Churned,BA
014dcb5d582d60bca6a379e45a9041da,2018-02-02 18:17:19,1,47.56,230,Churned,BA
015aba8b6e516fbf6ee76c164c11987b,2018-02-24 16:42:01,1,69.9,208,Churned,RS
01927626c24c5826ceb6ca6b2797fd60,2018-03-21 11:23:05,1,259.9,184,Churned,MA
01daeb09de8f07882ccd4319ffbc4693,2017-11-26 11:20:27,1,30.0,299,Churned,SP
020311f9fc67a990f3d43b481398a259,2018-03-21 15:30:57,1,0.0,183,Churned,PR
0204f3da94dadaf3fa21305413e02d63,2018-01-11 20:21:08,1,73.5,252,Churned,PI
02238d275f51bce58c8e97218621bd91,2018-01-13 21:01:40,1,21.9,250,Churned,MG
02278b7fe04a285092542fa4313cdc31,2017-04-03 22:19:08,1,34.9,535,Churned,RS
022949b07073de5d6173732ea01d6155,2018-03-14 15:56:55,1,0.0,190,Churned,MG
023c8fe9cea056407269dfe9bdd57a8c,2017-10-23 23:35:39,1,37.8,332,Churned,GO
0296ddaa154279cc2bd15621e06e6f1f,2018-01-11 14:48:38,1,99.9,252,Churned,RJ
02ab4d19fd037fa00ad9892f7d529a8f,2017-06-19 20:27:15,1,129.9,458,Churned,SP
02c9e0c05a817d4562ec0e8c90f29dba,2017-08-10 13:35:55,1,75.9,407,Churned,SP
0309db53bd596593382d0accd83d292e,2018-01-15 19:26:18,1,670.0,248,Churned,BA
032cfb33364e07ebcafb4b8a92d7eec4,2018-02-28 23:42:55,1,69.9,204,Churned,SP
032e4efa58936187018b68818b0f49c4,2017-05-15 21:07:48,1,68.8,493,Churned,RS
0387d9f3e2a143aecdaa33644ab6658c,2018-03-06 15:28:33,1,129.0,198,Churned,BA
03b844f8f2bfba1e73ce0d1894807af0,2017-08-11 11:59:04,1,58.99,406,Churned,ES
0417c5c4535764e979a11b19edfef588,2017-11-26 21:33:25,1,46.4,298,Churned,MG
041caba6a63ace5818387698ea85cdb2,2017-11-17 08:47:41,1,40.0,308,Churned,SP
04370c96850ca795aa0c01a7c57dd1a6,2017-11-07 08:39:21,1,99.9,318,Churned,RJ
044f89a64b7bd1c9ceecd8f9a83971a8,2017-04-12 11:02:29,1,59.9,527,Churned,TO
04be500031efe43d2defff8c41810543,2018-02-01 08:35:49,1,79.9,232,Churned,SP
04cf8185c71090d28baa4407b2e6d600,2018-03-01 14:14:28,1,38.25,203,Churned,SP
04e1ad29192c7d23646272968393bf36,2018-02-28 21:27:43,1,0.0,204,Churned,RS
04e495a3f45df8b41be2e934bbc16961,2017-05-09 20:48:59,1,110.99,499,Churned,RS
04e9d0d712ca6da77124d0ee12be1d6a,2017-06-18 19:51:54,1,71.8,459,Churned,SP
04ecdc3e754a48294d832436960a3280,2017-10-29 23:44:13,1,308.8,326,Churned,MG
04f1fd1b75385fd1c7b6de018e0c4ab3,2017-05-18 23:25:09,1,0.0,490,Churned,SP
04ff6fa5671532494b7947c8c46f25f6,2017-08-22 12:57:33,1,0.0,395,Churned,SP
05114881a5aab7df4a187e73f7ba33c9,2018-03-12 15:10:05,1,0.0,192,Churned,SP
052862d82d6f60b7f189002fd598a135,2017-09-18 22:36:33,1,69.99,367,Churned,PR
052ad6288149460cb16d585299139e28,2017-08-06 23:13:17,1,89.9,410,Churned,SP
0549ef973c77b27ad1c186e845f72a5c,2017-10-26 10:30:47,1,29.0,330,Churned,SP
057854159bbc3a0aca93bbecd210c495,2017-06-11 16:02:43,1,54.9,466,Churned,PA
05a2a8159b5f30e79614ae9e14cafc4a,2017-05-24 18:03:51,1,47.9,484,Churned,SP
05eecdc8cf80e10dc84ce98e448fff8b,2017-05-09 13:06:19,1,34.9,500,Churned,RS
05fef3a82802270f3bfb10eaa50b29c1,2017-06-08 18:26:09,1,94.9,469,Churned,MG
06285644a5dcbd27f078ec193ef2fc72,2017-07-28 10:35:23,1,199.7,420,Churned,ES
06437dfb2aec58f76036b3c3ee36d9b1,2018-02-10 15:15:50,1,26.9,222,Churned,SP
067c8117bd9b4f406301921f6bcfb04e,2018-01-06 17:12:10,1,139.8,257,Churned,PR
0680711d6e757ec7287a047650d3896b,2017-10-06 18:22:19,1,0.0,349,Churned,MS
068bcff7a462c34ec6d5079013687979,2017-10-01 22:30:44,1,68.9,354,Churned,PR
0698b42dd37c77db1c056d415e028737,2018-02-16 18:35:57,1,27.93,216,Churned,PR
069ae72e12aa7c92b8a87dda4ccb86ac,2017-03-22 12:30:05,1,0.0,548,Churned,SP
06b672c7ae6d7ef4cbe41318c397537a,2018-03-07 16:27:30,1,109.9,197,Churned,PR
06c0e20a617982c7a5113459fde779a4,2017-03-25 21:22:15,1,897.0,544,Churned,SC
06fc096ec2387d11747ae31a57cd2551,2017-10-25 20:00:39,1,0.0,330,Churned,ES
07187fdb640eb2923d831b48ce809b54,2017-07-28 11:25:16,1,153.0,420,Churned,SP
071bb277b0146da77fac31e70657815e,2017-07-08 14:12:08,1,84.99,439,Churned,RJ
071cabf48b9a52a0138a68d3600c3cf5,2018-03-15 13:11:13,1,81.0,190,Churned,SP
0720894ca242f4a59d328ac214def1b2,2017-11-12 23:36:14,1,37.99,312,Churned,SP
075f9dd6470835295f76e7f15b791e82,2017-12-10 21:58:51,1,109.9,284,Churned,RS
076fae3f09eb7ff1b41f2dcbd96e867f,2018-01-20 12:31:43,1,86.9,244,Churned,MG
078401292a38d006a34bb0c4b31f6e31,2018-01-19 17:38:35,1,0.0,244,Churned,SP
07a421ede5046fc7bf8af5609afaa05c,2017-07-06 20:25:32,1,199.0,441,Churned,SP
07aa2ff08a800a8e109f9a6273b3eaa9,2018-02-07 16:10:34,1,149.9,225,Churned,MG
07b28cf1d8515d08ccca505e273fffaf,2017-03-24 13:56:44,1,482.9,545,Churned,SP
07c6a18a7a0ed9ae97808d25bbdb38fb,2017-12-18 08:26:07,1,32.0,277,Churned,PE
07c7ce958d4fc8ecdad390153fc60079,2017-07-26 09:12:56,1,0.0,422,Churned,PR
07d49575e9eb300156daf8a365fb19fb,2017-07-09 23:32:06,1,34.9,438,Churned,PR
07d5b1f9bdd053347f0213187b343ac9,2016-10-05 22:44:13,1,0.0,715,Churned,SP
07d743c857ab9a05f2863d4aca57db81,2017-09-10 17:57:28,1,87.8,375,Churned,SP
07da55ca1be33c14e4f02f24a3f6de6e,2017-11-09 12:49:59,1,80.0,316,Churned,SP
07f73198f5bbc83c1ad9806a7ca28144,2017-08-30 20:20:12,1,45.99,386,Churned,SE
08142acc8309337e9dfd631c5f41da27,2017-12-21 14:25:31,1,149.9,273,Churned,ES
084a1adef368b0d738db72ea6cf5d196,2017-03-01 17:03:07,1,25.99,568,Churned,SP
085927781359b6edec85db5ecd78fae2,2018-01-07 19:59:42,1,139.0,256,Churned,MG
08866945ffb898dc38546a5322439203,2017-06-08 10:51:40,1,159.9,470,Churned,AL
089b7f0bd3654dae116bbef61b197fea,2017-11-11 22:16:49,1,34.49,313,Churned,SP
08c563a0e00983d634746efc2cd9fad6,2017-10-22 16:11:06,1,0.0,333,Churned,SP
0902b91d17bd2b9675664f8a4d6565c6,2017-03-09 20:50:46,1,109.9,560,Churned,RJ
0920c55955b78533a8319ad1d08baa2f,2018-03-14 11:22:37,1,0.0,191,Churned,MG
097442a1538f33ea89dbbe3779fe6db0,2017-06-24 17:11:53,1,99.99,453,Churned,MG
0980adc99590048735ae43d0cc619550,2017-08-09 20:07:05,1,379.9,407,Churned,SC
09a2a3befff4ee3680617f07d9b473ed,2017-05-27 03:23:02,1,83.36,482,Churned,ES
09c361fed7245568f0f104496ed4f92f,2017-11-24 19:58:16,1,98.97,300,Churned,SP
0a0a0dfb438e7ba3e91ec9579d9792b0,2017-07-14 18:30:46,1,34.99,433,Churned,PR
0a11a4d0e9f9e864f03a7451f0f255b6,2017-07-10 12:23:05,1,0.0,438,Churned,SP
0a3f8040b6aac1d8add29db655c3e463,2017-10-26 16:19:58,1,56.99,329,Churned,SP
0a56b53b96fc69f9d9aa8a0d4037c900,2017-11-22 18:23:16,1,72.48,302,Churned,SC
0a5df23b922b9998bb7378f1ac03c98a,2017-09-29 09:32:17,1,29.99,357,Churned,RS
0a609db8d244100909a15d65eadf8539,2017-10-18 15:53:45,1,37.99,337,Churned,RJ
0a7c72fec6e7d7917460e5a26f09dce9,2017-11-29 12:48:56,1,0.0,296,Churned,SP
0a8c1dca34c99bbb023b3b1b09735bfa,2017-11-12 18:56:02,1,16.97,312,Churned,GO
0aa7d3df6008a3d5aa9db07e65cef5d3,2017-10-04 23:23:34,1,0.0,351,Churned,ES
0aadc1d26d1c8b88a52c39a533ccea93,2017-11-28 10:27:09,1,1359.92,297,Churned,BA
0accfc28d252c3155b25991b5b9e7ea5,2017-10-27 11:58:54,1,33.49,329,Churned,SP
0acf30b91a76fe44ccc15e1717dfb672,2017-09-28 23:06:14,1,134.9,357,Churned,SP
0adb4a6277959c538f115b485f2b0495,2017-08-05 14:39:14,1,45.0,411,Churned,PB
0adf2fc24a06dc36031666d008044c6e,2017-07-25 22:57:29,1,37.99,422,Churned,RJ
0b355a14c548a718b4e423a3914bdc17,2017-06-06 21:40:51,1,0.0,471,Churned,CE
0b388905f710fa603f635906bc9afacf,2017-03-25 20:01:03,1,0.0,544,Churned,RJ
0b49c33f53bc3d731cfc40dd36cc1b31,2018-01-17 16:32:19,1,57.8,246,Churned,SP
0b5fbc764612225ace7795b93b38aa35,2018-01-22 15:24:44,1,53.0,241,Churned,SP
0b63891bfcfcede37c648664908e6cb3,2017-06-23 17:36:41,1,49.9,454,Churned,SP
0b8a4ac66e2edd1e8423e2016dc5b9b6,2018-03-01 11:48:22,1,33.9,204,Churned,SP
0ba133b294e8131231a0176e0a2f0853,2017-06-30 12:57:54,1,129.9,448,Churned,SP
0c2018c190ac0a6c5a02c0bcbfaf2129,2017-03-19 17:06:25,1,169.96,550,Churned,RJ
0c408490d833fcce64944726a4cf9d8c,2017-12-21 17:45:50,1,56.0,273,Churned,ES
0c4266dc13e119f7b8d87ec0f31f3439,2017-12-04 17:42:45,1,198.0,290,Churned,ES
0c428f7733b04c35dac27a76efeec295,2017-09-07 04:14:08,1,29.9,379,Churned,DF
0c5e206ec36cc859ac0b248f2ad72e6e,2017-06-23 11:23:50,1,89.9,455,Churned,PR
0c6622facae49819fe1591fcc9737bb2,2017-12-09 23:17:24,1,189.9,285,Churned,SP
0c7360e4c7109f897e18fedcec400ccf,2018-03-21 10:18:04,1,90.0,184,Churned,SP
0c7b920c8084dc18771c014987fc49ef,2017-02-05 09:02:40,1,0.0,593,Churned,SP
0c8c9d632cdaea590c5e62cdf6db4b9d,2018-02-24 12:18:42,1,34.9,209,Churned,SP
0c9c69e1c09db6c3891e0cfccfd05bcb,2017-11-19 20:27:10,1,13.99,305,Churned,PR
0cba4bb63764d34cf5ada48adfbe67bb,2017-10-03 21:02:27,1,0.0,352,Churned,SP
0cda37a2bb960bc86fb2a2c027f995bb,2017-06-13 15:50:59,1,74.0,464,Churned,MG
0cfe42acc51af3f1b24268032e51bc56,2018-03-12 13:32:14,1,0.0,193,Churned,PA
0d062c3c954a9f461c2be3e19cb99ae2,2017-06-22 11:05:14,1,59.9,456,Churned,SP
0d21499406ab7c18f548dc945b63c28c,2017-02-20 13:43:53,1,82.99,578,Churned,SP
0d3394dad534976f75bb0133fe18bd63,2017-07-18 14:57:58,1,119.9,429,Churned,BA
0d3d2bb5ba03b60324b0684e614c7c20,2018-02-10 11:48:42,1,79.0,223,Churned,SP
0d997d092f93b5c58d0f9b4bd0643d16,2017-12-01 20:48:11,1,0.0,293,Churned,SP
0da8a21fd4fb57463c7897ad901c7bf9,2018-01-13 17:59:46,1,189.9,250,Churned,MG
0dbe6acfe4256b6babf9463aba634648,2017-08-29 13:53:14,1,34.99,388,Churned,SP
0dbf75634e9cdb8dfef760501cf983a8,2018-03-14 13:19:06,1,0.0,191,Churned,CE
0dc9c8d77cfdc1d53d8378286c77de05,2017-11-25 01:03:50,1,0.0,300,Churned,SP
0dd47ea03f3e61825df9e2bc94c292f1,2017-06-19 18:00:01,1,0.0,458,Churned,MG
0dda24b8a802f6876acc46861ea17903,2018-02-09 21:00:12,1,0.0,223,Churned,RJ
0ddba04798f1c085d0ca93af0e91f6c1,2018-02-14 16:38:58,1,67.9,218,Churned,PR
0df55f5accedda71bda8f4c7f590951f,2018-02-14 20:48:53,1,0.0,218,Churned,SP
0e5858cb988e7b7905f137dd56147574,2017-04-30 18:34:22,1,29.9,508,Churned,SP
0e634b16e4c585acbd7b2e8276ce6677,2018-01-31 11:31:37,1,0.0,233,Churned,SP
0e6d20df2d2c4ba9283ad121dee84e1b,2017-11-22 15:32:48,1,99.9,302,Churned,SP
0e81b4d6355f0cdec4bc81b5dd1f410f,2017-05-07 22:09:14,1,189.0,501,Churned,MG
0e914929d9935db92beddb5f3b551a96,2018-01-11 18:37:55,1,12.98,252,Churned,SC
0eab82e58c1b71bfb9f2c7dd966e8cff,2017-09-08 13:37:07,1,229.0,378,Churned,PR
0efdde54b9e08d009874be9231dfe635,2017-09-06 20:56:29,1,174.9,379,Churned,MG
0f04a72a4b5d5889a83916f2342c9123,2017-03-01 10:46:15,1,45.9,569,Churned,SP
0f0891bce8c3efed9ec2e5a9bcb1aeb3,2018-02-15 19:23:46,1,149.9,217,Churned,SP
0f0b49d45120fcb28bda56e94bc85673,2018-02-07 20:18:57,1,325.0,225,Churned,SP
0f38a44168ec569a3f783ebf98d79095,2017-11-22 13:45:31,1,50.0,303,Churned,RJ
0f5974d48b53c84eab42f27ff30a4bcd,2017-07-19 13:37:59,1,179.99,429,Churned,SP
0fa37740a3371e759a99e0acc2d533c2,2017-07-24 16:14:28,1,49.99,423,Churned,MG
0fa43f164a88bfd96f05ab1fcbeca41c,2017-06-11 21:57:20,1,529.99,466,Churned,RJ
0fa4a064989236797d08591a95b05311,2017-12-12 22:27:31,1,59.0,282,Churned,MG
0fdc0d21e1983e8af4d399e17671f76d,2018-03-04 21:04:35,1,195.54,200,Churned,MG
0fdfbef2ae337480fe00523dac271cb3,2017-12-22 22:02:12,1,219.8,272,Churned,RJ
1006daf2f4f3b40848bdb64d356b4b39,2018-03-15 16:59:11,1,49.99,189,Churned,SP
100a1a0fe9f738719f7b63e3eadf5ebe,2018-03-24 06:41:33,1,277.9,181,Churned,PA
1015173479527a15ccb63606a74f404e,2017-09-05 12:48:49,1,164.9,381,Churned,ES
101968800abfdd1b81ae25d804eadafb,2017-02-06 15:33:57,1,29.99,591,Churned,SP
1024c5cd62d38352351e537638162793,2018-01-13 09:31:19,1,157.77,251,Churned,PA
1033c72c41b1e8f0ed67a793ea8d8501,2017-04-18 23:11:46,1,0.0,520,Churned,SP
103618505393998f2192cb78f7bab338,2017-08-11 17:40:19,1,50.0,405,Churned,RS
104f7393b136186670b805468fbeeac3,2017-07-08 12:23:36,1,59.9,440,Churned,PR
106106992030e0d83e6f1bc9d4054070,2017-05-18 20:59:24,1,359.8,490,Churned,MG
10669e874b7ddaab97d6d539578576d7,2017-05-09 11:48:37,1,36.9,500,Churned,PE
106fc159590d2e39a532f3f56259df49,2017-12-05 14:10:07,1,47.3,289,Churned,SP
10781139baee5b4ca3d36d419b870204,2017-11-10 12:30:18,1,0.0,315,Churned,SP
10837ec2278f48b91274e961ee27e699,2017-09-10 09:49:07,1,669.99,376,Churned,CE
10867a902e32dd54061b2cda9c55b0b6,2018-02-26 14:18:53,1,0.0,206,Churned,MG
10936b5134f21f582fbc02f383d76572,2017-03-29 23:16:20,1,129.96,540,Churned,GO
10d23a44c8eb20d89a2672331327f324,2017-12-15 22:58:04,1,394.65,279,Churned,MG
10dbffc4a798d018f58224da1162b90e,2017-10-26 09:31:45,1,1437.0,330,Churned,MG
11160ccb67a77abe36dd062bd2701a04,2017-11-17 06:34:36,1,32.9,308,Churned,SP
11301f323f8e1334478e701ad8892230,2017-12-16 22:28:32,1,129.0,278,Churned,MG
116490c868c239247db4417b68c9b435,2017-03-05 22:44:58,1,89.9,564,Churned,BA
1175e95fb47ddff9de6b2b06188f7e0d,2018-01-18 12:35:45,1,29.99,246,Churned,PR
1188233025a9769168e1f1f1981c2444,2017-06-12 13:49:41,1,149.84,466,Churned,SP
1195277e191f958d98f9172a1111a64e,2018-02-05 14:18:03,1,0.0,227,Churned,SP
11c3d6c93dea6ce86769a4835c171bd9,2018-01-25 13:34:24,1,71.8,239,Churned,PR
11c544bcf003c0ba2817787a6e1fa69f,2017-07-27 09:24:18,1,0.0,421,Churned,GO
11dabe1669e29dba5a0874caa569be29,2017-06-22 18:32:32,1,21.8,455,Churned,MG
11f9374f0b84ffc98a1ae50698c2112d,2018-02-19 00:38:22,1,82.0,214,Churned,RJ
1215ec4a375a52f5b9f75d951828371b,2017-02-07 14:26:30,1,0.0,590,Churned,SP
123ae28184c9e80638e71d40e37adc27,2017-08-19 14:06:58,1,29.9,397,Churned,RS
12456b22f2fe7567211f0f29dc7dc58e,2017-03-21 08:50:00,1,37.98,549,Churned,PR
124621ab7971ddd927e021028e8f2ad1,2018-01-03 00:43:53,1,19.9,261,Churned,PR
1262c5e6cb8a5dc8c45fde0d536da589,2017-06-13 21:10:05,1,89.9,464,Churned,RJ
1268b060098ed3f22c2e7c34cc72a1a8,2017-04-22 13:48:18,1,0.0,517,Churned,MG
127e44b144e9f8e1edf9262193bac557,2017-12-21 13:57:09,1,19.99,273,Churned,SP
12ab9334b1240d6d037f2b0102a49571,2017-12-13 17:35:27,1,0.0,281,Churned,MG
12bf6178776d90da204cdf1b37d23906,2018-01-14 21:52:31,1,0.0,249,Churned,SP
12cc890391e57d7123e004856ff1f137,2016-10-05 07:31:49,1,75.0,716,Churned,PE
12d5abe8e60cbc8c330cd36fcda842c6,2017-06-30 14:08:39,1,349.99,447,Churned,CE
12e7a2c201751ddc979e7a45cef500f3,2017-08-09 20:19:05,1,115.0,407,Churned,SP
12f5d6e1cbf93dafd9dcc19095df0b3d,2017-01-05 15:25:10,1,9.9,623,Churned,PR
1322f42ae5165f0fa89f7a1d0f9da61a,2017-11-28 00:34:46,1,58.99,297,Churned,RJ
1322f4f08ee126888c52044389540e3a,2017-07-02 13:51:10,1,299.0,446,Churned,SP
132820060c20dcac4bcafeeae8713481,2017-04-30 11:21:39,1,229.9,509,Churned,MG
13467e882eb3a701826435ee4424f2bd,2017-11-28 17:44:07,1,117.3,296,Churned,SP
1353d27af23e55a4e17d000a367d682d,2017-06-29 20:08:14,1,0.0,448,Churned,ES
136bb390be82b2f669d8805d4c3a3f76,2018-01-20 11:38:30,1,199.0,244,Churned,MT
13734c565ae46c49db28f97997bbcb44,2017-11-16 14:21:39,1,0.0,308,Churned,SP
1374dc8d69e00b2749f27505a5eb4e2d,2018-02-28 19:46:26,1,186.0,204,Churned,SP
137e5e89cc2ec6ee305e6242ef3fa4c2,2017-05-15 21:52:26,1,32.9,493,Churned,SP
139fb3595e26482b7aa26fd3b0dc0a97,2017-08-08 10:23:10,1,89.9,409,Churned,MG
13d7e67a187b037979c76c75b2e79102,2017-11-08 19:39:09,1,0.0,316,Churned,SP
13dbc23e2f9dd054e0ebd8d4f4f47fb4,2017-08-11 10:47:58,1,299.0,406,Churned,SP
13e6b0e350ed161c70ce5447dfa173a5,2017-11-09 00:26:50,1,149.9,316,Churned,MG
13fff243cc1910bf64dafb9bc81ccddc,2017-08-31 09:31:20,1,519.8,386,Churned,SP
1428917cd397d4f9ac0fde76dd6f2266,2018-02-25 13:50:30,1,0.0,208,Churned,RR
144b22ba90f9b1cf5bf278f0db20a355,2018-01-27 20:36:58,1,21.9,236,Churned,SP
144b9f1cf244df05e042b5262ecf97d1,2017-05-23 08:18:32,1,65.0,486,Churned,SP
147324a07e96b3cfb515d94137b4a327,2017-12-12 20:54:42,1,79.0,282,Churned,SP
14885ec3a15ffa02b8dc0cb52748ef9e,2018-02-01 10:02:13,1,135.49,232,Churned,SP
14a188558af6cd5bc222ca773d395a7f,2018-01-26 18:30:17,1,0.0,237,Churned,PR
14aa0f879bc9e1d191221462a5fce802,2017-08-23 13:58:50,1,119.8,393,Churned,RS
14aad6719aabc250f03de3beb57ad2f5,2018-01-06 21:37:54,1,38.99,257,Churned,RJ
14b0be0b6d7e50e861943bf902bc7959,2017-02-08 11:04:56,1,242.0,590,Churned,RJ
14d71f87f2c4ca429306d094a274dff0,2017-06-12 10:42:00,1,98.9,466,Churned,RS
14d854939d199fb6b6e2b49f306bcf73,2018-02-04 18:28:36,1,0.0,228,Churned,SP
14df1afa12b13711303026db4a326a7b,2017-12-19 13:54:22,1,38.099999999999994,275,Churned,DF
14eb8f180e208b9805e196fccbbcfd13,2017-11-20 12:49:35,1,689.0,305,Churned,AL
14f4ae28fc0e2d071f707dbe6daaf0e3,2017-08-05 16:53:32,1,59.9,411,Churned,RJ
15010a153e79bb2f1fe810486783f5dd,2018-01-17 16:49:02,1,25.9,246,Churned,RS
154e1a18d4356adc890d517ae349146a,2017-11-24 23:12:50,1,0.0,300,Churned,SP
157a6a3e29ea1833d3630f3962ac903a,2017-11-28 14:31:04,1,83.23,296,Churned,RJ
15ace7e8f7a0cfb296fcfea489e2445a,2017-07-15 16:14:09,1,89.9,432,Churned,RS
15c7b142c5ed84a1537ceb6d448818f7,2018-01-14 22:46:04,1,317.99,249,Churned,MG
15ccaaaa2289afed8a5e40273330c13d,2017-02-20 13:51:20,1,15.9,578,Churned,MG
15eaf7e40d5ff0687009b39f3da7861a,2018-03-24 07:30:17,1,0.0,181,Churned,SP
161b2eb506dd664bb5d23dc701a14b59,2017-07-19 18:44:40,1,298.0,428,Churned,PA
161ee8b03cadfe7599ce809b1750a78d,2017-10-28 10:26:14,1,32.0,328,Churned,RJ
161fd742f7217e46d7924d781e8705af,2017-02-17 17:37:52,1,0.0,580,Churned,MG
16537a831ca74e633b94cfa47164c420,2017-10-01 13:57:15,1,0.0,354,Churned,SP
166c27d3c5c75d1f987d4f6cf885ab78,2017-05-30 20:44:31,1,39.7,478,Churned,RJ
167d54cc2d1d8b157e9dcc360667d415,2018-03-23 22:48:12,1,269.9,181,Churned,SP
1686671c7c7da526814358fc22ccb8b6,2018-02-13 19:20:07,1,49.9,219,Churned,RJ
1690121bc794fd89b85142934c781255,2018-01-01 21:38:26,1,45.0,262,Churned,SP
169381f51e4c3e926ef199364aeced22,2017-01-28 23:45:53,1,589.9,600,Churned,BA
16b2beb51d51f455428a8865562fc89e,2018-02-17 10:33:27,1,49.99,216,Churned,MT
16bc2649f4feeba423feecb3279bd28f,2017-02-08 18:00:36,1,20.0,589,Churned,SP
16bef435dd734e2a623be5d7fb57b89b,2017-11-12 15:20:27,1,59.9,312,Churned,BA
16c5ef9aad92e31e119f7a202272e6c7,2018-01-25 11:11:12,1,0.0,239,Churned,SP
16c76c75cc2f6312bc921309ee30ade8,2018-03-16 10:58:09,1,0.0,189,Churned,BA
16cb37f0bf15408aa65d713ce4385ba2,2017-10-07 00:16:57,1,0.0,349,Churned,RJ
16d92ababe56c665936f0dab8da2fba8,2017-09-23 22:19:48,1,139.0,362,Churned,RJ
16ecae01d286ede5c22b963dc96f08ec,2018-01-25 19:46:47,1,289.0,238,Churned,RS
1749fd10291ef7242c1221a14f57cfb9,2017-12-09 09:29:19,1,21.99,286,Churned,RJ
174f249b4817e23ef163ba88fff61278,2017-11-24 21:04:41,1,299.0,300,Churned,RS
175be4309449118e7767d1560a0465fe,2018-02-19 21:53:30,1,221.5,213,Churned,RJ
17607d71527c1aeba58519710396a4bc,2017-05-05 22:10:14,1,132.7,503,Churned,TO
177216eb4775562e57fb625ad8dfb242,2018-03-02 19:25:57,1,45.0,202,Churned,SC
178517ea7fc752dbcbfcad925153cf94,2017-11-18 11:30:58,1,0.0,307,Churned,PE
179607d5aa7e47661b18cabcd7037ab5,2018-01-18 20:07:53,1,497.98,245,Churned,MG
17b929451040c8dd686aa13126abb3ac,2017-08-05 14:23:49,1,0.0,411,Churned,MG
17bf374d6f406164b8674643564f3a10,2017-10-18 16:30:42,1,23.99,337,Churned,SP
17e0f8c75b7598d7786a43f257e5453f,2017-08-31 05:31:43,1,88.6,386,Churned,SP
17fcb505d2bba63a058d9ca292e7252a,2017-10-19 11:30:55,1,0.0,337,Churned,PR
181fe5cb523664e70003f36f5ba01d23,2017-02-22 13:22:13,1,115.0,576,Churned,CE
182e134f5a24ee479aa38749a5748cb0,2017-09-03 18:42:45,1,25.99,382,Churned,SP
182ebbe49711dd49de4fbbdf4a999c10,2017-07-30 11:30:00,1,0.0,418,Churned,SP
18371062fe5ec3dd3f4f48d8011749d7,2018-02-28 15:11:27,1,58.99,204,Churned,RS
1858eacbc8be35fe3b5dcfcd6d249462,2017-12-21 20:55:24,1,320.0,273,Churned,MS
18a2a03ff64c5d3a193b607e0cc72fed,2018-01-10 14:55:25,1,26.99,253,Churned,GO
18ad234ff8ab86b33af5664c97e0712a,2018-01-09 19:19:32,1,0.0,254,Churned,GO
18bbfd7c77ff481bac5ae34fe5b8cc52,2017-09-13 17:53:28,1,45.95,372,Churned,MT
18cd06f52874ea5e5eeb41133113f761,2017-04-19 14:30:31,1,0.0,519,Churned,SC
18f1d76138f1b657ec314c617bb3842f,2018-02-01 17:15:54,1,65.0,231,Churned,RS
191e184573cf04ed0a99a5250488a483,2017-08-16 23:37:36,1,59.9,400,Churned,SP
195499d29835ec5b94af4457c1c186e9,2017-11-24 19:51:55,1,21.6,300,Churned,MG
1974875b4a1d2e2ee6d586e3ba4d7602,2017-08-10 11:58:33,1,0.0,407,Churned,SP
19799906f242be82caf8e374a7c4747d,2017-03-23 13:25:32,1,0.0,547,Churned,BA
19b865e3701d5403150575450d4a1c25,2017-07-21 10:09:02,1,39.9,427,Churned,SP
19cb50ca8ff9afe19ce39c5d9562f3bd,2018-03-14 13:28:44,1,27.99,191,Churned,PA
19f735a9a58a187253055f9d4bcc2bb6,2017-10-24 02:04:42,1,55.0,332,Churned,SP
1a2042f30f2a7ecefdde313fa0cf151b,2017-02-12 12:30:04,1,50.0,586,Churned,SP
1a253bef0924d2e184d8c1de30d32d0d,2017-08-10 21:49:45,1,117.9,406,Churned,SE
1a732a4b42dc7c3b3710e04d65836995,2018-02-21 08:27:26,1,0.0,212,Churned,MG
1aa85a5b16073b73eb97183f2da3402c,2017-09-02 22:27:06,1,187.0,383,Churned,SP
1ab6f51cbc59e795693aec988cc2906d,2017-08-05 09:52:20,1,69.9,412,Churned,RJ
1abd10e2bc0afe1bda7ee7ee280a6e9d,2017-08-27 20:42:33,1,23.99,389,Churned,PR
1afd7120075c414823b60625c776e6ea,2017-10-09 16:28:52,1,199.9,346,Churned,SP
1b1819e5da72c7a8c26b2e46aeeac553,2018-02-21 13:18:37,1,0.0,212,Churned,RJ
1b3b0b055ed21f7ce245c233772bb5d4,2017-06-02 10:18:35,1,219.9,476,Churned,SP
1b3ca5f1c4db09255e55e10081735224,2018-03-18 14:24:33,1,39.9,186,Churned,CE
1b4a29b662a69713ac6501b2877602ca,2017-06-17 11:16:11,1,19.9,461,Churned,SP
1b4a777f2e6f3f24c024c533ea46418f,2017-12-20 12:25:46,1,23.4,275,Churned,SP
1b7485f213b9168a29f3ef0c05a799a7,2017-03-13 14:49:49,1,64.8,556,Churned,SP
1b9c0951f6e51a50af8587aac775139b,2018-03-07 22:16:44,1,0.0,197,Churned,SP
1ba017d398d4fd2ad48fe28b0a9d94a1,2017-10-20 14:00:10,1,110.0,335,Churned,RS
1bc28b08fa28f7f12d4373d7ee73978b,2018-03-15 10:58:23,1,119.9,190,Churned,MG
1bcb517dc3cc80868d2fa941174f386c,2017-07-24 22:16:25,1,44.99,423,Churned,SP
1bd9a5bbb6bd58aff597ffaab9d16cb5,2018-01-12 21:59:20,1,79.0,251,Churned,PR
1befc1536a31cfe58586bd008df9cb28,2017-07-17 08:44:24,1,0.0,431,Churned,SP
1c065f2b3e2e84ae918fa40f18b6c77d,2017-10-07 20:37:26,1,27.99,348,Churned,SP
1c23e9b21cc43e6f701683d23ab22360,2017-09-15 12:57:46,1,299.0,371,Churned,RJ
1c4ad540c8c5c36be4a8b8ec08f79638,2017-10-09 15:55:37,1,294.99,346,Churned,RJ
1c7260b99484b79c9e8adc2dabbdfc4f,2018-03-20 14:27:23,1,0.0,184,Churned,SP
1c8d56713e12f99df6c515b231ba4781,2018-01-12 15:23:34,1,13.7,251,Churned,ES
1c9ed81f7bb6e825a13612758cb4442e,2017-10-09 10:58:34,1,59.9,347,Churned,RS
1cb8d194370a752d9879501072bd0328,2017-04-18 08:01:02,1,19.9,521,Churned,SC
1cbaac6875e786630136369e019eae58,2017-03-18 12:23:46,1,54.0,552,Churned,SC
1cdde99739da4d143d41c2a6ac81c82d,2017-12-11 23:18:51,1,0.0,283,Churned,SP
1cf5cc9fc5ae6351e8bb1d2b8fee0d48,2017-09-18 23:11:47,1,0.0,367,Churned,SP
1cf96944b82b35e8e5e620208a66afa7,2017-08-04 17:15:21,1,55.0,412,Churned,GO
1d15c4b479b85b74daf5f6742dd3d05d,2017-02-06 22:47:03,1,89.18,591,Churned,SP
1d15f7e108877a5588200e84345a9a68,2017-08-10 19:47:29,1,59.99,406,Churned,MG
1d2435aa3b858d45c707c9fc25e18779,2017-01-17 14:23:54,1,551.2,611,Churned,RJ
1d3e82e030ccc817ea128b644d815a9a,2017-10-31 20:30:51,1,0.0,324,Churned,ES
1d4f569ad299cc732521f6b76f661505,2018-03-24 13:13:31,1,15.0,181,Churned,RN
1d59e4eecfa206d206db45c317e78920,2017-07-31 17:06:00,1,109.89000000000001,416,Churned,MG
1d6469215cc70a0e1512aceb14022644,2017-12-08 23:54:00,1,9.0,286,Churned,RJ
1d6d7421fac2e0cc34a9636a58c38283,2017-07-18 18:19:55,1,0.0,429,Churned,RJ
1d74273c053909be057f50f65b48522f,2017-12-09 19:11:22,1,199.8,285,Churned,SP
1d7f4a786618ec8e4aaa51733bc96dba,2017-09-11 17:58:12,1,0.0,374,Churned,DF
1d8f1ca82cf6c04de2391eb61b9ae364,2017-08-13 21:05:14,1,98.99,403,Churned,MG
1d9131ab30ee96a923736b965c521a39,2018-02-08 09:24:47,1,110.99,225,Churned,MG
1dc848c11c2985635c268ff3dea707eb,2016-10-04 14:13:22,1,93.9,716,Churned,RJ
1df745bea08a8a107db186724c8cd2a8,2018-03-10 20:39:19,1,0.0,194,Churned,SP
1e17c906173cbf94c518102351573fac,2017-05-16 13:58:54,1,118.9,492,Churned,CE
1e3bde65aa43e0c549d20b7acde4074a,2017-11-09 22:57:23,1,24.99,315,Churned,BA
1e42daf0af58fb971d1598af1fd2497e,2017-07-31 16:57:33,1,690.0,416,Churned,SP
1e57acebf9849b1d7af7c21c14c1b99f,2017-09-21 22:00:44,1,179.99,364,Churned,DF
1e6d2ab66fdc23fe97ac091057970b6d,2017-07-11 21:23:14,1,0.0,436,Churned,SP
1e7097be947ad5d0f7819bdc9d8d7d0e,2017-04-06 13:44:08,1,0.0,533,Churned,RJ
1e81587ab2633b7b134efc91983f01bb,2018-01-16 17:02:33,1,54.9,247,Churned,PB
1e85d1d3ecbe271f8410d13ce6bc189f,2017-11-16 14:32:06,1,37.99,308,Churned,SP
1e8ae2128137cd86fb6cc9d0445fcf7c,2018-01-03 17:27:00,1,0.0,260,Churned,RJ
1e93052ca04eb5b8acffe45b9b6bb66c,2017-10-30 23:55:00,1,0.0,325,Churned,PA
1ea68e64acf2c139dfb05f7f10783ca0,2017-10-28 15:55:01,1,122.0,327,Churned,SP
1eaa53faf68bb4c2a2d95a56b63aa8b1,2018-03-15 15:57:24,1,39.9,189,Churned,GO
1eae1cce4c03f0915482bc43c7427c75,2017-11-30 20:37:10,1,119.9,294,Churned,SP
1ee910b8be2fb6a731b54edf304e1b6f,2018-03-20 16:43:21,1,185.0,184,Churned,SP
1f53ce3e279f1272b2fb964bb2ba25ed,2018-02-18 19:05:11,1,22.99,214,Churned,SP
1f577f9d2fc2b5baa6d19772989201f2,2018-02-06 11:04:45,1,35.99,227,Churned,SP
1f586cd6aa79633f178634358bba566b,2018-02-14 22:40:28,1,0.0,218,Churned,SP
1f65b985510dd34cd39d7c91b7663c9d,2017-07-14 20:57:25,1,187.0,433,Churned,SP
1f6da708e9a7bd7314954d85603fc0ac,2017-07-20 23:51:43,1,121.9,427,Churned,PB
1f7dc38d123a145e63608b9825f615ba,2018-02-24 10:26:08,1,159.98,209,Churned,SP
1f7f84f5a5c00fa9a6ddfaa02a3803bc,2017-03-09 21:01:06,1,30.0,560,Churned,SC
1fa0ace8e18156593acd36e3fb792922,2017-02-13 13:58:18,1,0.0,584,Churned,SP
1fc56d05a04891065dde262fbfec04b5,2017-04-17 14:48:17,1,0.0,521,Churned,BA
1fe1ebaae0912c827a35e8a93c1c5ce7,2018-03-11 11:55:16,1,18.89,194,Churned,RJ
1ffa1c8081e0965ad547cec0656e6883,2018-02-22 14:54:45,1,29.99,210,Churned,SP
2062829df366557aaf33d5f28c84318a,2017-03-07 17:50:02,1,399.99,562,Churned,RJ
206e64e8af2633a2ebe158a7fcb860db,2017-05-15 17:42:38,1,89.9,493,Churned,SP
207a5537c81aceaf5ef4f5b1ee4cd09c,2017-10-19 12:53:12,1,50.0,337,Churned,RJ
208ff27cb49cb5f4cdbc72c014e184d7,2017-11-21 15:27:11,1,150.0,303,Churned,SP
20afb5e47a145730fe9e8c081318e71c,2017-03-08 19:55:23,1,0.0,561,Churned,SP
20d8a6a96bd3f57a4d289c8166122c45,2017-11-26 15:47:51,1,0.0,298,Churned,SP
21047388773cb249c4c1348fceaebd18,2018-03-16 21:22:05,1,39.9,188,Churned,SP
213ce7ea2a0345a65b4045cf55be42d8,2018-01-18 09:30:54,1,52.39,246,Churned,SP
214f7f00e0d787d65a822c8ed3e9c2a7,2017-09-13 07:46:02,1,0.0,373,Churned,MG
215118d564888b05d0a93710f6717584,2017-11-19 13:57:09,1,0.0,305,Churned,SP
215e0a9044344dca7820b462c60bd206,2017-12-08 09:32:48,1,0.0,287,Churned,SP
21642f939fc937f5b8ee999e362c4883,2017-08-19 20:30:07,1,139.8,397,Churned,SP
217c1866bfdb122c1f068b1bbeeedb41,2017-07-14 11:27:40,1,39.0,434,Churned,RJ
21a5804a0e4279d2953a2f0067637905,2018-01-10 11:22:49,1,258.0,254,Churned,CE
21ac2a805b374c2aa44d6a5301a1b4a9,2017-10-21 10:32:27,1,82.9,335,Churned,RJ
21af73f960a77885e91a806c06b0c1e3,2018-03-23 20:57:50,1,25.0,181,Churned,DF
21b511802f46030f42df35d2d0705832,2017-03-29 07:03:56,1,10.99,541,Churned,MG
21c933c8dd97d088e64c50988c90ccf5,2017-09-27 20:55:33,1,0.0,358,Churned,SP
22062343697ed12f7c1d0cecd982b0c4,2018-03-01 16:51:27,1,204.0,203,Churned,SP
229d029f241c7e742bc0614d8113e4e2,2018-03-23 16:19:04,1,44.99,181,Churned,SP
22b05429f5f6165b033dd8ee7cee1150,2018-03-08 19:37:45,1,0.0,196,Churned,MG
22be41ad7d58c7774c6e036348a042d0,2017-04-30 22:43:56,1,119.9,508,Churned,RS
22d3603496369abf02985be067ea26d9,2017-10-24 22:43:45,1,113.9,331,Churned,SP
22ef5b7c597d6e1789a2c0ee5cf00878,2017-09-21 22:33:55,1,0.0,364,Churned,SP
22f6af8201369f9eb96592db3142b9c2,2017-12-13 12:02:03,1,265.52,282,Churned,SE
2306533ed96be8166f935a6061c2ff01,2017-05-15 16:58:49,1,49.0,493,Churned,BA
23280ccfac94b7bc3fb94ae94adbca26,2017-12-07 21:37:21,1,295.0,287,Churned,MA
2349bbb558908e0955e98d47dacb7adb,2018-01-08 19:39:03,1,0.0,255,Churned,BA
23643c53099bde88bb77d5a199704035,2017-05-31 13:21:35,1,198.0,478,Churned,BA
2380952657b113b50227e5f5e7c90005,2018-01-24 22:03:25,1,0.0,239,Churned,SP
2396ed0f849c195da124f55b4c17ee35,2017-01-31 11:54:14,1,59.9,598,Churned,SP
23a9fb140ba870f4966fca4aa223e492,2018-01-27 10:02:59,1,0.0,237,Churned,SP
23dc3a062c6c097bcb3940a909e7730f,2017-04-10 14:29:16,1,39.9,528,Churned,SP
23e5f7d84dad8339f627d75ac90e2d43,2018-01-31 00:04:39,1,179.9,233,Churned,SP
241ef388359fe58ca1bf35112494dcb3,2017-11-13 11:06:57,1,24.99,312,Churned,SE
2420662d39289d527ba8b94aaab3a281,2017-11-30 23:20:14,1,122.99,294,Churned,SP
247e0dcd20596bee51bd2b07f633fa04,2017-11-08 00:35:46,1,0.0,317,Churned,PI
2486f0594797f4e9edc77f1867f25872,2017-08-08 13:24:36,1,69.9,409,Churned,GO
24a25a70ff5e786e87f60400f5d43ccd,2017-04-24 11:36:41,1,0.0,515,Churned,SP
24a67fa6d05d41fd74f03de873fc3ce1,2017-03-03 15:38:39,1,40.0,566,Churned,PE
24bde8b6cd83ccb8ee3fa91466be3b11,2017-06-12 15:20:54,1,28.0,465,Churned,SP
24d2610d6b2605ba1fa5659b57f48205,2017-01-24 15:59:17,1,320.0,604,Churned,SP
25005ef67dd44bb53b64ab1ca6b98704,2017-12-27 19:37:13,1,49.9,267,Churned,PE
25126926be8dbdb3264285caa7d0c40c,2017-06-17 12:46:11,1,39.9,461,Churned,RJ
251e658613a224723f8a077946183b20,2017-11-19 20:06:12,1,19.9,305,Churned,SP
251fe896b938a0b3a2892d5b6ce68cbe,2018-01-31 23:58:22,1,0.0,232,Churned,MG
253dd87d06a70cf96ef4c39c8fc646e1,2017-12-05 14:32:44,1,149.9,289,Churned,SP
2575b93f24ae722702825789254eaa1a,2018-02-23 13:12:12,1,59.9,210,Churned,SP
25799bf6b79e82c19bd6d590c02cf821,2018-01-25 23:13:41,1,0.0,238,Churned,SP
2586fca3220b925aec835cce085fe64e,2017-04-18 16:00:31,1,79.8,520,Churned,MA
25909109137a0ddcd2aa2e4c8cce912c,2017-06-22 19:53:09,1,13.5,455,Churned,SP
25b703950d3e71b5a2943534a31ae2ba,2017-09-16 21:14:17,1,22.5,369,Churned,RJ
25ceabcd8e79d50d5c4b252a250382ae,2017-05-25 11:32:14,1,458.0,484,Churned,RS
262c924976402a1e7bee227038057e51,2017-11-25 17:00:20,1,45.6,299,Churned,GO
26519785c800da52d3796667a222ecb0,2018-01-22 19:22:26,1,59.99,241,Churned,SP
2663a303bd9e9b360ebaa9e12aee0b98,2017-12-20 14:00:18,1,107.9,274,Churned,RN
26f73dc50abd880d521de9e5bf07ae49,2018-03-04 22:24:47,1,24.99,200,Churned,RJ
278c30c4e97c3c218cc102eaa5da14a1,2017-11-29 10:03:32,1,49.9,296,Churned,ES
27956b37edf38600f8631c7679daf9c2,2018-01-26 17:06:05,1,167.98,237,Churned,RJ
27aedee05bc8e9bcc4da2bae37fd4d78,2018-01-11 21:34:06,1,0.0,252,Churned,MG
27bf8bbbb413c6437c459c6f6f476dfa,2017-11-11 20:24:57,1,0.0,313,Churned,RJ
27c343002e49de073102bc1e24b6493c,2017-04-22 18:27:36,1,64.9,516,Churned,RS
27c9fbc5854ca2ab9c51abdd4b520589,2017-09-10 09:30:28,1,219.99,376,Churned,SP
27f610da50d98eb94f1f0745606bc9f1,2017-04-24 22:09:33,1,139.9,514,Churned,RS
280f5ea9dbaf92b0f6deb78d8551952f,2017-09-03 21:00:23,1,259.9,382,Churned,SP
2825ce9bfc557b2f9e46019382c0ecf6,2017-08-17 17:03:31,1,28.9,399,Churned,ES
284f0533e6c79c3e3397c2b185573a78,2018-03-05 08:58:05,1,39.9,200,Churned,RJ
287c23d81ea7fb3a3df3c852ee17dd2b,2017-03-24 10:27:25,1,34.99,546,Churned,TO
28a9545ffe21521e8fa3870135873d50,2018-03-17 15:21:11,1,79.97,187,Churned,SP
28c7e3fb75d7ce1e496dc539443b71da,2017-07-28 09:35:08,1,199.97,420,Churned,RJ
28db4c7b77c89305b4729d65c20906c5,2017-03-28 09:43:17,1,0.0,542,Churned,SP
29193837afc61c50550bc1139e1d822b,2018-02-15 11:58:49,1,55.0,218,Churned,PR
293c9db44b6588c4e52fbef455fccde8,2017-11-27 10:32:51,1,109.9,298,Churned,SC
2948be030b49909f3eccb592b8315f89,2018-02-15 15:07:11,1,44.9,217,Churned,SP
29518d17896d6a0902847dd45fc11516,2018-01-23 12:32:41,1,20.0,241,Churned,RJ
29607e7e09b983abf0027c079c05efb6,2017-01-17 18:57:58,1,0.0,611,Churned,SP
298c3e1a698283a45f1c94df3942bb3b,2018-03-03 19:39:54,1,85.0,201,Churned,SP
2990f218665832600f7180650703052d,2017-03-09 16:18:47,1,159.9,560,Churned,RJ
299905e3934e9e181bfb2e164dd4b4f8,2017-07-29 11:55:02,1,0.0,419,Churned,SP
29cb098c6e774a2b42c7301e598649ef,2017-03-14 12:18:22,1,59.99,556,Churned,MG
29d208881a7c8202ddd852afaefbb076,2017-11-07 23:05:11,1,19.99,317,Churned,RJ
29dc4aeff866d6a940c471a3ea4faef0,2017-05-01 16:12:39,1,0.0,507,Churned,SP
29ed46c06126f174d4fbf76e310adbfd,2017-10-20 08:41:55,1,182.0,336,Churned,SP
29fbb2801362f8857a80e4c1a0c74aa5,2017-12-24 17:34:12,1,49.99,270,Churned,MG
2a151ec82fd8a1ca7c3e212651ab5b24,2017-07-17 21:55:56,1,31.9,430,Churned,RJ
2a658f1dceab1750b17286dbcdecdd02,2017-12-11 12:49:55,1,45.9,284,Churned,SP
2a6ef69674d6f28002c72b8d123b3a27,2018-03-23 16:25:13,1,19.9,181,Churned,SP
2a8e9a7b6d67b448707d0d7ac6110b9f,2017-06-11 00:04:07,1,89.9,467,Churned,SP
2a910efc136042a1dd32dc916878be40,2017-12-10 11:29:28,1,69.99,285,Churned,MS
2a914bdfae6c0cc612a51e479acc0128,2017-06-14 12:52:00,1,215.0,464,Churned,SP
2aa2c53b231eaec5b82d9e54056a0cc6,2017-07-07 17:16:39,1,572.0,440,Churned,RJ
2aa9325eab1676f4d62830f004d67a34,2018-01-26 16:09:11,1,12.77,237,Churned,SP
2ad3e60daba1700dc116ea525e842f28,2018-02-06 18:25:39,1,161.8,226,Churned,PR
2ad3fd1a4a4c8dd70d848f625b27f4ed,2017-07-20 14:03:36,1,213.0,427,Churned,RS
2ad53a13954ae9d3d8e30a7e3ba1de18,2018-01-16 14:19:32,1,199.89,247,Churned,MG
2adaff8e437d7153f3326cf14187d821,2017-11-24 20:09:33,1,258.0,300,Churned,SP
2ae3c67452283d5a0d30b32e0d33296e,2017-12-22 00:17:37,1,45.0,273,Churned,DF
2ae8fe87f03b04a0154ffa68276432fa,2017-10-13 10:15:28,1,51.8,343,Churned,SP
2b09ef35e74a0c582c8d846bcb5b7665,2017-07-17 13:34:52,1,34.99,431,Churned,MG
2b12aa72b942b60ca53b0eb533df5cf9,2017-05-19 16:28:13,1,109.99,489,Churned,MG
2b2444f1324436d35fd4d96e0c865374,2017-12-18 16:00:07,1,179.99,276,Churned,SP
2b4871f788b44ee004ec2c7fc7cd420b,2017-10-31 12:02:07,1,59.95,325,Churned,SC
2b5810705ad2dc3a748d181a15996eb2,2017-12-11 07:50:11,1,13.65,284,Churned,SP
2b85ec29465d3698c94e89a255767977,2017-06-14 19:52:30,1,71.82,463,Churned,PE
2b8b340d292b5de57a5bd3f9ae6c0832,2018-02-11 19:18:20,1,0.0,221,Churned,SP
2bb9b7e460ba29e236747a1959108097,2017-08-27 00:32:42,1,58.0,390,Churned,BA
2bbd09d4d1fd7751420a920931100140,2017-10-03 00:20:58,1,59.9,353,Churned,MA
2be9b3218064e818eb33659db22b3e8e,2017-12-08 17:03:24,1,180.0,286,Churned,SP
2c32927381d240d6ed1bb6ee1572f1e0,2017-11-26 23:38:25,1,12.25,298,Churned,RJ
2c4bcbb5a9a1b8ed1a4b05ddef43a888,2017-11-28 23:52:10,1,150.0,296,Churned,SP
2c5100ebe43494cc2e7c912d5366f253,2018-02-28 09:40:36,1,0.0,205,Churned,SC
2c586ad47f2b790f4095f2d9eb8d508c,2017-09-16 09:00:56,1,119.4,370,Churned,MG
2c613e1daa937ba2dda45140c410f48f,2017-06-25 19:30:09,1,59.9,452,Churned,SP
2c6f62969907bc67dad42631fda31a53,2018-03-16 21:34:22,1,180.0,188,Churned,RJ
2c87620a0cba3dc7cdaf2617928d15d7,2018-02-28 08:57:03,1,245.9,205,Churned,RJ
2c90fdbc33c7a6f301f4c63f0c962b3f,2017-11-23 22:27:55,1,970.0,301,Churned,RS
2ca59de5f065107ef5add18625776bdb,2017-11-27 20:31:23,1,58.0,297,Churned,MG
2cd68cd1b5bef221314ed99f32ad33f4,2017-06-02 12:57:15,1,79.5,476,Churned,RS
2cf5f400e1fe53d4ca5684d666491fe0,2017-04-10 10:00:25,1,259.9,529,Churned,SP
2d2616826443ccc5be23aa13edf2fe23,2017-05-26 16:43:10,1,97.0,482,Churned,SP
2d38f064a1ddd82c8c14beadb7bf0c38,2017-12-17 22:49:34,1,129.0,277,Churned,BA
2d3c25ea3f9a4d5136a7ff272b1b0ab1,2018-03-07 15:37:22,1,59.9,197,Churned,SP
2d69de392ffdb5def80917230154351d,2017-05-05 13:48:37,1,208.9,504,Churned,MG
2d6b7f961407874c0cfc9ac967cacd96,2017-07-21 13:26:25,1,29.9,427,Churned,SP
2d9611203b229e9cb67f2233522eb915,2018-01-04 15:31:25,1,69.9,259,Churned,MG
2d9decde68108c2233c662aeb3310a64,2018-02-09 10:47:01,1,158.0,224,Churned,SP
2db405cc6d4123953d36594dbff12a73,2017-12-16 15:29:46,1,230.0,278,Churned,SP
2dc92af471496ca347e530172e0979e7,2018-02-22 15:12:28,1,878.0,210,Churned,SP
2dd5d907b9acbb6c573a11a1d8979358,2018-02-23 20:36:44,1,0.0,209,Churned,MG
2df79c0c80c225d537833abb01a1a8ca,2017-06-27 23:11:57,1,59.9,450,Churned,SP
2dfcf246b58dae24a063c8e0cc3cf309,2017-08-25 16:39:36,1,0.0,391,Churned,SP
2e15bb92fa33e06e35287ea4d1cafe05,2017-09-11 09:40:11,1,0.0,375,Churned,RS
2e235c20dbbb4ff8df5506f0c3592c78,2017-03-28 05:56:01,1,0.0,542,Churned,SP
2e3c051a9f6e30c8e6d7d45feb4be118,2017-03-28 23:13:25,1,43.9,541,Churned,AL
2e3c3bce0bc8cca5d8e987d047e64d8b,2017-04-22 19:26:47,1,37.99,516,Churned,MG
2e471b8b0ebd8aeb029d78917c3961d0,2017-09-09 19:37:39,1,60.0,376,Churned,SP
2e4c7fbec4fdb54f1cf04c1446dccf12,2017-11-28 16:47:41,1,59.9,296,Churned,SC
2e61a8d70f5bd8fa8dd742ed198aceaa,2017-02-08 12:55:23,1,178.0,590,Churned,SP
2e6a42a9b5cbb0da62988694f18ee295,2017-05-15 17:58:25,1,29.99,493,Churned,SP
2e8451f99c0515636908ff1f6ba45449,2018-01-05 11:53:02,1,0.0,259,Churned,SP
2e8561bf8b43a8b182c53dfb53fc9a7f,2017-01-23 20:35:00,1,299.8,605,Churned,SP
2e88baab9c2ef8e9e915a90d0c7fb5ae,2017-11-06 23:01:26,1,119.8,318,Churned,SP
2e9cdecaa137e8ba2084bbde28c85105,2017-11-28 22:50:22,1,597.9,296,Churned,RJ
2e9fa6156ef798653e721237123f372b,2017-09-06 10:15:27,1,57.0,380,Churned,SC
2ea138252e398496437ad1596662e56b,2017-08-16 13:12:14,1,0.0,401,Churned,SP
2ecb072c40df1c0e01f07c88f55d6c2e,2018-01-26 09:28:49,1,58.9,238,Churned,SP
2ed58d0567a2839599b85957ee02bca9,2018-01-30 07:51:17,1,0.0,234,Churned,RJ
2ee0d7587a1a04de482c6211ea2988bc,2017-05-09 17:42:45,1,219.9,499,Churned,SP
2f30a830c2791853a80645df3213eab7,2017-08-02 15:36:19,1,0.0,414,Churned,SP
2f4c7a8dd55979a2bfc661b2c866d9e6,2017-12-17 19:30:21,1,0.0,277,Churned,SP
2f4caaa523ad6f3d695a5e698263cd05,2017-12-11 08:19:59,1,58.0,284,Churned,CE
2f8552b3c0fd59f1bd0f0821a136a9ae,2017-02-07 17:03:30,1,550.99,590,Churned,SP
2f8dab36f4adff0c2cea0b850d72b8ca,2017-11-23 18:23:19,1,34.78,301,Churned,SP
2f97fb04ba09cfa05b9e3b3af4e8e247,2017-11-17 21:14:42,1,109.98,307,Churned,MT
2fc9a64ae672512016acd52bb0d59c61,2017-10-27 16:44:14,1,199.0,328,Churned,SP
2fca924c90ac599f416173f496dbdfa6,2018-02-16 20:16:34,1,28.0,216,Churned,MG
2fe074ea3cc24b8fd57d29effc995f8b,2017-12-01 07:15:07,1,0.0,294,Churned,SP
3046b0bd43b0ea4bc6d0aec70bc96e9c,2018-02-07 18:35:22,1,115.0,225,Churned,MG
30480b4ef6a45083f99de41f24eccb44,2018-01-19 15:00:59,1,410.0,244,Churned,RJ
305a9e2b49169ced55bdd09fed23cda0,2018-03-10 16:15:17,1,199.0,194,Churned,PE
308f0a729f3440afc0b59c38f133a8f5,2017-07-29 12:18:53,1,0.0,419,Churned,SP
309a2dd508063b66704ebdd088d35586,2017-12-04 16:54:08,1,69.9,290,Churned,RJ
30b6fe5fb355877c7bded1817219d96c,2017-12-04 21:30:05,1,89.9,290,Churned,SP
30be4b936437873fb4a6fb64fb54a81e,2018-01-23 01:38:01,1,225.0,241,Churned,BA
30cf132fa42d1d4434e6b51827b81491,2018-03-01 12:43:37,1,117.0,204,Churned,RS
30e4588900a8ceade11dbe60525d107e,2018-02-15 23:27:21,1,89.18,217,Churned,PE
310647380793836bfa5b7b6b3f518423,2017-08-25 08:58:52,1,105.6,392,Churned,SP
311dff8c3112b3ea255ec4871cabaf03,2017-11-27 19:24:52,1,281.99,297,Churned,RS
3168dc37da92585ed2bf29058b0cc143,2017-07-17 18:19:50,1,56.99,430,Churned,AC
317316ce918b51c2d4e1e7f9af54c434,2017-09-26 18:04:37,1,99.0,359,Churned,RJ
319fb7408d85ca7902baa71df1dd7045,2017-09-01 14:26:24,1,58.0,384,Churned,PE
31a9f3ea5883e3fa0e6ec685504251e2,2017-11-24 22:21:21,1,0.0,300,Churned,MA
31b8fa2573bde01af4737e8ed29c348b,2017-09-13 14:27:11,1,50.0,372,Churned,SP
31b9951a97199d0d5fa7b5f02453265f,2017-12-11 23:18:07,1,109.9,283,Churned,SP
31c014df5bd50caf330d47c60a7b485c,2017-08-03 13:00:11,1,399.9,414,Churned,PI
31c9713476a117a44e586a3e6cae3a17,2017-08-21 10:23:21,1,0.0,396,Churned,RJ
31cb8b5ae4d65859af8fc33b14cde233,2017-11-30 15:27:05,1,110.0,294,Churned,SP
31d345dc7e57dbc9843ac70d4d88e6f5,2018-01-22 18:25:04,1,20.3,241,Churned,SP
31e05a4807105bb6f6ced59da6b113de,2017-09-09 16:03:59,1,409.99,376,Churned,PI
31ec7f874ddf3354271c86d59e90b801,2017-02-13 00:18:48,1,19.9,585,Churned,SP
31f49e069c399db9c3a0bdf8653e4e8f,2017-09-08 16:38:17,1,0.0,377,Churned,MG
320c8ec376e4f189744a18ef6027db89,2017-06-27 17:58:14,1,89.9,450,Churned,SP
321aa4705a6597b7bb5a0c42ee121d3e,2017-11-24 10:49:07,1,99.9,301,Churned,DF
323630f1bddac4dc06bf3bdeb90dbe36,2018-03-16 15:49:44,1,22.99,188,Churned,DF
323b82df3d9616926c9eb5a0924abfbe,2018-01-19 18:07:37,1,55.8,244,Churned,DF
3248d94dedca7507cbe8d17075b39081,2018-02-07 08:04:29,1,65.99,226,Churned,MG
3256049f46589ca9ddb1dd86043f3948,2017-02-13 09:35:10,1,22.0,585,Churned,MG
327978477aaf5662dc82512c9f63e5f5,2017-10-14 19:33:54,1,107.61,341,Churned,PR
328ecf4ae1638481b5fd47a3d4f10501,2017-11-24 16:40:41,1,31.9,300,Churned,SC
32b736144958de0748fcfa294ef0b207,2017-10-15 01:57:18,1,79.9,341,Churned,SP
32bd7fa6d305e3c9a073ec9f2c5a49ad,2017-04-25 21:33:39,1,0.0,513,Churned,MG
32d36db8ff4b40b4349f0ebec623be72,2018-03-02 09:30:33,1,18.9,203,Churned,SP
32d935537fb268d349d5d14d7e778a2d,2018-03-16 18:05:28,1,0.0,188,Churned,SP
32de2a7a93dbfc527b3f584744b9c6ce,2017-02-20 11:45:39,1,69.9,578,Churned,MG
32e798e44d5d6847c29700f4fd81c67f,2017-10-01 21:55:31,1,39.0,354,Churned,RS
32feb5b7a73eee84aec157fcef63bd15,2018-01-21 22:39:40,1,139.9,242,Churned,SP
3300d15602bbdfa988f7f5958cbd7457,2017-05-22 11:43:01,1,0.0,487,Churned,SP
3385d3ca16a8ea8e2124294ac08b1814,2018-02-09 21:13:06,1,144.99,223,Churned,SP
33b08ff5fcb0b5bc8d8b9f106bbeca89,2017-11-28 00:06:53,1,21.49,297,Churned,SC
33b141e373b4f251b033f9ed33d6974d,2017-10-11 17:31:49,1,154.9,344,Churned,BA
33d5f77e44abcb42cdfc86854e5fce8c,2017-05-08 14:59:40,1,677.9399999999999,500,Churned,SP
33e156bda7e4550b1c7714b0cd34ceb7,2017-08-31 12:44:50,1,59.9,386,Churned,SP
33e2ec99a0b818a86def54a73031892a,2018-03-04 02:25:53,1,229.9,201,Churned,SP
33eb82333797c42ebb80bcc4aa337943,2017-11-08 11:15:57,1,41.5,317,Churned,RJ
33f92c3d64fe0986abe1c5f40baf0165,2017-12-12 22:34:44,1,99.98,282,Churned,RS
343a7a9382091ae4d0b150c52c86aa19,2017-03-22 08:40:31,1,59.0,548,Churned,SP
3443aa1df045d475ffb79648c36494e7,2017-08-29 12:36:36,1,59.9,388,Churned,SP
344fecfc1b158f40bd95550e62547fda,2018-02-03 10:51:17,1,129.97,230,Churned,MG
3462632a621a8362bf4d3149b2432842,2017-03-15 16:25:29,1,129.0,554,Churned,SP
34a7a16320425b76238d17b877418323,2018-01-06 17:55:03,1,86.9,257,Churned,SP
34a9803943df6b2eba0a322e63886be4,2017-12-23 18:41:40,1,24.9,271,Churned,SP
34ad8eecb58cca3f3fdc65e91c3ccd81,2017-08-11 21:01:02,1,265.99,405,Churned,SP
34be8fa07e63708f818e10e2096c83d1,2017-05-17 11:07:52,1,21.9,492,Churned,SP
34c58672601f2c6d29db7efd1f6bf958,2018-01-27 22:04:34,1,27.3,236,Churned,MG
34c7808de01a015e9c5165f6b44d7985,2017-04-13 21:06:23,1,0.0,525,Churned,RS
34e9218036622d21dadebbfade12537f,2017-04-11 13:23:05,1,55.8,528,Churned,ES
3506768c1d316482dc13c4848d0a7aa1,2017-08-27 20:44:40,1,37.49,389,Churned,PA
350e8172d9a1ed3cea31f50e09de726f,2017-10-04 11:31:15,1,59.99,352,Churned,MG
35473cbe40102cc697f12d9c6da90d9c,2017-08-18 00:12:37,1,32.9,399,Churned,MG
355c8e5dd7ea03b291a4057c4a8b7a4f,2017-05-17 23:39:36,1,0.0,491,Churned,PR
3565906973c459aa065d735bc52ac2b9,2017-11-23 16:21:25,1,479.98,301,Churned,SC
35946f04caff0b0dfe7096c7ee125cc7,2017-11-26 21:56:25,1,13.7,298,Churned,PI
35b45b906d1450b3540dc96692f58583,2017-06-10 18:08:15,1,207.94,467,Churned,SP
35cd47c762d9677a58dbe27d5e6c5630,2017-01-26 18:19:42,1,40.0,602,Churned,RS
363f980585bf04c1a88fdb986011c52e,2018-01-01 18:56:38,1,100.0,262,Churned,MS
36580bf41e01fe07a72d6e9b4a8d4dfc,2018-02-12 22:48:49,1,0.0,220,Churned,PB
365d66c606b6e733626ce65064911238,2017-10-23 19:51:02,1,18.9,332,Churned,RS
366122ec4e27dba7770f9913cf5931c2,2018-03-17 19:59:25,1,55.9,187,Churned,SP
366f4743154ff26fa1743ae7854b5e44,2017-02-15 09:41:08,1,99.0,583,Churned,MG
367f4686d7112d69feed92b02a1775ed,2017-05-19 18:13:54,1,26.0,489,Churned,SC
367f810d77e192e1440edd2afa6b07cd,2017-02-06 22:02:37,1,209.99,591,Churned,PA
369356185e190dbcc4ea472ef050dbbc,2018-01-07 15:20:44,1,32.9,256,Churned,SP
36b84fe3ccce72dce0d08b9388fdc6e6,2017-08-05 19:55:05,1,0.0,411,Churned,DF
36c2f8a28196fc5987d669d8e043178a,2017-09-06 22:41:34,1,55.0,379,Churned,RS
36c5770cc8e136abf9b1e5e149f75fb2,2017-11-27 15:56:53,1,49.0,297,Churned,RJ
36edbb3fb164b1f16485364b6fb04c73,2017-04-11 12:22:08,1,49.9,528,Churned,RS
3702265e16e5246cff7462ea675f6d90,2017-04-03 19:07:32,1,69.8,535,Churned,ES
370f54b7e98dc8ba4cf2b0cfb96ab01d,2018-02-23 14:09:39,1,129.9,209,Churned,SP
37130c6869ec1d517e07637dff2e90e3,2017-12-04 09:47:00,1,145.0,291,Churned,RJ
37266d5c6bf5cb0700372d16599a9b21,2017-10-08 21:38:21,1,0.0,347,Churned,MG
37363700139c1aef873bbcd916e57dfd,2017-12-12 13:56:04,1,49.0,282,Churned,SP
373786bde5ab151a86c6c3f4446f9b10,2017-06-09 15:12:46,1,143.8,468,Churned,SP
373cdc681e007b7c4acb534daaa265da,2017-05-14 19:00:05,1,89.97,494,Churned,SP
374ad33a8b3ec3e6fac9cbceaeb727ec,2017-11-26 15:50:34,1,115.96,298,Churned,SP
375a32d7f2515e310be13b1ac1692545,2017-05-14 12:36:54,1,133.9,495,Churned,PI
3778cf859fc4f14eec06ae45b48b4ad8,2017-05-17 22:16:39,1,45.9,491,Churned,MT
377bdfb2197d3b83c9e3f9502deabcfb,2017-12-02 14:28:03,1,89.99,292,Churned,MG
379222d9312a6f61a9b401c289cac564,2018-01-30 17:04:07,1,58.0,233,Churned,SP
37cc3e75e39bb11d75a1982ac0d07c17,2017-02-24 15:46:49,1,44.9,573,Churned,BA
37cf7c94e4f9624b4507713dc6a58fab,2017-11-28 13:05:16,1,299.70000000000005,297,Churned,MG
37d2d1ac62901f9a36cff32ca86c9337,2017-11-26 12:50:56,1,0.0,299,Churned,MG
37d3dfcbb848287358251bcb27953cbc,2018-03-14 15:15:19,1,0.0,190,Churned,SP
381f82b43b6124efe6c3d50fbeb1156c,2017-11-11 13:33:10,1,59.9,314,Churned,SP
383a19352a66cf815661a4e2863f28c4,2018-02-17 16:39:44,1,96.0,215,Churned,RJ
3856822a82996dad2607aaa95811551b,2018-02-03 22:36:03,1,779.94,229,Churned,MG
3867198d50d68da57284e0cfec9d1902,2017-11-24 19:47:58,1,68.98,300,Churned,BA
3891570de9631660881e981ca3286252,2017-03-24 18:16:43,1,520.2,545,Churned,GO
3894c7d8e29573e308ebc285ecd61d39,2017-04-18 23:33:17,1,219.8,520,Churned,PR
38a8b05798967480ac1ca6ce6c5cbd6a,2017-10-26 18:29:04,1,59.9,329,Churned,SP
38bfe8e3b53678fc301fcb2282176ab1,2017-12-25 22:56:51,1,150.0,269,Churned,SP
38c87e296e4df51efb00bbd07cd662a2,2017-12-15 22:24:06,1,0.0,279,Churned,MG
38cad70d154a4dcc42b598d5c01f7ef1,2017-12-15 00:06:10,1,369.0,280,Churned,RJ
38fb5f8b5cffb733ba60c32cbb6e80f3,2018-01-17 09:57:13,1,109.9,247,Churned,CE
39104edef5e46d7b8c61848cc95e6d97,2017-10-01 10:11:40,1,0.0,355,Churned,SP
39382392765b6dc74812866ee5ee92a7,2017-01-23 18:29:09,1,19.9,605,Churned,RS
394126d51adc8f16458ead97ff594058,2017-10-16 12:04:59,1,789.0,340,Churned,MG
39455b91bff049736190e059162ba61f,2017-12-11 11:27:52,1,12.9,284,Churned,SC
396e89f9a8b20de569b4f649539028db,2018-03-15 20:23:45,1,299.0,189,Churned,SP
3984338a848b2858b7d4049a5d66f26c,2018-02-12 12:39:57,1,0.0,221,Churned,SC
398957fce766920db4c4b206d7c9aa85,2018-01-30 09:43:45,1,0.0,234,Churned,SP
3991c41c2de37fb418cbfd8938aead3d,2017-03-08 16:49:01,1,49.0,561,Churned,RJ
399a778f5be153d30884026d52e5313b,2017-05-29 12:35:44,1,159.99,480,Churned,RS
39a4355f6aa228bdd1dfbc642952aec3,2018-03-21 12:26:15,1,125.0,184,Churned,SP
39aa99192278d43812a46c69c1f2443e,2017-10-27 19:00:02,1,27.98,328,Churned,SP
39d16bf578308ba63a7e52b4e3dccd24,2017-08-19 21:29:49,1,109.9,397,Churned,SP
39d28c99c5382bfc238c047203595443,2017-10-17 19:31:12,1,12.9,338,Churned,GO
39d6e50625a51a618c2cf02a026231c1,2017-08-10 07:06:33,1,0.0,407,Churned,RJ
3a3bf14f1678d2dbfb886a2dc94331d2,2017-07-26 20:10:09,1,129.49,421,Churned,SC
3a5043db9792c257505acee177400c5f,2018-02-16 15:19:06,1,93.98,216,Churned,SP
3a811ceb8ca7e789b007aa8177aacb3f,2017-11-24 09:25:39,1,104.0,301,Churned,RJ
3aa71d539bb760f054b280604391602a,2017-12-02 08:50:34,1,55.0,293,Churned,BA
3abdf4f27efce96f8573a88343a4084e,2017-02-20 21:31:59,1,160.8,577,Churned,SP
3aca8565700b61f9bb335017f98aeb0f,2018-02-26 09:42:02,1,0.0,207,Churned,RJ
3ae748b0c0cf7d473b7acac5e07a05ca,2017-11-03 12:56:49,1,283.02,322,Churned,GO
3b1b3e09530fc5f1b3d99b638d9175a2,2017-07-15 06:41:01,1,0.0,433,Churned,PE
3b2ae38156cf022ebdaf8a4ead16d30a,2017-11-03 10:57:36,1,58.0,322,Churned,ES
3b3839fba53bd347e707043fe02825e5,2017-06-27 10:36:44,1,82.9,451,Churned,RS
3b80d2592c113d689c05232eb90db0ff,2017-06-14 19:49:48,1,29.9,463,Churned,SP
3b9e2937de55d40ff1f7539bee704b40,2017-02-23 08:03:00,1,65.69999999999999,575,Churned,RJ
3bd08ce268152ada1de9eccd7d7e0911,2018-03-04 11:13:39,1,89.9,201,Churned,RJ
3be6f224efc657da0b17bf5d287c20eb,2018-01-11 21:28:50,1,239.6,252,Churned,SP
3beff2bbe2c00e9da692082224f0f770,2018-01-07 11:07:34,1,60.0,257,Churned,SP
3c1cede1be4ddd48d683880f48cb8754,2017-05-22 15:12:29,1,129.9,486,Churned,PR
3c71562cddbc170e33af13e6ad51ff16,2017-11-24 13:25:13,1,19.9,301,Churned,BA
3c935625a561031d835d79d8167cd2e3,2017-10-10 09:00:43,1,24.9,346,Churned,BA
3ca6405c95cbb86f2d01dfa86d5ae5b9,2017-03-21 21:14:13,1,28.49,548,Churned,SP
3cc6f2e1b9199837fabb35ff4bf24884,2018-01-22 12:02:21,1,139.99,242,Churned,RS
3cdb97c7026f8956cc2211db2b19f270,2017-05-25 13:50:11,1,89.99,484,Churned,SP
3cf33b6177767b9488f1abc46baab374,2017-08-25 10:04:15,1,79.9,392,Churned,SP
3d18156a1dff6d57e215431e45574371,2018-02-16 14:01:29,1,0.0,216,Churned,SP
3d364a7768fae99678635c4370295d20,2017-03-22 09:56:29,1,259.9,548,Churned,RJ
3d4ec1f3f781e8244b18998a4cc86212,2017-11-25 16:49:00,1,0.0,299,Churned,SP
3d6ccc45f51d061c0632fb284770be14,2017-11-25 13:31:25,1,49.0,300,Churned,SP
3d71bc3ae0c9f857ffe17636e0d59aab,2017-06-09 10:05:46,1,0.0,469,Churned,MT
3d7b5cfc78529ca32eea645f2dee555a,2017-12-19 14:43:59,1,0.0,275,Churned,RJ
3d83e5ef875fbe2b372eb472a6528146,2017-12-28 18:40:56,1,45.99,266,Churned,RS
3d8614b1f25530eca12661dc8b10a2fb,2017-09-27 12:07:22,1,19.9,359,Churned,SP
3e0a8e2f767f96b047452d0eb7c7f76e,2017-12-14 17:38:47,1,209.9,280,Churned,PR
3e2157f91502458bc58455fd798ed58a,2017-03-07 06:35:43,1,0.0,563,Churned,PE
3e43e6105506432c953e165fb2acf44c,2017-12-01 22:37:42,1,336.9,293,Churned,SP
3e45a109987cde39a119cd1a7eade7ea,2017-08-29 19:04:05,1,1200.0,387,Churned,SE
3e45b1d69bfaf0b7963cbb9dd00196f7,2017-03-06 00:14:28,1,39.9,564,Churned,RO
3e4fd73f1e86b135b9b121d6abbe9597,2017-11-24 21:27:48,1,339.0,300,Churned,SP
3e874b23b6b46a0a50dffce68e61a56b,2017-08-01 21:27:25,1,114.97,415,Churned,RJ
3e9694dfd41149b35e4a78f8a6cccb49,2018-01-04 19:22:12,1,129.99,259,Churned,RJ
3e9c6b78c5f04621fa3efb18433e0df3,2017-10-04 10:45:25,1,33.49,352,Churned,SP
3eaddcc07264924ce9663cbd01b0fcf3,2018-01-14 09:06:06,1,49.9,250,Churned,MT
3ed766ba830792bcc9ad889d2607eab7,2018-03-07 23:00:33,1,59.9,197,Churned,SP
3edb4054ab915a9e3ff74ec855f40c41,2018-01-21 08:10:23,1,49.9,243,Churned,SP
3ee4fae0862a2163c65481a46fd3469a,2017-11-16 13:20:26,1,257.8,309,Churned,PR
3eec5203b4af0fbcf6cac3498538cb86,2018-03-03 09:57:04,1,0.0,202,Churned,DF
3f00548d480f59bdac5e1ad8a68dcfe1,2017-10-16 14:55:52,1,99.9,339,Churned,RJ
3f29c19532c5b77b04513b4cb14e7364,2018-02-06 20:59:17,1,92.0,226,Churned,MG
3f505a4179debd8a891c070933325247,2018-02-08 11:37:22,1,0.0,225,Churned,MG
3f912e65396ae2aa2ea4fda9b6b4b4d1,2017-11-24 10:26:27,1,0.0,301,Churned,SP
3f96ad6e136439eaf4e575561067a196,2018-01-28 11:47:10,1,122.99,236,Churned,DF
3f97fa38eb164cf852487312f1c72b26,2017-06-10 13:07:03,1,99.9,468,Churned,RJ
3fa626c46f413742865a2cbfa914bb80,2017-11-08 12:09:31,1,0.0,317,Churned,PE
3fae5c023cb95af9fe32d14b52bc14a6,2017-10-01 14:47:56,1,25.0,354,Churned,SP
3fdf793a17d8931a76a0aab637ca318a,2018-02-27 07:37:02,1,274.0,206,Churned,PR
401f0aa41e779f38bf9cf13356a6e631,2018-02-18 19:22:11,1,39.0,214,Churned,SP
4026f7d0145275eb838ef552b889c0ec,2017-12-06 13:39:32,1,258.0,289,Churned,DF
4032ffc3b3b744f6c292d862cea3fca2,2017-07-11 16:48:05,1,0.0,436,Churned,SP
4034aa08d48695a538b7030910aae5d5,2017-10-18 23:22:31,1,216.0,337,Churned,SC
40386918bff25787189628d04176f7bb,2018-03-21 21:50:46,1,149.9,183,Churned,GO
4049ac72de67031ce1c0c59e281ef897,2017-12-28 10:54:18,1,109.99,267,Churned,SP
404e415d2dc63f769916d23ba8040386,2018-03-03 20:15:00,1,85.9,201,Churned,MG
406369948f16d70aaebad59a87541dba,2017-11-25 21:45:35,1,189.9,299,Churned,SC
406f6e67573dcb7b81325409778a1116,2017-05-28 02:08:13,1,0.0,481,Churned,RJ
4084df7fe43c4c85d4ea20cc422eb630,2017-11-12 00:00:45,1,125.0,313,Churned,RJ
40c1a702053d8618481f681873de0f41,2017-12-03 11:51:41,1,47.9,292,Churned,SP
40e76904901b914e63faa41ba28e54c8,2018-03-14 20:31:40,1,54.99,190,Churned,SC
4105645a2e9d4e2452957b11df3a2a04,2017-06-17 08:57:25,1,59.99,461,Churned,SP
410979f3cfd34e467d4fad78bd0f0219,2017-08-26 16:53:30,1,0.0,390,Churned,SC
41415f9d98446c12f76c9c4d5af62b03,2017-10-29 18:18:53,1,139.99,326,Churned,SP
414c84ad495003b943019c464580f531,2017-11-26 12:15:07,1,355.79,299,Churned,MT
415b15ac3d454f2f09088c34d5982469,2017-10-11 13:57:07,1,92.9,344,Churned,SP
4173a58ff83790b84c371f56879b5227,2017-09-28 08:54:23,1,159.99,358,Churned,RJ
417b909c0962b2610f1cfeb1c1478986,2017-02-24 11:24:17,1,0.0,574,Churned,BA
4182d20f129b3679e6808317f1e95567,2017-01-22 13:04:20,1,11.5,607,Churned,SP
41a1e8124bbc0d73734103301fdd4115,2018-01-13 08:19:23,1,80.0,251,Churned,MG
41a2e8b346e23a9fa13f49a651717c62,2017-08-30 15:29:05,1,100.0,386,Churned,BA
41ad638a2d5176da0eb0de9e177f880a,2018-01-08 19:30:02,1,0.0,255,Churned,RS
41bc11922a49c47bed46280d317c4cdf,2017-12-07 19:15:18,1,69.9,287,Churned,MG
41cb33fa84fbf65c71995e5f6d9564ab,2018-01-30 21:28:31,1,16.9,233,Churned,RS
41fc647b8c6bd979b1b6364b60471b50,2017-11-16 15:09:28,1,0.0,308,Churned,SC
425ae15f1593918f06d9a2ce9222e614,2017-06-02 16:17:33,1,802.14,475,Churned,SP
427c1afb29a173e377616eb612718d6d,2017-12-19 19:50:18,1,69.0,275,Churned,SP
42f80af2e6c585667e4eb416859ae153,2018-01-22 19:22:22,1,89.18,241,Churned,MG
430205ab3bd4700f1934a49b0f6c610e,2017-09-05 18:24:22,1,179.9,380,Churned,DF
43088e9ae1468ae7f8f6bd222b6a7329,2017-06-04 10:05:59,1,89.9,474,Churned,SP
43103ed378c67d1df45d3028173f68f7,2017-12-10 16:46:22,1,0.0,284,Churned,MA
43255e3df6cda368809baa2fc72872c8,2018-02-10 09:25:05,1,69.9,223,Churned,RJ
435615550ef4aa0b8e484c055a42808b,2018-01-14 11:38:15,1,129.99,250,Churned,SC
437377ad0f9e456982709a56a513640f,2018-02-20 14:06:04,1,118.0,212,Churned,PR
4377c22228de511d013c6a7560d58a2d,2017-11-14 16:57:27,1,105.0,310,Churned,PR
4387c856607a91376446da32e4a2012d,2017-10-16 18:26:48,1,45.0,339,Churned,SP
439f0525481a44b09ae940effded2fd7,2017-11-07 17:30:39,1,39.0,317,Churned,SP
43a549267000aab7a3773f5e6f97d1c6,2017-08-08 16:39:19,1,0.0,408,Churned,SP
43ad764728d69e55df3d2c75ab2b33c7,2017-11-20 13:05:07,1,388.0,305,Churned,RS
43b1465a233a9c1c822dbc043a864e2b,2017-01-23 18:34:12,1,129.99,605,Churned,SP
43b1c17ee4ef2824f6f81af9bbb0a0ac,2017-10-28 08:28:41,1,133.4,328,Churned,SP
43b74cf6f2f3c0de4af0bfce0e57a9eb,2017-05-21 09:02:27,1,0.0,488,Churned,SP
43d651349d2f0bc6a32e49de5c30c919,2017-08-04 12:44:35,1,52.9,413,Churned,SP
43f17abb82aa3e528eb5fbacc9b92c77,2017-11-29 08:33:06,1,117.0,296,Churned,RJ
441e8f48725c241d92e07ef7d7cabe68,2017-12-03 20:22:53,1,0.0,291,Churned,SP
4435c4547dca4cc6909b5f9b513c7993,2018-02-21 13:48:55,1,380.0,212,Churned,SP
4441264fd8b29e9fb8bc6cba8b5dea9f,2017-06-05 11:44:22,1,14.99,473,Churned,SP
445419b1327cc8f5219514a87d043e8c,2018-03-07 22:03:04,1,0.0,197,Churned,SP
449ba3232212cc2b6459e3fcef52dee6,2018-01-31 17:08:13,1,29.99,232,Churned,RJ
44b931de0be80ba9ae9c61a3d4fe339e,2017-05-05 13:35:44,1,5.99,504,Churned,ES
44d5ead0073d7c53c3f0503d9f847de0,2018-03-21 14:15:20,1,119.9,183,Churned,SP
44f4b8254709fb130159912889ae1ba4,2018-01-21 11:13:57,1,139.9,243,Churned,SP
4509c8f5e9f3c62a7fe74eca06996bad,2017-10-24 14:23:58,1,350.0,331,Churned,RS
45167dabf29a055f7c1208a69dc95586,2017-11-12 11:43:17,1,89.9,313,Churned,SP
451c36d15ca9729da50f130f5c0f1c59,2016-10-05 12:44:09,1,169.9,716,Churned,MG
451e48381edab7f1f6dbfa6d728616ff,2018-01-08 07:55:29,1,129.99,256,Churned,SC
4521ca49d47fa50f2b98f0c71cbf5ae7,2017-05-15 16:29:03,1,119.0,493,Churned,RS
452fab1c62b178922fc011b0eb89c1b9,2018-01-11 16:47:03,1,253.98,252,Churned,BA
454db3b8ab5e556358e87fe7df1be2d6,2017-07-20 18:11:59,1,349.0,427,Churned,PE
4557896ca8d8cb9fa93fe60ea0b37262,2018-03-01 20:39:11,1,350.0,203,Churned,SP
45677f94e9a07652cc2eb351dd542476,2017-11-03 11:29:00,1,248.0,322,Churned,SP
4587ce0af6eee0e9b8d0d75fabd30c2a,2018-01-31 10:51:27,1,29.99,233,Churned,ES
459750d77f1b60728d05658220c0fa04,2018-01-13 14:57:54,1,124.99,250,Churned,CE
45b1948a7554a397cc42c2ea55c54ab6,2017-11-30 07:48:24,1,0.0,295,Churned,SP
45f5c15d1dee0f06786c548f44268c95,2017-05-31 11:02:39,1,0.0,478,Churned,DF
469356420bccdecae3c5a3f9d8089ddd,2018-02-12 20:06:39,1,59.99,220,Churned,MS
46958f708ade6b6a88b2e5aca1e66de5,2017-08-30 06:22:58,1,35.9,387,Churned,PR
46a3729194f6f9d113c57f7f87bb89d9,2018-03-23 08:49:19,1,255.0,182,Churned,SP
46a5335f5fe2f04744ec3535fc6e36f7,2018-03-23 11:43:13,1,243.37,182,Churned,MA
46ab1191da6a216e86ad5a3c0a5d770e,2017-12-06 22:54:33,1,56.99,288,Churned,ES
46baaa8dc89052125448d2e07445809e,2017-07-18 10:12:26,1,0.0,430,Churned,SP
46c21d0f3e1d250a9f04e3fa064e8fef,2017-06-12 10:26:36,1,99.99,466,Churned,SP
46dd28b3f7e33b789acf42d3093b7773,2017-01-21 18:37:21,1,59.9,607,Churned,MG
46e277a4bd2d4bf3e0e8cfaf4ea3c41b,2017-07-31 18:47:11,1,0.0,416,Churned,MG
472eae247a25ee1529d03002eb740637,2018-01-13 12:41:19,1,32.2,251,Churned,GO
4754e3b66497719a91b36268ed9c5718,2017-12-08 09:42:43,1,544.0,287,Churned,SP
4786095d5d01fa91f67a87184280f6ff,2017-03-05 16:46:02,1,29.99,564,Churned,MG
479cc370a1fdb7d10dfe46016182a1c5,2018-02-05 08:33:27,1,0.0,228,Churned,MG
47b22f6eef47620586ac43f2660bcc82,2018-02-09 13:46:13,1,49.9,224,Churned,SC
47c46a8bf15ec7bd0d166ada892bb358,2017-04-25 15:33:12,1,13.98,513,Churned,SP
47cff09989eac12c2878e964ae59d34e,2017-11-15 13:43:11,1,49.99,310,Churned,SP
47d794d3b9191cca973e14771f951dc4,2017-05-07 10:19:33,1,17.99,502,Churned,RJ
4820478e8cb6198530212821746419e9,2018-02-01 16:22:58,1,139.9,231,Churned,DF
482749eee2cc3b294f4000e3e839c247,2018-02-16 09:17:44,1,79.9,217,Churned,MG
4829d76fd44a6f080411fdd7d81df23e,2017-11-24 22:09:42,1,69.9,300,Churned,ES
48625b68a29dcfc3aba4b5147e0625aa,2018-02-05 17:27:54,1,120.0,227,Churned,RJ
48770182fa1f6631dc831cb4a99ca859,2017-02-10 21:12:19,1,64.99,587,Churned,RJ
48a91a904cbb4f4f4de08f6c74f39407,2018-03-16 18:06:44,1,170.3,188,Churned,RJ
48bbd473ddd17309b40a941962591360,2018-03-18 16:30:18,1,17.99,186,Churned,SP
48d4bf53229ec530405b4e461ae6adb0,2017-10-19 15:08:48,1,78.98,336,Churned,SP
48e765b31aa7359bdc26fb32b1b6825f,2017-03-02 11:20:23,1,326.66,568,Churned,RJ
48f8c279f6e0dd1931c8cb6d572cc99b,2017-11-08 16:46:11,1,599.0,316,Churned,SC
490365d9f683dc347884bd697db83052,2017-05-17 23:58:42,1,135.9,491,Churned,RJ
49257d143ec6384f53a6648062252966,2018-03-18 14:49:40,1,110.0,186,Churned,SP
4947413e68f4df49eb40aa65881befa1,2017-08-21 19:10:44,1,86.8,395,Churned,SP
494a52654366a12455cd9a81c6fdf542,2018-01-16 18:19:20,1,39.9,247,Churned,RJ
496b46fb2c8d864ed645954dc6a57945,2017-12-06 08:29:35,1,189.0,289,Churned,MG
498011a635721ea1682b150ec0d1494e,2018-03-15 09:38:31,1,149.9,190,Churned,SP
4985c56eccae71866a8582e6d624c8f8,2017-07-23 21:24:59,1,79.9,424,Churned,SP
49a99633e0192d5ed775b6084c49771e,2017-11-20 19:38:16,1,0.0,304,Churned,SP
49b87b6248b8e97cf8e0be1d073e6ea1,2017-04-15 17:06:36,1,134.9,523,Churned,SP
49eb55b407f86a1e87d7898594e65c90,2017-05-20 02:48:00,1,135.0,489,Churned,MG
49ec3b730bc59d1053305e7d20c5828e,2017-01-31 17:14:07,1,59.9,597,Churned,MG
4a1545a7ca1e830eae5ea745b5338eb5,2018-02-22 13:38:10,1,29.99,211,Churned,MG
4a1857ed6d79eb215ed4805b853e1356,2018-03-11 14:24:19,1,44.9,193,Churned,MS
4a1d554430a67cc48fc8f2d4d3173867,2017-06-01 10:52:29,1,102.9,477,Churned,SP
4a3b6233269f211111508c801117a357,2018-03-23 14:03:30,1,0.0,181,Churned,SC
4a87e667294a7e8c18a5656a3813e24a,2017-12-22 09:36:53,1,41.3,273,Churned,RJ
4aa3bb0f92691d2cc5fc6cec735c0c01,2017-12-03 14:18:57,1,64.9,291,Churned,ES
4ab50a59734294a04f717d8ce2122c34,2017-07-10 21:36:55,1,69.99,437,Churned,SP
4ac899cf4188a7f69cde48d82e0309c3,2017-10-29 23:11:52,1,146.99,326,Churned,AL
4acce2834231e13b1514915adda5ec2b,2017-05-18 13:55:47,1,139.0,490,Churned,RJ
4aceb8c7e323505487fb7ad6775f177b,2017-11-05 22:06:17,1,599.9,319,Churned,RS
4af8183e991931155d9315609e41e2ab,2018-02-06 01:03:08,1,165.0,227,Churned,GO
4af923ab1facb0d2b0511746cffa138d,2017-02-21 10:53:34,1,29.9,577,Churned,PE
4b1d45d33877174c0fca2cece1f8f2c1,2017-09-27 07:11:08,1,49.9,359,Churned,RN
4b256de10191200af4161c5d0d51da48,2018-01-10 21:12:16,1,229.99,253,Churned,SP
4b2a90f97fb6d4022044367a62d2aa0f,2018-03-16 09:46:00,1,101.49,189,Churned,PR
4b3f881316f66630e2dc4868efd08e55,2017-10-24 14:48:29,1,193.8,331,Churned,RS
4b6cbf21433bdded5ea3fad432d707e5,2017-11-24 00:16:09,1,27.9,301,Churned,RJ
4b79e4b6db0bcfb76c85b5d88649fa45,2017-05-23 10:24:45,1,169.0,486,Churned,DF
4b86049cb99e4aa774031daa9cd18f18,2018-01-31 18:55:36,1,248.0,232,Churned,RJ
4b96021dd080de09f50154101eba1987,2017-04-09 19:56:36,1,0.0,529,Churned,PR
4ba951eaaf83957d36fa3de46820754c,2017-08-21 15:54:53,1,53.6,395,Churned,MG
4bb4001bb156c7e4cf2f096e9c5c20f7,2017-07-27 12:16:29,1,189.99,421,Churned,SP
4bc3c13133d65130fe13def33ed39eff,2017-12-03 20:03:22,1,99.9,291,Churned,SP
4bd3154555b2d1d19fed1ccf31aa33f7,2018-03-24 11:58:06,1,0.0,181,Churned,SP
4bd7f188edf5bda0c155c8460457d76b,2017-01-21 11:43:35,1,89.9,608,Churned,MG
4bdc96c9e8db57f4cdc94e59eeb987a8,2017-11-30 11:34:22,1,56.0,295,Churned,MG
4c20c0ee3e142218ffbb29ea05d6efa3,2018-03-02 10:01:27,1,49.9,203,Churned,SP
4c4019424201b623e1aa1a7fa822d326,2017-08-13 20:31:03,1,104.9,403,Churned,SP
4c57fdb260556efeb98a8e09ce74c4d0,2017-12-11 18:30:26,1,23.1,283,Churned,RJ
4c78e1b1723e4144f76a00609f312fc2,2018-03-10 20:03:59,1,19.9,194,Churned,PR
4c7e61a1faa0d4745bca0164648b3ddd,2018-03-14 17:24:47,1,0.0,190,Churned,BA
4c9d7a522155c04c8a1ef4c76ea68998,2017-07-19 14:48:00,1,59.9,428,Churned,SP
4ca5f90433afb5493247f0bafb583483,2017-08-04 17:10:39,1,69.9,412,Churned,DF
4ccacf05f1c687822fc379cec1a70493,2017-06-29 23:08:50,1,73.9,448,Churned,SP
4cdcedeadb2f9aeb0ba2ef5f2ebfd042,2017-09-11 15:39:11,1,0.0,374,Churned,RS
4cf926be7c4508b256de872d8de17979,2018-03-16 13:32:49,1,129.0,189,Churned,MS
4cfcf39c95ad546b0b18e931bc3e6d6a,2017-11-27 11:05:38,1,0.0,298,Churned,SP
4d024a9c22e0d1232091ee9915499719,2017-05-29 18:10:06,1,180.0,479,Churned,SP
4d2e06feac9e7556570da81b6b1a1423,2018-03-05 13:15:26,1,124.99,200,Churned,CE
4d44daa2056990a8c1cb947a19c626b0,2018-02-21 18:47:50,1,110.99,211,Churned,SP
4d76d18a3c2a23f3610de21232fc8bf1,2018-02-19 10:29:23,1,29.98,214,Churned,SP
4d789786872da7d638b9ca3be9e6e405,2018-01-23 12:53:16,1,13.65,241,Churned,CE
4d85336a73fdb043292adfffbeb80486,2018-01-30 20:52:21,1,122.99,233,Churned,AL
4dcabe94c61f202327839a734955b0cf,2018-03-07 22:26:43,1,69.9,197,Churned,SP
4dd1fb5dc901ff9a6077edf5b8572e5a,2017-07-19 16:45:17,1,0.0,428,Churned,RS
4dea07b5dd15f4087a2b00984f3755f8,2018-02-08 01:34:00,1,99.9,225,Churned,PI
4e0e2c55be4484ff485141aa1ae03bdd,2017-09-08 10:57:39,1,19.9,378,Churned,GO
4e20c9717b355a95e60353197235b58c,2017-05-10 20:47:02,1,199.99,498,Churned,SP
4e21dec7323ad0b039b139d47fae3374,2017-08-09 21:43:53,1,0.0,407,Churned,ES
4e23846da97b99c1b02724f5509f2518,2017-10-19 10:17:42,1,32.9,337,Churned,RJ
4e65032f1f574189fb793bac5a867bbc,2017-06-02 09:35:21,1,329.0,476,Churned,SP
4e67c7eee347c5f4ad6da21c8ab385ce,2017-08-12 09:51:12,1,44.99,405,Churned,BA
4ea910b8d63f40bd6b598ca7ff64be3e,2017-11-28 14:56:51,1,13.45,296,Churned,SP
4eaa7b320f62557958f289a09f1cf919,2017-12-02 13:53:36,1,59.9,293,Churned,ES
4eaf709a63916717d9f464d05beabfb5,2017-10-12 13:48:31,1,149.99,344,Churned,MG
4eeb95332592e4401c91ffb9d689cd14,2017-11-22 09:18:48,1,232.56,303,Churned,SP
4efe54e3e336d3e4c68e5ce66ced75c8,2017-12-10 19:29:20,1,89.0,284,Churned,RJ
4f062c0635aa5c593636b9500e21b99b,2017-07-10 18:12:09,1,39.6,437,Churned,SP
4f262a3ca91e56d568fd13240c3c3652,2017-05-17 08:36:11,1,0.0,492,Churned,SP
4f2b39545ebc1f7457d44249f8d7fc7a,2017-10-12 10:25:23,1,158.0,344,Churned,BA
4f35078a5117c6420a4f93cfa3be14f6,2017-12-02 10:43:56,1,0.0,293,Churned,RJ
4f51543860db95f9b98c1ce29a000d68,2017-08-24 09:19:16,1,40.9,393,Churned,SC
4f6d635ff2fd4e30ff5369a7b943eb22,2018-02-14 10:26:22,1,66.0,219,Churned,SP
4f7ded99cebf4c1ec505f71ef6580bba,2017-04-28 18:25:16,1,0.0,510,Churned,BA
4f853e8ca227c6f7fd20adcd785ba0a9,2017-08-21 20:49:53,1,74.69999999999999,395,Churned,SP
4fbfb381b20a1ce72ed57f3c49895954,2017-08-31 08:02:55,1,26.9,386,Churned,SP
4fc8594d4bd9b2157025e4bb48c2d30c,2017-11-08 21:11:17,1,59.9,316,Churned,SP
4fd1beb4e95a893ae955635ffaa1a861,2017-12-18 15:35:10,1,35.0,276,Churned,SP
4fe67915d44791a5deab2957c2641048,2017-03-04 09:55:08,1,7.8,566,Churned,SP
4ff0c5bf5ff939d3ed476462c42d431e,2018-02-23 11:55:55,1,187.2,210,Churned,SP
4fff725d93ad8b018de71bc3466cccd3,2018-01-17 11:07:59,1,23.7,247,Churned,PR
5014640d3efef58a7b050e3af74bbcec,2018-03-11 14:33:24,1,79.99,193,Churned,RJ
50343a5529a9ab46eacfd1fdc387cf0a,2018-01-13 15:43:58,1,49.0,250,Churned,BA
503f8e014d74b09cfe772d0279c361b9,2017-11-30 11:05:02,1,89.9,295,Churned,SP
5044faf2c6865d65a710642acbb21ee3,2017-05-30 17:31:27,1,0.0,478,Churned,SP
504b0dfeddc2a12fcc71773e0eb7b9b2,2017-11-11 17:38:40,1,190.83,313,Churned,PA
5063d70a88d82aab39d8a197036aaf2a,2017-03-20 17:01:26,1,49.0,549,Churned,RJ
506e2ff6b5a02a479e1f12b2a37deee4,2017-09-20 15:26:33,1,299.9,365,Churned,RS
5076366c05f3f8a857f811397338c6ac,2017-03-09 19:38:22,1,69.9,560,Churned,SP
507bd1aec5cf7244d6f0f61a0cd4136e,2017-11-24 12:03:10,1,46.9,301,Churned,SP
508cae50c5c1e72079d266a513bca9ae,2018-01-08 20:56:09,1,81.5,255,Churned,SP
509148592c66d4ea7e26e63c131cd980,2017-08-16 17:41:35,1,10.0,400,Churned,SP
512951e75fedf5e5cea649d6868631df,2017-09-13 20:23:41,1,0.0,372,Churned,SP
513716fd55dc94ade4802ea4f73a3dab,2017-05-18 11:18:16,1,169.9,491,Churned,SP
51601e58354758c975c5e878a11b4352,2018-01-25 11:03:37,1,122.99,239,Churned,SC
5179541696b879141c1f0bb532f988c9,2017-11-21 12:08:32,1,146.0,304,Churned,PR
51838d41add414a0b1b989b7d251d9ee,2017-03-13 18:14:36,1,84.9,556,Churned,SP
518ff151056410cc1e01e1dc3711a1a9,2018-02-01 11:32:12,1,61.5,232,Churned,PR
51ac8560948d44d4ffa33f2680569a20,2018-02-01 07:47:34,1,0.0,232,Churned,RJ
51be608e99a9d07f3dc157ab3f984f2b,2017-08-21 19:33:15,1,44.9,395,Churned,MG
51bfbaee00332bc4b92c8fb31a931948,2018-02-01 18:09:49,1,598.99,231,Churned,RJ
51c2f039f08424330a6bbba4c9949d98,2017-06-25 16:16:00,1,229.99,452,Churned,SP
51e32dbab59f703df32796cb616dc90d,2017-08-14 18:54:04,1,18.9,402,Churned,MT
51faedd966942d2541bb83c4a7499531,2017-11-09 19:40:27,1,0.0,315,Churned,SP
520adcb308fd7bce64069bcacbeb2f55,2018-01-22 20:28:04,1,30.6,241,Churned,RJ
5229b8e4d7d2b9b676c2083c17b1ecd0,2017-08-09 18:32:47,1,438.0,407,Churned,RS
5232c4dbb62f99ca1c7847a96821e5f6,2017-09-21 22:15:27,1,0.0,364,Churned,SP
52343fcfb4c1fbb0f91f9752d850d5fc,2018-03-09 02:40:19,1,318.0,196,Churned,SP
526ccb7139b463143e46b919bcfe3bac,2017-09-16 12:40:49,1,69.0,370,Churned,SP
528b011eb7fab3d59c336cc7248eed3a,2018-01-10 11:33:07,1,53.99,254,Churned,MG
52a2f316baf6921a49770363ec6b1268,2018-03-20 17:18:09,1,39.99,184,Churned,SP
52a7fb2dfa60628b04619fa279d3e27c,2017-12-02 14:08:33,1,98.7,292,Churned,SP
52c247722e2351bcf25b1d759a8a58ae,2018-01-15 14:12:49,1,0.0,248,Churned,PE
52cea49a6eabf8b641b7546bc1fc17ab,2017-12-04 19:43:16,1,99.9,290,Churned,MG
52d3c9e72091eca915f7e71c457ed368,2017-12-26 15:02:43,1,24.99,268,Churned,SP
52fd49a9e404c6a5aecd183430698b63,2017-12-13 17:00:56,1,99.8,281,Churned,SP
5313d6ca5d25744acf9877f61c01c189,2017-11-21 17:54:26,1,479.0,303,Churned,SC
5340888f5f7415514d6e02a9293938c0,2018-03-22 11:40:10,1,115.0,183,Churned,RJ
53478cb7851907e7343dbf818c273455,2017-04-18 22:38:59,1,23.9,520,Churned,SP
535c1bc29b3f8a2a5060ff4792665e3d,2018-02-11 11:13:55,1,144.99,222,Churned,SP
5362cb1d9a156cc6edbe69eed9f78752,2017-12-28 17:40:18,1,99.0,266,Churned,BA
5385c8288fcff00b5480d11379651558,2017-07-16 13:08:37,1,0.0,432,Churned,RJ
538f20c5da86daf31ec285792b8b603f,2017-07-06 16:18:52,1,59.4,441,Churned,SP
5399c9213ca365a480537a1b21423d2c,2017-05-14 09:36:36,1,95.0,495,Churned,RJ
539b33228e119bcaedd098baba88d06b,2017-04-17 21:09:46,1,143.8,521,Churned,MG
53a52be3ec8e43d7be46b037d58ff145,2017-05-08 15:15:49,1,109.6,500,Churned,RJ
53af1cb6dfe5bb4d37657200449e9134,2017-05-26 14:36:30,1,0.0,482,Churned,PR
53b2aa3aafb865f1c2c681804b8eb3b9,2017-11-02 22:46:35,1,59.9,322,Churned,SP
5403c5708577d72afc5c4783bad43280,2018-02-19 14:16:27,1,0.0,213,Churned,RS
54155ef7f24e55d09b694293e41702f3,2017-08-04 18:26:41,1,31.9,412,Churned,MG
545d52845f89fb2a0069f8af963812de,2017-04-25 13:35:09,1,29.9,514,Churned,DF
5468c19d0df121d47a5d3dc792f6cf52,2017-09-09 11:35:10,1,39.9,377,Churned,GO
54c665eb48d502792c20af5ed9166359,2017-11-15 11:45:28,1,0.0,310,Churned,SP
54c7b4f48fb9e911bf328bf9884ca61d,2017-08-01 22:25:27,1,0.0,415,Churned,PE
54d97c70f72815eae0f2538364774a7a,2018-01-28 15:50:29,1,0.0,235,Churned,SP
54dfac2adf924cfba07091efb3d1b5ee,2018-01-14 17:59:52,1,399.0,249,Churned,RJ
54e585d73c89a6aff19a1557eb5e9d16,2018-02-16 13:34:34,1,0.0,217,Churned,SC
551a09ef128e5436c555ecc43cfca103,2017-11-27 11:05:58,1,45.9,298,Churned,MT
551bf3cd63555513dd3dfdaba9b7541a,2017-11-27 19:41:55,1,24.5,297,Churned,SP
5533b6863859076febafeed9a35bb6c2,2017-12-09 17:13:50,1,0.0,285,Churned,SP
553b07cb90e5a17d748dbcf842c00118,2018-02-01 05:41:35,1,54.9,232,Churned,SP
553ddce64bc3802244fe88160fbdbd34,2017-07-05 11:56:09,1,195.66000000000003,443,Churned,PR
555789ba02ce5b47f71981657177b7e0,2017-11-24 21:04:24,1,21.99,300,Churned,RS
55689f96a555bccd0dc2d1786f2b833f,2017-08-31 20:46:59,1,54.9,385,Churned,SP
558e8c5c045f205b5b9ca29ec2d281b3,2017-07-13 18:26:10,1,113.0,434,Churned,BA
55a269f324455e78349e7b9b7e7e5911,2017-11-24 19:19:18,1,99.0,300,Churned,SP
55a2d38a48216287f07c360037b1955b,2018-02-18 21:52:42,1,0.0,214,Churned,RJ
55c5a2d985619aa0a36d724e52468dfc,2017-05-06 15:20:06,1,0.0,502,Churned,SP
55dfea89540867cbe96091b82db0cb06,2017-10-05 03:54:42,1,58.0,351,Churned,SP
55e3628de0f0fc02c8cd3eb79de3b739,2018-01-25 15:48:44,1,475.6,238,Churned,PB
55f8517e3e572aa06923169cf5d0b011,2017-12-01 09:21:49,1,81.99,294,Churned,SP
561cfc00b430b16ff8e8d36429d709e7,2017-05-05 22:34:48,1,99.9,503,Churned,MG
562dc4d7d8e2434726725aeca74da6e6,2018-01-23 14:52:06,1,0.0,240,Churned,RJ
563bf685b8426233585285851fa03881,2017-03-09 16:43:40,1,792.0,560,Churned,MS
56509f7bc43892a0da09ee14f50a6f84,2018-01-16 22:34:16,1,199.0,247,Churned,SP
56546b71f8bf254f860014fae431af6d,2018-02-14 10:48:33,1,116.99,219,Churned,SP
5654780522c8bd0731cc276d2e7185d9,2018-02-01 14:44:21,1,52.0,231,Churned,SP
566f5414c232319e9941d53b560f9f73,2017-12-14 18:33:18,1,0.0,280,Churned,SP
567cce4e47a422c4e6e2021a46c979e7,2018-01-04 13:14:34,1,124.9,260,Churned,GO
56b088f218c6c02cd6e86bb9814271cb,2017-08-30 10:56:21,1,85.9,387,Churned,MG
56e3a984ef5040797608df8afcba3d75,2018-02-02 09:16:20,1,27.99,231,Churned,SP
571fa8594059e717187533599bd0c1c4,2018-03-10 00:33:50,1,24.95,195,Churned,SP
5722e0ac013a86507a09e7b8d4b1d668,2017-06-02 08:48:11,1,39.9,476,Churned,DF
572e9e13a44a5e4ac5c42e74b324244f,2017-06-13 11:13:38,1,73.9,465,Churned,GO
5759e41ba42319bf0af03ea488526df8,2017-11-18 20:19:18,1,0.0,306,Churned,SP
57676a65c7de0eef9c74222d306f8fdb,2017-05-23 08:51:27,1,0.0,486,Churned,SP
57687546c853c106a30036e7c483dc7d,2017-11-07 02:55:51,1,49.9,318,Churned,SP
577a55f3f16b2ac437efb677258f317c,2017-06-03 19:59:55,1,0.0,474,Churned,SP
577f115bcda2b2d4448620beaa01f8bc,2018-03-14 15:55:57,1,104.0,190,Churned,RJ
57aee1a8b40587831ca79a06bf0df5f7,2018-02-04 19:34:05,1,28.0,228,Churned,MG
57b0b8c2c522feda58822ffc4f680375,2017-03-15 08:19:58,1,259.8,555,Churned,BA
57c3cb7f6511f6f53b8f4180531406ca,2018-02-02 10:06:20,1,120.0,231,Churned,MG
57e2b4ad2d77ceb7034ddaf45564600d,2018-03-07 14:07:47,1,0.0,197,Churned,AL
57fa50f976b8be14eddbbbe51dcc5cef,2018-02-03 00:18:09,1,25.9,230,Churned,MS
57fa681a2a71d179145d8029343f8d29,2017-09-25 21:50:22,1,69.0,360,Churned,MG
5805f02470aa5a345996c6cf1eae5be1,2017-08-26 10:26:53,1,599.0,391,Churned,MA
583fb3ee33cf172db8eedc575ad88d0a,2017-10-22 12:55:42,1,0.0,334,Churned,RJ
5840f5f059bef65fc6f3bf1f4eb48e98,2017-11-22 19:18:21,1,91.8,302,Churned,RJ
584bb2bc20695e10db1ddc15d027b8b4,2017-10-22 16:53:20,1,119.99,333,Churned,SP
58669aa114ba65257f8f5b8e1a32bcce,2017-05-08 12:20:41,1,19.99,501,Churned,SP
58704dbb44acbec0448a215ac2871320,2017-10-03 19:29:06,1,58.99,352,Churned,SP
5898ff704517d3dcae16ca666b5f225a,2017-05-12 22:50:56,1,79.9,496,Churned,SP
589ee29a3decf9bd5cd8492da02efb2e,2017-03-31 22:28:39,1,109.7,538,Churned,ES
58aa424ba24df5dc745e1a3941abc5a3,2017-01-13 11:06:56,1,69.9,616,Churned,SP
58f20748b5ef303f21ad24e74b8eaa42,2018-01-30 11:51:07,1,258.0,234,Churned,GO
58fba8b579123690f22f1e0a8cbb8152,2018-03-12 10:05:10,1,19.9,193,Churned,DF
59140aa3bcfa73f0763d85370926b4fa,2018-02-14 17:35:53,1,80.98,218,Churned,RS
59151e2a23ba2273271860147a7ab68d,2018-02-03 10:17:33,1,53.99,230,Churned,RJ
593744560cc76cf8dd5b6bac6fdb0cd5,2017-06-23 22:04:36,1,0.0,454,Churned,ES
59654be810cae5761b11ae6b37ba187b,2017-06-16 15:16:41,1,80.0,461,Churned,SP
596ed6d7a35890b3fbac54ec01f69685,2017-08-14 17:38:02,1,0.0,402,Churned,SP
5992a50227b3fba205b0dc1dab14bafb,2017-07-21 07:31:26,1,56.99,427,Churned,PE
59d8d1ea35c02a6a070ee29944b0ea86,2018-03-13 19:10:37,1,0.0,191,Churned,RJ
59f72bd03edfc6d071ee1091ea4dbaa6,2017-03-22 17:25:28,1,68.9,547,Churned,MG
59fb2024ddd74c34d16e3d51ed2960a1,2017-12-12 12:25:26,1,49.0,283,Churned,SP
5a014dabe8de0cc29621e8c8d5ebfd8e,2017-08-31 17:46:40,1,174.9,385,Churned,BA
5a08097006a04f95acc3c2501d0df29b,2018-01-16 13:25:36,1,19.9,248,Churned,SP
5a343a06c98ea19d963edfc4a0126e76,2018-01-02 14:54:52,1,68.99,261,Churned,PR
5a494c648fde2d1ec4eb614274ea7159,2018-03-08 19:06:05,1,225.0,196,Churned,BA
5a99dae4c9606abe29dc96573cdf9356,2018-01-29 19:49:57,1,39.99,234,Churned,TO
5ab63a2b407c27ca68d825930de62ae4,2018-01-17 17:50:10,1,127.0,246,Churned,MG
5abb229ffc19bcdf38b5a988fd6886fd,2017-08-24 01:40:27,1,69.9,393,Churned,PE
5ad96d7a95788923e8ff455366a90015,2017-06-17 21:09:49,1,528.0,460,Churned,SP
5adcde68f0d0cfd95225aea102dd0167,2017-06-29 16:38:51,1,39.9,448,Churned,MG
5af9e3c7acac75b674e2a7510bf32f69,2018-03-03 17:11:33,1,35.0,201,Churned,SP
5b2f88631e76ec357578704f3a123737,2017-10-26 11:22:23,1,37.25,330,Churned,RS
5b3186d7cf904f2f9369aec26faba4d2,2017-09-20 17:12:10,1,159.9,365,Churned,MG
5b3701e58aad8913eee15daaf03c0a9b,2017-07-28 17:03:33,1,54.06,419,Churned,PR
5b393d31d0c95acec0bc78472596d668,2017-10-27 15:12:49,1,139.0,328,Churned,RS
5ba20615a231459a4120721fec77e635,2018-03-23 16:39:38,1,0.0,181,Churned,SP
5bae40c0db261997972f0fe5ff3fd680,2018-02-28 13:15:20,1,42.79,205,Churned,MG
5bc4d654dc4eb95cbd977eafadb38383,2018-01-11 21:42:30,1,0.0,252,Churned,BA
5bd6c03585f70d7c822c736ccaa053ad,2017-03-11 00:05:55,1,123.9,559,Churned,GO
5c0916024bf8ac6780aa07dce317aaf6,2017-12-17 11:25:52,1,885.0,278,Churned,SP
5c258f7c0ff4f829eec200d6b9ed6994,2017-09-03 15:21:44,1,299.9,382,Churned,SP
5c338a1f817634937de82b48141a62a3,2017-08-05 16:00:56,1,104.9,411,Churned,RJ
5c418501b87e13cd0dfdb50fe6f1d96d,2017-10-01 15:17:41,1,0.0,354,Churned,SP
5c41a21d4f964c189c2ad704dd18d11f,2018-03-04 15:30:14,1,174.56,200,Churned,RN
5c585e7a98e329454ba75d494a0019be,2017-10-23 17:11:15,1,64.99,332,Churned,SP
5c74db72c1cdc37dc37c27542ec62542,2017-07-14 16:49:26,1,12.5,433,Churned,RS
5c8a8ede9e5ca9d3276b26d56e7de37d,2017-11-27 17:19:58,1,159.9,297,Churned,SP
5c91001431c31b0b355a154d4f498177,2017-08-20 11:07:39,1,75.0,397,Churned,SP
5cbb48126229b0f4f6f000dd00c8b698,2018-02-19 17:46:18,1,99.9,213,Churned,MG
5cbf29b2dcf212a6a5d864b887238c72,2017-09-13 09:18:50,1,110.0,373,Churned,SP
5cdd235f266a268a095324c53c446396,2017-11-24 14:27:49,1,119.9,300,Churned,RJ
5cf21d69d40b50119524be327a12ed7b,2018-01-21 22:20:52,1,0.0,242,Churned,SP
5d0f9e059b388d11c92560a0031b97d2,2017-11-15 16:18:30,1,217.8,309,Churned,RJ
5d2da9cc2b6e9a3091833386fccad629,2017-09-04 19:27:44,1,109.9,381,Churned,RJ
5d4860175560b328f70a058bf6fa2278,2017-12-06 13:07:22,1,37.9,289,Churned,SP
5d5829e2a0b08bcad7b3606381d7c11f,2017-11-16 19:37:21,1,184.0,308,Churned,SP
5d710d9a48ebb7fe5ffc2940ff29f346,2018-02-10 13:26:59,1,24.89,223,Churned,MG
5d81094365fbd7cb0e548f4508fa5e62,2018-03-10 23:24:50,1,149.9,194,Churned,RJ
5d86e4c7d9e944ebaab065f2588f45f9,2017-07-13 14:01:21,1,258.9,434,Churned,PR
5d9a8a6c059280f7d8dab99e2d025a28,2017-12-29 11:02:33,1,157.77,266,Churned,SP
5dda09ed137461608be539348c1dac39,2018-02-10 15:13:12,1,67.9,222,Churned,SP
5ddb4fdd9cef2450d17ae20639815885,2017-03-30 07:50:33,1,0.0,540,Churned,SP
5df8710e0e69a1b21ec96bca50cc6c64,2017-07-19 21:09:11,1,65.7,428,Churned,SP
5e380d3468af33b77e184046b8061a2c,2018-01-11 09:46:16,1,64.8,253,Churned,SP
5e76cb6542fa7e072916af1effd97f36,2017-08-10 09:18:48,1,56.99,407,Churned,DF
5e965d35ef2083367ff713df75fa6f16,2018-02-28 17:00:28,1,0.0,204,Churned,MT
5eb26be6d23fe97220a9333113b0e45a,2017-09-29 21:38:55,1,18.5,356,Churned,SP
5ec6ec6338fe161e42b765f5ded9d69c,2017-07-12 18:45:24,1,150.0,435,Churned,ES
5ee57c2c09a8207dd889ca527f27bc39,2017-09-08 10:32:20,1,69.9,378,Churned,SP
5eeb4fb67e6d3276ba73e4cf2f584fa6,2018-01-21 22:03:00,1,59.0,242,Churned,SP
5efcc46e1fee22373a28eb2b0f26a6fc,2017-05-16 12:28:32,1,89.9,493,Churned,RS
5efe3bb2ff056a6a0f2370818502daed,2017-10-15 17:27:14,1,278.0,340,Churned,RJ
5f03b965e26e79a371d229cfeeb578d7,2017-06-20 13:08:17,1,39.9,458,Churned,SP
5f28e0db75ddc9aec85f8c30533b95ba,2017-12-19 15:55:46,1,89.9,275,Churned,MG
5f38cc36e507c4d880489be38964af19,2018-01-02 19:20:35,1,168.9,261,Churned,RJ
5f46ee96a6c1d425dceafdf4bfa695cd,2017-11-24 20:40:42,1,82.9,300,Churned,MG
5f55955ddaecbb08c84de1fabef864f1,2018-02-23 23:33:40,1,39.9,209,Churned,RS
5f5c98eeb7493cc2ba1a27b73207ea6b,2017-09-21 15:10:47,1,0.0,364,Churned,PR
5f625106b926dd7fe59fc55a87023068,2018-01-09 19:59:13,1,0.0,254,Churned,SP
5f94af52aef02c968a2e0f01f430864e,2017-06-05 21:14:52,1,0.0,472,Churned,RS
5faabfe6772088c4d906b63fa81ac63d,2017-07-18 12:35:54,1,84.9,430,Churned,RS
5fd0cae43a6002e194fe471367ee22d2,2018-01-23 23:59:03,1,79.8,240,Churned,SP
601d7421c2ded8c1caffb014b9f19d79,2018-03-17 03:08:01,1,79.99,188,Churned,SP
602517e0d22bad1e86ec4cc2fa58a147,2017-11-17 05:56:03,1,169.9,308,Churned,RJ
603cefd1ec4a18c001bab386bdae59f2,2018-02-15 08:13:47,1,389.0,218,Churned,SP
605ae81a185108a9c8192bae163c27db,2018-01-23 17:33:09,1,19.9,240,Churned,BA
607eabaa3707bbcbb4313d9d3c81d385,2018-02-20 18:03:43,1,224.9,212,Churned,SC
6087cfc70fd833cf2db637a5e6e9d76b,2017-12-26 23:41:31,1,27.99,268,Churned,SC
609adc68db390a15fd21648c496f50b7,2017-03-12 14:02:57,1,69.9,557,Churned,RJ
60b1b4c715a06c7120279bc8da388fd2,2017-04-11 13:37:00,1,18.16,528,Churned,MG
60cf7bedff25cf587405fb4eceab96cd,2017-01-26 22:15:22,1,89.99,602,Churned,SP
60fc4b9636e847212b8c69cc13f4da82,2018-02-19 11:11:12,1,149.0,214,Churned,RJ
611009570f605781020550bff8c0d7a5,2017-11-03 21:54:45,1,95.0,321,Churned,SP
6110fc2216f14d1efaa683050a262e90,2017-06-16 00:22:49,1,359.5,462,Churned,ES
61159604e28034ef05a1a8591317e4b6,2017-11-13 23:27:02,1,154.9,311,Churned,SP
61181b9bc9188678b5991d89064dd961,2017-02-24 23:39:21,1,0.0,573,Churned,RO
6143fffd88e5596d56beab1eb8b1c5ee,2018-01-26 21:27:53,1,53.0,237,Churned,ES
6189b291a65a3209d34b330f8f0e8373,2017-10-24 11:34:33,1,298.0,332,Churned,MA
618ab23cb329ac11c84bc092ddb4bf09,2018-01-24 14:19:05,1,179.89000000000001,239,Churned,BA
61b262310a6e93c6b63efa804ce63a7a,2018-01-29 13:38:02,1,159.98,235,Churned,RJ
61bc6c4a059f69ea37ec1fc5abfca27f,2018-03-09 16:41:08,1,0.0,195,Churned,SP
61e65a8282833fe8aa8d7be296a1fabf,2018-02-05 17:40:34,1,153.0,227,Churned,RJ
620123772a3dcba2bd22515fb40e1fb3,2017-12-07 15:40:14,1,33.5,287,Churned,SP
6219e27197bb69d46b4df3fcc2325edf,2018-03-08 21:36:23,1,14.9,196,Churned,RS
62234bde75e95fb025e2499a0a3bbc2d,2018-01-25 08:43:46,1,14.6,239,Churned,SP
622ab02b1f004f1b9a11fee1634bd1c7,2017-08-03 19:48:22,1,39.9,413,Churned,SC
622ad62f1ec148052d38f7b1cf3245dd,2017-06-03 10:47:56,1,24.9,475,Churned,SP
6243e6aedca8bf97d0e619c5eed532be,2018-03-10 13:39:36,1,159.0,195,Churned,DF
624ddea0a7efc078dcb7d99117f55769,2017-08-16 22:34:10,1,32.64,400,Churned,SE
626495d0fb14f39da07290bb8d984ebf,2017-04-20 16:18:26,1,17.5,518,Churned,SP
6271a931d9d3071a8777ca5be52771a4,2018-03-04 18:31:38,1,149.9,200,Churned,RJ
628bdd93abd27fbdd50f4e2e91ec64b3,2018-01-02 09:45:15,1,0.0,262,Churned,SP
62b9dc37369a8f35376fd855473dd86c,2017-11-26 20:36:27,1,0.0,298,Churned,SP
62bc80a87f8fd6a0ec196436009e0f8b,2017-05-02 22:36:47,1,129.99,506,Churned,PI
62dbf95632be2b7c3a8b0ee94abd4cf8,2017-11-24 11:56:51,1,249.0,301,Churned,RJ
62e539dbae33b2188f41136488f334fe,2017-11-17 13:10:42,1,194.0,308,Churned,SP
6300bc55fc0edb7f2623cddf51ba7502,2018-01-11 08:30:28,1,29.9,253,Churned,PR
63386c87125fd15ae6798a09856e9eff,2017-06-26 07:04:39,1,33.8,452,Churned,PA
634f09f6075fe9032e6c19609ffe995a,2017-10-26 15:54:26,1,228.0,329,Churned,BA
6366dc709d3d45f3fb76d56ded95f9ca,2017-05-16 17:48:36,1,64.99,492,Churned,SP
637083b346bff4660523a74fc4fa8b73,2017-12-05 15:24:25,1,29.99,289,Churned,MT
638c740ca54108e59dfd571ab7c0b764,2017-03-06 13:56:19,1,26.99,563,Churned,TO
639c0608dce3b89a89bb5a9077dfec48,2017-03-27 14:04:58,1,99.0,542,Churned,RN
63ac99abec6ae9397c61293badd8a268,2018-03-07 17:53:30,1,179.99,197,Churned,SP
63b4253e688c57bdaa18741b3fea5a01,2018-03-11 18:52:10,1,80.49,193,Churned,SP
63e7b3101c55297369f3141cf91532be,2018-03-09 22:35:23,1,0.0,195,Churned,RJ
64200c9fa459662885c44d8a58d8bdbf,2017-08-09 22:34:04,1,89.99,407,Churned,SP
6424423121df7517efd1fa700283c47f,2017-11-11 12:10:02,1,19.9,314,Churned,MG
6457b2cb5462c1217e8e6d36b0ff39d2,2017-11-18 14:33:04,1,77.2,306,Churned,SP
645d54fc2f9c61166cdac23242542979,2017-10-24 17:39:10,1,108.9,331,Churned,SC
646d643b4ac1184e383341f8896c3dc8,2017-11-20 16:21:04,1,139.98,304,Churned,CE
6491c7db55287e7f4e3ab56919742153,2017-08-26 22:55:05,1,49.5,390,Churned,MG
64970391496ff28e4fd847493f589287,2017-09-26 00:51:00,1,70.9,360,Churned,BA
64be1085f459ad4720cd416c386d3e51,2018-02-19 15:16:15,1,224.9,213,Churned,AL
64d6e417275b4d99214428b330b07b81,2018-01-26 18:16:08,1,0.0,237,Churned,SP
650d655f572ad6a213c0f6619f6913cf,2017-10-16 21:39:31,1,139.99,339,Churned,BA
6522a1d436415b898aef068ba68e81fb,2017-04-25 11:30:33,1,59.9,514,Churned,RS
652da2f7c852a3269dc6d7262b0b8f4d,2017-08-13 09:11:38,1,179.0,404,Churned,CE
6559758afffee923186f307d048d75cf,2017-03-26 21:42:57,1,26.69,543,Churned,SP
656d81ab7f30a1be5709ff381e3f91f6,2017-11-24 21:53:34,1,129.9,300,Churned,GO
657b9acae4845d34e8766e84be3de88b,2017-06-27 10:45:08,1,89.0,451,Churned,SP
65a944ed12c066780cdfeac5a417d32d,2017-12-27 22:37:02,1,0.0,267,Churned,MG
65d7c0904b51f5b432e71a14b25121dc,2017-11-08 15:52:49,1,58.99,316,Churned,SP
65daa8af71675f5b6e90b235f029438c,2017-12-21 04:59:55,1,59.99,274,Churned,SP
65f72a9364d44ebbd405299568002138,2017-09-08 14:56:50,1,159.9,377,Churned,RJ
65fb17c692327dfef891bef8b7f33c2a,2017-08-02 13:18:30,1,0.0,415,Churned,SP
661a5e18a28b34880ccc60112f2b8e8e,2018-02-21 18:15:12,1,39.9,211,Churned,CE
663d5a1d3fccfad3a3c4574072794a8d,2017-09-13 20:30:02,1,179.9,372,Churned,SP
664f7107c351f24b16b68919398730a0,2016-10-05 15:08:00,1,294.9,715,Churned,SP
6654462d0d3266165aaa7028d4d35005,2018-02-20 17:37:20,1,159.9,212,Churned,RJ
665f8bbe2cf428657aeb0572c27fef58,2018-01-15 10:33:44,1,299.74,249,Churned,SP
6667649dc575c65058507349be078d4f,2017-12-14 09:06:34,1,149.99,281,Churned,SP
66afa2376b0e4599e420694f53eae80a,2018-02-22 19:22:04,1,0.0,210,Churned,RJ
66b4a441fa95efb527240f103e4182d4,2017-02-04 23:28:25,1,110.0,593,Churned,SE
66cb29267e1bdc78dd85b30452251579,2017-10-16 13:30:58,1,33.9,340,Churned,SP
66d7c05de70168738de8f6f8b5adce82,2017-11-15 13:47:34,1,117.3,310,Churned,BA
66dd7b48d24397d554c2af2b30cbd407,2017-11-26 01:05:59,1,29.0,299,Churned,SP
66e1f83376794a26466b8aff77e4a5d0,2017-08-04 10:31:58,1,189.8,413,Churned,MA
66f4cacdd688fc56e58a33287fe822cf,2017-12-30 13:46:14,1,0.0,265,Churned,DF
6716a47d23270d65d123d9d148899102,2017-06-21 16:40:23,1,89.99,456,Churned,SP
671e951533c86366cf6325bcc8a02ff4,2018-02-03 19:00:16,1,89.9,229,Churned,SP
674b8bca7cdaac71777cd026ebb31c43,2017-04-08 13:01:30,1,39.9,531,Churned,SP
6753845f8bc48b027c01c90f13d41f3b,2017-08-06 23:40:08,1,18.99,410,Churned,BA
67697f1ef23332d4be711eba56d04b4c,2017-06-05 14:15:53,1,0.0,472,Churned,MG
6788c2de733d940f2a56920fd7054a9c,2018-02-19 22:50:37,1,65.0,213,Churned,MG
67a055e65bcf75362f81b7141ac2eed2,2018-03-10 20:50:37,1,45.0,194,Churned,MG
67c92485fa38cdd999e4b72a6e347663,2017-06-16 10:32:52,1,279.9,462,Churned,SP
67cb90a67c8f7b5e3a886f4fd859d2f8,2018-01-05 16:09:43,1,249.5,258,Churned,SP
68086630405120fd049f0d41aaee9a68,2017-03-03 00:14:01,1,38.9,567,Churned,SP
682dff0e9050d37ddd64e2ffc53bcbbe,2018-01-24 11:40:28,1,109.0,240,Churned,MS
684fda5905aa430123c7b293106a337b,2018-01-20 15:35:01,1,49.9,243,Churned,SC
6858ce30f88a81273fb705a2fcc52aa7,2017-10-18 08:45:41,1,249.9,338,Churned,SP
6862e7a7283767e68fb14c52a110f6d1,2017-11-21 18:35:19,1,38.0,303,Churned,SP
6875cdbe14f4e09791825d53465788d9,2018-02-09 17:42:05,1,0.0,223,Churned,RJ
6883d579dacefc2301eea23d7855a8aa,2017-06-14 20:22:18,1,214.99,463,Churned,SP
68954feaafe4dd638f3bd3e2afa174ec,2018-03-15 08:52:40,1,0.0,190,Churned,SP
6898b2273c4c2e9f697bb597c7df0837,2017-04-27 11:08:59,1,0.0,512,Churned,PE
68a5590b9926689be4e10f4ae2db21a8,2018-01-11 15:30:49,1,370.0,252,Churned,SP
68ab9bfe2388b0b36614c7000b8b1cf8,2017-11-23 18:41:44,1,24.99,301,Churned,BA
68ba0fa3c02bfada4ebd0f37d1aee37f,2017-04-24 09:37:26,1,23.9,515,Churned,SC
68e9aca85421a3dc655325bcdf9c9912,2017-11-24 09:23:33,1,85.0,301,Churned,SP
6903f2c210906ee7731be7bc8360a036,2017-08-10 19:25:35,1,61.49,406,Churned,SP
690c7559d9d62f2464c47042a655bf57,2017-08-30 16:03:26,1,349.9,386,Churned,AL
691c66d5f2b54a03a95e2fb59c83ef18,2018-03-02 15:57:44,1,499.9,202,Churned,BA
6926bce378918c0796934a2403ed36b2,2018-02-05 20:25:11,1,0.0,227,Churned,MG
6927dac0fa9c5c972d388e6a77ce7d93,2017-10-05 05:23:47,1,60.0,351,Churned,SP
6935b767c9c3c6d8c27c9a840bc5c238,2017-04-03 23:09:50,1,30.9,535,Churned,MG
693d4dc072a4cbdfa19501dbab1c7ad1,2017-07-01 16:25:53,1,129.99,446,Churned,RJ
69773615cfc64f54d36fbe95621b2590,2017-11-25 12:44:35,1,313.08,300,Churned,SP
6979b81e6b16100f6a5213030d2c8f82,2018-02-05 16:15:05,1,116.94,227,Churned,RS
698a9cafcc15cac8cdbaee64adc6efbe,2018-01-29 13:09:31,1,89.49,235,Churned,ES
699ed48250faf9f3d41e91f4ede36364,2018-02-09 07:51:33,1,49.9,224,Churned,MG
69a67928e55cbef75ba434ab0a4ff540,2017-10-15 19:47:30,1,0.0,340,Churned,SP
69a7f37355617e699081e1a1db826691,2018-02-19 01:42:20,1,129.0,214,Churned,SP
69aab61687fa416ef601af332bd0ff0d,2018-01-11 22:57:36,1,70.0,252,Churned,SP
69f2934ad8b50cc05587a94cc7d68fc9,2018-03-05 18:15:17,1,99.9,199,Churned,PR
69fbe1ef33ee18593788e655e348b954,2017-10-17 18:22:05,1,72.0,338,Churned,SP
6a04c8339c44b23e189446216a494569,2018-02-19 19:48:52,1,29.99,213,Churned,MG
6a0c925299476ef8ee879d9bb10da5ca,2018-02-06 18:50:45,1,169.9,226,Churned,CE
6a0e43f0d7e1b5539e4c58a26ebe35da,2018-01-07 21:44:54,1,0.0,256,Churned,BA
6a16af5086aa0454d0547bad1bddd793,2018-01-19 11:37:49,1,0.0,245,Churned,SP
6a1b5e68e0f74bc265df1d9f30d0a7d2,2018-02-21 00:30:48,1,48.9,212,Churned,SP
6a43f6511976bd65d1080f1b647689f2,2017-11-25 03:10:32,1,35.0,300,Churned,SP
6ac3687282ae6cf1976b4cc39677f95c,2017-11-13 16:23:17,1,130.0,311,Churned,RS
6ad430c5fac5e72b42f74af4ad7e98f3,2018-03-20 09:25:27,1,199.6,185,Churned,SP
6ad46014a4203440c38e3dbf7aedf51c,2017-01-25 15:47:27,1,168.0,603,Churned,SP
6ae6f0cf986be1adaf148eca6ab1dd53,2018-02-25 21:32:20,1,139.0,207,Churned,SP
6b2a5ca1951e2192b2605cbf45b29892,2018-01-26 16:45:03,1,42.0,237,Churned,SP
6b37d47561c8e97bd313b89215e0ae88,2017-06-14 16:29:40,1,36.0,463,Churned,SP
6b595d38cb0d0c5dca0ca4de1b97b116,2017-09-17 23:00:57,1,209.99,368,Churned,SC
6b80cc7d77cb61e543f86463c3437a96,2018-03-16 17:55:29,1,0.0,188,Churned,MS
6b9afcb17cc0d97ebb20f7fc4e3a25c7,2018-02-09 15:26:21,1,115.52,223,Churned,RS
6ba3c687055589c6271f660f1fbf6595,2017-04-19 13:45:55,1,65.9,520,Churned,RJ
6bbcae37cb10b3110fcb123680e08eca,2018-02-27 12:17:08,1,57.99,206,Churned,SP
6bc9e749760ecb1daa33144baf3eee9e,2017-06-06 00:11:09,1,16.5,472,Churned,SP
6bd4f06d5599d085d7a367cf49626155,2017-01-16 14:24:22,1,34.9,612,Churned,SP
6bfccb019f3da909ef21a2803daf87e5,2017-05-29 09:28:35,1,49.8,480,Churned,SP
6c272e38c324a5850751500bf116dbe4,2017-02-16 09:42:48,1,0.0,582,Churned,MG
6c69905245a109e523848de29386e0ff,2017-11-24 23:44:45,1,650.0,300,Churned,MG
6c734067f6c8d999e1a32f368fd70f13,2018-03-08 12:49:36,1,59.8,197,Churned,SP
6ccbb05bf38d868e2a997d0dcf1c32ad,2017-11-03 03:03:15,1,85.9,322,Churned,SP
6cefc29085fbf53d5721acb4fe4c0c7e,2018-02-26 15:18:18,1,0.0,206,Churned,PA
6d107617e509701446292309521f1c22,2017-12-03 15:57:22,1,1058.0,291,Churned,SP
6d1213d0a8cccfa5cdb1b693fd388055,2017-11-19 13:23:27,1,28.78,306,Churned,MS
6d443b75cff956bb73dce7385033e266,2017-09-05 09:29:17,1,2105.4,381,Churned,SP
6d5445cddf56ea4edb5a2540c6fa1d71,2017-07-31 16:05:43,1,0.0,416,Churned,RJ
6d6c7bcba410b2206fb3cb9c33c3707f,2018-01-11 16:01:23,1,297.0,252,Churned,SP
6d89c322686666680193afa698c29134,2018-01-31 20:50:59,1,29.9,232,Churned,RJ
6d9760d712a88a72d89fe864701f1797,2017-12-09 22:28:07,1,49.9,285,Churned,SP
6da92ae920ab16fc4eceb8fcd7bd43ce,2017-11-30 22:02:15,1,79.9,294,Churned,SP
6db7adf9e39b611244585ce6e23994fd,2017-10-09 17:58:37,1,26.9,346,Churned,MG
6dd6e77a98003996c7fd7afb70be95c4,2017-10-03 21:10:45,1,74.9,352,Churned,SP
6df5bd0023cfd06d7b55bcece550e1f2,2017-03-11 17:50:16,1,34.9,558,Churned,SP
6dfa1ddc7f7e7d7930de326f34c16f53,2017-11-17 13:12:47,1,24.9,308,Churned,BA
6e0d94e83bae00a64c12c9497158ee1c,2017-09-24 14:47:42,1,20.3,361,Churned,SC
6e0e3c6485417542b5e5dc80dd6139d4,2018-03-06 15:16:43,1,109.9,198,Churned,ES
6e1190edde834ca84ba216d13627e85c,2017-03-10 17:33:50,1,52.9,559,Churned,MG
6e1ad40c11dd6aa516c24963c470d9a6,2017-12-14 01:30:04,1,58.0,281,Churned,RJ
6e2064e4da450befb0b70bb2f0c68f64,2017-04-17 19:32:46,1,16.9,521,Churned,SP
6e26bbeaa107ec34112c64e1ee31c0f5,2018-01-02 19:00:43,1,1299.0,261,Churned,RJ
6e29598e4a23df8fd26eabe98846719d,2017-06-17 16:54:26,1,64.9,460,Churned,SP
6e5c0e412f8b74a1c29aa945757dfc46,2017-06-03 10:33:55,1,89.5,475,Churned,RN
6e620488162fe1129d32f26b751d770a,2017-09-28 21:07:47,1,119.8,357,Churned,SP
6e890959de98f57e7db8fbf22d3f5697,2017-06-27 22:14:25,1,0.0,450,Churned,RS
6ecae395621d20aca9711709fedacade,2018-02-26 08:38:33,1,107.0,207,Churned,MG
6ed6a41250b1e99e3bd5e6ecc297dfaf,2017-11-22 11:04:05,1,0.0,303,Churned,MG
6eda0eb687a3f22e2031dae74269da91,2018-01-16 21:29:47,1,49.9,247,Churned,BA
6eff1cd9cc7f4dde6e1cbb679e219a50,2017-11-07 09:23:40,1,199.8,318,Churned,RJ
6f19cd82c9d4d5b80bd8fbd24e600576,2017-12-20 12:30:40,1,24.99,275,Churned,MT
6f2013debda201c8ffa9b4a783ef1622,2017-11-04 17:01:40,1,0.0,320,Churned,SP
6f232f2f5c7f33b7bd9d794d2afacadd,2017-07-26 11:44:28,1,0.0,422,Churned,PA
6f271277858b64b0630d6ca16f16721f,2018-03-06 13:40:40,1,86.9,199,Churned,SP
6f5b9e28a0abfb51e391191320d33a56,2017-06-05 08:45:30,1,32.64,473,Churned,MG
6f6700b18880238014937d470e8f5f6f,2018-02-22 15:04:08,1,99.0,210,Churned,PR
6f8372e7ca5f2963296df89e916cd08f,2017-11-27 13:38:46,1,99.0,298,Churned,SP
6f84cddaa35e02a852f6c6435b384dd2,2017-09-20 16:58:40,1,0.0,365,Churned,PR
6fb19bc711864c90334ba37b2148d4dd,2017-10-17 09:04:12,1,28.9,339,Churned,PR
6fd9de387d337ad313a16b4c591ca753,2017-02-25 14:34:40,1,0.0,572,Churned,BA
701a19d561fa7884b12c229759819698,2018-01-19 21:07:32,1,79.0,244,Churned,RJ
701ea1ff7120fa56b1e4ef945dd5cf19,2017-09-21 01:05:07,1,45.9,365,Churned,RJ
703de7778ea5cd9833cb1b06ab6d0b7d,2018-03-23 16:49:08,1,0.0,181,Churned,SP
7042a2786e6151b47cfb7696fe87cfc8,2018-02-25 18:53:53,1,0.0,207,Churned,RS
705c9e29830d26e888d395a7f0d4ab87,2017-02-05 15:48:26,1,0.0,592,Churned,SP
70a2aece5345a514bf960b01975aaa60,2017-03-23 22:03:43,1,23.99,546,Churned,RS
70c0cd25ecddaa0802c169b32c311822,2017-08-26 12:43:02,1,199.0,391,Churned,DF
70c7b03f4fedb3c92e18025f9bc5822f,2017-10-27 05:32:38,1,63.0,329,Churned,MA
70f009722a7cd15568c58cb753ff4399,2017-06-06 11:38:15,1,18.9,472,Churned,PE
70f0622ab3555dc6e637a48684e331e3,2017-12-26 23:32:04,1,597.9,268,Churned,MG
713e7f4511e7c790a743897d3ea47c08,2017-05-21 23:42:14,1,65.0,487,Churned,SP
715f90d43334e54a29bb233e7687f65c,2017-08-01 00:22:08,1,99.99,416,Churned,RJ
71a6706498b96147ee2493568ab46432,2018-02-17 10:31:09,1,0.0,216,Churned,SP
71e06f5053f893d3417e747f534e14fe,2017-03-31 05:28:57,1,0.0,539,Churned,PR
71f93416aba3c29ee0929275f545b506,2017-05-08 12:22:44,1,131.0,501,Churned,SP
720d85b7b02bc0505d82fcd0e6010490,2017-12-07 20:38:37,1,84.99,287,Churned,MG
721d1092e1a6460c67e6a0e691d899a3,2017-05-13 13:16:20,1,16.9,496,Churned,AC
72257c3a06b3f5851d40c70240f4e322,2017-07-18 19:42:26,1,0.0,429,Churned,MG
7249a976b68003a30adc1203a467cf6c,2018-01-11 12:20:07,1,0.0,253,Churned,AL
7254d91ed781ba8af6038fc53529dd38,2017-09-30 11:00:12,1,55.0,356,Churned,MG
725d8f8fdfc93484d063c1244d62ba95,2018-01-22 11:39:08,1,128.26,242,Churned,MG
72632f0f9dd73dfee390c9b22eb56dd6,2018-02-13 21:18:39,1,19.9,219,Churned,SP
729a2696f78da805198eb9b531775daf,2017-05-17 15:08:18,1,0.0,491,Churned,MG
72b74e3ab8b2f7da203dbb50344879bb,2017-08-30 16:59:19,1,195.0,386,Churned,SP
72d27a31eca277b1cb06534d631e3392,2017-03-04 12:39:50,1,0.0,566,Churned,RJ
72eaaf7ab48bd234c4ccab3d894b874d,2018-03-12 10:47:46,1,0.0,193,Churned,MG
73001c351ae67a6b093462ce7a643b57,2017-08-15 20:40:16,1,34.99,401,Churned,RS
732267f7c7fc6f66cb66c383824954a5,2017-08-15 16:00:04,1,61.9,401,Churned,SC
732517445a23f14603d5683d8c0e7b37,2017-02-26 17:33:51,1,143.99,571,Churned,RS
7329425efe29caeb8c292b725579bd50,2017-12-15 12:57:19,1,0.0,280,Churned,SP
7330a3475a2c65878c2c9b95266bef04,2018-03-03 10:01:19,1,199.0,202,Churned,PR
733f89dbe1cd8580321aacd8766dd437,2017-11-24 21:45:13,1,0.0,300,Churned,SP
73621cf8bb2f92f40419b7cf89a5eb2b,2017-11-24 08:28:50,1,89.58,301,Churned,AL
73d53d2124cce660dc5165c7cce823d7,2018-01-06 21:39:08,1,89.9,257,Churned,SP
73d7c87d44af686f20f4c826c19f73bc,2017-10-30 19:03:45,1,219.0,325,Churned,SP
73da78eda27f160f2ed111e2916d162d,2018-01-07 10:24:26,1,199.9,257,Churned,RS
73f90b219c69253bddd6d6111783f47b,2018-02-19 22:35:48,1,23.99,213,Churned,RJ
740a097a2a05f072116ab70a9e8feca2,2018-03-19 23:38:24,1,139.9,185,Churned,SP
740ece7e8cdb4ee5eeb95dc76a4e578a,2017-04-27 14:17:37,1,29.9,511,Churned,SP
7416c044781d8b5e4de31e7d52d9f85d,2018-02-04 21:23:54,1,49.0,228,Churned,RJ
74182c655b0270d9dde23ca43bb16a2e,2017-09-13 15:07:45,1,0.0,372,Churned,GO
7418458c86b91f0322f91e7145a02bd7,2017-02-11 10:53:48,1,119.6,587,Churned,SP
747ea65052566eba93f2b81c6ca1a14e,2018-03-23 17:22:23,1,166.94,181,Churned,RN
747f7686c38242845e7b40790ad94705,2017-12-04 15:18:06,1,0.0,290,Churned,MG
74838cafa70beaff741b6f16a4564080,2017-09-01 22:52:49,1,180.0,384,Churned,SP
748cf0cff0c8565b3bf64c24661017d4,2017-11-24 23:51:54,1,38.99,300,Churned,MG
7492a411232f7dd4b1adb8b335cd1983,2017-05-21 21:10:35,1,29.99,487,Churned,RJ
74a68c138e3220107add702b3777948c,2017-08-03 09:38:26,1,105.0,414,Churned,MG
74bb35834cc90f8b98adc9da1c4c8556,2017-06-05 15:51:51,1,167.99,472,Churned,SP
74f1c30f52f68f07d9e83ca5a5bc444d,2018-01-15 10:16:23,1,89.99,249,Churned,BA
74f62172da3c6cdbda0e80017f6f5cf4,2017-11-23 13:18:06,1,99.0,302,Churned,PR
74f6539658a10da4f67bd4f9d8ea5c04,2017-07-11 17:46:45,1,119.9,436,Churned,SP
74f8bf53fadec7ea8e08cf119d0fa4da,2017-08-26 08:51:18,1,79.0,391,Churned,RJ
75190022751fc37ea481648582f29503,2017-11-01 19:01:18,1,227.14,323,Churned,SP
75537a427ceae945e3a4bf1fcb81445e,2017-05-17 22:58:25,1,160.0,491,Churned,SP
757921c3d0047781031e9bcbaf2c393c,2017-11-24 14:15:53,1,0.0,300,Churned,SP
7582c4e0a81c88f5ea0ead98b083b876,2017-04-26 11:48:47,1,79.9,513,Churned,SP
7585fac6723f6d9fd6ad21c70ceadb70,2017-10-24 09:13:05,1,0.0,332,Churned,RJ
75ecb9c8cdcf92cb5d6eced1ed5dc44f,2017-03-15 21:25:00,1,139.0,554,Churned,PR
76021f22e28fcda7ededf39e2ca5a155,2017-06-03 16:52:47,1,56.99,474,Churned,SP
766c363986fc269b65ca0bd173b39691,2017-11-06 16:24:03,1,27.99,318,Churned,BA
7671178c592895e5beed747367b4a54b,2018-01-19 00:48:30,1,38.0,245,Churned,CE
768e9ed92dd4fe880672c8e90dc4f74c,2018-03-12 16:20:32,1,161.7,192,Churned,PA
76b449ccab9149ae827c02c4c96704f1,2018-01-15 15:43:09,1,192.99,248,Churned,MT
76ef492abb3414d73c62f104e7b179e3,2017-11-28 00:37:52,1,109.97,297,Churned,SP
76ffb5b3f1186c6c8022f6047ae9ead5,2018-01-14 22:48:28,1,109.9,249,Churned,GO
773d6a126278eaa169f2daeb9cc23ef9,2018-01-05 11:04:11,1,55.0,259,Churned,PR
7747420e46d7fcad1d2fb2931e9a9da0,2017-12-21 22:50:13,1,122.0,273,Churned,SP
77478d54ce0ee01c276292d8579f478b,2017-12-27 09:47:05,1,98.0,268,Churned,SC
77722ed28b37c30bc7d25319b0a14b73,2017-05-19 20:13:23,1,467.0,489,Churned,RJ
77c47b5fef16741999450430f66d39fd,2017-04-07 10:07:39,1,0.0,532,Churned,SP
781686ab28fa4aa5816b213c5a7d2a5b,2017-08-25 11:59:24,1,310.0,392,Churned,SP
781ae350edb16842380e81d7c7feb431,2017-11-22 11:32:22,1,83.9,303,Churned,RJ
7828a4a1ee004bbe6665cbffbc4bf2d9,2018-02-12 11:08:58,1,86.0,221,Churned,SP
782987b81c92239d922aa49d6bd4200b,2017-07-13 19:58:11,1,98.0,434,Churned,SP
7842fedad651fb80cd89f428e34e83e9,2017-12-04 22:10:16,1,190.14,290,Churned,RJ
785a8a410d6fc9661d66f7218a87229d,2017-07-06 17:11:14,1,300.0,441,Churned,AC
78791713501b5a7de9d65ff42dcdb016,2017-06-06 18:10:19,1,0.0,471,Churned,DF
78b47e917e6732e91b9fd5e23205b830,2017-10-26 22:54:02,1,29.979999999999997,329,Churned,SP
78f40d39d4a401c047c0c26559e7775a,2017-12-01 13:01:47,1,0.0,294,Churned,SP
78fb70b5aa609b4b55c6ef3d0cb51faf,2017-07-26 09:09:01,1,0.0,422,Churned,SP
790cc14129e4d076d124aafd2b9f7caa,2018-01-07 11:11:03,1,129.99,257,Churned,SP
79377f2dd1a1b92c1c06fba32f1bc1eb,2018-03-20 11:42:25,1,19.9,185,Churned,RJ
793b11a5b927a84255954ed767754d1e,2018-03-12 23:29:35,1,37.9,192,Churned,RJ
793cd0b1c9da05e084cd9e3bb474de83,2018-02-12 20:41:50,1,23.99,220,Churned,SP
79538aee569d709ed810606a5eab6f72,2017-04-04 19:04:10,1,199.0,534,Churned,SE
795e2dd34c208200aed85b3f44dc2a4b,2017-12-01 21:39:03,1,0.0,293,Churned,RJ
795ec127906a9e161109399a70f5826d,2017-04-27 10:24:22,1,39.9,512,Churned,MG
7973a6ba9c81ecaeb3d628c33c7c7c48,2017-09-19 22:17:15,1,0.0,366,Churned,PR
799bbad94152e4bf5946b21e97d6f566,2018-01-26 16:15:02,1,34.9,237,Churned,SP
79a4fa88711e09a102e206befef01bda,2017-08-04 21:44:43,1,355.9,412,Churned,GO
79f6bb4f638b4214ad8d62d60148a280,2018-03-09 19:41:23,1,53.9,195,Churned,RJ
7a058fb903db07aea7cad4ed26301dd1,2018-02-26 12:47:29,1,0.0,207,Churned,RS
7a08dd88ce7a21d946f60896cf937b83,2017-11-09 17:37:49,1,399.99,315,Churned,RJ
7a53ba76258617f396248d5d2de031db,2017-12-04 12:44:45,1,79.0,291,Churned,PA
7a5531cd96b9def6bd36bc530f317381,2017-12-06 22:34:32,1,618.0,288,Churned,PE
7a60f3a8db817e4f5f33a1b19248be80,2017-11-11 07:38:45,1,44.99,314,Churned,RJ
7aa123fb08cb845c66e2d2bb3dee879c,2017-12-02 07:55:59,1,25.0,293,Churned,RJ
7aa4cc10b75fde631908e6ae1066db23,2017-11-28 10:50:26,1,58.99,297,Churned,SP
7aab2467f56023de6dfb7f80edcf746c,2017-07-26 19:44:03,1,0.0,421,Churned,SC
7ac26eac431c6848694a2de6f0327524,2017-03-23 12:21:17,1,109.9,547,Churned,GO
7ae7c0233394d6bb5f0e2d1ad7ac87fa,2017-05-22 21:19:41,1,252.0,486,Churned,GO
7af00c004c96e4c6ba8ce54c4adcbe87,2017-10-22 18:16:11,1,19.99,333,Churned,BA
7af9180714aa1b1b4ac52586022c6f0a,2017-10-04 15:47:48,1,10.0,351,Churned,RJ
7b24ce24de1cd6537bb9cf370a8f05f1,2017-05-23 08:19:07,1,0.0,486,Churned,SP
7b254c5fd79d511ce28932ebc1e6c257,2017-11-24 11:11:43,1,14.99,301,Churned,SP
7b2b0d6f9c01012c6b6c054020b896a4,2018-01-11 12:06:33,1,0.0,253,Churned,RJ
7b32049d8495d56c8b27eae575921a60,2017-09-09 03:24:18,1,23.99,377,Churned,PE
7b43a1dfc3298b54c74ffe3631161475,2018-01-07 12:39:20,1,18.99,257,Churned,RS
7b577b8beeca5c17d88511a4c0cf6152,2017-10-09 20:23:13,1,197.99,346,Churned,RS
7b59df9ee77a19f488a09acbcd5a67a1,2017-09-01 15:33:09,1,449.9,384,Churned,RS
7b6ac9f73f821832a2271276076d5c04,2018-03-17 12:39:10,1,90.9,188,Churned,GO
7b7605b5797e73a668d8b55424f883f0,2017-11-08 16:43:35,1,422.0,316,Churned,SP
7b7617a110435f0f5212a57af745bee0,2017-03-15 15:54:53,1,76.49,554,Churned,RJ
7baac76b8ecd2581992afa42a7544934,2017-11-02 11:45:23,1,49.0,323,Churned,MG
7bd29d20a3652dd52bcf8c29f858709c,2017-08-31 10:45:07,1,39.99,386,Churned,SP
7bea9fd3f21a7a4c2907a11d03f67deb,2018-03-08 16:07:39,1,104.9,196,Churned,RJ
7c020cb518b4fdcf5c50fa717d0fdca8,2018-02-19 19:18:16,1,50.0,213,Churned,SC
7c142cf63193a1473d2e66489a9ae977,2017-11-18 19:28:06,1,45.0,306,Churned,RN
7c1b664bbfb23001b560f3fbcb49b8ae,2017-09-09 11:00:18,1,40.5,377,Churned,RJ
7c396fd4830fd04220f754e42b4e5bff,2017-10-02 10:56:33,1,0.0,354,Churned,SP
7c64114d404c93f2c4305a9f2e7dc3eb,2017-07-02 15:00:51,1,91.8,445,Churned,BA
7c9413ff10fed052fb495b0ad0cec637,2018-03-04 08:56:57,1,59.99,201,Churned,GO
7cab4e7f573b9a8884cfd1c325b38067,2017-12-13 11:49:03,1,79.9,282,Churned,RJ
7cb06ad872b656ba082615bfbc6cc0af,2017-12-29 20:50:35,1,0.0,265,Churned,SP
7cb86a4e8ed957f7cd2a1205c3c04c92,2017-12-02 00:01:21,1,0.0,293,Churned,SP
7cc17d0bf42c09b78ee39fa4c3520633,2018-01-16 16:57:33,1,67.87,247,Churned,SP
7cd82b098982a246bc758a0241267b80,2017-08-16 08:36:41,1,35.9,401,Churned,RJ
7ce437bd982d7e69bae09a055b564893,2018-03-14 10:15:23,1,370.0,191,Churned,SP
7d158f949f1660ed53bbd1a670a9eab4,2017-07-18 07:10:37,1,54.99,430,Churned,SP
7d15b5b3609f450652ddc385d624a2cc,2017-09-17 18:52:44,1,89.88999999999999,368,Churned,SP
7d185d821a11c769636247766f1fd45e,2017-11-26 17:49:46,1,109.9,298,Churned,RJ
7d4c8f6ad946c29d7fe6500d6e7179ef,2018-03-08 16:00:56,1,0.0,196,Churned,PR
7d7f16a95cab713f553bd92a80d3e10e,2017-09-14 19:12:49,1,249.9,371,Churned,SP
7d8a9ef4f0a615254877794fbcad3daf,2018-02-04 21:43:29,1,0.0,228,Churned,MT
7da121617fb1854d7deaae5e49d7fd94,2018-02-28 16:40:24,1,29.9,204,Churned,SP
7db1dd56aeb565eb3b144f4ade4d7e0e,2018-01-17 09:55:37,1,39.9,247,Churned,MG
7dcb5dc118b501f403aceeb6d438f33f,2018-01-21 13:28:36,1,0.0,243,Churned,RJ
7e10101903281ff2e9f358f9dcb37418,2017-12-18 13:47:48,1,0.0,277,Churned,MG
7e1681f9bb31800364869a2cdbe289db,2017-11-21 21:31:09,1,89.99,303,Churned,RJ
7e2a8ae1e36400f3da3f99af72023648,2017-02-22 10:37:41,1,49.99,576,Churned,MG
7e3baefc30c4c3a12ee54e079f48eacb,2017-09-01 08:56:21,1,89.9,385,Churned,MG
7e5641367b72c03fbc85a214e150060f,2018-03-08 09:26:27,1,159.0,197,Churned,SP
7e69734dad7cfcbe95aa59f38095057d,2017-06-29 00:10:49,1,179.8,449,Churned,SP
7e7730c025f8195d40ac4d0050fcf37f,2018-03-07 16:59:34,1,55.9,197,Churned,MG
7eb6b25c03556dfd2a2ee982f42074c2,2017-11-17 19:53:21,1,199.9,307,Churned,RS
7ebe00e01c4656d609e1ca0f7e566999,2017-09-21 15:43:41,1,69.99,364,Churned,RJ
7ee9e6c80bf1b7ec4a52639eab6c128c,2017-02-26 19:51:31,1,0.0,571,Churned,SP
7efa5eed041889e5244fabf58cfd7261,2017-11-20 18:11:59,1,91.0,304,Churned,SP
7f0b669932ffd8ac97d38b4dec098e47,2018-02-22 09:09:51,1,149.9,211,Churned,MG
7f1652269d7ca3afaec1263781f389ae,2017-08-25 16:11:53,1,0.0,391,Churned,RJ
7f1a0526c7adce7aa7930bf2e34fa3c8,2017-09-21 15:30:39,1,99.0,364,Churned,MG
7f27ed07f4f3806ca9ae65b97f1e9ef2,2017-05-26 02:28:47,1,130.0,483,Churned,RJ
7f2a3bcef7f1ac62f0020784d1986eea,2017-09-10 22:32:14,1,0.0,375,Churned,MG
7f2c153050a43c7990f09dc3bb301a76,2017-11-24 17:52:52,1,45.9,300,Churned,SP
7f3e5bfe3c5927b987d875d005af1934,2017-10-07 10:38:35,1,179.49,349,Churned,SP
7f4f709af2fd8fea44aacd30bca46264,2017-11-17 19:49:17,1,369.4,307,Churned,SP
7f5bd56f922fc14c92bfa3491f6b2705,2017-09-14 12:01:29,1,75.0,372,Churned,SP
7f5fd837ad25b075bd3b583481e11df6,2017-10-04 21:45:01,1,119.99,351,Churned,PI
7fbb6d8f1f76288d32ab1a4e74da34c5,2017-01-23 16:57:22,1,0.0,605,Churned,TO
7fe369a374dba4f97910c97f42cd6d6c,2017-10-31 09:59:07,1,49.9,325,Churned,RJ
7fef4de812315967e0c7b699e88c5753,2017-05-20 12:41:12,1,0.0,489,Churned,SP
80172250f4b01859c09d7308e3090a5f,2017-05-25 10:27:40,1,28.18,484,Churned,ES
802fc620c605578d990d6adee0138983,2017-05-15 13:52:08,1,0.0,494,Churned,MG
8033f408bcb75134075db3eb60b49937,2017-08-11 23:23:53,1,198.0,405,Churned,SP
803c79929e84a92a233e3a619b021e3f,2017-04-22 09:37:55,1,369.0,517,Churned,SP
8051546e4730145100f73eb919000a81,2017-10-04 23:02:21,1,159.99,351,Churned,RS
8070421f2403a1c13d1b4f38e4a76914,2018-03-19 21:26:45,1,68.99,185,Churned,SP
807241193998f88941b5e369c762b9b7,2017-11-15 11:07:52,1,133.2,310,Churned,MG
807296d62da788dec65e395496233222,2018-02-16 20:28:41,1,16.5,216,Churned,SP
8082996e039c772b71d8df530f5fea4f,2017-06-09 13:14:12,1,0.0,469,Churned,PR
809315a1949aaa03742fd32f417e05ca,2017-06-08 17:30:42,1,134.9,469,Churned,RJ
80b6a368bb78dea2539249804957a779,2017-09-03 19:29:50,1,89.99,382,Churned,SP
80bb27c7c16e8f973207a5086ab329e2,2017-07-09 21:57:05,1,147.9,438,Churned,PR
80c005e764b7eb039df094f0c3e22c70,2018-03-04 22:59:50,1,59.9,200,Churned,GO
810c710aa4f69da0a93dbc4932e3556f,2017-09-13 23:19:22,1,39.9,372,Churned,SC
810def6bb8f8c33be446269adcb3400c,2017-09-26 15:15:34,1,89.99,359,Churned,SP
810e3ae74920002d70c093edc274de56,2017-02-11 16:11:15,1,43.9,586,Churned,SP
811eb213107b867d8040702972f180fb,2018-01-29 00:32:29,1,105.0,235,Churned,SP
8130a5b332a233457aad5d824b9df2cb,2016-10-05 17:11:49,1,128.9,715,Churned,MG
813585153cd8b4b6c06e576d818ec985,2017-09-21 22:00:36,1,59.99,364,Churned,SP
8174995fcbfc9db5d3b92df3afdf04a8,2017-09-30 19:19:56,1,49.99,355,Churned,GO
81823f8c0aac243529e583ef9eee3676,2017-06-01 14:58:11,1,37.9,476,Churned,SP
81b133c3f4e30a14a6585a2f20ff150f,2017-06-23 08:45:21,1,69.9,455,Churned,SP
81def1193ae82b7a35da05d0565767fa,2017-02-10 16:37:55,1,0.0,587,Churned,RJ
81e76bec3ed10f1142ddd6ceec03718a,2017-10-15 17:02:07,1,38.9,340,Churned,SP
81ec83db6df37d3fb8dea9143e1688a8,2018-03-15 16:31:03,1,56.0,189,Churned,RJ
8234ef6394990aa58bc7078911f82f1b,2017-07-24 17:19:00,1,119.0,423,Churned,SP
82380b485ec5234cdd668f5531791200,2018-03-19 22:58:15,1,590.0,185,Churned,SP
8251ed483369858c120beaede24c5ff6,2017-06-29 12:31:55,1,52.9,449,Churned,SP
826c449cf40b8267142abd5c6e753ae2,2017-03-24 15:50:46,1,18.99,545,Churned,GO
82ab8d779ce526b08d6b92769be44c49,2018-01-10 14:18:40,1,126.99,253,Churned,SP
82af14f8016b232e088146dc208b60af,2018-03-13 11:53:42,1,0.0,192,Churned,MG
82cb8c783b1700af07ae77355cc81c70,2017-06-25 17:54:26,1,14.9,452,Churned,RJ
82cf026d2029de6c690c1248f63962d4,2017-06-30 20:48:51,1,87.96,447,Churned,SP
82d328834d8318d50237978464defb0e,2018-03-06 13:02:23,1,0.0,199,Churned,MG
82e16480f3404a46a30cd9976acdb161,2017-07-28 14:20:19,1,75.0,419,Churned,MG
82e234f722a0424865f264e825423f24,2017-06-07 21:13:15,1,42.9,470,Churned,PR
82e96180bc6414637a1c25c69d36037e,2017-02-24 15:28:22,1,114.9,573,Churned,RJ
82f63f26a9137f4d215a3f9a7a62977e,2018-01-23 18:36:21,1,119.0,240,Churned,SP
82fb46292a999e7db9e2391c407f76e4,2017-05-11 13:14:01,1,26.89,498,Churned,ES
833921e810f165ecd4d84c15c656bd98,2018-03-03 09:33:15,1,369.9,202,Churned,RJ
833974ee91dd452c264e016409614690,2017-11-30 08:37:41,1,59.0,295,Churned,PR
833aa52735ad47163e479b4684b0f82e,2017-12-01 09:05:03,1,49.9,294,Churned,PR
83588092e958b8f322c1bb40c20a8428,2018-01-16 10:02:20,1,32.0,248,Churned,GO
8376b5530eac9f3fceb2ae8f7c58947e,2018-02-17 20:54:11,1,90.0,215,Churned,PB
83aba9785dbb2e81044c9da5fa9e740c,2018-03-23 11:07:13,1,118.0,182,Churned,MG
83d1d424c386ddd0ee98407d038bcdb2,2017-11-28 21:07:26,1,64.9,296,Churned,SP
84032c13e75382a35c99ae73156b30b9,2017-09-05 10:54:17,1,135.0,381,Churned,RJ
841088947a30cfa375e8a39161760234,2018-02-17 21:28:39,1,0.0,215,Churned,SP
843091dadcbbc401bff7450c81ae48f5,2017-11-29 13:05:20,1,120.0,296,Churned,RJ
8435888e6fe36391280b28b89412fabf,2017-07-17 13:51:31,1,145.0,431,Churned,SP
8463acc278a8687036190453074efb4c,2018-03-20 15:20:59,1,69.0,184,Churned,MG
84719028dec21814e9a26fbfc82f3633,2018-02-22 23:29:03,1,249.95000000000002,210,Churned,RS
8489c1cdbf5c5090f9a8bbf5f280c395,2018-02-12 01:18:21,1,28.45,221,Churned,MG
84b5012d933ff251917aa48ff80739f0,2018-03-15 18:28:28,1,269.0,189,Churned,SP
84b73c5705b4ab02fc6556e377ccef05,2018-01-23 18:31:03,1,28.9,240,Churned,SC
84e905ad975d5d2149146731168b5d65,2017-04-26 01:01:39,1,279.9,513,Churned,SP
84fd4953e8dc540fd9dc1593a2361e2e,2017-12-18 21:00:29,1,12.49,276,Churned,BA
85234917cd71e079f2cb073da6f28fdb,2017-09-11 11:50:32,1,59.9,375,Churned,SP
8533fef411165ea5df3fe583670a76cf,2018-03-14 21:15:33,1,109.99,190,Churned,SP
855e730893171da01614bf6347acaa9c,2017-08-14 16:23:54,1,199.99,402,Churned,RJ
857104e1bfb81cb14e88ff07d1b22c70,2017-03-15 13:31:01,1,169.9,555,Churned,RJ
85844faa46c21288b566e98c30d4cd6b,2018-01-17 06:17:02,1,89.0,247,Churned,SP
85dcde3d41cbff3399a2592475e254e8,2018-02-13 23:42:02,1,29.99,219,Churned,MG
85e315c0f8586e7c418345f113072d67,2018-03-13 20:28:43,1,0.0,191,Churned,SP
85eb32c3333fdecda3039791ed23c56d,2017-08-16 22:06:10,1,99.99,400,Churned,SP
8603ccc4afbcfab372c4b04d061502f7,2017-08-25 11:28:46,1,349.9,392,Churned,BA
8662cfd7c896db5d197d2df12ae06bd6,2018-02-12 18:10:07,1,198.0,220,Churned,SP
86856cc8c9e2e86be64b9d4c905777c4,2018-02-13 09:15:52,1,0.0,220,Churned,RJ
8687a77031ee88331877a7094106865d,2018-03-16 11:47:36,1,0.0,189,Churned,DF
8689753ac05594f16b97e8bd556b50b0,2017-12-04 17:24:57,1,257.6,290,Churned,PR
86b0aa3acd7e8f7427c8915780f5cd27,2018-02-05 10:36:40,1,369.95,228,Churned,PA
86b166f19d82cd55747a81a7e811198f,2018-02-05 19:29:06,1,18.9,227,Churned,PR
86badf62319a7671b78a73b6b1e69fbf,2017-03-15 10:30:17,1,0.0,555,Churned,MG
86eeac369ea14ddf7a454a0ce003e5c6,2017-09-22 19:17:04,1,149.7,363,Churned,SP
86f5ea139f5fb8d91a5a340d85b128e4,2017-08-15 11:14:25,1,115.97,402,Churned,GO
870178bb663b22666c8baedee31cbabe,2018-03-14 11:32:24,1,189.9,191,Churned,SP
8718d37e3e19a80c134708dbe5815732,2017-11-13 10:07:36,1,84.9,312,Churned,RS
87294fce1514370610fffed59eae5e97,2018-01-18 14:40:57,1,29.78,245,Churned,RJ
8731e1c5aa27eced509f47d8012ff81e,2017-11-24 21:55:22,1,63.6,300,Churned,RJ
87373d8de65291713976177daa06690b,2018-01-07 12:26:36,1,53.99,257,Churned,RJ
873955fc322cc2bb2ddbbdfaae0698bb,2018-02-12 19:26:15,1,80.0,220,Churned,SC
875a8799fbbac7a0f209714bebde4f1e,2017-12-07 09:40:04,1,49.9,288,Churned,SP
878f5506271924443c6b5d51625cb18b,2017-08-30 16:43:44,1,110.0,386,Churned,RS
87a309826a8cbca2e5cdc9c0e60a0129,2017-09-01 10:42:58,1,79.0,385,Churned,MG
87a6eb7172c457864c9b98079bc4d19e,2017-03-27 20:01:30,1,29.74,542,Churned,SP
87ae4c644c15d9c6b6f826dfec33b340,2017-11-14 00:52:49,1,114.9,311,Churned,RJ
87c8720dd653d75e513555291ab6e4aa,2018-02-13 12:50:33,1,299.9,220,Churned,SP
87dff19086a1aa321cf06195ab40631c,2017-06-22 19:53:24,1,177.9,455,Churned,RJ
87f48948d0e70bba2df3ac0bf3358269,2017-10-16 20:22:17,1,159.99,339,Churned,RJ
87fcf527091245e44cd837c06fe0e0ce,2017-09-18 15:41:27,1,66.29,367,Churned,SP
8810ba9ddbf9f21e12e7ddac3ce887da,2017-05-23 17:02:02,1,229.99,485,Churned,SC
8818fd7d9ba28c959d5e5a3e2abebb54,2018-02-09 20:03:05,1,38.0,223,Churned,MG
882a0803e178b947070fc52b14965102,2017-09-14 13:25:35,1,113.0,372,Churned,PA
883df49734fcf0ed18d2b8f29383a31e,2018-01-07 15:20:00,1,0.0,256,Churned,RS
88607ce3a266c48ee56db9695bff9dd6,2017-08-30 20:15:19,1,139.9,386,Churned,SP
888bbf8be9eaceefedd820af2ddfb90f,2017-11-30 11:04:45,1,0.0,295,Churned,RJ
88914c85d547b274bd1829fc04a06ac1,2018-01-16 13:33:04,1,89.9,248,Churned,SP
889ca357651222fc08560aa20b75f59b,2017-12-06 23:15:45,1,201.0,288,Churned,SP
88e435343ab7c7ef2f1d4a751a6c8a2b,2017-03-09 21:17:43,1,76.49,560,Churned,SP
88fbad05557cbc2d2f5fee59d6966716,2017-11-16 13:54:08,1,0.0,309,Churned,SP
88fbae9cab186bb2bd7540d7fbaf6831,2018-03-16 21:17:17,1,59.9,188,Churned,SP
8904db4793f88ea3508c678371f2dc70,2017-03-15 16:34:04,1,0.0,554,Churned,PE
892b22658ba1feaddb220b7627d32194,2017-04-20 21:03:10,1,24.9,518,Churned,SP
8941047a0d54f59366a66ba79806ae9b,2017-12-04 18:26:12,1,64.89,290,Churned,PR
8944ddfaf0d834d65a45fd1997847b28,2017-10-01 20:04:21,1,89.99,354,Churned,SC
894a22f97a7bc517f8d2c0e19ace239c,2017-11-02 18:46:17,1,59.9,322,Churned,AL
895617ab63a9ad8881d9470f7427cd25,2017-10-05 19:23:16,1,2999.99,350,Churned,PR
898106ec3d6efd802c031b7e7bbcc1fb,2017-11-27 10:29:23,1,249.9,298,Churned,RJ
8987373b21c23e2e911dcfae64a72f6f,2017-08-27 02:41:09,1,39.8,390,Churned,SP
8990154c8645a3efadc9b01e1891d255,2017-11-26 13:24:33,1,24.9,299,Churned,SP
89a1e0a84aba551138fef6fcf098964b,2017-11-25 12:47:46,1,160.0,300,Churned,BA
89a70a556b3bcb25ed26720f08450bf4,2017-01-26 11:51:38,1,49.99,603,Churned,MG
89a9eed110ce632160e5b1a47ebe4a80,2018-02-28 22:34:44,1,379.9,204,Churned,RJ
89b18d4332a8a52b9ead9a7cb82d1f70,2017-07-31 23:33:34,1,59.9,416,Churned,SP
89f3135f01d627ec02dd14cd9b9e7af3,2017-10-03 12:53:56,1,79.9,353,Churned,SP
8a024c6ea16ad84e67bdc2bf5bd625c2,2017-11-30 13:34:43,1,0.0,295,Churned,SP
8a11981cadf7feaab34826f59a3185c6,2017-11-30 08:13:06,1,95.0,295,Churned,ES
8a2530b1bf32235ed2636468ea0b1582,2017-03-09 22:17:49,1,289.9,560,Churned,RS
8a6ba6b413007e4b09dbc526503cb9d4,2017-05-24 13:48:28,1,50.0,485,Churned,MG
8a9cd20ef841095e7c0ebc28889670df,2017-06-24 01:01:40,1,129.99,454,Churned,MG
8ad7b8a0718ec3b848f73a9406b8cc7f,2017-03-03 14:24:08,1,79.0,566,Churned,RJ
8ae522c29c27dddb527854a9255c7dee,2017-12-21 14:45:24,1,0.0,273,Churned,PE
8b1ae0abe817918d427c11e7885d5ebd,2017-12-31 19:28:24,1,56.99,263,Churned,PE
8b789c08cf290e40475d63308dafa12e,2017-11-24 12:33:11,1,98.0,301,Churned,SP
8b9341478dbb9d5b44c0c33cb212009b,2018-02-08 08:46:56,1,27.3,225,Churned,SP
8bb85b9ac76770501b8207d0e95b74c8,2018-02-02 11:14:39,1,59.7,231,Churned,SP
8bba2fac2cb38bfb0a323272f63d5f75,2017-05-31 20:57:49,1,243.0,477,Churned,PR
8bcc84e0763714d1d9609f2047aaa93a,2018-03-01 16:55:33,1,30.0,203,Churned,SC
8c19ee0688ec7a7c51715a0eb189388d,2017-09-05 11:07:35,1,0.0,381,Churned,BA
8c36d7644f5966816dcdd2d70b606eba,2017-03-13 16:12:24,1,129.99,556,Churned,SP
8c3ff6ad9360189ef57d625d044d7c19,2018-01-30 16:16:45,1,0.0,233,Churned,SP
8c6957aedc2947857ce35de20f665290,2017-10-05 12:39:24,1,119.99,351,Churned,PR
8c71b6aff280a474128f3e3f06b1d277,2018-01-21 19:25:41,1,79.99,242,Churned,SP
8c7a12d87bfd2f5ad0a1f5c573f0d960,2017-09-19 11:08:41,1,0.0,367,Churned,PR
8c91e8afd08b46578668f58c6f28745b,2018-01-24 18:33:34,1,140.0,239,Churned,SC
8c9878027fc2b1d4ab0d641b76ca7010,2017-08-14 21:13:44,1,107.0,402,Churned,SP
8ca577639091122b3c581bc89d11da3b,2017-07-17 09:29:02,1,50.0,431,Churned,PR
8cad83eb2c96c92f1c57c2a250d99855,2017-08-15 22:45:17,1,48.0,401,Churned,RJ
8cd6e198e22093b0bfcd95e3e67cb77f,2018-02-04 21:25:23,1,69.9,228,Churned,PA
8cda1c465f7a60605d4441dd8276d03b,2017-12-17 11:18:41,1,92.65,278,Churned,SP
8ce1466844e91c831b7ceaefff65b18a,2017-10-21 12:35:40,1,149.9,335,Churned,RJ
8cfecfbbdad82f1281686a54caf46dbb,2017-03-06 21:15:37,1,0.0,563,Churned,MG
8d11f32a56d967b7e09d3a5ed6cf9991,2017-02-05 17:07:34,1,599.0,592,Churned,RO
8d2fa65d968da66afc05f2e28250c9dc,2018-03-06 09:30:25,1,122.99,199,Churned,RR
8d334e0b3cc9d89e724e409759fb5a1b,2018-01-26 14:08:25,1,0.0,237,Churned,SP
8d391fbb0d67f85692e14f81e9b6d956,2018-03-12 09:48:20,1,110.0,193,Churned,SP
8d46223c91cbeb93e0930ca8bd8ffca2,2017-11-26 11:43:57,1,0.0,299,Churned,PR
8d4d3f218fc6a54644a4c03a56e52f0e,2017-11-26 18:36:07,1,0.0,298,Churned,RJ
8d813623d087eb606d41369887bfe0d3,2018-01-04 10:03:16,1,0.0,260,Churned,MG
8d8c91f2c4344c8f57793e8e210d73bf,2017-11-16 17:42:52,1,0.0,308,Churned,DF
8d93b59df92e34fa6fd2d9fc421b2119,2018-01-12 16:45:36,1,80.0,251,Churned,SP
8d98676709c5683e69a10ff87c84f58b,2018-02-18 21:43:25,1,14.99,214,Churned,SP
8dad6af578ac943d81e66f4f788200c8,2017-08-15 16:58:08,1,58.9,401,Churned,SP
8dafb82f687e3b0dc9e97b4198b92128,2017-07-30 17:48:59,1,109.9,417,Churned,RS
8dd26bfb2f0afd35e9f26f9704da080f,2017-05-14 14:56:41,1,89.9,494,Churned,RS
8dd9fc55fe6833c01cdff8986174b83d,2017-08-14 12:45:58,1,309.9,403,Churned,MT
8ddc88814f92ad699db061cc9eb59f0c,2017-10-03 22:07:48,1,199.0,352,Churned,GO
8deb4c668d9240fe03720ba1c8767db4,2018-01-06 16:26:49,1,64.9,257,Churned,MG
8e0726aea097e932a69690bb2e372c2e,2018-02-19 06:54:22,1,79.9,214,Churned,RS
8e0b3f06cbb3a040d8861e8e74627c33,2017-04-21 17:49:46,1,447.0,517,Churned,SP
8e2256168ae549437d667b583fd0be28,2018-03-15 17:33:38,1,139.99,189,Churned,GO
8e4404700874036dbb2c606039875e1a,2018-02-06 21:09:10,1,69.9,226,Churned,SP
8e456c2e55b5e95118d3cef6320898f2,2017-02-05 11:58:04,1,64.5,593,Churned,SP
8e5b6612569e488462298e3eb4ecbed9,2018-02-06 09:43:31,1,122.99,227,Churned,PE
8ec49be0447d11c4deb5fcdcf43407cc,2017-11-06 17:51:51,1,143.8,318,Churned,SP
8ef22961d84439c4f1f9f3d656c5c3d9,2018-03-23 15:16:34,1,60.0,181,Churned,SP
8f06048163e14e8ed0613397b8f4b2e5,2018-02-11 19:51:24,1,358.0,221,Churned,PR
8f060d52f9c6e9244dc0cba5951bb6ff,2017-09-01 14:01:04,1,35.9,384,Churned,SP
8f1c1b28cf191abb48fca6ec32155e93,2018-02-06 07:02:11,1,0.0,227,Churned,SP
8f24365a46f82ddd0cef7893319a40d5,2017-10-03 08:34:54,1,149.9,353,Churned,SP
8f8091461440c0b33061e07bce1ccf4c,2017-07-14 13:10:50,1,22.5,434,Churned,SP
8f8447f07ee76dbba29670a88b650e0e,2017-05-29 10:01:22,1,89.81,480,Churned,RJ
8f9803fd3ad8ea0dc070cd6c12552d2f,2017-08-09 10:48:15,1,29.0,408,Churned,RJ
8f9d4a5f98697f8b905a7eb0a1352a81,2017-12-02 12:22:42,1,114.9,293,Churned,SP
8faed9f9905a7647bb40da044ebcd769,2017-03-23 14:42:05,1,29.5,546,Churned,RS
8fbdbbd660038497768d62fe719a7919,2017-11-28 08:02:38,1,29.9,297,Churned,RJ
8fd802004eab9c8e3b1ad745f1a1ec16,2017-09-21 14:09:26,1,0.0,364,Churned,CE
8fe805d171f920bf0ae393368aad5316,2017-09-26 01:25:02,1,23.99,360,Churned,AM
8fff3b532485857c98657608571d25b9,2017-11-26 21:02:09,1,67.5,298,Churned,SP
900cd19b12a13a27ae64bf2d4f1271ec,2018-01-12 19:27:08,1,49.0,251,Churned,SP
9011b2e0f1e26f56cbeef0be6a5f3a66,2017-10-30 10:44:32,1,250.0,326,Churned,MA
901958bfdcc5d716ad357c6cdba5244a,2018-03-07 14:50:20,1,429.9,197,Churned,SP
903da68ad12a13ea58f14a292c0c50c6,2018-02-25 14:13:44,1,349.9,207,Churned,SP
903fccb1294b588a6c82921ca23acd0d,2017-01-29 22:14:49,1,129.99,599,Churned,RN
9062d3e575a476f5f3ffa8abf125fd42,2017-09-29 20:10:50,1,17.99,356,Churned,MG
90b3f19a7060f7e29ab16675b106230d,2018-01-04 09:29:24,1,69.9,260,Churned,RS
90b69fcf7c294886b054fec2fe0e1605,2017-04-24 22:57:16,1,195.0,514,Churned,MG
90d252896f5ec316079467e97daf46c9,2017-10-17 16:28:28,1,0.0,338,Churned,RJ
9159c04b88895d995741dd5b9b7a5f1d,2017-12-01 16:13:05,1,169.9,293,Churned,RJ
917aaf420bc9836da7af3ea67743c3b2,2017-12-01 14:32:31,1,109.9,293,Churned,SP
918defbde32da786dc3e8a2fc90d6a2f,2018-02-26 14:09:33,1,349.9,206,Churned,PE
9192e9abd35fd0d8d7a4c2e12464c277,2017-10-03 09:08:42,1,39.99,353,Churned,BA
919a862b7515e8ad7dc8bfe5f9b327fa,2018-02-24 17:02:37,1,156.0,208,Churned,SC
919bf2617845a0f73acc0361cba58267,2018-01-25 08:26:22,1,90.0,239,Churned,MG
91a3e33161ed95452fcd6fbd08472c69,2018-01-01 20:22:49,1,29.99,262,Churned,PR
91a7366b39d3620ce44f85fa5d116896,2018-01-23 10:32:39,1,42.9,241,Churned,RJ
91cc64efdc8300db4eae42e836e9e148,2018-03-01 11:28:05,1,19.9,204,Churned,PR
91d4f8b0aec5e3c3fb6e9cb4be401617,2017-02-23 22:03:07,1,99.99,574,Churned,RS
9226c66cd4f63455591508fe5157a0b7,2017-10-01 11:46:12,1,19.9,355,Churned,SP
925d26d2589c983d6e2c33ca7da030d0,2018-02-13 20:10:23,1,385.0,219,Churned,DF
9295d6a619a0b00cc7e1904d19a1558f,2017-10-25 10:03:39,1,31.9,331,Churned,RN
9295fc2f2f8647c5b79752e79826f628,2017-12-15 14:08:08,1,13.3,279,Churned,BA
92af805fe5fb8c37dc920eb1a6e23a19,2017-11-19 13:23:06,1,79.9,306,Churned,SP
92b0c5698b3008fd30c5230b2504df71,2017-12-05 12:19:36,1,0.0,290,Churned,RJ
92c6a8e312c4323a536b0775c339af22,2017-11-11 17:22:19,1,59.4,313,Churned,SP
92ea66675d0557a6ededd9af85a9e758,2017-07-09 20:42:32,1,104.99,438,Churned,PR
92ebffe3693a39d55ca83ba631db6d39,2017-12-02 20:09:30,1,125.5,292,Churned,DF
92f65b75e3c4a45c14f410b4aac4db69,2017-07-05 09:16:49,1,90.0,443,Churned,RS
92fd8aa5948e20c43a014c44c025c5e1,2018-02-17 15:59:46,1,78.0,215,Churned,TO
93027a697145bb67a134f56e9a3f0d9a,2017-01-27 00:34:10,1,39.9,602,Churned,PA
930c4390af58f67334447c3a1cf2ba36,2017-03-08 15:13:03,1,0.0,561,Churned,PR
930dfe46b364af81db0fb4828bce74c9,2017-11-02 14:51:11,1,189.0,322,Churned,GO
93294dc7b6fa1da27bc28d1a8db5e8a4,2018-02-24 00:25:13,1,89.9,209,Churned,CE
932afa1e708222e5821dac9cd5db4cae,2017-05-16 13:10:30,1,59.99,493,Churned,RJ
932fdea469902e1012e36c4510356e66,2018-03-08 11:38:27,1,0.0,197,Churned,CE
93306f34527f7d6cd7d0b98cfeb04c12,2017-11-21 08:54:33,1,109.9,304,Churned,RJ
93345700f0e852aa904fae18cec8437c,2018-01-02 17:31:02,1,0.0,261,Churned,RJ
93912813ad240dc44785cf76e5250fa7,2017-10-23 11:38:18,1,259.9,333,Churned,AL
93a6881526f5213eacfe7e057fcb38a0,2018-03-24 11:41:24,1,530.0,181,Churned,GO
93b4c8bdafa9877757c77b519415d274,2017-04-27 08:26:54,1,44.0,512,Churned,SC
93b6131ab9ec17f66ed8d5104307acb9,2018-02-06 20:37:41,1,25.9,226,Churned,RJ
93e2f0058eaec3d5ec8ac7788e7580ea,2017-09-29 14:44:31,1,69.99,356,Churned,SP
93ee2943387bb64b98d15c1843c65503,2018-02-06 16:17:58,1,47.9,226,Churned,SP
93ef6d0d094718bcd554c569e61b2271,2017-11-18 12:28:07,1,0.0,307,Churned,RJ
93f420e37d92cd7518e2b6c5db4cd95c,2017-09-23 10:46:05,1,101.99,363,Churned,SP
940479e512430562ff270c006915e19d,2017-11-26 14:08:44,1,80.99,298,Churned,RJ
94093e4a8945e283282180e6aaae4fc3,2017-12-03 19:38:53,1,0.0,291,Churned,MG
940a6d4dabbb99c70905981432242887,2017-07-05 13:08:23,1,56.9,443,Churned,SP
9438aac4d0e7d43bf01d7c06b704c286,2018-02-23 14:59:08,1,30.5,209,Churned,SP
943f97d1d9328970b78dbb3202a605ce,2017-10-08 11:39:39,1,188.0,348,Churned,GO
947a5da60e834a0492f55ad6e139a9d3,2017-09-18 13:46:42,1,34.9,368,Churned,SP
947e93a9bb28256adebe49f78cff07ad,2017-05-31 17:06:39,1,34.9,477,Churned,PR
949921a7831eb8901f75baf57d1853bf,2017-05-25 12:51:37,1,0.0,484,Churned,SP
94a19681bf6faa3c6ce3e2df1c2d97cb,2017-09-24 20:25:49,1,239.6,361,Churned,SP
94b39f740e201c88cd840c953ec4b48e,2018-01-26 17:36:28,1,59.7,237,Churned,SP
94e024f6fbb931bf320b49b2827d10f7,2017-06-01 21:09:51,1,59.99,476,Churned,PE
94e1021adca360fa21be9b9f5b18bd24,2017-08-28 18:04:17,1,79.9,388,Churned,SP
94e89532396b3c02f648b2bc7f93f528,2017-12-15 23:33:32,1,159.9,279,Churned,RJ
94f48c018010de09d9c471e5d819ea05,2018-02-12 23:11:00,1,24.99,220,Churned,SP
94fdafcf69db6416119442dede9c2c87,2017-12-15 13:09:39,1,76.89,280,Churned,SP
9506d0f37838eb6943346ba4874834b7,2017-08-10 21:05:20,1,69.9,406,Churned,RS
950756be397d0fc73e96b1a32287cd38,2017-09-09 21:21:11,1,234.0,376,Churned,SP
95160caf14611a705759de6bf13555b6,2017-07-16 22:46:54,1,119.9,431,Churned,RS
9526faf43eb079ae6eb94cd2fd8982c6,2017-01-22 16:10:09,1,0.0,606,Churned,SP
952c5cea601c077ed3c16fd51c7ab7e6,2017-03-22 09:57:27,1,0.0,548,Churned,MG
9532739f71e34aebe8bb016543c78d86,2017-08-02 12:57:27,1,365.8,415,Churned,SP
95491ff89ba2c7099a1ecb4464310169,2017-02-11 14:45:06,1,0.0,586,Churned,AL
955889da75fd1eccaa3eeffe1adc034f,2018-01-09 14:08:12,1,105.9,254,Churned,PR
956ea737391c0ca027592dd7aeeae027,2017-11-27 17:19:45,1,379.8,297,Churned,RJ
95a1e94b0e816bb748d75ae1da8013e1,2018-03-15 22:13:17,1,45.99,189,Churned,MG
95ae9ff17e664d7e83d3d685e78935da,2017-05-24 10:11:27,1,109.9,485,Churned,AL
95cc7f48ae7cfa0afebd560092cdc92e,2018-01-27 22:09:48,1,49.9,236,Churned,SP
95cfb39a7e263160308a934e42cfc4e0,2017-11-19 16:12:34,1,59.9,305,Churned,SP
95f153d8bb0e8f8fe581b91d39c3aa4e,2017-11-25 12:09:38,1,120.0,300,Churned,MG
95f270e7d1d60bde8031dc0c058558e0,2017-03-21 11:33:31,1,30.0,549,Churned,SP
96061eae11cddc402d00e19b38507268,2017-10-13 12:37:49,1,55.6,343,Churned,MT
9625dbb5638f8509d01ce8a4e5708395,2017-03-04 10:37:13,1,72.9,566,Churned,MG
9627e55290c60f562fa06f399ec6b82f,2018-03-15 12:40:16,1,105.0,190,Churned,MG
9630f071c42911730039a7e04fcea49b,2017-12-15 19:18:59,1,38.9,279,Churned,SP
9676b88a7dd5de3db5ded00d7d36f1b0,2017-05-10 14:03:27,1,292.0,498,Churned,SP
967d0981ea01782db4e75741ce4c9061,2018-01-25 21:36:42,1,179.49,238,Churned,SP
968436577c1e2073b28031261cb45a24,2018-01-04 16:54:54,1,73.5,259,Churned,RS
968ca7d54afbf973815b9d332584b825,2018-03-21 15:18:40,1,20.0,183,Churned,RJ
96a9a44255930061d8f6a93d4893d986,2017-12-01 11:10:55,1,27.19,294,Churned,MG
96af463b7f8aac5426aad0db88d95274,2017-10-03 10:00:51,1,34.2,353,Churned,SP
96d0f06710800d0c4defd88cd710ceb5,2017-08-07 09:25:20,1,152.15,410,Churned,CE
96e047d0f9de88ca34c9005565fbe03e,2017-09-01 10:50:42,1,23.8,385,Churned,MG
96e7c164f57fe5210f73c9ab17da3080,2017-04-14 11:42:19,1,0.0,525,Churned,RS
9716aa0359703cd7753c5696c45823e0,2017-11-06 18:34:03,1,45.04,318,Churned,RJ
972982ede3727673962ae6e5ae515166,2017-10-12 20:26:33,1,85.0,343,Churned,RS
974444820df2071adf9a67db0a5a29d9,2017-11-02 11:01:12,1,37.98,323,Churned,PR
9749e3b7d02a7194473d5a6784071186,2017-09-04 11:39:25,1,0.0,382,Churned,RJ
9767fb7a2413384345496c4ba8420ec3,2017-08-15 11:19:37,1,49.9,402,Churned,SP
977136c10acb01bd9cecb7d18ff7d1a0,2017-02-12 18:48:56,1,69.98,585,Churned,SP
9776ff05fe105b6c7e4008a0eb87092e,2017-12-02 17:28:08,1,0.0,292,Churned,SP
97a502d1eddd99e0765df4eebc950f31,2017-02-24 15:50:47,1,119.69999999999999,573,Churned,SP
97d5a3c222d46b035442bcbcd810d54d,2017-04-09 17:54:27,1,54.98,529,Churned,PR
97f104e8e54ef4147d17fc1536a1482c,2018-03-01 22:14:26,1,535.9,203,Churned,RS
97f7109a3e97ce0599ed97792845e21b,2017-05-15 11:20:05,1,0.0,494,Churned,RS
98104cabacc1799825ebdd3932df84d3,2017-04-09 15:50:04,1,0.0,529,Churned,MG
9849752e9f7a2aa67acc5ec6a5eb4725,2017-08-24 19:35:00,1,89.9,392,Churned,SP
985193cef819fb723765f65bb2cb0379,2018-02-12 14:04:30,1,29.9,220,Churned,SP
985af5bb63fa1d56ea5558469a527048,2018-03-08 12:51:13,1,83.7,197,Churned,RJ
9873d2120338fb542090bc123fe5c47f,2017-12-13 21:00:47,1,69.2,281,Churned,PB
989678100dbad0f75fedaa8719e17009,2017-11-24 00:43:01,1,0.0,301,Churned,SP
989f190ff791de092cea2eab70bdd2af,2017-07-16 13:16:45,1,0.0,432,Churned,SP
9915eb9f74b6c11aaf04833f65b00e93,2017-10-12 13:33:22,1,895.0,344,Churned,MG
991b34b2a28841c492dd1f8567935ced,2017-11-16 23:40:17,1,35.9,308,Churned,BA
99295d295510266e4145b6c536cac816,2017-06-02 14:00:19,1,149.99,475,Churned,SP
9935b7e2683de890a208026f020e54d3,2018-01-07 22:52:49,1,109.9,256,Churned,SP
9949e007c1f037474a3423372cccb701,2017-06-17 13:16:44,1,0.0,461,Churned,RJ
99d697dd68fad729283560abe0adae43,2018-01-10 09:04:09,1,119.0,254,Churned,RJ
99da07e0f4c905ababa637f19e0840e0,2017-05-07 19:13:36,1,53.8,501,Churned,MG
99ecf7e96d410a094bc95f5d3cb9d98f,2017-11-26 03:42:06,1,99.0,299,Churned,SP
99f8895e8d1d341a655d0800cb5590f9,2018-01-10 13:58:09,1,89.0,253,Churned,SP
9a401204217ee04e12b8f097f80bbfd8,2018-01-28 19:45:40,1,0.0,235,Churned,SP
9a47f3ac5c51599a24bb848c16ece5f4,2017-01-22 14:09:03,1,636.0,606,Churned,SP
9a58c55c10b4eb6c69fb0874d8beb466,2017-08-01 18:17:41,1,29.99,415,Churned,RJ
9a6032bc6bbfbf84eb4d55660786ce17,2018-03-06 14:21:57,1,49.9,198,Churned,PR
9aa5b032a9157594cda43b16a832f738,2018-02-02 15:26:38,1,179.49,230,Churned,SP
9aace06a372bf894a10503c19033c2ec,2017-10-09 08:49:32,1,388.9,347,Churned,RJ
9ad4f9335cac4ef80ebf85ce93dee011,2017-04-06 10:21:23,1,69.0,533,Churned,RJ
9b4f9870718fc9f864d7d5494d91f477,2017-12-08 14:14:16,1,0.0,286,Churned,RJ
9b953c95d48d666d4a7da3aec936f1ab,2018-01-23 10:15:38,1,293.5,241,Churned,SP
9ba98a3b2aa42ee6dcb06da4ef7733c5,2018-01-22 19:19:21,1,79.0,241,Churned,SP
9bb0ec72e0fc4088b5eacfeec3dd3bc7,2017-12-05 00:06:40,1,75.0,290,Churned,MG
9be795e932593ec0c21cdfa19799b5cf,2017-09-27 11:50:27,1,43.0,359,Churned,SP
9be9d6e41cd2cc9833c427f13ac6bdda,2018-01-26 11:21:04,1,124.99,238,Churned,SP
9bed676175d3561a1610ac36f878be37,2017-10-13 11:59:28,1,0.0,343,Churned,GO
9bee7cfdef5ae8cc38f95568d8aaa499,2017-10-23 21:44:36,1,0.0,332,Churned,MG
9bef45d7ac9f669b72c4360f2e4bc4c1,2018-03-20 13:03:41,1,109.9,185,Churned,MG
9c215284b65ecf4f6c88edaa22cf1eb0,2018-03-07 14:31:46,1,193.0,197,Churned,SC
9c24e88d9c048db2933562f4457dae3a,2017-11-26 17:58:43,1,99.0,298,Churned,PR
9c33af5031131ab2acbc8fe5619340d4,2018-01-18 11:15:02,1,89.0,246,Churned,ES
9c36eedc9de64614cf76d7212fe1c919,2018-02-22 12:45:26,1,100.0,211,Churned,BA
9c799fbb60c13bcd545925514dcfcbad,2017-06-12 23:00:43,1,69.9,465,Churned,SP
9c7bc34fa4b2fd8e3f132a6337ba8828,2017-11-15 11:41:07,1,119.8,310,Churned,SP
9c9ac56ba685050163c38688a26ba66b,2017-05-24 15:41:44,1,269.9,484,Churned,CE
9c9cef121cb812cb301babddc2d8331e,2018-02-19 20:31:09,1,27.9,213,Churned,MG
9c9db9057b02a4a1eb0d79e7caa1120f,2017-07-28 19:45:50,1,69.9,419,Churned,SP
9cc5a07f169a1606fd347a56683e6ea6,2017-12-13 21:34:31,1,89.9,281,Churned,RJ
9ccff5067614ac5510320fed6e4dda46,2017-01-25 16:57:30,1,59.9,603,Churned,SP
9ce65b8b5abf4f8eb9c36d54903bf746,2017-12-04 17:49:44,1,0.0,290,Churned,SP
9cf09239ed6ade14a7a589a75c3e0706,2018-01-24 15:55:19,1,45.9,239,Churned,SC
9d0755875c89125946b738c348527509,2017-08-30 14:24:18,1,29.9,386,Churned,RS
9d687a1e1a93c3d1788eaf38b05e0040,2017-05-23 15:28:58,1,99.9,485,Churned,BA
9d9ab3b77f0416765b3fbedf94a942a4,2017-08-31 08:15:24,1,0.0,386,Churned,SP
9dadf198dd249e1f37323eab5c877c20,2017-08-11 08:41:43,1,49.95,406,Churned,MT
9db9c8afd749185bdf80b8875b526ac7,2017-08-02 14:17:13,1,45.9,414,Churned,SP
9dc44558922ff57d14d99f20d37f440f,2017-06-18 22:03:52,1,0.0,459,Churned,SP
9dddffdd447ab3aa654122a6a1049906,2017-01-26 16:25:36,1,0.0,602,Churned,MG
9df377601c20eda92b30f91d76204900,2018-02-25 19:10:41,1,60.0,207,Churned,PR
9e212e7b5a0904360d7c0b1378e8ad38,2017-07-20 10:11:42,1,279.0,428,Churned,RJ
9e31af3a959762dbcb33efebc315745e,2017-05-28 13:55:44,1,89.9,480,Churned,BA
9e59404a9868b5fdfe293667404c9a40,2018-02-26 10:30:52,1,54.9,207,Churned,SP
9e5e6c3acbc7ee451dd52c0cddb575f4,2018-01-29 21:03:16,1,74.89,234,Churned,PA
9e651745bfd1fd007bed5a7053561a82,2017-11-24 09:38:22,1,74.9,301,Churned,RJ
9e7a39dbb0cf16617bd4bf207c32989f,2017-03-01 18:29:06,1,110.0,568,Churned,MG
9e8876439507a7c603809927dd6ef09d,2017-09-25 09:48:34,1,59.9,361,Churned,SC
9e89d2232df792cde636a47212a9f2bb,2017-06-25 17:27:43,1,109.9,452,Churned,RJ
9eb98592b8f2aad88bc937c857ea9a35,2017-04-15 23:53:50,1,26.9,523,Churned,SP
9edff4c2e973f86cb82c45cc33485a75,2018-01-16 17:55:45,1,0.0,247,Churned,SC
9eeaf54f02f98c43be6b0d01e3978660,2017-11-09 21:08:01,1,169.88,315,Churned,SP
9f25bf3abc2308165affa650cd99d5a8,2017-11-13 17:04:41,1,25.9,311,Churned,MG
9f269af9c49244f6ba4a46985a3cfc2e,2017-09-03 14:22:03,1,125.9,382,Churned,SP
9f2f5021076171f0efcf196eb7695ef4,2017-12-18 12:40:46,1,0.0,277,Churned,MG
9f65b22046ff3281527d2c66debd30c3,2017-06-12 13:55:51,1,397.9,465,Churned,RJ
9f65c47cdfb0d8bd59d31c6881759086,2018-02-15 11:59:37,1,149.0,218,Churned,GO
9f6aec2e1d2373c0533bb0302cb79c0e,2017-10-03 09:53:38,1,99.0,353,Churned,RJ
9fa091c9a55e4a6dcb8d2c009bade5c5,2017-04-22 15:50:30,1,89.9,516,Churned,RS
9fb86d78b0db13b64af3089329149fd5,2018-03-07 16:42:57,1,0.0,197,Churned,DF
9fc8316f4c0d0601664216e0a9327ed5,2018-01-26 13:32:22,1,1695.0,238,Churned,PI
9fdda3b176806e4447ead693e25ee82a,2017-10-25 13:32:46,1,25.99,331,Churned,SP
9fea70e31334be94bc66a683ceeea2f7,2017-03-16 17:11:49,1,34.9,553,Churned,SP
9fee5c4674933153365209149efdded7,2017-10-06 08:52:38,1,64.9,350,Churned,SP
a03bed47efff02de7b59d0da789f0dcf,2017-11-06 20:23:42,1,759.99,318,Churned,RJ
a06d94b5d758fbc36c8f679d98ae1fc5,2018-03-16 23:03:38,1,55.8,188,Churned,SP
a0bb13c6e9da8e2d1af6d0b8d5b61cd1,2017-07-27 23:29:11,1,0.0,420,Churned,DF
a0c241dec798f1624d120b0be72d7377,2017-08-28 22:47:13,1,89.69999999999999,388,Churned,MG
a0f1a379d9aa6e79e14fc5ee5fcac940,2018-03-19 21:50:14,1,47.65,185,Churned,SP
a0fc8744b3c29be388149ee2bbccb79e,2018-01-15 23:32:57,1,38.9,248,Churned,RJ
a10de9d953278e90b352cb3def7f2b12,2017-03-29 12:31:39,1,0.0,541,Churned,SP
a126181f98c5f1ec6e3d8740f47832d6,2018-03-10 17:20:00,1,151.9,194,Churned,GO
a127d16055b7a1530476349068e3a64b,2017-08-26 19:56:13,1,59.9,390,Churned,PR
a15127e427282f07bbcc3c5da3fc9370,2018-01-30 21:10:13,1,48.9,233,Churned,BA
a176838867d89ed62981cdf02b7ca3e1,2018-03-04 15:58:09,1,89.99,200,Churned,PR
a1c7e4cc4341714f3ffac74ae7f909b4,2018-03-10 18:18:24,1,55.9,194,Churned,PR
a1c9e5540f59e21afbdf91685f5ca791,2018-01-12 18:14:41,1,52.0,251,Churned,SP
a22b61bc4027dbae0e9f26fb76e06b58,2017-03-31 18:38:27,1,49.9,538,Churned,RO
a240a9655aafa0ae6a34aa75822e6d98,2017-08-20 13:13:37,1,34.6,397,Churned,SP
a2580d4b7f5471bf5e8352446ba6628e,2017-09-13 11:14:46,1,349.9,373,Churned,RS
a25d5f94840d3c6a1a49f271ed83f4ec,2018-02-20 23:46:53,1,0.0,212,Churned,RJ
a25d8eacf021a69ae692e8546a4ef677,2017-12-19 10:55:08,1,74.0,276,Churned,RS
a26120ec5834b1430157835a1814c372,2017-08-26 20:27:56,1,26.9,390,Churned,RS
a2649503b92028291f011a976619b322,2018-02-03 12:38:58,1,0.0,230,Churned,RJ
a26e07ee73082b847d16239481de39be,2017-07-26 11:29:35,1,69.0,422,Churned,MG
a275786a4b5cfa8599c673460cabc855,2018-02-02 15:40:59,1,230.0,230,Churned,DF
a278e5ab3d212b2c8285bdfa911b25a7,2018-02-27 12:19:10,1,165.0,206,Churned,RJ
a27e975561b1ef329059939171c34394,2017-11-26 22:51:05,1,0.0,298,Churned,SP
a28d638176b676da7764c544dd335cbb,2017-10-26 14:21:25,1,8.5,329,Churned,PA
a2b769288a2aaa41e38702fcbf9205bd,2017-04-28 12:15:56,1,49.0,511,Churned,RJ
a2fa707edeeca30a8b657bac78e368b7,2018-02-20 22:22:10,1,127.49,212,Churned,RJ
a30be234246fed38afe084a19a6cc015,2017-05-06 11:48:53,1,22.9,503,Churned,CE
a31841afa2eb3a0400c4531b816b4486,2017-12-08 14:33:20,1,56.89,286,Churned,PR
a31bb581ee0192bd2e1976819384d4a5,2017-06-21 09:02:30,1,699.0,457,Churned,SP
a34bc8498e794dc67ab208a47d38bf79,2018-01-31 13:59:19,1,177.98,232,Churned,SP
a3784be0a99a72cf41fe1b05298673dd,2017-11-27 11:07:56,1,49.9,298,Churned,RJ
a38acbb1f0ca4266b66805e1350f346d,2017-10-25 18:57:29,1,114.94,330,Churned,SP
a39fd8580a18106b255d59465955e149,2017-12-08 23:41:49,1,471.84,286,Churned,SP
a3bde85f64f8d689916f7b44f199d874,2017-11-30 11:23:03,1,139.0,295,Churned,RJ
a3d335d8dd759126b58367c6053bb20a,2017-11-26 09:32:06,1,60.0,299,Churned,PR
a3f90ba3fa24d9ec5cee857de2f2e92b,2018-03-19 19:35:39,1,0.0,185,Churned,SP
a442ab74d50458525ff87fa21abd7624,2018-01-17 23:48:52,1,139.99,246,Churned,SP
a48dc9ff5e16f55336756967c43d7431,2017-03-07 11:47:20,1,0.0,563,Churned,MG
a4ab5f34ede13ac71145acd2fe5447d5,2017-07-28 10:29:15,1,45.33,420,Churned,SP
a4d6f5e61e07e006e41e7ec382f3db1b,2017-11-06 12:09:21,1,0.0,319,Churned,SP
a4f95f05ed4ec25d67125811b5c78e2f,2017-07-27 17:18:21,1,29.9,420,Churned,SP
a4ff7f3161bd56ef7518647f4e14ca9e,2017-07-14 22:18:39,1,389.9,433,Churned,SP
a50062ee8cafa20668d7fb68e3cdb3cf,2017-03-25 19:13:03,1,49.9,544,Churned,MG
a50a18d0f932c1cf1dec68cc1d281d8a,2017-08-07 21:41:19,1,14.9,409,Churned,BA
a51c9e87de4b204e26e777faa7116b97,2017-11-11 14:35:26,1,379.8,313,Churned,CE
a5383a6d51465659e9153a2a6045e3b1,2017-07-04 10:24:45,1,658.9,444,Churned,SP
a54a1749bd03dfe0d3642b7fbd888b47,2018-03-20 15:06:42,1,99.9,184,Churned,SC
a54ac085fc21d6fee207ddc23554a93e,2017-11-26 11:38:04,1,49.39,299,Churned,SP
a54ff9cb5691f3de0ad67974bbb905fd,2017-12-06 15:26:09,1,25.9,288,Churned,SP
a55964e9744ba2f8e5911ff221b5de47,2017-12-11 21:43:24,1,129.9,283,Churned,SP
a561f142361b777a01a7f554685adafb,2018-01-17 14:42:28,1,55.3,246,Churned,MG
a577a79cf9dde79841a2b42bc7d0e6c3,2017-04-14 22:06:32,1,79.9,524,Churned,GO
a5ab54f360315caf862b190789e3c4b5,2018-01-14 18:39:27,1,0.0,249,Churned,SP
a5baa76c04eea8a1a3c199cb05abc4a2,2017-05-02 21:03:22,1,229.9,506,Churned,PE
a5c806ebe5b25d0ab1e7f0da0e17d6bc,2017-04-13 20:08:10,1,0.0,525,Churned,SP
a5d3bfee5b23b430b95c4ae295e1028a,2017-01-23 13:31:26,1,49.5,606,Churned,SP
a6168cd79131e64acef92e3c74d6cc43,2017-11-25 01:40:30,1,27.9,300,Churned,SP
a61e803335a6c833fe734447bf120104,2018-03-20 20:45:12,1,136.9,184,Churned,SP
a622d011cb10060dd3ea9132c44f405f,2017-12-03 17:04:39,1,118.0,291,Churned,MG
a62cda00aad21580d0c58e1f8d92692c,2017-09-23 18:20:57,1,0.0,362,Churned,RJ
a62d2ca7ae7396cf26c0593a7629b341,2017-11-29 09:12:25,1,309.56,296,Churned,RJ
a62e2e770d7cbb665e0620b17dea2d5f,2017-12-06 00:06:51,1,98.63,289,Churned,SP
a655539d1946324cc7a22fd0085cc384,2017-08-09 18:20:16,1,45.8,407,Churned,SP
a658ea557e4a20a93cef77c26bf3811a,2018-01-30 20:45:50,1,79.99,233,Churned,MG
a661d43970d1e807044cd5a3b43bd7db,2017-10-24 21:38:09,1,169.98,331,Churned,SP
a66ef26cbab754cef9bd1fd7643813a4,2018-02-01 19:58:21,1,59.9,231,Churned,SP
a6a0c8dce941954d5db099a5f472a1f9,2017-08-22 13:04:49,1,39.9,395,Churned,SP
a6b40a99291a67fecea4485e66957acb,2018-03-05 14:35:12,1,0.0,199,Churned,RS
a6ba026e341252f5e41461043458bf61,2017-11-16 17:01:14,1,299.99,308,Churned,RS
a6cba42f65ca310f74bcee5d8708819d,2017-03-15 09:41:22,1,34.9,555,Churned,SC
a6ddea592cbc5da9970a9a9803c07347,2017-08-04 10:46:33,1,179.8,413,Churned,RJ
a6e10bbbfb7af7122f5feb0f19268baa,2017-11-06 18:20:00,1,0.0,318,Churned,SP
a6f5c8508826807c40ac30fcf62c1a49,2017-08-17 08:11:18,1,0.0,400,Churned,MG
a72dc4d599f84d18327c83df876c3460,2017-07-06 15:11:41,1,56.9,441,Churned,RJ
a74057eb042b356fed179ed2a6d2311d,2017-05-17 10:45:24,1,17.38,492,Churned,PR
a75aa5d4850de07bb3cee8e9db5ea229,2017-12-04 11:57:38,1,79.49,291,Churned,SP
a7657330b1c135f3acd420326e335b2c,2017-05-18 20:51:06,1,239.95999999999998,490,Churned,MG
a7879b28606781a1488676b860e5b46a,2018-01-27 14:00:16,1,0.0,236,Churned,PI
a79678c360b11a982dfdb55a42778e88,2017-08-21 00:01:31,1,59.9,396,Churned,DF
a7a72b5517a675e63ddb9f0f58c4fd33,2018-02-20 10:45:27,1,321.0,213,Churned,MG
a7e7b19ff34ab885f7b7331de2417cf3,2017-09-15 09:19:48,1,113.98,371,Churned,MT
a7ff34c63e34b438ff4b1789b8ab23a1,2017-11-24 06:49:43,1,239.99,301,Churned,SP
a80a15cc7984d350d36af32d10866143,2018-01-16 11:27:24,1,199.98,248,Churned,SP
a826e92cf1530ad8a2e0e2f1350ac1be,2017-11-20 11:44:11,1,419.0,305,Churned,MG
a82935ceae6a61cc7536e9ef4b98b245,2017-10-01 16:12:05,1,0.0,354,Churned,MG
a8600e0beda4face16b2425a76e1ffab,2018-02-19 19:43:38,1,24.99,213,Churned,PR
a865635310622e60dd303e4128fc09c8,2018-03-12 15:12:33,1,179.0,192,Churned,BA
a87e9657be1c58f418a0e3de07ae6a71,2018-02-21 14:54:42,1,0.0,211,Churned,MG
a8bdc0d9ea28636ee0ada5b9ccb430c9,2017-12-25 20:14:34,1,0.0,269,Churned,SP
a8d1e9936a5361e2547acf93dd4b8bc3,2018-01-31 20:45:16,1,880.0,232,Churned,RJ
a8ee33e35637322a81a8c26592f6ce36,2017-07-01 15:42:32,1,0.0,446,Churned,MG
a8f99afaf1e6db5d6ab8d43d4f5b18df,2018-01-05 19:24:31,1,49.9,258,Churned,PA
a8fe0c0e9818794f48fb0379ee3ff206,2017-09-12 17:49:55,1,149.9,373,Churned,SP
a9088d439d83c94aef38ee4846e31559,2017-07-18 07:17:50,1,89.25,430,Churned,RJ
a908f7551bf4ad06732bd84eff560037,2017-01-26 18:27:04,1,30.97,602,Churned,MG
a91e80fbe80ddc07de66a5cf9270293c,2017-09-13 10:06:35,1,283.0,373,Churned,DF
a946faf63af327d1dd0362b3fa3882a3,2017-07-18 23:36:55,1,0.0,429,Churned,PR
a955261f6d0390e5b5a6d0b2698d0918,2018-01-31 10:24:01,1,220.0,233,Churned,SP
a961e198a1d400e99c02e8f4520f763c,2017-11-23 21:18:14,1,45.9,301,Churned,SP
a975496624b578358d2f33cf43d8ba4d,2017-03-17 18:21:51,1,27.99,552,Churned,MG
a97d43b24d76819903192611aca17914,2017-12-17 19:40:26,1,64.9,277,Churned,MG
a9d4b651be558c6f80e64aeaf73651b0,2018-03-08 15:59:32,1,59.9,196,Churned,MG
a9e132df86d3c56b21d5255375dee380,2017-11-20 14:31:13,1,138.0,304,Churned,RS
a9e4348b76f85861ada324e72dc92aca,2017-12-11 20:47:16,1,79.9,283,Churned,MT
aa1dad17da0400e391f5eabb98dd5d23,2017-07-26 13:47:20,1,32.7,422,Churned,SP
aa2ca40652b784ea8e309f01611e4ab6,2017-11-28 07:50:35,1,69.99,297,Churned,RJ
aa35650a86af4216f8a8a5c90339bdd7,2017-03-05 23:21:34,1,69.9,564,Churned,RS
aa53cf1e7f6ecf44d9ecd0fbc1efb059,2017-11-30 15:47:28,1,0.0,294,Churned,PR
aa59e23a1fdb544008529f635be3f8cf,2018-01-17 10:50:09,1,89.0,247,Churned,CE
aa6a39ce5535496e6ca5d80498515216,2017-02-17 00:29:34,1,0.0,581,Churned,SP
aa811dd4c5b1ca28de6db905ec51ad5e,2017-01-05 16:05:07,1,8.9,623,Churned,PR
aa89b22a058fdde1a1bd73270cfb7b74,2017-09-27 23:06:21,1,19.98,358,Churned,RS
aa8c932576d8ba562f48505a9f25a2be,2017-03-10 10:05:43,1,158.0,560,Churned,MG
aac6c5c4314e4c2721df1440f0ede0fd,2017-06-27 19:49:20,1,119.49,450,Churned,RJ
aae57739c16a460e0fbde4243ab139d3,2017-12-08 12:22:58,1,419.0,287,Churned,DF
aaec5bd8971bcff98276f504acb38929,2017-10-22 20:17:18,1,30.0,333,Churned,SP
aaff146bd210808c7d004a05966472a7,2017-11-08 17:08:56,1,179.8,316,Churned,RJ
ab1ab390f31be556889e96b7d19bc610,2017-11-26 17:47:17,1,79.0,298,Churned,PE
ab2cb7bb06f35fc8568291b0ca36ef82,2017-02-24 15:13:02,1,0.0,573,Churned,MG
ab7bed4092cc3dadbaefba86cb45f37f,2017-10-28 21:26:26,1,39.9,327,Churned,DF
abb30df339614118b0728ba40e31780e,2017-09-12 20:38:53,1,95.0,373,Churned,SP
abc164f170bda3e76317237679b356b5,2017-06-01 10:42:34,1,0.0,477,Churned,MG
abcc989c63277cbc664c1f13e1350892,2017-02-07 22:03:42,1,19.7,590,Churned,MG
abd8527d80fe223ffa5c47e09e325fd0,2018-01-11 14:59:27,1,66.9,252,Churned,MG
abe351201e61437f658332cdce4c3c52,2018-03-04 13:53:47,1,14.0,201,Churned,SP
ac4aeb840ae2987076143c45d465e8a5,2017-11-29 17:43:34,1,74.9,295,Churned,PR
ac7d4fa6770970725c1a4cf26aba43cd,2017-03-22 16:58:07,1,0.0,547,Churned,SP
ac96769b758dad3bd572bc5e3fcb8511,2017-11-05 11:12:52,1,299.9,320,Churned,SP
acc6272ca5228177e324bd704e24488f,2017-05-19 15:20:58,1,42.9,489,Churned,SP
acfc41e34b586a5d6850f2a6b3ae0183,2017-11-27 22:23:47,1,120.9,297,Churned,RJ
ad2b6d1d30e0997f9fe324199b93144f,2017-08-14 09:13:30,1,30.0,403,Churned,SP
ad364a72320b9cc9fa436bce66ef8184,2017-09-19 19:46:11,1,0.0,366,Churned,SP
ada75a4fe78965ba507a043fadb07ce9,2017-10-18 11:53:15,1,70.9,338,Churned,RJ
adb179736cd012663455d999399bd2b5,2017-08-30 12:46:37,1,99.9,387,Churned,CE
adb4178cb86ee499a8aeae1f099a6bef,2017-08-10 11:58:33,1,0.0,407,Churned,RJ
adfae35ff9b67586302b5ddb0b7897db,2017-06-04 20:44:34,1,359.9,473,Churned,SC
ae33f41c36f829c6194fdf1ba5721b88,2017-11-25 16:23:49,1,21.15,299,Churned,BA
ae3759d2ee307574752179acccd595b6,2018-02-03 14:56:55,1,27.9,229,Churned,SP
ae44510fbe1ff7826298182f9f21aee9,2018-03-18 22:01:30,1,151.9,186,Churned,RJ
ae6346c98b34af56ddb4f5fa73968b7a,2017-11-27 00:58:20,1,149.99,298,Churned,PR
ae806b7c5b3dc9376b49d71f26186f3c,2017-07-17 20:50:44,1,45.9,430,Churned,SP
ae9ae5072fe8d5b2a1f7072a833f0afc,2018-02-27 15:42:55,1,139.8,205,Churned,SP
aea1294c6b907b03c670cc2ddef0e056,2017-11-25 08:05:08,1,494.99,300,Churned,SP
aea223346a5f80ca5f8c6f5a1a4e5e78,2017-05-14 22:34:09,1,0.0,494,Churned,MG
aea3fa1fa5d8971c35a15b3e836e6d8d,2017-03-31 11:30:55,1,69.9,539,Churned,RJ
aeea6bfadfe45feabb1b8c9044547391,2017-07-28 13:47:16,1,75.0,420,Churned,RJ
af12ef07bc82c2f958bb5b12384be27e,2017-12-20 04:52:44,1,45.9,275,Churned,SP
af1ff1787969f2ed8bb7476d58167835,2017-03-18 15:22:19,1,75.0,551,Churned,MG
af2e8236fa3043ae9b3efff5dc692d50,2018-03-13 00:09:42,1,39.9,192,Churned,SP
af4d3cd0b29b208c971ff6ad78b41b79,2018-01-22 10:10:44,1,69.9,242,Churned,RJ
af5c42fb895556a17adafcee7fb7ebe1,2017-09-01 13:39:38,1,0.0,385,Churned,RS
afa602f01babaaaa3376444634400a25,2018-01-18 11:21:37,1,78.0,246,Churned,GO
afb7052400f007bf6c166de1c9f683fe,2017-11-21 13:56:43,1,159.0,303,Churned,SP
afb9a07380963f172c8a956bef0fd28c,2017-03-16 14:06:02,1,0.0,553,Churned,MG
afbe9434938af234d7169a2afd77dfdb,2017-12-28 12:46:11,1,0.0,267,Churned,RJ
afde5d9dce0bb8da161eb27c2b079226,2018-03-10 18:40:17,1,146.21,194,Churned,ES
b010c55c8b77285afc3eda1fc35f390c,2017-10-17 17:02:32,1,89.0,338,Churned,ES
b03346a8e14bff6e1d669625df319821,2017-12-12 08:20:07,1,86.99,283,Churned,GO
b0454e831e63abc9d4148e48e4ebb4ae,2018-02-06 20:55:29,1,96.36,226,Churned,RJ
b08428dc70f6011f89da661fbbf1e654,2017-12-26 02:35:27,1,133.0,269,Churned,PR
b08b68bac767c3269e827f822d308182,2018-02-18 20:42:53,1,38.98,214,Churned,BA
b0bba163bbb8aef57222338365d5a2a2,2017-12-11 19:56:32,1,19.9,283,Churned,SP
b0cd6a169aaf7502ca3783e5e7527921,2017-04-28 16:28:03,1,158.0,510,Churned,GO
b0d28a4603fe3c14a3f6cf3e4b22582b,2017-08-01 10:06:37,1,69.0,416,Churned,SP
b1011cba0fd71c89bdb2a5c3b90bb1ae,2017-10-08 14:53:58,1,210.89,347,Churned,SP
b118181abcb0f3623b02187e09399f27,2017-09-05 15:20:35,1,490.0,380,Churned,SP
b14edf7220c5c77f27f11567178c24fb,2018-01-11 20:04:57,1,119.69999999999999,252,Churned,SP
b1527fed376c77c2a8e44ea89e76dc73,2017-11-27 20:39:12,1,0.0,297,Churned,RJ
b162f904785d797290eebca549a1abb6,2017-12-15 08:56:56,1,0.0,280,Churned,MG
b1b1e0a969f47ab397202becc860b444,2017-11-29 23:02:28,1,133.0,295,Churned,PE
b1dede4db8218754b7f4fbe2c60cf162,2017-11-24 10:31:52,1,19.99,301,Churned,SP
b1e2374fc88dd0dde96b938e49cf1a3a,2017-09-18 01:02:11,1,279.9,368,Churned,SP
b1f9c3dc60cf615d94760ef1f7356c22,2017-12-11 23:10:16,1,159.99,283,Churned,MS
b20060de6cb6e49f4fbcf32a9effb25b,2017-05-23 20:19:03,1,39.9,485,Churned,SP
b2112b3b9339f6532b94e5a64c61dab8,2018-03-20 15:36:44,1,78.9,184,Churned,SP
b2745c56b7b0ccb493c8b2c050007b4b,2018-02-04 12:03:15,1,0.0,229,Churned,MS
b289291bcfd0b339685b14bf220db3ad,2017-11-14 08:13:32,1,0.0,311,Churned,SP
b29e4b51682d4ed20d84d03fdc4d0a8e,2017-02-27 19:54:44,1,59.8,570,Churned,RJ
b2c2a93dc3c3b2996fcb4baf73f09f61,2018-02-02 22:49:58,1,299.0,230,Churned,SC
b2cac0b16835dabf811b204127f58afa,2018-02-01 14:02:19,1,39.47,231,Churned,SP
b2f7eacecad4eed16774885920e3d2a4,2017-11-28 17:46:25,1,24.9,296,Churned,SP
b2fd1deaa3bc329937e3390404303e60,2017-07-12 14:11:35,1,49.9,435,Churned,SP
b305ead9694a97627d794d5550c00c7e,2017-11-09 13:00:58,1,139.9,316,Churned,SP
b307d4a1272c57f08f47bf4b7638b049,2017-10-27 21:30:42,1,24.99,328,Churned,SP
b30bedf72f26c865890fd833ff44a96c,2017-12-12 17:52:38,1,49.0,282,Churned,SC
b315861215eb4ceec45d0c299e7b004e,2017-12-02 23:23:26,1,400.0,292,Churned,SP
b329ed361b94aa14781944b23063b5b0,2018-03-18 20:59:28,1,129.0,186,Churned,RJ
b33ab8755cd35552942225232a9a8849,2017-12-09 17:27:58,1,189.9,285,Churned,AP
b362a1fd4bb234604db8e10d1a5da85b,2017-12-15 10:32:33,1,21.99,280,Churned,MG
b376982d3505084b995ae74fbf660057,2017-07-27 19:52:48,1,84.9,420,Churned,SP
b37ea1c605e4fbba11429b0a921d99f2,2017-09-25 18:54:30,1,0.0,360,Churned,ES
b382326375f34d32dc6f708ae7b34691,2018-02-10 22:17:24,1,28.99,222,Churned,PR
b3ab1572fdb4a1c2e6862a3ea20e68dc,2018-01-04 14:33:41,1,55.49,259,Churned,RJ
b3d23d61fb01dde311c5ddc5dfde8e47,2018-02-27 08:31:17,1,61.9,206,Churned,MG
b3d6eae7841038cd56fcb6f8f773d684,2017-02-07 21:32:58,1,65.0,590,Churned,SP
b3f022d93fd7d29a984acb2470b83791,2017-04-07 21:10:19,1,18.99,531,Churned,MG
b4184ec976917fc7cb365a1a55524013,2018-01-12 04:13:58,1,88.0,252,Churned,RJ
b43e8e477db5dc4b4acd40f1a39f3e44,2018-02-19 17:36:19,1,44.9,213,Churned,SC
b45fea9f2c0bb83348c7fc3d17bf7639,2017-12-01 01:39:25,1,299.99,294,Churned,RJ
b483e064ad80be3fd630b37bd140513b,2017-10-31 15:26:06,1,129.8,324,Churned,RJ
b4875644308426fc74de2a855f10c0cf,2017-06-27 15:34:03,1,99.0,450,Churned,RJ
b49264fa6888d0902b084fafedcbc840,2017-12-29 10:36:33,1,129.0,266,Churned,SP
b4a9706266706041c10bac3e7ec4316a,2018-01-02 22:30:18,1,79.9,261,Churned,PR
b4ba6c8ffbe46adecf45369dd91cc730,2018-03-22 21:26:26,1,459.99,182,Churned,SP
b4c4f3643e0a12224cf57abe82ecd677,2018-01-20 11:23:02,1,53.99,244,Churned,RJ
b500d09f227a12798d03911752d1c7d6,2018-03-02 22:07:38,1,49.9,202,Churned,RS
b512b0686fca0440147aa0709672cd9b,2018-02-26 11:06:56,1,46.99,207,Churned,CE
b5283f89d656dd98b1376dfb0926ae2a,2018-03-23 13:53:15,1,0.0,182,Churned,SP
b52f66c7b754abb219018b60afc72995,2017-11-24 10:51:42,1,119.8,301,Churned,MG
b577af9a54b023b4bcc51f69bb937f1c,2018-02-14 13:05:17,1,148.9,219,Churned,SP
b585f93cc708cd3d76b03cbf776a4e97,2017-12-27 09:08:17,1,55.0,268,Churned,SC
b5968d8d3507b0ad5c92e33bc00b5431,2017-10-03 21:30:44,1,49.99,352,Churned,RJ
b5a189159a62950d58c7208f43e0631a,2017-08-21 14:08:52,1,37.9,395,Churned,MG
b5c758a46ae1c305aa9f913d3b895951,2017-12-08 11:38:00,1,172.5,287,Churned,BA
b5ccc57b179210bda569df984bdf7df3,2017-01-25 01:23:07,1,129.99,604,Churned,AL
b5d6fa3d2213927296ac893f14f4461c,2018-02-25 19:13:33,1,179.7,207,Churned,SC
b5fd935fca868cbefca0c71a3010d03f,2017-10-16 14:49:14,1,150.0,339,Churned,SP
b6355d59bb57a76bd02e96578c5bd407,2018-01-23 11:15:44,1,24.9,241,Churned,SP
b6421f3212444b8943b75ed2686928dd,2017-10-13 13:34:10,1,119.59,343,Churned,CE
b643c19d91a65d73f94ba8e037668986,2018-01-11 22:14:00,1,169.0,252,Churned,RJ
b647de9a726557749e15366078e10172,2017-11-06 22:25:04,1,39.9,318,Churned,SP
b6497ecc6318ebd0d5c22091f702fcc8,2017-03-22 10:35:21,1,33.9,548,Churned,SP
b6551acfa77dba27fb288e08dbe02f84,2018-01-18 02:11:56,1,49.95,246,Churned,MG
b66f4f9f89df0b0973bb1057073887a0,2017-11-23 14:31:36,1,199.99,301,Churned,SP
b67c3d81da9b446043478d367b95634f,2017-10-06 17:19:51,1,119.9,349,Churned,MG
b67f3c688800e83e5674ffe056027d1d,2018-01-08 12:11:29,1,13.65,256,Churned,ES
b685f571858e1a165334b397342c01cd,2018-02-28 14:56:03,1,298.0,204,Churned,PR
b692391a3475130e918c2ffd84fa0413,2017-12-15 23:05:43,1,59.8,279,Churned,MG
b6aa1d5781553afaa244c3e42246d93c,2017-12-20 23:45:07,1,219.9,274,Churned,SC
b6b9bf08a9b9f5e258a9022f135e771d,2018-01-21 16:46:04,1,69.9,242,Churned,SP
b6bb8e4780df00a25fa34335d3dc1330,2017-09-12 16:04:11,1,55.0,373,Churned,SP
b6bfa667d44891b1e24e5b79ae955480,2017-10-24 13:52:21,1,0.0,332,Churned,RJ
b6ebed144895adea96b6193124ea3db4,2017-11-24 16:56:46,1,719.4,300,Churned,PR
b75e0a5150c6cfcf4d9982e79f8a1f8b,2017-08-24 16:14:27,1,135.0,392,Churned,SP
b7691a211ab550e0b5f3bf33ade5f5be,2018-03-08 15:59:11,1,309.99,196,Churned,SP
b7cc980888147c189d96a40756971585,2017-03-06 19:45:34,1,13.99,563,Churned,SP
b7da7bdff09f837a08f65759f068f5ce,2017-12-14 21:05:56,1,0.0,280,Churned,RS
b82d8e3a84e9978cb633bd9771a5165b,2017-09-02 23:23:01,1,178.9,383,Churned,SP
b82e23980963f0c3789109af94e6112f,2018-02-14 17:51:38,1,0.0,218,Churned,PR
b842b6306cb43499a3d7a3dd3742fef2,2018-02-15 17:02:21,1,118.9,217,Churned,SP
b854c56e1163bced9c3ebf1e4a6576f3,2018-02-21 17:15:49,1,49.9,211,Churned,MG
b854fe698a5384ebcadcdabe7ceebbb4,2017-07-27 18:04:06,1,0.0,420,Churned,PR
b8977911a162ae59629b8a73b77bfdac,2018-02-28 16:50:55,1,250.0,204,Churned,SP
b899f098afa2e711629365c161794884,2017-03-23 22:23:43,1,49.99,546,Churned,RS
b8a13301c527ebcd83e27cbfb7f06a9a,2017-09-14 18:32:52,1,0.0,371,Churned,SP
b8ad4abdbbbb25a8106cf1fa49600053,2018-02-19 16:20:28,1,380.0,213,Churned,SP
b8af560ea969399b77e9b0e6644558fe,2018-03-05 20:18:05,1,29.99,199,Churned,PR
b8b3c435a58aebd788a477bed8342910,2017-05-05 08:45:28,1,52.0,504,Churned,RS
b8baa482e2e3b439ab972fba47c9be48,2017-10-18 16:44:45,1,324.0,337,Churned,SP
b8d95b1bc28f71750ada508312f1e176,2017-12-11 11:50:54,1,28.0,284,Churned,RJ
b8df986511d928829c3192c2ed081eba,2018-02-03 20:37:35,1,9.5,229,Churned,SP
b8f9ecc7915ce653a1d7ee6dbfe8f54d,2017-08-10 13:51:49,1,0.0,407,Churned,SP
b9066c8cafd15041ed94ef1ecb116d4a,2017-05-16 16:41:51,1,159.0,492,Churned,SP
b91094129b0c7e78a2d312269365968e,2017-09-26 12:32:39,1,159.0,360,Churned,PR
b931fdce2c9ab0c8475ac1bc83af0f04,2018-02-11 14:13:54,1,15.9,221,Churned,GO
b944e713f329c481160c81f9a3795392,2018-01-07 17:50:14,1,19.9,256,Churned,BA
b9616f4b96ce6bde1688eee752733c55,2018-01-10 22:23:24,1,59.0,253,Churned,MG
b96336694477939c9d102438f0c7c9d7,2017-11-03 11:24:36,1,0.0,322,Churned,DF
b9ac5718b8f3ff34b2929ac08661f82a,2017-01-15 18:57:33,1,50.9,613,Churned,SP
b9b9a083a74fa9cd18be8eb0ccd26d71,2017-09-23 16:40:09,1,39.9,362,Churned,RJ
b9ce93ae35b4cfe939be5356630992a7,2017-10-31 21:47:13,1,104.9,324,Churned,SP
b9efc86b7c6269eaeba5bdbdd5127e1b,2017-01-30 10:29:25,1,0.0,599,Churned,MG
b9fd889214fcb1a45e4cd51f5af6cba3,2017-07-10 09:03:58,1,65.99,438,Churned,SP
b9fdb2f344509f77f84250a748c6319c,2017-10-17 18:34:56,1,0.0,338,Churned,PA
ba0702c64162e93452439fa6c4409896,2017-05-07 12:47:29,1,39.0,502,Churned,MG
ba09e7352cbed201af6d123d7366f3ef,2017-09-12 02:24:31,1,89.9,374,Churned,SP
ba36311f5ecc3232608a4becdd416325,2017-09-15 11:28:58,1,38.4,371,Churned,RJ
ba77e9b6506636dcbd03e463d4786f24,2017-07-02 20:47:24,1,79.9,445,Churned,RS
ba85eb3f29cdda9e3e4229c613d78815,2018-03-17 13:39:39,1,0.0,188,Churned,RS
bae2d36f7119de90a1f3f9aa995e5c5f,2017-06-06 23:08:04,1,0.0,471,Churned,MG
bae6687e2e07f749eda874adba621bd4,2018-01-21 17:28:33,1,49.9,242,Churned,SP
baf56a409972153c8315a2d31b113bc5,2018-03-09 12:18:15,1,65.9,196,Churned,SP
baf8d1bc8b02f403f67012d3366984b6,2017-12-12 13:20:01,1,69.9,283,Churned,SP
bafbbaf0345497c9e80502a08fad4a55,2017-11-30 13:31:15,1,299.99,295,Churned,RJ
bb01b2ced80ef2e3dfb786d0d8c4905a,2017-06-14 11:38:11,1,12.1,464,Churned,BA
bb477df0c32c10ffaf2b2c5e81169f20,2018-03-01 20:30:22,1,0.0,203,Churned,BA
bb4d84a2b45b22ed710ac8c0dec63d1a,2017-07-30 03:06:35,1,19.99,418,Churned,SP
bb58670190dba4e9b320f84cb98317a3,2017-06-14 23:41:17,1,26.0,463,Churned,RJ
bb643895e857c516b4289ab079743690,2018-01-04 10:23:44,1,261.0,260,Churned,SP
bb706038577b066ad96cf29a29beefec,2018-01-03 16:59:02,1,0.0,260,Churned,SP
bb78f4743e618d1b7d4e8fddb9494542,2017-07-05 08:49:56,1,94.98,443,Churned,RJ
bb7dec94f2d5a01b71bd1e976232b155,2017-11-25 09:06:15,1,114.9,300,Churned,RS
bb8486cad0e431659227f6fb18fc6a72,2017-11-20 18:02:21,1,145.3,304,Churned,ES
bb8e3ce30f15dd4cc886c0a1952090ff,2017-04-02 16:09:55,1,39.9,536,Churned,PA
bba19d9ddf6ce4663966a0cb23882ff8,2017-10-26 13:43:41,1,89.99,330,Churned,SC
bbebe4b8eb77c193d602f15005347dd6,2017-12-09 22:00:13,1,69.99,285,Churned,SP
bbf0cbba57c53c0db5f7457d752bd431,2017-11-10 08:56:32,1,299.98,315,Churned,SP
bbf0d1ddbf8bd44d192f056919e9b706,2017-02-06 15:43:18,1,117.3,591,Churned,PR
bbf65e7823171a84e70a495dd6c34ceb,2017-08-19 18:48:58,1,279.99,397,Churned,SP
bc129fa5a30c1e9f64d840dd6d0e574a,2017-08-27 14:17:28,1,119.8,389,Churned,RJ
bc27afa44f5b67b080ab4ba3851a162d,2017-08-14 10:00:44,1,69.9,403,Churned,RS
bc3b2714b8a9c929ef86caeae5623ba5,2018-03-12 00:22:03,1,130.0,193,Churned,RJ
bc495306b450cb8a30666dff4e362077,2017-05-23 11:54:23,1,49.99,486,Churned,RO
bc59f1e430734e331b87a168b63450a0,2017-04-12 02:16:32,1,49.9,527,Churned,SP
bc6693150fe09832ea76d25650f733f3,2017-11-30 17:04:38,1,42.99,294,Churned,MG
bc82228a4f5fceba5b14a04cb7b4591b,2017-05-02 16:35:06,1,90.0,506,Churned,SP
bc867ebfaaeb874d54cbf1da33fd4a1b,2017-09-18 18:51:12,1,497.98,367,Churned,SP
bc96fdea77283bcfd8bec24a2163d459,2017-05-27 11:19:04,1,0.0,482,Churned,SP
bcc9a08b533971412be737fd5bd918b3,2017-05-27 23:34:01,1,29.9,481,Churned,SC
bcebdf69569a5b1cdbb67ebf178e794c,2017-03-25 23:51:57,1,18.99,544,Churned,SP
bd0c1f867e8745eb3ea435b9c5433788,2017-11-17 13:00:10,1,0.0,308,Churned,MT
bd66c00af90ff5a3bb62a0c9639921ba,2017-12-19 23:00:42,1,119.9,275,Churned,CE
bd84ecd29495e3aa78cf6491ee2e91af,2018-02-24 14:59:24,1,148.0,208,Churned,RJ
bd9849d9ba9ac9f05f53f393b1c85744,2018-03-02 11:04:18,1,0.0,203,Churned,SP
bd9e235e9996a20d1153c238c2706b92,2017-05-23 19:52:27,1,779.0,485,Churned,SP
bdb88619ffe5ca24fa5732468bd34573,2016-10-05 13:12:43,1,0.0,716,Churned,MG
bdc67efa33dd0c3228b91714ac6e363c,2017-08-24 11:04:41,1,0.0,393,Churned,RJ
bdcd97bbfa0c4547970136445e9ace7c,2018-02-15 10:37:47,1,156.0,218,Churned,RJ
bdd30e6e39cc70dde8665187b57af402,2017-07-12 14:11:58,1,44.99,435,Churned,SP
bdd790f120738cf7ae6c93b292f4dad2,2017-07-04 23:29:52,1,205.0,443,Churned,SP
bde19fc22cb4def59a506fe769d40aed,2017-11-30 18:40:48,1,67.98,294,Churned,RJ
be0e319f7309b7d01899339a6a24b770,2018-03-11 18:35:58,1,574.0,193,Churned,RS
be1a0dfedd7deaf8f8b3f3385b0bbc82,2018-01-09 15:49:48,1,21.9,254,Churned,PR
be2b2715ea6493f6dddcb063b482f04e,2017-11-26 20:04:57,1,59.81,298,Churned,SP
be33152ae3eb53008fdba8c5efa40ab7,2017-09-09 03:20:20,1,52.64,377,Churned,SP
be49d411f08872c5a81438e47278a9e7,2017-04-21 20:23:41,1,0.0,517,Churned,RJ
be570271e817b7a8791c477152830384,2017-09-17 11:47:07,1,54.9,369,Churned,RJ
be655f9f2e6980b38b839352c2865b39,2017-05-18 09:48:49,1,79.9,491,Churned,SP
be7afc56db0978e1f7f9599f89527126,2017-02-02 23:24:24,1,0.0,595,Churned,BA
be8f34cee6e46e28f79548bf5bcf5fb3,2018-02-21 12:48:59,1,25.0,212,Churned,MG
beb6f9fd570947c43749a143f370ebe4,2017-02-12 13:12:39,1,139.0,586,Churned,SP
beb9a932b5131b25944dcf8cee8ada78,2017-07-05 13:00:03,1,152.9,443,Churned,DF
bee8c71dfec2314e63b7ef0e2ce70bdd,2018-01-31 08:45:25,1,0.0,233,Churned,SP
bf004b2b614c68e6d2401afc33741b33,2017-03-12 19:04:41,1,6.0,557,Churned,SP
bf0303939d54b8df5da4762bbaab1955,2017-11-15 11:31:41,1,299.0,310,Churned,RJ
bf1e26d689c382c36a8cf104febacd2e,2017-12-14 17:34:09,1,72.9,280,Churned,SP
bf257f507db19138f5bc4065313c1f87,2018-02-12 17:33:54,1,74.9,220,Churned,SP
bf59acdae64e9900fd93e4847baa1978,2017-10-07 13:59:13,1,56.97,348,Churned,SP
bf635aadfff238fd7e9b0d25e800d019,2017-09-25 16:38:46,1,14.85,360,Churned,SP
bf6bdab86c9bf5f5e6aafe5be999993a,2017-06-28 20:47:14,1,54.16,449,Churned,SP
bf6d9bf8866ac722b1033fe81229a233,2017-12-04 17:01:15,1,49.9,290,Churned,MG
bf729deccdd7983078c35607bab21a40,2018-01-29 17:02:22,1,139.99,234,Churned,RJ
bf86879619eefd3ee1da656434e09204,2017-12-01 21:55:25,1,0.0,293,Churned,RJ
bf878410ba17b72e544f5a350bad4bf5,2017-04-24 20:32:15,1,28.0,514,Churned,SP
bfa3c391c5cce32639f44a0bc0c2e677,2018-02-06 17:11:21,1,16.0,226,Churned,RJ
bfa809efc0c3a611d7cc109690fb1adc,2018-03-01 23:08:25,1,25.0,203,Churned,MG
bffe21e5fcf1018f69c5654bb45ec1b6,2018-01-09 17:03:01,1,29.9,254,Churned,SC
c024307523462166b42112cfb6c8e900,2018-03-16 21:10:52,1,0.0,188,Churned,SP
c02e98da303c4da78da40f76952a187d,2017-11-10 09:18:19,1,171.0,315,Churned,SP
c035cedb61d638d3e8b48521a714a86e,2017-11-02 09:30:52,1,599.9,323,Churned,RJ
c0779cfb3d6695eb9a6c14772852e10e,2017-02-18 17:47:36,1,66.99,579,Churned,ES
c07b5683ea7097bb37e20414d341cf05,2018-02-09 17:21:15,1,165.0,223,Churned,MG
c0a1c99e485ed6cd991db287741bbbcc,2017-08-26 15:49:30,1,0.0,390,Churned,SP
c0b6dee0c3c0c94972417c338b925637,2018-03-15 18:52:27,1,89.18,189,Churned,SP
c0c0c50de0f9c7089f7de06b69577afc,2017-03-10 11:45:28,1,23.9,560,Churned,SP
c0cb6f62619187c624de6516c1e3c100,2018-02-03 17:03:44,1,29.5,229,Churned,RJ
c0ceb197de4a31388883a6369ec291d6,2018-02-08 10:42:48,1,12.99,225,Churned,SP
c0d1c485cc68748f953bedc0b453a5d4,2017-09-30 23:59:15,1,0.0,355,Churned,MG
c0e34eb3758ff52f422e985899707a00,2017-03-20 21:02:06,1,126.99,549,Churned,RN
c112276ee020e563234bd46993fddc4b,2017-01-14 15:42:20,1,28.0,614,Churned,DF
c114c44566c2d172b520bc3c8785ffdf,2017-05-09 12:36:05,1,1199.9,500,Churned,SP
c18a7f19c5bb90e5eade2d61849812a8,2017-04-29 20:09:24,1,149.8,509,Churned,CE
c18c9a0884eff4b9ee66d37dd5357216,2017-09-10 07:09:18,1,49.7,376,Churned,RJ
c1a74c5c2888560211ae1fb46ffafc4f,2018-01-13 13:35:32,1,29.5,251,Churned,SP
c1a91d288cfd407b330d51a237ccdfa7,2017-10-05 16:54:23,1,59.9,350,Churned,MG
c1b7893ed0fb6777c4c10e5a20f11df3,2017-03-11 17:51:25,1,314.99,558,Churned,SP
c1be25a7bdf52d7885d726bc67bd2c04,2018-03-06 19:56:34,1,259.93,198,Churned,SP
c1d9e6bbbc34d8eabbaf75ec77de9eff,2017-12-27 15:07:57,1,29.99,267,Churned,SP
c1dee395f06cd4d5e5162385873bfb15,2017-07-02 12:03:31,1,0.0,446,Churned,RJ
c216ddf05dece5d199d21e54250658ea,2017-04-22 08:49:09,1,0.0,517,Churned,BA
c219f4ac1bc7f1aea33e6ab8885831e8,2017-03-04 12:14:30,1,0.0,566,Churned,PA
c2551ea089b7ebbc67a2ea8757152514,2017-05-14 20:28:25,1,0.0,494,Churned,BA
c28b695680373781f8ff086844f72ef2,2017-11-11 19:36:00,1,0.0,313,Churned,MG
c2919fbdb45366551c1e80d5cb35cd3f,2018-03-24 08:03:00,1,0.0,181,Churned,MG
c29366dcdcde92f6bab988692e21d709,2017-08-09 16:19:43,1,65.99,407,Churned,SP
c2ddb0f0c790b59fa4ac265a5fbb75cd,2018-01-27 21:43:20,1,199.9,236,Churned,DF
c2e045ce833c8289e489314d2b6386fc,2017-04-21 14:05:09,1,24.9,517,Churned,SP
c30772dc02e182f555db4b042efdb110,2018-03-15 10:00:16,1,79.99,190,Churned,SP
c30fd2558a9c8fc64260be3e76a20cc4,2017-03-20 17:15:11,1,176.99,549,Churned,RJ
c31a0532ac4b77687d61f7fe1483d4a4,2017-05-06 02:54:13,1,16.9,503,Churned,PR
c325d123fdea8b29701a0a93c7955ca0,2018-03-19 17:53:45,1,0.0,185,Churned,SP
c3452e8f22eff6eaa361690c7e7ffd4e,2017-11-22 16:56:05,1,0.0,302,Churned,RJ
c34829c1ffe2887992efcf51e4e02b31,2017-09-11 19:42:40,1,599.0,374,Churned,TO
c34f2ca27d34d58730b66b7ff14f0437,2017-07-26 20:49:07,1,176.99,421,Churned,SP
c366f7bb7c9f735501bc8d64ba2e21e7,2018-01-06 10:44:15,1,29.99,258,Churned,MG
c37cc6c1a59d81460a3059744f7ada1c,2017-07-02 22:56:09,1,149.9,445,Churned,SC
c3a8d73d9c04af248b04c0f97b6cb308,2017-05-22 17:45:32,1,467.0,486,Churned,PE
c3ddcb8cafa47711e96ff4852fc7e52c,2017-11-13 08:04:09,1,0.0,312,Churned,SP
c3fcb03fe74adff0bed2bd510ab06691,2018-01-17 07:22:36,1,42.9,247,Churned,RS
c426399972becd38ce02dba6eb721980,2017-05-09 12:22:51,1,0.0,500,Churned,MG
c42ba47d1df4847a1fae69d1407c83d9,2017-01-21 17:08:01,1,29.9,607,Churned,SP
c4636621c1d184e5aed1098bfccbb683,2018-03-02 19:39:10,1,0.0,202,Churned,SP
c48f157c4de3d58b5087490cd61d97a8,2018-01-01 23:15:14,1,27.99,262,Churned,MG
c4aafd2eb2916764d0bf1acac201688a,2017-06-15 16:02:23,1,59.9,462,Churned,BA
c4bc1ea5188b1d194cddfd732e90bff1,2018-02-23 19:28:03,1,204.0,209,Churned,SC
c4cf9b10d2668bfabb498d93004ab4a0,2017-11-17 23:43:34,1,97.49,307,Churned,MG
c4ebedb09beb89cc0314c5c0c33f8053,2018-01-26 21:34:08,1,69.9,237,Churned,SP
c50984e329b68d48f871999e8b9a6db7,2017-11-07 00:13:07,1,110.8,318,Churned,PR
c53d90ab068a7fde8fb74003248e1ebc,2017-11-24 17:37:41,1,170.0,300,Churned,BA
c540e475e972fedf571cd4f924382f7c,2017-11-26 12:59:04,1,98.9,299,Churned,DF
c55641c7b843c3e7baae66b5946cdbb8,2018-01-31 12:49:25,1,0.0,233,Churned,MG
c55d3a40c29291e294061276caa65dfb,2018-02-12 08:31:11,1,229.99,221,Churned,SP
c589ce4c653991c65f29b41c74d50374,2017-12-10 19:16:56,1,150.0,284,Churned,PA
c5a525c4443cc914a8eebbf9d4a29fa9,2018-03-16 08:46:26,1,27.99,189,Churned,RJ
c5e4a022d3a34df458bfb7c1b4988063,2017-10-21 11:01:29,1,0.0,335,Churned,SP
c5f01991eadc43c924dfd891e9026217,2018-03-16 11:31:18,1,54.99,189,Churned,PR
c5f0ff72edaa56e5e8eb0456c3c97ecb,2017-05-13 17:42:39,1,239.0,495,Churned,SP
c60a3ddb000c06807f59d3d5cbbfb59f,2017-05-14 20:34:04,1,322.75,494,Churned,CE
c63e44efa43f3947087aee96b388d949,2017-06-13 21:11:26,1,113.0,464,Churned,SP
c63f1bf0ff66dc26aa7e32552b3d42d1,2017-12-19 13:02:13,1,166.99,276,Churned,GO
c64415b33660f4d571749038dd8e3ec3,2018-01-17 13:43:55,1,12.25,247,Churned,SP
c658495c41a24ef33a852db6840738a1,2017-02-09 10:51:03,1,0.0,589,Churned,PR
c65f4f56ce72cf522b58b34511c96ad0,2017-11-22 14:58:31,1,23.7,302,Churned,RJ
c6603d9ddf98baf1c313b9ed2e31b95f,2018-02-23 08:22:36,1,74.9,210,Churned,MG
c660e7ba7fd1e40024cdaa211a4ecbb1,2018-03-23 10:31:07,1,54.99,182,Churned,SP
c66153f5ff38b19dbfb0e5d626c0449a,2017-06-15 17:52:57,1,15.99,462,Churned,SP
c666e59a2d3ced923880461526113d38,2018-02-24 08:45:01,1,116.99,209,Churned,SP
c66b7ef2ea9e6e2e7b3597f8131b56d7,2017-07-14 10:38:34,1,0.0,434,Churned,RS
c672c78ba400adf4deb64f3aedf65cb0,2018-03-09 15:09:28,1,43.99,195,Churned,SP
c6b99a3f607831e0efa54fd18a05c7c9,2017-05-19 22:46:23,1,759.0,489,Churned,SP
c6c14d6b02b35ffe185803db2ed6c370,2017-08-17 21:49:35,1,200.0,399,Churned,SP
c6d04cc582cb4e8488bc99994c62e6ed,2017-04-13 17:26:06,1,27.9,525,Churned,SP
c6daf89e664438f63927784b6fd5c5c4,2017-01-30 16:33:23,1,349.9,598,Churned,RJ
c6ff1299ecfd927f41df559f9b61e94a,2018-02-27 10:05:56,1,320.0,206,Churned,SP
c6ffab32abf5dc36b10072de18d008af,2017-11-26 20:26:21,1,99.0,298,Churned,SP
c70f7100f8daa28992b8c2816d68ef98,2017-08-14 13:26:46,1,179.0,403,Churned,SP
c718e7e51226888a1ae92687aa320a16,2017-08-03 15:46:28,1,89.0,413,Churned,ES
c71c9304453701631f589b64d6aa5dce,2017-05-01 19:13:37,1,48.98,507,Churned,BA
c7325ee1a92c0c0d4b95b8616f0abcae,2018-03-09 08:23:05,1,898.0,196,Churned,RJ
c756e1910755edd88c00ac3f46baba4b,2017-04-06 22:39:29,1,58.2,532,Churned,MG
c76b9b7efd2e02d6c8627bf5ad450622,2017-04-26 10:48:55,1,0.0,513,Churned,MS
c795b37fd3b37d9f9a937709278167d0,2018-02-22 02:01:17,1,265.0,211,Churned,BA
c796780c7daeab9e94cc052b1f103b21,2017-05-19 18:53:40,1,119.99,489,Churned,RJ
c7a9a76a4b24a7e7b2caff982409b7ee,2017-04-20 20:42:44,1,38.5,518,Churned,PB
c7d8b3a2fdf2fe6ada59677d6d01d452,2018-01-28 18:30:38,1,209.0,235,Churned,RJ
c7e193525b2825ccfe5c65875c0db1dc,2018-02-18 16:22:23,1,149.0,214,Churned,MS
c7e6f657d0b28ae86ddb5bc464f702e1,2017-11-16 16:20:02,1,139.0,308,Churned,SP
c8064ef7b94e1796e22f3e4d257d07c9,2017-11-11 11:31:30,1,145.0,314,Churned,RS
c818ec5c41404938a0bec244f3f81cbf,2018-02-11 19:10:14,1,74.9,221,Churned,SC
c829f5071c462c99343ede23887acc21,2017-08-31 11:38:18,1,0.0,386,Churned,PA
c8330933899939c96a4f2632b9f4c8ce,2017-11-28 21:32:32,1,159.9,296,Churned,SP
c86e98383a3c4a953e5b1a92106c072a,2017-03-16 09:47:59,1,99.9,554,Churned,SP
c87b3c3de04773e493cdf8ef030e50e9,2018-01-21 21:07:51,1,15.9,242,Churned,SP
c89cf1a054b60f1d893617b0b1a140d7,2017-11-30 22:37:50,1,0.0,294,Churned,MG
c8b2145112166ec8dc322ac57138ccab,2017-02-05 01:01:05,1,229.8,593,Churned,SP
c8bc38379b2217871ffd56f27cebda40,2017-01-26 16:48:24,1,0.0,602,Churned,PR
c8c40a3a22947159eab9af128b2e51dd,2017-04-03 18:20:46,1,129.6,535,Churned,SP
c8d183727fc9b4dcac256fbe246d6270,2018-01-11 16:51:17,1,69.9,252,Churned,MS
c90df77e489e7f7fb26182fb93c22367,2017-06-18 17:55:19,1,0.0,459,Churned,SP
c948c3a816a6721b2f9d51380f803c34,2018-01-02 17:46:40,1,25.0,261,Churned,SP
c94e1401ba656f7493a0f9d97edcf24e,2017-10-26 20:30:28,1,0.0,329,Churned,SP
c9600276c55089ccd37cb1a360609101,2017-02-09 23:19:27,1,0.0,588,Churned,SP
c962ed798636811935163b5e8e87ce6a,2018-02-20 10:33:58,1,108.0,213,Churned,RS
c9a05ad9be22fbaecdc1db80fb90690f,2017-11-26 17:44:33,1,0.0,298,Churned,MG
c9a91ce6fdb1137f469e8771b60a86ec,2018-01-03 16:29:52,1,74.9,260,Churned,SP
c9b45a95233d349511d2b132f8fc0d04,2018-03-09 15:33:17,1,215.0,195,Churned,RJ
c9c6d353f4101827b3dbc83b093b2fe6,2017-04-06 13:45:15,1,99.9,533,Churned,MG
c9cc1db7d87ab8d292dca31e5f1d6d01,2018-02-20 17:20:53,1,184.99,212,Churned,ES
c9d4e34f1dd9cc0c86cda6ff04d68a39,2017-09-18 13:13:13,1,56.97,368,Churned,MG
c9d77e5fc5b63d23d089586848584744,2017-07-16 09:15:31,1,25.5,432,Churned,RS
c9efaa3ef7bb1b4071f4d08b41c25832,2017-12-08 14:17:43,1,0.0,286,Churned,SP
ca270b48105d4aa0d747a0529775f19c,2017-05-22 10:27:43,1,370.0,487,Churned,CE
ca49534fcedb73b42c18dbd99b0a0d22,2017-03-24 21:48:54,1,48.65,545,Churned,RJ
ca62a2278969324ffe26da3e5704d0d4,2017-08-23 14:29:48,1,199.94,393,Churned,ES
ca681af5ab07e1b26a4a7322d06b0948,2017-05-25 00:11:01,1,35.9,484,Churned,GO
caab2adae070645d3e3fd3f43533d378,2017-12-06 09:53:36,1,0.0,289,Churned,RJ
cab46195bdcc56a6b42eef09eb1b64be,2017-04-08 16:23:45,1,0.0,530,Churned,SP
cab49f72708b32dab386b38320f5b31b,2017-08-05 19:30:41,1,12.88,411,Churned,RJ
cab5ecc01e69aac95f48b619eb40a882,2017-03-14 16:25:43,1,87.37,555,Churned,SP
cabd6d095f9967f7044473021795247c,2017-11-24 01:34:00,1,65.0,301,Churned,SP
cac66748e339bd5a970217748c2c3808,2018-03-06 12:12:15,1,196.9,199,Churned,SC
cad2c7327ff2add52d6f2579e541ccc7,2018-01-09 11:19:49,1,41.3,255,Churned,SP
cad6e6cc5d7a8620efda1f8310fba9d1,2018-02-13 11:28:54,1,59.9,220,Churned,SP
cadf5efd7e29678690c09cc039e08bc6,2017-08-30 01:51:30,1,117.99,387,Churned,SP
cb2d00950f18d7d8f7fcfc8cc3a173b7,2017-07-31 20:47:50,1,0.0,416,Churned,SP
cb3ff5e129b14923b2dfef9acd718bb1,2017-05-07 18:53:52,1,29.5,501,Churned,RJ
cb409daad1fb6069e979463ca3de23dc,2017-07-18 13:32:25,1,119.94,430,Churned,MG
cb619b091c043c3f95dc59228dc4cea0,2017-10-22 19:25:14,1,107.9,333,Churned,RJ
cb644c8c88c4705149fc0c7dd12d596d,2017-06-05 13:24:46,1,105.76,473,Churned,PR
cb687c6f0032be4084e51de779c0d643,2018-01-22 17:30:02,1,29.9,241,Churned,SP
cb6c040d4cfee851f337e691f1b89077,2018-02-20 08:12:25,1,460.0,213,Churned,SC
cb824a5ce7a9fd74bca8f9b0e1943415,2017-11-06 17:21:59,1,99.9,318,Churned,RJ
cb9e777d2d1ac22f85edc2fbf95dc917,2017-10-19 06:28:39,1,80.0,337,Churned,SP
cbb244b90971a5006e08d630b4c05c9e,2018-01-20 18:42:07,1,26.99,243,Churned,SP
cbc1758cf3d80ee00814749bdb650bd3,2018-03-07 23:46:19,1,657.0,197,Churned,PR
cbd0350d4ccba9772e8e768d4a4a5cbf,2017-04-09 13:44:57,1,48.99,530,Churned,RJ
cbdcaa621583ca59fb72b5cb1866c34f,2017-09-21 19:05:21,1,59.9,364,Churned,SP
cbf4a1abc9d7c3cb59a7db6310ed9fc2,2017-08-17 17:50:47,1,9.0,399,Churned,SP
cc0a26893a3b8118462803ed814ddf4e,2017-11-22 21:12:44,1,250.0,302,Churned,SP
cc2718d6c52b045bab3ffe9da86de1b4,2017-12-04 11:10:27,1,199.0,291,Churned,SP
cc46237f7d268f31d98cf34e436d466c,2017-10-22 14:25:40,1,46.9,333,Churned,SP
cc61ecdda15905388185bfd77969ae72,2018-01-17 16:44:42,1,138.0,246,Churned,MG
cc6c2a4b4e826c577b8a60073bd56a7b,2017-03-01 16:04:38,1,194.5,568,Churned,MG
cc6f81ca4d2992991e860e88dbea4431,2018-01-11 13:51:19,1,0.0,253,Churned,SP
cca20bbdb16d521c1f94eaf7209717b6,2017-11-21 08:52:33,1,59.9,304,Churned,BA
ccba123d7e139740a33eda4ab612bb89,2017-06-05 13:40:45,1,79.9,473,Churned,CE
ccc1b0d223798bd711b0799cbac29d36,2017-10-04 10:05:53,1,69.0,352,Churned,MG
cd06321b66b405ff89ec1e4e14c03886,2018-02-17 20:22:10,1,0.0,215,Churned,PR
cd148470c375939669971e8a032b16b4,2018-02-27 12:55:42,1,394.9,206,Churned,SP
cd4dc8a1f78011e0a2e730314f9c97be,2017-11-24 20:58:59,1,6.0,300,Churned,BA
cd7564a987285ae0b11be324c816a21f,2017-08-30 20:17:11,1,89.9,386,Churned,GO
cd9ee4391bf0098b7cfde33287c340c8,2017-10-22 13:59:06,1,59.9,333,Churned,MG
cde21887e86a254eab4799aec212b7b7,2017-11-07 12:48:35,1,0.0,318,Churned,MG
cdf40f3d0b93839f37972934deda0d65,2017-11-13 11:16:06,1,34.5,312,Churned,SP
ce13d650b5a9d9e05799293014ae51eb,2017-04-12 18:49:13,1,499.99,526,Churned,SP
ce2e0ace655301bc4a8cae4abbd8c0a2,2018-02-27 09:50:14,1,179.1,206,Churned,RS
ce673045c4daded52134073c2e661fb1,2017-11-14 09:19:13,1,112.0,311,Churned,SP
ce78d36a92c8c804a0598c086f5dbb54,2018-01-24 20:07:10,1,579.0,239,Churned,SP
ceaa8332aa14a606de44c05a1271e6d2,2017-08-17 08:36:15,1,49.0,400,Churned,PE
cec2d86889f4d9a19aeec4c8d4e1beae,2018-03-06 17:12:14,1,380.0,198,Churned,SP
cec42b5f6696e2dffad94f98200b5038,2017-05-26 16:09:19,1,29.0,482,Churned,RJ
cecc19ff12c206e6368dd1e9c22a848d,2017-03-01 17:58:28,1,175.99,568,Churned,SP
ced5b7e4e431e11775c4bcf19443e008,2017-09-23 10:03:33,1,0.0,363,Churned,RJ
ceea9a728afd9cf6ba6a14fb6c4e828a,2017-12-03 18:58:14,1,89.9,291,Churned,SP
ceed36e28a7cafdb8933348019f37b28,2017-12-13 23:04:15,1,119.0,281,Churned,RJ
cef44ce121b124fdc3438472b1ac4e9a,2018-02-09 13:48:17,1,38.25,224,Churned,PR
cf2d4b59551f1a621e1dd518d8025d3f,2017-09-20 11:35:09,1,229.9,366,Churned,AL
cf41887f4cbf217c6fad258a83ba2d32,2018-01-22 02:45:40,1,0.0,242,Churned,SP
cf68ed00e583c4c3802cd3eeaf4bbfd4,2018-01-25 13:21:56,1,192.99,239,Churned,DF
cf6fcea0892d8ea6f5cfa685cb4abfe3,2017-08-28 20:27:54,1,21.99,388,Churned,RS
cf71400ad4dc7b8ae75143ff39dc94bc,2017-06-28 08:32:54,1,49.9,450,Churned,RJ
cf7d5df4ee5ebe39ed41f0c5c1584b1c,2017-07-28 21:49:59,1,115.0,419,Churned,RJ
cf7e1fdabd7d79ba731b94344e51b657,2017-06-17 12:36:48,1,167.92,461,Churned,RJ
cf9361b262c970fa55e3ae170ace4c84,2017-08-17 13:19:30,1,62.0,400,Churned,SP
cf9f944becfecd7b016bb8590b251372,2018-01-20 19:46:23,1,0.0,243,Churned,RJ
cfa0dfd65182c8bcbf31fdb1f35cc0fa,2017-04-30 00:12:14,1,34.99,509,Churned,SP
cfb025f193db116549c9c23e4d58e3e3,2017-12-27 21:34:00,1,40.9,267,Churned,SP
cfb3a7a74383d11b7753e83ae6266cef,2017-02-01 20:59:12,1,129.9,596,Churned,RS
cfbde95e3c8da168d469f2a8fd9eb329,2018-03-05 11:09:55,1,82.9,200,Churned,PR
cfc7eef674ef02c6f9d3ff2c7e1e8567,2018-01-31 09:36:56,1,92.8,233,Churned,RJ
cfca8dd295c27ec0011cda055a6177f4,2018-01-12 20:08:22,1,0.0,251,Churned,ES
cfdaaa0caea59b06efb4b0fb8c700684,2017-03-03 19:35:00,1,0.0,566,Churned,SP
cfde5305d07e35893800f16df83aec28,2017-08-07 16:45:26,1,43.98,409,Churned,SP
d02cbb85434c84acabb8e81bbf064d3e,2018-01-14 18:49:14,1,0.0,249,Churned,SP
d052fe86655dae0e952c1bacbbb99d7a,2018-01-04 09:30:01,1,69.9,260,Churned,SP
d060480eea297c26aca01bbd55b2805a,2017-12-08 21:27:38,1,149.9,286,Churned,SP
d0811608353267017bfedb8fe14b0dc0,2017-09-19 13:05:14,1,118.9,367,Churned,MS
d095bbc1bb5524e10c78879cceb862d8,2017-07-28 13:10:24,1,32.64,420,Churned,SP
d098e82023890ae36af4c8ee360102c7,2017-08-30 17:49:11,1,298.0,386,Churned,MG
d0c5e56e04e886e73c79b3b71f0d6f0b,2017-07-08 17:35:03,1,69.9,439,Churned,SP
d0db8f74fe8af2b92d1e7159472874f0,2017-12-21 17:43:41,1,49.9,273,Churned,DF
d0ff1a7468fcc46b8fc658ab35d2a12c,2017-11-21 00:03:41,1,17.9,304,Churned,SP
d1360c2c706f607745a54d1631fd23a6,2017-12-03 19:21:34,1,59.9,291,Churned,SP
d172060f03b2863504103b5a0e9c8f6d,2017-11-14 11:33:24,1,420.0,311,Churned,CE
d1bd7e8ef014e3ed04b318cd138c0dc0,2017-09-18 19:35:11,1,349.99,367,Churned,SP
d1c8bf61f09263024c368f9b819c3b00,2017-08-23 20:53:48,1,51.92,393,Churned,SP
d1ccd6d8797a035e6a89fb3efab3cad8,2017-04-28 17:36:34,1,133.99,510,Churned,SP
d1dae3a5d39b1261850728549a01667a,2018-01-16 09:46:23,1,0.0,248,Churned,SP
d1ffb6aa264f79f277904708f328cfc6,2017-07-11 16:36:24,1,45.0,436,Churned,RJ
d2039db35dad677db8879177d9b9c8a2,2017-12-08 22:24:48,1,26.99,286,Churned,PA
d21beb0802dd046077afcb505173bf2a,2018-01-11 15:58:00,1,49.99,252,Churned,PR
d22ed54c5ae6da25eef4abd6da8ff22b,2017-11-22 21:29:06,1,99.0,302,Churned,RJ
d25cd3919a16f7166425b3d00717e60a,2017-11-09 09:41:45,1,169.99,316,Churned,ES
d282b6f9c44809c95ae8d67377d42837,2017-11-22 12:14:30,1,0.0,303,Churned,SP
d29401f523467a9e6251b79a0b742d1d,2018-02-23 00:07:45,1,0.0,210,Churned,RJ
d2b0d2083933eff2f5c365b7f44cfb14,2017-10-16 11:39:32,1,199.0,340,Churned,BA
d2b43629cd9b4c39577a06ef790e9698,2018-01-01 11:03:00,1,49.0,263,Churned,SP
d2bc70d1599ec65425dc9558d72b4986,2018-03-08 18:48:31,1,152.8,196,Churned,SC
d2c89ba54e6cf93abd4ea9bb9e9fbf73,2017-07-22 19:16:47,1,48.0,425,Churned,SP
d2f122bc3109d7fb2385daec2d6ef7f7,2017-07-16 10:27:45,1,99.9,432,Churned,SP
d2f6222b5ebbed04f944b47c66d88326,2018-03-11 22:14:38,1,72.4,193,Churned,SP
d339ed835c9d8fd6b1e3c5cb60850bc5,2017-02-10 12:01:25,1,239.2,588,Churned,SP
d35fad2ad0793f125d47ef65036d3de0,2017-03-15 16:00:40,1,199.0,554,Churned,BA
d36992438cf455a0810b43f8c63215a4,2017-11-05 14:23:00,1,0.0,319,Churned,PR
d3940a0df7ce0786ee2c5a68f8149f91,2017-08-23 15:40:22,1,52.0,393,Churned,SP
d3a7a4556becaf8cdb5ffe412608819c,2017-06-12 11:00:02,1,59.8,466,Churned,MG
d406bf35e3591d9d31d78d3b2f3aa5f9,2017-11-26 13:10:46,1,19.99,299,Churned,SP
d41cad422639129866551fee60c55e6e,2018-02-27 13:26:15,1,220.0,206,Churned,SP
d433955af3c49f3b58cac87cc0255ae9,2018-01-14 19:00:30,1,49.9,249,Churned,RJ
d44430dee6959da0dc1aa7fe1c1beb70,2017-07-21 15:09:52,1,0.0,426,Churned,SP
d469ff90bd1e879cdfed08343ac1a77c,2017-12-27 20:24:42,1,64.9,267,Churned,SP
d46eb9ba6d6b75c1dac85b91911fc9c2,2017-10-02 10:25:22,1,58.9,354,Churned,SP
d48638d3446e1d1556b850fdc3eeda8f,2017-08-20 14:51:52,1,105.0,396,Churned,MG
d4af642bd51aaa394aeced7723143daf,2018-03-10 15:06:18,1,679.0,194,Churned,RJ
d4b1297d645ec19df4cd0af8cd6fe14a,2018-03-17 15:32:31,1,0.0,187,Churned,BA
d4bf092ba54c293495ebbbd982d653d8,2017-05-12 10:17:23,1,0.0,497,Churned,SP
d4e190a11aad26d64b625617455dcc4f,2017-04-04 10:10:15,1,599.98,535,Churned,BA
d5234b2afc63b1c4035483b6cb828af4,2018-02-03 13:49:19,1,22.0,230,Churned,SC
d5237d1c43327be57b64668ef3712042,2017-11-19 21:25:48,1,315.0,305,Churned,RJ
d54f530b276f01f27816bae1abd12be4,2017-12-07 18:43:07,1,34.99,287,Churned,SP
d558d7ea1748f391b2cb55ba0aefe97b,2018-01-14 18:40:29,1,89.0,249,Churned,SP
d5b0cc21590758cf76d4b6123c7802f5,2017-12-28 00:26:37,1,49.9,267,Churned,MG
d5d51a05e84aeb864c71d01992228bf5,2017-09-22 18:50:01,1,66.9,363,Churned,BA
d5e66000b40d41c9d96c7722c7dcb486,2018-03-02 10:35:38,1,119.9,203,Churned,RJ
d615b9ec562cef52513c9af50daed0c4,2017-11-24 11:34:37,1,29.9,301,Churned,SP
d6203ca017ec577b71f0f49429a38203,2018-01-19 11:57:08,1,155.9,245,Churned,SP
d636819974225176f4e4983badc49539,2017-11-12 17:39:03,1,26.9,312,Churned,ES
d651f48b3c453fe39afce7628bc8269f,2018-01-25 00:27:59,1,139.9,239,Churned,PB
d66080b536ae3a1639751657b3698613,2017-11-10 13:17:12,1,349.9,315,Churned,MG
d681396d784770d6368f2431f65faafe,2017-10-08 21:43:00,1,59.9,347,Churned,SP
d699688533772c15a061e8ce81cb56df,2017-09-18 14:31:30,1,109.9,367,Churned,SP
d6db3091e8c13023bf1e6d367b8c0847,2017-06-05 09:51:37,1,52.0,473,Churned,SC
d6de9a445b518113b768614e64a73163,2017-11-15 14:30:32,1,56.99,309,Churned,SP
d6e35f5a7df8970f8cae8251516ab787,2017-11-14 10:04:27,1,39.99,311,Churned,SP
d6f8a6ee5420cf061e6cf39bcb37c994,2017-09-10 18:26:59,1,99.9,375,Churned,SP
d70614ab25c51e6ac100b3060df12e9e,2017-11-22 19:20:18,1,144.99,302,Churned,SP
d7182df3c069ee2311965ac9f8375e28,2017-12-24 13:03:17,1,59.49,271,Churned,ES
d71a769963b2c890c06e83cbed137a43,2017-05-06 11:20:18,1,0.0,503,Churned,SP
d71e1d87ea05a759d69f770ac90f2fa9,2017-10-29 20:33:19,1,0.0,326,Churned,SP
d7677b9c8e6c36355baf8544cc588b07,2017-11-24 15:59:09,1,199.9,300,Churned,GO
d76adfdcadecba144ec1e65118e8e165,2017-11-27 15:06:28,1,139.0,297,Churned,RS
d77f1ecd97aeef6dae72e3938c401462,2017-07-17 22:51:34,1,119.94,430,Churned,RJ
d780d06a532da7d8d0435cd348e591fe,2017-11-29 14:11:10,1,28.9,295,Churned,PR
d789900b27c0988cf06890bb619520a0,2017-11-23 18:03:23,1,8.9,301,Churned,SP
d84d4b0fd330741632546d09239344bc,2017-11-29 18:27:30,1,19.9,295,Churned,DF
d84eef527886bcba5d813645e08918d3,2017-07-14 21:38:58,1,49.99,433,Churned,BA
d864fec759886e2c8ee25038e7f095ab,2017-08-02 14:40:55,1,69.0,414,Churned,SP
d89df8031e142bb5a28f16211b3ada43,2017-09-20 13:56:43,1,368.9,365,Churned,RN
d8a07f7d1eb0e929feeec1a6ce6358a5,2018-03-16 13:57:53,1,26.74,188,Churned,SP
d927267e54f07b9e0fd408d2f840024c,2017-05-15 20:46:00,1,89.99,493,Churned,RJ
d94e47730dff69f9f015ba5140eba246,2017-07-28 21:11:08,1,0.0,419,Churned,SP
d95330e1e04100ab8363d90639e2ae36,2017-12-28 16:47:54,1,89.9,266,Churned,SC
d953a4604f4d7831f6d13a2268dccd9c,2018-02-04 20:40:56,1,29.99,228,Churned,SP
d9752ac494a2b97507fd2faa478cabd9,2017-07-20 23:03:33,1,179.8,427,Churned,BA
d97918f04ae8a0b8e8c8aa5be14b965a,2017-08-28 18:43:50,1,44.99,388,Churned,SP
d984dee7d1584f0e6f2141b680f7dc32,2017-05-05 11:25:20,1,18.9,504,Churned,SC
d9dbfa0381f0935c78327417ed931dca,2017-04-28 23:28:42,1,75.0,510,Churned,SP
d9e794684f8c138cc4afd07a85dfdae4,2018-01-31 10:09:09,1,443.0,233,Churned,SP
d9ffaef986305a5a589b198d8568f211,2017-11-07 10:44:53,1,146.0,318,Churned,SP
da1156ecf6d5c22b6f55a25a22b707e7,2017-08-22 14:39:49,1,36.9,394,Churned,SP
da1e7179b9c5a1494d78528cbcf05aa0,2017-05-19 14:12:50,1,59.9,489,Churned,SC
da3d269cb723dde0477d80fb32601c20,2017-12-01 13:05:08,1,36.0,294,Churned,SP
da3f63d7531fe712a6b3cf5699530a2f,2018-02-05 19:28:53,1,150.0,227,Churned,RS
da47eee6ab68b4f7bbc41cab7d98459a,2017-09-28 22:39:37,1,69.9,357,Churned,SP
da6578bb27787220b8d46f5128ef6ea0,2017-08-22 23:46:00,1,0.0,394,Churned,SP
da76149820a35f0ef7ab70037d9dc9c9,2017-10-17 15:58:05,1,49.0,338,Churned,SP
da9201ceefd8ac05e85d43256b1d668e,2018-01-05 23:32:57,1,59.9,258,Churned,SC
daaf7866693b57dfa2f4c68329073801,2017-02-07 11:44:41,1,142.99,591,Churned,RJ
dadd69bfdceeadee0f68a0307d76ea45,2017-11-16 20:37:52,1,0.0,308,Churned,SP
dadeb993a5db01ccde3267ca82b5e0d0,2017-07-14 12:56:31,1,280.0,434,Churned,BA
daf7dfe5576b8c581e8353aa8608a008,2017-03-28 16:03:34,1,0.0,541,Churned,SP
dafa159489cf3ac4a3c61ae21fc2634b,2017-02-03 20:30:42,1,45.9,594,Churned,PR
db0898e62cb42db700932d47b1d7a0d7,2017-09-06 13:14:35,1,185.0,380,Churned,BA
db3943e6f7e57135751b8cb9219b1a6e,2017-12-05 09:18:12,1,0.0,290,Churned,PR
db4a068b5f8bcb3e5e45be643f3961b0,2017-11-04 12:14:16,1,689.0,321,Churned,RS
db7928a76b23f1fc8703953bf73cdd1e,2017-12-06 13:12:24,1,19.9,289,Churned,SP
db8f7a5276f97221dacccbf8ef9fbbc9,2018-01-12 15:02:58,1,168.9,251,Churned,BA
dbc0a39ff0c850cd0358a1fe289095b9,2018-02-10 19:27:28,1,0.0,222,Churned,SP
dbebf006da451288a7b8127c3540ce22,2017-11-21 20:28:12,1,121.9,303,Churned,RS
dbf9d2d8651aa98885c12ec29829c6e0,2017-08-03 12:26:40,1,679.8,414,Churned,PA
dc083e64cab83312a8ca1ff8c2699463,2017-08-04 03:06:27,1,62.8,413,Churned,SP
dc0841d3aaec503e855801c36e6b63d0,2017-05-16 21:30:59,1,189.9,492,Churned,SC
dc184f142552a38189d5d5428d1984a6,2018-02-22 20:53:14,1,0.0,210,Churned,MG
dc316d7b72678f31955bd54ee0b4f58b,2017-08-07 23:05:59,1,129.0,409,Churned,SP
dc443b4872692acb2d61bd82c758ff75,2017-10-21 16:31:37,1,0.0,334,Churned,RJ
dc5167d9e627d3d027404e50bf25089a,2017-11-16 19:01:12,1,59.9,308,Churned,SP
dc70595c0013b690bc8527b5c2a1a99f,2018-01-22 10:46:14,1,108.0,242,Churned,MG
dc83fe8f72fb4388f079a2f9b586240c,2017-05-12 10:51:43,1,29.9,497,Churned,SP
dc8c4fe2107e6688666c025fb6a6acad,2017-12-15 21:32:23,1,24.9,279,Churned,PR
dc9844b33771e435cb001b30ae742573,2018-02-09 09:31:08,1,289.9,224,Churned,SP
dcaece2588d9688376b75a288451b77a,2017-05-23 20:15:27,1,113.0,485,Churned,PE
dcf468beeda4b0ec3079e3e6b462fa51,2017-09-16 09:20:26,1,0.0,370,Churned,BA
dcf7deeedadc35da82c0c074b1a54844,2018-03-12 17:26:36,1,33.87,192,Churned,BA
dd041c565b59e0e93cd10371d4e21a9c,2018-01-06 17:38:10,1,142.54000000000002,257,Churned,SP
dd530943f0b4dc288d2f18098cc2e14d,2017-08-15 15:23:30,1,0.0,401,Churned,RS
dd738e5a9a21667e2816f20d39cf259e,2018-02-12 17:31:43,1,13.65,220,Churned,MT
dd7be927ce65354ff18a65c37e39c55d,2017-10-05 12:27:04,1,0.0,351,Churned,MG
dd9e24fbf151d2c634c03b2cf3812eac,2018-01-01 22:54:24,1,107.9,262,Churned,SP
ddf60e20e6e262e2136801ce5cd628b0,2018-03-09 14:50:15,1,45.98,195,Churned,SE
de179e054de0c203fe910e0443746173,2017-01-27 05:27:14,1,124.99,602,Churned,SP
de2ae224bcb74731c0597181aba38de5,2017-06-19 14:56:36,1,39.9,458,Churned,RS
de3af4d9c2b5031284db689002a28365,2017-12-17 14:44:48,1,75.0,277,Churned,SE
de59b010cf39acdf49fc201bc216c784,2017-12-13 13:24:24,1,24.9,282,Churned,SP
de5eda87bc3a7ef40bb86e2b01827b24,2018-01-11 11:04:40,1,0.0,253,Churned,SP
de8c50e78cf954227ed4a99ab5c9b65b,2018-03-19 10:02:36,1,89.66,186,Churned,MG
deb341a4b63b6c908a512849319cf207,2017-03-10 09:07:24,1,0.0,560,Churned,PA
ded340acb51cad2b368c3e986d006ba8,2017-09-27 14:43:47,1,159.99,358,Churned,RS
dee6507f25f601864647a16185888332,2017-11-11 17:46:35,1,0.0,313,Churned,SP
def1a6fa7d1d41faf6c99ac517468170,2017-10-26 09:08:54,1,49.0,330,Churned,MG
def6a1bb25ed86d9fc212b52d45162a1,2017-12-10 23:02:03,1,0.0,284,Churned,RS
deff56c7b9f9d9bd10bba398c4716f81,2017-05-10 14:39:56,1,449.0,498,Churned,RJ
df1f63ae64a8a2cb1453e9149769adf1,2017-11-18 15:48:48,1,108.0,306,Churned,MT
df35ed1826c338d1aecc6f35bfc4dc34,2018-01-07 14:08:32,1,18.9,256,Churned,RJ
df38102d80095da57461f4e328d3ae7e,2017-07-05 11:55:58,1,122.5,443,Churned,PR
df55ce6c8cb70b6d287154e726ad9066,2017-12-23 16:45:12,1,239.0,271,Churned,AC
df79907f687316b15aa0ab43ff4685b0,2017-12-19 17:46:05,1,0.0,275,Churned,RS
df92bfc8c606df2f1defedbd0b60a071,2017-09-04 14:53:31,1,59.9,381,Churned,SP
df9e4a3bb3a6476db4c6987a96b055bb,2017-09-03 13:09:29,1,19.9,383,Churned,DF
dfc569fe71e076ecc9a61b49756e6342,2018-02-01 23:20:38,1,169.0,231,Churned,RJ
dfe404bc538d4172a3c0291fca2e74ee,2017-02-23 23:40:35,1,623.9399999999999,574,Churned,RJ
dfefe9b186f8c4959ae173c4c5ec4812,2018-02-21 10:13:41,1,24.9,212,Churned,RJ
dff5ff8f411dd1d77875f7e17a3eb512,2017-09-27 20:04:09,1,198.0,358,Churned,SP
e00cd514464e677a426819a99c2846f0,2017-05-29 20:15:29,1,139.0,479,Churned,SP
e019a4aac43a090ae332d9459b272722,2018-03-19 23:32:03,1,94.89,185,Churned,SP
e0233c751408137ec5cdde0c37e6a61a,2017-12-16 00:46:18,1,49.0,279,Churned,MG
e0298e0626c3f75d94a60dc6628f27cc,2018-03-19 05:02:28,1,27.99,186,Churned,PE
e02fbead9117aa245d80a40e05a249b4,2017-05-30 22:46:05,1,214.9,478,Churned,MG
e0335dda73513f3abff8843f0d38ef9a,2017-09-13 15:12:00,1,39.9,372,Churned,MG
e048d4f04bde3e12f337cf38d680345d,2017-02-13 13:00:36,1,0.0,585,Churned,MS
e08869b13b8407ac7473e5bd5f534d2a,2017-10-12 23:11:44,1,72.0,343,Churned,ES
e09b74bdbfb36ed596e4fcd32a35e1ed,2017-02-28 17:28:52,1,180.0,569,Churned,MG
e0b0f9beb31782e3174a67b875697ca0,2017-03-30 14:46:00,1,129.6,539,Churned,PB
e0e0f6ba16a5348ec87df10c47ae0b4e,2017-11-18 17:16:59,1,31.9,306,Churned,PR
e0fd7725d9467c84add5e7c9c047ceb9,2017-09-06 12:51:43,1,125.0,380,Churned,DF
e106b0bf1efc2352bda60eaeced76675,2017-01-19 22:41:52,1,160.0,609,Churned,MG
e11326ba3a3b9c386f3c35f1d16e59d1,2018-02-12 00:06:24,1,75.99,221,Churned,SP
e12de94bb753d1bf027df4aa95212a6c,2017-03-27 20:31:23,1,26.9,542,Churned,SP
e139bc5274d13c4f54854f48b0dd25db,2017-11-20 16:35:55,1,0.0,304,Churned,DF
e14f209ed913d2ecadf37a9d49d35967,2017-12-18 06:12:28,1,24.5,277,Churned,SP
e16e2890763e32bbd7f79208fae81d86,2018-01-18 15:46:59,1,179.99,245,Churned,PE
e186ed0b619ff1dd7eef17b1ba5c4831,2018-01-07 08:04:11,1,759.05,257,Churned,PR
e19911f2bddf9350e05754eb87c281c1,2017-10-22 17:28:43,1,30.0,333,Churned,SP
e1a63c8e2ec6942aa55536213460ddb7,2017-03-21 10:21:51,1,0.0,549,Churned,SP
e1c02550e84159111c72c83aeb1389dd,2017-07-23 17:53:00,1,0.0,424,Churned,MG
e20247a9f1cdb71d4415f2a0903212f9,2018-03-09 14:58:05,1,0.0,195,Churned,PE
e224314f1f6f52e824d9584eed4f53f3,2017-12-06 22:28:07,1,99.9,288,Churned,MG
e23e90a0ff97d025c01377537ddeff05,2018-03-01 10:25:26,1,179.96,204,Churned,SP
e24412dbb37fcabe11101f614ceed41a,2017-06-27 10:44:47,1,99.0,451,Churned,RJ
e25e370b86824ff1a40d01c259cadd98,2017-09-12 16:32:09,1,279.99,373,Churned,RS
e264ef071f4c0fb4a0f3e9139b283dee,2017-01-31 23:37:58,1,239.99,597,Churned,MG
e27f3ddcf51ef11b17c7801428999156,2017-07-24 19:36:14,1,119.8,423,Churned,RJ
e2a39e986034a5b5dfd3df5b949fa618,2017-07-04 18:56:33,1,109.9,443,Churned,SP
e2a96003df4645da636aa77f7af2c16d,2017-05-27 00:55:16,1,68.0,482,Churned,SP
e2cca4a06fe6a1f070aca81f919ec50c,2018-01-25 23:32:16,1,12.9,238,Churned,PE
e2d7f534cc0ecd215219ee87abf8c401,2017-12-18 15:09:06,1,86.9,276,Churned,MG
e2da23eccfb3e41be791daaa219d75c0,2017-09-24 18:23:30,1,0.0,361,Churned,SP
e2e92eb45afee3da92849c04f5304a48,2017-10-03 13:21:39,1,109.0,353,Churned,SP
e3182b1d615eaff78ec0dae99397e89e,2017-10-08 19:34:49,1,0.0,347,Churned,SP
e3260fa8e032791819785af06bb26369,2018-02-15 06:54:26,1,49.0,218,Churned,RS
e3301490c373db9263c15a73172d0c6f,2017-03-29 16:12:13,1,113.99,540,Churned,SP
e38bf9a883752b0b65407a103fd7ef30,2017-11-29 11:26:51,1,30.9,296,Churned,RJ
e395db9777355d755374af8e18f36548,2017-10-19 12:31:00,1,129.99,337,Churned,SP
e3989ce8a4e6df11d6e653380b318640,2017-12-16 13:51:18,1,0.0,279,Churned,SP
e39a7d7fd722668fe4c6b9873ee72638,2017-09-16 08:25:27,1,0.0,370,Churned,PA
e3a5f5e65ff3b780847f89dcc81c344b,2017-03-20 00:36:36,1,52.5,550,Churned,RS
e3bcfea9bab07b492391664fc1ffc28a,2017-10-16 14:56:50,1,0.0,339,Churned,BA
e3c0567a8b991a9d812ee91f2650db40,2018-02-01 12:31:21,1,18.5,232,Churned,RJ
e3df2646a7693da42f14cdbd5fe7e969,2017-08-31 14:26:57,1,98.99,385,Churned,SP
e4000306cf2f63714e6bb70dd20a6592,2017-06-08 21:18:45,1,170.97,469,Churned,GO
e4206d9f87b6c72fb4e1922e20e29917,2017-08-22 10:56:43,1,0.0,395,Churned,SC
e428db1e8a000b274f1e4e5189e9150b,2017-10-18 20:24:45,1,0.0,337,Churned,SP
e44110c2ff342e5bbda6c2224d94bbe6,2017-05-13 11:51:34,1,189.0,496,Churned,SP
e447b61eb2c970fdc89d681d79b01765,2018-01-17 10:53:02,1,109.9,247,Churned,SP
e46460e7d67b07b96da1fd59ea1ca3fe,2017-02-17 19:52:15,1,37.99,580,Churned,CE
e47b298c565467e3d43636d5211c0ddd,2017-10-31 14:30:54,1,0.0,324,Churned,SC
e49731877dfcf625e614019ac6b82de8,2017-12-06 17:39:09,1,25.9,288,Churned,SP
e49b5376d3eb639d5dc6e2851a2e73a1,2018-01-07 20:49:38,1,29.5,256,Churned,SP
e4bbcc533fdf3917c56dea2c43bf2084,2018-02-11 18:57:34,1,86.9,221,Churned,RJ
e4bd14f440ef8ed8d3cf48ebf731fd7f,2017-08-31 07:27:54,1,51.0,386,Churned,BA
e4bd579c28cb9ce017feb990171bc957,2017-08-01 18:52:12,1,95.0,415,Churned,SP
e4c027c785dad2335ef0224ab5bad8d4,2018-01-22 12:55:06,1,120.0,242,Churned,PR
e4e4b8552ae792cc58e07b3360033016,2017-09-12 09:18:41,1,35.99,374,Churned,SP
e4fee005515f62ed99b3f4e09d921d0d,2018-03-07 13:34:46,1,0.0,198,Churned,PA
e51eaffb93507fb621df4131e0454edd,2017-01-30 14:51:21,1,189.9,598,Churned,PR
e559037a41c00e67a8f44632d83e1475,2017-07-20 17:31:12,1,20.89,427,Churned,SP
e57065168c3718bdfcf543c020c2d2d0,2017-02-21 04:13:37,1,44.9,577,Churned,SP
e573a0cfd274f1b93437e8aa24a45e8f,2017-12-16 11:45:11,1,0.0,279,Churned,PI
e58a978fc59d070baefbaea0292456eb,2017-12-21 20:11:07,1,199.98,273,Churned,SP
e5da246ec8495416c700f325533688b6,2017-12-25 16:46:13,1,89.91,269,Churned,SP
e5f02d7d17c6b96e78f078a555516a23,2017-07-13 18:53:08,1,48.9,434,Churned,SP
e5f4c50b9b79024bcf048ad25fa518b6,2018-01-11 14:01:09,1,9.0,252,Churned,RJ
e616b8462d4d4fadad750989fe75d0a4,2017-02-25 15:37:25,1,93.9,572,Churned,SP
e63b7e65ecb65d0d1624a564fa2c8cff,2017-09-20 17:12:34,1,7.0,365,Churned,GO
e63d1b81ea1a2cc0a9468c06a4305e09,2017-11-27 13:33:35,1,56.99,298,Churned,SP
e64269d4e5997521884e61069f671fc8,2017-11-26 21:21:07,1,58.0,298,Churned,SP
e6428c4b3e9771c097f0ec6d16fd1d96,2018-02-27 17:09:11,1,175.0,205,Churned,PE
e64711458e5538f51bc01c3388443450,2018-03-19 12:14:50,1,144.99,186,Churned,RJ
e6558a7e200fd62e29e284c91e771b00,2017-11-27 18:30:36,1,41.5,297,Churned,SP
e69c664cef877ebf383baaad71573e5e,2018-02-18 18:44:27,1,149.99,214,Churned,SP
e6aede5b2818df1b512845c729cf7463,2017-11-29 13:49:23,1,1098.0,296,Churned,SP
e6ca72b67c6e4ff59f24daaa03d0f593,2018-01-19 12:09:56,1,129.0,245,Churned,MG
e6d3a211ef39d127621ff7b413af85bd,2017-12-29 11:08:04,1,186.0,266,Churned,SP
e6d5de7faa32aae4746d4900a9ceb236,2017-05-21 22:53:02,1,0.0,487,Churned,SC
e6eb191ddc04af07531ff36d2caca1ff,2018-02-18 00:10:50,1,79.99,215,Churned,MG
e6eb6cfd376785a831c39d868572d0e4,2018-01-31 18:29:28,1,105.0,232,Churned,SP
e6f10d37b6e31dc71fc68263c9a0ef0d,2018-02-17 14:07:42,1,104.0,215,Churned,SP
e72c54ba06b40cea8b3099c6662ef3eb,2017-04-30 12:13:24,1,55.5,509,Churned,MA
e75299e7341399b1d5f990c7d13b2773,2017-11-25 14:25:29,1,0.0,299,Churned,SP
e78187213bc8a0ac295b98485bbe9441,2017-12-11 17:32:18,1,129.8,283,Churned,RS
e7931edb23d9f6c6cbb441a68134fa00,2017-07-23 09:24:01,1,159.0,425,Churned,MG
e7ba333fbe7c3afa5f89cb575f9eac6e,2017-05-10 19:29:00,1,0.0,498,Churned,RJ
e7fb9f1bc1af781c26af81deea39de70,2017-05-31 13:55:04,1,159.9,477,Churned,SP
e808aa0ce98f33e671bf3e5b47756564,2017-08-03 10:39:39,1,0.0,414,Churned,AC
e8092d3af4962027cd1f45d669494cd6,2017-05-06 12:28:42,1,0.0,503,Churned,RS
e80a8c34a80c26fe8c70c6d316c7f1c4,2017-05-04 15:20:54,1,199.0,504,Churned,TO
e81dd1589aadf99b5c59c15289de5df0,2017-02-07 12:01:07,1,23.9,591,Churned,SP
e86c8c3deb1931319cacce610efc4514,2017-11-24 04:50:59,1,32.99,301,Churned,SP
e89bab624ed1d8c75012bf52bacc654c,2017-12-13 14:40:11,1,23.99,281,Churned,SP
e89bf89e2621b5aeb4c181e69a8c6952,2017-07-03 13:20:54,1,0.0,445,Churned,RS
e8b4b9cf7e6a2e6e13371f3439a4a1ba,2018-01-22 18:44:31,1,184.06,241,Churned,SP
e8b82b7189d0161005e4bacb11e209ea,2018-02-27 10:31:04,1,149.99,206,Churned,PA
e8dffc994f5e11c852b8706c0470ce53,2017-12-05 10:34:52,1,84.99,290,Churned,MG
e8e2449fa453dd320f605734798bb093,2017-12-27 19:19:44,1,99.0,267,Churned,BA
e8e2ebd9428c8ec572b61a8b0065873f,2018-02-11 23:27:52,1,199.9,221,Churned,SC
e8fb80236bb14f2caec27c7a7f493359,2018-03-20 11:29:16,1,29.9,185,Churned,PR
e92cf8004da0ba60863ad7d5bd816f5c,2017-11-24 23:32:55,1,0.0,300,Churned,SP
e9b5c04c2364a0d172307ecb95a74ef4,2017-12-01 13:08:26,1,69.9,294,Churned,SP
e9c484d9dcf31bbc2c94118f6a79d007,2017-10-12 09:33:01,1,104.9,344,Churned,SP
e9c9682161ad1d5f51d7ae6e07447f88,2017-03-19 23:15:51,1,0.0,550,Churned,SP
e9dc392ca45bbd1c3faf921ccd7ebbd1,2017-05-31 16:27:58,1,264.99,477,Churned,GO
e9e222c7329e066228c28fbf0bea98ec,2018-01-26 15:52:15,1,149.99,237,Churned,RJ
e9ea974c698b57da5b96f665da9d7b1c,2017-08-06 21:38:10,1,58.99,410,Churned,RJ
ea1047b9edfc80b38ec0c2502432d577,2017-06-05 23:05:44,1,0.0,472,Churned,SP
ea20fb8852a37fb8519b72f172bb3d67,2017-03-29 15:28:28,1,415.88,540,Churned,MG
ea45fdfe8aaa3f81604b23a652c49fcf,2017-11-02 11:30:33,1,119.8,323,Churned,DF
ea4a8de10fce39388e467e38acbe63fc,2017-12-05 08:47:56,1,34.9,290,Churned,SP
ea5285161c5b3fceaeb2c38b6c9b6da2,2017-12-19 16:58:22,1,0.0,275,Churned,SP
ea638fb7f3303f3c72cf8e7af61a6a37,2017-06-13 23:49:22,1,123.89,464,Churned,CE
ea7eb5e5136faca8760cd23ca8f46410,2018-02-18 18:19:51,1,110.0,214,Churned,SP
ea870f4fdfd85ac98ab775b76efe3143,2017-12-08 04:45:26,1,144.99,287,Churned,RJ
eb17a45cc9586bc95b8ea855d83e7b6f,2018-01-20 15:47:45,1,60.0,243,Churned,MG
eb255e9f7f5fbc8315061b20ae8f3ad7,2017-04-10 17:23:43,1,69.9,528,Churned,RS
eb406f65c94700a8e09d6cf2c4c1ef9f,2017-09-06 19:51:50,1,98.63,379,Churned,RJ
eb679f5c31d49d7a27b04db1e948b959,2017-10-04 17:56:28,1,899.99,351,Churned,RJ
eb9414e9c56dacd436c2b7a274b34983,2017-03-13 11:36:11,1,0.0,557,Churned,ES
eb95548b5609bc72326178567edf6f69,2017-09-11 11:51:17,1,0.0,375,Churned,SP
ebcabf25f7c1fe3f0b1dc696cb94f1e7,2017-11-24 14:22:59,1,89.99,300,Churned,SP
ebd29227edeb5b2661cc8dbeeaeacf60,2018-02-20 06:39:52,1,144.41,213,Churned,SP
ec039b68b511c08af9ca9e49e7419e70,2017-11-16 12:16:30,1,248.99,309,Churned,SP
ec441c1966bfa602976763f330fc5168,2018-01-16 13:55:43,1,0.0,247,Churned,SP
ec59dafb5820ce13fcc2fd6402be9b54,2018-03-05 10:10:02,1,419.3,200,Churned,PR
ec61877bf79d83a203085ea6022cb384,2018-03-21 13:20:03,1,19.9,184,Churned,RJ
ec85abbbac44c1bb668a04903d033b6d,2017-11-29 13:03:33,1,0.0,296,Churned,RS
ec9e9ceb08705ea60ca51e8697b8b68a,2018-02-11 00:17:16,1,0.0,222,Churned,SP
eca3a8926046168aff9d798845a45446,2017-07-29 02:05:15,1,54.99,419,Churned,RJ
eca99c7b0bb707d3f08b027e8994b79e,2017-05-18 09:34:58,1,0.0,491,Churned,SP
ecb8b41c3b84f98546950696321100d8,2017-09-13 23:13:16,1,161.9,372,Churned,MA
ecc6d0f3eb9435df737e1f0d9a1c6d3f,2018-01-30 17:36:43,1,199.9,233,Churned,SP
ecc930730890330ced95c4fc78d4a91c,2017-04-07 11:55:40,1,59.99,532,Churned,GO
ed3c685828145919f83c3df6209a57e9,2018-01-07 10:16:19,1,89.0,257,Churned,RJ
ed404c92ac3d0b621e1ddc2c3f947de9,2017-07-27 08:44:21,1,35.99,421,Churned,GO
ed9fce60567d03fff71f9c06084c998e,2017-04-26 16:14:11,1,0.0,512,Churned,PA
edc9873039c3986b086a6fa6953bcf27,2017-08-01 23:35:06,1,39.98,415,Churned,MA
edd0d266ff17dbbc60ee63eaa7cc4fb0,2017-09-25 21:33:51,1,0.0,360,Churned,PR
edec9dc5759b4c2c62832162127ee800,2017-07-02 19:37:07,1,488.99,445,Churned,SP
edf0cf9568d3eb609706a98548c06e83,2017-12-01 20:39:26,1,69.99,293,Churned,RJ
edf776664f19fc473c3c67fb28939a9a,2017-04-18 20:33:32,1,127.9,520,Churned,RS
ee25395beccf60a948ec3591ec9ddacf,2017-05-26 18:35:51,1,24.9,482,Churned,BA
ee3944b64a4a9207cf551a5fe12982d1,2017-05-03 14:31:43,1,0.0,505,Churned,MG
ee3f102da1f94d5782046090f5c6c67c,2017-01-12 23:42:50,1,377.0,616,Churned,MG
ee40f86698d1bf94897d87fe5dbc1b2a,2018-01-29 09:59:36,1,31.9,235,Churned,SP
ee4a83704c2de0dc8266893fa5cf966b,2017-08-09 22:23:30,1,182.0,407,Churned,MG
ee98818c6687d02e43557a4ea0178b2b,2017-08-08 10:46:08,1,0.0,409,Churned,ES
ef1d0f1922417f396a0aa0a03296c572,2017-08-02 04:26:49,1,134.99,415,Churned,SP
ef2c223efd90366cb6639746cfcfc7ad,2018-03-12 16:54:01,1,63.99,192,Churned,GO
ef4ae125724cae06f46da6a302c610d2,2017-07-28 16:03:38,1,259.95,419,Churned,RS
ef583977570de5ee4dcb0cb083bde3e1,2018-01-29 21:09:10,1,21.9,234,Churned,RJ
ef882a6d4c534617972ab417947a77c1,2017-10-20 09:51:39,1,38.99,336,Churned,SP
ef8ca435dfe12287e7b14c1acd311f77,2018-02-15 16:56:38,1,62.9,217,Churned,PR
ef95fc30ec507e9c99984f33121a8276,2017-04-19 22:15:27,1,151.74,519,Churned,SP
efa0f03926c32196b7872e25a183ee84,2017-07-05 21:14:49,1,78.0,442,Churned,RJ
efc37ae565ee0943cca2b89fc65c4d6f,2017-11-28 21:00:44,1,25.99,296,Churned,RJ
efdde190794fc1f7e2d1c91dda5453fe,2017-03-22 09:02:29,1,0.0,548,Churned,SP
eff12d4447f137712a387179ac15799f,2017-12-26 15:58:42,1,141.98,268,Churned,RJ
f00a8a03e3037fa13779c6659df93647,2017-07-10 08:38:43,1,0.0,438,Churned,SP
f00dcc95289fc9d9a4938889748b94fe,2017-07-03 16:42:42,1,0.0,444,Churned,RS
f06c7ebe0f12b42eab6530215eecdc9f,2017-10-27 12:07:08,1,45.95,329,Churned,DF
f08e73cf7f4d6403ec07e52497eb01bf,2017-11-02 21:45:17,1,56.99,322,Churned,RS
f098fb162e43b4018ec692ecdbb07cf1,2017-11-21 18:37:11,1,174.99,303,Churned,SP
f0a5d3542d18371f20467e53bb1e532b,2018-02-05 21:04:48,1,180.49,227,Churned,SP
f0b7acd2e2d0980cde86801f38ee0e6f,2018-01-19 20:26:21,1,289.0,244,Churned,MG
f0f4fb215b9f40de47a8e6d679466d6f,2017-12-29 07:06:24,1,99.9,266,Churned,SP
f1097c9562bd8f87de1e69c30b3b08eb,2017-10-09 19:42:43,1,119.8,346,Churned,PR
f10bbd7b7956d31e6ae6473eb6fd852e,2017-07-12 21:08:11,1,0.0,435,Churned,SP
f1222bacdff89a25eb29e54eeaabbe6b,2018-01-15 00:14:21,1,19.9,249,Churned,RJ
f12f064c0a45fa8ac5b7d8934d1bf853,2017-06-14 17:34:55,1,80.0,463,Churned,MG
f1502c61446672ca641cf3ebe7d4f445,2017-06-27 12:00:27,1,139.8,451,Churned,DF
f152faf30f85d9b5784cc9a72611a810,2017-11-25 00:22:16,1,0.0,300,Churned,SP
f171039a67a78b3d57475168802da70a,2017-01-19 21:24:05,1,6.9,609,Churned,DF
f18e5b4c9e3a327346899fe26be08297,2018-01-03 22:16:10,1,0.0,260,Churned,RS
f1934cf6662a6b649f1338693a504eb6,2017-08-02 07:37:51,1,34.9,415,Churned,RS
f1aa8a93852ae3083c1df4e1d57e633c,2018-01-31 10:22:57,1,79.0,233,Churned,SP
f1e0cfbcfd9aebd6d003f6667551a9ae,2018-02-02 16:15:41,1,597.0,230,Churned,SC
f1f4f45c8602d0db1329eed1c8e935d4,2017-07-31 21:37:10,1,27.9,416,Churned,SP
f22a4eec99b70235446454b0db95ba19,2018-02-07 15:35:12,1,45.9,225,Churned,SP
f22c272b1abf07d355eee4c03f281b01,2018-02-07 23:03:51,1,224.8,225,Churned,SP
f23f0d559d56c42d76ada36eeb3abeb7,2018-02-06 13:32:59,1,117.3,227,Churned,SP
f26afffdc68c5034a7ec4bba93e3c1b5,2018-01-06 14:25:01,1,49.0,257,Churned,MG
f272262b63e80c07cae02c8f07a777f0,2018-01-31 11:48:09,1,49.9,233,Churned,MG
f299134f7efff5b49cc413e408f1036c,2017-11-24 13:16:28,1,0.0,301,Churned,SP
f2a84e3bcb9db0d7ae7f66c23f6a390d,2017-05-07 13:53:39,1,26.33,502,Churned,MG
f2a85dec752b8517b5e58a06ff3cd937,2017-05-16 19:41:10,1,0.0,492,Churned,RJ
f2beb52a2427676390b75433a5a03bf7,2017-12-04 17:16:55,1,0.0,290,Churned,PA
f2eb5bf76a4172b5ac7fc0ce6d64c3da,2017-07-31 19:05:32,1,59.98,416,Churned,PE
f300b00a19af4d4f7bdf9f4524c4587a,2017-02-08 05:56:31,1,19.99,590,Churned,SP
f3033234e737e044ab64490153959611,2017-11-30 10:15:17,1,559.0,295,Churned,SP
f31ac54af6af7097bddd1053011e7a3a,2017-11-06 18:17:50,1,0.0,318,Churned,RS
f3227a87d760e7bbcaf5377918fd68a5,2017-08-10 22:20:51,1,0.0,406,Churned,MA
f329e0e1d8897ffa466a836ed216a23b,2017-07-16 10:04:36,1,89.9,432,Churned,SP
f3583c1f4a492c319e60501645848fef,2017-11-20 18:53:16,1,643.91,304,Churned,SP
f36f76de5290df0bae563f9cdccffeb7,2017-07-24 19:22:18,1,159.0,423,Churned,SP
f38d0a168948a5dd98c2b8e0f9eb3120,2017-02-18 10:39:14,1,36.99,580,Churned,RJ
f3c1362badd3a3912699f9b8461e20cd,2017-03-01 19:32:22,1,0.0,568,Churned,SP
f3cd4edf8e8a2fb21b3291cb195e5e59,2018-02-10 23:58:04,1,99.9,222,Churned,PE
f3fb25aac32cb3dc255529c6dc74ddae,2018-01-21 22:02:55,1,29.9,242,Churned,PI
f3fb635e8df1903c48444b195d8d4b76,2018-03-02 19:33:49,1,180.0,202,Churned,RS
f4089943e1529aefcd2733e1eecf877a,2017-08-16 08:00:13,1,0.0,401,Churned,SC
f41aff28fb2e2bc57786226f35582408,2018-01-27 20:56:12,1,68.8,236,Churned,SP
f4247aab6898d547d364286a6caed2e6,2017-12-14 10:19:21,1,129.99,281,Churned,SP
f45669f4fe48c48b6d5065322ac387be,2017-09-03 21:38:55,1,0.0,382,Churned,RJ
f494b1241d3a74fb58feeb1d6fd23830,2018-03-01 00:40:25,1,499.9,204,Churned,SP
f499e2267aa2b626fde8602746d1a299,2018-02-16 15:48:57,1,86.9,216,Churned,SP
f499f5419a0121c20de531d64dad5ddd,2017-11-23 16:23:50,1,72.99,301,Churned,PA
f4a0b070b5295e861853a30bd868296d,2017-12-23 15:50:03,1,59.9,271,Churned,SP
f4a7ef6bd931f83d75d83b71c94e90df,2018-03-12 01:50:26,1,0.0,193,Churned,SP
f4eccb8dace4acec8e518c4efe0e4478,2017-04-30 14:48:53,1,199.9,508,Churned,SP
f503c2e0c0fb1b4b258f681a5d474d05,2018-02-25 18:14:08,1,31.9,207,Churned,SP
f5249264629739684c1701c31078587e,2018-01-11 18:05:35,1,109.9,252,Churned,MG
f5a5932a4039f737885fd123e4e5f66c,2018-01-18 12:24:45,1,48.9,246,Churned,SP
f5add44bf786bd861fd6108d400cbaa5,2017-11-24 15:54:35,1,125.02,300,Churned,SP
f5cb81f98962f7504bef1e75579b6dff,2018-02-08 18:56:45,1,122.99,224,Churned,SP
f5cd72e7209640c294bad4d57f4f7772,2017-11-29 11:24:18,1,299.0,296,Churned,DF
f5ced93f8c969fc52fcda8415e8bcc42,2018-01-02 15:25:51,1,0.0,261,Churned,SP
f5dd55175349083073fe1321c976542d,2017-11-22 09:16:35,1,0.0,303,Churned,SP
f6139ab3e9e9100d5210dc8467c38663,2017-10-06 08:32:49,1,104.0,350,Churned,BA
f64ec6d8dd29940264cd0bbb5ecade8a,2017-10-07 06:49:55,1,72.0,349,Churned,RJ
f64ee7b44a9c2170a0db74d6bc3d1ba8,2017-05-11 21:36:10,1,56.99,497,Churned,RJ
f664050e626abfb5b829ea47ee66a996,2017-05-15 16:28:24,1,159.9,493,Churned,MG
f68cbab6cbaab1d6226e2dafed486578,2017-11-25 14:10:20,1,39.99,299,Churned,GO
f68f314d91a7d17c907e7d25d94d8b75,2017-05-03 15:03:59,1,0.0,505,Churned,SP
f6cb427433e01f43f79ff7a3b1f4222a,2017-03-31 22:04:20,1,59.9,538,Churned,SP
f6d9da147a1feafa65e8d57c51cea44a,2017-04-04 13:15:05,1,0.0,535,Churned,RJ
f6db9c2162ee3658e5520c00a090b7c4,2017-07-25 15:45:53,1,179.9,422,Churned,GO
f7094d4271d1de526d9a9f47d1d5ddda,2018-03-24 09:22:32,1,0.0,181,Churned,MG
f71fd390acf98dd3af1396d6c6b528b1,2017-05-14 09:13:09,1,129.99,495,Churned,SP
f733f4254cce4a375a82258c272d1549,2017-07-08 16:35:21,1,52.9,439,Churned,SP
f73a70138af8debfc92ab98ce85d61e5,2017-11-17 13:15:32,1,13.7,308,Churned,CE
f7b223e244004385231a6e4db45a06a9,2018-01-31 21:04:47,1,86.9,232,Churned,SP
f7be9bec658c62ab6240b44cd26c0b84,2017-01-05 13:34:35,1,0.0,624,Churned,PR
f80f64729a21d6e43b84b637f289b5f8,2018-03-19 15:23:20,1,29.99,185,Churned,BA
f81ad6f6ac826325fd953e470dc63a1a,2018-01-11 22:59:49,1,149.9,252,Churned,SP
f81bd58e79b9717dc8a5edb0c4f0b502,2018-02-27 15:53:44,1,72.9,205,Churned,SP
f84b6bbea318730a304d9bcafd99b9b1,2017-07-28 22:53:41,1,28.75,419,Churned,ES
f85afbaa789589a925e9d3d2f8298f0c,2017-06-06 11:40:14,1,115.0,472,Churned,CE
f87119243e35259242f575fa8e447fed,2017-09-19 12:50:29,1,119.99,367,Churned,RJ
f8775885b850a0a164eb55c1d12c8821,2018-02-20 23:00:59,1,62.79,212,Churned,SP
f8923190cc35533d1e9ea6a9eda75e4f,2018-02-08 18:26:33,1,129.99,224,Churned,PR
f8bffe1586fdae62dd3646353a25f958,2017-11-24 23:40:31,1,16.9,300,Churned,SP
f91a0235d18984973f88cdf07a23330c,2017-05-22 12:58:59,1,589.0,487,Churned,RJ
f91aa7e2a0404e931a19f0cb1ecf9426,2017-12-17 01:00:48,1,56.99,278,Churned,RS
f9372e247ea4f46be6f797ca1936d68d,2018-02-23 20:39:32,1,0.0,209,Churned,RO
f96171fd9cd9d9810f7053c5263ce594,2017-05-24 13:44:09,1,0.0,485,Churned,MG
f9704cfe97e0f31474c90f255b834511,2017-07-10 20:58:17,1,130.0,437,Churned,RO
f98c176aa45d1fb308a31791727483a8,2017-09-18 21:39:03,1,269.99,367,Churned,RJ
f98ea135d87661aac5b16fe7fed30c30,2018-03-22 17:11:15,1,0.0,182,Churned,SP
f9d7b5bd17a1c2623a4d73d9a166c869,2017-10-10 23:51:07,1,71.4,345,Churned,SP
f9ec24fb9f7ff631c6dd18328df0013c,2017-03-08 09:10:55,1,79.0,562,Churned,TO
f9effeed3df9ae063a58c0759b96f8b2,2017-04-20 17:15:46,1,190.0,518,Churned,PR
f9f52c3805c3a5ab1e78dac53cfa254f,2017-11-10 17:21:48,1,31.0,314,Churned,SP
fa03f39a053e233abd89eb849f1b8997,2017-08-03 10:20:08,1,121.8,414,Churned,SP
fa0ee7ceb94193fb02aa78ce3a55695a,2018-02-15 10:33:30,1,42.9,218,Churned,SP
fa8a32304af9e335488c8ddae5f6bbc6,2017-11-16 13:53:55,1,23.89,309,Churned,SP
fa93a560ff6d03af77a815849a6e4233,2017-09-12 08:16:19,1,46.9,374,Churned,MG
faacdd46b0b9bb52cfa047c54b0b5016,2018-01-02 22:20:01,1,12.25,261,Churned,PR
fae50349197fd922f4487e4000e2112c,2017-12-07 21:14:24,1,0.0,287,Churned,SP
faec2bb5c3f1bf0e6e17ef8ee96a2ea0,2018-01-26 21:56:44,1,134.9,237,Churned,MG
faf47b5b5d6da79375665838f42e5136,2017-01-17 10:49:05,1,0.0,612,Churned,RJ
faff4528095928ed7307472daf2417ca,2017-08-16 16:32:17,1,0.0,400,Churned,DF
fb189cbf064e7525f9144bbd3fbdd922,2017-02-04 23:27:50,1,119.9,593,Churned,SP
fb1b0ec9f6c522636a5f619eca94d8da,2017-03-03 23:50:26,1,69.9,566,Churned,PA
fb20bf5c01fbc8bb8ab3ec1e4104c9d5,2018-01-31 13:21:44,1,0.0,233,Churned,SP
fb48b86d9a78b53675c121e4ec8981ed,2016-10-07 00:54:40,1,134.7,714,Churned,RJ
fb819201cf760172ecaca73892bc8603,2017-06-28 12:39:28,1,59.9,450,Churned,SP
fb96080f9c84b3a7a70fb99ac286e235,2017-12-11 21:28:23,1,19.9,283,Churned,DF
fbcbfa3995be71ad8d028a12edb9d3bb,2017-05-22 15:57:42,1,78.87,486,Churned,SP
fbe53ee8a67e9fbf5cdb52d888701527,2017-09-11 07:54:38,1,62.8,375,Churned,SP
fc1c186e0436f5b790ab26eea95aafff,2017-03-31 23:02:01,1,48.0,538,Churned,SE
fc2c474ca9fc1e074a763b8980f3e016,2017-12-27 21:42:55,1,80.99,267,Churned,SP
fc2e9d70ce1e9c19422b859224a9abd9,2017-04-11 12:22:13,1,33.2,528,Churned,BA
fc332aac4e6295b310434bbec9773c4f,2017-05-01 10:23:49,1,39.0,508,Churned,SP
fc43c7addc1e0a622818d24929211a54,2017-05-08 16:31:38,1,119.9,500,Churned,SP
fc44fbafeb777f4758880f91e2a33fe2,2017-03-09 17:45:04,1,0.0,560,Churned,SP
fc8082a08a30524173a53dfdbb800e0b,2017-12-10 23:35:48,1,54.99,284,Churned,RS
fc99cf02242e9883997db66f863ab742,2018-03-07 12:08:37,1,219.8,198,Churned,RJ
fc9fa1a38d9aa0666a09bc02cb28fb8e,2017-04-19 17:38:38,1,0.0,519,Churned,SP
fcb2a7889cd93c74402d7156bd4ac7a0,2017-08-05 07:34:29,1,579.9,412,Churned,CE
fccfbf734a92029859c4fe58eff05114,2017-01-30 20:52:02,1,279.99,598,Churned,MG
fd01a8dd276ac93aec73fde385389de9,2017-12-02 01:20:28,1,49.9,293,Churned,SP
fd0c94860d35a337f8954558e9e0181c,2017-02-13 18:32:55,1,269.0,584,Churned,RJ
fd0f1a0d5fe3f37bb7ef4cbf354a8abc,2017-02-27 23:18:11,1,21.2,570,Churned,RJ
fd4c3f3341390e4e7c4fbc024444c99e,2018-02-10 18:24:53,1,210.0,222,Churned,TO
fd5c854369acea3d0c81dd2efb68e3ca,2018-01-19 09:51:37,1,56.99,245,Churned,SP
fd6be8b946505a1d1a15686ad6073310,2017-05-01 09:54:59,1,13.98,508,Churned,SP
fd8ca2ec473847a4367206bb75db0d99,2018-03-04 09:51:23,1,539.0,201,Churned,PE
fd9498521525ba7fe2a8515f00e7415a,2017-03-16 12:03:27,1,34.0,554,Churned,MG
fdb1bd51afc276640a61902a7918522c,2017-06-19 08:03:22,1,78.0,459,Churned,SP
fdc6af1584f0d901b388b9034a9f6b2a,2017-07-23 19:02:52,1,65.9,424,Churned,SP
fdd3b25dbe4db9e94d517a1f1e79f7c1,2018-03-16 17:44:05,1,109.99,188,Churned,SC
fde3e12f9fc7b5df5946a9c8256afe61,2018-02-17 16:41:06,1,142.47,215,Churned,SP
fe0617cc03bb1fdefeb9e76e7d316548,2018-02-16 17:54:24,1,29.99,216,Churned,ES
fe25d225d2494b252321b09821ebdbdf,2017-11-16 13:18:14,1,0.0,309,Churned,RJ
fe4d4f723597e832e9bbc67080a34c27,2017-03-14 16:12:29,1,84.9,555,Churned,BA
fe583fa349eada65507f4a724344f5d7,2017-03-21 15:22:48,1,43.48,548,Churned,GO
fe612e4c139f4350d17f1b9f5cbbe3f0,2018-01-22 15:35:47,1,149.0,241,Churned,RJ
fe65c76fc3eb742328d1401c521c95b4,2018-01-09 06:37:43,1,0.0,255,Churned,SP
fe905a35ad610e433e3e61a3cb66abaa,2018-01-03 13:28:41,1,120.0,261,Churned,SC
feb2a9889d236875c3510880bf9576f3,2017-05-07 16:47:29,1,958.99,501,Churned,DF
feb5c47a617972ee276d95775a34d494,2017-06-24 11:57:01,1,17.0,454,Churned,GO
fecd193c02a20ec4525e67a3a9f9c0a5,2018-02-26 19:28:01,1,59.99,206,Churned,MG
fed51c3432d9ca128dc6a81c892a1168,2017-11-24 12:42:21,1,49.0,301,Churned,RJ
fed9ae71404fb97d15c821adbe64feab,2017-10-12 21:46:31,1,0.0,343,Churned,AL
fee6634d946e08b185a6d0152110f92a,2018-02-22 15:43:00,1,249.99,210,Churned,AL
ff4159b92c40ebe40454e3e6a7c35ed6,2017-05-24 18:14:34,1,0.0,484,Churned,SP
ff44084bf8313fa8eae5ce6e43e341ed,2017-10-04 19:47:07,1,239.99,351,Churned,MA
ff57311a2fb5f9aa3477cc13c1c62a50,2017-03-31 02:48:23,1,26.99,539,Churned,RS
ff5f0e6c9223056cd0e65b534856f5d0,2017-10-25 10:53:26,1,119.8,331,Churned,GO
ff6bc862428c6016d6fef5995491ec81,2018-02-17 18:53:56,1,15.0,215,Churned,SC
ff755148365a0062374c353946b68aa3,2017-09-26 11:08:38,1,174.9,360,Churned,MG
ff86fefe11696b1e957173516339bcd8,2017-05-01 15:01:03,1,10.99,507,Churned,SP
ff9723b956508e1ce1e2f76b4fcdff54,2017-08-19 22:39:09,1,0.0,397,Churned,ES
ffad6a7a0e13be3dfd9de96a81b77c9e,2018-03-06 14:57:16,1,70.0,198,Churned,SP
ffc142edc6bce329c6df0006387a5a77,2017-08-22 18:53:15,1,18.9,394,Churned,SP
ffe9be10b9a58c5464d833e8b1b2c632,2017-11-27 14:18:56,1,140.0,297,Churned,MG
ffef0ffa736c7b3d9af741611089729b,2017-05-29 22:07:05,1,109.9,479,Churned,ES
fff699c184bcc967d62fa2c6171765f7,2017-09-01 17:06:54,1,39.9,384,Churned,SP
