CustomerID,Recency,Frequency,Monetary,R_Score,F_Score,M_Score,RFM_Score,Segment
00053a61a98854899e70ed204dd4bafe,205,1,382.0,3,1,5,315,Need Attention
00082cbe03e478190aadbea78542e933,305,1,79.0,2,1,3,213,Need Attention
000949456b182f53c18b68d6babc79c1,151,1,0.0,4,1,1,411,Need Attention
00191a9719ef48ebb5860b130347bf33,520,1,47.9,1,1,2,112,Lost Customers
0019e8c501c85848ac0966d45226fa1d,143,1,159.99,4,1,5,415,Need Attention
0023557a94bef0038066b5d1b3dc763e,176,1,0.0,4,1,1,411,Need Attention
0028cfeb9dfcd3628a56d5b6400deef5,257,1,95.9,3,1,4,314,Need Attention
0032ca69771a7758ce643258bb9e4ac7,66,1,45.0,5,1,2,512,Need Attention
0037eb1ff742ee2e71ba887f65f3c6f3,435,1,0.0,1,1,1,111,Lost Customers
003a5571a07dcf09bf117d13d2980ba3,58,1,149.9,5,1,4,514,Need Attention
003fee4ca17927283128c7ddc6f9311b,136,1,85.0,4,1,3,413,Need Attention
0047f3e16441284d757a8963344f6c59,389,1,60.0,2,1,3,213,Need Attention
004df63539fd5e38d4b0a0506de7549c,67,1,949.99,5,1,5,515,Need Attention
00504b68faa074d0f40adcb4f7727f71,40,1,152.0,5,1,5,515,Need Attention
0056c2dd794a5eede6164dcae635875a,43,1,129.99,5,1,4,514,Need Attention
005f060d4223956c62b64e9567a36f0f,121,1,689.0,4,1,5,415,Need Attention
00737247e3dc1942da2c527ef3bd2709,181,1,59.9,4,1,3,413,Need Attention
007953b3182d5ccc9189a694f5c68163,523,1,99.99,1,1,4,114,Need Attention
0087c31081ea8d160baa06bf4ad4d76f,90,1,160.0,5,1,5,515,Need Attention
009dd7b313c04f4ccd9d4e423bc04ba7,149,1,79.98,4,1,3,413,Need Attention
00ac9cd5c4ad19e16e7c6f6864711737,510,1,209.9,1,1,5,115,Need Attention
00b246520d4904724f9b20188a2ff39b,110,1,12.99,5,1,2,512,Need Attention
00b2ca23369b68c4d4105ecea9c0cb93,49,1,65.9,5,1,3,513,Need Attention
00c31de6420048cb3f668c99153debf7,324,1,64.9,2,1,3,213,Need Attention
00cd1ffd1a85ec2af3de73a3d341339d,136,1,49.0,4,1,3,413,Need Attention
00cd767526517f8a4fc27db6cc5a52fa,451,1,79.9,1,1,3,113,Need Attention
00d03b5e33f8987549c5590313a4ef21,461,1,19.99,1,1,2,112,Lost Customers
00d1e5d82377766dac9f8dc4d4eaf4a8,169,1,116.30000000000001,4,1,4,414,Need Attention
00d4ef3e086e2191c3fb6e7b0d2a1c75,83,1,0.0,5,1,1,511,Need Attention
00d96f54b90a6ffbe7361bcfdb85b0ba,212,1,99.9,3,1,4,314,Need Attention
00da34ebf22b87f6c2f53dc069f237df,127,1,209.70000000000002,4,1,5,415,Need Attention
00dd4390a8e8ad7a126e8331decc49ce,498,1,94.9,1,1,4,114,Need Attention
00ecc71175078e2cac5547a5656e9622,467,1,219.99,1,1,5,115,Need Attention
00f0b70fdcb8a6e1671b52a2472bd41f,716,1,0.0,1,1,1,111,Lost Customers
01007ebf75cabcd9d81d1aac37b278ca,161,1,60.9,4,1,3,413,Need Attention
011509f63f565e822767bfb89c3cf9b7,499,1,26.69,1,1,2,112,Lost Customers
011b7396d7220ca4ff52508adcb6b870,252,1,29.5,3,1,2,312,Need Attention
012510db7f0db8481f8a3708400c8db9,569,1,99.99,1,1,4,114,Need Attention
012755131a5b785b0ae3291c339a9051,181,1,358.98,4,1,5,415,Need Attention
012b41c1dae00a092474ca48dc764a00,60,1,0.0,5,1,1,511,Need Attention
013802b3b98584222c1280e654a655b1,127,1,113.9,4,1,4,414,Need Attention
013f4353d26bb05dc6652f1269458d8d,301,1,0.0,2,1,1,211,Lost Customers
014dcb5d582d60bca6a379e45a9041da,230,1,47.56,3,1,2,312,Need Attention
014fa2f37ee690774a7505252a28daf3,548,1,24.9,1,1,2,112,Lost Customers
01593b828c6e7c516ed078a4820ab9b2,76,1,31.99,5,1,2,512,Need Attention
015aba8b6e516fbf6ee76c164c11987b,208,1,69.9,3,1,3,313,Need Attention
015cd0b039aa3b36cf78f41d8f54e3d0,207,1,82.8,3,1,3,313,Need Attention
016a461e59c71a989c278fb565441696,408,1,200.0,2,1,5,215,Need Attention
016c60628fc64e15fa5990e58a0b57c1,428,1,229.74,1,1,5,115,Need Attention
0178fa4e501691dec0663f439950d4de,219,1,23.8,3,1,2,312,Need Attention
01835b7ef446c78d0c37077894aa068d,170,1,55.8,4,1,3,413,Need Attention
01858f2fad256b1689f5bdafc059f745,51,1,0.0,5,1,1,511,Need Attention
01927626c24c5826ceb6ca6b2797fd60,184,1,259.9,4,1,5,415,Need Attention
019890d2ead42f267a2c66919d9dedce,255,1,179.0,3,1,5,315,Need Attention
019954cc9c2ceb2084881eefdf48f0f9,358,1,89.0,2,1,3,213,Need Attention
01a4788c8bd6d0d6a5b16ccdfd393b74,104,1,64.0,5,1,3,513,Need Attention
01a4fe5fc00bbdb0b0a4af5a5345cca5,113,1,0.0,5,1,1,511,Need Attention
01a6d398ee25ef8ce7ace2d3620ce248,185,1,49.0,4,1,3,413,Need Attention
01a7888cc755d6ad17b03de5f5543641,239,1,69.9,3,1,3,313,Need Attention
01a8574d68d5a495ebe94a4790f6fe34,298,1,118.99,2,1,4,214,Need Attention
01c849814dd6cd478f0ee6343414acb7,70,1,99.99,5,1,4,514,Need Attention
01cbe0a1a969bf0936fd97298ae18cc8,137,1,0.0,4,1,1,411,Need Attention
01daeb09de8f07882ccd4319ffbc4693,299,1,30.0,2,1,2,212,Lost Customers
01dd34b5f4cee2a48f03ba1cce8c592c,35,1,74.0,5,1,3,513,Need Attention
01e019838e4e21dd66bb6f69352334f8,292,1,359.0,3,1,5,315,Need Attention
01e66e20cc67536e6fa27878ed07ad0a,233,1,19.9,3,1,2,312,Need Attention
020311f9fc67a990f3d43b481398a259,183,1,0.0,4,1,1,411,Need Attention
0204f3da94dadaf3fa21305413e02d63,252,1,73.5,3,1,3,313,Need Attention
0209f290b5451d357308bc0e90521026,60,1,572.64,5,1,5,515,Need Attention
021109bdb16fa17c2463cab87da314f3,253,1,100.8,3,1,4,314,Need Attention
02198c63d3e65ea299d6d8d3c7a11665,163,1,14.2,4,1,2,412,Need Attention
02238d275f51bce58c8e97218621bd91,250,1,21.9,3,1,2,312,Need Attention
022657d659cf88bcc8c22774f3f0b61a,30,1,0.0,5,1,1,511,Need Attention
02278b7fe04a285092542fa4313cdc31,535,1,34.9,1,1,2,112,Lost Customers
022949b07073de5d6173732ea01d6155,190,1,0.0,4,1,1,411,Need Attention
023c8fe9cea056407269dfe9bdd57a8c,332,1,37.8,2,1,2,212,Lost Customers
0246b5fda21cce422b91be62bca9c9ff,68,1,0.0,5,1,1,511,Need Attention
024f153bf5ff2f378be3577f3248f283,397,1,80.0,2,1,3,213,Need Attention
0255fc149c1f191319c8c431479e5d8c,52,1,0.0,5,1,1,511,Need Attention
0256fe01df094f555379b7d453ba22fc,297,1,399.0,2,1,5,215,Need Attention
0258cd3b5e7c4b397cc09ea472677e73,242,1,139.8,3,1,4,314,Need Attention
027179319d6e0b4958b300ba6e9e35e6,37,1,81.35,5,1,3,513,Need Attention
0283917cf6822284c4341224ef003fb6,84,1,39.78,5,1,2,512,Need Attention
0283d9c78c980d3ea0fce611bbc8ad5b,189,1,240.0,4,1,5,415,Need Attention
028b8434bd4a6277e77f5b327cc1e1b0,275,1,79.0,3,1,3,313,Need Attention
0296ddaa154279cc2bd15621e06e6f1f,252,1,99.9,3,1,4,314,Need Attention
029d944cf2f7fc6640e877c5c3612509,105,1,378.0,5,1,5,515,Need Attention
02a81ef75e80450061b235f691600dc0,414,1,39.9,1,1,2,112,Lost Customers
02ab4d19fd037fa00ad9892f7d529a8f,458,1,129.9,1,1,4,114,Need Attention
02b2ee0aa7ac4b3db5463ec3863ff8f7,136,1,0.0,4,1,1,411,Need Attention
02b6ef845021b8fefe19c8d200f3ee06,171,1,1914.58,4,1,5,415,Need Attention
02beeff55d95ac493f904fb9cdb786b3,355,1,0.0,2,1,1,211,Lost Customers
02c639f8dd288caf7cc6dc66513c23b3,59,1,93.99,5,1,4,514,Need Attention
02c8bc3ccd6019dbd5c1368b9e0a018c,259,1,99.0,3,1,4,314,Need Attention
02c9e0c05a817d4562ec0e8c90f29dba,407,1,75.9,2,1,3,213,Need Attention
02de4549062c866411c4f35eb01a2355,312,1,37.9,2,1,2,212,Lost Customers
02e7d568f699b57b0bbb98cef89e0832,96,1,0.0,5,1,1,511,Need Attention
02e8a66528e84b3ca6150d9b1e03a26f,89,1,2110.0,5,1,5,515,Need Attention
02e9109b7e0a985108b43e573b6afb23,130,1,39.0,4,1,2,412,Need Attention
0309db53bd596593382d0accd83d292e,248,1,670.0,3,1,5,315,Need Attention
031236e057e0c70d7af9c22d5bf4690c,418,1,19.99,1,1,2,112,Lost Customers
0318f66ddf6aa615fdb10d6d7b596194,123,1,765.0,4,1,5,415,Need Attention
0319cd43072df023584a1fa0a94d45ce,42,1,229.9,5,1,5,515,Need Attention
031e19fc630c4121f1238716f41675c3,79,1,10.1,5,1,1,511,Need Attention
032cfb33364e07ebcafb4b8a92d7eec4,204,1,69.9,3,1,3,313,Need Attention
032e4efa58936187018b68818b0f49c4,493,1,68.8,1,1,3,113,Need Attention
0331ceffb5757c1ca368a6c4ed73ae3a,230,1,0.0,3,1,1,311,Need Attention
0331dad88c30f83604221e326fecbaed,169,1,24.99,4,1,2,412,Need Attention
0341bbd5c969923a0f801b9e2d10a7b8,115,1,840.0,5,1,5,515,Need Attention
035fe666eaf44eb44ec1967c30710ddb,576,1,47.9,1,1,2,112,Lost Customers
036fad4da661be7be3ad588329aefc1b,151,1,0.0,4,1,1,411,Need Attention
0378d90f53fc5cc775e447e1eaff6ea3,91,1,0.0,5,1,1,511,Need Attention
038124edcdaa5fae5dceb9b71f0c49d8,30,1,133.0,5,1,4,514,Need Attention
0385c3a53712e33b64f812d3102dc421,143,1,29.99,4,1,2,412,Need Attention
0387367daee04c9cbcf57eaee0d699c6,183,1,104.0,4,1,4,414,Need Attention
0387d9f3e2a143aecdaa33644ab6658c,198,1,129.0,4,1,4,414,Need Attention
038d84ab58dc78ee67846b354424ca6b,99,1,179.8,5,1,5,515,Need Attention
03a7a36e23016fe4e8d04f751b51937a,502,1,329.9,1,1,5,115,Need Attention
03b844f8f2bfba1e73ce0d1894807af0,406,1,58.99,2,1,3,213,Need Attention
03dabd77cb0ed7a26fafe19e36b67742,494,1,0.0,1,1,1,111,Lost Customers
03dcb7b1479590ad3188549f8ebfa66e,311,1,0.0,2,1,1,211,Lost Customers
03e0b6f13c0a3b1e365a78c3745c5945,232,1,53.99,3,1,3,313,Need Attention
03e990124fb8dfe30716b4237eceaa9b,200,1,79.9,4,1,3,413,Need Attention
0408706c63edeca6b44b24f6f077aa47,142,1,85.0,4,1,3,413,Need Attention
040f8dcf0a86b8897aaa4eb25e49830f,132,1,69.0,4,1,3,413,Need Attention
041397b7bed1e0b64cc8df9e4a761873,481,1,169.0,1,1,5,115,Need Attention
0417c5c4535764e979a11b19edfef588,298,1,46.4,2,1,2,212,Lost Customers
041caba6a63ace5818387698ea85cdb2,308,2,58.989999999999995,2,5,3,253,At Risk
042613930f984a8467523450f14de9fb,471,1,0.0,1,1,1,111,Lost Customers
042d75d0b730ce22c08efe5ba71b1664,313,1,0.0,2,1,1,211,Lost Customers
04334bf56d76e503c2b474e3bc129d65,92,1,169.9,5,1,5,515,Need Attention
04370c96850ca795aa0c01a7c57dd1a6,318,1,99.9,2,1,4,214,Need Attention
043a01cff21e0bce3a77a16d6ea14923,67,1,105.3,5,1,4,514,Need Attention
044f89a64b7bd1c9ceecd8f9a83971a8,527,1,59.9,1,1,3,113,Need Attention
044fbfba85531679c84bc0463296096f,29,1,14.49,5,1,2,512,Need Attention
0457229263e71157bd7cf568a56d5ec3,195,1,47.65,4,1,2,412,Need Attention
046ed33aa8bef51855af6010a11a835c,711,1,0.0,1,1,1,111,Lost Customers
0482f8eb57c7df640fa8a9a6a883c488,85,1,225.88,5,1,5,515,Need Attention
048d8f14e6405a5a157e74724357086f,480,1,24.9,1,1,2,112,Lost Customers
04964ca17488b76124c740071931f90c,48,1,50.75,5,1,3,513,Need Attention
049ac10f22b18d0a463429e2dfbbb353,325,1,19.9,2,1,2,212,Lost Customers
04a24732681955f5daf4c435f5025743,431,1,77.8,1,1,3,113,Need Attention
04a324a336173e546dab5835e0b287bc,447,1,52.5,1,1,3,113,Need Attention
04be500031efe43d2defff8c41810543,232,1,79.9,3,1,3,313,Need Attention
04c5ad73047074972e9a1c744c3b4bf8,563,1,0.0,1,1,1,111,Lost Customers
04cf8185c71090d28baa4407b2e6d600,203,1,38.25,4,1,2,412,Need Attention
04d72e3bcf0dbb259f2c98550640a179,129,1,199.9,4,1,5,415,Need Attention
04daf0030c088fed728993ef9f7eaa56,46,1,85.0,5,1,3,513,Need Attention
04df07c295971621f8756bdc5adc90fb,41,1,0.0,5,1,1,511,Need Attention
04e1ad29192c7d23646272968393bf36,204,1,0.0,3,1,1,311,Need Attention
04e495a3f45df8b41be2e934bbc16961,499,1,110.99,1,1,4,114,Need Attention
04e6e34e5ad54169544a7378223acdbe,394,1,419.9,2,1,5,215,Need Attention
04e7b09e41a01df2100b30d1a880680d,251,1,178.0,3,1,5,315,Need Attention
04e9d0d712ca6da77124d0ee12be1d6a,459,1,71.8,1,1,3,113,Need Attention
04ebe7670da121a91344d0fd5547222f,228,1,0.0,3,1,1,311,Need Attention
04ecdc3e754a48294d832436960a3280,326,1,308.8,2,1,5,215,Need Attention
04ee75eab089ad700b67791cbba77f4a,148,1,49.9,4,1,3,413,Need Attention
04f1fd1b75385fd1c7b6de018e0c4ab3,490,1,0.0,1,1,1,111,Lost Customers
04f54cb09b4216795433e4fc5d0db66e,50,1,126.8,5,1,4,514,Need Attention
04f6b73a950bfc7afab0cbf82fff47b1,388,1,0.0,2,1,1,211,Lost Customers
04faabcdbf48e775bc5e313369bc15bc,220,1,129.9,3,1,4,314,Need Attention
04ff6fa5671532494b7947c8c46f25f6,395,1,0.0,2,1,1,211,Lost Customers
05040c74e2cd51e7d6fd425b5c94a37f,192,1,0.0,4,1,1,411,Need Attention
0506e79c51716904929e3f50a05d38c3,81,1,0.0,5,1,1,511,Need Attention
05080e528ffd17731221b7eb05e9c026,102,1,0.0,5,1,1,511,Need Attention
050f82d832f1d20ec2d3c4e0bf13996c,294,1,69.99,3,1,3,313,Need Attention
050f9cf69723c91054d44c3b3a1e7ac2,58,1,0.0,5,1,1,511,Need Attention
05105abc98016eb044d450d5e60de1b2,409,1,55.9,1,1,3,113,Need Attention
05114881a5aab7df4a187e73f7ba33c9,192,1,0.0,4,1,1,411,Need Attention
0514d58859a4a5ca6476885ba50b2f6b,398,1,89.9,2,1,4,214,Need Attention
052862d82d6f60b7f189002fd598a135,367,1,69.99,2,1,3,213,Need Attention
052ad6288149460cb16d585299139e28,410,1,89.9,1,1,4,114,Need Attention
052def2a27b8894dd207c36345ce1e9c,105,1,27.9,5,1,2,512,Need Attention
053617486d590f6e06a7e027e6e3914f,413,1,149.8,1,1,4,114,Need Attention
053f7850c3ffd9726cff61c7e42af797,448,1,22.0,1,1,2,112,Lost Customers
05453ef86290884066d89d2ec2dcd0a2,593,1,99.9,1,1,4,114,Need Attention
0549ef973c77b27ad1c186e845f72a5c,330,1,29.0,2,1,2,212,Lost Customers
056cdea81f2a09768fd9dc7e0b45e1ec,402,1,54.9,2,1,3,213,Need Attention
0570089e1e1b3cf57b7f7d545cb204aa,476,1,92.89,1,1,4,114,Need Attention
057854159bbc3a0aca93bbecd210c495,466,1,54.9,1,1,3,113,Need Attention
0581b683b2965a9e6c11e0d1059a751e,418,1,134.9,1,1,4,114,Need Attention
058e28fceb01698d7eefe53e8fe2ce9e,469,1,50.0,1,1,3,113,Need Attention
0598dd4eaa6611265e192ffa2e8133aa,165,1,119.8,4,1,4,414,Need Attention
059ba8400bf965adf606ecc7ef3396e9,179,1,185.0,4,1,5,415,Need Attention
059d9f786496163334e5ea84c053917a,74,1,795.0,5,1,5,515,Need Attention
05a2a8159b5f30e79614ae9e14cafc4a,484,1,47.9,1,1,2,112,Lost Customers
05a3b50193563913613acada5c86b1d2,460,1,109.9,1,1,4,114,Need Attention
05b5bf96be35948171c3ddbf97c7536b,381,1,59.9,2,1,3,213,Need Attention
05b6f8d94c378446bcfe5cb4f75785b1,262,1,59.99,3,1,3,313,Need Attention
05bc8e1bebeff93bdf784213a7aed5d7,102,1,110.0,5,1,4,514,Need Attention
05c111320b7353c49806016020b89a05,428,1,0.0,1,1,1,111,Lost Customers
05cc11f944a9cc2f8dd41fae770c313d,129,1,1020.0,4,1,5,415,Need Attention
05db15e48c7ed44cff9dfaa4f374f3dc,158,1,0.0,4,1,1,411,Need Attention
05e07c4abd22863100e52617e94304aa,185,1,250.0,4,1,5,415,Need Attention
05e2937c555f3732b8243574d2422b06,396,1,34.9,2,1,2,212,Lost Customers
05eb062756e6d4358e72b1caf0ec22b1,134,1,1399.0,4,1,5,415,Need Attention
05eecdc8cf80e10dc84ce98e448fff8b,500,1,34.9,1,1,2,112,Lost Customers
05ef855308303397f1427f29470bb6ab,231,1,34.99,3,1,2,312,Need Attention
05f20ede6bed5ad392953e8b43583336,531,1,220.0,1,1,5,115,Need Attention
05fef3a82802270f3bfb10eaa50b29c1,469,1,94.9,1,1,4,114,Need Attention
060874c9cbadb6df3d73ddea97e55bf7,203,1,89.0,4,1,3,413,Need Attention
06111e0492566045ae9964005f551856,233,1,48.0,3,1,2,312,Need Attention
06228f2a5c6b8d5b97c9dde4c675f086,592,1,49.9,1,1,3,113,Need Attention
06285644a5dcbd27f078ec193ef2fc72,420,1,199.7,1,1,5,115,Need Attention
0629b2e23c657cde1105b8282ba336ae,213,1,39.49,3,1,2,312,Need Attention
062ec661249087a0e2560ab089b7e722,545,1,98.99,1,1,4,114,Need Attention
063eef0d1ead8ee785783e95df82137e,191,1,91.98,4,1,4,414,Need Attention
06437dfb2aec58f76036b3c3ee36d9b1,222,1,26.9,3,1,2,312,Need Attention
0645628d52f5d19300ea0a33accdf4f4,196,1,12.9,4,1,2,412,Need Attention
0655191062e3fe49b0f128131c62d1ae,298,1,55.92,2,1,3,213,Need Attention
0659eceb7d1f69c93d5513ff50c43842,122,1,0.0,4,1,1,411,Need Attention
065b9e6198f11dbdf7fc1250f9e08afc,317,1,199.0,2,1,5,215,Need Attention
065cdd031a7020e43fd91cd421549f5e,55,1,49.9,5,1,3,513,Need Attention
066c700f59d3849deebee44bc2f83ebc,189,1,69.9,4,1,3,413,Need Attention
0675829d0abdb673030149101e86488b,155,1,56.7,4,1,3,413,Need Attention
067c8117bd9b4f406301921f6bcfb04e,257,1,139.8,3,1,4,314,Need Attention
067d22395c78dfe68b327a9444ea48f6,249,1,149.99,3,1,4,314,Need Attention
0680711d6e757ec7287a047650d3896b,349,1,0.0,2,1,1,211,Lost Customers
0688198ee392c92540c81f5a3f2b3655,38,1,0.0,5,1,1,511,Need Attention
068bcff7a462c34ec6d5079013687979,354,1,68.9,2,1,3,213,Need Attention
0694d901d7d88ffc1781dacfda6cd048,62,1,38.0,5,1,2,512,Need Attention
0698b42dd37c77db1c056d415e028737,216,1,27.93,3,1,2,312,Need Attention
069ae72e12aa7c92b8a87dda4ccb86ac,548,1,0.0,1,1,1,111,Lost Customers
069d3082416b15225a220a70bbeeae99,566,1,343.4,1,1,5,115,Need Attention
06b09ac453b055904d78d2949972abe7,104,1,65.0,5,1,3,513,Need Attention
06b672c7ae6d7ef4cbe41318c397537a,197,1,109.9,4,1,4,414,Need Attention
06bf11f58f4a6b5ab7dd1623404bf672,99,1,42.97,5,1,2,512,Need Attention
06c0e20a617982c7a5113459fde779a4,544,1,897.0,1,1,5,115,Need Attention
06c3368c76b358fe15f52b24af23432a,126,1,79.9,4,1,3,413,Need Attention
06f1d66196374b588fbf7cbc2793874d,231,1,0.0,3,1,1,311,Need Attention
06f9fe91f0a7dbbd4c78ddecb3562486,286,1,99.9,3,1,4,314,Need Attention
06fc096ec2387d11747ae31a57cd2551,330,1,0.0,2,1,1,211,Lost Customers
07187fdb640eb2923d831b48ce809b54,420,1,153.0,1,1,5,115,Need Attention
071bb277b0146da77fac31e70657815e,439,1,84.99,1,1,3,113,Need Attention
071cabf48b9a52a0138a68d3600c3cf5,190,1,81.0,4,1,3,413,Need Attention
071d97c65d17dd64aeb08dd196aa0c26,429,1,69.0,1,1,3,113,Need Attention
0720894ca242f4a59d328ac214def1b2,312,1,37.99,2,1,2,212,Lost Customers
07254adf22ae81855ca01d9a5cda3264,156,1,19.99,4,1,2,412,Need Attention
07489df2af9f3c943921ab6cda4c7202,295,1,24.9,2,1,2,212,Lost Customers
075f9dd6470835295f76e7f15b791e82,284,1,109.9,3,1,4,314,Need Attention
076fae3f09eb7ff1b41f2dcbd96e867f,244,1,86.9,3,1,3,313,Need Attention
078401292a38d006a34bb0c4b31f6e31,244,1,0.0,3,1,1,311,Need Attention
078bbabc3259184e037b720543d4c90a,94,1,17.0,5,1,2,512,Need Attention
078f93f1bb62cdaf1d78addb2ba283bb,143,1,35.0,4,1,2,412,Need Attention
079ad4f138ec38e726e7d9ac51ae1410,200,1,1635.0,4,1,5,415,Need Attention
07a421ede5046fc7bf8af5609afaa05c,441,1,199.0,1,1,5,115,Need Attention
07aa2ff08a800a8e109f9a6273b3eaa9,225,1,149.9,3,1,4,314,Need Attention
07b28cf1d8515d08ccca505e273fffaf,545,1,482.9,1,1,5,115,Need Attention
07bad5b1e0e91c68a35bc7efc680f909,553,1,98.0,1,1,4,114,Need Attention
07beefe7a3bf2d35b846e135b1e29d3d,299,1,159.9,2,1,5,215,Need Attention
07c6a18a7a0ed9ae97808d25bbdb38fb,277,1,32.0,3,1,2,312,Need Attention
07c7ce958d4fc8ecdad390153fc60079,422,1,0.0,1,1,1,111,Lost Customers
07c8fde388fee352835f27b3ef13ff12,162,1,56.25,4,1,3,413,Need Attention
07c9259c1afcbd1f6b416d9985782083,590,1,0.0,1,1,1,111,Lost Customers
07d04d1635ec5d81de0045c612783e01,171,1,65.0,4,1,3,413,Need Attention
07d49575e9eb300156daf8a365fb19fb,438,1,34.9,1,1,2,112,Lost Customers
07d5b1f9bdd053347f0213187b343ac9,715,1,0.0,1,1,1,111,Lost Customers
07d743c857ab9a05f2863d4aca57db81,375,1,87.8,2,1,3,213,Need Attention
07da55ca1be33c14e4f02f24a3f6de6e,316,1,80.0,2,1,3,213,Need Attention
07e4a65ee83e6cbc3c7f30fa45300eb2,101,1,25.9,5,1,2,512,Need Attention
07f128adacba85a6424f2f160812f487,243,1,0.0,3,1,1,311,Need Attention
07f73198f5bbc83c1ad9806a7ca28144,386,1,45.99,2,1,2,212,Lost Customers
07fbf7cd2d1a81e2c4f88c9ff0148815,138,1,79.98,4,1,3,413,Need Attention
07ffc0a2aee8f8f50a47b9a4787926d3,231,1,105.0,3,1,4,314,Need Attention
0804b7c052be7ad1e35eb32f8b92c5cf,224,1,1379.78,3,1,5,315,Need Attention
08075209946259e581ef013969467e85,72,1,179.89,5,1,5,515,Need Attention
0807baeeeaa1309effbd9a9dee41ab17,176,1,105.0,4,1,4,414,Need Attention
080acede34dc0ae044967011924a273a,79,1,149.8,5,1,4,514,Need Attention
08114c58968d782002f7cbb2d4cdf823,601,1,71.0,1,1,3,113,Need Attention
08142acc8309337e9dfd631c5f41da27,273,1,149.9,3,1,4,314,Need Attention
0815bd70689b5bb8ba3993746c9574a0,492,1,50.0,1,1,3,113,Need Attention
081e0e600cfd38bd7eabb583b2af18a3,120,1,99.99,4,1,4,414,Need Attention
0820b88e46f48599042bd627fe954b66,70,1,1050.0,5,1,5,515,Need Attention
083ce299ea3fc1eba79bd0b17f64555b,28,1,49.89,5,1,3,513,Need Attention
084a1adef368b0d738db72ea6cf5d196,568,1,25.99,1,1,2,112,Lost Customers
085927781359b6edec85db5ecd78fae2,256,1,139.0,3,1,4,314,Need Attention
085bac9935b660f86e84dae80040f735,56,1,39.99,5,1,2,512,Need Attention
085d2f970d64f92ebc2f4456077e548d,127,1,199.0,4,1,5,415,Need Attention
086230886f279f9160a8d29bd66dd431,159,1,516.0,4,1,5,415,Need Attention
08642cd329066fe11ec63293f714f2f8,1,1,0.0,5,1,1,511,Need Attention
086f85b4c326262b4fcaa419914c949a,150,1,25.0,4,1,2,412,Need Attention
08866945ffb898dc38546a5322439203,470,1,159.9,1,1,5,115,Need Attention
088c8450e52617191d11971c40e388f2,66,1,99.9,5,1,4,514,Need Attention
0895c61a77b305efdfad13596c749c60,163,1,0.0,4,1,1,411,Need Attention
089967e5aa13d5ab166c175f555ab0d8,109,1,299.0,5,1,5,515,Need Attention
089b7f0bd3654dae116bbef61b197fea,313,1,34.49,2,1,2,212,Lost Customers
08a8e6e7993db052baf012f977f0f0d5,42,1,19.49,5,1,2,512,Need Attention
08b1a8aac0cd0ae1efff771bb98f19b6,105,1,249.0,5,1,5,515,Need Attention
08c07c761592a71b85136aa4fe76a6f4,167,1,0.0,4,1,1,411,Need Attention
08c563a0e00983d634746efc2cd9fad6,333,1,0.0,2,1,1,211,Lost Customers
08c8daf7d9ab792cfa1f117599918913,175,1,79.98,4,1,3,413,Need Attention
08d2b18f8862714c1dfc52561a8dae27,168,1,99.0,4,1,4,414,Need Attention
08de4d9507128e2ad419e26cc4f22b65,26,1,0.0,5,1,1,511,Need Attention
08ee228ac0904cda30a9369de7d1dd4e,46,1,164.98,5,1,5,515,Need Attention
08fb46d35bb3ab4037202c23592d1259,108,1,0.0,5,1,1,511,Need Attention
08fc49193154721a4498d38335c9a77b,298,1,0.0,2,1,1,211,Lost Customers
0902b91d17bd2b9675664f8a4d6565c6,560,1,109.9,1,1,4,114,Need Attention
0920c55955b78533a8319ad1d08baa2f,191,1,0.0,4,1,1,411,Need Attention
0927468f5b9af266432a47173a7f8209,276,1,37.99,3,1,2,312,Need Attention
09310e5f8b0a45ef89b824cd83ab5252,253,1,0.0,3,1,1,311,Need Attention
0932d84be1bb7b48cc56d8029b817271,45,1,41.0,5,1,2,512,Need Attention
093867242be0187d46b7ffbd01028078,359,1,269.73,2,1,5,215,Need Attention
093cfe240a2714354fc5138411f9ae50,516,1,79.9,1,1,3,113,Need Attention
0942eedfe0e865b2a80419a14672286f,590,1,149.9,1,1,4,114,Need Attention
095750ddb298ee4c2eb21ef1311b418a,208,1,700.0,3,1,5,315,Need Attention
095f244a8496bb26d8eefbc7848e08f2,464,1,0.0,1,1,1,111,Lost Customers
09605a03a6f90c9347a279e67dd07cbc,36,1,72.88,5,1,3,513,Need Attention
0968abdc1c0e00d5d8ef0c6c8b9fe054,301,1,119.9,2,1,4,214,Need Attention
097442a1538f33ea89dbbe3779fe6db0,453,1,99.99,1,1,4,114,Need Attention
0980adc99590048735ae43d0cc619550,407,1,379.9,2,1,5,215,Need Attention
09831ff6ab667f42521bcd4c22dc755c,180,1,0.0,4,1,1,411,Need Attention
0987afae3c26e659141ac3e4c996c5ee,295,1,0.0,2,1,1,211,Lost Customers
09928c4afa1c45cfcf099b3b13889719,60,1,328.0,5,1,5,515,Need Attention
09976ab240099cc26220384fa752e4f1,172,1,74.99,4,1,3,413,Need Attention
099ca0f60f869898203011b81ad6078a,103,1,32.9,5,1,2,512,Need Attention
09a2a3befff4ee3680617f07d9b473ed,482,1,83.36,1,1,3,113,Need Attention
09b9f8efd35809e5e8e5f58b0588dac9,392,1,199.99,2,1,5,215,Need Attention
09c03c5c2c4782bf7b359cbe07e4250f,368,1,0.0,2,1,1,211,Lost Customers
09c361fed7245568f0f104496ed4f92f,300,1,98.97,2,1,4,214,Need Attention
09dbe1dd4da682e97b14151ff8677f34,105,1,24.9,5,1,2,512,Need Attention
09ec740fbf182446388824c67a5fb78d,224,1,55.9,3,1,3,313,Need Attention
09f890c3ae1626f1044e52e1c8d3707a,32,1,39.16,5,1,2,512,Need Attention
09fad357ab8ae207c25f8a174339ff15,540,1,49.9,1,1,3,113,Need Attention
09fff3b550fb099d044fb43d30f2da6e,375,1,0.0,2,1,1,211,Lost Customers
0a0a0dfb438e7ba3e91ec9579d9792b0,433,1,34.99,1,1,2,112,Lost Customers
0a0c4bf0b7fcb55a0d43abff1ea4569f,65,1,77.9,5,1,3,513,Need Attention
0a11a4d0e9f9e864f03a7451f0f255b6,438,1,0.0,1,1,1,111,Lost Customers
0a1d505323970813602fb0a7c50aa484,171,1,32.9,4,1,2,412,Need Attention
0a26f4521f4fc88f90d29a5ebc930e63,40,1,44.9,5,1,2,512,Need Attention
0a289ff546b41e561b900c97b7bf6c78,170,1,16.99,4,1,2,412,Need Attention
0a2b658f48dd6b980011a226cf09494d,93,1,0.0,5,1,1,511,Need Attention
0a3f8040b6aac1d8add29db655c3e463,329,1,56.99,2,1,3,213,Need Attention
0a4872ccd069dddcc8870e7ad4df6214,219,1,10.99,3,1,1,311,Need Attention
0a4c57438bd5b91dc9e09ac988493a9e,48,1,89.9,5,1,4,514,Need Attention
0a56b53b96fc69f9d9aa8a0d4037c900,302,1,72.48,2,1,3,213,Need Attention
0a5df23b922b9998bb7378f1ac03c98a,357,1,29.99,2,1,2,212,Lost Customers
0a5fa7113e2ce10ce82df667b7098932,212,1,0.0,3,1,1,311,Need Attention
0a609db8d244100909a15d65eadf8539,337,1,37.99,2,1,2,212,Lost Customers
0a7c72fec6e7d7917460e5a26f09dce9,296,1,0.0,2,1,1,211,Lost Customers
0a7f273743dfadb018886024d7e1a8d6,412,1,326.16,1,1,5,115,Need Attention
0a8ae1a2b8d6524ba8b19208b6b6e1f6,167,1,87.0,4,1,3,413,Need Attention
0a8c1dca34c99bbb023b3b1b09735bfa,312,1,16.97,2,1,2,212,Lost Customers
0a91529edd0e0e5aaf2d64f8ecd9dfa8,233,1,149.9,3,1,4,314,Need Attention
0aa7d3df6008a3d5aa9db07e65cef5d3,351,1,0.0,2,1,1,211,Lost Customers
0aadc1d26d1c8b88a52c39a533ccea93,297,1,1359.92,2,1,5,215,Need Attention
0ac32dafa635f87523a45ca405e82079,271,1,179.99,3,1,5,315,Need Attention
0accfc28d252c3155b25991b5b9e7ea5,329,1,33.49,2,1,2,212,Lost Customers
0acf30b91a76fe44ccc15e1717dfb672,357,1,134.9,2,1,4,214,Need Attention
0ad45166f7c608cea70cffc074e78e4b,530,1,289.9,1,1,5,115,Need Attention
0adb4a6277959c538f115b485f2b0495,411,1,45.0,1,1,2,112,Lost Customers
0adf2fc24a06dc36031666d008044c6e,422,1,37.99,1,1,2,112,Lost Customers
0adf44c3e8a6c03dd46457908ebd9b82,63,1,77.5,5,1,3,513,Need Attention
0ae899ccc7701f38427bc48b7d52eb22,103,1,129.0,5,1,4,514,Need Attention
0af856b84f956b11317832a27b18ff4b,51,1,0.0,5,1,1,511,Need Attention
0b07eea0b93324ae3c2ce0ede76b95c9,214,1,129.9,3,1,4,314,Need Attention
0b0dfd34c502d62ab405edfc40bccf85,562,1,98.99,1,1,4,114,Need Attention
0b12f11a86385b5ddea612161375ec68,377,1,0.0,2,1,1,211,Lost Customers
0b142164e5db564242b9a924fb8bc171,276,1,59.99,3,1,3,313,Need Attention
0b2866e8bcd0c3ae5c35cf81f7f68219,344,1,13.9,2,1,2,212,Lost Customers
0b3035733532ec8176a6dfcbde18815c,288,1,122.0,3,1,4,314,Need Attention
0b305bb360d9372963fd0f464eb34d20,477,1,129.9,1,1,4,114,Need Attention
0b355a14c548a718b4e423a3914bdc17,471,1,0.0,1,1,1,111,Lost Customers
0b388905f710fa603f635906bc9afacf,544,1,0.0,1,1,1,111,Lost Customers
0b49c33f53bc3d731cfc40dd36cc1b31,246,1,57.8,3,1,3,313,Need Attention
0b5ad91465a83091bf1895d85a4267f9,126,1,24.6,4,1,2,412,Need Attention
0b5fbc764612225ace7795b93b38aa35,241,1,53.0,3,1,3,313,Need Attention
0b6046cd8b7b9a8ddc7c2996bc719de8,145,1,0.0,4,1,1,411,Need Attention
0b634a0a63edf40fb50440d7093d8b5e,433,1,34.9,1,1,2,112,Lost Customers
0b63891bfcfcede37c648664908e6cb3,454,1,49.9,1,1,3,113,Need Attention
0b83f73b19c2019e182fd552c048a22c,172,1,93.0,4,1,4,414,Need Attention
0b8a4ac66e2edd1e8423e2016dc5b9b6,204,1,33.9,3,1,2,312,Need Attention
0b8dab578db3ef19b68e4e228e5e8fea,159,1,53.9,4,1,3,413,Need Attention
0b949d3ee12ac9f871346d814ff57080,137,1,17.8,4,1,2,412,Need Attention
0ba133b294e8131231a0176e0a2f0853,448,1,129.9,1,1,4,114,Need Attention
0bc50d5cbce10d91edc3e935d068ef0b,51,1,185.9,5,1,5,515,Need Attention
0bcdf709d5d3462205328abe5387c5b8,580,1,0.0,1,1,1,111,Lost Customers
0bd0b4a708763e74a231d629b7b881fb,151,1,70.0,4,1,3,413,Need Attention
0bd4b20e684a23c50c734e740eb41e90,52,1,0.0,5,1,1,511,Need Attention
0bd4d2600b49eb951489ebc82723a4e6,89,1,60.0,5,1,3,513,Need Attention
0be176523405976a37488ad6a2b81031,110,1,0.0,5,1,1,511,Need Attention
0be23e2afd5c5d9a1c2ef6b033e2b17c,91,1,29.99,5,1,2,512,Need Attention
0be330030885cb5b0cd0fc84f90d4ad5,59,1,133.0,5,1,4,514,Need Attention
0bfb268a7a8268c6a67d71693a0c1c95,109,1,71.71,5,1,3,513,Need Attention
0bff376220c15df5b5b6d4a6273bd4c6,232,1,72.9,3,1,3,313,Need Attention
0c061e779ae6c21a1c561eb2ebc5caf7,135,1,90.0,4,1,4,414,Need Attention
0c0682ccb539fc2ae62d6437ae5feac9,25,1,99.0,5,1,4,514,Need Attention
0c083b33d177ff8667fde152bd646ef7,539,1,222.0,1,1,5,115,Need Attention
0c1010da546577eec46de55b3a0a885d,144,1,0.0,4,1,1,411,Need Attention
0c1a20644f0dc126c3eaff8dbc1bd12c,134,1,0.0,4,1,1,411,Need Attention
0c2018c190ac0a6c5a02c0bcbfaf2129,550,1,169.96,1,1,5,115,Need Attention
0c38fe229fa8230ce5a686e75d2f01d1,217,1,158.0,3,1,5,315,Need Attention
0c3a1c1585e96999bdaf83732d1fe234,296,1,75.0,2,1,3,213,Need Attention
0c3d4091777941c3c51a4408a3ec0037,171,1,37.99,4,1,2,412,Need Attention
0c408490d833fcce64944726a4cf9d8c,273,1,56.0,3,1,3,313,Need Attention
0c4266dc13e119f7b8d87ec0f31f3439,290,1,198.0,3,1,5,315,Need Attention
0c428f7733b04c35dac27a76efeec295,379,1,29.9,2,1,2,212,Lost Customers
0c4c9957a112ce55611b1425b5cea43e,473,1,97.44,1,1,4,114,Need Attention
0c57b6540cb8ed939596e4f199d637fe,81,1,29.99,5,1,2,512,Need Attention
0c5c596ff335ad6b91e78f1f328d030b,39,1,30.0,5,1,2,512,Need Attention
0c5e206ec36cc859ac0b248f2ad72e6e,455,1,89.9,1,1,4,114,Need Attention
0c6622facae49819fe1591fcc9737bb2,285,1,189.9,3,1,5,315,Need Attention
0c6a8d82ac587f081e2e2d33270a3d69,335,1,99.99,2,1,4,214,Need Attention
0c6c15ab2473cc286e292af92a34be1c,410,1,0.0,1,1,1,111,Lost Customers
0c6ea2a59dd585779e9b25d3df3ed41b,417,1,16.9,1,1,2,112,Lost Customers
0c71fffae3b89f1f4c7afd556f5d29b1,533,1,154.19,1,1,5,115,Need Attention
0c7360e4c7109f897e18fedcec400ccf,184,1,90.0,4,1,4,414,Need Attention
0c7b920c8084dc18771c014987fc49ef,593,1,0.0,1,1,1,111,Lost Customers
0c8286526be3a0fc8f50b7267db95035,511,1,159.9,1,1,5,115,Need Attention
0c83083c3578da76ef6fe35fbcab768b,106,1,103.12,5,1,4,514,Need Attention
0c857d0fdb5599b8fc5cfa1c9ba71c76,221,1,84.9,3,1,3,313,Need Attention
0c8761c28faa9b9930e4a9bb545905da,52,1,13.99,5,1,2,512,Need Attention
0c8c9d632cdaea590c5e62cdf6db4b9d,209,1,34.9,3,1,2,312,Need Attention
0c8da417423d25d53b4d3d034768c4d0,139,1,50.9,4,1,3,413,Need Attention
0c9c69e1c09db6c3891e0cfccfd05bcb,305,1,13.99,2,1,2,212,Lost Customers
0ca60f3b899e4c26f7158574acd3d628,108,1,87.0,5,1,3,513,Need Attention
0cb9be6e0e12afac27ace32e3be4051f,120,1,19.9,4,1,2,412,Need Attention
0cba4bb63764d34cf5ada48adfbe67bb,352,1,0.0,2,1,1,211,Lost Customers
0cc1db7423555763a5c9bfda44746cd0,127,1,309.0,4,1,5,415,Need Attention
0cc2ee1112a11a1094eff52fa2e87150,353,1,60.0,2,1,3,213,Need Attention
0cda37a2bb960bc86fb2a2c027f995bb,464,1,74.0,1,1,3,113,Need Attention
0ce20e3e708f0332738657e3ffdc91a6,36,1,27.0,5,1,2,512,Need Attention
0ce904893f0560890d2f0d063a30ddb6,158,1,119.6,4,1,4,414,Need Attention
0ce90ebb62619ade569740d7d7e7d623,75,1,99.9,5,1,4,514,Need Attention
0cee82b00c2425e61081b7dfc85b248f,402,1,14.99,2,1,2,212,Lost Customers
0cf146e84935a5208ef3047a2b64ae4b,412,1,59.9,1,1,3,113,Need Attention
0cf298709182f431d7a2e59b730a6f13,484,1,124.8,1,1,4,114,Need Attention
0cfe42acc51af3f1b24268032e51bc56,193,1,0.0,4,1,1,411,Need Attention
0d02eb399c6520fbf8f938611878578c,30,1,0.0,5,1,1,511,Need Attention
0d0481ffb0bb25cfc9ba06c02bba0ecf,149,1,109.99,4,1,4,414,Need Attention
0d062c3c954a9f461c2be3e19cb99ae2,456,1,59.9,1,1,3,113,Need Attention
0d0d4be2d80d6fbd026b791312f58268,354,1,0.0,2,1,1,211,Lost Customers
0d16d92d727e8800fdd5f85f00eae25b,410,1,0.0,1,1,1,111,Lost Customers
0d21499406ab7c18f548dc945b63c28c,578,1,82.99,1,1,3,113,Need Attention
0d21c75cf38638bec391a55dcabdfc05,112,1,25.0,5,1,2,512,Need Attention
0d3394dad534976f75bb0133fe18bd63,429,1,119.9,1,1,4,114,Need Attention
0d3d2bb5ba03b60324b0684e614c7c20,223,1,79.0,3,1,3,313,Need Attention
0d51e04ae0b1d341e4f49812d1f4fbe2,128,1,69.9,4,1,3,413,Need Attention
0d5d0284aba97b5fa9154c49ad861871,156,1,25.0,4,1,2,412,Need Attention
0d6b9a91ea74552ac4f5fb2fdd2f50d8,315,1,133.0,2,1,4,214,Need Attention
0d75e26f60500a90bbf13fa2b9af61cb,70,1,94.0,5,1,4,514,Need Attention
0d7a6ee9d351c0856e4858cb84f26c3c,36,1,99.9,5,1,4,514,Need Attention
0d8b6f37ce56eb5679cf690b59318b4c,39,1,38.0,5,1,2,512,Need Attention
0d997d092f93b5c58d0f9b4bd0643d16,293,1,0.0,3,1,1,311,Need Attention
0da5d29e1943c7ae0d4454c12cb6abfa,338,1,70.0,2,1,3,213,Need Attention
0da8a21fd4fb57463c7897ad901c7bf9,250,1,189.9,3,1,5,315,Need Attention
0dbc24537874e27e8e2908dfdedfcc8d,219,1,24.99,3,1,2,312,Need Attention
0dbe6acfe4256b6babf9463aba634648,388,1,34.99,2,1,2,212,Lost Customers
0dbf75634e9cdb8dfef760501cf983a8,191,1,0.0,4,1,1,411,Need Attention
0dc9c8d77cfdc1d53d8378286c77de05,300,1,0.0,2,1,1,211,Lost Customers
0dd47ea03f3e61825df9e2bc94c292f1,458,1,0.0,1,1,1,111,Lost Customers
0dda24b8a802f6876acc46861ea17903,223,1,0.0,3,1,1,311,Need Attention
0ddba04798f1c085d0ca93af0e91f6c1,218,1,67.9,3,1,3,313,Need Attention
0df267ff602ed14c586c8e6de3e9bc6e,150,1,63.0,4,1,3,413,Need Attention
0df55f5accedda71bda8f4c7f590951f,218,1,0.0,3,1,1,311,Need Attention
0e06af8004ffd01a3461e768f9f659aa,305,1,129.0,2,1,4,214,Need Attention
0e0962c6edb63ee9c5ea0f4f8d73a86e,93,1,399.8,5,1,5,515,Need Attention
0e1aa2e5d9087f8f34d2e6913d6891dd,165,1,153.4,4,1,5,415,Need Attention
0e2fd48c6bf362339bff97193d659b20,106,1,78.0,5,1,3,513,Need Attention
0e38dd51940c6c4af6383a19d473007a,441,1,17.5,1,1,2,112,Lost Customers
0e3adc3a3ad71718fc412a1d0d5fbc11,193,1,22.95,4,1,2,412,Need Attention
0e487a86f19716345813729b7b7361c5,547,1,49.9,1,1,3,113,Need Attention
0e52335ca066271c324be8289cae3251,85,1,66.99,5,1,3,513,Need Attention
0e5858cb988e7b7905f137dd56147574,508,1,29.9,1,1,2,112,Lost Customers
0e634b16e4c585acbd7b2e8276ce6677,233,1,0.0,3,1,1,311,Need Attention
0e662bf6962c28aca8d2e6ebfe053de7,231,1,419.9,3,1,5,315,Need Attention
0e6d20df2d2c4ba9283ad121dee84e1b,302,1,99.9,2,1,4,214,Need Attention
0e764fc1a13e47e900c3d59a989753e8,152,1,318.0,4,1,5,415,Need Attention
0e78d5d8e92c4454512d545b10be8585,443,1,0.0,1,1,1,111,Lost Customers
0e7a4804f1665261e1257726779f6348,330,1,119.8,2,1,4,214,Need Attention
0e7c4a936f7e9a445f9acebb8922b61f,248,1,189.0,3,1,5,315,Need Attention
0e7f8d40e42c2fe70b2115e2121bf4eb,311,1,0.0,2,1,1,211,Lost Customers
0e81b4d6355f0cdec4bc81b5dd1f410f,501,1,189.0,1,1,5,115,Need Attention
0e8a143471b03abf182926e26af07e7a,425,1,59.9,1,1,3,113,Need Attention
0e914929d9935db92beddb5f3b551a96,252,1,12.98,3,1,2,312,Need Attention
0e9bafe047d5c6fe3fd8ef6bcdce9a1a,24,1,0.0,5,1,1,511,Need Attention
0e9e4d1bdc6bfbb9646cb1ecf19d696f,297,1,298.0,2,1,5,215,Need Attention
0eab82e58c1b71bfb9f2c7dd966e8cff,378,1,229.0,2,1,5,215,Need Attention
0ebbc7eb66eec02dbf8ec16bf4df7d4a,115,1,0.0,5,1,1,511,Need Attention
0eda70ee0a5a968a8371d95328de0c21,372,1,51.2,2,1,3,213,Need Attention
0ee02c020cf6a1d5af1f44febcec7e69,175,1,149.99,4,1,4,414,Need Attention
0efdde54b9e08d009874be9231dfe635,379,1,174.9,2,1,5,215,Need Attention
0f04a72a4b5d5889a83916f2342c9123,569,1,45.9,1,1,2,112,Lost Customers
0f0891bce8c3efed9ec2e5a9bcb1aeb3,217,1,149.9,3,1,4,314,Need Attention
0f0b49d45120fcb28bda56e94bc85673,225,1,325.0,3,1,5,315,Need Attention
0f15654c2819f53ab1b7f53330f457ac,112,1,219.0,5,1,5,515,Need Attention
0f236e51bb703ddf0e311f3520600065,248,1,184.0,3,1,5,315,Need Attention
0f3109759dc1e5fb56f3b1d08ceeaace,353,1,11.8,2,1,2,212,Lost Customers
0f353525357083cc19531bb61d5594e6,98,1,0.0,5,1,1,511,Need Attention
0f38a44168ec569a3f783ebf98d79095,303,1,50.0,2,1,3,213,Need Attention
0f434e80c98c8d4e48a1563671234223,298,1,69.9,2,1,3,213,Need Attention
0f47ee9839f0c5f608cc69ebe59f0001,137,1,148.0,4,1,4,414,Need Attention
0f520a55a204a95018cd59a31e7d000a,484,1,99.9,1,1,4,114,Need Attention
0f524b9f56efaf32d066ef999d95840e,80,1,296.5,5,1,5,515,Need Attention
0f5974d48b53c84eab42f27ff30a4bcd,429,1,179.99,1,1,5,115,Need Attention
0f6c4fedab0af76f3af23a6c65efbdc3,70,1,59.9,5,1,3,513,Need Attention
0f6e32b2c661f1d00553a1d7132c9db2,408,1,23.8,2,1,2,212,Lost Customers
0f85d4210164b5926aa49e6eda6cd06e,46,1,0.0,5,1,1,511,Need Attention
0f95258527026365d80664a88544bdbb,169,1,0.0,4,1,1,411,Need Attention
0f959f179a3451d6c6bca46040b52b68,259,1,179.0,3,1,5,315,Need Attention
0fa37740a3371e759a99e0acc2d533c2,423,1,49.99,1,1,3,113,Need Attention
0fa43f164a88bfd96f05ab1fcbeca41c,466,1,529.99,1,1,5,115,Need Attention
0fa4a064989236797d08591a95b05311,282,1,59.0,3,1,3,313,Need Attention
0fafcdf86099987d7b3e0ebac9e8af2d,105,1,165.9,5,1,5,515,Need Attention
0fc613bbfaee6a943e2c8d02aab97a7e,233,1,105.0,3,1,4,314,Need Attention
0fce02538969e210a9e1b27b515ccaad,155,1,99.49,4,1,4,414,Need Attention
0fd107db0fd0dec34c21b6269549ffab,129,1,0.0,4,1,1,411,Need Attention
0fd18d821e025515612a466c926ff664,334,1,42.9,2,1,2,212,Lost Customers
0fdc0d21e1983e8af4d399e17671f76d,200,1,195.54,4,1,5,415,Need Attention
0fdfbef2ae337480fe00523dac271cb3,272,1,219.8,3,1,5,315,Need Attention
0fe1ce06ed231600c5c0213e7d920627,39,1,0.0,5,1,1,511,Need Attention
0fe4648879b1c1206113180c42df57aa,575,1,0.0,1,1,1,111,Lost Customers
0ff3cddcf62afdff48dddaf22aaf0fee,432,1,116.6,1,1,4,114,Need Attention
1003a1d72627f1a71f255e239aaa4bfd,133,1,1129.99,4,1,5,415,Need Attention
1003a6796395c39384cbaeafd51392d8,104,1,0.0,5,1,1,511,Need Attention
1006daf2f4f3b40848bdb64d356b4b39,189,1,49.99,4,1,3,413,Need Attention
100a1a0fe9f738719f7b63e3eadf5ebe,181,1,277.9,4,1,5,415,Need Attention
100ba738fd8e0a1d912994be2bd20e87,174,1,37.0,4,1,2,412,Need Attention
100d08e468b4c7427787b5db91042d67,122,1,0.0,4,1,1,411,Need Attention
1015173479527a15ccb63606a74f404e,381,1,164.9,2,1,5,215,Need Attention
1016fdb943a9d972e1feb76f053b3535,146,1,0.0,4,1,1,411,Need Attention
101968800abfdd1b81ae25d804eadafb,591,1,29.99,1,1,2,112,Lost Customers
1024c5cd62d38352351e537638162793,251,1,157.77,3,1,5,315,Need Attention
1033c72c41b1e8f0ed67a793ea8d8501,520,1,0.0,1,1,1,111,Lost Customers
103618505393998f2192cb78f7bab338,405,1,50.0,2,1,3,213,Need Attention
103838ffc9a90c22e78aae22c57b7f2e,38,1,33.9,5,1,2,512,Need Attention
104f7393b136186670b805468fbeeac3,440,1,59.9,1,1,3,113,Need Attention
104ffa1d4881f8e36d50f80319f7400b,153,1,29.99,4,1,2,412,Need Attention
105de65c9664802b116bce00da47b9a4,276,1,29.99,3,1,2,312,Need Attention
106106992030e0d83e6f1bc9d4054070,490,1,359.8,1,1,5,115,Need Attention
10669e874b7ddaab97d6d539578576d7,500,1,36.9,1,1,2,112,Lost Customers
106abb15071cec3557f8cd3b89384e99,175,1,499.99,4,1,5,415,Need Attention
106fc159590d2e39a532f3f56259df49,289,1,47.3,3,1,2,312,Need Attention
10781139baee5b4ca3d36d419b870204,315,1,0.0,2,1,1,211,Lost Customers
10837ec2278f48b91274e961ee27e699,376,1,669.99,2,1,5,215,Need Attention
10867a902e32dd54061b2cda9c55b0b6,206,1,0.0,3,1,1,311,Need Attention
10903bb91fbe71e98f0c18940fddac03,123,1,75.9,4,1,3,413,Need Attention
10919da10fd0f46b4c9e79cf757d8a09,78,1,78.0,5,1,3,513,Need Attention
10936b5134f21f582fbc02f383d76572,540,1,129.96,1,1,4,114,Need Attention
10aa79627a28350b5c121a124096cb18,443,1,29.9,1,1,2,112,Lost Customers
10d23a44c8eb20d89a2672331327f324,279,1,394.65,3,1,5,315,Need Attention
10d868802b4d4a2e983e826abd14fb84,501,1,176.99,1,1,5,115,Need Attention
10db098f009507e2269cdee581d5a0e6,339,1,25.8,2,1,2,212,Lost Customers
10dbffc4a798d018f58224da1162b90e,330,1,1437.0,2,1,5,215,Need Attention
10e49a12540465d3141f898aeee0a6b4,576,1,25.99,1,1,2,112,Lost Customers
10ec21ca9dda867eb24ecc979180d09a,253,1,29.5,3,1,2,312,Need Attention
110934758b1585194afe1c0134c1dd35,111,1,84.9,5,1,3,513,Need Attention
1112bfca4fa2b84c667208c943de7c20,309,1,89.99,2,1,4,214,Need Attention
11160ccb67a77abe36dd062bd2701a04,308,1,32.9,2,1,2,212,Lost Customers
111d66d3907db5577e964943c6374197,296,1,12.99,2,1,2,212,Lost Customers
1128c1fa085cce5576a2aef4b694a1b4,129,1,0.0,4,1,1,411,Need Attention
11301f323f8e1334478e701ad8892230,278,1,129.0,3,1,4,314,Need Attention
11305b095e007c3b8caac9fe84550765,350,1,129.9,2,1,4,214,Need Attention
113271b647a5f12bd3f41c1e37f78c1d,140,1,59.9,4,1,3,413,Need Attention
11375e463611310a6d7acfba83dc1fd7,272,1,0.0,3,1,1,311,Need Attention
11444f8161e51e1d513a6adfc41e629e,145,1,16.0,4,1,2,412,Need Attention
1148e7e1daf6d2378b814e90506e9d26,101,1,118.9,5,1,4,514,Need Attention
115b32ea5bce18ca0f4d63e9f5262cea,292,1,120.0,3,1,4,314,Need Attention
116490c868c239247db4417b68c9b435,564,1,89.9,1,1,4,114,Need Attention
1173f22649da8262e24cc715bc3daf98,366,1,0.0,2,1,1,211,Lost Customers
1175e95fb47ddff9de6b2b06188f7e0d,246,1,29.99,3,1,2,312,Need Attention
1176d8491a0ae7e42bc65b08ddd1d924,162,1,44.9,4,1,2,412,Need Attention
1177ffc12e57d165dd64077a4bbcd77c,163,1,34.2,4,1,2,412,Need Attention
1188233025a9769168e1f1f1981c2444,466,1,149.84,1,1,4,114,Need Attention
1189eed4ac5a6e257d5235d6c320c204,361,1,10.9,2,1,1,211,Lost Customers
1195277e191f958d98f9172a1111a64e,227,1,0.0,3,1,1,311,Need Attention
11992a16f977690eb132cd13e9899225,480,1,119.99,1,1,4,114,Need Attention
119cb28909c55bbc281118dd8a086906,189,1,18.9,4,1,2,412,Need Attention
11a3ebf9df2955bc0963bc4b6c629086,421,1,0.0,1,1,1,111,Lost Customers
11c3d6c93dea6ce86769a4835c171bd9,239,1,71.8,3,1,3,313,Need Attention
11c544bcf003c0ba2817787a6e1fa69f,421,1,0.0,1,1,1,111,Lost Customers
11c551198de8f2598a490db02304cdbe,64,1,0.0,5,1,1,511,Need Attention
11c6370fa35c524098f44a6c6d0582ed,25,1,24.99,5,1,2,512,Need Attention
11d07d8ffcdb81279bb38d710648ce6f,400,1,33.8,2,1,2,212,Lost Customers
11d2c273e93727d6c0e516075435ae82,128,1,51.8,4,1,3,413,Need Attention
11dabe1669e29dba5a0874caa569be29,455,1,21.8,1,1,2,112,Lost Customers
11e34afed2f0357f6c4d5220228cd167,78,1,0.0,5,1,1,511,Need Attention
11e75c5cd86cd8389b80a9b6ce71d218,137,1,119.99,4,1,4,414,Need Attention
11e81b9497f68f501ac372f3cc827bbb,155,1,213.0,4,1,5,415,Need Attention
11ea710f79bf401804796bfe35fe3a2a,136,1,76.2,4,1,3,413,Need Attention
11f9374f0b84ffc98a1ae50698c2112d,214,1,82.0,3,1,3,313,Need Attention
120a6e1875940fe48a44d6cf30706230,306,1,0.0,2,1,1,211,Lost Customers
120d312c68bd6607e58c4059b219d5ae,115,1,34.9,5,1,2,512,Need Attention
1215ec4a375a52f5b9f75d951828371b,590,1,0.0,1,1,1,111,Lost Customers
123ae28184c9e80638e71d40e37adc27,397,1,29.9,2,1,2,212,Lost Customers
12456b22f2fe7567211f0f29dc7dc58e,549,1,37.98,1,1,2,112,Lost Customers
124621ab7971ddd927e021028e8f2ad1,261,1,19.9,3,1,2,312,Need Attention
1246a5ce379c363c8dff140b0e0e974c,170,1,89.79,4,1,4,414,Need Attention
125f6a093e3f2be801d70e4eaa16f9f0,204,1,130.0,3,1,4,314,Need Attention
1262c5e6cb8a5dc8c45fde0d536da589,464,1,89.9,1,1,4,114,Need Attention
1268b060098ed3f22c2e7c34cc72a1a8,517,1,0.0,1,1,1,111,Lost Customers
126b9355c7347eed73325d2e109bd369,467,1,219.99,1,1,5,115,Need Attention
127e44b144e9f8e1edf9262193bac557,273,1,19.99,3,1,2,312,Need Attention
12ab9334b1240d6d037f2b0102a49571,281,1,0.0,3,1,1,311,Need Attention
12b7b437a172086f4ee3dc7177393a85,299,1,240.0,2,1,5,215,Need Attention
12bf35aec09644582d3d803df7607246,34,1,100.9,5,1,4,514,Need Attention
12bf6178776d90da204cdf1b37d23906,249,1,0.0,3,1,1,311,Need Attention
12c4dee2137f46228b93caaeb9cb1ccc,112,1,52.8,5,1,3,513,Need Attention
12cc890391e57d7123e004856ff1f137,716,1,75.0,1,1,3,113,Need Attention
12d5abe8e60cbc8c330cd36fcda842c6,447,1,349.99,1,1,5,115,Need Attention
12d60b3f10be6303d4ed41fc27a0e490,288,1,59.0,3,1,3,313,Need Attention
12d7642e3241d015433f989199c9d7bc,80,1,0.0,5,1,1,511,Need Attention
12d9e338f349a4d5ba7ebedf1f93b26f,68,1,120.0,5,1,4,514,Need Attention
12e2cfc1a8dc424fb87cc5a7ce029007,526,1,99.99,1,1,4,114,Need Attention
12e60c0e800cc66349d537d7ea879bfd,396,1,384.93,2,1,5,215,Need Attention
12e7a2c201751ddc979e7a45cef500f3,407,1,115.0,2,1,4,214,Need Attention
12ebfdb41392890f9d7a8de957274741,124,1,2110.0,4,1,5,415,Need Attention
12f5d6e1cbf93dafd9dcc19095df0b3d,623,2,20.8,1,5,2,152,At Risk
130c85da601c2f7af7a562f716967b46,562,1,0.0,1,1,1,111,Lost Customers
13175e8f804432eb2ab5cbba1971f25b,35,1,0.0,5,1,1,511,Need Attention
131dc8b84d915d899517bd2867f62401,35,1,29.99,5,1,2,512,Need Attention
1322f42ae5165f0fa89f7a1d0f9da61a,297,1,58.99,2,1,3,213,Need Attention
1322f4f08ee126888c52044389540e3a,446,1,299.0,1,1,5,115,Need Attention
13236d13c83b9889af2c7e8b4898ab6d,226,1,34.9,3,1,2,312,Need Attention
1324de87a5e776ea480964323dc6f21f,185,1,53.9,4,1,3,413,Need Attention
132820060c20dcac4bcafeeae8713481,509,1,229.9,1,1,5,115,Need Attention
132bcd02d6f963e0199a9dc66e881fd1,490,1,69.9,1,1,3,113,Need Attention
1332bae6fb3d8461872f77e8efab21ad,337,1,289.0,2,1,5,215,Need Attention
134143c56794ae30ac87c76cd45cc351,298,1,0.0,2,1,1,211,Lost Customers
13467e882eb3a701826435ee4424f2bd,296,1,117.3,2,1,4,214,Need Attention
1353d27af23e55a4e17d000a367d682d,448,1,0.0,1,1,1,111,Lost Customers
13578dacf0e477f514e626433d7aac3f,123,1,0.0,4,1,1,411,Need Attention
136bb390be82b2f669d8805d4c3a3f76,244,1,199.0,3,1,5,315,Need Attention
13734c565ae46c49db28f97997bbcb44,308,1,0.0,2,1,1,211,Lost Customers
1373e04979cfa0fb2092909abbd57f25,170,1,229.9,4,1,5,415,Need Attention
1374dc8d69e00b2749f27505a5eb4e2d,204,1,186.0,3,1,5,315,Need Attention
1376526de7f8d851f34bcd6707dcd622,292,1,0.0,3,1,1,311,Need Attention
1376c487ee3920f2431e975211dffcb1,229,1,99.9,3,1,4,314,Need Attention
137e5e89cc2ec6ee305e6242ef3fa4c2,493,1,32.9,1,1,2,112,Lost Customers
139e1ff1cc3736d18d31c21a7e338105,340,1,269.99,2,1,5,215,Need Attention
139fb3595e26482b7aa26fd3b0dc0a97,409,1,89.9,1,1,4,114,Need Attention
13b0be49a391e3a8d23ef63fe7fbc2db,134,1,45.0,4,1,2,412,Need Attention
13b3179dcf466fbfe762b4c4d774e6af,376,1,0.0,2,1,1,211,Lost Customers
13c150eddeb625f94e1124d7617418be,487,1,0.0,1,1,1,111,Lost Customers
13d7e67a187b037979c76c75b2e79102,316,1,0.0,2,1,1,211,Lost Customers
13dbc23e2f9dd054e0ebd8d4f4f47fb4,406,1,299.0,2,1,5,215,Need Attention
13dde2bba8c4d6141b5452e3d1b22738,142,1,99.9,4,1,4,414,Need Attention
13e6b0e350ed161c70ce5447dfa173a5,316,1,149.9,2,1,4,214,Need Attention
13f2fef5cc2213fabade4ad7d32ba6ca,509,1,239.99,1,1,5,115,Need Attention
13f53d7f6a18aadc554f13ca087e9669,128,1,64.99,4,1,3,413,Need Attention
13fff243cc1910bf64dafb9bc81ccddc,386,1,519.8,2,1,5,215,Need Attention
140154967ab20917f55dbe2d3dfa1e07,280,1,55.65,3,1,3,313,Need Attention
141f1d8a1e279448ccb8fa9af62d76a7,219,1,14.4,3,1,2,312,Need Attention
14220f3da916d4a0740f0b679b842962,163,1,134.0,4,1,4,414,Need Attention
1428917cd397d4f9ac0fde76dd6f2266,208,1,0.0,3,1,1,311,Need Attention
1430d94bf355873fe5b597f212ba02fb,379,1,93.0,2,1,4,214,Need Attention
143ac1358dbb2d185d4873965fcc28e4,46,1,126.0,5,1,4,514,Need Attention
143b74c3413de432b8638a96853e1c9c,65,1,39.99,5,1,2,512,Need Attention
144b22ba90f9b1cf5bf278f0db20a355,236,1,21.9,3,1,2,312,Need Attention
144b9f1cf244df05e042b5262ecf97d1,486,1,65.0,1,1,3,113,Need Attention
1450a7cb6ba0bc92100a9a4a8a2f38e7,136,1,0.0,4,1,1,411,Need Attention
1450ca0539e1e64a77c08ba841c8be94,66,1,122.99,5,1,4,514,Need Attention
14527b4f9d84c703de9ac715e153ffd9,205,1,49.99,3,1,3,313,Need Attention
1455eed41cb077c362c1163b937e823f,227,1,219.0,3,1,5,315,Need Attention
145e875a57ee60b324e31dd3d6b24a3d,298,1,19.9,2,1,2,212,Lost Customers
14650aba2993d5db931ecd1ff160714a,31,1,77.0,5,1,3,513,Need Attention
14713b16a9e8f5b7732763d7f78d3220,491,1,5.9,1,1,1,111,Lost Customers
147324a07e96b3cfb515d94137b4a327,282,1,79.0,3,1,3,313,Need Attention
1477c54a1abe3610e3e9ab411801cecb,363,1,0.0,2,1,1,211,Lost Customers
1479d41bbd302e37d1316c996c1f55ae,294,1,569.9,3,1,5,315,Need Attention
14885ec3a15ffa02b8dc0cb52748ef9e,232,1,135.49,3,1,4,314,Need Attention
148ac6af2969e129456347e8d3dc64ea,301,1,289.0,2,1,5,215,Need Attention
14a188558af6cd5bc222ca773d395a7f,237,1,0.0,3,1,1,311,Need Attention
14a73c4d5302cea7e03c075aebcd2f81,259,1,0.0,3,1,1,311,Need Attention
14aa0f879bc9e1d191221462a5fce802,393,1,119.8,2,1,4,214,Need Attention
14aad6719aabc250f03de3beb57ad2f5,257,1,38.99,3,1,2,312,Need Attention
14ad45db79e7e1f916815d7e8503eaff,60,1,85.9,5,1,3,513,Need Attention
14b0be0b6d7e50e861943bf902bc7959,590,1,242.0,1,1,5,115,Need Attention
14b1bf4e103a2a0111a80bed3a37a3e8,126,1,0.0,4,1,1,411,Need Attention
14bca561bdb2901e80bb20800ba4bdc0,227,1,149.0,3,1,4,314,Need Attention
14cf3e40a2b5076d2d0384a7e68ca06f,45,1,1798.0,5,1,5,515,Need Attention
14d71f87f2c4ca429306d094a274dff0,466,1,98.9,1,1,4,114,Need Attention
14d84d6f3da70b5d7c26a3f551b3f4b6,257,1,29.99,3,1,2,312,Need Attention
14d854939d199fb6b6e2b49f306bcf73,228,1,0.0,3,1,1,311,Need Attention
14df1afa12b13711303026db4a326a7b,275,1,38.099999999999994,3,1,2,312,Need Attention
14e1bf91e4bb789e2bd29fc22f926742,409,1,139.9,1,1,4,114,Need Attention
14eb8f180e208b9805e196fccbbcfd13,305,1,689.0,2,1,5,215,Need Attention
14f4ae28fc0e2d071f707dbe6daaf0e3,411,1,59.9,1,1,3,113,Need Attention
14f7c220b4e0b529cb23021b2fb9284e,33,1,49.9,5,1,3,513,Need Attention
15010a153e79bb2f1fe810486783f5dd,246,1,25.9,3,1,2,312,Need Attention
150eeedc7b46a9b7a77ad10e9083c250,467,1,59.99,1,1,3,113,Need Attention
15118cf840653847844c94b586de0c56,56,1,79.99,5,1,3,513,Need Attention
151494ff9bd1dfdcb194b4b89a0adf01,464,1,19.5,1,1,2,112,Lost Customers
151e9edb34867eaece4d6e7ae188f261,92,1,0.0,5,1,1,511,Need Attention
1525aae38c4d7ce53540f783ec7b4d17,175,1,42.9,4,1,2,412,Need Attention
1543abf070395977b2de5362138306a8,158,1,129.0,4,1,4,414,Need Attention
1548904cfcbde03641a678aa857790e5,170,1,39.9,4,1,2,412,Need Attention
154e1a18d4356adc890d517ae349146a,300,1,0.0,2,1,1,211,Lost Customers
155d2f8d13fca082541417739f4d5506,224,1,57.0,3,1,3,313,Need Attention
156e627a5ef12567a39785b9b651e239,294,1,0.0,3,1,1,311,Need Attention
1572056796a130cff3aac889df5e2939,152,1,74.99,4,1,3,413,Need Attention
1579c33908bf3784b501d8f4014079f3,162,1,330.0,4,1,5,415,Need Attention
157a6a3e29ea1833d3630f3962ac903a,296,1,83.23,2,1,3,213,Need Attention
157b9d0c8b2328f814b5ee120d5e5914,122,1,119.5,4,1,4,414,Need Attention
158172279ca3f33e15b8412116151ded,141,1,0.0,4,1,1,411,Need Attention
1581a918a58a11d99c69f86d9c0d2098,163,1,51.9,4,1,3,413,Need Attention
1591182652360b5b62e59bc85d9dda79,142,1,0.0,4,1,1,411,Need Attention
159306b86e782097be9a4e29e3d294d3,245,1,89.99,3,1,4,314,Need Attention
159ba7a17c9179c96cb8a7ae43235ca9,64,1,149.0,5,1,4,514,Need Attention
15a3524cd2406dccbecb1273c407165b,240,1,97.49,3,1,4,314,Need Attention
15ace7e8f7a0cfb296fcfea489e2445a,432,1,89.9,1,1,4,114,Need Attention
15bc2114da1fbf104a7caabd79ee87c6,250,1,79.0,3,1,3,313,Need Attention
15c7b142c5ed84a1537ceb6d448818f7,249,1,317.99,3,1,5,315,Need Attention
15c9f1f3d32d5226f79571a100a8f7fe,144,1,55.0,4,1,3,413,Need Attention
15ccaaaa2289afed8a5e40273330c13d,578,1,15.9,1,1,2,112,Lost Customers
15d203babb74e0a9f7cb2bd5593ee188,95,1,79.9,5,1,3,513,Need Attention
15d424086a0e39958d557a39b0638431,139,1,0.0,4,1,1,411,Need Attention
15e47dec7a5ce59f8e200a6917679511,373,1,129.99,2,1,4,214,Need Attention
15e6d6a0a71179040ccfb0d3cd27487a,422,1,0.0,1,1,1,111,Lost Customers
15eaf7e40d5ff0687009b39f3da7861a,181,1,0.0,4,1,1,411,Need Attention
15eb6c5aa4aa23cbdb42e119220d23ec,337,1,199.0,2,1,5,215,Need Attention
15ee900ec703c9a10082b12bcbdcb307,388,1,999.9,2,1,5,215,Need Attention
15fe8224da740000cad6d128fed1a014,167,1,34.99,4,1,2,412,Need Attention
161b2eb506dd664bb5d23dc701a14b59,428,1,298.0,1,1,5,115,Need Attention
161ee8b03cadfe7599ce809b1750a78d,328,1,32.0,2,1,2,212,Lost Customers
161fc09d75f50e34713b9c971bc126bb,492,1,0.0,1,1,1,111,Lost Customers
161fd742f7217e46d7924d781e8705af,580,1,0.0,1,1,1,111,Lost Customers
1621c9dafeda4d8dc671edde1b7fcbe2,430,1,42.9,1,1,2,112,Lost Customers
163e0b7002565ee6de0ee531c1b491d1,501,1,0.0,1,1,1,111,Lost Customers
1647c6dc2941bd075dc5dd3448807bed,398,1,96.0,2,1,4,214,Need Attention
16537a831ca74e633b94cfa47164c420,354,1,0.0,2,1,1,211,Lost Customers
1669674efe91cadffc28add980087c0e,372,1,129.99,2,1,4,214,Need Attention
166c27d3c5c75d1f987d4f6cf885ab78,478,1,39.7,1,1,2,112,Lost Customers
166ec5dd3ecbfd90e6f4b58e37c73623,46,1,159.9,5,1,5,515,Need Attention
166f5f82137eea831b3288649dcffb81,51,1,78.0,5,1,3,513,Need Attention
167d137b34ca4a407c59e3b8ed1742af,37,1,368.8,5,1,5,515,Need Attention
167d54cc2d1d8b157e9dcc360667d415,181,1,269.9,4,1,5,415,Need Attention
1680c593cfe1d6c798df5bd696544a19,41,1,79.99,5,1,3,513,Need Attention
1682bd1183762bcdff292a75f4523452,260,1,0.0,3,1,1,311,Need Attention
1686671c7c7da526814358fc22ccb8b6,219,1,49.9,3,1,3,313,Need Attention
1690121bc794fd89b85142934c781255,262,1,45.0,3,1,2,312,Need Attention
169381f51e4c3e926ef199364aeced22,600,1,589.9,1,1,5,115,Need Attention
169a96b0cee3f0ff7d95d697f10d5414,31,1,759.9,5,1,5,515,Need Attention
16a87f204088415ce012102c912a33d9,149,1,145.0,4,1,4,414,Need Attention
16b19abad3a7a020ac59a70da5801dac,77,1,95.0,5,1,4,514,Need Attention
16b2beb51d51f455428a8865562fc89e,216,1,49.99,3,1,3,313,Need Attention
16bc2649f4feeba423feecb3279bd28f,589,1,20.0,1,1,2,112,Lost Customers
16bef435dd734e2a623be5d7fb57b89b,312,1,59.9,2,1,3,213,Need Attention
16c5ef9aad92e31e119f7a202272e6c7,239,1,0.0,3,1,1,311,Need Attention
16c76c75cc2f6312bc921309ee30ade8,189,1,0.0,4,1,1,411,Need Attention
16cb37f0bf15408aa65d713ce4385ba2,349,1,0.0,2,1,1,211,Lost Customers
16d778764561c820ab02b6ea12796b14,291,1,125.5,3,1,4,314,Need Attention
16d92ababe56c665936f0dab8da2fba8,362,1,139.0,2,1,4,214,Need Attention
16e2049fb3bafcda8ae6c196df3be9a2,97,1,500.0,5,1,5,515,Need Attention
16e6739f107fe11620beee49d20c2bd6,151,1,0.0,4,1,1,411,Need Attention
16ecae01d286ede5c22b963dc96f08ec,238,1,289.0,3,1,5,315,Need Attention
16fad3f895505b4d04cd5859f01aa23b,410,1,139.99,1,1,4,114,Need Attention
1702d80f8f05bdc591f775bfff3c1684,140,1,118.9,4,1,4,414,Need Attention
17030da4cff1fc639556306a1b0ab0c5,36,1,56.1,5,1,3,513,Need Attention
170bdd7492c288bb1f788c1aff0f7503,243,1,19.9,3,1,2,312,Need Attention
1714b9df17fa7bb77d7f045adadeb285,142,1,89.9,4,1,4,414,Need Attention
1728dd0550caa51cce09523627ad45ef,104,1,0.0,5,1,1,511,Need Attention
1738c95dedba6054c89d4c3db87f6fd7,89,1,12.9,5,1,2,512,Need Attention
1749fd10291ef7242c1221a14f57cfb9,286,1,21.99,3,1,2,312,Need Attention
174f249b4817e23ef163ba88fff61278,300,1,299.0,2,1,5,215,Need Attention
174fbc0ca39715c4d36463f56af17b3c,185,1,59.89,4,1,3,413,Need Attention
175be4309449118e7767d1560a0465fe,213,1,221.5,3,1,5,315,Need Attention
175fb6b5133abe30730dd6108d122b80,244,1,139.8,3,1,4,314,Need Attention
17607d71527c1aeba58519710396a4bc,503,1,132.7,1,1,4,114,Need Attention
1762922315d21b4fd5205f8f9c0676fb,390,1,0.0,2,1,1,211,Lost Customers
177046a5910ce6dcbebb14997a36fb18,63,1,129.99,5,1,4,514,Need Attention
177216eb4775562e57fb625ad8dfb242,202,1,45.0,4,1,2,412,Need Attention
1772c0fbee58b154da028487de51b74c,65,1,119.85,5,1,4,514,Need Attention
1772d62f5099be6942fbb3d3e881cc7c,160,1,95.0,4,1,4,414,Need Attention
177c7ddf107acb626a4d68a243129fb0,63,1,269.9,5,1,5,515,Need Attention
177e10134f99776d8a2b0c10c3fed38c,164,1,399.99,4,1,5,415,Need Attention
178517ea7fc752dbcbfcad925153cf94,307,1,0.0,2,1,1,211,Lost Customers
178abcae329614ef88c84a4f2d01b536,31,1,132.0,5,1,4,514,Need Attention
179607d5aa7e47661b18cabcd7037ab5,245,1,497.98,3,1,5,315,Need Attention
17aeb0f1c1dd5757f8aa0f4c098165f3,68,1,59.9,5,1,3,513,Need Attention
17b83aab01ad7464bc016d72a928f3ea,117,1,37.89,4,1,2,412,Need Attention
17b929451040c8dd686aa13126abb3ac,411,1,0.0,1,1,1,111,Lost Customers
17b94b9317f9b0102f4eace63fbb193f,442,1,174.33,1,1,5,115,Need Attention
17bd7fdb73ba6e0c5b23ae0cea63ad51,534,1,34.6,1,1,2,112,Lost Customers
17bf374d6f406164b8674643564f3a10,337,1,23.99,2,1,2,212,Lost Customers
17d1eac1c77bdc3c586bb9931cfc6da1,558,1,0.0,1,1,1,111,Lost Customers
17deef15f063b59eff8f9e440326dda3,345,1,93.78,2,1,4,214,Need Attention
17e0f8c75b7598d7786a43f257e5453f,386,1,88.6,2,1,3,213,Need Attention
17e2896de0a7da4861effe32a8c91900,72,1,39.96,5,1,2,512,Need Attention
17fcb505d2bba63a058d9ca292e7252a,337,1,0.0,2,1,1,211,Lost Customers
18080ed389c72ca4d0c4396edf0ecb37,429,1,159.99,1,1,5,115,Need Attention
180c9464bbe9841ab88034fa824de53b,301,1,129.99,2,1,4,214,Need Attention
181fe5cb523664e70003f36f5ba01d23,576,1,115.0,1,1,4,114,Need Attention
182e134f5a24ee479aa38749a5748cb0,382,1,25.99,2,1,2,212,Lost Customers
182ebbe49711dd49de4fbbdf4a999c10,418,1,0.0,1,1,1,111,Lost Customers
183694e413cc577ea63e277edb06d393,54,1,56.1,5,1,3,513,Need Attention
18371062fe5ec3dd3f4f48d8011749d7,204,1,58.99,3,1,3,313,Need Attention
183b3b30ae54f3d2aa95dffbafe03a51,41,1,168.75,5,1,5,515,Need Attention
1843cceebcc1e391249a2714facc8ba3,135,1,79.9,4,1,3,413,Need Attention
1849e2814a680fd9e23e3c47f53ca85d,504,1,99.99,1,1,4,114,Need Attention
184a10e1b37c850d78c7c5539cecb036,136,1,0.0,4,1,1,411,Need Attention
184b3cfd8ffb32d11694d567f18e330a,468,1,419.9,1,1,5,115,Need Attention
1858eacbc8be35fe3b5dcfcd6d249462,273,1,320.0,3,1,5,315,Need Attention
185dee501a0c28b9c799ff72a3e527c7,50,1,40.0,5,1,2,512,Need Attention
188e8f08287e3c78f08db012795abe53,383,1,179.8,2,1,5,215,Need Attention
188ef8f9db0d9602fac4cb40302c31d2,566,1,147.9,1,1,4,114,Need Attention
189695385be9c98b90ddc8d84aa7ce36,35,1,13.99,5,1,2,512,Need Attention
1899d90f4d0689ebf2f45f683c414fda,60,1,49.9,5,1,3,513,Need Attention
18a2a03ff64c5d3a193b607e0cc72fed,253,1,26.99,3,1,2,312,Need Attention
18a92b418073ab012ced47b5bfb61e0f,67,1,69.99,5,1,3,513,Need Attention
18ad234ff8ab86b33af5664c97e0712a,254,1,0.0,3,1,1,311,Need Attention
18af4524eed79155034a9374880c5078,714,1,29.9,1,1,2,112,Lost Customers
18b0804c12cb4d5de0e81612a5af006a,89,1,17.37,5,1,2,512,Need Attention
18bbfd7c77ff481bac5ae34fe5b8cc52,372,1,45.95,2,1,2,212,Lost Customers
18bc87094128bbfe943cf88adcf72059,88,1,29.89,5,1,2,512,Need Attention
18c0e77a9b110ab32b12afa6550d1fd4,252,1,325.0,3,1,5,315,Need Attention
18c2c869a8481e4ee1acdc5cbd8078e4,451,1,34.9,1,1,2,112,Lost Customers
18c75282901f7db1fe38e8c9a3ce4c12,97,1,0.0,5,1,1,511,Need Attention
18cd06f52874ea5e5eeb41133113f761,519,1,0.0,1,1,1,111,Lost Customers
18d07b1d575b2e55a0b512ac374ccb1c,246,1,29.5,3,1,2,312,Need Attention
18f13a4030ea2c8f9faf14771f09d8f6,52,1,29.0,5,1,2,512,Need Attention
18f17d06cfab0ac657117484cd1f6fd6,53,1,0.0,5,1,1,511,Need Attention
18f1d76138f1b657ec314c617bb3842f,231,1,65.0,3,1,3,313,Need Attention
18f3e31e740f2a60a1d244da878805f2,128,1,86.9,4,1,3,413,Need Attention
18f5297f0b1726510b921f957cc9d831,144,1,299.99,4,1,5,415,Need Attention
18f818704eb57c4cc9352d7544650c63,192,1,28.9,4,1,2,412,Need Attention
1904191be8eb1c83bafa96fb36db8b6f,518,1,117.3,1,1,4,114,Need Attention
191525912e1a31a97bf8b481ce852f75,106,1,0.0,5,1,1,511,Need Attention
191e184573cf04ed0a99a5250488a483,400,1,59.9,2,1,3,213,Need Attention
192cebe1ce37dd56b81350bf2d371dbc,167,1,0.0,4,1,1,411,Need Attention
193298eb249a916be586a514e92c8c73,40,1,149.9,5,1,4,514,Need Attention
19473c6ffcf611d71a7ea7f03a17f6dc,154,1,299.9,4,1,5,415,Need Attention
195499d29835ec5b94af4457c1c186e9,300,1,21.6,2,1,2,212,Lost Customers
19595c748b330b19286ae94092b6d900,97,1,69.9,5,1,3,513,Need Attention
196fbfa6f817924c4e13687eef22fb30,78,1,236.0,5,1,5,515,Need Attention
1974875b4a1d2e2ee6d586e3ba4d7602,407,1,0.0,2,1,1,211,Lost Customers
19799906f242be82caf8e374a7c4747d,547,1,0.0,1,1,1,111,Lost Customers
19856cce698c433d0941678c68e689a5,331,1,0.0,2,1,1,211,Lost Customers
1988d7a1e4df97f78b2e81f091b8c429,209,1,189.99,3,1,5,315,Need Attention
198fa73f9282fb46d9b5b5c25394b7e1,31,1,43.0,5,1,2,512,Need Attention
199f79d734f967bec584ed6d2a4cefc6,401,1,149.9,2,1,4,214,Need Attention
19af9b225f66ff34c9759c845af428a3,288,1,559.0,3,1,5,315,Need Attention
19b865e3701d5403150575450d4a1c25,427,1,39.9,1,1,2,112,Lost Customers
19cb50ca8ff9afe19ce39c5d9562f3bd,191,1,27.99,4,1,2,412,Need Attention
19e5b71b7be85c9d54c418dfb4088614,100,1,399.79,5,1,5,515,Need Attention
19edaf153484534b0d582195a5cd8ff8,225,1,99.9,3,1,4,314,Need Attention
19f5acc3c5ca87411b38a8e942106fac,189,1,119.9,4,1,4,414,Need Attention
19f735a9a58a187253055f9d4bcc2bb6,332,1,55.0,2,1,3,213,Need Attention
19fa462928b554091db0f210254ec2e1,179,1,12.67,4,1,2,412,Need Attention
19fe66d478bfedfdcc743014d562b777,100,1,44.0,5,1,2,512,Need Attention
1a12b5c2a931ae8a32340bc87db0d3ed,468,1,259.9,1,1,5,115,Need Attention
1a2042f30f2a7ecefdde313fa0cf151b,586,1,50.0,1,1,3,113,Need Attention
1a253bef0924d2e184d8c1de30d32d0d,406,1,117.9,2,1,4,214,Need Attention
1a29b476fee25c95fbafc67c5ac95cf8,166,1,74.9,4,1,3,413,Need Attention
1a2d84203a039be469e1e754f4b8b0b2,163,1,0.0,4,1,1,411,Need Attention
1a2dc00176c3417843bf9d9f318a6573,171,1,24.99,4,1,2,412,Need Attention
1a31f48887f7394353577d5d19aa0ec0,154,1,0.0,4,1,1,411,Need Attention
1a32f102c11b91156379253cb770aac3,163,1,269.0,4,1,5,415,Need Attention
1a36d4ff0116a6903cfacce00fee523f,151,1,49.9,4,1,3,413,Need Attention
1a3a962a15f8c6ee0178e1102387d3cc,101,1,2139.99,5,1,5,515,Need Attention
1a3eefe727f7fb12267714f60060fa91,58,1,0.0,5,1,1,511,Need Attention
1a431b876dce84b93132c2f8bf2701a0,250,1,49.96,3,1,3,313,Need Attention
1a48d9b6db20bdb9846b71eaa2bee03b,103,1,67.99,5,1,3,513,Need Attention
1a52e558853b943a04c7ff6285d6d328,288,1,0.0,3,1,1,311,Need Attention
1a5f53459ebb9f8a705378dc76f572b3,53,1,25.9,5,1,2,512,Need Attention
1a6b1ff8c6841f14b71040a070ad78df,109,1,49.9,5,1,3,513,Need Attention
1a6bd2815ac4d675cef027a2a2359e3d,322,1,225.98,2,1,5,215,Need Attention
1a6f3f11da7a12fd62c4228f76ca72c5,253,1,149.9,3,1,4,314,Need Attention
1a732a4b42dc7c3b3710e04d65836995,212,1,0.0,3,1,1,311,Need Attention
1a7a10e9273fca58179bdd0d40843b0c,384,1,0.0,2,1,1,211,Lost Customers
1a922c593edc0c31a83d0fd32883bd62,162,1,18.0,4,1,2,412,Need Attention
1aa85a5b16073b73eb97183f2da3402c,383,1,187.0,2,1,5,215,Need Attention
1ab6f51cbc59e795693aec988cc2906d,412,1,69.9,1,1,3,113,Need Attention
1abd10e2bc0afe1bda7ee7ee280a6e9d,389,1,23.99,2,1,2,212,Lost Customers
1acfddcc366d45e07b84eedc46282cdc,40,1,249.0,5,1,5,515,Need Attention
1ae2ca057af5e68ed97bae308f089b16,37,1,189.0,5,1,5,515,Need Attention
1aeda8a7a2736542b65f15a8ff8d0f5c,100,1,209.99,5,1,5,515,Need Attention
1afd7120075c414823b60625c776e6ea,346,1,199.9,2,1,5,215,Need Attention
1b01a85652180f2620dfa1a1bc4f91dc,132,1,0.0,4,1,1,411,Need Attention
1b0843d4f653e7301b596757fed2179d,168,1,120.0,4,1,4,414,Need Attention
1b0cc6f6f8dce1fb360b7eefc1a1b8ba,129,1,149.9,4,1,4,414,Need Attention
1b1819e5da72c7a8c26b2e46aeeac553,212,1,0.0,3,1,1,311,Need Attention
1b1afd436a6335100e1c8dc15a2b7922,297,1,0.0,2,1,1,211,Lost Customers
1b3b0b055ed21f7ce245c233772bb5d4,476,1,219.9,1,1,5,115,Need Attention
1b3ca5f1c4db09255e55e10081735224,186,1,39.9,4,1,2,412,Need Attention
1b3f87983f51dc8069dbb2fa88d6303f,316,1,59.99,2,1,3,213,Need Attention
1b4a29b662a69713ac6501b2877602ca,461,1,19.9,1,1,2,112,Lost Customers
1b4a777f2e6f3f24c024c533ea46418f,275,1,23.4,3,1,2,312,Need Attention
1b4df9eac3b620a7edbbd5e0ff34b7d4,96,1,0.0,5,1,1,511,Need Attention
1b542f810484d8c042aed33a7c61a218,178,1,36.9,4,1,2,412,Need Attention
1b5908d160c0942cc1b26bc725536d42,88,1,29.6,5,1,2,512,Need Attention
1b6b2d2bba18733ed541ebd0c2737e31,338,1,0.0,2,1,1,211,Lost Customers
1b6c7548a2a1f9037c1fd3ddfed95f33,219,1,152.99,3,1,5,315,Need Attention
1b6d29725255a77667a8c639eeb4ccc0,38,1,50.0,5,1,3,513,Need Attention
1b6e96ed99cb8d135efe220d761bbd67,36,1,35.8,5,1,2,512,Need Attention
1b735182e76aa01a60c544790d9c5efa,114,1,39.9,5,1,2,512,Need Attention
1b7485f213b9168a29f3ef0c05a799a7,556,1,64.8,1,1,3,113,Need Attention
1b76903617af13189607a36b0469f6f3,122,1,3099.75,4,1,5,415,Need Attention
1b772475c7d9424ed5d14802592e429d,430,1,29.9,1,1,2,112,Lost Customers
1b7ac802721f14d25a06a4fe3273a0ba,549,1,152.72,1,1,5,115,Need Attention
1b86bd501d916b3c67a5dbfe7f49af47,170,1,139.8,4,1,4,414,Need Attention
1b9c0951f6e51a50af8587aac775139b,197,1,0.0,4,1,1,411,Need Attention
1b9d0a0c0fd5211ae01a554419120554,164,1,48.8,4,1,2,412,Need Attention
1ba017d398d4fd2ad48fe28b0a9d94a1,335,1,110.0,2,1,4,214,Need Attention
1ba3b514be1d70d320100d30b28034a0,200,1,110.0,4,1,4,414,Need Attention
1ba9f0980fa83e3f8815eeb8c8afd14e,492,1,0.0,1,1,1,111,Lost Customers
1bb24948a31a2ee3e71f6be59e0dc971,148,1,55.0,4,1,3,413,Need Attention
1bb9912216b71d07521e925dfd0a70db,65,1,109.9,5,1,4,514,Need Attention
1bc28b08fa28f7f12d4373d7ee73978b,190,1,119.9,4,1,4,414,Need Attention
1bcb0d37872e0be7a8dd956b475523dd,108,1,109.0,5,1,4,514,Need Attention
1bcb517dc3cc80868d2fa941174f386c,423,1,44.99,1,1,2,112,Lost Customers
1bd079614e3083a1b77785498c216420,79,1,0.0,5,1,1,511,Need Attention
1bd5ffb847db8a89dee6f626e863713c,323,1,699.99,2,1,5,215,Need Attention
1bd9a5bbb6bd58aff597ffaab9d16cb5,251,1,79.0,3,1,3,313,Need Attention
1bdeec4c380b916acfc8143d53a2129e,93,1,0.0,5,1,1,511,Need Attention
1befc1536a31cfe58586bd008df9cb28,431,1,0.0,1,1,1,111,Lost Customers
1bf9fc7ffb95e625c1fd04937cf01892,137,1,105.0,4,1,4,414,Need Attention
1c04efed77438ede570dee4612719c92,95,1,25.0,5,1,2,512,Need Attention
1c065f2b3e2e84ae918fa40f18b6c77d,348,1,27.99,2,1,2,212,Lost Customers
1c07c978d00a438ebfcf8ac093cfd666,352,1,59.9,2,1,3,213,Need Attention
1c12fb820ab4fda07eb3d72f03c5ac3b,26,1,249.0,5,1,5,515,Need Attention
1c13e7a690e418f5a133c8a219b5a124,85,1,844.0,5,1,5,515,Need Attention
1c17656ec65029ae51ca6c7cb7f8288a,43,1,78.5,5,1,3,513,Need Attention
1c23e9b21cc43e6f701683d23ab22360,371,1,299.0,2,1,5,215,Need Attention
1c39144d899f035157a7761e319bc3ea,132,1,18.99,4,1,2,412,Need Attention
1c39c97eda972b5229e94dad96ccfbb5,298,1,250.0,2,1,5,215,Need Attention
1c4ad540c8c5c36be4a8b8ec08f79638,346,1,294.99,2,1,5,215,Need Attention
1c5d44eafa7759924213b552d9c44443,88,1,89.5,5,1,4,514,Need Attention
1c7260b99484b79c9e8adc2dabbdfc4f,184,1,0.0,4,1,1,411,Need Attention
1c7a472b0cadf146922d61c04276e55c,454,1,89.0,1,1,3,113,Need Attention
1c8d56713e12f99df6c515b231ba4781,251,1,13.7,3,1,2,312,Need Attention
1c96b00d7bad9cc71f6505a8e81d0c67,102,1,0.0,5,1,1,511,Need Attention
1c9ed81f7bb6e825a13612758cb4442e,347,1,59.9,2,1,3,213,Need Attention
1c9fa27a4db6bf9c57a0062eee2e031e,80,1,59.0,5,1,3,513,Need Attention
1cb8d194370a752d9879501072bd0328,521,1,19.9,1,1,2,112,Lost Customers
1cbaac6875e786630136369e019eae58,552,1,54.0,1,1,3,113,Need Attention
1cc6ca3e40bc03bcd2e554fbe370433e,354,1,0.0,2,1,1,211,Lost Customers
1cd4ae7e04ee353090b3f56217e3c237,478,1,89.0,1,1,3,113,Need Attention
1cdde99739da4d143d41c2a6ac81c82d,283,1,0.0,3,1,1,311,Need Attention
1cded6ca89369116445beb717d8f7552,208,1,144.0,3,1,4,314,Need Attention
1ce670f2342ab0961580191511d642d4,134,1,249.99,4,1,5,415,Need Attention
1cf23763ac9e9e8d66727be259813df6,130,1,180.0,4,1,5,415,Need Attention
1cf5cc9fc5ae6351e8bb1d2b8fee0d48,367,1,0.0,2,1,1,211,Lost Customers
1cf95ab85e53a989c141f7af90aa93ce,189,1,0.0,4,1,1,411,Need Attention
1cf96944b82b35e8e5e620208a66afa7,412,1,55.0,1,1,3,113,Need Attention
1cfcda54cd798f92b3de0b0308b6c4be,79,1,76.0,5,1,3,513,Need Attention
1d142b038c3043e0f65cdeca3f0fe729,169,1,19.9,4,1,2,412,Need Attention
1d15c4b479b85b74daf5f6742dd3d05d,591,1,89.18,1,1,4,114,Need Attention
1d15f7e108877a5588200e84345a9a68,406,1,59.99,2,1,3,213,Need Attention
1d19831bc078c42de4b0fbc1d1dcd99a,316,1,27.9,2,1,2,212,Lost Customers
1d1a1687cee3f1cc27542a425c2125e7,142,1,139.9,4,1,4,414,Need Attention
1d1ba2c41bab908a576c10f2f602626c,175,1,94.0,4,1,4,414,Need Attention
1d2435aa3b858d45c707c9fc25e18779,611,1,551.2,1,1,5,115,Need Attention
1d34beeda3b2d9a16c418c0d1419bdea,44,1,179.4,5,1,5,515,Need Attention
1d3e82e030ccc817ea128b644d815a9a,324,1,0.0,2,1,1,211,Lost Customers
1d497b6ec01b42ac1e4c957bf8e8195a,187,1,234.0,4,1,5,415,Need Attention
1d4f569ad299cc732521f6b76f661505,181,1,15.0,4,1,2,412,Need Attention
1d59e4eecfa206d206db45c317e78920,416,1,109.89000000000001,1,1,4,114,Need Attention
1d6469215cc70a0e1512aceb14022644,286,1,9.0,3,1,1,311,Need Attention
1d69fcb75a5ae79f19d3607cda9cda2a,84,1,39.99,5,1,2,512,Need Attention
1d6d7421fac2e0cc34a9636a58c38283,429,1,0.0,1,1,1,111,Lost Customers
1d74273c053909be057f50f65b48522f,285,1,199.8,3,1,5,315,Need Attention
1d74b37a78cc3049e04f78b99ac73259,415,1,299.8,1,1,5,115,Need Attention
1d76262324fb722af0b9f273278139a8,159,1,0.0,4,1,1,411,Need Attention
1d77389751e0631b622eea6f6e14159e,327,1,159.0,2,1,5,215,Need Attention
1d7a114de845f432b9d79013dcbe9289,255,1,25.99,3,1,2,312,Need Attention
1d7f4a786618ec8e4aaa51733bc96dba,374,1,0.0,2,1,1,211,Lost Customers
1d84bb0eda369daff7786d9aebcd988d,182,1,509.0,4,1,5,415,Need Attention
1d8dc0ddca15b95682905c326b2dbb20,293,1,456.0,3,1,5,315,Need Attention
1d8f1ca82cf6c04de2391eb61b9ae364,403,1,98.99,2,1,4,214,Need Attention
1d9131ab30ee96a923736b965c521a39,225,1,110.99,3,1,4,314,Need Attention
1d94328e99e3a20baebf58fbdf717dea,50,1,42.99,5,1,2,512,Need Attention
1da7e0c16d2176c357472ed588c5c647,105,1,0.0,5,1,1,511,Need Attention
1dacb145d464fb9673c38b1a13670af5,165,1,51.5,4,1,3,413,Need Attention
1dbacfbc8a8b1ef3409ab799d372eeb2,129,1,135.0,4,1,4,414,Need Attention
1dc6e62032b47fb3dac4dd2bb44f806b,305,1,176.9,2,1,5,215,Need Attention
1dc7440f23e4c725d3795cdaff6fb994,158,1,29.9,4,1,2,412,Need Attention
1dc848c11c2985635c268ff3dea707eb,716,1,93.9,1,1,4,114,Need Attention
1dcfe5a028fe9574a1b3c544f2a173bf,147,1,64.9,4,1,3,413,Need Attention
1de5850ca9f40f0dd5a13262b56223aa,50,1,0.0,5,1,1,511,Need Attention
1df745bea08a8a107db186724c8cd2a8,194,1,0.0,4,1,1,411,Need Attention
1df8409f01b714da94bfe0f74cf7dc4f,296,1,113.0,2,1,4,214,Need Attention
1e04143b08a65150330f4d2c3109eaea,106,1,219.99,5,1,5,515,Need Attention
1e0ee6797ad27881a1775124505468ec,170,1,13.3,4,1,2,412,Need Attention
1e0f40203d3ba55e9ab409bbdb57e237,86,1,49.9,5,1,3,513,Need Attention
1e0fd284347b0ed8c11f03f342c8460a,317,1,99.0,2,1,4,214,Need Attention
1e17c906173cbf94c518102351573fac,492,1,118.9,1,1,4,114,Need Attention
1e1ea717e5582112be81201874040e82,435,1,799.0,1,1,5,115,Need Attention
1e2c7891e273489845ebabe0310029c3,57,1,199.8,5,1,5,515,Need Attention
1e3bde65aa43e0c549d20b7acde4074a,315,1,24.99,2,1,2,212,Lost Customers
1e3d5ec055904eea7d4e95d60a1ad2cf,127,1,60.0,4,1,3,413,Need Attention
1e42daf0af58fb971d1598af1fd2497e,416,1,690.0,1,1,5,115,Need Attention
1e57acebf9849b1d7af7c21c14c1b99f,364,1,179.99,2,1,5,215,Need Attention
1e6d2ab66fdc23fe97ac091057970b6d,436,1,0.0,1,1,1,111,Lost Customers
1e7097be947ad5d0f7819bdc9d8d7d0e,533,1,0.0,1,1,1,111,Lost Customers
1e75f52b3a8f44f54d133b711b883f93,71,1,64.99,5,1,3,513,Need Attention
1e7db3e12cc7ca34014fbc24ae190920,247,1,259.9,3,1,5,315,Need Attention
1e81587ab2633b7b134efc91983f01bb,247,1,54.9,3,1,3,313,Need Attention
1e85d1d3ecbe271f8410d13ce6bc189f,308,1,37.99,2,1,2,212,Lost Customers
1e8ae2128137cd86fb6cc9d0445fcf7c,260,1,0.0,3,1,1,311,Need Attention
1e8b70cce882badaff158c24c2b9eb24,499,1,109.9,1,1,4,114,Need Attention
1e8bc2faef25efa8fab9d52f1f12bf7f,548,1,56.9,1,1,3,113,Need Attention
1e8d38254b74212442ed7c9f40e71c26,301,1,95.0,2,1,4,214,Need Attention
1e93052ca04eb5b8acffe45b9b6bb66c,325,1,0.0,2,1,1,211,Lost Customers
1ea68e64acf2c139dfb05f7f10783ca0,327,1,122.0,2,1,4,214,Need Attention
1eaa53faf68bb4c2a2d95a56b63aa8b1,189,1,39.9,4,1,2,412,Need Attention
1eae1cce4c03f0915482bc43c7427c75,294,1,119.9,3,1,4,314,Need Attention
1eb10c8931ef3b01cd2cf7a6712809b2,260,1,69.9,3,1,3,313,Need Attention
1ee38c48e009ccc32f5ab7fd7ee65650,249,1,155.99,3,1,5,315,Need Attention
1ee68e5d9aee3ee39f6aab702de9d5c8,172,1,39.0,4,1,2,412,Need Attention
1ee910b8be2fb6a731b54edf304e1b6f,184,1,185.0,4,1,5,415,Need Attention
1f1089f7fffedd740c72bed29ff77faa,97,1,0.0,5,1,1,511,Need Attention
1f16347ffdba1e1e559fcbf1498b305d,52,1,56.1,5,1,3,513,Need Attention
1f384d009ea1f061ecdf85fe6838173a,47,1,0.0,5,1,1,511,Need Attention
1f411180ef22032e1bbf9ec7a94a6ebf,63,1,250.0,5,1,5,515,Need Attention
1f4336c3226edc8d2c691509a44ac5d4,512,1,0.0,1,1,1,111,Lost Customers
1f46c0ce030634c7dada0593638d8ba5,342,1,59.9,2,1,3,213,Need Attention
1f4dd20e59017acccdc1888bd80fd381,376,1,19.9,2,1,2,212,Lost Customers
1f53ce3e279f1272b2fb964bb2ba25ed,214,1,22.99,3,1,2,312,Need Attention
1f577f9d2fc2b5baa6d19772989201f2,227,1,35.99,3,1,2,312,Need Attention
1f586cd6aa79633f178634358bba566b,218,1,0.0,3,1,1,311,Need Attention
1f65b985510dd34cd39d7c91b7663c9d,433,1,187.0,1,1,5,115,Need Attention
1f692e0c3081b4bcdb48b8b84e2359da,100,1,14.95,5,1,2,512,Need Attention
1f6d48610f32c723924f9af3e88f1c64,365,1,0.0,2,1,1,211,Lost Customers
1f6da708e9a7bd7314954d85603fc0ac,427,1,121.9,1,1,4,114,Need Attention
1f7d9afd77ceacfa0b5b461a50818806,135,1,0.0,4,1,1,411,Need Attention
1f7dc38d123a145e63608b9825f615ba,209,1,159.98,3,1,5,315,Need Attention
1f7f84f5a5c00fa9a6ddfaa02a3803bc,560,1,30.0,1,1,2,112,Lost Customers
1f98d2384ff7a372e6a2d3bb75cbcd54,112,1,390.0,5,1,5,515,Need Attention
1fa0ace8e18156593acd36e3fb792922,584,1,0.0,1,1,1,111,Lost Customers
1fa9b1d14629ef237e0b2f570030df90,354,1,149.8,2,1,4,214,Need Attention
1fafefa7734433ada619a6cef43aaf69,279,1,149.9,3,1,4,314,Need Attention
1fc56d05a04891065dde262fbfec04b5,521,1,0.0,1,1,1,111,Lost Customers
1fcc4782a657a3e8e4f2632f310365bb,208,1,0.0,3,1,1,311,Need Attention
1fcc678e05cac2f2cf25563977d488c7,315,1,185.99,2,1,5,215,Need Attention
1fd3bfcd9ad31bbc4910b46c3b1d12d9,111,1,180.0,5,1,5,515,Need Attention
1fd4f857b3f68f5622ebde22e2b328a6,97,1,12.99,5,1,2,512,Need Attention
1fe1ebaae0912c827a35e8a93c1c5ce7,194,1,18.89,4,1,2,412,Need Attention
1fed83cc5a2835d406f832dbf55125ca,315,1,59.9,2,1,3,213,Need Attention
1ff3b4e02a84ba7bd1bd2a65bc330514,123,1,0.0,4,1,1,411,Need Attention
1ffa1c8081e0965ad547cec0656e6883,210,1,29.99,3,1,2,312,Need Attention
20026c0655b6e967cf3fe0a9b46ae545,253,1,0.0,3,1,1,311,Need Attention
20051fc1229f95f99e0a0b17ce4063a0,200,1,139.0,4,1,4,414,Need Attention
200634a6304a1f897294667af62a3163,164,1,0.0,4,1,1,411,Need Attention
2012b2a91b073059bd14c5ab78911e43,80,1,0.0,5,1,1,511,Need Attention
2015cd1d7aec90a593ba1aaa28440665,85,1,28.56,5,1,2,512,Need Attention
2023d2b0225103036782dc7ebdefa443,155,1,89.9,4,1,4,414,Need Attention
20262965ae07d2db3b197caaa56a623e,565,1,39.9,1,1,2,112,Lost Customers
203be24e6117b285f1a0e57eab8d4b41,251,1,179.9,3,1,5,315,Need Attention
204e4eb7fab7250655e67b221ded1fbc,181,1,27.9,4,1,2,412,Need Attention
20594fdc17c82450f53730cd72ce04c3,126,1,125.9,4,1,4,414,Need Attention
205fea0ca71690b632ed095aaf2ad12e,80,1,299.8,5,1,5,515,Need Attention
2062829df366557aaf33d5f28c84318a,562,1,399.99,1,1,5,115,Need Attention
206e64e8af2633a2ebe158a7fcb860db,493,1,89.9,1,1,4,114,Need Attention
20738507f8a57dbde7be8f66ce61a1b5,63,1,299.0,5,1,5,515,Need Attention
207a5537c81aceaf5ef4f5b1ee4cd09c,337,1,50.0,2,1,3,213,Need Attention
207ba0e71c642b6eda7d0f4d41673751,44,1,0.0,5,1,1,511,Need Attention
208fe9aa6033a77419f8f503b7698e03,57,1,0.0,5,1,1,511,Need Attention
208ff27cb49cb5f4cdbc72c014e184d7,303,1,150.0,2,1,5,215,Need Attention
20917cee243e32974933fca49feb2829,198,1,0.0,4,1,1,411,Need Attention
2098c28fe80f222ed41eaa2171be6f01,61,1,21.99,5,1,2,512,Need Attention
209ac14596dfd6955aa74a21297d79d2,226,1,24.99,3,1,2,312,Need Attention
20a7b23991a3e7add72499c3a00061d4,158,1,119.99,4,1,4,414,Need Attention
20afb5e47a145730fe9e8c081318e71c,561,1,0.0,1,1,1,111,Lost Customers
20bb1d9431264f331e47b2da94991eaf,41,1,199.9,5,1,5,515,Need Attention
20bf09de7dee69430bf49c36c1d8426a,119,1,13.77,4,1,2,412,Need Attention
20cf7edff7e4ef60eb4564297ee0f65e,229,1,31.9,3,1,2,312,Need Attention
20d6573dac7f95308e037246c7c825f7,300,1,59.89,2,1,3,213,Need Attention
20d8a6a96bd3f57a4d289c8166122c45,298,1,0.0,2,1,1,211,Lost Customers
20dfefdb2b3f011e0fddfbdd546680a5,588,1,99.0,1,1,4,114,Need Attention
20f63f201e5243070adec9b519194085,46,1,0.0,5,1,1,511,Need Attention
20fdad45aed5ae04cce21af8f56cc98f,155,1,0.0,4,1,1,411,Need Attention
21047388773cb249c4c1348fceaebd18,188,1,39.9,4,1,2,412,Need Attention
211e4234ffca5cec9b0ab183a1009256,136,1,109.99,4,1,4,414,Need Attention
2136a45b6c2f821dfdc5149c045b3fdd,465,1,44.0,1,1,2,112,Lost Customers
21376c7cf3879b5e2119d39f1a596f9c,89,1,69.9,5,1,3,513,Need Attention
2138be072de38e69d3f456d5bd7fa2f5,572,1,198.0,1,1,5,115,Need Attention
213ce7ea2a0345a65b4045cf55be42d8,246,1,52.39,3,1,3,313,Need Attention
214629c0968df90a29892da7512fcf8a,157,1,179.9,4,1,5,415,Need Attention
2147a5dfb665b52abe1fd1a0fa5326cf,170,1,15.0,4,1,2,412,Need Attention
214f7f00e0d787d65a822c8ed3e9c2a7,373,1,0.0,2,1,1,211,Lost Customers
215118d564888b05d0a93710f6717584,305,1,0.0,2,1,1,211,Lost Customers
21559d7ff0ebff720e5e160184338fed,63,1,0.0,5,1,1,511,Need Attention
21560f93adbd9ada040a40909ac8619d,396,1,179.98,2,1,5,215,Need Attention
215a9975430b79bfc8e836ca2dcffb92,56,1,0.0,5,1,1,511,Need Attention
215e0a9044344dca7820b462c60bd206,287,1,0.0,3,1,1,311,Need Attention
21642f939fc937f5b8ee999e362c4883,397,1,139.8,2,1,4,214,Need Attention
217c1866bfdb122c1f068b1bbeeedb41,434,1,39.0,1,1,2,112,Lost Customers
2185937c8c6a63a563c1c02e287274ce,267,1,0.0,3,1,1,311,Need Attention
21a2d9dc71459dbd3dad219cb9681964,411,1,239.0,1,1,5,115,Need Attention
21a5804a0e4279d2953a2f0067637905,254,1,258.0,3,1,5,315,Need Attention
21ac2a805b374c2aa44d6a5301a1b4a9,335,1,82.9,2,1,3,213,Need Attention
21af73f960a77885e91a806c06b0c1e3,181,1,25.0,4,1,2,412,Need Attention
21b511802f46030f42df35d2d0705832,541,1,10.99,1,1,1,111,Lost Customers
21b890a8701db02f2107d0da119edc67,170,1,349.9,4,1,5,415,Need Attention
21bcd9d85bbabdaac9f5d508d064b458,300,1,25.9,2,1,2,212,Lost Customers
21c933c8dd97d088e64c50988c90ccf5,358,1,0.0,2,1,1,211,Lost Customers
21d5a2d233a48109aa6fcb821066ba84,561,1,32.9,1,1,2,112,Lost Customers
21dbe8eabd00b34492a939c540e2b1a7,23,1,0.0,5,1,1,511,Need Attention
21e0532ee2e78478432ee1fb06ae3d15,211,1,59.8,3,1,3,313,Need Attention
2205452883526d0f4dfe5f23ba2fd6d7,601,1,79.9,1,1,3,113,Need Attention
22062343697ed12f7c1d0cecd982b0c4,203,1,204.0,4,1,5,415,Need Attention
220d6d0b622a3b6f6bbe074ed9b7fdea,448,1,87.0,1,1,3,113,Need Attention
221307c4fbd9b8763b52ae5cb3384e1c,97,1,29.88,5,1,2,512,Need Attention
221d59abddcd719f3ec72c50078b9e31,58,1,56.1,5,1,3,513,Need Attention
222a805ee00a446bb73dfbd6f509e6af,368,1,0.0,2,1,1,211,Lost Customers
22368ffd50b3053231db9241f9d3b1fb,136,1,34.72,4,1,2,412,Need Attention
223695e4bcc4f7b660ae257524363af2,24,1,21.99,5,1,2,512,Need Attention
2246815f05219421500a868c4234c895,433,1,29.9,1,1,2,112,Lost Customers
22483fe27670232168eebb24cdbd3c20,87,1,0.0,5,1,1,511,Need Attention
224f83318c1a2b83dd1d7beeeb9f0e30,65,1,0.0,5,1,1,511,Need Attention
224faf76f82020526445e2ac200af0b5,276,1,15.6,3,1,2,312,Need Attention
22520c2c5d7878679e8451c218a61937,332,1,59.9,2,1,3,213,Need Attention
2266dcec28ccdabb7d6fa01ce34b67c7,268,1,129.0,3,1,4,314,Need Attention
227aab671ee7cda5c88bd91ef18d8bb1,480,1,499.98,1,1,5,115,Need Attention
227bbe12593bc5480d20157676e84af2,493,1,19.99,1,1,2,112,Lost Customers
22922c14a63a020f04ee428cf5f2e995,39,1,226.0,5,1,5,515,Need Attention
2296f6a5a91fa8639fd18c7f180be129,370,1,85.9,2,1,3,213,Need Attention
229d029f241c7e742bc0614d8113e4e2,181,1,44.99,4,1,2,412,Need Attention
22a10db985bf635ffcb7eb3af7d33913,172,1,19.9,4,1,2,412,Need Attention
22abb23a37bf693f3f66fecb4232c136,71,1,337.18,5,1,5,515,Need Attention
22b05429f5f6165b033dd8ee7cee1150,196,1,0.0,4,1,1,411,Need Attention
22b59a78fa7b501bdd7e72a076ec03c0,199,1,49.89,4,1,3,413,Need Attention
22be41ad7d58c7774c6e036348a042d0,508,1,119.9,1,1,4,114,Need Attention
22c8d7801061f27eff57f37ac4ef10e1,136,1,48.989999999999995,4,1,3,413,Need Attention
22d3603496369abf02985be067ea26d9,331,1,113.9,2,1,4,214,Need Attention
22d59fb14a6f83c307282e983523cbb4,441,1,75.9,1,1,3,113,Need Attention
22e8b5bc5e81dfa4a832da8f0b1452da,28,1,104.0,5,1,4,514,Need Attention
22eb525ae51d50702a0529b1aab62316,147,1,0.0,4,1,1,411,Need Attention
22ef5b7c597d6e1789a2c0ee5cf00878,364,1,0.0,2,1,1,211,Lost Customers
22f6af8201369f9eb96592db3142b9c2,282,1,265.52,3,1,5,315,Need Attention
22f991135d9f17735cabc8104f7657c9,499,1,199.99,1,1,5,115,Need Attention
2306533ed96be8166f935a6061c2ff01,493,1,49.0,1,1,3,113,Need Attention
23160a1a837a73b3fc048f8d37da60dc,194,1,0.0,4,1,1,411,Need Attention
23280ccfac94b7bc3fb94ae94adbca26,287,1,295.0,3,1,5,315,Need Attention
232ed142b4efa7b998358c405e9343da,128,1,79.9,4,1,3,413,Need Attention
2332ad18bcdd2763999ec846fe8020fa,163,1,0.0,4,1,1,411,Need Attention
2349bbb558908e0955e98d47dacb7adb,255,1,0.0,3,1,1,311,Need Attention
234a33069b304d9f4f5dc9c3b99abc24,253,1,21.99,3,1,2,312,Need Attention
236198ab615d09261ebbb64e82cd89a7,308,1,179.94,2,1,5,215,Need Attention
23622d8528b2fcc0b4a2b03df2cdfbd8,420,1,787.9,1,1,5,115,Need Attention
23643c53099bde88bb77d5a199704035,478,1,198.0,1,1,5,115,Need Attention
23686693b97e6a4b92c08e7ff87d4317,483,1,0.0,1,1,1,111,Lost Customers
237b5de0ef8f93ba5e0462378422dc70,486,1,59.9,1,1,3,113,Need Attention
2380952657b113b50227e5f5e7c90005,239,1,0.0,3,1,1,311,Need Attention
2385022f396a4576e03f4029beef4004,141,1,110.0,4,1,4,414,Need Attention
238aa5978c106a7d5a873faf150e75fc,291,1,299.99,3,1,5,315,Need Attention
239407ffc2db91f9b09951b93ce92c52,112,1,114.0,5,1,4,514,Need Attention
2396ed0f849c195da124f55b4c17ee35,598,1,59.9,1,1,3,113,Need Attention
23a483df82cc141b1b260e5d4ac6fae0,391,1,44.0,2,1,2,212,Lost Customers
23a77d53d020df90a645854f07cbd8ef,302,1,51.96,2,1,3,213,Need Attention
23a9fb140ba870f4966fca4aa223e492,237,1,0.0,3,1,1,311,Need Attention
23b833537a1b57f8e1233d20320885cf,30,1,8.5,5,1,1,511,Need Attention
23c033f6c75a249727d9fdd366352b97,45,1,170.0,5,1,5,515,Need Attention
23caccaf9e1b269680d808b1c45c2654,304,1,49.31,2,1,3,213,Need Attention
23d4d7eee9aebd10dcd081611f8ab998,452,1,595.0,1,1,5,115,Need Attention
23d4f3fb1c76162bd81ed379927ffae2,101,1,35.0,5,1,2,512,Need Attention
23daf66dd86071f57d332fa5562afbe9,120,1,12.88,4,1,2,412,Need Attention
23dc3a062c6c097bcb3940a909e7730f,528,1,39.9,1,1,2,112,Lost Customers
23dfc0699e210b827b44e6bad54e9b68,401,1,99.0,2,1,4,214,Need Attention
23e5f7d84dad8339f627d75ac90e2d43,233,1,179.9,3,1,5,315,Need Attention
23e7bcac2f3b067fe6ecb4ca8e130bf0,175,1,152.0,4,1,5,415,Need Attention
23ed2fdf0c304561276031318ba9c759,149,1,149.94,4,1,4,414,Need Attention
23f5ef949f4f54d239cadd6aa0ca48ed,136,1,40.8,4,1,2,412,Need Attention
23f8c588812e2716492efc4607e051a9,65,1,35.2,5,1,2,512,Need Attention
2400289b896122e17ce9cb362141c8c6,158,1,94.9,4,1,4,414,Need Attention
2410195f6521688005612363835a2671,379,1,50.0,2,1,3,213,Need Attention
24115a0c9fc9115c586e54fd5f42e8d1,255,1,29.5,3,1,2,312,Need Attention
241381706b85cae6e813d2e62a89da87,365,1,43.9,2,1,2,212,Lost Customers
241ef388359fe58ca1bf35112494dcb3,312,1,24.99,2,1,2,212,Lost Customers
2420662d39289d527ba8b94aaab3a281,294,1,122.99,3,1,4,314,Need Attention
243d5266b96f1d78a25d2c9daaa8eb8b,491,1,84.99,1,1,3,113,Need Attention
24481dfda3564e4b1f284c8b7ed9a41a,67,1,149.0,5,1,4,514,Need Attention
244ffde1b09f71f6f43e03d989465ec5,408,1,34.99,2,1,2,212,Lost Customers
245c870b2ffc61c7cbf173b9b1667dcd,48,1,180.0,5,1,5,515,Need Attention
247abb2be98c7d9fc9190efb37097f51,185,1,255.0,4,1,5,415,Need Attention
247e0dcd20596bee51bd2b07f633fa04,317,1,0.0,2,1,1,211,Lost Customers
248669a947931e373ece1b933e8f519e,512,1,89.9,1,1,4,114,Need Attention
2486f0594797f4e9edc77f1867f25872,409,1,69.9,1,1,3,113,Need Attention
249909f9236a3a49b9bc89689371aac0,87,1,184.9,5,1,5,515,Need Attention
24a0683609e642fe0d86e5e2c97712f5,41,1,102.9,5,1,4,514,Need Attention
24a25a70ff5e786e87f60400f5d43ccd,515,1,0.0,1,1,1,111,Lost Customers
24a67fa6d05d41fd74f03de873fc3ce1,566,1,40.0,1,1,2,112,Lost Customers
24b16fd291f86990f883f1e9fa655bf9,346,1,38.25,2,1,2,212,Lost Customers
24bde8b6cd83ccb8ee3fa91466be3b11,465,1,28.0,1,1,2,112,Lost Customers
24bebb6ff5f6b160cf78f11ad5c7278e,271,1,75.0,3,1,3,313,Need Attention
24c3b1f7de93a87ffe0506dd93ccaad8,199,1,269.0,4,1,5,415,Need Attention
24caecc7bc5818872f110b8b262ef953,375,1,90.0,2,1,4,214,Need Attention
24ce52ae8aa3dbf8532f95ccb1b00548,84,1,27.9,5,1,2,512,Need Attention
24d2610d6b2605ba1fa5659b57f48205,604,1,320.0,1,1,5,115,Need Attention
24f745bc1e03f89dfab8941b672a8104,514,1,115.99,1,1,4,114,Need Attention
24ffbb655914998319377df431e3c47a,31,1,56.9,5,1,3,513,Need Attention
25005ef67dd44bb53b64ab1ca6b98704,267,1,49.9,3,1,3,313,Need Attention
25126926be8dbdb3264285caa7d0c40c,461,1,39.9,1,1,2,112,Lost Customers
251e658613a224723f8a077946183b20,305,1,19.9,2,1,2,212,Lost Customers
251fe896b938a0b3a2892d5b6ce68cbe,232,1,0.0,3,1,1,311,Need Attention
2524dcec233c3766f2c2b22f69fd65f4,287,1,638.0,3,1,5,315,Need Attention
25268e3786435da9df6302a94232b271,178,1,0.0,4,1,1,411,Need Attention
2526d3bb06624f7c5bedf2ef7a5bc4f0,579,1,459.0,1,1,5,115,Need Attention
252c0dcac11ce99e1f06fc9fd4218fd7,268,1,76.9,3,1,3,313,Need Attention
252e897731145fbfc65492446f59b28e,235,1,108.0,3,1,4,314,Need Attention
25303bc46489df09b03bd275c3772d19,539,1,83.36,1,1,3,113,Need Attention
25314849bf706df0e00da89ccff9bdc3,61,1,0.0,5,1,1,511,Need Attention
253316ac4ab3ccb4de332d3dc6d2223e,480,1,0.0,1,1,1,111,Lost Customers
2533c08e536d5bb805fcac72ccb36345,227,1,60.0,3,1,3,313,Need Attention
253dd87d06a70cf96ef4c39c8fc646e1,289,1,149.9,3,1,4,314,Need Attention
25448c9f3f3de9656ad76b07942ed84d,353,1,116.0,2,1,4,214,Need Attention
2552194579775fed6641fa5f56152e0a,713,1,0.0,1,1,1,111,Lost Customers
256a24db42eee1f408d7c0591e6447e3,83,1,58.99,5,1,3,513,Need Attention
2573467bea86fae9af4db442a1ef23bc,507,1,2338.88,1,1,5,115,Need Attention
2575b93f24ae722702825789254eaa1a,210,1,59.9,3,1,3,313,Need Attention
25799bf6b79e82c19bd6d590c02cf821,238,1,0.0,3,1,1,311,Need Attention
2586fca3220b925aec835cce085fe64e,520,1,79.8,1,1,3,113,Need Attention
25909109137a0ddcd2aa2e4c8cce912c,455,1,13.5,1,1,2,112,Lost Customers
259c6411e59f8d2ce1eb64375b92086a,259,1,79.9,3,1,3,313,Need Attention
25b703950d3e71b5a2943534a31ae2ba,369,1,22.5,2,1,2,212,Lost Customers
25c8b790b3dfcacce54015fd1076f284,52,1,0.0,5,1,1,511,Need Attention
25cac425f64ae1b78c60c2afae3ec384,247,1,33.85,3,1,2,312,Need Attention
25ceabcd8e79d50d5c4b252a250382ae,484,1,458.0,1,1,5,115,Need Attention
25e0e9c50bbbb702165055bb4bb2f2f7,115,1,64.99,5,1,3,513,Need Attention
25e2fc6b1d6f6f8ba470a8752130dba1,370,1,28.9,2,1,2,212,Lost Customers
25e5455484cf2ef3657b7808eb6012bb,99,1,82.94,5,1,3,513,Need Attention
25ea8a0c2d364abc3bb96abb9a731cfd,176,1,99.9,4,1,4,414,Need Attention
25ec47585ccea752254b5a57a0cf41d6,496,1,0.0,1,1,1,111,Lost Customers
25f24493ded5ebebc26a69b5db344e35,312,1,89.99,2,1,4,214,Need Attention
262c924976402a1e7bee227038057e51,299,1,45.6,2,1,2,212,Lost Customers
2630602e9535f2b5347b3e9fc77eab65,182,1,21.99,4,1,2,412,Need Attention
263c5426dd054f1975c09a1e8018bc7f,88,1,109.99,5,1,4,514,Need Attention
264948e03eef857d56379613eae0381c,239,1,0.0,3,1,1,311,Need Attention
26508b7c8910ff77b6f8f7ba21fdda26,71,1,0.0,5,1,1,511,Need Attention
26519785c800da52d3796667a222ecb0,241,1,59.99,3,1,3,313,Need Attention
2663a303bd9e9b360ebaa9e12aee0b98,274,1,107.9,3,1,4,314,Need Attention
26738f46bcdeb6d82d07035f201b2e19,380,1,52.0,2,1,3,213,Need Attention
268accaf403bb7935520aeed499f49de,162,1,54.4,4,1,3,413,Need Attention
26a51783897b15933b10d66cdf77f577,259,1,27.99,3,1,2,312,Need Attention
26ad164ad913649d86d05c20c3eaad57,31,1,129.9,5,1,4,514,Need Attention
26b3e8ebfde4ad342ce964d0c7b9de1b,64,1,179.91,5,1,5,515,Need Attention
26ba94dfa1455f35df98f0272823d02c,322,1,48.9,2,1,2,212,Lost Customers
26c48996867a67d2d6d1df9dd5e00ec8,314,1,56.99,2,1,3,213,Need Attention
26cc8c49362e4478de165274e7ccb214,386,1,48.9,2,1,2,212,Lost Customers
26da4d1a73ee90cd60fb86fd4810c852,65,1,43.0,5,1,2,512,Need Attention
26dde313f45cda2d37668485a62d259d,150,1,50.0,4,1,3,413,Need Attention
26de9a7bf14c1c971f6b4364f34b938b,335,1,0.0,2,1,1,211,Lost Customers
26e1950e80682b67d9c39003f5bcea80,394,1,0.0,2,1,1,211,Lost Customers
26f0dc90a386a2375a109b6975dff3c7,292,1,27.99,3,1,2,312,Need Attention
26f17bce4c85dfa04d493059fe609cd5,54,1,0.0,5,1,1,511,Need Attention
26f73dc50abd880d521de9e5bf07ae49,200,1,24.99,4,1,2,412,Need Attention
26ff795fbd492eb47b06f47795134bff,277,1,29.9,3,1,2,312,Need Attention
270a2cd191cd19898f8abd07c5c248fc,491,1,79.9,1,1,3,113,Need Attention
27116c085ee5d78e6074c3f1103ae609,149,1,78.0,4,1,3,413,Need Attention
2722e6b3a05b8ffb366a8f2a363b2e7f,205,1,0.0,3,1,1,311,Need Attention
2726e5dc94666be0b1fdf08d02eade18,127,1,0.0,4,1,1,411,Need Attention
272a0cfd4ea65bbfc975324df7e1a448,130,1,24.99,4,1,2,412,Need Attention
273a1f5b9953aac34f2c846403614771,568,1,0.0,1,1,1,111,Lost Customers
2744066af4bd156c08ec0c0549e2a539,36,1,26.99,5,1,2,512,Need Attention
2749558e033658d789f02df663f27404,417,1,149.0,1,1,4,114,Need Attention
2760aef7bd977a44aabf53f656e92722,715,1,649.0,1,1,5,115,Need Attention
2765fbda0b30ef243492b1a5ce13dca5,434,1,77.68,1,1,3,113,Need Attention
276c6b10d49760263cc9d3250f695d47,102,1,67.99,5,1,3,513,Need Attention
2778aca502ff9de17286ac235086a248,273,1,39.0,3,1,2,312,Need Attention
27793c0f8ec6a16a11ff120190a38774,276,1,38.99,3,1,2,312,Need Attention
27851b9f7f49b23878342fc8fcb0ae45,73,1,45.0,5,1,2,512,Need Attention
278c30c4e97c3c218cc102eaa5da14a1,296,1,49.9,2,1,3,213,Need Attention
27956b37edf38600f8631c7679daf9c2,237,1,167.98,3,1,5,315,Need Attention
279bd194cc9790cf88fbd6442e3cf716,49,1,55.9,5,1,3,513,Need Attention
279d9065b859d2c9caf96ce8b2d0c929,464,1,49.9,1,1,3,113,Need Attention
27aede3a816dcbe05e0fc5bc5b72f311,241,1,79.6,3,1,3,313,Need Attention
27aedee05bc8e9bcc4da2bae37fd4d78,252,1,0.0,3,1,1,311,Need Attention
27bf8bbbb413c6437c459c6f6f476dfa,313,1,0.0,2,1,1,211,Lost Customers
27c343002e49de073102bc1e24b6493c,516,1,64.9,1,1,3,113,Need Attention
27c9fbc5854ca2ab9c51abdd4b520589,376,1,219.99,2,1,5,215,Need Attention
27cf034c3054f1de4937e85c5b5229cf,466,1,0.0,1,1,1,111,Lost Customers
27d0cdbda0be8965145d5951b680e5fe,151,1,26.9,4,1,2,412,Need Attention
27e86d2ae0db33b8d242c9251067d97e,517,1,79.9,1,1,3,113,Need Attention
27f610da50d98eb94f1f0745606bc9f1,514,1,139.9,1,1,4,114,Need Attention
27f69c274c36e70cc366c88f664a5537,97,1,199.9,5,1,5,515,Need Attention
27f8888a8a8bb74ca84c998090dcb982,163,1,256.2,4,1,5,415,Need Attention
280698c34077e5039c911cba6eff3b24,207,1,97.9,3,1,4,314,Need Attention
280f5ea9dbaf92b0f6deb78d8551952f,382,1,259.9,2,1,5,215,Need Attention
2822fb97bf696ca53a1ecb48ba91d288,243,1,56.0,3,1,3,313,Need Attention
2825ce9bfc557b2f9e46019382c0ecf6,399,1,28.9,2,1,2,212,Lost Customers
2838f9f0dab6f7621f3ac149ac0b7204,94,1,0.0,5,1,1,511,Need Attention
28474464ffc2a83a0680463c36e6dfd5,163,1,25.77,4,1,2,412,Need Attention
2849cf27816b8a9572fbe6cac3c8d62c,280,1,74.0,3,1,3,313,Need Attention
284f0533e6c79c3e3397c2b185573a78,200,1,39.9,4,1,2,412,Need Attention
285ac32a83fba63840f4c5157cd64c40,245,1,159.9,3,1,5,315,Need Attention
28676fd63ebb086ed1dfb24785877302,168,1,47.9,4,1,2,412,Need Attention
286981bcb37cb55d725d9f2c3bf72c2a,458,1,10.9,1,1,1,111,Lost Customers
286cb34c005540e593bea6045b73bc5a,71,1,64.99,5,1,3,513,Need Attention
28706b8dc0fe2a95fbcec1e53253d8e4,716,1,249.9,1,1,5,115,Need Attention
287a7cdacbcda8f842d7719e77cb8457,40,1,2150.0,5,1,5,515,Need Attention
287c23d81ea7fb3a3df3c852ee17dd2b,546,1,34.99,1,1,2,112,Lost Customers
2883fd7c3fadd0ad0611424020a381c6,242,1,289.9,3,1,5,315,Need Attention
28851a7f91fd1087baaaa471dfe40d4e,202,1,76.8,4,1,3,413,Need Attention
288bca9dae3585557dfd5dfdf7289600,504,1,143.8,1,1,4,114,Need Attention
288fa431def32be70113edf2790985ab,159,1,365.70000000000005,4,1,5,415,Need Attention
289676ac498b1c816bbfc0b3c2a890f2,386,1,34.6,2,1,2,212,Lost Customers
2899964371b6266b732cde11a74efbe6,70,1,169.9,5,1,5,515,Need Attention
28a9545ffe21521e8fa3870135873d50,187,1,79.97,4,1,3,413,Need Attention
28c7e3fb75d7ce1e496dc539443b71da,420,1,199.97,1,1,5,115,Need Attention
28cb2105de0e24c2dd3e21e364510937,50,1,96.8,5,1,4,514,Need Attention
28d4ee3088326411e34ecac1ad4b793d,298,1,37.49,2,1,2,212,Lost Customers
28d542491b651898135c4c7bae5b9a08,475,1,37.9,1,1,2,112,Lost Customers
28db4c7b77c89305b4729d65c20906c5,542,1,0.0,1,1,1,111,Lost Customers
28e2041c0f17e12da80a0146305c9259,466,1,16.5,1,1,2,112,Lost Customers
28e42f3e120527d138764c5244f2bfb4,433,1,69.99,1,1,3,113,Need Attention
28e7419981c810e071e0f6b061129fbc,185,1,1649.89,4,1,5,415,Need Attention
2910d75e440fa3665195c16cefeb5618,247,1,80.0,3,1,3,313,Need Attention
2912db6f8894dfa5aeea61325e2d5f08,168,1,209.0,4,1,5,415,Need Attention
29193837afc61c50550bc1139e1d822b,218,1,55.0,3,1,3,313,Need Attention
291fb0c415fc89510f36967453b24e94,86,1,119.9,5,1,4,514,Need Attention
2923157e1b4a0c4d19d69099d14a6bf3,237,1,140.98000000000002,3,1,4,314,Need Attention
292a3505e590c1927cbd8599209a09ed,339,1,149.0,2,1,4,214,Need Attention
2939eb5c5bf062a54061a6b0790057b5,47,1,0.0,5,1,1,511,Need Attention
293c9db44b6588c4e52fbef455fccde8,298,1,109.9,2,1,4,214,Need Attention
293e5ccf608a9ace023ea0e0f17c452e,87,1,192.9,5,1,5,515,Need Attention
2948be030b49909f3eccb592b8315f89,217,1,44.9,3,1,2,312,Need Attention
2948c3e888f4d365e119132da9f95c27,366,1,158.0,2,1,5,215,Need Attention
29518d17896d6a0902847dd45fc11516,241,1,20.0,3,1,2,312,Need Attention
295e9c54b2bf6eef2eaf468e80788bc4,204,1,0.0,3,1,1,311,Need Attention
29607e7e09b983abf0027c079c05efb6,611,1,0.0,1,1,1,111,Lost Customers
29682242915a222580f388e3515672a4,132,1,320.0,4,1,5,415,Need Attention
2968cb453924e6c2381a1f4320c50e94,58,1,150.0,5,1,5,515,Need Attention
296d0b2c6acccdf4d6727b20e1f9f4a2,88,1,83.9,5,1,3,513,Need Attention
297871f85f3905d13eaa1afed708ca57,50,1,123.47,5,1,4,514,Need Attention
298888cf6c1dc18e17e944817c30d579,463,1,0.0,1,1,1,111,Lost Customers
298c3e1a698283a45f1c94df3942bb3b,201,1,85.0,4,1,3,413,Need Attention
2990f218665832600f7180650703052d,560,1,159.9,1,1,5,115,Need Attention
299905e3934e9e181bfb2e164dd4b4f8,419,1,0.0,1,1,1,111,Lost Customers
299b2d1bcebfb18807ad9185f5a1f058,27,1,18.9,5,1,2,512,Need Attention
29ae9e23943929ef3f3951a883462955,153,1,129.0,4,1,4,414,Need Attention
29bb913f8dc41dfc1da7a18e7bace3a5,51,1,39.9,5,1,2,512,Need Attention
29bea95c72abb63bd9da0018a398b594,32,1,32.9,5,1,2,512,Need Attention
29cb098c6e774a2b42c7301e598649ef,556,1,59.99,1,1,3,113,Need Attention
29ce080f06ae639f25b0a63dfdbe38fe,74,1,199.99,5,1,5,515,Need Attention
29d208881a7c8202ddd852afaefbb076,317,1,19.99,2,1,2,212,Lost Customers
29d72fba272ad06ed0b2ac6351da042f,122,1,147.9,4,1,4,414,Need Attention
29dc4aeff866d6a940c471a3ea4faef0,507,1,0.0,1,1,1,111,Lost Customers
29ed46c06126f174d4fbf76e310adbfd,336,1,182.0,2,1,5,215,Need Attention
29fbb2801362f8857a80e4c1a0c74aa5,270,1,49.99,3,1,3,313,Need Attention
2a151ec82fd8a1ca7c3e212651ab5b24,430,1,31.9,1,1,2,112,Lost Customers
2a17afe1b10068ca48fa95d95b9d3e02,119,1,150.0,4,1,5,415,Need Attention
2a22b1a4b8c2269edf28440be3513884,463,1,0.0,1,1,1,111,Lost Customers
2a2af3460aaab4d8c9b90d572f4b2350,297,1,0.0,2,1,1,211,Lost Customers
2a34af7c4b1b83d78b14cf6b9c32c3b9,317,1,75.0,2,1,3,213,Need Attention
2a3d4df1de5c9feee497328298916d41,296,1,44.9,2,1,2,212,Lost Customers
2a3db31230ad9d133b382aff019cf148,411,1,128.0,1,1,4,114,Need Attention
2a4a68cba182fdfc227e3f3d79087b46,194,1,23.7,4,1,2,412,Need Attention
2a4f0eda78ff3506c9c4dda83bb996bf,79,1,23.98,5,1,2,512,Need Attention
2a59d41f81e3acce1b25fac07ad68566,233,1,0.0,3,1,1,311,Need Attention
2a5a352188f018f8f0033a5c6f01d3f3,172,1,191.47,4,1,5,415,Need Attention
2a5d28827d96a217c7640bf3219923d9,420,1,239.88,1,1,5,115,Need Attention
2a658f1dceab1750b17286dbcdecdd02,284,1,45.9,3,1,2,312,Need Attention
2a6ef69674d6f28002c72b8d123b3a27,181,1,19.9,4,1,2,412,Need Attention
2a6f5b4fbc6608e1cbfe8b7b4c113ba5,191,1,149.9,4,1,4,414,Need Attention
2a77526eb759d36db444e412962eaa99,163,1,199.0,4,1,5,415,Need Attention
2a8e9a7b6d67b448707d0d7ac6110b9f,467,1,89.9,1,1,4,114,Need Attention
2a910efc136042a1dd32dc916878be40,285,1,69.99,3,1,3,313,Need Attention
2a914bdfae6c0cc612a51e479acc0128,464,1,215.0,1,1,5,115,Need Attention
2a9740b80f4bf690a9f5bdece3b5fbc3,593,1,104.9,1,1,4,114,Need Attention
2a9c5cb3b3d815a92e567693b4abff28,43,1,0.0,5,1,1,511,Need Attention
2aa2c53b231eaec5b82d9e54056a0cc6,440,1,572.0,1,1,5,115,Need Attention
2aa9325eab1676f4d62830f004d67a34,237,1,12.77,3,1,2,312,Need Attention
2aa9afabdfb76a0d54d7113451f6ba90,176,1,0.0,4,1,1,411,Need Attention
2aba7239448982a76a0a79666419e3a3,243,1,129.9,3,1,4,314,Need Attention
2abd00de249ff6bc8f96811a29210812,339,1,143.0,2,1,4,214,Need Attention
2ad3e1dcf3218182586c332001db767e,131,1,0.0,4,1,1,411,Need Attention
2ad3e60daba1700dc116ea525e842f28,226,1,161.8,3,1,5,315,Need Attention
2ad3fd1a4a4c8dd70d848f625b27f4ed,427,1,213.0,1,1,5,115,Need Attention
2ad53a13954ae9d3d8e30a7e3ba1de18,247,1,199.89,3,1,5,315,Need Attention
2ad86ffb0cc867d8287247aae28cccec,101,1,62.0,5,1,3,513,Need Attention
2ad92a8ebf1160ccadcac9cf4734273c,209,1,204.0,3,1,5,315,Need Attention
2adaff8e437d7153f3326cf14187d821,300,1,258.0,2,1,5,215,Need Attention
2ae074b2130d62bb371ac2e1c72564c7,126,1,44.0,4,1,2,412,Need Attention
2ae3c67452283d5a0d30b32e0d33296e,273,1,45.0,3,1,2,312,Need Attention
2ae8fe87f03b04a0154ffa68276432fa,343,1,51.8,2,1,3,213,Need Attention
2aeecaf7cc80dcf343d70d88bfbcb062,127,1,0.0,4,1,1,411,Need Attention
2b08b37c414eedba2764accd09699c60,62,1,0.0,5,1,1,511,Need Attention
2b09ef35e74a0c582c8d846bcb5b7665,431,1,34.99,1,1,2,112,Lost Customers
2b0d2a4ffe3906cd18019c2463cfeee9,79,1,249.49,5,1,5,515,Need Attention
2b12aa72b942b60ca53b0eb533df5cf9,489,1,109.99,1,1,4,114,Need Attention
2b18cd5c428106cc024ee2cc951a0b68,37,1,59.99,5,1,3,513,Need Attention
2b1a443295eb2104e29e060cfc7faf4b,437,1,119.8,1,1,4,114,Need Attention
2b21acf35bb99e01d64acdf686ba9856,360,1,0.0,2,1,1,211,Lost Customers
2b2444f1324436d35fd4d96e0c865374,276,1,179.99,3,1,5,315,Need Attention
2b36582948057afaf22d40843b540cf1,220,1,0.0,3,1,1,311,Need Attention
2b4871f788b44ee004ec2c7fc7cd420b,325,1,59.95,2,1,3,213,Need Attention
2b5810705ad2dc3a748d181a15996eb2,284,1,13.65,3,1,2,312,Need Attention
2b7af693337e3fb22615306dbe54432c,225,1,98.0,3,1,4,314,Need Attention
2b815237a1c6cb549b7a44e1c522dfef,154,1,58.0,4,1,3,413,Need Attention
2b85ec29465d3698c94e89a255767977,463,1,71.82,1,1,3,113,Need Attention
2b8b340d292b5de57a5bd3f9ae6c0832,221,1,0.0,3,1,1,311,Need Attention
2b8f30046f8da2c3e6e3abefdd0527a3,246,1,14.0,3,1,2,312,Need Attention
2bb2d41131e55fb88d4d8a2527c4a6a7,312,1,179.0,2,1,5,215,Need Attention
2bb77ab6d3b1f3e81e79f40dfe35becf,121,1,44.0,4,1,2,412,Need Attention
2bb807a3ffb2a486c452125519c8aaec,486,1,0.0,1,1,1,111,Lost Customers
2bb9b7e460ba29e236747a1959108097,390,1,58.0,2,1,3,213,Need Attention
2bbd09d4d1fd7751420a920931100140,353,1,59.9,2,1,3,213,Need Attention
2bcbb73032ee97a07a49d5c6683403bd,75,1,75.0,5,1,3,513,Need Attention
2be1bf7d96bccea9775dcd4c5cbde376,466,1,0.0,1,1,1,111,Lost Customers
2be4b338d74b933f74f9b445e5ef0c6e,108,1,139.98,5,1,4,514,Need Attention
2be9b3218064e818eb33659db22b3e8e,286,1,180.0,3,1,5,315,Need Attention
2bf97f7ad0865d494796787cc7cf1fe8,178,1,0.0,4,1,1,411,Need Attention
2bfa1c994cd7471d73f27df147b62ee9,90,1,85.0,5,1,3,513,Need Attention
2c08ea1522ea4bac42eb5dd9f5df21af,100,1,99.9,5,1,4,514,Need Attention
2c14db46aee6245ff5a01f7f69544f73,171,1,134.9,4,1,4,414,Need Attention
2c32927381d240d6ed1bb6ee1572f1e0,298,1,12.25,2,1,2,212,Lost Customers
2c3a5fa3cac8eab6568cf47c4f7f6624,437,1,89.0,1,1,3,113,Need Attention
2c4170d67162923fbc4d027718399427,239,1,290.0,3,1,5,315,Need Attention
2c474d42fda9aa734da5981d2cafc0e5,217,1,329.0,3,1,5,315,Need Attention
2c4bcbb5a9a1b8ed1a4b05ddef43a888,296,1,150.0,2,1,5,215,Need Attention
2c4f1092bd119ecf092582dfa6ce27b5,250,1,39.9,3,1,2,312,Need Attention
2c5100ebe43494cc2e7c912d5366f253,205,1,0.0,3,1,1,311,Need Attention
2c586ad47f2b790f4095f2d9eb8d508c,370,1,119.4,2,1,4,214,Need Attention
2c5dbd28dd423544b1194ed09096cb4d,192,1,115.0,4,1,4,414,Need Attention
2c613e1daa937ba2dda45140c410f48f,452,1,59.9,1,1,3,113,Need Attention
2c6f62969907bc67dad42631fda31a53,188,1,180.0,4,1,5,415,Need Attention
2c7a802e0d32ce5642dd15228e54a475,184,1,169.78,4,1,5,415,Need Attention
2c7c4b71fc0021f5d62f46945c7bcae2,334,1,135.0,2,1,4,214,Need Attention
2c7df4496702560c973e5afa81fe9208,290,1,179.8,3,1,5,315,Need Attention
2c832927085c6d055b8f9de599c81c81,80,1,29.99,5,1,2,512,Need Attention
2c85bc3b462b734ab70f4fc28ff5f727,276,1,46.98,3,1,2,312,Need Attention
2c87620a0cba3dc7cdaf2617928d15d7,205,1,245.9,3,1,5,315,Need Attention
2c90fdbc33c7a6f301f4c63f0c962b3f,301,1,970.0,2,1,5,215,Need Attention
2ca59de5f065107ef5add18625776bdb,297,1,58.0,2,1,3,213,Need Attention
2cac2c968d6e64f3d4dbc358ea518a8f,134,1,59.98,4,1,3,413,Need Attention
2cbb27285e259123d5b9aac321b7085e,23,1,179.0,5,1,5,515,Need Attention
2cbb9df2b63297fd69287e712a06a33e,493,1,54.9,1,1,3,113,Need Attention
2cbdd1cbe1695df917f0f720f4b6449c,139,1,359.8,4,1,5,415,Need Attention
2cd68cd1b5bef221314ed99f32ad33f4,476,1,79.5,1,1,3,113,Need Attention
2ce9755c84e47b391e5255ff3e41c34c,68,1,0.0,5,1,1,511,Need Attention
2cf1b13d236cbffe7a3e1857136982b1,114,1,0.0,5,1,1,511,Need Attention
2cf2aa79a6a7165ea380a4fcea303c0b,40,1,29.99,5,1,2,512,Need Attention
2cf5f400e1fe53d4ca5684d666491fe0,529,1,259.9,1,1,5,115,Need Attention
2d07268992081121daea23b365799b4c,294,1,42.99,3,1,2,312,Need Attention
2d0d69cb131ce9922d4b8684f3fdc720,38,1,46.9,5,1,2,512,Need Attention
2d2616826443ccc5be23aa13edf2fe23,482,1,97.0,1,1,4,114,Need Attention
2d38e2e85540b22097d39f767c481d18,283,1,49.0,3,1,3,313,Need Attention
2d38f064a1ddd82c8c14beadb7bf0c38,277,1,129.0,3,1,4,314,Need Attention
2d3c25ea3f9a4d5136a7ff272b1b0ab1,197,1,59.9,4,1,3,413,Need Attention
2d412c55a2fb76361ba53afa14b9f46a,303,1,23.99,2,1,2,212,Lost Customers
2d415b8cfcec2aa6686bb9e74e3970c4,138,1,99.9,4,1,4,414,Need Attention
2d55aacf7688e281b83de3ffaa61c058,45,1,119.9,5,1,4,514,Need Attention
2d5c600f8cc7477dc616b9bd2d00a0fd,54,1,44.9,5,1,2,512,Need Attention
2d5e5796e7901464c00407e69739c6db,459,1,99.9,1,1,4,114,Need Attention
2d62f3a9748197a1e14719249eaaef03,91,1,125.25,5,1,4,514,Need Attention
2d69de392ffdb5def80917230154351d,504,1,208.9,1,1,5,115,Need Attention
2d6b7f961407874c0cfc9ac967cacd96,427,1,29.9,1,1,2,112,Lost Customers
2d6e75f5a4a33d3a936f1ea68ac9bf01,448,1,0.0,1,1,1,111,Lost Customers
2d7730d34247040e79db147306415d8e,63,1,0.0,5,1,1,511,Need Attention
2d7c2087a16245e57129072202956761,69,1,93.0,5,1,4,514,Need Attention
2d82802eb43a9c6bcdb057573f8e0b19,188,1,93.5,4,1,4,414,Need Attention
2d8c53115afe41713433269302e68bc6,78,1,315.79999999999995,5,1,5,515,Need Attention
2d9611203b229e9cb67f2233522eb915,259,1,69.9,3,1,3,313,Need Attention
2d9decde68108c2233c662aeb3310a64,224,1,158.0,3,1,5,315,Need Attention
2da15ef83ce8831c824aa43f2af3eff1,255,1,47.49,3,1,2,312,Need Attention
2daa09f922fad73e8c273da266ab8366,130,1,69.9,4,1,3,413,Need Attention
2db405cc6d4123953d36594dbff12a73,278,1,230.0,3,1,5,315,Need Attention
2db7f214cad74f77bf16ddd07ec20b35,155,1,428.0,4,1,5,415,Need Attention
2dc92af471496ca347e530172e0979e7,210,1,878.0,3,1,5,315,Need Attention
2dcbfb99d95c7ba6eb992a98627f45b8,297,1,139.89000000000001,2,1,4,214,Need Attention
2dd08bd7446dc7c2f4a68d3e9fc4ae97,301,1,117.3,2,1,4,214,Need Attention
2dd5d907b9acbb6c573a11a1d8979358,209,1,0.0,3,1,1,311,Need Attention
2ddaeeb8948d70423c3326843412fccf,97,1,64.0,5,1,3,513,Need Attention
2de02fb5e57b59a6027451cf321658e0,225,1,69.9,3,1,3,313,Need Attention
2de521d3fd097acfbd5bed9c7b9ed0d0,61,1,169.85000000000002,5,1,5,515,Need Attention
2deeacd4088ed129cde8cdeccdd46261,31,1,119.0,5,1,4,514,Need Attention
2def344a13128b287c12ffd531dacce9,383,1,89.9,2,1,4,214,Need Attention
2defff2e3559949b21a9b551b46ce59e,285,1,35.9,3,1,2,312,Need Attention
2df79c0c80c225d537833abb01a1a8ca,450,1,59.9,1,1,3,113,Need Attention
2dfa6bc8c7ffb458e399e69233352dbc,554,1,0.0,1,1,1,111,Lost Customers
2dfb47f553da7cc2a4b874efa420822f,254,1,0.0,3,1,1,311,Need Attention
2dfcf246b58dae24a063c8e0cc3cf309,391,1,0.0,2,1,1,211,Lost Customers
2e0cd6f7d34ce42c5a047fdffcf275b9,123,1,29.99,4,1,2,412,Need Attention
2e0daa38f7fd081ddcda32d972e5ec50,250,1,21.9,3,1,2,312,Need Attention
2e13521a3aa391873c485943bae0adb6,101,1,72.99,5,1,3,513,Need Attention
2e15bb92fa33e06e35287ea4d1cafe05,375,1,0.0,2,1,1,211,Lost Customers
2e1f3fdeb2649124382aba29f48b941d,354,1,143.0,2,1,4,214,Need Attention
2e1f94c41e4eb045becefe63ea5e426e,127,1,19.99,4,1,2,412,Need Attention
2e2184d1356da6b014de1af7efb0f093,133,1,72.0,4,1,3,413,Need Attention
2e235c20dbbb4ff8df5506f0c3592c78,542,1,0.0,1,1,1,111,Lost Customers
2e3c051a9f6e30c8e6d7d45feb4be118,541,1,43.9,1,1,2,112,Lost Customers
2e3c3bce0bc8cca5d8e987d047e64d8b,516,1,37.99,1,1,2,112,Lost Customers
2e471b8b0ebd8aeb029d78917c3961d0,376,1,60.0,2,1,3,213,Need Attention
2e49d8c29da227669fcdaafb6c2af0cd,290,1,99.9,3,1,4,314,Need Attention
2e4c7fbec4fdb54f1cf04c1446dccf12,296,1,59.9,2,1,3,213,Need Attention
2e5a6bbafe6b67eb00feca4e33001c27,107,1,790.0,5,1,5,515,Need Attention
2e61a8d70f5bd8fa8dd742ed198aceaa,590,1,178.0,1,1,5,115,Need Attention
2e6a42a9b5cbb0da62988694f18ee295,493,1,29.99,1,1,2,112,Lost Customers
2e70bb026bb9a192d6cf9e91486c412c,44,1,23.99,5,1,2,512,Need Attention
2e729c60d6081c9eae481aad8aa9edf9,308,1,190.9,2,1,5,215,Need Attention
2e7ab114267a45718e2bdf68635d45a5,431,1,174.92,1,1,5,115,Need Attention
2e8451f99c0515636908ff1f6ba45449,259,1,0.0,3,1,1,311,Need Attention
2e8561bf8b43a8b182c53dfb53fc9a7f,605,1,299.8,1,1,5,115,Need Attention
2e88baab9c2ef8e9e915a90d0c7fb5ae,318,1,119.8,2,1,4,214,Need Attention
2e8c309e3c6b45f7aa179c7db44a1986,120,1,29.0,4,1,2,412,Need Attention
2e941e4b7eb84a81f26149b0d70a6722,252,1,69.9,3,1,3,313,Need Attention
2e9cdecaa137e8ba2084bbde28c85105,296,1,597.9,2,1,5,215,Need Attention
2e9fa6156ef798653e721237123f372b,380,1,57.0,2,1,3,213,Need Attention
2ea138252e398496437ad1596662e56b,401,1,0.0,2,1,1,211,Lost Customers
2eab2d0ae1015e2e7fb2062f465f524f,473,1,0.0,1,1,1,111,Lost Customers
2ec0c3eb092b2cffb5eb4c61299b71fc,269,1,129.0,3,1,4,314,Need Attention
2ecb072c40df1c0e01f07c88f55d6c2e,238,1,58.9,3,1,3,313,Need Attention
2ed568220c373f8941bdfac8f464e66e,556,1,45.0,1,1,2,112,Lost Customers
2ed58d0567a2839599b85957ee02bca9,234,1,0.0,3,1,1,311,Need Attention
2ee0d7587a1a04de482c6211ea2988bc,499,1,219.9,1,1,5,115,Need Attention
2ee123fe846467308b514a15717df930,234,1,0.0,3,1,1,311,Need Attention
2efbff41b13fe600095d4b41e38bd9ba,427,1,144.94,1,1,4,114,Need Attention
2f0efa6c35f7a04c0ccb3f78d1df660a,299,1,15.9,2,1,2,212,Lost Customers
2f1c76c2bc1797d9f84853404f4e20ed,307,1,210.0,2,1,5,215,Need Attention
2f293b442348c20d12aa4537bd3d7234,154,1,149.9,4,1,4,414,Need Attention
2f30a830c2791853a80645df3213eab7,414,1,0.0,1,1,1,111,Lost Customers
2f38d11d1609db1fc9003a0cc495cb30,39,1,0.0,5,1,1,511,Need Attention
2f4c7a8dd55979a2bfc661b2c866d9e6,277,1,0.0,3,1,1,311,Need Attention
2f4caaa523ad6f3d695a5e698263cd05,284,1,58.0,3,1,3,313,Need Attention
2f55399d3fe14896b29d99d8c16d309e,74,1,23.99,5,1,2,512,Need Attention
2f5f9356cfae0215286f7daa363aa062,290,1,59.9,3,1,3,313,Need Attention
2f60c4dcfff37b23ad4c31f5d0bfa9c3,300,1,0.0,2,1,1,211,Lost Customers
2f679a526d3b619beccc26a3d1435de4,309,1,119.98,2,1,4,214,Need Attention
2f7040ff8e20664c0856a138a97eecce,30,1,34.39,5,1,2,512,Need Attention
2f774604b1d18f77ddd477c67bfc2240,279,1,144.9,3,1,4,314,Need Attention
2f7920af5858f8f73ae5af711c28471a,24,1,0.0,5,1,1,511,Need Attention
2f7dfe579bcf68fe342ed9044423d846,135,1,149.9,4,1,4,414,Need Attention
2f800e29b4beb4dc341a388c0f669675,310,1,99.0,2,1,4,214,Need Attention
2f848741e2b5e3151ce9f2b46e1a1b2c,156,1,30.3,4,1,2,412,Need Attention
2f8552b3c0fd59f1bd0f0821a136a9ae,590,1,550.99,1,1,5,115,Need Attention
2f8dab36f4adff0c2cea0b850d72b8ca,301,1,34.78,2,1,2,212,Lost Customers
2f90c65427c62f4e5195bebe854b0a55,128,1,99.98,4,1,4,414,Need Attention
2f97fb04ba09cfa05b9e3b3af4e8e247,307,1,109.98,2,1,4,214,Need Attention
2f9856bf9beb35be3338bf86b46fa8e4,534,1,119.99,1,1,4,114,Need Attention
2fa6a78122d16adf2efec6789a63a0ea,129,1,185.9,4,1,5,415,Need Attention
2fa7baae55a43edd912fa394f60ba7c6,83,1,26.9,5,1,2,512,Need Attention
2fafff68ec29779e3b19a41f71fba0bb,228,1,19.9,3,1,2,312,Need Attention
2fb246d1ccf7be8743d4a385db89cbb9,601,1,349.99,1,1,5,115,Need Attention
2fc9a64ae672512016acd52bb0d59c61,328,1,199.0,2,1,5,215,Need Attention
2fca924c90ac599f416173f496dbdfa6,216,1,28.0,3,1,2,312,Need Attention
2fd07dc5dbae616986e00fb72e7a779b,137,1,0.0,4,1,1,411,Need Attention
2fe074ea3cc24b8fd57d29effc995f8b,294,1,0.0,3,1,1,311,Need Attention
2fe5884cad682fbcf82de3ffd522fdaf,459,1,89.9,1,1,4,114,Need Attention
2fe8b7ce9d111a6f3c7b75a9c0f6eabe,559,1,14.9,1,1,2,112,Lost Customers
2feb8402ee618f141168787b76e58103,176,1,47.6,4,1,2,412,Need Attention
3008c9a0da4d259b05093a3c149ed7be,484,1,0.0,1,1,1,111,Lost Customers
301a17ed23b8bb5bfce2df8604c06cfd,205,1,119.0,3,1,4,314,Need Attention
303b9294d757fabfe261bcf99cf819a0,240,1,11.55,3,1,2,312,Need Attention
303fb9f8c127cb9940d3e8259d7c34d7,260,1,59.9,3,1,3,313,Need Attention
3046b0bd43b0ea4bc6d0aec70bc96e9c,225,1,115.0,3,1,4,314,Need Attention
30480b4ef6a45083f99de41f24eccb44,244,1,410.0,3,1,5,315,Need Attention
3058f1cb6f29801c908499b888b1cd0b,38,1,0.0,5,1,1,511,Need Attention
305a9e2b49169ced55bdd09fed23cda0,194,1,199.0,4,1,5,415,Need Attention
30601ff4bc10bc566c995c703a463866,58,1,0.0,5,1,1,511,Need Attention
30656f1a6f4ef8d3286f02090232d105,227,1,215.0,3,1,5,315,Need Attention
306604a290dba7c17d47b4fe32db82c2,74,1,58.99,5,1,3,513,Need Attention
306ca0d858edef9af39b998960923222,184,1,59.9,4,1,3,413,Need Attention
306ff27506cde963bac1f841faa5163e,249,1,99.0,3,1,4,314,Need Attention
3084108ab6a05c325f137b7cbaf6e283,64,1,29.99,5,1,2,512,Need Attention
30888fabbe35d54b5dcef294496af86b,48,1,0.0,5,1,1,511,Need Attention
308dfe5168e217902973b27e7c91f27e,66,1,99.0,5,1,4,514,Need Attention
308f0a729f3440afc0b59c38f133a8f5,419,1,0.0,1,1,1,111,Lost Customers
309035839d0c04859125d39311145941,103,1,139.0,5,1,4,514,Need Attention
309a2dd508063b66704ebdd088d35586,290,1,69.9,3,1,3,313,Need Attention
30b03f32a9ab981472ef15782f5a0071,540,1,0.0,1,1,1,111,Lost Customers
30b25e94cd8582e92ef193531bc531b8,383,1,0.0,2,1,1,211,Lost Customers
30b6fe5fb355877c7bded1817219d96c,290,1,89.9,3,1,4,314,Need Attention
30b782a79466007756f170cb5bd6bbd8,52,2,107.56,5,5,4,554,Champions
30be4b936437873fb4a6fb64fb54a81e,241,1,225.0,3,1,5,315,Need Attention
30be913d7ef1f8e51182191d3b9615fa,136,1,17.99,4,1,2,412,Need Attention
30c5afe4a2db74f859bba633686399f1,260,1,149.0,3,1,4,314,Need Attention
30cdb4cdecf7b102e572ff08369799af,426,1,134.9,1,1,4,114,Need Attention
30cf132fa42d1d4434e6b51827b81491,204,1,117.0,3,1,4,314,Need Attention
30d1db88b4b84f7c2aafba0c1ba023fa,42,1,69.99,5,1,3,513,Need Attention
30d600f278c689c07360b4124cb9a73d,89,1,217.55,5,1,5,515,Need Attention
30ddfb9397deaa2700181ca7fab1260b,120,1,429.9,4,1,5,415,Need Attention
30e4588900a8ceade11dbe60525d107e,217,1,89.18,3,1,4,314,Need Attention
30ee451beee0f5463a987c36584df9ce,137,1,135.0,4,1,4,414,Need Attention
30f26a52896033a63b34125e91ce5c59,467,1,195.98,1,1,5,115,Need Attention
30fe3910a6e920e98fdf5daf5e2a48a8,87,1,99.9,5,1,4,514,Need Attention
310647380793836bfa5b7b6b3f518423,392,1,105.6,2,1,4,214,Need Attention
311dff8c3112b3ea255ec4871cabaf03,297,1,281.99,2,1,5,215,Need Attention
3129dce5dc566246ea1354bff5bb6fea,38,1,105.0,5,1,4,514,Need Attention
312c9b7a4b792683db76a547c722486b,522,1,12.98,1,1,2,112,Lost Customers
3132d86f62f32c88fd171f0a25012699,255,1,69.9,3,1,3,313,Need Attention
314d498639a7a7e9b8f135a0e9d138c0,339,1,64.99,2,1,3,213,Need Attention
314e67684fb54502d819d66c0e3beb9b,97,1,58.9,5,1,3,513,Need Attention
3160d045339a86518702dd3aa75d7b78,345,1,22.9,2,1,2,212,Lost Customers
31679ddfa8293ff186216eec51ba574f,209,1,28.9,3,1,2,312,Need Attention
3168dc37da92585ed2bf29058b0cc143,430,1,56.99,1,1,3,113,Need Attention
316d6ccdf24ac783b5e4ccdff8506af9,339,1,9.99,2,1,1,211,Lost Customers
317316ce918b51c2d4e1e7f9af54c434,359,1,99.0,2,1,4,214,Need Attention
3174c4e21145aed6e4fe22a8f8634763,331,1,0.0,2,1,1,211,Lost Customers
3195d6c23c9f61b0bcfae41d3fe8a3db,102,1,89.9,5,1,4,514,Need Attention
319df3f4e38c4bcf9e3bccd1bb504bdc,102,1,22.49,5,1,2,512,Need Attention
319e86b5a7cbc42a85be7e1e452f337a,370,1,250.0,2,1,5,215,Need Attention
319fb7408d85ca7902baa71df1dd7045,384,1,58.0,2,1,3,213,Need Attention
31a5a2b6f59607a0c7ba435e40316362,237,1,25.9,3,1,2,312,Need Attention
31a6cf9e22c6b10a4706a9d2aa9ee302,297,1,224.9,2,1,5,215,Need Attention
31a98cf218b88e127990ae3ded21211f,249,1,12.9,3,1,2,312,Need Attention
31a9f3ea5883e3fa0e6ec685504251e2,300,1,0.0,2,1,1,211,Lost Customers
31ab4a5b2f583ee1de310d7dc4f49d1e,410,1,59.9,1,1,3,113,Need Attention
31b8fa2573bde01af4737e8ed29c348b,372,1,50.0,2,1,3,213,Need Attention
31b9951a97199d0d5fa7b5f02453265f,283,1,109.9,3,1,4,314,Need Attention
31c014df5bd50caf330d47c60a7b485c,414,1,399.9,1,1,5,115,Need Attention
31c9713476a117a44e586a3e6cae3a17,396,1,0.0,2,1,1,211,Lost Customers
31cb8b5ae4d65859af8fc33b14cde233,294,1,110.0,3,1,4,314,Need Attention
31d0b55cfd9a400a5786b5de885bba7e,26,1,45.0,5,1,2,512,Need Attention
31d29e85e904e0b8ffa2af37319cb8a9,42,1,0.0,5,1,1,511,Need Attention
31d345dc7e57dbc9843ac70d4d88e6f5,241,1,20.3,3,1,2,312,Need Attention
31d9f06aeb3e5695e7f7f809e22ad73b,249,1,89.99,3,1,4,314,Need Attention
31de4c2abfc75a9f4240104be74b343c,194,1,114.0,4,1,4,414,Need Attention
31e0594ceb5bcb2f0ab698a5ed2bb0ff,267,1,29.9,3,1,2,312,Need Attention
31e05a4807105bb6f6ced59da6b113de,376,1,409.99,2,1,5,215,Need Attention
31ec7f874ddf3354271c86d59e90b801,585,1,19.9,1,1,2,112,Lost Customers
31f49e069c399db9c3a0bdf8653e4e8f,377,1,0.0,2,1,1,211,Lost Customers
31f587e5afb9ca5efad537ab69de67d6,38,1,0.0,5,1,1,511,Need Attention
320c8ec376e4f189744a18ef6027db89,450,1,89.9,1,1,4,114,Need Attention
320e13a9e22b4e4cda8c17ed1c140ce0,298,1,0.0,2,1,1,211,Lost Customers
321a3e8cd267a0eda1010b26e921731b,207,1,139.8,3,1,4,314,Need Attention
321aa4705a6597b7bb5a0c42ee121d3e,301,1,99.9,2,1,4,214,Need Attention
322d466e7234d7a786a595df66877156,533,1,59.9,1,1,3,113,Need Attention
323333d54ee35f33103ab7cce7408e6b,147,1,99.9,4,1,4,414,Need Attention
323630f1bddac4dc06bf3bdeb90dbe36,188,1,22.99,4,1,2,412,Need Attention
323b82df3d9616926c9eb5a0924abfbe,244,1,55.8,3,1,3,313,Need Attention
323c4e9d78f774df9255793377ce636e,164,1,120.0,4,1,4,414,Need Attention
3248d94dedca7507cbe8d17075b39081,226,1,65.99,3,1,3,313,Need Attention
324ac53c3fc280401366b7c197dba28d,133,1,0.0,4,1,1,411,Need Attention
324e81e44d41c1c9660f5c8b38683702,596,1,50.9,1,1,3,113,Need Attention
325149f3fd67b6e44a634ca8524e75f6,40,1,119.8,5,1,4,514,Need Attention
3255f7be2750bb6add3dd7c38ad43f48,250,1,19.9,3,1,2,312,Need Attention
3256049f46589ca9ddb1dd86043f3948,585,1,22.0,1,1,2,112,Lost Customers
325655f3c2eeea7fb5537de89dffd0f3,149,1,0.0,4,1,1,411,Need Attention
32644e345e4828ae8dfa38c0663343e1,469,1,49.99,1,1,3,113,Need Attention
326a9c3ca94e3d9ae9328537fac9ae00,568,1,64.9,1,1,3,113,Need Attention
327978477aaf5662dc82512c9f63e5f5,341,1,107.61,2,1,4,214,Need Attention
3281635afcc7bd82aca4782e4f0fba8d,216,1,0.0,3,1,1,311,Need Attention
328ecf4ae1638481b5fd47a3d4f10501,300,1,31.9,2,1,2,212,Lost Customers
329aad6fa941f787358a07e787be91e8,40,1,134.89,5,1,4,514,Need Attention
329d013202109f3079446be910f5353b,377,1,55.0,2,1,3,213,Need Attention
32a390ed1539022cd7a0f20df2954bd5,329,1,430.0,2,1,5,215,Need Attention
32b3af6c5548b794f1924e7dc83f9e00,63,1,120.0,5,1,4,514,Need Attention
32b736144958de0748fcfa294ef0b207,341,1,79.9,2,1,3,213,Need Attention
32bd7fa6d305e3c9a073ec9f2c5a49ad,513,1,0.0,1,1,1,111,Lost Customers
32c7250e535d4b3c5b294c9606706b51,250,1,194.99,3,1,5,315,Need Attention
32d36db8ff4b40b4349f0ebec623be72,203,1,18.9,4,1,2,412,Need Attention
32d935537fb268d349d5d14d7e778a2d,188,1,0.0,4,1,1,411,Need Attention
32de2a7a93dbfc527b3f584744b9c6ce,578,1,69.9,1,1,3,113,Need Attention
32e798e44d5d6847c29700f4fd81c67f,354,1,39.0,2,1,2,212,Lost Customers
32ec4cc78ff1333feca4aa96ef95bb74,86,1,37.47,5,1,2,512,Need Attention
32fac75226dbbce057b8a9f2a1b1997b,381,1,89.0,2,1,3,213,Need Attention
32feb5b7a73eee84aec157fcef63bd15,242,1,139.9,3,1,4,314,Need Attention
3300d15602bbdfa988f7f5958cbd7457,487,1,0.0,1,1,1,111,Lost Customers
33047a883dab6ab720ed2269d31891a1,135,1,189.9,4,1,5,415,Need Attention
3306db32ba8788609cc76d0d73075656,426,1,0.0,1,1,1,111,Lost Customers
33094ac6ba8c6a0851b9775bcea7b932,62,1,57.98,5,1,3,513,Need Attention
331a638bfc01a1382d0ecb0079d8807f,472,1,0.0,1,1,1,111,Lost Customers
331fd4bbcc3082979ac9595762358cba,69,1,19.3,5,1,2,512,Need Attention
3333f0287d8a19d37985d4920dac1ddd,50,1,0.0,5,1,1,511,Need Attention
333f6b9777069c0e20d81f6cea06c631,564,1,105.8,1,1,4,114,Need Attention
334d0235ca6f2f09dd55804a26efe952,107,1,47.9,5,1,2,512,Need Attention
3353f4c5877c92dabf4068661b4564fd,60,1,34.9,5,1,2,512,Need Attention
337b2ad5e2840cafc74a90bca5a4a643,578,1,117.0,1,1,4,114,Need Attention
337bf0efbf9e5ba67461d2e5b4e5c2b1,29,1,99.8,5,1,4,514,Need Attention
3385d3ca16a8ea8e2124294ac08b1814,223,1,144.99,3,1,4,314,Need Attention
33874761fef19ddc1089150eb89b3d5d,506,1,52.0,1,1,3,113,Need Attention
339f6d44a550afdaf2a4a9a29d091d16,290,1,19.9,3,1,2,312,Need Attention
33ae340b3747919723bf7f1163dbc21a,131,1,15.99,4,1,2,412,Need Attention
33b08ff5fcb0b5bc8d8b9f106bbeca89,297,1,21.49,2,1,2,212,Lost Customers
33b141e373b4f251b033f9ed33d6974d,344,1,154.9,2,1,5,215,Need Attention
33b239671c1c878914ed922a0dacd607,471,1,41.99,1,1,2,112,Lost Customers
33bd735d4cab6840138343656f822e05,147,1,68.0,4,1,3,413,Need Attention
33d5f77e44abcb42cdfc86854e5fce8c,500,1,677.9399999999999,1,1,5,115,Need Attention
33dc85cfdc3b4c5fe951512e9b426f78,45,1,29.7,5,1,2,512,Need Attention
33e156bda7e4550b1c7714b0cd34ceb7,386,1,59.9,2,1,3,213,Need Attention
33e2ec99a0b818a86def54a73031892a,201,1,229.9,4,2,5,425,Potential Loyalists
33e608856217dd0b34bf69e313470406,50,1,54.9,5,2,3,523,Potential Loyalists
33e87f4cf23de91419bc2b65f9052789,385,1,138.0,2,2,4,224,Need Attention
33e9fb2265fc2580abaf825eb6eb4292,575,1,59.0,1,2,3,123,Need Attention
33eb82333797c42ebb80bcc4aa337943,317,1,41.5,2,2,2,222,Lost Customers
33f92c3d64fe0986abe1c5f40baf0165,282,1,99.98,3,2,4,324,Need Attention
33fe3258191eb8d23fcbd966967dffa0,397,1,89.9,2,2,4,224,Need Attention
34115d5fc0c83f38f79c68c8edcdc1dc,118,1,109.9,4,2,4,424,Potential Loyalists
3411eba8bec9143a5c999f80226aaa5e,177,1,116.0,4,2,4,424,Potential Loyalists
341b6946aa6278284d3986112c43def4,128,1,0.0,4,2,1,421,Potential Loyalists
3421619a31e48bcac1cc2e40707f0978,357,1,159.6,2,2,5,225,Need Attention
3438b8441c857ae2e12fb185b58ec074,142,1,0.0,4,2,1,421,Potential Loyalists
343a7a9382091ae4d0b150c52c86aa19,548,1,59.0,1,2,3,123,Need Attention
3442a61b2d5bfd9d605d6943701ad650,179,1,416.5,4,2,5,425,Potential Loyalists
3443aa1df045d475ffb79648c36494e7,388,1,59.9,2,2,3,223,Need Attention
344fecfc1b158f40bd95550e62547fda,230,1,129.97,3,2,4,324,Need Attention
3462632a621a8362bf4d3149b2432842,554,1,129.0,1,2,4,124,Need Attention
346396cf7ea625170715c7d1e97dc405,274,1,0.0,3,2,1,321,Need Attention
346d91f707ed77bbedd42a739ac519a3,70,1,59.9,5,2,3,523,Potential Loyalists
3489a2afde268cc8e832c33bbd7261d5,138,1,0.0,4,2,1,421,Potential Loyalists
34911b4ba8ed3cc15bd1ff84063a3771,392,1,180.0,2,2,5,225,Need Attention
34a7a16320425b76238d17b877418323,257,1,86.9,3,2,3,323,Need Attention
34a9803943df6b2eba0a322e63886be4,271,1,24.9,3,2,2,322,Need Attention
34aac96d64fc005f6a378efdae534788,65,1,0.0,5,2,1,521,Potential Loyalists
34ad8eecb58cca3f3fdc65e91c3ccd81,405,1,265.99,2,2,5,225,Need Attention
34be8fa07e63708f818e10e2096c83d1,492,1,21.9,1,2,2,122,Lost Customers
34c13cd5451e9a2b8dcd0a2260ad631b,50,1,0.0,5,2,1,521,Potential Loyalists
34c58672601f2c6d29db7efd1f6bf958,236,1,27.3,3,2,2,322,Need Attention
34c7808de01a015e9c5165f6b44d7985,525,1,0.0,1,2,1,121,Lost Customers
34c86ba70868a8cd77cd8ac1e74a9de8,267,1,24.9,3,2,2,322,Need Attention
34d1f09eab8df30b699122c567f6ab32,475,1,113.0,1,2,4,124,Need Attention
34d9d4be6e7d5d9dfb87ff6fc9455b59,325,1,0.0,2,2,1,221,Lost Customers
34e19eb83a7ca102c1dd4ee4264d889e,468,1,69.0,1,2,3,123,Need Attention
34e9218036622d21dadebbfade12537f,528,1,55.8,1,2,3,123,Need Attention
34fbd9c42eb9702b4b8c6624b228ef11,229,1,86.9,3,2,3,323,Need Attention
34ff67eb3466a779b2f6b6fd56a3b953,112,1,2749.65,5,2,5,525,Potential Loyalists
35049c7d85f6a53ad59d8cd5d3f8d134,103,1,152.9,5,2,5,525,Potential Loyalists
35052a34c8cddade15549afde5580e83,79,1,0.0,5,2,1,521,Potential Loyalists
3506768c1d316482dc13c4848d0a7aa1,389,1,37.49,2,2,2,222,Lost Customers
350b4f552289d46cd2a225f9a5f9d869,54,1,459.8,5,2,5,525,Potential Loyalists
350e8172d9a1ed3cea31f50e09de726f,352,1,59.99,2,2,3,223,Need Attention
351853efbf1da247efad7b002971072d,147,1,59.9,4,2,3,423,Potential Loyalists
352fd235c6e516d78f7481b9dae3eead,72,1,51.9,5,2,3,523,Potential Loyalists
35473cbe40102cc697f12d9c6da90d9c,399,1,32.9,2,2,2,222,Lost Customers
354d9a044fc69afda19173b3df491c92,223,1,38.5,3,2,2,322,Need Attention
3556987e5b22d5372214fb48fc9fe02a,249,1,16.0,3,2,2,322,Need Attention
355c8e5dd7ea03b291a4057c4a8b7a4f,491,1,0.0,1,2,1,121,Lost Customers
3565906973c459aa065d735bc52ac2b9,301,1,479.98,2,2,5,225,Need Attention
357482c4e5b9b6200cc2b37b8a7b46b9,516,1,125.0,1,2,4,124,Need Attention
3584499f418a3d1561146c07564c3ee4,57,1,252.9,5,2,5,525,Potential Loyalists
3589e93cbd610abc00e2714461fef0f2,148,1,499.99,4,2,5,425,Potential Loyalists
35946f04caff0b0dfe7096c7ee125cc7,298,1,13.7,2,2,2,222,Lost Customers
35951de17bd7b3325df5c476840fae0f,560,1,0.0,1,2,1,121,Lost Customers
359bacb2b5c52b4287667a7bc6c7bc63,493,1,177.0,1,2,5,125,Need Attention
35a1bc3b10285bac477591a09cf7abed,314,1,5.99,2,2,1,221,Lost Customers
35a5139d64a17f2d5336aabace88cf87,386,1,0.0,2,2,1,221,Lost Customers
35aabace9e8c8f00fad6099760de33e0,174,1,55.989999999999995,4,2,3,423,Potential Loyalists
35b232d8a3c40f27db7019d55ea2d1ec,173,1,31.92,4,2,2,422,Potential Loyalists
35b45b906d1450b3540dc96692f58583,467,1,207.94,1,2,5,125,Need Attention
35c35bdbac58000618164427d550a8e7,284,1,77.89,3,2,3,323,Need Attention
35cd47c762d9677a58dbe27d5e6c5630,602,1,40.0,1,2,2,122,Lost Customers
35d760b49a4d1184ef286325917758f1,357,1,51.8,2,2,3,223,Need Attention
35d9dfb025e2a0ee4d40343b78202ab4,489,1,119.99,1,2,4,124,Need Attention
35e3c2132cca0d7615fd5192aecb2c3d,100,1,13.49,5,2,2,522,Potential Loyalists
35e410adc25fe96c55082bd4bb2daba2,94,1,129.99,5,2,4,524,Potential Loyalists
35ecdf6858edc6427223b64804cf028e,411,1,63.980000000000004,1,2,3,123,Need Attention
35ee5bf590d47cd9c6cf08565382b770,324,1,38.99,2,2,2,222,Lost Customers
35f6bc9b5c9f8790b3ab9d66f91cccd6,266,1,115.9,3,2,4,324,Need Attention
35f7b95e1762eb4cb4cd0258e078729c,401,1,0.0,2,2,1,221,Lost Customers
35fca3f6ddeef1e13faef28751981a69,345,1,148.0,2,2,4,224,Need Attention
36004a09bdcaef55d21f136661aafa86,254,1,84.99,3,2,3,323,Need Attention
3603d5e336b125a3f5f659a1252a29c3,119,1,189.9,4,2,5,425,Potential Loyalists
362f74c1d6e7015625b8464d05a8a149,51,1,69.9,5,2,3,523,Potential Loyalists
36331bf040935e4e3bdbbd7a4cdd7c05,474,1,0.0,1,2,1,121,Lost Customers
363f980585bf04c1a88fdb986011c52e,262,1,100.0,3,2,4,324,Need Attention
364f7934597f72889dd3e205e8c80778,226,1,180.0,3,2,5,325,Need Attention
3655eeed8edb6b61ad8522a4a0e60391,39,1,99.99,5,2,4,524,Potential Loyalists
36580bf41e01fe07a72d6e9b4a8d4dfc,220,1,0.0,3,2,1,321,Need Attention
365d66c606b6e733626ce65064911238,332,1,18.9,2,2,2,222,Lost Customers
366122ec4e27dba7770f9913cf5931c2,187,1,55.9,4,2,3,423,Potential Loyalists
366f4743154ff26fa1743ae7854b5e44,583,1,99.0,1,2,4,124,Need Attention
367f4686d7112d69feed92b02a1775ed,489,1,26.0,1,2,2,122,Lost Customers
367f810d77e192e1440edd2afa6b07cd,591,1,209.99,1,2,5,125,Need Attention
367fc5ad9ae8b1638ba859dd2728df79,126,1,34.99,4,2,2,422,Potential Loyalists
368dd77e48ff41c5a1a9d0c2d942c1eb,76,1,238.0,5,2,5,525,Potential Loyalists
368e91ac2ee2407d82d8b02551d2cd18,378,1,169.9,2,2,5,225,Need Attention
3690d0117cd4ddfe0f635c3cfae03ac5,328,1,55.0,2,2,3,223,Need Attention
369356185e190dbcc4ea472ef050dbbc,256,1,32.9,3,2,2,322,Need Attention
36acff9ce2bc2f3456d427eb0200a8aa,126,1,0.0,4,2,1,421,Potential Loyalists
36b070a7ce61be43443f1f608fa56201,39,1,29.9,5,2,2,522,Potential Loyalists
36b121a23a7d379ae011a58fd5404328,456,1,0.0,1,2,1,121,Lost Customers
36b84fe3ccce72dce0d08b9388fdc6e6,411,1,0.0,1,2,1,121,Lost Customers
36c2f8a28196fc5987d669d8e043178a,379,1,55.0,2,2,3,223,Need Attention
36c5770cc8e136abf9b1e5e149f75fb2,297,1,49.0,2,2,3,223,Need Attention
36cb18374cd2f3eb0394ecde34691a9d,105,1,99.4,5,2,4,524,Potential Loyalists
36e06ca722231b14a75e6a33ffaa5f37,85,1,0.0,5,2,1,521,Potential Loyalists
36edbb3fb164b1f16485364b6fb04c73,528,1,49.9,1,2,3,123,Need Attention
36f9e46454f8819f18b8cc1694c21a62,160,1,129.79,4,2,4,424,Potential Loyalists
36fecee96b47a599e59f6ac3565b1fab,100,1,196.0,5,2,5,525,Potential Loyalists
3702265e16e5246cff7462ea675f6d90,535,1,69.8,1,2,3,123,Need Attention
370f54b7e98dc8ba4cf2b0cfb96ab01d,209,1,129.9,3,2,4,324,Need Attention
37130c6869ec1d517e07637dff2e90e3,291,1,145.0,3,2,4,324,Need Attention
37141534991824398a1d15117085ae8d,434,1,209.99,1,2,5,125,Need Attention
371e3bf1adb3cd4edd421e32c7a2af97,30,1,0.0,5,2,1,521,Potential Loyalists
3722dfb5869de8db3dec5a7094dd9ad6,236,1,0.0,3,2,1,321,Need Attention
3723a7d0f3e94f89a699345a24207e8f,437,1,0.0,1,2,1,121,Lost Customers
37266d5c6bf5cb0700372d16599a9b21,347,1,0.0,2,2,1,221,Lost Customers
372b41e8faa2819e0b6346b16cdf402b,57,1,12.88,5,2,2,522,Potential Loyalists
372e0fc66eacb8698e4f9997d366d961,126,1,69.9,4,2,3,423,Potential Loyalists
37363700139c1aef873bbcd916e57dfd,282,1,49.0,3,2,3,323,Need Attention
373786bde5ab151a86c6c3f4446f9b10,468,1,143.8,1,2,4,124,Need Attention
373cdc681e007b7c4acb534daaa265da,494,1,89.97,1,2,4,124,Need Attention
3747df4eec8b3f53e74dc5b0bc5fdbdf,418,1,99.99,1,2,4,124,Need Attention
374ad33a8b3ec3e6fac9cbceaeb727ec,298,1,115.96,2,2,4,224,Need Attention
374f6f36f49399403bb170eb8d4cd468,38,1,69.9,5,2,3,523,Potential Loyalists
3757a77ec62fb507d2eb804bfabb857b,169,1,29.99,4,2,2,422,Potential Loyalists
375a32d7f2515e310be13b1ac1692545,495,1,133.9,1,2,4,124,Need Attention
37669671d35808111ab0d229e546221f,160,1,0.0,4,2,1,421,Potential Loyalists
376c6321c9b503efcd9614adb8cc0d30,40,1,49.7,5,2,3,523,Potential Loyalists
37786449dafa435ecd01ff5595f018b7,290,1,49.9,3,2,3,323,Need Attention
3778cf859fc4f14eec06ae45b48b4ad8,491,1,45.9,1,2,2,122,Lost Customers
377bdfb2197d3b83c9e3f9502deabcfb,292,1,89.99,3,2,4,324,Need Attention
377fde5a2ed15f559c2eb21a438d7a32,205,1,11.6,3,2,2,322,Need Attention
379222d9312a6f61a9b401c289cac564,233,1,58.0,3,2,3,323,Need Attention
3798afca0bdbf833d43d27ba3211d3a5,102,1,19.9,5,2,2,522,Potential Loyalists
3798f7b8f9b84c2789776972b9b5ec3d,189,1,0.0,4,2,1,421,Potential Loyalists
379a5698aeca26ff55abca9bc7fcaa4f,300,1,69.9,2,2,3,223,Need Attention
37a425cd3ed7c1d390590dac75dc89fb,301,1,116.9,2,2,4,224,Need Attention
37a7034bb342bbbebdc03187fe8720ed,130,1,55.99,4,2,3,423,Potential Loyalists
37ae7c58b4be022ce76874059d56d998,93,1,0.0,5,2,1,521,Potential Loyalists
37c5cbc68741d25ca4684812ec24649f,145,1,69.9,4,2,3,423,Potential Loyalists
37cc3e75e39bb11d75a1982ac0d07c17,573,1,44.9,1,2,2,122,Lost Customers
37cef7fb8127b7b3f4810de5942df2cd,95,1,78.0,5,2,3,523,Potential Loyalists
37cf7c94e4f9624b4507713dc6a58fab,297,1,299.70000000000005,2,2,5,225,Need Attention
37d2d1ac62901f9a36cff32ca86c9337,299,1,0.0,2,2,1,221,Lost Customers
37d3dfcbb848287358251bcb27953cbc,190,1,0.0,4,2,1,421,Potential Loyalists
37e17edc107a2e3feecf9514f555b5c3,50,1,105.0,5,2,4,524,Potential Loyalists
37ec72cc9079a6522951b4a0dcfeb219,249,1,899.0,3,2,5,325,Need Attention
37fbcc2dc516c4c9e5201a938d5e8f3c,88,1,34.9,5,2,2,522,Potential Loyalists
3809587a22b5a1a56b173ac0ed0e9e7d,129,1,89.0,4,2,3,423,Potential Loyalists
380cd2b51f97af9b87d23c91e8388482,165,1,142.0,4,2,4,424,Potential Loyalists
3818d81c6709e39d06b2738a8d3a2474,249,1,199.0,3,2,5,325,Need Attention
381a91201a6359179846a3e9742fe9be,199,1,81.0,4,2,3,423,Potential Loyalists
381f82b43b6124efe6c3d50fbeb1156c,314,1,59.9,2,2,3,223,Need Attention
383a19352a66cf815661a4e2863f28c4,215,1,96.0,3,2,4,324,Need Attention
384a8e41b65b0f4bb086437412842c1c,129,1,94.99,4,2,4,424,Potential Loyalists
384ffc528dd30fd49eff3dda9f00ce86,146,1,48.9,4,2,2,422,Potential Loyalists
3854d7228b6704b205c6160b07ccf246,346,1,0.0,2,2,1,221,Lost Customers
3856822a82996dad2607aaa95811551b,229,1,779.94,3,2,5,325,Need Attention
385c9b924a87df624e37ece47e89cbe9,102,1,0.0,5,2,1,521,Potential Loyalists
385f32e0f3fafeb4a3d3b5c91b90a2d1,287,1,34.9,3,2,2,322,Need Attention
3867198d50d68da57284e0cfec9d1902,300,1,68.98,2,2,3,223,Need Attention
387a2c73644bd2b3b3e919bc4b4baee4,66,1,19.9,5,2,2,522,Potential Loyalists
3880e5d2f60f032c3cb60de95f5d952a,101,1,89.9,5,2,4,524,Potential Loyalists
388661387449408a9ab88ea55c9f1a0f,415,1,310.0,1,2,5,125,Need Attention
3891570de9631660881e981ca3286252,545,1,520.2,1,2,5,125,Need Attention
3892c318bc9b3bd1569c043e9a18c8a8,117,1,37.0,4,2,2,422,Potential Loyalists
3894c7d8e29573e308ebc285ecd61d39,520,1,219.8,1,2,5,125,Need Attention
38a8b05798967480ac1ca6ce6c5cbd6a,329,1,59.9,2,2,3,223,Need Attention
38af56df02d66ad92f55b4430c2af9ca,373,1,109.99,2,2,4,224,Need Attention
38bfe8e3b53678fc301fcb2282176ab1,269,1,150.0,3,2,5,325,Need Attention
38c87e296e4df51efb00bbd07cd662a2,279,1,0.0,3,2,1,321,Need Attention
38cad70d154a4dcc42b598d5c01f7ef1,280,1,369.0,3,2,5,325,Need Attention
38db00b16cca3306392a0651a9a6b21c,141,1,99.49,4,2,4,424,Potential Loyalists
38e74ef4e3bcf3019fd22b84649bf90d,438,1,49.0,1,2,3,123,Need Attention
38e9ba7e543c33ae95a697ed2566dc00,168,1,64.9,4,2,3,423,Potential Loyalists
38eb5d4dcd39b971746632c47a4eb123,65,1,110.32,5,2,4,524,Potential Loyalists
38fb5f8b5cffb733ba60c32cbb6e80f3,247,1,109.9,3,2,4,324,Need Attention
3906f8113531d94413a0b6b7cbe11bef,319,1,112.99,2,2,4,224,Need Attention
3908b14bef983f379b9bce767ef6f1d0,555,1,29.9,1,2,2,122,Lost Customers
39104edef5e46d7b8c61848cc95e6d97,355,1,0.0,2,2,1,221,Lost Customers
391661bed6ca0d959375c0b89da441dc,259,1,34.2,3,2,2,322,Need Attention
391d6062da3dd65b4de4524f28c478de,42,1,0.0,5,2,1,521,Potential Loyalists
3932e78eecc3b6011a6a2ca21f225e14,310,1,0.0,2,2,1,221,Lost Customers
39382392765b6dc74812866ee5ee92a7,605,1,19.9,1,2,2,122,Lost Customers
393c2ace23a135d0bcc7e70167448e16,63,1,145.9,5,2,4,524,Potential Loyalists
39406d5888ebe67839dc26b348c0d12f,57,1,18.9,5,2,2,522,Potential Loyalists
394126d51adc8f16458ead97ff594058,340,1,789.0,2,2,5,225,Need Attention
3944807d83676820c46f83f72e6e54c1,288,1,189.0,3,2,5,325,Need Attention
39455b91bff049736190e059162ba61f,284,1,12.9,3,2,2,322,Need Attention
394b2ce444baae9ae609f5d32000de0f,47,1,0.0,5,2,1,521,Potential Loyalists
394f968dcd74016bb253218cc54efc04,82,1,31.0,5,2,2,522,Potential Loyalists
3961601c287bdf0fe34304b40c5692d4,291,1,1058.0,3,2,5,325,Need Attention
39669467dedbe4a650046a0ec8859aae,130,1,500.0,4,2,5,425,Potential Loyalists
396e89f9a8b20de569b4f649539028db,189,1,299.0,4,2,5,425,Potential Loyalists
39735e754fd0147ac6b0b910b710e6de,207,1,79.9,3,2,3,323,Need Attention
397567bb88c56e494c4b4173b676266e,31,1,122.99,5,2,4,524,Potential Loyalists
3984338a848b2858b7d4049a5d66f26c,221,1,0.0,3,2,1,321,Need Attention
398957fce766920db4c4b206d7c9aa85,234,1,0.0,3,2,1,321,Need Attention
3989cfd14391b8644422c0b34a5d3939,123,1,289.0,4,2,5,425,Potential Loyalists
398fbb883435515de0aefe3887d6ea10,366,1,0.0,2,2,1,221,Lost Customers
39904c3df1113ce1f1eeef9746ddb249,24,1,14.99,5,2,2,522,Potential Loyalists
3991c41c2de37fb418cbfd8938aead3d,561,1,49.0,1,2,3,123,Need Attention
39930c1159469e3cedbd4c7f6bd4f40c,393,1,49.0,2,2,3,223,Need Attention
399a778f5be153d30884026d52e5313b,480,1,159.99,1,2,5,125,Need Attention
39a225d51e4e310f48caeee5f5579a35,173,1,0.0,4,2,1,421,Potential Loyalists
39a4355f6aa228bdd1dfbc642952aec3,184,1,125.0,4,2,4,424,Potential Loyalists
39aa99192278d43812a46c69c1f2443e,328,1,27.98,2,2,2,222,Lost Customers
39b449c603f6d61c8c085ad3843d9298,133,1,109.9,4,2,4,424,Potential Loyalists
39ca63279dcc3b5527f0a28f81353de6,325,1,0.0,2,2,1,221,Lost Customers
39d130b9509b4e9f0f5740fdf1efd679,69,1,0.0,5,2,1,521,Potential Loyalists
39d16bf578308ba63a7e52b4e3dccd24,397,1,109.9,2,2,4,224,Need Attention
39d28c99c5382bfc238c047203595443,338,1,12.9,2,2,2,222,Lost Customers
39d6e50625a51a618c2cf02a026231c1,407,1,0.0,2,2,1,221,Lost Customers
39d9d84ec70ae8203797be420f4d9427,111,1,699.99,5,2,5,525,Potential Loyalists
39e16ad9a306c8729696f7732acde86f,47,1,292.37,5,2,5,525,Potential Loyalists
3a03c18e57b25beb04fab567f3a38153,39,1,0.0,5,2,1,521,Potential Loyalists
3a1a5bba121ea1fc98060d58d3c812de,83,1,14.9,5,2,2,522,Potential Loyalists
3a1cfe3d5de2dab1db203bb8efb9d553,292,1,0.0,3,2,1,321,Need Attention
3a2efb503fe6b768a1eeca1b3b625186,448,1,53.0,1,2,3,123,Need Attention
3a359d463b5a79614f9206ec5e38b434,559,1,99.0,1,2,4,124,Need Attention
3a39827c3cc7d748d1c32909273f7e7b,293,1,299.0,3,2,5,325,Need Attention
3a39a225ba6f55523074cc509fd3d4b6,535,1,219.8,1,2,5,125,Need Attention
3a3b40b98ddd1bdfda2e37add94ab5b5,440,1,39.99,1,2,2,122,Lost Customers
3a3bf14f1678d2dbfb886a2dc94331d2,421,1,129.49,1,2,4,124,Need Attention
3a3cb373edfed9973ae634f8ef6084ed,189,1,279.0,4,2,5,425,Potential Loyalists
3a3e48040eada9f191d9cf503c167f9c,291,1,20.3,3,2,2,322,Need Attention
3a43af6775cec872d9a3c80707eb3336,231,1,0.0,3,2,1,321,Need Attention
3a4b5e843a09cdf9127f43e157966016,131,1,44.9,4,2,2,422,Potential Loyalists
3a5043db9792c257505acee177400c5f,216,1,93.98,3,2,4,324,Need Attention
3a57500549c18c151a122ca04263a0ac,316,1,0.0,2,2,1,221,Lost Customers
3a5a79efb563dc2615fa9f92706c8133,108,1,8.99,5,2,1,521,Potential Loyalists
3a5af37b62b6d963e8813dbac7763416,295,1,55.9,2,2,3,223,Need Attention
3a5b0d10ee72cefb504df217532a4e6a,205,1,0.0,3,2,1,321,Need Attention
3a619e8f1ea6373c75ad340b57acd1ab,420,1,254.9,1,2,5,125,Need Attention
3a653a41f6f9fc3d2a113cf8398680e8,44,1,159.9,5,2,5,525,Potential Loyalists
3a69e1826b490a9a1253e94e511feb11,346,1,119.9,2,2,4,224,Need Attention
3a6bdbb79e6f1c8a32976584c0bfd5a3,35,1,49.0,5,2,3,523,Potential Loyalists
3a811ceb8ca7e789b007aa8177aacb3f,301,1,104.0,2,2,4,224,Need Attention
3a89a315936b3df814113142920a5127,285,1,649.0,3,2,5,325,Need Attention
3aa71d539bb760f054b280604391602a,293,1,55.0,3,2,3,323,Need Attention
3ab2f8203c5f8d73a1260109eb82eb20,39,1,1240.0,5,2,5,525,Potential Loyalists
3ab9d2d1f9863816fe06dd9a78687cf0,260,1,0.0,3,2,1,321,Need Attention
3abdf4f27efce96f8573a88343a4084e,577,1,160.8,1,2,5,125,Need Attention
3abf2523709d41f3b0138931a1b7c0cc,112,1,38.0,5,2,2,522,Potential Loyalists
3ac7a309b670de83219c488edd4faa72,126,1,71.0,4,2,3,423,Potential Loyalists
3ac85ec3c4d4071a896eb175c9c2e495,153,1,0.0,4,2,1,421,Potential Loyalists
3ac9e42b05329a4f0fc229648ca4bd86,314,1,39.9,2,2,2,222,Lost Customers
3aca8565700b61f9bb335017f98aeb0f,207,1,0.0,3,2,1,321,Need Attention
3acf392c420320628fbfab879826d6eb,466,1,49.0,1,2,3,123,Need Attention
3acf448d2e4314d2dc51be31606767d6,65,1,254.0,5,2,5,525,Potential Loyalists
3ae06873cba30f3c3707165c58ae6f35,186,1,69.9,4,2,3,423,Potential Loyalists
3ae383d89ca3d362ef616a364c3e94fb,151,1,195.0,4,2,5,425,Potential Loyalists
3ae4609bbfef1141b4e343f263c4b793,132,1,29.99,4,2,2,422,Potential Loyalists
3ae748b0c0cf7d473b7acac5e07a05ca,322,1,283.02,2,2,5,225,Need Attention
3aed251d495c517cb52760baa9b4ce0f,127,1,79.9,4,2,3,423,Potential Loyalists
3af098c2986aaecf3d007bd04c4218c8,87,1,124.9,5,2,4,524,Potential Loyalists
3b004ab5868135f9bf80876b2070a016,107,1,0.0,5,2,1,521,Potential Loyalists
3b0777b4115e9b40426db87ddf80903f,128,1,77.99,4,2,3,423,Potential Loyalists
3b0e018f00ee3175ed35c62e799e838c,361,1,44.99,2,2,2,222,Lost Customers
3b1b3e09530fc5f1b3d99b638d9175a2,433,1,0.0,1,2,1,121,Lost Customers
3b1e4f4bcff27703174c882bd33a099a,135,1,99.0,4,2,4,424,Potential Loyalists
3b2ae38156cf022ebdaf8a4ead16d30a,322,1,58.0,2,2,3,223,Need Attention
3b32327f677fba6212c2e8e13792da74,715,1,39.99,1,2,2,122,Lost Customers
3b3839fba53bd347e707043fe02825e5,451,1,82.9,1,2,3,123,Need Attention
3b417a96c3b138726b580e012fe23f33,132,1,14.4,4,2,2,422,Potential Loyalists
3b41d1486c7683be1119e9e6a21832c6,387,1,84.99,2,2,3,223,Need Attention
3b572bb8915409b6023b2b72973d942d,97,1,109.8,5,2,4,524,Potential Loyalists
3b6a95ff6ae21a2d161f91f0339caacd,218,1,0.0,3,2,1,321,Need Attention
3b74d8b3502e3c66e17463cafb35b89f,59,1,1190.0,5,2,5,525,Potential Loyalists
3b7870a33823f2db11b4ed832b89d1ef,498,1,69.9,1,2,3,123,Need Attention
3b80d2592c113d689c05232eb90db0ff,463,1,29.9,1,2,2,122,Lost Customers
3b81f91785d9ea36cf5177991962baba,124,1,0.0,4,2,1,421,Potential Loyalists
3b8bd7043b1c683055e5f4ee7907c607,172,1,0.0,4,2,1,421,Potential Loyalists
3b97119ab53db4ae0144dff13c2ee26b,107,1,0.0,5,2,1,521,Potential Loyalists
3b9de7fdd14fc3a254f14c1e28f236e4,149,1,120.0,4,2,4,424,Potential Loyalists
3b9e2937de55d40ff1f7539bee704b40,575,1,65.69999999999999,1,2,3,123,Need Attention
3bbc2cf672d1657ccd9d89c10b5a9feb,301,1,49.0,2,2,3,223,Need Attention
3bd08ce268152ada1de9eccd7d7e0911,201,1,89.9,4,2,4,424,Potential Loyalists
3be6efa57f52f871582d516717da77d0,94,1,47.33,5,2,2,522,Potential Loyalists
3be6f224efc657da0b17bf5d287c20eb,252,1,239.6,3,2,5,325,Need Attention
3beff2bbe2c00e9da692082224f0f770,257,1,60.0,3,2,3,323,Need Attention
3bf5a7cbb004806cd6c8955f1b116703,170,1,34.9,4,2,2,422,Potential Loyalists
3bf6813f46e9c62df69804774cb3570e,237,1,45.0,3,2,2,322,Need Attention
3bf80ff2a823018c425de5658057cc5d,80,1,119.0,5,2,4,524,Potential Loyalists
3bf9a44ef770ac450177ebc53c1445e0,47,1,59.99,5,2,3,523,Potential Loyalists
3bff2624bada7f8ee10aee79a507a9ca,354,1,30.0,2,2,2,222,Lost Customers
3c0402bcc3ec3b33fc4430eb6c08720a,68,1,0.0,5,2,1,521,Potential Loyalists
3c1cede1be4ddd48d683880f48cb8754,486,1,129.9,1,2,4,124,Need Attention
3c4665fc1e2927b7d51203ef7e9bfe6e,370,1,58.9,2,2,3,223,Need Attention
3c5cc98c5d66e9df468a1149cea5db2f,136,1,659.7,4,2,5,425,Potential Loyalists
3c5e1130694632f44051b23fd86ad9e2,158,1,299.0,4,2,5,425,Potential Loyalists
3c71562cddbc170e33af13e6ad51ff16,301,1,19.9,2,2,2,222,Lost Customers
3c935625a561031d835d79d8167cd2e3,346,1,24.9,2,2,2,222,Lost Customers
3ca06f660aba198ce035bbc3f525eeab,126,1,0.0,4,2,1,421,Potential Loyalists
3ca6405c95cbb86f2d01dfa86d5ae5b9,548,1,28.49,1,2,2,122,Lost Customers
3cba4ab951d8cbc4e3d814ac1d7d6402,104,1,110.0,5,2,4,524,Potential Loyalists
3cc6f2e1b9199837fabb35ff4bf24884,242,1,139.99,3,2,4,324,Need Attention
3cc7b3b67ab1db1f14ff7eb7ad6f1ed1,216,1,139.8,3,2,4,324,Need Attention
3cc9ea3ffe189981b9a8b2b92b99271b,80,1,49.0,5,2,3,523,Potential Loyalists
3cd8a4523dd9a286b3d3d6ab7d7f6f16,136,1,104.9,4,2,4,424,Potential Loyalists
3cdb33be843c8a89687a70a43deeb1a7,170,1,54.4,4,2,3,423,Potential Loyalists
3cdb97c7026f8956cc2211db2b19f270,484,1,89.99,1,2,4,124,Need Attention
3cedce8d574ecec6c8043a8cf200d19d,46,1,66.99,5,2,3,523,Potential Loyalists
3cf14101fc0207e827130e8fdfc0da25,141,1,72.0,4,2,3,423,Potential Loyalists
3cf33b6177767b9488f1abc46baab374,392,1,79.9,2,2,3,223,Need Attention
3d18156a1dff6d57e215431e45574371,216,1,0.0,3,2,1,321,Need Attention
3d1b3afea75cda0162624725b2f53148,94,1,0.0,5,2,1,521,Potential Loyalists
3d304df5973262bf91bd0d197571e4b9,84,1,101.4,5,2,4,524,Potential Loyalists
3d3162c248f84fc1ef4636b83bf097fe,372,1,254.9,2,2,5,225,Need Attention
3d364a7768fae99678635c4370295d20,548,1,259.9,1,2,5,125,Need Attention
3d3f27c4aa64dd989e18391f0ef71412,213,1,52.0,3,2,3,323,Need Attention
3d4ec1f3f781e8244b18998a4cc86212,299,1,0.0,2,2,1,221,Lost Customers
3d4f7632205878799d358053cb53473b,522,1,119.9,1,2,4,124,Need Attention
3d5af65316fc29ef1244b3e8fc395e0a,101,1,0.0,5,2,1,521,Potential Loyalists
3d5e14abd47ad7ae589af619b8d2489e,44,1,59.9,5,2,3,523,Potential Loyalists
3d5fe73f9b69a86cd2a719a049e42da2,128,1,750.0,4,2,5,425,Potential Loyalists
3d60317a015d799b113f98ee908fd655,122,1,39.0,4,2,2,422,Potential Loyalists
3d6ccc45f51d061c0632fb284770be14,300,1,49.0,2,2,3,223,Need Attention
3d7180d54d1d270196e1b6a82c50ef46,382,1,0.0,2,2,1,221,Lost Customers
3d71bc3ae0c9f857ffe17636e0d59aab,469,1,0.0,1,2,1,121,Lost Customers
3d7b5cfc78529ca32eea645f2dee555a,275,1,0.0,3,2,1,321,Need Attention
3d7fe6a6e4aa8a04666ba8b541209cff,134,1,0.0,4,2,1,421,Potential Loyalists
3d83e5ef875fbe2b372eb472a6528146,266,1,45.99,3,2,2,322,Need Attention
3d850129935d047bc6fc1fed1022641a,178,1,61.99,4,2,3,423,Potential Loyalists
3d8614b1f25530eca12661dc8b10a2fb,359,1,19.9,2,2,2,222,Lost Customers
3d8a51057b28b7b5172c8bc46cb6a7f5,60,1,0.0,5,2,1,521,Potential Loyalists
3d8ea4321fc67d4386e0f40f26584a02,188,1,109.9,4,2,4,424,Potential Loyalists
3d9eefabcc18173795e8cdb0b5644386,94,1,29.9,5,2,2,522,Potential Loyalists
3d9f7bdb0b7ba4c2373ecd9a8bcf5574,140,1,99.9,4,2,4,424,Potential Loyalists
3da62858003c2363f45c8d14b3a33464,336,1,23.99,2,2,2,222,Lost Customers
3da6aa0af0352042b86a7fb507c0ff74,188,1,94.9,4,2,4,424,Potential Loyalists
3dac8a5eb348589998102dcddf3bb259,69,1,55.0,5,2,3,523,Potential Loyalists
3db3c93c3b1b7e297d823753b18e1faa,172,1,11.6,4,2,2,422,Potential Loyalists
3dbeb69914c13ee89785281a876f5924,287,1,70.0,3,2,3,323,Need Attention
3dc950be1edf22b0ad33af44837df4e7,554,1,299.99,1,2,5,125,Need Attention
3dd0b7853e24d84f3f18f035c7d0ebb0,433,1,69.9,1,2,3,123,Need Attention
3deefd795808c47f79519d9461a5cbe4,56,1,139.8,5,2,4,524,Potential Loyalists
3df4899f61ce017d60b180c1dedc278e,123,1,34.99,4,2,2,422,Potential Loyalists
3dfcc5c25b1a9102de307a2e66b83e6f,592,1,89.9,1,2,4,124,Need Attention
3dfefd315855cd80170b7fe60d6279f8,366,1,103.8,2,2,4,224,Need Attention
3e026dabdf68f6b9957ed741f364f1be,76,1,119.8,5,2,4,524,Potential Loyalists
3e084c2b3948e5beff170f89a2e9b653,399,1,51.8,2,2,3,223,Need Attention
3e0a8e2f767f96b047452d0eb7c7f76e,280,1,209.9,3,2,5,325,Need Attention
3e2157f91502458bc58455fd798ed58a,563,1,0.0,1,2,1,121,Lost Customers
3e323b291cb138aafc038becb865d171,295,1,190.9,2,2,5,225,Need Attention
3e34c4d5834e6206ef8e4a5d4343f7ee,68,1,52.9,5,2,3,523,Potential Loyalists
3e36d59a55c36aeb0c4c974c3c506246,34,1,39.0,5,2,2,522,Potential Loyalists
3e3a2579dd1f91141d907f3355ae466c,267,1,30.0,3,2,2,322,Need Attention
3e43e6105506432c953e165fb2acf44c,293,1,336.9,3,2,5,325,Need Attention
3e45a109987cde39a119cd1a7eade7ea,387,1,1200.0,2,2,5,225,Need Attention
3e45b1d69bfaf0b7963cbb9dd00196f7,564,1,39.9,1,2,2,122,Lost Customers
3e4d0419daf434e0d8bcb9fcbc9b0f3d,65,1,99.9,5,2,4,524,Potential Loyalists
3e4ef963d1c04ababbd4cf03c4d034a6,93,1,91.8,5,2,4,524,Potential Loyalists
3e4f7d082101e1bb55fe8a7115049625,141,1,105.25,4,2,4,424,Potential Loyalists
3e4fd73f1e86b135b9b121d6abbe9597,300,1,339.0,2,2,5,225,Need Attention
3e50896cd4e9d3eaede04fd6af331632,280,1,179.99,3,2,5,325,Need Attention
3e5c928acf49c4b95e57af1f350d3493,506,1,809.1,1,2,5,125,Need Attention
3e6af1676898a625a1b774da1532c4cc,339,1,54.89,2,2,3,223,Need Attention
3e874b23b6b46a0a50dffce68e61a56b,415,1,114.97,1,2,4,124,Need Attention
3e929a60d3f6a4c02433f8084b7b5026,499,1,208.9,1,2,5,125,Need Attention
3e9694dfd41149b35e4a78f8a6cccb49,259,1,129.99,3,2,4,324,Need Attention
3e9c6b78c5f04621fa3efb18433e0df3,352,1,33.49,2,2,2,222,Lost Customers
3ea87a15f27801f0b807d5f254aa68b8,559,1,79.9,1,2,3,123,Need Attention
3eaddcc07264924ce9663cbd01b0fcf3,250,1,49.9,3,2,3,323,Need Attention
3eb3fa840d4e664cfb1aaed1112df226,174,1,34.36,4,2,2,422,Potential Loyalists
3ed6263b3fdb5ddbb4bd8c42fd817a4d,318,1,144.99,2,2,4,224,Need Attention
3ed766ba830792bcc9ad889d2607eab7,197,1,59.9,4,2,3,423,Potential Loyalists
3edb4054ab915a9e3ff74ec855f40c41,243,1,49.9,3,2,3,323,Need Attention
3edcab192482e9871c17b34cf98c3996,73,1,118.7,5,2,4,524,Potential Loyalists
3eddcc05abf2cf434aae2a9662597353,450,1,99.0,1,2,4,124,Need Attention
3ee4fae0862a2163c65481a46fd3469a,309,1,257.8,2,2,5,225,Need Attention
3eebbd3c1444c745692459cca841462b,162,1,129.0,4,2,4,424,Potential Loyalists
3eec5203b4af0fbcf6cac3498538cb86,202,1,0.0,4,2,1,421,Potential Loyalists
3efe4df288340c55425041192e0badf1,55,1,110.32,5,2,4,524,Potential Loyalists
3efe8677ea2d8eb0634c53ff5812f75a,59,1,0.0,5,2,1,521,Potential Loyalists
3eff47149425984172e11e18a974e80e,177,1,19.99,4,2,2,422,Potential Loyalists
3f00548d480f59bdac5e1ad8a68dcfe1,339,1,99.9,2,2,4,224,Need Attention
3f0f963ff7f96b36e1739a44f2fa0a72,65,1,49.9,5,2,3,523,Potential Loyalists
3f1ae9854823f7c0a8027bd994b2ce64,170,1,139.8,4,2,4,424,Potential Loyalists
3f28cbc63a1569c51f2fcb7a691b03f5,592,1,74.9,1,2,3,123,Need Attention
3f29c19532c5b77b04513b4cb14e7364,226,1,92.0,3,2,4,324,Need Attention
3f39d2ea588a0e5899aaa6b6418d3d05,43,1,115.98,5,2,4,524,Potential Loyalists
3f505a4179debd8a891c070933325247,225,1,0.0,3,2,1,321,Need Attention
3f51ff993f1cf25a9101463bf5ebe6b1,200,1,200.99,4,2,5,425,Potential Loyalists
3f59da3cb710cc2853609980e1b820d3,55,1,114.9,5,2,4,524,Potential Loyalists
3f6930582cac6bec9a9533a44e00b69b,104,1,37.9,5,2,2,522,Potential Loyalists
3f806ddc608d1246cd93c6a750884016,213,1,149.9,3,2,4,324,Need Attention
3f8f42bd3277d3483aafe9b39cf930a1,105,1,141.4,5,2,4,524,Potential Loyalists
3f912e65396ae2aa2ea4fda9b6b4b4d1,301,1,0.0,2,2,1,221,Lost Customers
3f96ad6e136439eaf4e575561067a196,236,1,122.99,3,2,4,324,Need Attention
3f97fa38eb164cf852487312f1c72b26,468,1,99.9,1,2,4,124,Need Attention
3fa626c46f413742865a2cbfa914bb80,317,1,0.0,2,2,1,221,Lost Customers
3fae5c023cb95af9fe32d14b52bc14a6,354,1,25.0,2,2,2,222,Lost Customers
3fba55633dfddf07245c270abb82519f,372,1,149.9,2,2,4,224,Need Attention
3fbdb765b8e1d5608f2621ef4b8ab863,33,1,44.9,5,2,2,522,Potential Loyalists
3fdf793a17d8931a76a0aab637ca318a,206,1,274.0,3,2,5,325,Need Attention
3ff2cd81fc957790d81d52be091615c3,132,1,264.0,4,2,5,425,Potential Loyalists
400cf532ea26ce3c6c44ddea44202ab6,390,1,0.0,2,2,1,221,Lost Customers
401f0aa41e779f38bf9cf13356a6e631,214,1,39.0,3,2,2,322,Need Attention
4026f7d0145275eb838ef552b889c0ec,289,1,258.0,3,2,5,325,Need Attention
402a9b2b56cef00317f59368398222bc,205,1,0.0,3,2,1,321,Need Attention
4032ffc3b3b744f6c292d862cea3fca2,436,1,0.0,1,2,1,121,Lost Customers
4034aa08d48695a538b7030910aae5d5,337,1,216.0,2,2,5,225,Need Attention
40386918bff25787189628d04176f7bb,183,1,149.9,4,2,4,424,Potential Loyalists
4049ac72de67031ce1c0c59e281ef897,267,1,109.99,3,2,4,324,Need Attention
404cff864766c22ae5918af70c2d15e4,47,1,98.99,5,2,4,524,Potential Loyalists
404e415d2dc63f769916d23ba8040386,201,1,85.9,4,2,3,423,Potential Loyalists
40610ee696b6cef76765f5dba81cca16,530,1,55.8,1,2,3,123,Need Attention
406369948f16d70aaebad59a87541dba,299,1,189.9,2,2,5,225,Need Attention
406c403a3a24a8ab043b84bca52eb343,195,1,151.9,4,2,5,425,Potential Loyalists
406f6e67573dcb7b81325409778a1116,481,1,0.0,1,2,1,121,Lost Customers
4077fcb87fb654d7fcb5c96b649415c4,79,1,99.99,5,2,4,524,Potential Loyalists
4084df7fe43c4c85d4ea20cc422eb630,313,1,125.0,2,2,4,224,Need Attention
408604325b96735d6dbed039246efd64,32,1,1299.65,5,2,5,525,Potential Loyalists
408794595e11dd23ea46bc7dc110ae9a,205,1,78.0,3,2,3,323,Need Attention
408aee96c75632a92e5079eee61da399,597,1,349.99,1,2,5,125,Need Attention
40aa675201863fe2a78cc40c3ab74609,399,1,23.99,2,2,2,222,Lost Customers
40af6992b2de59d61acf4767fdfd6cc4,159,1,18.0,4,2,2,422,Potential Loyalists
40b5e9eed4db7f956359145971056f5d,40,1,25.0,5,2,2,522,Potential Loyalists
40bb6e4754ff5f9199f857e146af0cb5,185,1,74.9,4,2,3,423,Potential Loyalists
40be9d4423e554598788cab8272da64d,315,1,395.9,2,2,5,225,Need Attention
40bfd379bd349f89e737a4c5ef8ae52a,48,1,55.0,5,2,3,523,Potential Loyalists
40c1a702053d8618481f681873de0f41,292,1,47.9,3,2,2,322,Need Attention
40c225da749a4006dc53d3fd2eb5b2f9,83,1,94.9,5,2,4,524,Potential Loyalists
40c4c308279011b2e5b85c75579f415d,458,1,59.9,1,2,3,123,Need Attention
40cd95d9c477a8fa94e9fac953444150,118,1,40.6,4,2,2,422,Potential Loyalists
40d028e5e7fc571cabebc613e805ce8e,177,1,0.0,4,2,1,421,Potential Loyalists
40d2c60699feb0f855b666366f8274ff,170,1,150.0,4,2,5,425,Potential Loyalists
40d306efe27702bd8ecabd6c35f32ddb,79,1,124.17,5,2,4,524,Potential Loyalists
40e110f621ab9641c7a7b7f9c39f44bf,147,1,110.0,4,2,4,424,Potential Loyalists
40e76904901b914e63faa41ba28e54c8,190,1,54.99,4,2,3,423,Potential Loyalists
40ed92429b77d4bcc4dd00aa47286f0b,505,1,0.0,1,2,1,121,Lost Customers
40f8c65b3ef65fefe1ab5ea61b6e0ab0,174,1,0.0,4,2,1,421,Potential Loyalists
40f94a38b9e0e57adccb0d0b2811e56f,201,1,129.9,4,2,4,424,Potential Loyalists
41013aa51f66c28ff9d2c9d9d8340db5,147,1,220.0,4,2,5,425,Potential Loyalists
4104af1a51c2001eb1b444a8b55751e5,277,1,99.9,3,2,4,324,Need Attention
41054d3e7201dd301c73f493decb6806,131,1,27.9,4,2,2,422,Potential Loyalists
4105645a2e9d4e2452957b11df3a2a04,461,1,59.99,1,2,3,123,Need Attention
4108bea5ed0108303e108579b955b03b,515,1,89.5,1,2,4,124,Need Attention
410979f3cfd34e467d4fad78bd0f0219,390,1,0.0,2,2,1,221,Lost Customers
410e1f5d1ba42846c5be7a0c9789b65f,111,1,349.97,5,2,5,525,Potential Loyalists
4126ee95b7096d3383d3885b8180c567,52,1,136.76,5,2,4,524,Potential Loyalists
41415f9d98446c12f76c9c4d5af62b03,326,1,139.99,2,2,4,224,Need Attention
4147a5e98be4bff92386986284b08c87,176,1,69.0,4,2,3,423,Potential Loyalists
414c84ad495003b943019c464580f531,299,1,355.79,2,2,5,225,Need Attention
415b15ac3d454f2f09088c34d5982469,344,1,92.9,2,2,4,224,Need Attention
41678bd77f241a2270d0a5d905b22020,78,1,899.9,5,2,5,525,Potential Loyalists
4168fcd194ff2e9b969498157e49b24c,219,1,345.0,3,2,5,325,Need Attention
416e6088ae45421d02c8ef8799e412fa,189,1,0.0,4,2,1,421,Potential Loyalists
417021b1b4553c55daa22f17dbf37cdc,176,1,99.9,4,2,4,424,Potential Loyalists
41736e3b886b3c89ea3c21f41c46bd1d,428,1,0.0,1,2,1,121,Lost Customers
4173a58ff83790b84c371f56879b5227,358,1,159.99,2,2,5,225,Need Attention
417b909c0962b2610f1cfeb1c1478986,574,1,0.0,1,2,1,121,Lost Customers
4182d20f129b3679e6808317f1e95567,607,1,11.5,1,2,2,122,Lost Customers
4193eae4d05551143c0bf70f2eb1be77,293,1,48.0,3,2,2,322,Need Attention
41a1e8124bbc0d73734103301fdd4115,251,1,80.0,3,2,3,323,Need Attention
41a2e8b346e23a9fa13f49a651717c62,386,1,100.0,2,2,4,224,Need Attention
41a77aa9a080384631eb2ab3f1ae24c6,367,1,130.0,2,2,4,224,Need Attention
41ad638a2d5176da0eb0de9e177f880a,255,1,0.0,3,2,1,321,Need Attention
41ae3e6c714d29506b9b6c747b0c97ce,143,1,419.98,4,2,5,425,Potential Loyalists
41b75ed52acfa208903915c459a5e3fd,152,1,0.0,4,2,1,421,Potential Loyalists
41bc11922a49c47bed46280d317c4cdf,287,1,69.9,3,2,3,323,Need Attention
41bec52362021d022db0035eb9256a22,40,1,89.0,5,2,3,523,Potential Loyalists
41c9b35f67c54295f3dc8f3932596421,157,1,299.0,4,2,5,425,Potential Loyalists
41cb33fa84fbf65c71995e5f6d9564ab,233,1,16.9,3,2,2,322,Need Attention
41d015d8f575b00c1b26805133997ad3,36,1,39.0,5,2,2,522,Potential Loyalists
41d0610f2aeb9f45e800054e2641f4f1,470,1,16.5,1,2,2,122,Lost Customers
41d425e9074bd07de94859fa74a2f0bf,101,1,0.0,5,2,1,521,Potential Loyalists
41db2509d2fd3e2fe68e88deedaa0c1b,385,1,174.0,2,2,5,225,Need Attention
41e815eba2977f6db0bc60d0a9ea8adb,97,1,18.9,5,2,2,522,Potential Loyalists
41fc647b8c6bd979b1b6364b60471b50,308,1,0.0,2,2,1,221,Lost Customers
41ffe05b7ceb249599c73eeecbf19c5b,251,1,69.9,3,2,3,323,Need Attention
4211dcafb715e60bb929a44d3e4951a2,147,1,148.0,4,2,4,424,Potential Loyalists
42129a3aa44a6075ec29b758d483b8a0,88,1,330.0,5,2,5,525,Potential Loyalists
421b4a08b9e9d1c127f27789a4c1abb3,248,1,0.0,3,2,1,321,Need Attention
421f03cd9152f7886b906cf93d4c4772,292,1,130.0,3,2,4,324,Need Attention
421fb8b8a68656b2eed1ef9389014a7c,156,1,25.0,4,2,2,422,Potential Loyalists
422ca11325b9bce3304a87758c2a4bdf,283,1,85.0,3,2,3,323,Need Attention
425697ce3d3fac914952c34f43c9dece,123,1,113.89,4,2,4,424,Potential Loyalists
425ae15f1593918f06d9a2ce9222e614,475,1,802.14,1,2,5,125,Need Attention
4268ba27ab73c81466d3068e501223a3,107,1,19.9,5,2,2,522,Potential Loyalists
426fe5ac8fe33148bc4fe8a9b96fd0c6,130,1,19.9,4,2,2,422,Potential Loyalists
4279dc495a38ef8fb0ea0a9201c6ee30,376,1,0.0,2,2,1,221,Lost Customers
427c1afb29a173e377616eb612718d6d,275,1,69.0,3,2,3,323,Need Attention
42ae5fc8e51ccabaa26d6d7392263020,56,1,19.9,5,2,2,522,Potential Loyalists
42af2a3708bad9dd1125cbe504af770b,435,1,16.9,1,2,2,122,Lost Customers
42bb902a6bb8846bd157d39bccc2fd68,40,1,25.99,5,2,2,522,Potential Loyalists
42c16349869fd971353f0349209de869,65,1,70.0,5,2,3,523,Potential Loyalists
42e3510968b9442349d383ea0c98ccac,169,1,0.0,4,2,1,421,Potential Loyalists
42f0fb0731358be76b7519f9970b0c96,246,1,149.0,3,2,4,324,Need Attention
42f80af2e6c585667e4eb416859ae153,241,1,89.18,3,2,4,324,Need Attention
42fbe6ab4be2d0760e5a134370da0ff5,45,1,0.0,5,2,1,521,Potential Loyalists
42fec8a8a32ceb3ba315849d6fffb9b8,253,1,13.65,3,2,2,322,Need Attention
430205ab3bd4700f1934a49b0f6c610e,380,1,179.9,2,2,5,225,Need Attention
4306ae87bca0dc6f2fb4eaecdabdfc96,114,1,29.9,5,2,2,522,Potential Loyalists
43088e9ae1468ae7f8f6bd222b6a7329,474,1,89.9,1,2,4,124,Need Attention
430a7c17e079570adf0b57311e500a5c,426,1,99.99,1,2,4,124,Need Attention
43103ed378c67d1df45d3028173f68f7,284,1,0.0,3,2,1,321,Need Attention
4313fa5484249473621c67c84fd0af94,172,1,0.0,4,2,1,421,Potential Loyalists
431af5c5638973ed6e431618f318a0a2,240,1,637.9,3,2,5,325,Need Attention
4322436fce8de0016f4e3ba6f94f5211,26,1,54.9,5,2,3,523,Potential Loyalists
43255e3df6cda368809baa2fc72872c8,223,1,69.9,3,2,3,323,Need Attention
4329304379be864816803affb61e678b,177,1,118.0,4,2,4,424,Potential Loyalists
432c102302fd43b0b749e60c6ba520fd,178,1,0.0,4,2,1,421,Potential Loyalists
432c8bda4f47f4131605f8edbaf3c6fb,330,1,99.99,2,2,4,224,Need Attention
432ee7edf0be5950fe2bc6409d3af9b7,381,1,299.99,2,2,5,225,Need Attention
43332d1b15ebe1dc139153cb9ed113da,393,1,130.0,2,2,4,224,Need Attention
4349311ed52d9cf8918d3ad57c7ad1b7,591,1,0.0,1,2,1,121,Lost Customers
43530b76a9af5622fdbfd36db13b3556,560,1,14.9,1,2,2,122,Lost Customers
435615550ef4aa0b8e484c055a42808b,250,1,129.99,3,2,4,324,Need Attention
4363e6fae67bd586b97c117e50f953dc,174,1,27.5,4,2,2,422,Potential Loyalists
437377ad0f9e456982709a56a513640f,212,1,118.0,3,2,4,324,Need Attention
437415d3e8456d9c62280fb2c0da0458,95,1,0.0,5,2,1,521,Potential Loyalists
4377c22228de511d013c6a7560d58a2d,310,1,105.0,2,2,4,224,Need Attention
437fcb87b492efb9f0a25c3798dd01de,474,1,42.99,1,2,2,122,Lost Customers
4387c856607a91376446da32e4a2012d,339,1,45.0,2,2,2,222,Lost Customers
43941f33ed232fab3edca66699e4d287,181,1,0.0,4,2,1,421,Potential Loyalists
43968dac726b3b0b8d896a758308d75a,166,1,53.99,4,2,3,423,Potential Loyalists
4399f1c9b351d4c09e167b8ce3d8da76,60,1,0.0,5,2,1,521,Potential Loyalists
439c2008fd12459f1259b8d0d733e083,94,1,169.0,5,2,5,525,Potential Loyalists
439ced9aafa171a1ac88efa951c7db0a,108,1,99.2,5,2,4,524,Potential Loyalists
439f0525481a44b09ae940effded2fd7,317,1,39.0,2,2,2,222,Lost Customers
43a549267000aab7a3773f5e6f97d1c6,408,1,0.0,2,2,1,221,Lost Customers
43ad764728d69e55df3d2c75ab2b33c7,305,1,388.0,2,2,5,225,Need Attention
43b1465a233a9c1c822dbc043a864e2b,605,1,129.99,1,2,4,124,Need Attention
43b1c17ee4ef2824f6f81af9bbb0a0ac,328,1,133.4,2,2,4,224,Need Attention
43b74cf6f2f3c0de4af0bfce0e57a9eb,488,1,0.0,1,2,1,121,Lost Customers
43b843bd189abfd2fee8c8cdd796e798,430,1,59.9,1,2,3,123,Need Attention
43cb9ba51687bd819e3076bb49f3f4ef,493,1,89.9,1,2,4,124,Need Attention
43d651349d2f0bc6a32e49de5c30c919,413,1,52.9,1,2,3,123,Need Attention
43da534e5e6c052df9993df486f342b6,130,1,79.82,4,2,3,423,Potential Loyalists
43ecbcf019723aba3a855565a0f27cba,78,1,49.9,5,2,3,523,Potential Loyalists
43edb5e13058ed02b2828267451ae295,64,1,48.99,5,2,3,523,Potential Loyalists
43f0b8fa25a050c02dc18e166ed574ef,422,1,130.0,1,2,4,124,Need Attention
43f17abb82aa3e528eb5fbacc9b92c77,296,1,117.0,2,2,4,224,Need Attention
43f9d5ace80c6d3c5c09544bc2fa8484,283,2,59.0,3,5,3,353,Loyal Customers
43fb7cd074b0c8b373505d1e46b30a07,372,1,358.99,2,2,5,225,Need Attention
4412513db47efd18fc8ad98ff8e64727,169,1,0.0,4,2,1,421,Potential Loyalists
441e8f48725c241d92e07ef7d7cabe68,291,1,0.0,3,2,1,321,Need Attention
442ec7926cde07b2c855a5e100e345c5,96,1,15.9,5,2,2,522,Potential Loyalists
4435c4547dca4cc6909b5f9b513c7993,212,1,380.0,3,2,5,325,Need Attention
443ab4f989f1ee12c26f675dea465bb4,317,1,31.62,2,2,2,222,Lost Customers
4441264fd8b29e9fb8bc6cba8b5dea9f,473,1,14.99,1,2,2,122,Lost Customers
44434a963fa4b4012dfd754e817de54e,138,1,219.0,4,2,5,425,Potential Loyalists
44439b089d03b50e682dd34e2187bddf,353,1,729.0,2,2,5,225,Need Attention
445303938ffc592a9c9db7dacb942a25,138,1,122.9,4,2,4,424,Potential Loyalists
445419b1327cc8f5219514a87d043e8c,197,1,0.0,4,2,1,421,Potential Loyalists
4455e8f6fe30a164efb0265370000dd3,50,1,179.0,5,2,5,525,Potential Loyalists
4465b5c91c87e80f405456b8c3fef46c,359,1,78.0,2,2,3,223,Need Attention
44745b569a052beee4b08e01de7d4472,122,1,0.0,4,2,1,421,Potential Loyalists
447c7e6ba5f210f6ee5b9a915ac9f96f,210,1,46.4,3,2,2,322,Need Attention
447d2dbb488202b49beb8d6473fcf17f,476,1,27.9,1,2,2,122,Lost Customers
4483110ec7728398e8128f4550f3c38a,106,1,0.0,5,2,1,521,Potential Loyalists
448e0dea390e9ed20f330b7e75b12ff3,344,1,59.9,2,2,3,223,Need Attention
449ba149df652b663c8a8605eacb146d,63,1,219.0,5,2,5,525,Potential Loyalists
449ba3232212cc2b6459e3fcef52dee6,232,1,29.99,3,2,2,322,Need Attention
449cc26294cc2d6e2e88a82cea3e42c0,88,1,184.0,5,2,5,525,Potential Loyalists
44b8fd6a07abfd7a2bf9a3d698d5cf60,293,1,149.0,3,2,4,324,Need Attention
44b931de0be80ba9ae9c61a3d4fe339e,504,1,5.99,1,2,1,121,Lost Customers
44cf660de0c0d10e0e3040510791594d,45,1,58.0,5,2,3,523,Potential Loyalists
44d5ead0073d7c53c3f0503d9f847de0,183,1,119.9,4,2,4,424,Potential Loyalists
44d988342c9755f3e54fb3ae7fe6f0c9,460,1,79.9,1,2,3,123,Need Attention
44df1ea61bcd2dc37c167d6be5b4ee11,162,1,69.9,4,2,3,423,Potential Loyalists
44e64b7162915525578f601e73e72b16,150,1,35.5,4,2,2,422,Potential Loyalists
44f4b8254709fb130159912889ae1ba4,243,1,139.9,3,2,4,324,Need Attention
4509c8f5e9f3c62a7fe74eca06996bad,331,1,350.0,2,2,5,225,Need Attention
45167dabf29a055f7c1208a69dc95586,313,1,89.9,2,2,4,224,Need Attention
451be42eace46870fb5f8286c64a19d5,304,1,33.9,2,2,2,222,Lost Customers
451c36d15ca9729da50f130f5c0f1c59,716,1,169.9,1,2,5,125,Need Attention
451e48381edab7f1f6dbfa6d728616ff,256,1,129.99,3,2,4,324,Need Attention
4521ca49d47fa50f2b98f0c71cbf5ae7,493,1,119.0,1,2,4,124,Need Attention
4525508b1e5d83e659510e670d906aeb,494,1,207.3,1,2,5,125,Need Attention
452cbd8b8bde0d91625ee847c9192da9,317,1,270.0,2,2,5,225,Need Attention
452fab1c62b178922fc011b0eb89c1b9,252,1,253.98,3,2,5,325,Need Attention
454c6584341c73204ed4f795e2946f56,286,1,0.0,3,2,1,321,Need Attention
454db3b8ab5e556358e87fe7df1be2d6,427,1,349.0,1,2,5,125,Need Attention
4557896ca8d8cb9fa93fe60ea0b37262,203,1,350.0,4,2,5,425,Potential Loyalists
45582c7de3129a0aeff8e5e2bf045d48,277,1,99.9,3,2,4,324,Need Attention
4559f926bbedad3e79b1bce8ace698c7,214,1,25.9,3,2,2,322,Need Attention
4562ce3c359dc100034c8a493e2669a5,383,1,143.35,2,2,4,224,Need Attention
4563fe24c126728dd232a6f0cba6445d,158,1,0.0,4,2,1,421,Potential Loyalists
45677f94e9a07652cc2eb351dd542476,322,1,248.0,2,2,5,225,Need Attention
4577881f7a6c10d8eb6bd7f7a82ffa86,63,1,692.0,5,2,5,525,Potential Loyalists
4578c59d3730444c9221fb635f7af881,169,1,99.0,4,2,4,424,Potential Loyalists
457b1706d1ae54956aa3f8357ae96fe4,124,1,39.97,4,2,2,422,Potential Loyalists
457c16a2301237e613a1299777585d80,153,1,39.99,4,2,2,422,Potential Loyalists
4587ce0af6eee0e9b8d0d75fabd30c2a,233,1,29.99,3,2,2,322,Need Attention
458ab992ed2dd296f40f94838cf284cb,170,1,47.0,4,2,2,422,Potential Loyalists
459750d77f1b60728d05658220c0fa04,250,1,124.99,3,2,4,324,Need Attention
45aa80c26dcdf6abfdc0b74582ead3f9,486,1,259.9,1,2,5,125,Need Attention
45b1948a7554a397cc42c2ea55c54ab6,295,1,0.0,2,2,1,221,Lost Customers
45ca2b8a047054e858fa92a2a09bdd59,129,1,138.0,4,2,4,424,Potential Loyalists
45cfbd91fee8a108c0a0f905dd6bc5a7,512,1,179.9,1,2,5,125,Need Attention
45e2f324ab647613a2f00c9c4ae07e47,65,1,77.9,5,2,3,523,Potential Loyalists
45ea36c7ee518a24e962cb202fcd9779,104,1,67.8,5,2,3,523,Potential Loyalists
45f5c15d1dee0f06786c548f44268c95,478,1,0.0,1,2,1,121,Lost Customers
45fb317de39db77813c19dfe0895e8df,301,1,79.0,2,2,3,223,Need Attention
4604bef2f7091a97d534af2a62c65952,51,1,20.9,5,2,2,522,Potential Loyalists
4608a4839f4a4999c7a4fe2b498d6573,139,1,0.0,4,2,1,421,Potential Loyalists
46096c74a26672fe76dfcaf234d00864,37,1,56.58,5,2,3,523,Potential Loyalists
461aac4bb2f4d6ae5f6375f5b0958e83,49,1,92.99,5,2,4,524,Potential Loyalists
461b7aa4cef6a23317c59baf15c13c49,375,1,99.99,2,2,4,224,Need Attention
4626807d07906818ef7f102b1b250691,593,1,163.9,1,2,5,125,Need Attention
46276637ad6a208abe2d21eac707c73a,369,1,199.9,2,2,5,225,Need Attention
4637341cc744f926465ae19c6a45b05a,193,1,97.9,4,2,4,424,Potential Loyalists
463bea4a9035546dc7f2c4c1ab82b5a7,143,1,119.69999999999999,4,2,4,424,Potential Loyalists
463d8425827e81d905edf86f9c231eef,107,1,149.65,5,2,4,524,Potential Loyalists
46450c74a0d8c5ca9395da1daac6c120,44,1,0.0,5,2,1,521,Potential Loyalists
4647dada7eacabaaaf65edea85ddae43,59,1,6.37,5,2,1,521,Potential Loyalists
46497b4ed83c7595a9c8849ae86e5392,386,1,30.0,2,2,2,222,Lost Customers
465213418e5f34776c10da6c25583be5,276,1,49.9,3,2,3,323,Need Attention
46587168f28103639ae8249f19b53043,487,1,124.99,1,2,4,124,Need Attention
4658b26bcea972ed0b86a5f8c61718be,591,1,299.99,1,2,5,125,Need Attention
465a9b4c36bd07c2da0573a81ab61ad1,100,1,29.99,5,2,2,522,Potential Loyalists
4669d94e1e35f2493af76862ff85beba,88,1,137.99,5,2,4,524,Potential Loyalists
467975aa01ded053ddd770ac6d11abf8,370,1,189.98,2,2,5,225,Need Attention
46799d0831910f2c477c49a994961510,138,1,130.0,4,2,4,424,Potential Loyalists
467f2ac77aed108600b9ed0be16c990e,48,1,13.47,5,2,2,522,Potential Loyalists
469356420bccdecae3c5a3f9d8089ddd,220,1,59.99,3,2,3,323,Need Attention
46958f708ade6b6a88b2e5aca1e66de5,387,1,35.9,2,2,2,222,Lost Customers
4696c723485c37a1f5fb926165372f76,366,1,0.0,2,2,1,221,Lost Customers
46a3729194f6f9d113c57f7f87bb89d9,182,1,255.0,4,2,5,425,Potential Loyalists
46a5335f5fe2f04744ec3535fc6e36f7,182,1,243.37,4,2,5,425,Potential Loyalists
46ab1191da6a216e86ad5a3c0a5d770e,288,1,56.99,3,2,3,323,Need Attention
46b1c77198c6cac6b3b5c523763575c0,395,1,146.99,2,2,4,224,Need Attention
46baaa8dc89052125448d2e07445809e,430,1,0.0,1,2,1,121,Lost Customers
46bb23c415d5b0b35c04df0fe2e4dbaf,255,1,38.9,3,2,2,322,Need Attention
46c21d0f3e1d250a9f04e3fa064e8fef,466,1,99.99,1,2,4,124,Need Attention
46c59f112858ee897d46f8e43af4a336,472,1,89.5,1,2,4,124,Need Attention
46dd28b3f7e33b789acf42d3093b7773,607,1,59.9,1,2,3,123,Need Attention
46e277a4bd2d4bf3e0e8cfaf4ea3c41b,416,1,0.0,1,2,1,121,Lost Customers
46e3f78405802e5bc311e5b31588d8ed,590,1,99.9,1,2,4,124,Need Attention
47241156f53adb201a393df4569ed484,57,1,0.0,5,2,1,521,Potential Loyalists
4725b6ad059bb1a8bffc3de7dba595eb,531,1,0.0,1,2,1,121,Lost Customers
472a149da00ab76966375b76601af3e3,407,1,0.0,2,2,1,221,Lost Customers
472eae247a25ee1529d03002eb740637,251,1,32.2,3,2,2,322,Need Attention
473089b23876b579b3ca154c3d4a0309,231,1,43.8,3,2,2,322,Need Attention
474a9bd593c96f177e663536da52feec,278,1,118.0,3,2,4,324,Need Attention
4754e3b66497719a91b36268ed9c5718,287,1,544.0,3,2,5,325,Need Attention
4757513bdcbe18dc733da74607fd85a7,99,1,29.99,5,2,2,522,Potential Loyalists
4766fb51c287a3a3a67eae04ed0e75a4,713,1,54.99,1,2,3,123,Need Attention
476d2a8557b63e068870877925589f40,53,1,0.0,5,2,1,521,Potential Loyalists
47702cb199856e6509979e5623160f04,168,1,39.99,4,2,2,422,Potential Loyalists
47778d96d007a0dc79616bbf9c719166,142,1,110.0,4,2,4,424,Potential Loyalists
47785f23f38b208f70c7bcc32c282953,85,1,49.9,5,2,3,523,Potential Loyalists
47799677c386885704b9844bc4c840e6,136,1,124.0,4,2,4,424,Potential Loyalists
477f817873a453385bde447535ceeb3d,151,1,0.0,4,2,1,421,Potential Loyalists
4786095d5d01fa91f67a87184280f6ff,564,1,29.99,1,2,2,122,Lost Customers
478a0a8d25ca79847ce2ff79ac2433b5,53,1,22.44,5,2,2,522,Potential Loyalists
479346aff25d6c68b88e2927769b94d3,150,1,155.99,4,2,5,425,Potential Loyalists
479cc370a1fdb7d10dfe46016182a1c5,228,1,0.0,3,2,1,321,Need Attention
479d6a0c8b13debeddbe4129756c6c68,140,1,199.9,4,2,5,425,Potential Loyalists
47b22f6eef47620586ac43f2660bcc82,224,1,49.9,3,2,3,323,Need Attention
47c1737f10465e1d00d0c02ea916c74a,27,1,320.0,5,2,5,525,Potential Loyalists
47c46a8bf15ec7bd0d166ada892bb358,513,1,13.98,1,2,2,122,Lost Customers
47c89a36acb8a73127ec91d0542289b5,138,2,124.8,4,5,4,454,Champions
47cff09989eac12c2878e964ae59d34e,310,1,49.99,2,2,3,223,Need Attention
47d54ad7f6c7400ebf1649d056830c27,417,1,219.99,1,2,5,125,Need Attention
47d794d3b9191cca973e14771f951dc4,502,1,17.99,1,2,2,122,Lost Customers
47e8ef9d4dbc59ab98422f3a07f6865a,49,1,129.49,5,2,4,524,Potential Loyalists
47ed909ad8168055b4cff7733f7ce616,41,1,330.0,5,2,5,525,Potential Loyalists
47f0359649e2dc0ea37c1c5c277b8ca8,182,1,86.99,4,2,3,423,Potential Loyalists
47fff67d165b79e36024db4b82d041c6,408,1,129.99,2,2,4,224,Need Attention
4805c944b7235f559e0056dab6bc43f4,153,1,59.98,4,2,3,423,Potential Loyalists
48109d2c6b2edba91c3146a83ba631ac,323,1,38.99,2,2,2,222,Lost Customers
4813f603025d7a3956daf0846add6330,197,1,0.0,4,2,1,421,Potential Loyalists
4820478e8cb6198530212821746419e9,231,1,139.9,3,2,4,324,Need Attention
482378d0e6b86b5f28005f6a03235599,504,1,0.0,1,2,1,121,Lost Customers
482749eee2cc3b294f4000e3e839c247,217,1,79.9,3,2,3,323,Need Attention
4829d76fd44a6f080411fdd7d81df23e,300,1,69.9,2,2,3,223,Need Attention
483bc92f963bbc90c3006e11f9ac552a,301,1,49.0,2,2,3,223,Need Attention
483ccebb9c42ae89d35740fadc153835,397,1,182.0,2,2,5,225,Need Attention
484689f7961df6e755f6373221aff64d,297,1,79.5,2,2,3,223,Need Attention
484b801bef4112442e63b89d8c3b32af,354,1,0.0,2,2,1,221,Lost Customers
4852ba4cb09d03a665c840db8e61a749,349,1,897.0,2,2,5,225,Need Attention
4854e9b3feff728c13ee5fc7d1547e92,746,1,0.0,1,2,1,121,Lost Customers
48588e83c729b632d1246b37c2a5ca2c,154,1,134.7,4,2,4,424,Potential Loyalists
4859987c60ae8e304bb98146180152ae,62,1,69.9,5,2,3,523,Potential Loyalists
485daa5f13cbbbfad2d4c0b1bff1e48c,131,1,19.9,4,2,2,422,Potential Loyalists
485f1a21b1d956898035a6affa72b28b,44,1,0.0,5,2,1,521,Potential Loyalists
48625b68a29dcfc3aba4b5147e0625aa,227,1,120.0,3,2,4,324,Need Attention
48770182fa1f6631dc831cb4a99ca859,587,1,64.99,1,2,3,123,Need Attention
487e95378601c00342936b51ee9f50f2,447,1,205.0,1,2,5,125,Need Attention
48a91a904cbb4f4f4de08f6c74f39407,188,1,170.3,4,2,5,425,Potential Loyalists
48adfec5c9744635baaf82b0da1d5185,78,1,189.0,5,2,5,525,Potential Loyalists
48bbd473ddd17309b40a941962591360,186,1,17.99,4,2,2,422,Potential Loyalists
48bfb0e7bc39f3d4dbd5b242179be1e3,30,1,117.9,5,2,4,524,Potential Loyalists
48d1dced151a0925eadb3614f732f220,602,1,379.9,1,2,5,125,Need Attention
48d4bf53229ec530405b4e461ae6adb0,336,1,78.98,2,2,3,223,Need Attention
48d6dca7397a3995908aabf1eea373e5,134,1,114.99,4,2,4,424,Potential Loyalists
48e14578ccade39106a4c595eabc0e7a,385,1,84.9,2,2,3,223,Need Attention
48e4b7f31748195c4df64113e2fa7330,88,1,35.0,5,2,2,522,Potential Loyalists
48e765b31aa7359bdc26fb32b1b6825f,568,1,326.66,1,2,5,125,Need Attention
48e8d93c6ed6a8df94e24f4cd188d154,129,1,90.0,4,2,4,424,Potential Loyalists
48e99ff587e12c76f15f2f0372be1175,128,1,139.99,4,2,4,424,Potential Loyalists
48f8c279f6e0dd1931c8cb6d572cc99b,316,1,599.0,2,2,5,225,Need Attention
490365d9f683dc347884bd697db83052,491,1,135.9,1,2,4,124,Need Attention
490aaedd703d157551ba484dbf0ec17c,96,1,383.5,5,2,5,525,Potential Loyalists
490affd54728ccc9f08528e60f7f5ffe,283,1,51.8,3,2,3,323,Need Attention
4918ead333ab6c7c2c341eac81c13120,350,1,0.0,2,2,1,221,Lost Customers
4919652599408c4cdb93218f74137435,170,1,0.0,4,2,1,421,Potential Loyalists
4924386ba057ca5bb978f15e72bdead6,226,1,129.9,3,2,4,324,Need Attention
49257d143ec6384f53a6648062252966,186,1,110.0,4,2,4,424,Potential Loyalists
49342c395ab145b1716b1dc861c090f2,103,1,230.0,5,2,5,525,Potential Loyalists
4947413e68f4df49eb40aa65881befa1,395,1,86.8,2,2,3,223,Need Attention
494a52654366a12455cd9a81c6fdf542,247,1,39.9,3,2,2,322,Need Attention
494f8a40e4cc505c7f0f224ec6b370ea,380,1,79.98,2,2,3,223,Need Attention
496048de8070b6f462aab213d0f54750,583,1,0.0,1,2,1,121,Lost Customers
496b46fb2c8d864ed645954dc6a57945,289,1,189.0,3,2,5,325,Need Attention
498011a635721ea1682b150ec0d1494e,190,1,149.9,4,2,4,424,Potential Loyalists
4985c56eccae71866a8582e6d624c8f8,424,1,79.9,1,2,3,123,Need Attention
4985c6f86aaf1460d9b6fdc74465a5a5,50,1,0.0,5,2,1,521,Potential Loyalists
49a646e27cc7280ff6374df7d5d33029,441,1,39.9,1,2,2,122,Lost Customers
49a99633e0192d5ed775b6084c49771e,304,1,0.0,2,2,1,221,Lost Customers
49afeec74ee36fc6e5582ccd16111a14,308,1,169.9,2,2,5,225,Need Attention
49b87b6248b8e97cf8e0be1d073e6ea1,523,1,134.9,1,2,4,124,Need Attention
49c530e0eda65a04bc0b39dce0b305f3,162,1,0.0,4,2,1,421,Potential Loyalists
49c5ef1f262be01b80383cd169a74cc2,161,1,138.0,4,2,4,424,Potential Loyalists
49e30036e0a9b1d35c61e3095d05e263,39,1,1045.0,5,2,5,525,Potential Loyalists
49eb55b407f86a1e87d7898594e65c90,489,1,135.0,1,2,4,124,Need Attention
49ec3b730bc59d1053305e7d20c5828e,597,1,59.9,1,2,3,123,Need Attention
4a0609545eef5585a0abbd61a9262afa,435,1,0.0,1,2,1,121,Lost Customers
4a0eed40063695c28f67f468dd5776f8,133,1,79.9,4,2,3,423,Potential Loyalists
4a1545a7ca1e830eae5ea745b5338eb5,211,1,29.99,3,2,2,322,Need Attention
4a17a49c025e9cfe067bca2ca537387c,93,1,158.0,5,2,5,525,Potential Loyalists
4a1857ed6d79eb215ed4805b853e1356,193,1,44.9,4,2,2,422,Potential Loyalists
4a1d554430a67cc48fc8f2d4d3173867,477,1,102.9,1,2,4,124,Need Attention
4a2323f83849ec7cb00a5663d064bfac,269,1,258.0,3,2,5,325,Need Attention
4a37214b106fac5a660b3858d4ac9d41,444,1,499.9,1,2,5,125,Need Attention
4a3b6233269f211111508c801117a357,181,1,0.0,4,2,1,421,Potential Loyalists
4a3b97f14ae31aa0b516b3057e862377,472,1,109.9,1,2,4,124,Need Attention
4a3d9f978c0f7d1c8cd6461d1f8f291b,446,1,0.0,1,2,1,121,Lost Customers
4a523acb002d650ef0738916f939df50,178,1,144.99,4,2,4,424,Potential Loyalists
4a56c5864ec9c27869d80d07115ff36c,92,1,159.49,5,2,5,525,Potential Loyalists
4a6f463e4f36f377a07582c9f35e9ca4,467,1,0.0,1,2,1,121,Lost Customers
4a6fff622461f273bb0403682367d059,280,1,24.5,3,2,2,322,Need Attention
4a81df1304069878473990ba8bc10d1e,101,1,49.9,5,2,3,523,Potential Loyalists
4a85d946b1fa8dda8a8f0b0651b6c912,518,1,134.9,1,2,4,124,Need Attention
4a875173bfb6a79bc80ade998b70132e,311,1,58.9,2,2,3,223,Need Attention
4a87e667294a7e8c18a5656a3813e24a,273,1,41.3,3,2,2,322,Need Attention
4a8c8f751984985cd49f74249da95aae,151,1,0.0,4,2,1,421,Potential Loyalists
4a91199dce0d0f0665c157bd7ebc7198,586,1,459.9,1,2,5,125,Need Attention
4aa1f32110cbeb6c40b0c0f368557803,36,1,89.99,5,2,4,524,Potential Loyalists
4aa3bb0f92691d2cc5fc6cec735c0c01,291,1,64.9,3,2,3,323,Need Attention
4aa7f7811fa2ee7f7966c87232e073b3,222,1,99.99,3,2,4,324,Need Attention
4aa8a66122568f63b9873e610b4d1d1d,187,1,88.89,4,2,3,423,Potential Loyalists
4aab13ab7f6f9109fa6a996ff4b2cf4e,171,1,0.0,4,2,1,421,Potential Loyalists
4ab50a59734294a04f717d8ce2122c34,437,1,69.99,1,2,3,123,Need Attention
4abe169ffe947fd9a577e51e6c19e7b6,425,1,151.8,1,2,5,125,Need Attention
4ac2c632ad4eb06bde1abf92c3aeb44a,201,1,85.0,4,2,3,423,Potential Loyalists
4ac6ef708fd5507a56c7f24f21a8c6cc,407,1,0.0,2,2,1,221,Lost Customers
4ac899cf4188a7f69cde48d82e0309c3,326,1,146.99,2,2,4,224,Need Attention
4acce2834231e13b1514915adda5ec2b,490,1,139.0,1,2,4,124,Need Attention
4aceb8c7e323505487fb7ad6775f177b,319,1,599.9,2,2,5,225,Need Attention
4ad24023bdc79038ec5799f650ecc0bc,35,1,39.9,5,2,2,522,Potential Loyalists
4ad2c6da1728dbf266e05c3720cf9e49,373,1,29.0,2,2,2,222,Lost Customers
4aeadd2fbdab9bd2b850353470b50bfd,488,1,79.99,1,2,3,123,Need Attention
4aedd3b77829688ccf04a794212d375c,90,1,97.9,5,2,4,524,Potential Loyalists
4af8183e991931155d9315609e41e2ab,227,1,165.0,3,2,5,325,Need Attention
4af923ab1facb0d2b0511746cffa138d,577,1,29.9,1,2,2,122,Lost Customers
4b0a2eb6cad52bcbb4df29d278fede29,187,1,53.89,4,2,3,423,Potential Loyalists
4b154e0720d0923cee4489015af0f662,59,1,144.9,5,2,4,524,Potential Loyalists
4b1d45d33877174c0fca2cece1f8f2c1,359,1,49.9,2,2,3,223,Need Attention
4b256de10191200af4161c5d0d51da48,253,1,229.99,3,2,5,325,Need Attention
4b256efb7d2b602ca8d8a070db7cd4ae,243,1,28.99,3,2,2,322,Need Attention
4b2a90f97fb6d4022044367a62d2aa0f,189,1,101.49,4,2,4,424,Potential Loyalists
4b3bb6a96863c6ec44be8e01305d4417,233,1,19.9,3,2,2,322,Need Attention
4b3dd3033a20633f3bc5e43145899d4a,459,1,26.69,1,2,2,122,Lost Customers
4b3f881316f66630e2dc4868efd08e55,331,1,193.8,2,2,5,225,Need Attention
4b40745dcdd2de6de0af5e206d8ecf8b,148,1,59.98,4,2,3,423,Potential Loyalists
4b48b3ba43eca5e212825cbde90b1b76,52,1,19.9,5,2,2,522,Potential Loyalists
4b52b581adde85cafdb0b04a130e5d6d,79,1,24.99,5,2,2,522,Potential Loyalists
4b61b1aa8bb2f7dc1bb6e81b6fce88b7,202,1,112.0,4,2,4,424,Potential Loyalists
4b6cbf21433bdded5ea3fad432d707e5,301,1,27.9,2,2,2,222,Lost Customers
4b79e4b6db0bcfb76c85b5d88649fa45,486,1,169.0,1,2,5,125,Need Attention
4b86049cb99e4aa774031daa9cd18f18,232,1,248.0,3,2,5,325,Need Attention
4b8d2c20253a3dc25770c9cb06232a69,147,1,154.0,4,2,5,425,Potential Loyalists
4b96021dd080de09f50154101eba1987,529,1,0.0,1,2,1,121,Lost Customers
4b9c1e46a59a75a9af94bc7e355b97a0,339,1,74.9,2,2,3,223,Need Attention
4b9d5d97bd2fe143891cf91ac7ca1116,470,1,34.9,1,2,2,122,Lost Customers
4ba951eaaf83957d36fa3de46820754c,395,1,53.6,2,2,3,223,Need Attention
4badd97df3e4ad6d64508b5c25d4dca9,159,1,28.0,4,2,2,422,Potential Loyalists
4bb4001bb156c7e4cf2f096e9c5c20f7,421,1,189.99,1,2,5,125,Need Attention
4bb97ff40d9e2fecefaa62fbce588e34,114,1,19.9,5,2,2,522,Potential Loyalists
4bc3c13133d65130fe13def33ed39eff,291,1,99.9,3,2,4,324,Need Attention
4bd3154555b2d1d19fed1ccf31aa33f7,181,1,0.0,4,2,1,421,Potential Loyalists
4bd7f188edf5bda0c155c8460457d76b,608,1,89.9,1,2,4,124,Need Attention
4bd91035db69402af2402d830849b4df,159,1,99.9,4,2,4,424,Potential Loyalists
4bdaaab3c645dd18eed3c3bb8ddcd6cf,231,1,1320.0,3,2,5,325,Need Attention
4bdc96c9e8db57f4cdc94e59eeb987a8,295,1,56.0,2,2,3,223,Need Attention
4beb171d402535985ed8f5843bcc8dd0,62,1,29.0,5,2,2,522,Potential Loyalists
4bf3d072dcf303280e82dc697b516c6f,287,1,45.0,3,2,2,322,Need Attention
4bf4cdbd2db7a58bec527ea23ccbeb26,128,1,94.9,4,2,4,424,Potential Loyalists
4bf9358b618236ea203ef23a0ea9a791,126,1,0.0,4,2,1,421,Potential Loyalists
4bfb2458768dbee0e7e1e04164a58abe,94,1,17.0,5,2,2,522,Potential Loyalists
4c0031f9334248a4d3c675b527c67b88,212,1,0.0,3,2,1,321,Need Attention
4c09b258e20a3330b4b49b01c6733ca0,243,1,109.9,3,2,4,324,Need Attention
4c0aa4a0808110794130a1735a751aea,130,1,149.9,4,2,4,424,Potential Loyalists
4c0c0aaace4f4f653104ae52e4811ec6,67,1,39.9,5,2,2,522,Potential Loyalists
4c0dc4c1650460e296cf9e51ea06c993,127,1,0.0,4,2,1,421,Potential Loyalists
4c1cacfc081ddc8593a27c9d3c88be49,108,1,329.94,5,2,5,525,Potential Loyalists
4c1d5130a8d1d1edc9a7977504b2d40d,44,1,0.0,5,2,1,521,Potential Loyalists
4c20c0ee3e142218ffbb29ea05d6efa3,203,1,49.9,4,2,3,423,Potential Loyalists
4c250c90bedbbfa9a85ac59143f09f55,471,1,129.5,1,2,4,124,Need Attention
4c25d8e81024300edc4db9bb7b23c278,360,1,31.0,2,2,2,222,Lost Customers
4c302f270df7e2504744b098d013b0e3,123,1,110.0,4,2,4,424,Potential Loyalists
4c4019424201b623e1aa1a7fa822d326,403,1,104.9,2,2,4,224,Need Attention
4c49f71bf9f69f1396223ee87e07f726,251,1,150.0,3,2,5,325,Need Attention
4c57fdb260556efeb98a8e09ce74c4d0,283,1,23.1,3,2,2,322,Need Attention
4c78e1b1723e4144f76a00609f312fc2,194,1,19.9,4,2,2,422,Potential Loyalists
4c7ddb7b5d196b2967554adca4964542,124,1,49.9,4,2,3,423,Potential Loyalists
4c7e61a1faa0d4745bca0164648b3ddd,190,1,0.0,4,2,1,421,Potential Loyalists
4c9d7a522155c04c8a1ef4c76ea68998,428,1,59.9,1,2,3,123,Need Attention
4ca5f90433afb5493247f0bafb583483,412,1,69.9,1,2,3,123,Need Attention
4ca8854dd8e7df762fdaa3141840c47a,207,1,119.9,3,2,4,324,Need Attention
4ccacf05f1c687822fc379cec1a70493,448,1,73.9,1,2,3,123,Need Attention
4cdcedeadb2f9aeb0ba2ef5f2ebfd042,374,1,0.0,2,2,1,221,Lost Customers
4cf926be7c4508b256de872d8de17979,189,1,129.0,4,2,4,424,Potential Loyalists
4cfa5155cf7cff8eb15e0b12041d058e,47,2,189.89000000000001,5,5,5,555,Champions
4cfcf39c95ad546b0b18e931bc3e6d6a,298,1,0.0,2,2,1,221,Lost Customers
4d00a68a5ecafd5138753a21c61071d4,171,1,89.7,4,2,4,424,Potential Loyalists
4d024a9c22e0d1232091ee9915499719,479,1,180.0,1,2,5,125,Need Attention
4d08ce189da9a10f9fd5e90918de54e0,393,1,159.9,2,2,5,225,Need Attention
4d094dfd23064797e35aab51f129fda4,125,1,99.0,4,2,4,424,Potential Loyalists
4d0d481f5a938ec64900b4e0b317e15c,46,1,59.99,5,2,3,523,Potential Loyalists
4d1d50c8870f228ed23b3e89bc126a18,231,1,0.0,3,2,1,321,Need Attention
4d1fe8b6f5e9ee044a14467c8b2832b6,226,1,84.89,3,2,3,323,Need Attention
4d2e06feac9e7556570da81b6b1a1423,200,1,124.99,4,2,4,424,Potential Loyalists
4d337c98856b7ffd5018d7a5b3fbaf76,151,1,29.9,4,2,2,422,Potential Loyalists
4d42230cfc4f53bf3340d0ae9bbe620a,241,1,49.9,3,2,3,323,Need Attention
4d44daa2056990a8c1cb947a19c626b0,211,1,110.99,3,2,4,324,Need Attention
4d498c96e9ef668a8bc1b835cc2724e7,356,1,56.99,2,2,3,223,Need Attention
4d62a023211df06c5649d5bb1bf699e0,140,1,29.45,4,2,2,422,Potential Loyalists
4d76d18a3c2a23f3610de21232fc8bf1,214,1,29.98,3,2,2,322,Need Attention
4d789786872da7d638b9ca3be9e6e405,241,1,13.65,3,2,2,322,Need Attention
4d79dc7488d0c0a6af048c5dc363e2cd,43,1,120.0,5,2,4,524,Potential Loyalists
4d85336a73fdb043292adfffbeb80486,233,1,122.99,3,2,4,324,Need Attention
4dc97210cddbf67b977de29abd35eece,102,1,119.9,5,2,4,524,Potential Loyalists
4dcabe94c61f202327839a734955b0cf,197,1,69.9,4,2,3,423,Potential Loyalists
4dd1c231ef57f033021044544dc5836d,253,1,45.9,3,2,2,322,Need Attention
4dd1fb5dc901ff9a6077edf5b8572e5a,428,1,0.0,1,2,1,121,Lost Customers
4ddf638d30917fc90e69fa4294fec79f,202,1,49.0,4,2,3,423,Potential Loyalists
4dea07b5dd15f4087a2b00984f3755f8,225,1,99.9,3,2,4,324,Need Attention
4dfcad2550d5a550b707ea167f33ae8c,245,1,0.0,3,2,1,321,Need Attention
4e012ebff739bde041e02fcabd42d3d0,43,1,1376.55,5,2,5,525,Potential Loyalists
4e0e2c55be4484ff485141aa1ae03bdd,378,1,19.9,2,2,2,222,Lost Customers
4e15fee963523774998876e3624952f4,45,1,139.99,5,2,4,524,Potential Loyalists
4e1e21d422058c75922a29548f43479d,163,1,178.99,4,2,5,425,Potential Loyalists
4e20c9717b355a95e60353197235b58c,498,1,199.99,1,2,5,125,Need Attention
4e21dec7323ad0b039b139d47fae3374,407,1,0.0,2,2,1,221,Lost Customers
4e2270e45010f34f7308e7fd0ba18b48,322,1,62.8,2,2,3,223,Need Attention
4e23846da97b99c1b02724f5509f2518,337,1,32.9,2,2,2,222,Lost Customers
4e27e7b9f149bcd4ea5ec0dc251b11b4,158,1,164.99,4,2,5,425,Potential Loyalists
4e2ba5e5df861d65422db3b6f7a253b4,451,1,0.0,1,2,1,121,Lost Customers
4e363e6d4fc4031b8c9f4430191e88e4,418,1,50.0,1,2,3,123,Need Attention
4e3c149b4f38ba13a692fe975d1c48c6,237,1,99.0,3,2,4,324,Need Attention
4e40f88729018a8129193dc0223912d4,126,1,0.0,4,2,1,421,Potential Loyalists
4e42f5dd11f3b39f9994e12b20f10b4d,504,1,149.9,1,2,4,124,Need Attention
4e45d04dd97c6185e03a374d0024ec04,265,1,69.99,3,2,3,323,Need Attention
4e480c651903b26e987ad098dd01cfd3,63,1,56.0,5,2,3,523,Potential Loyalists
4e52868ca801ed63098753335c0ff17b,101,1,49.99,5,2,3,523,Potential Loyalists
4e5e69a95bea47fa026e3bbdc386f55c,177,1,0.0,4,2,1,421,Potential Loyalists
4e65032f1f574189fb793bac5a867bbc,476,1,329.0,1,2,5,125,Need Attention
4e6588068c000d6f539cf24c66a96816,214,1,179.9,3,2,5,325,Need Attention
4e67c7eee347c5f4ad6da21c8ab385ce,405,1,44.99,2,2,2,222,Lost Customers
4e6c6d1d5100010e95fafd14df22e007,186,1,258.0,4,2,5,425,Potential Loyalists
4e6f6ed96c6bf5701e889301565361c7,105,1,0.0,5,2,1,521,Potential Loyalists
4e7b44775e9dfd6a7ad38006221ba740,96,1,97.99,5,2,4,524,Potential Loyalists
4e7da8460a307b63a7a4d98750f3a95a,108,1,99.8,5,2,4,524,Potential Loyalists
4e80ecf05e726d3b9ec3cd93577f5a1a,343,1,50.0,2,2,3,223,Need Attention
4e95c3db873ad0daa03d9a233362396d,284,1,122.99,3,2,4,324,Need Attention
4ea910b8d63f40bd6b598ca7ff64be3e,296,1,13.45,2,2,2,222,Lost Customers
4eaa7b320f62557958f289a09f1cf919,293,1,59.9,3,2,3,323,Need Attention
4eaf709a63916717d9f464d05beabfb5,344,1,149.99,2,2,4,224,Need Attention
4eba70ec999c67251d9bd44141e39f4a,469,1,180.9,1,2,5,125,Need Attention
4ebfd10a85099b098816cbbca0604b59,172,1,149.9,4,2,4,424,Potential Loyalists
4ec3e8baff65069114a2cb9fc2f9ff9f,297,1,53.99,2,2,3,223,Need Attention
4ece0ab94505340f9f8c39f09d5c1280,91,1,129.9,5,2,4,524,Potential Loyalists
4ed6f838ded54fddab3d9d614a0c7b0d,290,1,159.9,3,2,5,325,Need Attention
4edb41f4555044def164944f4bc31c3c,39,1,29.0,5,2,2,522,Potential Loyalists
4eddf89504662ec9c357158c59863254,482,1,15.9,1,2,2,122,Lost Customers
4ee4abbc3054d7f0b3f4acdaf74073e7,348,1,120.0,2,2,4,224,Need Attention
4eeb95332592e4401c91ffb9d689cd14,303,1,232.56,2,2,5,225,Need Attention
4efe54e3e336d3e4c68e5ce66ced75c8,284,1,89.0,3,2,3,323,Need Attention
4f062c0635aa5c593636b9500e21b99b,437,1,39.6,1,2,2,122,Lost Customers
4f0a93edbe276308a671448764c8e1c2,59,1,0.0,5,2,1,521,Potential Loyalists
4f114ef058f9d3a854fec64219e8d91f,35,1,159.9,5,2,5,525,Potential Loyalists
4f262a3ca91e56d568fd13240c3c3652,492,1,0.0,1,2,1,121,Lost Customers
4f2b39545ebc1f7457d44249f8d7fc7a,344,1,158.0,2,2,5,225,Need Attention
4f30c12cd0b6830b37fe2b29ecfa25de,170,1,129.9,4,2,4,424,Potential Loyalists
4f35078a5117c6420a4f93cfa3be14f6,293,1,0.0,3,2,1,321,Need Attention
4f42bd047403d725c47c10d46d2075eb,58,1,24.0,5,2,2,522,Potential Loyalists
4f477c554c5bd165f95d62b409ac6425,421,1,84.9,1,2,3,123,Need Attention
4f4a4c713a7892d9db23f694fc647d13,233,1,89.3,3,2,4,324,Need Attention
4f51543860db95f9b98c1ce29a000d68,393,1,40.9,2,2,2,222,Lost Customers
4f5dc7d759b71c6fa79c3022e2235cc5,92,1,0.0,5,2,1,521,Potential Loyalists
4f6a76ff888ac68a646c515920c0f3e3,47,1,40.7,5,2,2,522,Potential Loyalists
4f6d635ff2fd4e30ff5369a7b943eb22,219,1,66.0,3,2,3,323,Need Attention
4f7ded99cebf4c1ec505f71ef6580bba,510,1,0.0,1,2,1,121,Lost Customers
4f82e1e076d9e0a077dd3d62da608744,293,1,0.0,3,2,1,321,Need Attention
4f853e8ca227c6f7fd20adcd785ba0a9,395,1,74.69999999999999,2,2,3,223,Need Attention
4f8602e886ab87a176e8f0a2c2e06069,109,1,330.0,5,2,5,525,Potential Loyalists
4f8cce1447c785e1b70e866daec425a1,506,1,225.0,1,2,5,125,Need Attention
4f922e1a973e7a72b422022f4aabfd47,129,1,65.9,4,2,3,423,Potential Loyalists
4f928a6270233d6c7c4e73919fa12295,228,1,49.0,3,2,3,323,Need Attention
4f99c339d669d50ab3d87009990197d8,147,1,149.9,4,2,4,424,Potential Loyalists
4fa4365000c7090fcb8cad5713c6d3db,23,1,0.0,5,2,1,521,Potential Loyalists
4fa62147a0294ea8e717288b6615d2a5,27,1,48.9,5,2,2,522,Potential Loyalists
4fa93ce17fd5c9868466a49cc823188e,85,1,21.0,5,2,2,522,Potential Loyalists
4fabe276b1e63a047b87cf7d79af884e,39,1,18.9,5,2,2,522,Potential Loyalists
4fbfb381b20a1ce72ed57f3c49895954,386,1,26.9,2,2,2,222,Lost Customers
4fc8594d4bd9b2157025e4bb48c2d30c,316,1,59.9,2,2,3,223,Need Attention
4fd1beb4e95a893ae955635ffaa1a861,276,1,35.0,3,2,2,322,Need Attention
4fe67915d44791a5deab2957c2641048,566,1,7.8,1,2,1,121,Lost Customers
4febcf117fb1744228c5c3fb7e2a1c76,225,1,191.0,3,2,5,325,Need Attention
4fefe0e53334d2252f3b920db8df4776,39,1,48.5,5,2,2,522,Potential Loyalists
4ff0c5bf5ff939d3ed476462c42d431e,210,1,187.2,3,2,5,325,Need Attention
4ff376209add6152358ad7ae10a6f6c1,455,1,59.9,1,2,3,123,Need Attention
4fff725d93ad8b018de71bc3466cccd3,247,1,23.7,3,2,2,322,Need Attention
5014640d3efef58a7b050e3af74bbcec,193,1,79.99,4,2,3,423,Potential Loyalists
50160b006ccda0a52d2cb6e170251a0b,122,1,0.0,4,2,1,421,Potential Loyalists
503033d8d8c0a27ba5a2ac8fe424b45b,121,1,132.97,4,2,4,424,Potential Loyalists
50343a5529a9ab46eacfd1fdc387cf0a,250,1,49.0,3,2,3,323,Need Attention
5035394f5af1b31d7c536f2bff8e5c46,300,1,125.02,2,2,4,224,Need Attention
503f8e014d74b09cfe772d0279c361b9,295,1,89.9,2,2,4,224,Need Attention
5044faf2c6865d65a710642acbb21ee3,478,1,0.0,1,2,1,121,Lost Customers
504b0dfeddc2a12fcc71773e0eb7b9b2,313,1,190.83,2,2,5,225,Need Attention
5063d70a88d82aab39d8a197036aaf2a,549,1,49.0,1,2,3,123,Need Attention
506e2ff6b5a02a479e1f12b2a37deee4,365,1,299.9,2,2,5,225,Need Attention
5072b38d1de83ef6b9c7c15983a0f731,154,1,230.0,4,2,5,425,Potential Loyalists
5076366c05f3f8a857f811397338c6ac,560,1,69.9,1,2,3,123,Need Attention
5078b16249b55c1b790a5756a02ddfe5,137,1,99.9,4,2,4,424,Potential Loyalists
507bd1aec5cf7244d6f0f61a0cd4136e,301,1,46.9,2,2,2,222,Lost Customers
507c84a12a163fa17b7d875eb0f80bb1,128,1,79.0,4,2,3,423,Potential Loyalists
50881a1a7cf12940a91d1f5738e373df,343,1,285.0,2,2,5,225,Need Attention
508c136dd918b7169593505ea16b1093,342,1,119.9,2,2,4,224,Need Attention
508cae50c5c1e72079d266a513bca9ae,255,1,81.5,3,2,3,323,Need Attention
509148592c66d4ea7e26e63c131cd980,400,1,10.0,2,2,1,221,Lost Customers
5098a0313c0a6e4566a3d17151d54ebc,148,1,0.0,4,2,1,421,Potential Loyalists
50b8f1b2deb925b4dcf09ac30eb85db7,114,1,106.9,5,2,4,524,Potential Loyalists
50bcf3c27a375da1f5d33ab1798b38a4,177,1,259.9,4,2,5,425,Potential Loyalists
50c544adc0b470eef70217bd327e672a,45,1,159.99,5,2,5,525,Potential Loyalists
50d27e12b7d28f9c61ff09d5e9429684,220,1,67.9,3,2,3,323,Need Attention
50d59756373a395d180aa6414fcb99c2,301,1,0.0,2,2,1,221,Lost Customers
50d7ffe26d9b0c27900c2b197e66bde4,219,1,25.5,3,2,2,322,Need Attention
50e1b12ee1e2eab6157d9c0b035136af,226,1,33.8,3,2,2,322,Need Attention
50f0d1dd0f51d6d59c3774b9d109f0c0,334,1,24.9,2,2,2,222,Lost Customers
50f8c5f8f6d5b86bc62dd8e671ff2e78,150,1,0.0,4,2,1,421,Potential Loyalists
50f99f56ab935ac45c6f1cd4c0bfbe2a,88,1,49.1,5,2,3,523,Potential Loyalists
51180e62ded56ca8c72aee493a902ff3,399,1,0.0,2,2,1,221,Lost Customers
512951e75fedf5e5cea649d6868631df,372,1,0.0,2,2,1,221,Lost Customers
512dc576950aaf62b6c0ed031bd6b0be,290,1,799.99,3,2,5,325,Need Attention
5136d09d75000986bac52a8f5583f355,178,1,110.0,4,2,4,424,Potential Loyalists
513716fd55dc94ade4802ea4f73a3dab,491,1,169.9,1,2,5,125,Need Attention
51372d3b504e405b6fd5f94b0bb362c7,437,1,0.0,1,2,1,121,Lost Customers
5142b631250df02f4aadfc5d4c4b8569,222,1,0.0,3,2,1,321,Need Attention
5143bcc6bc4a69be5dfd6db38f2c1bb3,85,1,22.9,5,2,2,522,Potential Loyalists
51601e58354758c975c5e878a11b4352,239,1,122.99,3,2,4,324,Need Attention
516aae6b5114b40f0c423bcec3f73bc3,62,1,0.0,5,2,1,521,Potential Loyalists
5179541696b879141c1f0bb532f988c9,304,1,146.0,2,2,4,224,Need Attention
517a35f625b57d7c8533adfefb2d1b98,163,1,499.99,4,2,5,425,Potential Loyalists
5182a0cedbcab2cdd746471065fbb6dc,159,1,59.99,4,2,3,423,Potential Loyalists
51838d41add414a0b1b989b7d251d9ee,556,1,84.9,1,2,3,123,Need Attention
51869783d1306df1fbf37a111670cc65,396,1,19.9,2,2,2,222,Lost Customers
5188090bf12661971a81f523d5b42f35,126,1,0.0,4,2,1,421,Potential Loyalists
518bd6dc8b398a069309bc013fbc43a8,107,1,249.9,5,2,5,525,Potential Loyalists
518ff151056410cc1e01e1dc3711a1a9,232,1,61.5,3,2,3,323,Need Attention
519006324ed2926a8bc03f241ae81712,326,1,119.69999999999999,2,2,4,224,Need Attention
519bfc92913c498006c2b05dbaad7525,94,1,475.0,5,2,5,525,Potential Loyalists
51ac8560948d44d4ffa33f2680569a20,232,1,0.0,3,2,1,321,Need Attention
51bb00d04d164d61ffd05a7284d5a44e,148,1,110.32,4,2,4,424,Potential Loyalists
51be608e99a9d07f3dc157ab3f984f2b,395,1,44.9,2,2,2,222,Lost Customers
51bfbaee00332bc4b92c8fb31a931948,231,1,598.99,3,2,5,325,Need Attention
51c2f039f08424330a6bbba4c9949d98,452,1,229.99,1,2,5,125,Need Attention
51c71e07d4ffb31ee4286c41a71ff23f,172,1,30.0,4,2,2,422,Potential Loyalists
51cbfa44126505de7a55fb99ba49648b,157,1,139.8,4,2,4,424,Potential Loyalists
51d368d03eceff9882c5870827f9ce0e,53,1,269.70000000000005,5,2,5,525,Potential Loyalists
51d3d5423e89bdef188c9b6014773577,82,1,16.0,5,2,2,522,Potential Loyalists
51d91326ffc0688da14a001de38c264b,390,1,195.0,2,2,5,225,Need Attention
51da3149efb8c4a64b26f928a4ed8f28,409,1,129.99,1,2,4,124,Need Attention
51dc56123336c573f2977f5da81b17b9,512,1,209.9,1,2,5,125,Need Attention
51e32dbab59f703df32796cb616dc90d,402,1,18.9,2,2,2,222,Lost Customers
51faedd966942d2541bb83c4a7499531,315,1,0.0,2,2,1,221,Lost Customers
520adcb308fd7bce64069bcacbeb2f55,241,1,30.6,3,2,2,322,Need Attention
52152ab824fe738e8230950c5edbafdb,180,1,21.99,4,2,2,422,Potential Loyalists
522330e203f9f930fa7b014442654623,446,1,159.0,1,2,5,125,Need Attention
5229b8e4d7d2b9b676c2083c17b1ecd0,407,1,438.0,2,2,5,225,Need Attention
522e244a96d13876c5bac4985a8d5075,233,1,479.93999999999994,3,2,5,325,Need Attention
5232c4dbb62f99ca1c7847a96821e5f6,364,1,0.0,2,2,1,221,Lost Customers
52343fcfb4c1fbb0f91f9752d850d5fc,196,1,318.0,4,2,5,425,Potential Loyalists
524e35dd7c90f48c76141a4bd25b3d4b,28,1,36.82,5,2,2,522,Potential Loyalists
525eb1a84ca6c1c0df03dcafaf9c0afc,46,1,59.6,5,2,3,523,Potential Loyalists
526702b617eaea06b94a93af17ad720c,213,1,649.0,3,2,5,325,Need Attention
526ccb7139b463143e46b919bcfe3bac,370,1,69.0,2,2,3,223,Need Attention
527db84cb89710401bd01009f23a4118,84,1,99.9,5,2,4,524,Potential Loyalists
5287bb98e3da27fddfa3c3b13993f04f,35,1,49.9,5,2,3,523,Potential Loyalists
528b011eb7fab3d59c336cc7248eed3a,254,1,53.99,3,2,3,323,Need Attention
52a2f316baf6921a49770363ec6b1268,184,1,39.99,4,2,2,422,Potential Loyalists
52a7fb2dfa60628b04619fa279d3e27c,292,1,98.7,3,2,4,324,Need Attention
52b7e40d53b336e18d6346d2236a5ede,52,1,350.0,5,2,5,525,Potential Loyalists
52b8fc428690f8974a3d3ff3a162f7b7,26,1,169.9,5,2,5,525,Potential Loyalists
52ba13556336e0643d5af3b1a94ea82b,130,1,13.65,4,2,2,422,Potential Loyalists
52c247722e2351bcf25b1d759a8a58ae,248,1,0.0,3,2,1,321,Need Attention
52c2d25d17331709d360f6d8fce886af,154,1,299.0,4,2,5,425,Potential Loyalists
52cea49a6eabf8b641b7546bc1fc17ab,290,1,99.9,3,2,4,324,Need Attention
52d3c9e72091eca915f7e71c457ed368,268,1,24.99,3,2,2,322,Need Attention
52f7c5236c70dde7f062d5f93e79920e,281,1,79.9,3,2,3,323,Need Attention
52f8d257481183eb874e5ab0558227f8,567,1,0.0,1,2,1,121,Lost Customers
52fc446155bc2a278dbaa6695e3c06c6,51,1,142.0,5,2,4,524,Potential Loyalists
52fd49a9e404c6a5aecd183430698b63,281,1,99.8,3,2,4,324,Need Attention
5313d6ca5d25744acf9877f61c01c189,303,1,479.0,2,2,5,225,Need Attention
531f8d2a8f04b3fbbb76e35ceaf8dfe2,300,1,275.8,2,2,5,225,Need Attention
5330670c6666e6f35a2688802fdb235f,430,1,0.0,1,2,1,121,Lost Customers
53366ab9d1acc84096cd99a3eaefb7f9,241,1,155.0,3,2,5,325,Need Attention
5340888f5f7415514d6e02a9293938c0,183,1,115.0,4,2,4,424,Potential Loyalists
53478cb7851907e7343dbf818c273455,520,1,23.9,1,2,2,122,Lost Customers
535c1bc29b3f8a2a5060ff4792665e3d,222,1,144.99,3,2,4,324,Need Attention
5362cb1d9a156cc6edbe69eed9f78752,266,1,99.0,3,2,4,324,Need Attention
536911eef34352fe5aadbb4a39bac190,92,1,89.9,5,2,4,524,Potential Loyalists
5373d3bd71b05d85cc1b76a125943527,284,1,0.0,3,2,1,321,Need Attention
537568b43e7ec5203b504b97808593b4,584,1,550.0,1,2,5,125,Need Attention
537eaa7044e92f1ce907e98a5eeb989e,61,1,59.8,5,2,3,523,Potential Loyalists
5385c8288fcff00b5480d11379651558,432,1,0.0,1,2,1,121,Lost Customers
538f20c5da86daf31ec285792b8b603f,441,1,59.4,1,2,3,123,Need Attention
5399c9213ca365a480537a1b21423d2c,495,1,95.0,1,2,4,124,Need Attention
539b33228e119bcaedd098baba88d06b,521,1,143.8,1,2,4,124,Need Attention
53a52be3ec8e43d7be46b037d58ff145,500,1,109.6,1,2,4,124,Need Attention
53a9a392c03c3d428c6cc5f6bd753f16,90,1,129.0,5,2,4,524,Potential Loyalists
53af1cb6dfe5bb4d37657200449e9134,482,1,0.0,1,2,1,121,Lost Customers
53b2aa3aafb865f1c2c681804b8eb3b9,322,1,59.9,2,2,3,223,Need Attention
53bb7dc2b472c192a4a808a4f42fc8a0,317,1,114.9,2,2,4,224,Need Attention
53c26d4cc00e6fe479057e894b7c1805,154,1,104.9,4,2,4,424,Potential Loyalists
53d2157e6fb6608f117084f05aaf4bd2,394,1,45.9,2,2,2,222,Lost Customers
53e59bf8386630311c1a630e0aa7e92b,92,1,0.0,5,2,1,521,Potential Loyalists
53f83d958a9f00d0e7913a0e6261885d,49,1,0.0,5,2,1,521,Potential Loyalists
5403c5708577d72afc5c4783bad43280,213,1,0.0,3,2,1,321,Need Attention
540f5d9fc63ff82ceecb2dc3bc105071,357,1,50.0,2,2,3,223,Need Attention
541028a4f24a1f8d31feb975a940aee6,283,1,13.65,3,2,2,322,Need Attention
54155ef7f24e55d09b694293e41702f3,412,1,31.9,1,2,2,122,Lost Customers
5429ef34d206e470c7e4d1e6c834ea48,217,1,0.0,3,2,1,321,Need Attention
544d68d25e9cbb63c5ee29345185fbd9,387,1,89.9,2,2,4,224,Need Attention
54532e3c45ab2b031cfee59f0ecd6f8c,514,1,0.0,1,2,1,121,Lost Customers
5457ae2c352c18e3bf5cba68301d96a8,205,1,24.9,3,2,2,322,Need Attention
545d52845f89fb2a0069f8af963812de,514,1,29.9,1,2,2,122,Lost Customers
5468c19d0df121d47a5d3dc792f6cf52,377,1,39.9,2,2,2,222,Lost Customers
54732c804725f94304b9f2d1107a3d6e,406,1,259.0,2,2,5,225,Need Attention
54875f4b4cc6b4c3b0608fbfd64c39a2,89,1,152.0,5,2,5,525,Potential Loyalists
548a09978548d2e347d494793e34c797,77,1,0.0,5,2,1,521,Potential Loyalists
5493b0c34dc1481b67a6365a6c3ff174,65,1,19.9,5,2,2,522,Potential Loyalists
54a4d076947c8f0e3de1e6eb3bab9dc5,68,1,0.0,5,2,1,521,Potential Loyalists
54a6fac091f0d157752db7bb34a6d838,166,1,59.99,4,2,3,423,Potential Loyalists
54ac170f384b3ca08d8ea2aa6389c483,606,1,238.0,1,2,5,125,Need Attention
54b1545285c9a59d81da3ae7d9e85c31,373,1,0.0,2,2,1,221,Lost Customers
54b1e10e822b9b303d8ef8845cc3901d,179,1,18.5,4,2,2,422,Potential Loyalists
54c665eb48d502792c20af5ed9166359,310,1,0.0,2,2,1,221,Lost Customers
54c7b4f48fb9e911bf328bf9884ca61d,415,1,0.0,1,2,1,121,Lost Customers
54d020f986a115a20bfab3694af204d4,32,1,159.9,5,2,5,525,Potential Loyalists
54d7a15160876f86860fd741b906a742,78,1,219.0,5,2,5,525,Potential Loyalists
54d97c70f72815eae0f2538364774a7a,235,1,0.0,3,2,1,321,Need Attention
54dfac2adf924cfba07091efb3d1b5ee,249,1,399.0,3,2,5,325,Need Attention
54e0af4a0f1db52a08a5f9b39954dfef,145,1,299.99,4,2,5,425,Potential Loyalists
54e585d73c89a6aff19a1557eb5e9d16,217,1,0.0,3,2,1,321,Need Attention
54eb010282ed1c4a38e101aa8b9aca37,28,2,79.9,5,5,3,553,Loyal Customers
54f2711f2fa5fa43b63e30c4092e1b0b,44,1,212.0,5,2,5,525,Potential Loyalists
5501229f067d77af54f8242b218e2d51,57,1,0.0,5,2,1,521,Potential Loyalists
55020cb68ae358a51969695657a54e9c,101,1,316.05,5,2,5,525,Potential Loyalists
55094b4209466f0537cc52a4e3481639,130,1,489.0,4,2,5,425,Potential Loyalists
551a09ef128e5436c555ecc43cfca103,298,1,45.9,2,2,2,222,Lost Customers
551a0e417b10f992a724b436f2a5588c,84,1,0.0,5,2,1,521,Potential Loyalists
551bf3cd63555513dd3dfdaba9b7541a,297,1,24.5,2,2,2,222,Lost Customers
5523da98302d120b592f376ef5b3766f,389,1,130.0,2,2,4,224,Need Attention
55310366b1116f6cf157b304213b24e7,129,1,53.79,4,2,3,423,Potential Loyalists
5533b6863859076febafeed9a35bb6c2,285,1,0.0,3,2,1,321,Need Attention
553b07cb90e5a17d748dbcf842c00118,232,1,54.9,3,2,3,323,Need Attention
553ddce64bc3802244fe88160fbdbd34,443,1,195.66000000000003,1,2,5,125,Need Attention
555789ba02ce5b47f71981657177b7e0,300,1,21.99,2,2,2,222,Lost Customers
555c9a08eb946bc1d57e5a2bbe9dcb31,43,1,120.0,5,2,4,524,Potential Loyalists
5562519ab10ca3a2bcafca081618d2ea,43,1,0.0,5,2,1,521,Potential Loyalists
5567ff09b0607b9546948fec46fe15ad,49,1,33.99,5,2,2,522,Potential Loyalists
55689f96a555bccd0dc2d1786f2b833f,385,1,54.9,2,2,3,223,Need Attention
556ef155029a0a2acc715e187be1fea9,80,1,0.0,5,2,1,521,Potential Loyalists
557cd07fbd892abdb1dc537a91ac9f00,133,1,99.0,4,2,4,424,Potential Loyalists
558b201e6ece802d5e0bd32fbcab8939,143,1,110.0,4,2,4,424,Potential Loyalists
558e8c5c045f205b5b9ca29ec2d281b3,434,1,113.0,1,2,4,124,Need Attention
559df1e714566692202143c82bf531ca,174,1,49.9,4,2,3,423,Potential Loyalists
55a269f324455e78349e7b9b7e7e5911,300,1,99.0,2,2,4,224,Need Attention
55a2d38a48216287f07c360037b1955b,214,1,0.0,3,2,1,321,Need Attention
55a36ff7f14abc01688647c613b35836,290,1,193.9,3,2,5,325,Need Attention
55ada0c8e02119e570b002a700dac03f,64,1,157.9,5,2,5,525,Potential Loyalists
55bbbcb4a9186186167ee9043b98510c,233,1,29.99,3,2,2,322,Need Attention
55c00c8a161d2e6d7d731dd87341ad2f,44,1,14.9,5,2,2,522,Potential Loyalists
55c245566b3f3cb323a29a72ae81bf94,227,1,145.0,3,2,4,324,Need Attention
55c5a2d985619aa0a36d724e52468dfc,502,1,0.0,1,2,1,121,Lost Customers
55d10eb61f7442e863d193a834f5900e,417,1,39.9,1,2,2,122,Lost Customers
55dfea89540867cbe96091b82db0cb06,351,1,58.0,2,2,3,223,Need Attention
55e3628de0f0fc02c8cd3eb79de3b739,238,1,475.6,3,2,5,325,Need Attention
55eaa587a28bb35f3e8805fcc6237ad5,151,1,34.9,4,2,2,422,Potential Loyalists
55f3d52c6aaf964de0cc0f595c9a5750,79,1,99.99,5,2,4,524,Potential Loyalists
55f8517e3e572aa06923169cf5d0b011,294,1,81.99,3,2,3,323,Need Attention
55fbb57fd54c35a38c80c2a032a6ca6e,290,1,0.0,3,2,1,321,Need Attention
55fbb64f60861980e74c4f136f304297,47,1,15.0,5,2,2,522,Potential Loyalists
56139a11fd758105e9df4db3a0fed099,51,1,0.0,5,2,1,521,Potential Loyalists
5616f75d22507069b5383854a1d8c414,255,1,199.9,3,2,5,325,Need Attention
561a0a309b05a99917702086e451acce,96,1,66.99,5,2,3,523,Potential Loyalists
561a5e784539f3452c077fbfcf54a1e5,51,1,59.9,5,2,3,523,Potential Loyalists
561cfc00b430b16ff8e8d36429d709e7,503,1,99.9,1,2,4,124,Need Attention
5620adf20d8c13e06bf36779bbc70c7b,256,1,180.0,3,2,5,325,Need Attention
562b3bca5a8903b7451462b6e7aa6082,39,1,34.9,5,2,2,522,Potential Loyalists
562dc4d7d8e2434726725aeca74da6e6,240,1,0.0,3,2,1,321,Need Attention
563bf685b8426233585285851fa03881,560,1,792.0,1,2,5,125,Need Attention
563d45998b9493266d53b268f4539c8f,288,1,200.99,3,2,5,325,Need Attention
564ab8ca31faaf89e0ce856cfd7472a6,507,1,51.9,1,2,3,123,Need Attention
564bc02acd888f7617b0d7c737d35aee,367,1,97.9,2,2,4,224,Need Attention
56509f7bc43892a0da09ee14f50a6f84,247,1,199.0,3,2,5,325,Need Attention
56546b71f8bf254f860014fae431af6d,219,1,116.99,3,2,4,324,Need Attention
5654780522c8bd0731cc276d2e7185d9,231,1,52.0,3,2,3,323,Need Attention
565fb68ac5d1fdf1721f544362f46c35,180,1,30.0,4,2,2,422,Potential Loyalists
5663350f41f9077e7c27f2ab1131bd13,66,1,66.99,5,2,3,523,Potential Loyalists
566f5414c232319e9941d53b560f9f73,280,1,0.0,3,2,1,321,Need Attention
56741af99968c78688e558b5551c68ec,50,1,72.0,5,2,3,523,Potential Loyalists
5674ba4c78cc9a00b85be9af1f954e3b,274,1,59.0,3,2,3,323,Need Attention
567cce4e47a422c4e6e2021a46c979e7,260,1,124.9,3,2,4,324,Need Attention
568875011286e624d148e315c2edf387,487,1,36.9,1,2,2,122,Lost Customers
5691b0e6c602efe860beab0017c4d12b,301,1,139.99,2,2,4,224,Need Attention
569afd870e3085df248dd2a9ed77621a,128,1,99.9,4,2,4,424,Potential Loyalists
569f382854736533e0f4ec490fb5154d,491,1,39.9,1,2,2,122,Lost Customers
56b088f218c6c02cd6e86bb9814271cb,387,1,85.9,2,2,3,223,Need Attention
56c355e615aa216a8c404c4f3d22383c,121,1,15.0,4,2,2,422,Potential Loyalists
56ddec1a91f89120aad2a3d0c4fa9d58,388,1,0.0,2,2,1,221,Lost Customers
56e310e19484c9c9eea920d87d6d8181,289,1,589.0,3,2,5,325,Need Attention
56e3a984ef5040797608df8afcba3d75,231,1,27.99,3,2,2,322,Need Attention
56e674dd2fe123d7ddd38e34b53163ac,62,1,49.99,5,2,3,523,Potential Loyalists
57056d7fcf92fd1154d9926b343f3806,353,1,246.62,2,2,5,225,Need Attention
5709900c6ded8af6dfb28b043943368d,279,1,56.99,3,2,3,323,Need Attention
5710203a16b48df3013f69a8f9d6c1e0,55,1,0.0,5,2,1,521,Potential Loyalists
571fa8594059e717187533599bd0c1c4,195,1,24.95,4,2,2,422,Potential Loyalists
5722e0ac013a86507a09e7b8d4b1d668,476,1,39.9,1,2,2,122,Lost Customers
5729c597c0f53d54a91b45f64461a958,249,1,25.0,3,2,2,322,Need Attention
572e9e13a44a5e4ac5c42e74b324244f,465,1,73.9,1,2,3,123,Need Attention
5742406e72eceee07be827bd07fe28de,297,1,499.0,2,2,5,225,Need Attention
574241537a24a10ba4219b4a7c308b4e,47,1,123.51,5,2,4,524,Potential Loyalists
5744cb545c3e8137a49e4078190dcb2c,45,1,0.0,5,2,1,521,Potential Loyalists
5745d934dfb11a294fce3d48d18851d1,440,1,52.11,1,2,3,123,Need Attention
574f64be1db70c360fbf347751d344aa,291,1,0.0,3,2,1,321,Need Attention
5759e41ba42319bf0af03ea488526df8,306,1,0.0,2,2,1,221,Lost Customers
575e8735ac3203bfb92c7d52919faf70,52,1,0.0,5,2,1,521,Potential Loyalists
575fa0cb05146c256ec1c9d348ec0305,407,1,0.0,2,2,1,221,Lost Customers
57676a65c7de0eef9c74222d306f8fdb,486,1,0.0,1,2,1,121,Lost Customers
57687546c853c106a30036e7c483dc7d,318,1,49.9,2,2,3,223,Need Attention
576ea0cab426cd8a00fad9a9c90a4494,109,1,130.4,5,2,4,524,Potential Loyalists
577782f64db1967ca343d0515ba9b1d7,194,1,49.0,4,2,3,423,Potential Loyalists
57779657370185613aa69cf2dfd6553a,299,1,139.0,2,2,4,224,Need Attention
577a55f3f16b2ac437efb677258f317c,474,1,0.0,1,2,1,121,Lost Customers
577b248d5f425930ca27a980977bbdcf,495,1,89.9,1,2,4,124,Need Attention
577f115bcda2b2d4448620beaa01f8bc,190,1,104.0,4,2,4,424,Potential Loyalists
578035514ad8238fa724f24b4aabc1df,425,1,20.0,1,2,2,122,Lost Customers
578a719055f199cc37fc781c943a51dd,147,1,52.98,4,2,3,423,Potential Loyalists
5790eb0a154162bb308fa4e642c20585,123,1,277.8,4,2,5,425,Potential Loyalists
57a00f215e83a19190f6a5dded389806,596,1,94.99,1,2,4,124,Need Attention
57ab82e6903e4b2b6dfb2664186a7997,420,1,0.0,1,2,1,121,Lost Customers
57aee1a8b40587831ca79a06bf0df5f7,228,1,28.0,3,2,2,322,Need Attention
57b0b8c2c522feda58822ffc4f680375,555,1,259.8,1,2,5,125,Need Attention
57b1099bb38ee91578d2f1c3ee154082,125,1,0.0,4,2,1,421,Potential Loyalists
57bb2889dd7a0bc0cc733019ec8dcf41,416,1,129.99,1,2,4,124,Need Attention
57c3cb7f6511f6f53b8f4180531406ca,231,1,120.0,3,2,4,324,Need Attention
57d10094c3601410c6c52853ae525498,396,1,119.0,2,2,4,224,Need Attention
57e2b4ad2d77ceb7034ddaf45564600d,197,1,0.0,4,2,1,421,Potential Loyalists
57f06135a2656bfab535243f705fc8f6,56,1,35.0,5,2,2,522,Potential Loyalists
57f66dc16e5edbe9417e1e21c783b5a9,44,1,69.0,5,2,3,523,Potential Loyalists
57fa50f976b8be14eddbbbe51dcc5cef,230,1,25.9,3,2,2,322,Need Attention
57fa681a2a71d179145d8029343f8d29,360,1,69.0,2,2,3,223,Need Attention
58042c9e927cb9148140e40a7f431dd4,65,1,95.0,5,2,4,524,Potential Loyalists
5805f02470aa5a345996c6cf1eae5be1,391,1,599.0,2,2,5,225,Need Attention
580c099f915e21cb689d394438b087af,205,1,69.9,3,2,3,323,Need Attention
580ede5a44a53752cbfe26f593e4136a,141,1,119.99,4,2,4,424,Potential Loyalists
581641ee64988e2cb6569a5370073038,35,1,91.9,5,2,4,524,Potential Loyalists
5818716896e61882c80b6044380c0795,163,1,19.9,4,2,2,422,Potential Loyalists
581c85ba0bfacbdb3f21e5ac6fd2187a,319,1,24.9,2,2,2,222,Lost Customers
582413ee5c9cf48218666c6fd967a221,284,1,0.0,3,2,1,321,Need Attention
5824772f55a94d6c06cbd5df136f5ba4,140,1,220.64,4,2,5,425,Potential Loyalists
583973d1d74829deaaff6709f318737f,62,1,29.0,5,2,2,522,Potential Loyalists
583fb3ee33cf172db8eedc575ad88d0a,334,1,0.0,2,2,1,221,Lost Customers
5840f5f059bef65fc6f3bf1f4eb48e98,302,1,91.8,2,2,4,224,Need Attention
584bb2bc20695e10db1ddc15d027b8b4,333,1,119.99,2,2,4,224,Need Attention
58669aa114ba65257f8f5b8e1a32bcce,501,1,19.99,1,2,2,122,Lost Customers
58704dbb44acbec0448a215ac2871320,352,1,58.99,2,2,3,223,Need Attention
587e8e16ce36e70fcf8aff3270177a29,400,1,110.0,2,2,4,224,Need Attention
5882d9af214f8e2acb3e74b94a109c62,301,1,32.99,2,2,2,222,Lost Customers
588984092dc5db011cbe005e4b136ac9,326,1,0.0,2,2,1,221,Lost Customers
5895fc39fdbecc7f650ad561eb1f877d,166,1,79.0,4,2,3,423,Potential Loyalists
5898ff704517d3dcae16ca666b5f225a,496,1,79.9,1,2,3,123,Need Attention
589e8441e1957f2c027af0f7b11a2da3,141,1,159.9,4,2,5,425,Potential Loyalists
589ee29a3decf9bd5cd8492da02efb2e,538,1,109.7,1,2,4,124,Need Attention
58aa424ba24df5dc745e1a3941abc5a3,616,2,69.9,1,5,3,153,At Risk
58b54a7b92d168cb5b3edfd435aac721,340,1,325.0,2,2,5,225,Need Attention
58c5b67c61ad021f18d92170dea1d75c,100,1,122.9,5,2,4,524,Potential Loyalists
58d10d80f3f3dc2d549e0c1f9c63b2c2,131,1,230.0,4,2,5,425,Potential Loyalists
58d711f2c39c1043d41d4594e0b5eaf5,94,1,122.99,5,2,4,524,Potential Loyalists
58e6013f75c8d79f4138ae9af0861079,221,1,507.0,3,2,5,325,Need Attention
58ebb0cdff831dccd8b4009111506f80,382,1,379.98,2,2,5,225,Need Attention
58f20748b5ef303f21ad24e74b8eaa42,234,1,258.0,3,2,5,325,Need Attention
58f58e001ee9414b521c2dc29632f0de,308,1,79.99,2,2,3,223,Need Attention
58fba8b579123690f22f1e0a8cbb8152,193,1,19.9,4,2,2,422,Potential Loyalists
591373b45f940c1da643522fa4300753,299,1,19.99,2,2,2,222,Lost Customers
59140aa3bcfa73f0763d85370926b4fa,218,1,80.98,3,2,3,323,Need Attention
59151e2a23ba2273271860147a7ab68d,230,1,53.99,3,2,3,323,Need Attention
591caa52421a11f48900563773d0a188,83,1,109.99,5,2,4,524,Potential Loyalists
59213e6a25258039405a711ff8dac4f1,300,1,59.99,2,2,3,223,Need Attention
5925dfa8cd87ab4d852383f7039c8bc2,176,1,115.0,4,2,4,424,Potential Loyalists
592fb34649aad7444bd5d804020af7eb,201,1,149.0,4,2,4,424,Potential Loyalists
5936fabf5dfeaa6c31d9f649b5794e2c,54,1,106.9,5,2,4,524,Potential Loyalists
593744560cc76cf8dd5b6bac6fdb0cd5,454,1,0.0,1,2,1,121,Lost Customers
593cb774409e5239a1946d1c88e0813d,443,1,36.0,1,2,2,122,Lost Customers
5945e5712b7d951088ce6d5e13d972e7,297,1,62.9,2,2,3,223,Need Attention
595e38fad1949e25468ad1c7c06924d0,131,1,563.0,4,2,5,425,Potential Loyalists
5962b3d00e5c411c4939c732442af00b,305,1,454.0,2,2,5,225,Need Attention
59654be810cae5761b11ae6b37ba187b,461,1,80.0,1,2,3,123,Need Attention
596ed6d7a35890b3fbac54ec01f69685,402,1,0.0,2,2,1,221,Lost Customers
596ef1de0dbc8272ca72cfca3b3d871e,40,1,439.9,5,2,5,525,Potential Loyalists
597684fc02296fb0a8980e31965ee6c9,580,1,279.98,1,2,5,125,Need Attention
5977d1e8a56fbc27e8675758c2ef7b81,387,1,25.99,2,2,2,222,Lost Customers
598303f52e054ede6c3b5d53ba72ff65,204,1,109.8,3,2,4,324,Need Attention
5992a50227b3fba205b0dc1dab14bafb,427,1,56.99,1,2,3,123,Need Attention
5994b30cf00d1fa01b52e85a243cd175,260,1,194.9,3,2,5,325,Need Attention
599fc5c00b25842c502cd08f08791a1b,169,1,0.0,4,2,1,421,Potential Loyalists
59bb10015afb7afabc67252dbbf21985,38,1,24.9,5,2,2,522,Potential Loyalists
59bf40d8d661b01628706ada5ca977a8,95,1,89.99,5,2,4,524,Potential Loyalists
59c8a5cd77084bf4691e712de2d68213,172,1,129.0,4,2,4,424,Potential Loyalists
59d8d1ea35c02a6a070ee29944b0ea86,191,1,0.0,4,2,1,421,Potential Loyalists
59db2660a96eaad61dc5d9787ba6886c,554,1,69.9,1,2,3,123,Need Attention
59e6140afedcf24d3286af92b57489f8,252,1,399.8,3,2,5,325,Need Attention
59e8fb2230cc55227b2a21c05975bb5b,129,1,0.0,4,2,1,421,Potential Loyalists
59f3535d39595a173769b7dc1b0e9b30,346,1,0.0,2,2,1,221,Lost Customers
59f72bd03edfc6d071ee1091ea4dbaa6,547,1,68.9,1,2,3,123,Need Attention
59fb2024ddd74c34d16e3d51ed2960a1,283,1,49.0,3,2,3,323,Need Attention
5a014dabe8de0cc29621e8c8d5ebfd8e,385,1,174.9,2,2,5,225,Need Attention
5a063c05a1aa4b43a9682184e6ab50c8,154,1,99.9,4,2,4,424,Potential Loyalists
5a08097006a04f95acc3c2501d0df29b,248,1,19.9,3,2,2,322,Need Attention
5a0ff93cfaa09dab931deb90247502b5,38,1,110.65,5,2,4,524,Potential Loyalists
5a1f6104fa0a124fe00c9bd42048b0c8,386,1,39.49,2,2,2,222,Lost Customers
5a21363c92f912e70cb482c96bc03af3,470,1,48.65,1,2,2,122,Lost Customers
5a2cb558cd7a1f5ff0a0c9014a8022e4,86,1,119.4,5,2,4,524,Potential Loyalists
5a343a06c98ea19d963edfc4a0126e76,261,1,68.99,3,2,3,323,Need Attention
5a3e3213dd31e76b3b23abde809387a1,389,1,89.9,2,2,4,224,Need Attention
5a44e130874459fac090d9bfec3aa079,549,1,186.15,1,2,5,125,Need Attention
5a49397fc3ccea61283f726e9b1b813e,157,1,429.0,4,2,5,425,Potential Loyalists
5a494c648fde2d1ec4eb614274ea7159,196,1,225.0,4,2,5,425,Potential Loyalists
5a4ac8dc137c5010a2845fc89f2ccd67,127,1,55.0,4,2,3,423,Potential Loyalists
5a4d11d56c3c62e630300b2e98a4c195,537,1,175.3,1,2,5,125,Need Attention
5a4fa1e501791e36c757683e9fd20c1b,51,1,299.0,5,2,5,525,Potential Loyalists
5a5d23db7ec2b28b8735f7319d528dbe,276,1,120.0,3,2,4,324,Need Attention
5a6d092525ea183026c9b405b903fe0c,172,1,1099.0,4,2,5,425,Potential Loyalists
5a99dae4c9606abe29dc96573cdf9356,234,1,39.99,3,2,2,322,Need Attention
5a9bf6fa586d27d07f32cdc28e95227e,309,1,67.99,2,2,3,223,Need Attention
5aa053b724a30bb7f32ba18267be3f5a,79,1,97.5,5,2,4,524,Potential Loyalists
5ab63a2b407c27ca68d825930de62ae4,246,1,127.0,3,2,4,324,Need Attention
5abb229ffc19bcdf38b5a988fd6886fd,393,1,69.9,2,2,3,223,Need Attention
5acfe875aea7ae054fa88c103e42141d,206,1,0.0,3,2,1,321,Need Attention
5ad755f2bc4d98be17d9f42b3c1f0c4b,161,1,0.0,4,2,1,421,Potential Loyalists
5ad96d7a95788923e8ff455366a90015,460,1,528.0,1,2,5,125,Need Attention
5ad9aa3b3a3f21a4c5ab9e3a8b09642f,562,1,809.1,1,2,5,125,Need Attention
5adbbdc3ad3fdea440538bb612c3bf3d,345,1,169.0,2,2,5,225,Need Attention
5adcde68f0d0cfd95225aea102dd0167,448,1,39.9,1,2,2,122,Lost Customers
5ae08af8f3515283b1828222edcb9aea,58,1,36.5,5,2,2,522,Potential Loyalists
5aea5fc896e4a5d9c6b62ee0d4865995,309,1,73.35,2,2,3,223,Need Attention
5aee9c41242adc68d09a0bab4aecd7ff,233,1,29.9,3,2,2,322,Need Attention
5af9e3c7acac75b674e2a7510bf32f69,201,1,35.0,4,2,2,422,Potential Loyalists
5afd3be8c186cc3c4bd4886d3d402473,145,1,60.0,4,2,3,423,Potential Loyalists
5afde1c9bba8add22daf7930d6c8fd83,39,1,199.9,5,2,5,525,Potential Loyalists
5b1be9ec4d6e0f2e3eb073aa560344f5,197,1,53.49,4,2,3,423,Potential Loyalists
5b1beee2c7f97012bd089e13416ee57c,70,1,109.9,5,2,4,524,Potential Loyalists
5b26618da34612cc4947bbf6ef4fb67c,216,1,129.0,3,2,4,324,Need Attention
5b2b5a6d6670652447fde264bcaf4c89,374,1,229.0,2,2,5,225,Need Attention
5b2f88631e76ec357578704f3a123737,330,1,37.25,2,2,2,222,Lost Customers
5b3186d7cf904f2f9369aec26faba4d2,365,1,159.9,2,2,5,225,Need Attention
5b3701e58aad8913eee15daaf03c0a9b,419,1,54.06,1,2,3,123,Need Attention
5b393d31d0c95acec0bc78472596d668,328,1,139.0,2,2,4,224,Need Attention
5b40b6d003822b8ff229a910784fe4e5,199,1,49.0,4,2,3,423,Potential Loyalists
5b47ada4d688a13c2cdc4639e332c272,281,1,169.99,3,2,5,325,Need Attention
5b4b4c95a263788f6b0c147c0bc93ad3,196,1,199.0,4,2,5,425,Potential Loyalists
5b586399e94f316df6602acbe6d80f70,31,1,59.0,5,2,3,523,Potential Loyalists
5b63d45738df64a3e43d075a2a97de66,252,1,39.9,3,2,2,322,Need Attention
5b93d204e1d3130dd6ede5da588c0bcb,215,1,92.0,3,2,4,324,Need Attention
5b9a423471efacaa2b6d3ff74db0a572,137,1,44.9,4,2,2,422,Potential Loyalists
5ba20615a231459a4120721fec77e635,181,1,0.0,4,2,1,421,Potential Loyalists
5bae40c0db261997972f0fe5ff3fd680,205,1,42.79,3,2,2,322,Need Attention
5bb9ad6df9af9994190955a8b9b5b7c1,73,1,0.0,5,2,1,521,Potential Loyalists
5bbc03d010ac4dbcfdfa2018349c8f6e,134,1,199.0,4,2,5,425,Potential Loyalists
5bc01c59a5e53b65fe0cef8f493dbde6,142,1,99.9,4,2,4,424,Potential Loyalists
5bc4d654dc4eb95cbd977eafadb38383,252,1,0.0,3,2,1,321,Need Attention
5bc7fc55deb1fc531ebc689a23b5c380,244,1,0.0,3,2,1,321,Need Attention
5bca215da9b5206f88f2be0051d57d6e,226,1,22.0,3,2,2,322,Need Attention
5bd6c03585f70d7c822c736ccaa053ad,559,1,123.9,1,2,4,124,Need Attention
5bdb6f56a8fb4272b802f504bb6d1287,227,1,263.92,3,2,5,325,Need Attention
5bf05b782061b0bd881a17616f9833ac,104,1,106.0,5,2,4,524,Potential Loyalists
5bf4ea2d98005b960eea0dbf652ef4e7,129,1,120.0,4,2,4,424,Potential Loyalists
5bf9347f1623a50060ce723051f47f0d,261,1,34.99,3,2,2,322,Need Attention
5c00e849b56a56ea31560d5d66f933e9,40,1,0.0,5,2,1,521,Potential Loyalists
5c0916024bf8ac6780aa07dce317aaf6,278,1,885.0,3,2,5,325,Need Attention
5c172742a150b58f4407bc5f87adaa00,547,1,279.99,1,2,5,125,Need Attention
5c21e267437019f708f605b521949aba,302,1,0.0,2,2,1,221,Lost Customers
5c258f7c0ff4f829eec200d6b9ed6994,382,1,299.9,2,2,5,225,Need Attention
5c3381a3f2f32b5085807b0807169501,483,1,69.9,1,2,3,123,Need Attention
5c338a1f817634937de82b48141a62a3,411,1,104.9,1,2,4,124,Need Attention
5c3914b94ee76459cbcc768f1bd2dd0a,56,1,499.9,5,2,5,525,Potential Loyalists
5c418501b87e13cd0dfdb50fe6f1d96d,354,1,0.0,2,2,1,221,Lost Customers
5c41a21d4f964c189c2ad704dd18d11f,200,1,174.56,4,2,5,425,Potential Loyalists
5c47a11698cdcede9a8b2335e5a71d9f,245,1,0.0,3,2,1,321,Need Attention
5c54682e89c9fbd2d29d2efde2601b88,391,1,172.33,2,2,5,225,Need Attention
5c585e7a98e329454ba75d494a0019be,332,1,64.99,2,2,3,223,Need Attention
5c5f8f357189e6a106da7aa882815a5a,123,1,45.9,4,2,2,422,Potential Loyalists
5c74db72c1cdc37dc37c27542ec62542,433,1,12.5,1,2,2,122,Lost Customers
5c76d8bdec8e69f3bf4bcc379e72a865,102,1,0.0,5,2,1,521,Potential Loyalists
5c8a8ede9e5ca9d3276b26d56e7de37d,297,1,159.9,2,2,5,225,Need Attention
5c8b41ba21631ca0432de4a10a56fcf1,550,1,116.0,1,2,4,124,Need Attention
5c91001431c31b0b355a154d4f498177,397,1,75.0,2,2,3,223,Need Attention
5c9ce64e6f59daa383b4b3cf25d393d3,176,1,179.49,4,2,5,425,Potential Loyalists
5c9f880e50f2b098a6e4fb396205b27e,543,1,48.9,1,2,2,122,Lost Customers
5c9f8b7abc2b49d75a2f6711deada9a1,35,1,104.0,5,2,4,524,Potential Loyalists
5cac520e0d32fbde17b1eec2eed08f37,50,1,22.35,5,2,2,522,Potential Loyalists
5cbb48126229b0f4f6f000dd00c8b698,213,1,99.9,3,2,4,324,Need Attention
5cbf29b2dcf212a6a5d864b887238c72,373,1,110.0,2,2,4,224,Need Attention
5cce1bd373a2348ab2b6f52f594ef6d2,583,1,0.0,1,2,1,121,Lost Customers
5cdc02ef57bf0f8500c2876200c620ec,91,1,130.0,5,2,4,524,Potential Loyalists
5cdd235f266a268a095324c53c446396,300,1,119.9,2,2,4,224,Need Attention
5cedf45c32b109d617232373027a8959,228,1,139.91,3,2,4,324,Need Attention
5cf21d69d40b50119524be327a12ed7b,242,1,0.0,3,2,1,321,Need Attention
5cf4e0deb70db6783df2d23d7db1f9b1,186,1,119.0,4,2,4,424,Potential Loyalists
5d0a025a2f2bd75a48de87b18228e67a,328,1,280.0,2,2,5,225,Need Attention
5d0f9e059b388d11c92560a0031b97d2,309,1,217.8,2,2,5,225,Need Attention
5d2da9cc2b6e9a3091833386fccad629,381,1,109.9,2,2,4,224,Need Attention
5d3e6a61592164c2924ccec5c7f56058,149,1,274.9,4,2,5,425,Potential Loyalists
5d4860175560b328f70a058bf6fa2278,289,1,37.9,3,2,2,322,Need Attention
5d5829e2a0b08bcad7b3606381d7c11f,308,1,184.0,2,2,5,225,Need Attention
5d6ebee8a8bd2d5012d04e7be94ea5e6,79,1,34.9,5,2,2,522,Potential Loyalists
5d710d9a48ebb7fe5ffc2940ff29f346,223,1,24.89,3,2,2,322,Need Attention
5d7daaea6e48222c993bb5eef18290ad,349,1,95.0,2,2,4,224,Need Attention
5d81094365fbd7cb0e548f4508fa5e62,194,1,149.9,4,2,4,424,Potential Loyalists
5d8419d97b21bdb94050d0aa55b3c353,539,1,67.12,1,2,3,123,Need Attention
5d86e4c7d9e944ebaab065f2588f45f9,434,1,258.9,1,2,5,125,Need Attention
5d88bd88c9579a989ddc851c82b0e5bd,96,1,22.5,5,2,2,522,Potential Loyalists
5d8d6b43f3f42bcc94e23a6729ce16c3,99,1,79.99,5,2,3,523,Potential Loyalists
5d9a8a6c059280f7d8dab99e2d025a28,266,1,157.77,3,2,5,325,Need Attention
5db263994edb3b2ca1efe7474793bf82,489,1,11.9,1,2,2,122,Lost Customers
5db7217aca46713f098e62c6e33990ca,158,1,78.9,4,2,3,423,Potential Loyalists
5dbaf31e6f3ccef2df173b8d09a07128,376,1,0.0,2,2,1,221,Lost Customers
5dc033c91ee12d58f65c917e0ed03c2d,50,1,27.9,5,2,2,522,Potential Loyalists
5dc488f00696a2fdabced8f20be5b8a7,470,1,269.0,1,2,5,125,Need Attention
5dc6b780f9e22a6716b82eee8fe43155,506,1,0.0,1,2,1,121,Lost Customers
5dcae475de267e3304949b772a368008,225,1,0.0,3,2,1,321,Need Attention
5dcc06236098340b984e6865ba850593,541,1,17.5,1,2,2,122,Lost Customers
5dda09ed137461608be539348c1dac39,222,1,67.9,3,2,3,323,Need Attention
5ddb4fdd9cef2450d17ae20639815885,540,1,0.0,1,2,1,121,Lost Customers
5df1ac0435f455a487ee63a856552e1b,548,1,0.0,1,2,1,121,Lost Customers
5df8710e0e69a1b21ec96bca50cc6c64,428,1,65.7,1,2,3,123,Need Attention
5df965670962764c4bb2dbd1ef8019a3,290,1,0.0,3,2,1,321,Need Attention
5e065c2ae315b9c4549a30b40277d6ad,42,1,61.9,5,2,3,523,Potential Loyalists
5e24610c5a55f0b6ffdaf9e846d02362,400,1,92.9,2,2,4,224,Need Attention
5e380d3468af33b77e184046b8061a2c,253,1,64.8,3,2,3,323,Need Attention
5e55dde40568204a0b11cb09f2c38c54,30,1,53.49,5,2,3,523,Potential Loyalists
5e595be768fd3dc726cfb9022af58bb3,65,1,115.0,5,2,4,524,Potential Loyalists
5e631f0a317ae2d8919e83a94b0b51f8,80,1,89.9,5,2,4,524,Potential Loyalists
5e702aef56ab73d6c6e7b870277edec9,151,1,120.0,4,2,4,424,Potential Loyalists
5e76cb6542fa7e072916af1effd97f36,407,1,56.99,2,2,3,223,Need Attention
5e7dfa825bd9fa4cd265e64f9cc42de9,433,1,32.9,1,2,2,122,Lost Customers
5e809f39163aadeda694b51606b02d49,226,1,99.99,3,2,4,324,Need Attention
5e84fa91d1c2807746b36bdb389c7087,289,1,13.65,3,2,2,322,Need Attention
5e8a37a9db66531212450e6bd9a3c9ad,133,1,0.0,4,2,1,421,Potential Loyalists
5e8daf8c56e7ea57b7b508ea39d345c6,89,1,75.96,5,2,3,523,Potential Loyalists
5e965d35ef2083367ff713df75fa6f16,204,1,0.0,3,2,1,321,Need Attention
5ea8ee291160002ea22b11f2c54a6c00,373,1,69.9,2,2,3,223,Need Attention
5eb26be6d23fe97220a9333113b0e45a,356,1,18.5,2,2,2,222,Lost Customers
5eb351044bd6b55c52e33510a8529bc3,34,1,42.89,5,2,2,522,Potential Loyalists
5ebb4b34c5aeed7ddda4fefe8e38f64a,29,1,95.38,5,2,4,524,Potential Loyalists
5ec2088063a452edc9e72375fccec9f8,128,1,92.0,4,2,4,424,Potential Loyalists
5ec6ec6338fe161e42b765f5ded9d69c,435,1,150.0,1,2,5,125,Need Attention
5ed53f77ca69273ec06bcf3967a270db,274,1,29.9,3,2,2,322,Need Attention
5ee57c2c09a8207dd889ca527f27bc39,378,1,69.9,2,2,3,223,Need Attention
5eead08822311ebb88f08f7ae564bee3,288,1,39.49,3,2,2,322,Need Attention
5eeb4fb67e6d3276ba73e4cf2f584fa6,242,1,59.0,3,2,3,323,Need Attention
5ef3e5d1f29c98aeda2d09225be21d8f,180,1,0.0,4,2,1,421,Potential Loyalists
5ef5ee5db0d3088844b10293c5535a95,136,1,51.81,4,2,3,423,Potential Loyalists
5efcc46e1fee22373a28eb2b0f26a6fc,493,1,89.9,1,2,4,124,Need Attention
5efe3bb2ff056a6a0f2370818502daed,340,1,278.0,2,2,5,225,Need Attention
5efea094993d7cad5dcf720125dbf199,77,1,44.9,5,2,2,522,Potential Loyalists
5f03b965e26e79a371d229cfeeb578d7,458,1,39.9,1,2,2,122,Lost Customers
5f204b6a83d8d323d4c2935f71cbbbbb,87,1,50.49,5,2,3,523,Potential Loyalists
5f241b7659042015a3c45005ef37c0ec,146,1,116.9,4,2,4,424,Potential Loyalists
5f28e0db75ddc9aec85f8c30533b95ba,275,1,89.9,3,2,4,324,Need Attention
5f2a213343d506264f78cb82dd914434,583,1,195.0,1,2,5,125,Need Attention
5f349193a205124186b7433d20ac52e6,45,1,44.0,5,2,2,522,Potential Loyalists
5f38cc36e507c4d880489be38964af19,261,1,168.9,3,2,5,325,Need Attention
5f46ee96a6c1d425dceafdf4bfa695cd,300,1,82.9,2,2,3,223,Need Attention
5f55955ddaecbb08c84de1fabef864f1,209,1,39.9,3,2,2,322,Need Attention
5f57fbe4dbe536ba08c38e0cc55a16b6,452,1,59.8,1,2,3,123,Need Attention
5f5c98eeb7493cc2ba1a27b73207ea6b,364,1,0.0,2,2,1,221,Lost Customers
5f625106b926dd7fe59fc55a87023068,254,1,0.0,3,2,1,321,Need Attention
5f71823073c8df3a02c4eb014f1da6a5,211,1,74.85,3,2,3,323,Need Attention
5f7776426b25da9e5d212c3de7102003,86,1,104.71,5,2,4,524,Potential Loyalists
5f7d7732b351ce851a158528581af05f,112,1,445.0,5,2,5,525,Potential Loyalists
5f804c4f73397c6b7d0643012d788c83,67,1,100.99,5,2,4,524,Potential Loyalists
5f906880e2ce13b655bd34d324a48ea9,208,1,17.0,3,2,2,322,Need Attention
5f94af52aef02c968a2e0f01f430864e,472,1,0.0,1,2,1,121,Lost Customers
5f96ec83805d059fcff96db83a407338,109,1,145.9,5,2,4,524,Potential Loyalists
5f9b7a59c5913f5978c826d4a7e9188d,241,1,144.99,3,2,4,324,Need Attention
5f9d0a2d1cbdc542a46b46a8b3511701,102,1,132.0,5,2,4,524,Potential Loyalists
5fa1f56316f4154109ceb42651385b7c,148,1,129.9,4,2,4,424,Potential Loyalists
5faabfe6772088c4d906b63fa81ac63d,430,1,84.9,1,2,3,123,Need Attention
5fadd0a075fbb60f6a94d6c38e055835,292,1,49.77,3,2,3,323,Need Attention
5fbd0db43d845f806db24e5ef013b81e,41,1,0.0,5,2,1,521,Potential Loyalists
5fbf0be1301bc6bbd95ee93d947a51c6,181,1,99.98,4,2,4,424,Potential Loyalists
5fc3d50ea403c13924c8abd94c29e343,411,1,49.5,1,2,3,123,Need Attention
5fd0cae43a6002e194fe471367ee22d2,240,1,79.8,3,2,3,323,Need Attention
5fe52c2b0468fc25bba30f41035c4540,151,1,20.9,4,2,2,422,Potential Loyalists
5ff547788ef8da9f06fa13da14db9509,268,1,71.8,3,2,3,323,Need Attention
5ff5ee62ebd03a9ade4bb576f7f1e483,45,1,49.49,5,2,3,523,Potential Loyalists
5ffc432db902fa134ebdb7ddebf29613,240,1,598.0,3,2,5,325,Need Attention
601d7421c2ded8c1caffb014b9f19d79,188,1,79.99,4,2,3,423,Potential Loyalists
602517e0d22bad1e86ec4cc2fa58a147,308,1,169.9,2,2,5,225,Need Attention
603101e05adcd4cc4ade66118784ddae,101,1,79.9,5,2,3,523,Potential Loyalists
60389b9628af3e1ed0b3d14226b77994,182,1,46.9,4,2,2,422,Potential Loyalists
603cefd1ec4a18c001bab386bdae59f2,218,1,389.0,3,2,5,325,Need Attention
60544712d0f5fb43afd06bcd0e7463e0,337,1,105.49,2,2,4,224,Need Attention
605ae81a185108a9c8192bae163c27db,240,1,19.9,3,2,2,322,Need Attention
60676486b9681a6de27cc34fbfbc057c,34,1,64.9,5,2,3,523,Potential Loyalists
60766ca7cf3e2ac5cc1c481f4f393e06,564,1,19.99,1,2,2,122,Lost Customers
607bf4f7777e71000af8f7f5e8af7e15,377,1,37.5,2,2,2,222,Lost Customers
607eabaa3707bbcbb4313d9d3c81d385,212,1,224.9,3,2,5,325,Need Attention
607f4c2924c362edbfbb34ef76a02342,185,1,35.9,4,2,2,422,Potential Loyalists
608573e503c6ac065f5910426e6cac4e,259,1,0.0,3,2,1,321,Need Attention
6087cfc70fd833cf2db637a5e6e9d76b,268,1,27.99,3,2,2,322,Need Attention
608b221bbdb07cb279018c0dd04cc730,144,1,1499.0,4,2,5,425,Potential Loyalists
609854a129474911451a1f000a125c3b,356,1,59.9,2,2,3,223,Need Attention
609adc68db390a15fd21648c496f50b7,557,1,69.9,1,2,3,123,Need Attention
60a22f2188cd2b544c45f103d0e00539,371,1,0.0,2,2,1,221,Lost Customers
60a31fb224a2ade6a4a2508fb0305991,553,1,520.9,1,2,5,125,Need Attention
60a5eebffa1776fc17cf943de2bc847f,604,1,30.97,1,2,2,122,Lost Customers
60af18e2b219938a9c9755aa018cd46c,172,1,79.0,4,2,3,423,Potential Loyalists
60b1b4c715a06c7120279bc8da388fd2,528,1,18.16,1,2,2,122,Lost Customers
60c9aac573e07a0ac0a9678f43ac25e1,227,1,39.9,3,2,2,322,Need Attention
60ce02275c8e46f41110d2df7a69f5ec,210,1,64.5,3,2,3,323,Need Attention
60cf7bedff25cf587405fb4eceab96cd,602,1,89.99,1,2,4,124,Need Attention
60d08ee77b56c753e9931670118dd31a,386,1,152.22,2,2,5,225,Need Attention
60e25dc38171becdb0abd13aac4ece3f,491,1,665.56,1,2,5,125,Need Attention
60e2c1c1b1d94d1a3f157741545ffc39,51,1,16.29,5,2,2,522,Potential Loyalists
60e6fe581610db699ac03fec61f4d53f,602,1,65.0,1,2,3,123,Need Attention
60f110c12a7c0911864c610df9994cf8,398,1,45.9,2,2,2,222,Lost Customers
60fc4b9636e847212b8c69cc13f4da82,214,1,149.0,3,2,4,324,Need Attention
611009570f605781020550bff8c0d7a5,321,1,95.0,2,2,4,224,Need Attention
6110fc2216f14d1efaa683050a262e90,462,1,359.5,1,2,5,125,Need Attention
611110d26326c28456ebe437516be00e,604,1,0.0,1,2,1,121,Lost Customers
61159604e28034ef05a1a8591317e4b6,311,1,154.9,2,2,5,225,Need Attention
61181b9bc9188678b5991d89064dd961,573,1,0.0,1,2,1,121,Lost Customers
61187e65b3917713604f3debd31fc0fb,149,1,599.0,4,2,5,425,Potential Loyalists
6142e278d63f40dd65e24a89cda7f4cd,37,1,0.0,5,2,1,521,Potential Loyalists
61435d982420fb720f85d1bb6047fc6f,143,1,779.0,4,2,5,425,Potential Loyalists
6143af65fa3b3ba78098b7117ef00d23,91,1,0.0,5,2,1,521,Potential Loyalists
6143fffd88e5596d56beab1eb8b1c5ee,237,1,53.0,3,2,3,323,Need Attention
6146f341573c3d49d52cb007c14796e2,50,1,34.9,5,2,2,522,Potential Loyalists
616309b2eeb7bd9c05b0fdfbab28e6c6,93,1,134.9,5,2,4,524,Potential Loyalists
616ec2f13ea3c1ec4582808ab05f3251,542,1,299.0,1,2,5,125,Need Attention
6172bd5b7f52ade8c6c4548b448ff54f,441,1,2999.89,1,2,5,125,Need Attention
617fef83062c1fcccd20798268cb6199,176,1,45.0,4,2,2,422,Potential Loyalists
6189b291a65a3209d34b330f8f0e8373,332,1,298.0,2,2,5,225,Need Attention
618ab23cb329ac11c84bc092ddb4bf09,239,1,179.89000000000001,3,2,5,325,Need Attention
618c92fdec3da9b656706b14ff162913,90,1,539.8199999999999,5,2,5,525,Potential Loyalists
6194f8cda70a2a8a3eb91467b04a6fae,93,1,60.0,5,2,3,523,Potential Loyalists
619971e88ce09faa7047a97feb887755,87,1,114.9,5,2,4,524,Potential Loyalists
61b262310a6e93c6b63efa804ce63a7a,235,1,159.98,3,2,5,325,Need Attention
61b390579bdb1d9ab9562b7b231955dc,320,1,0.0,2,2,1,221,Lost Customers
61ba9300de4f65dacf5282ad4aa3720d,259,1,149.0,3,2,4,324,Need Attention
61bc6c4a059f69ea37ec1fc5abfca27f,195,1,0.0,4,2,1,421,Potential Loyalists
61bf8e4656ece5791021786c756f1894,78,1,189.9,5,2,5,525,Potential Loyalists
61c5df1c0ba751e67109d3a9448ba372,174,1,54.87,4,2,3,423,Potential Loyalists
61c8a92ec51f4814af1ce253ad914269,363,1,158.0,2,2,5,225,Need Attention
61cd1aa2c24f2dde3e451da8d049fd81,85,1,0.0,5,2,1,521,Potential Loyalists
61d35cbf1edc461d853a4401e5212ef7,258,1,139.99,3,2,4,324,Need Attention
61d6e3e6f112347f587c586ae6819af0,564,1,179.8,1,2,5,125,Need Attention
61e65a8282833fe8aa8d7be296a1fabf,227,1,153.0,3,2,5,325,Need Attention
61ed6dbae0e47f36937a930897a9afa7,35,1,66.0,5,2,3,523,Potential Loyalists
61f2b8785cd7055928661d8279a55d6a,223,1,19.99,3,2,2,322,Need Attention
61fa90fbaf8ae2ef37080c2f8acbd0f0,80,1,169.9,5,2,5,525,Potential Loyalists
620123772a3dcba2bd22515fb40e1fb3,287,1,33.5,3,2,2,322,Need Attention
6218d4f685fcea8cbd90f0c481df3143,587,1,30.9,1,2,2,122,Lost Customers
6219e27197bb69d46b4df3fcc2325edf,196,1,14.9,4,2,2,422,Potential Loyalists
62234bde75e95fb025e2499a0a3bbc2d,239,1,14.6,3,2,2,322,Need Attention
62293831202a306fd978b4826dc1d965,361,1,69.9,2,2,3,223,Need Attention
622ab02b1f004f1b9a11fee1634bd1c7,413,1,39.9,1,2,2,122,Lost Customers
622ad62f1ec148052d38f7b1cf3245dd,475,1,24.9,1,2,2,122,Lost Customers
622ef05573ff01a3225ce9222a536435,180,1,166.66,4,2,5,425,Potential Loyalists
62345fb1babc1e9fa7bd617eb3a4fb37,57,1,0.0,5,2,1,521,Potential Loyalists
6243e6aedca8bf97d0e619c5eed532be,195,1,159.0,4,2,5,425,Potential Loyalists
624923d10b950e6ba1e98731d5d157c3,420,1,431.6,1,2,5,125,Need Attention
624ddea0a7efc078dcb7d99117f55769,400,1,32.64,2,2,2,222,Lost Customers
626495d0fb14f39da07290bb8d984ebf,518,1,17.5,1,2,2,122,Lost Customers
6271a931d9d3071a8777ca5be52771a4,200,1,149.9,4,2,4,424,Potential Loyalists
62789dfe332c095569f5ce35d10a3062,63,1,25.89,5,2,2,522,Potential Loyalists
628bdd93abd27fbdd50f4e2e91ec64b3,262,1,0.0,3,2,1,321,Need Attention
629fb99609e4613c746af4eaa455c91a,127,1,18.0,4,2,2,422,Potential Loyalists
62b9dc37369a8f35376fd855473dd86c,298,1,0.0,2,2,1,221,Lost Customers
62bc80a87f8fd6a0ec196436009e0f8b,506,1,129.99,1,2,4,124,Need Attention
62d514474504de66057183274ece334a,226,1,69.0,3,2,3,323,Need Attention
62d824384528b8f24550482f6f1dd751,227,1,0.0,3,2,1,321,Need Attention
62d922b58f60bb14c7836e5c69d4adae,381,1,61.9,2,2,3,223,Need Attention
62dbf95632be2b7c3a8b0ee94abd4cf8,301,1,249.0,2,2,5,225,Need Attention
62e539dbae33b2188f41136488f334fe,308,1,194.0,2,2,5,225,Need Attention
6300bc55fc0edb7f2623cddf51ba7502,253,1,29.9,3,2,2,322,Need Attention
6309068d8234fc190d4bd548afaec32e,281,1,30.9,3,2,2,322,Need Attention
630e7d4236d6daef990ce5cced20ad12,483,1,0.0,1,2,1,121,Lost Customers
6320304c0bed4ea461d256379a65d231,171,1,48.9,4,2,2,422,Potential Loyalists
63386c87125fd15ae6798a09856e9eff,452,1,33.8,1,2,2,122,Lost Customers
633bd93d8ea8d1b21a3c03a466862f35,98,1,127.5,5,2,4,524,Potential Loyalists
633fe14cd1aaed19dce95a5149799220,32,1,43.9,5,2,2,522,Potential Loyalists
634c7fe1285068fb2dd1437f76270037,96,1,34.9,5,2,2,522,Potential Loyalists
634f09f6075fe9032e6c19609ffe995a,329,1,228.0,2,2,5,225,Need Attention
6366dc709d3d45f3fb76d56ded95f9ca,492,1,64.99,1,2,3,123,Need Attention
637083b346bff4660523a74fc4fa8b73,289,1,29.99,3,2,2,322,Need Attention
637c2caca17c2bf9fe41e50a6fcec9ed,223,1,129.99,3,2,4,324,Need Attention
638b18c123d3a826c0df0e677ad76f0e,133,1,64.9,4,2,3,423,Potential Loyalists
638c740ca54108e59dfd571ab7c0b764,563,1,26.99,1,2,2,122,Lost Customers
638f832f159569d2f7a8cef28af69142,188,1,119.9,4,2,4,424,Potential Loyalists
6393febe6679688b51fdca92cc1b4fa4,212,1,122.99,3,2,4,324,Need Attention
639b4096a4e5c96549a9bb495ca4871e,304,1,0.0,2,2,1,221,Lost Customers
639c0608dce3b89a89bb5a9077dfec48,542,1,99.0,1,2,4,124,Need Attention
63ac99abec6ae9397c61293badd8a268,197,1,179.99,4,2,5,425,Potential Loyalists
63b0f8b7cd9f21af858dd7e6094efeec,260,1,119.9,3,2,4,324,Need Attention
63b4253e688c57bdaa18741b3fea5a01,193,1,80.49,4,2,3,423,Potential Loyalists
63df651d5e8adb6a0e4baeb66a0eea37,385,1,34.99,2,2,2,222,Lost Customers
63e7b3101c55297369f3141cf91532be,195,1,0.0,4,2,1,421,Potential Loyalists
63ec63a5ac5958fcbaf5bcee2fb460c6,289,1,92.9,3,2,4,324,Need Attention
63ec7aee579f48f776b3fefa90d0a4d9,413,1,29.6,1,2,2,122,Lost Customers
63fa3dad6bde01314fc7e125df83fd00,462,1,59.9,1,2,3,123,Need Attention
6409bccd4062c7105e9fd94c9a72082c,441,1,0.0,1,2,1,121,Lost Customers
641159b01ed966201b10aeb55df19208,234,1,69.9,3,2,3,323,Need Attention
64200c9fa459662885c44d8a58d8bdbf,407,1,89.99,2,2,4,224,Need Attention
6424423121df7517efd1fa700283c47f,314,1,19.9,2,2,2,222,Lost Customers
643e03b0555c358dbca7dbb4ba64617a,75,1,249.0,5,2,5,525,Potential Loyalists
64421b0701a2c51c0a2e2c8a9a06dc59,84,1,139.9,5,2,4,524,Potential Loyalists
6447bed5e7c9aa59a6c62a5c4a0e1188,36,1,28.8,5,2,2,522,Potential Loyalists
644f6f6d70be05844c4c1979e13b2122,222,1,19.9,3,2,2,322,Need Attention
6457b2cb5462c1217e8e6d36b0ff39d2,306,1,77.2,2,2,3,223,Need Attention
645b0d36848d2c3425707aeeb87cd8b4,313,1,14.9,2,2,2,222,Lost Customers
645d54fc2f9c61166cdac23242542979,331,1,108.9,2,2,4,224,Need Attention
646d643b4ac1184e383341f8896c3dc8,304,1,139.98,2,2,4,224,Need Attention
64727e2399d0c91e33dd71179e449069,83,1,88.9,5,2,3,523,Potential Loyalists
647603966855f7046a23e805ef8f1e4e,165,1,89.9,4,2,4,424,Potential Loyalists
647834fa9bee90050574fb5a00b8f0c1,26,1,79.9,5,2,3,523,Potential Loyalists
64812f554a1e0ae09babcc0ee08715a0,138,1,59.9,4,2,3,423,Potential Loyalists
6491c7db55287e7f4e3ab56919742153,390,1,49.5,2,2,3,223,Need Attention
64970391496ff28e4fd847493f589287,360,1,70.9,2,2,3,223,Need Attention
6497ed50b6c370d8ac59bfc3ddb0775d,60,1,109.0,5,2,4,524,Potential Loyalists
6499986b00d14fa984d68727de0c2a17,207,1,0.0,3,2,1,321,Need Attention
64a61ea4f9986df7a3078f93e75f75de,281,1,0.0,3,2,1,321,Need Attention
64a6440ee0731b29560508a3dfa71f9a,170,1,37.0,4,2,2,422,Potential Loyalists
64b576fb70d441e8f1b2d7d446e483c5,593,1,199.9,1,2,5,125,Need Attention
64b81e6eebe4d182a219e7a0497dd9ec,193,1,0.0,4,2,1,421,Potential Loyalists
64be1085f459ad4720cd416c386d3e51,213,1,224.9,3,2,5,325,Need Attention
64c91c4612341c8dbaab07352c8fa263,306,1,0.0,2,2,1,221,Lost Customers
64d6e417275b4d99214428b330b07b81,237,1,0.0,3,2,1,321,Need Attention
64df076fb557552498049bb07ed1cd5f,149,1,179.97,4,2,5,425,Potential Loyalists
64e0a2c0c237ffa49416d01334384f7b,252,1,0.0,3,2,1,321,Need Attention
64ea136678f37fcf4fffdc65f80ecf69,204,1,99.0,3,2,4,324,Need Attention
64ea785aa93e3b55a36b028e1331d3a1,315,1,79.0,2,2,3,223,Need Attention
64f478ef975b39a86f5a453375158ae4,329,1,0.0,2,2,1,221,Lost Customers
64fbdfb5f46d6a1b06841e62fafae3f4,128,1,149.9,4,2,4,424,Potential Loyalists
64ff5d678cf6248ec9787389319ae7dd,397,1,49.8,2,2,3,223,Need Attention
65012c428083737f5354bf9f14c47b87,34,1,0.0,5,2,1,521,Potential Loyalists
6501e5470f5d8d0ed1b7f4c67bb40711,157,1,0.0,4,2,1,421,Potential Loyalists
65084018146e778ef88e167df944f9b7,102,1,43.0,5,2,2,522,Potential Loyalists
650d655f572ad6a213c0f6619f6913cf,339,1,139.99,2,2,4,224,Need Attention
6510bac816ba1d1c15b13ecd2fde78a1,211,1,0.0,3,2,1,321,Need Attention
6517822823bf509a5dd294d5cd69a829,175,1,135.0,4,2,4,424,Potential Loyalists
651cd1b09c19982ff7e2174ff41ff18c,67,1,0.0,5,2,1,521,Potential Loyalists
6522a1d436415b898aef068ba68e81fb,514,1,59.9,1,2,3,123,Need Attention
652da2f7c852a3269dc6d7262b0b8f4d,404,1,179.0,2,2,5,225,Need Attention
6537bbbfb2b8169a6f5f87a004fc28c3,59,1,79.99,5,2,3,523,Potential Loyalists
654115cd862a4c18f7a3cfbeec04203c,36,1,0.0,5,2,1,521,Potential Loyalists
6559758afffee923186f307d048d75cf,543,1,26.69,1,2,2,122,Lost Customers
6559799a5cf53662f7979eeb4a8b800f,325,1,124.49,2,2,4,224,Need Attention
655e1a53d7b00597d4e1d54d6e92d39e,328,1,38.9,2,2,2,222,Lost Customers
65641f92e86c91daeeca2ae0114ef703,73,1,49.0,5,2,3,523,Potential Loyalists
65667e216c27cfa1960a832578b8ef47,408,1,99.0,2,2,4,224,Need Attention
656d81ab7f30a1be5709ff381e3f91f6,300,1,129.9,2,2,4,224,Need Attention
657ad7b3b7a1c9c9bc3fb26bca5b6738,441,1,114.9,1,2,4,124,Need Attention
657b9acae4845d34e8766e84be3de88b,451,1,89.0,1,2,3,123,Need Attention
65a944ed12c066780cdfeac5a417d32d,267,1,0.0,3,2,1,321,Need Attention
65b20f62ede59d33b626e0b908ac66ce,224,1,59.0,3,2,3,323,Need Attention
65ba82fb5dcc72c5c6fc38343a915798,161,1,0.0,4,2,1,421,Potential Loyalists
65be6248a39942f9ab10da91280e2576,66,1,41.47,5,2,2,522,Potential Loyalists
65c1c2f858a33b3ff79f436724c4c79a,167,1,109.9,4,2,4,424,Potential Loyalists
65c6f2611ebf8f84429aaa89f749b17c,348,1,50.0,2,2,3,223,Need Attention
65ceb15a2636b04807d38a677d6877c1,106,1,6.9,5,2,1,521,Potential Loyalists
65cfdb0d7803c6793a9f609361afb2a2,220,1,0.0,3,2,1,321,Need Attention
65d7c0904b51f5b432e71a14b25121dc,316,1,58.99,2,2,3,223,Need Attention
65daa8af71675f5b6e90b235f029438c,274,1,59.99,3,2,3,323,Need Attention
65dc7b434112b1871ffba93a74a65b5d,77,1,119.0,5,2,4,524,Potential Loyalists
65e5aaf9f721945f29cdba45c206cb83,54,1,24.99,5,2,2,522,Potential Loyalists
65e8c7293cc88e583349d380eb9c5be1,203,1,109.9,4,2,4,424,Potential Loyalists
65ee274b862c5c053367be8a70dbc029,119,1,89.49,4,2,4,424,Potential Loyalists
65f09b1e943693e398708c009e3da512,80,1,69.9,5,2,3,523,Potential Loyalists
65f72a9364d44ebbd405299568002138,377,1,159.9,2,2,5,225,Need Attention
65fb17c692327dfef891bef8b7f33c2a,415,1,0.0,1,2,1,121,Lost Customers
65ff65476364f61bb41f6c7fb47d623c,185,1,79.99,4,2,3,423,Potential Loyalists
66026cfe6ed4aeae90c27f9e1ef2e857,127,1,24.99,4,2,2,422,Potential Loyalists
6608c37202accfe3cda3fca4c8a16062,43,1,320.0,5,2,5,525,Potential Loyalists
661a5e18a28b34880ccc60112f2b8e8e,211,1,39.9,3,2,2,322,Need Attention
661ea2d486e19c9bc3ebe14defadce5b,467,1,19.99,1,2,2,122,Lost Customers
66350a169302276ecc95167365b44a54,447,1,89.9,1,2,4,124,Need Attention
663b40289adae2333137d8db825cf81f,129,1,139.99,4,2,4,424,Potential Loyalists
663cb908e7dfa34193fa1bbfe3a193e4,39,1,0.0,5,2,1,521,Potential Loyalists
663d5a1d3fccfad3a3c4574072794a8d,372,1,179.9,2,2,5,225,Need Attention
663e9fc2ff0fe9e5cf1f4427f321e75a,449,1,1056.0,1,2,5,125,Need Attention
663f43c4f46c289ff6c0f11b9ced3751,303,1,80.0,2,2,3,223,Need Attention
664770508f06c0c2fa1c37fed04a6dd7,69,1,0.0,5,2,1,521,Potential Loyalists
664f7107c351f24b16b68919398730a0,715,1,294.9,1,2,5,125,Need Attention
6652d95ad6eced5a1891da24bf57c53f,367,1,32.9,2,2,2,222,Lost Customers
6654462d0d3266165aaa7028d4d35005,212,1,159.9,3,2,5,325,Need Attention
6659cdf2397f169f0887c503fdacd408,105,1,89.9,5,2,4,524,Potential Loyalists
665ab44b5007bc768403a577a37f9a46,252,1,422.0,3,2,5,325,Need Attention
665f8bbe2cf428657aeb0572c27fef58,249,1,299.74,3,2,5,325,Need Attention
666181047fa23359ca19d03abc679e18,333,1,0.0,2,2,1,221,Lost Customers
66651cb1e94c5a4a6c080e415f425c3b,84,1,45.0,5,2,2,522,Potential Loyalists
666735967444a5c5e671f9515fe23ab1,378,1,59.9,2,2,3,223,Need Attention
66675a0970f32bf9dc0d97a79a19ea2c,257,1,55.49,3,2,3,323,Need Attention
6667649dc575c65058507349be078d4f,281,1,149.99,3,2,4,324,Need Attention
666cc07c716fe875d62948482eff6209,168,1,412.0,4,2,5,425,Potential Loyalists
667c838d8f300a813a0059fc8b46ab29,166,1,45.0,4,2,2,422,Potential Loyalists
6682581c8fa800c2b0de2b735bb07a5e,36,1,39.97,5,2,2,522,Potential Loyalists
668a97d6246427dbd84719e055c7c2f6,316,1,75.0,2,2,3,223,Need Attention
668f76ea8fa5d0f459e6a15d8d55ac63,186,1,139.8,4,2,4,424,Potential Loyalists
66980c3775537536f77b434d74e520f5,173,1,40.0,4,2,2,422,Potential Loyalists
66a2199c05159203014883cc0d3cf33f,147,1,110.0,4,2,4,424,Potential Loyalists
66afa2376b0e4599e420694f53eae80a,210,1,0.0,3,2,1,321,Need Attention
66b1d7f471c8c9e8d9f9f624d6962aff,47,1,0.0,5,2,1,521,Potential Loyalists
66b4a441fa95efb527240f103e4182d4,593,1,110.0,1,2,4,124,Need Attention
66b55decbf390d6836d0ff2acf5fe8e7,65,1,159.8,5,2,5,525,Potential Loyalists
66c46d213ee8922f33c3efdf92114d76,235,1,195.0,3,2,5,325,Need Attention
66c70ed7726abccfbee61a9a39de15c5,144,1,0.0,4,2,1,421,Potential Loyalists
66cb29267e1bdc78dd85b30452251579,340,1,33.9,2,2,2,222,Lost Customers
66d7c05de70168738de8f6f8b5adce82,310,1,117.3,2,2,4,224,Need Attention
66dd7b48d24397d554c2af2b30cbd407,299,1,29.0,2,2,2,222,Lost Customers
66e1f83376794a26466b8aff77e4a5d0,413,1,189.8,1,2,5,125,Need Attention
66ec6064474809fb4a00623afd86bacd,94,1,0.0,5,2,1,521,Potential Loyalists
66f4cacdd688fc56e58a33287fe822cf,265,1,0.0,3,2,1,321,Need Attention
66f93bf024e08d433a990b6480148721,290,1,195.0,3,2,5,325,Need Attention
6704e85687c66dad971c4b6763371d97,422,1,0.0,1,2,1,121,Lost Customers
6705554fcc2578a2b76b6b1b65df2a75,411,1,149.99,1,2,4,124,Need Attention
670985cbdebdcec66895cb9945fc3de1,169,1,832.4100000000001,4,2,5,425,Potential Loyalists
6716a47d23270d65d123d9d148899102,456,1,89.99,1,2,4,124,Need Attention
67172368edf401478f187d09180a1671,64,1,94.95,5,2,4,524,Potential Loyalists
6718f697c176b0151a1fce3d0ba419b6,189,1,29.98,4,2,2,422,Potential Loyalists
671e951533c86366cf6325bcc8a02ff4,229,1,89.9,3,2,4,324,Need Attention
672057ab52ecdb1cf905095ea17ccd85,554,1,35.99,1,2,2,122,Lost Customers
67228461aa3f91b2511b439d74ad353d,122,1,0.0,4,2,1,421,Potential Loyalists
672452f682b6cd65d8256f3e527bb93f,398,1,310.0,2,2,5,225,Need Attention
6726866c9e7dbbac4a4954417a5e6149,37,1,108.9,5,2,4,524,Potential Loyalists
67290cb3c52701d36b0864decde52e26,99,1,55.0,5,2,3,523,Potential Loyalists
6739f82be7fe556dedf82e16f0566ea6,361,1,28.99,2,2,2,222,Lost Customers
673afc05fa081ebe870d2490a39c17e7,290,1,59.98,3,2,3,323,Need Attention
6740f8899f3c70b5b08b2e0bad37e567,65,1,67.99,5,2,3,523,Potential Loyalists
6747886441389831020c1833d24b162f,92,1,160.0,5,2,5,525,Potential Loyalists
674b8bca7cdaac71777cd026ebb31c43,531,1,39.9,1,2,2,122,Lost Customers
6752250a97692ea4e4375a1e6c11a64f,52,1,28.99,5,2,2,522,Potential Loyalists
6752e46d4f28ebc4d783b203b9cc232d,40,1,379.99,5,2,5,525,Potential Loyalists
6753845f8bc48b027c01c90f13d41f3b,410,1,18.99,1,2,2,122,Lost Customers
675a8d2a984ea6f86cc5c2d1a45211b0,136,1,0.0,4,2,1,421,Potential Loyalists
67697f1ef23332d4be711eba56d04b4c,472,1,0.0,1,2,1,121,Lost Customers
6770e2d6c610fd5a6567c313790b34df,562,1,103.99,1,2,4,124,Need Attention
6776ae9432a76cace1d54a6fd1abcc57,143,1,0.0,4,2,1,421,Potential Loyalists
677e8fb8d35d03be1fd8fd461c60a1cf,42,1,64.99,5,2,3,523,Potential Loyalists
677f15bcada4a99f87e743927803a3a4,120,1,0.0,4,2,1,421,Potential Loyalists
67864845a751540781a1bb2dd2e1ab1c,34,1,49.99,5,3,3,533,Potential Loyalists
6788c2de733d940f2a56920fd7054a9c,213,1,65.0,3,3,3,333,Need Attention
67913e95e07035bc67dcaa79ecd70cc9,344,1,759.96,2,3,5,235,At Risk
679c4e66e0b305bd2b020589777af388,284,1,70.0,3,3,3,333,Need Attention
67a055e65bcf75362f81b7141ac2eed2,194,1,45.0,4,3,2,432,Potential Loyalists
67a2730155a56d30a1f643127dce6cc6,294,1,69.98,3,3,3,333,Need Attention
67afc527d425b15d2430bc63ae211f1e,101,1,149.9,5,3,4,534,Potential Loyalists
67b05b597a66b5c449025000b9430abb,135,1,0.0,4,3,1,431,Potential Loyalists
67bddde1844b238fe25995cde1612b4e,147,1,53.9,4,3,3,433,Potential Loyalists
67c069b1347ff0bfea48b5035a0153da,29,1,179.9,5,3,5,535,Potential Loyalists
67c92485fa38cdd999e4b72a6e347663,462,1,279.9,1,3,5,135,At Risk
67cb90a67c8f7b5e3a886f4fd859d2f8,258,1,249.5,3,3,5,335,Need Attention
67e01e8409e5b0735a24e54759195613,151,1,79.99,4,3,3,433,Potential Loyalists
67e5eba5bccf914065caced3baa1a968,402,1,0.0,2,3,1,231,At Risk
67f4b6b9207056736278adddf407f417,159,1,69.9,4,3,3,433,Potential Loyalists
67f7d267931d6b466c95818318da0cb5,93,1,45.0,5,3,2,532,Potential Loyalists
68015dfc16e47eb1c0e8c52e7b6f1f06,269,1,18.9,3,3,2,332,Need Attention
68041dc76662fa5c940d7869f110b844,35,1,39.89,5,3,2,532,Potential Loyalists
68086630405120fd049f0d41aaee9a68,567,1,38.9,1,3,2,132,At Risk
68095fcd29e56af20457143f1bb15b79,32,1,329.9,5,3,5,535,Potential Loyalists
6809aa2f1ac30ca945cc05e73aa99e18,197,1,219.0,4,3,5,435,Potential Loyalists
680a09be81a7680c1845c2342d8c33ea,574,1,26.9,1,3,2,132,At Risk
681844e17f689acd5ac8fe23f862c6b9,452,1,16.9,1,3,2,132,At Risk
682c852f2cb77efab552e07564d6dba4,167,1,169.99,4,3,5,435,Potential Loyalists
682d203efdcf95d2036a7430a8f32c96,164,1,178.99,4,3,5,435,Potential Loyalists
682dff0e9050d37ddd64e2ffc53bcbbe,240,1,109.0,3,3,4,334,Need Attention
6845b26cd877899e09fe743ab15c1a63,42,1,0.0,5,3,1,531,Potential Loyalists
68493c02b683379ffe0c1cca19af6889,88,1,155.0,5,3,5,535,Potential Loyalists
684fda5905aa430123c7b293106a337b,243,1,49.9,3,3,3,333,Need Attention
68519bc41532d0f1a6613d278f86a5bd,249,1,13.65,3,3,2,332,Need Attention
6858ce30f88a81273fb705a2fcc52aa7,338,1,249.9,2,3,5,235,At Risk
685bec4bfe814f798ac29b3590134b38,152,1,0.0,4,3,1,431,Potential Loyalists
6862e7a7283767e68fb14c52a110f6d1,303,1,38.0,2,3,2,232,At Risk
68667861acbf4ec0e980b6a3933d489c,78,1,348.0,5,3,5,535,Potential Loyalists
6869d6527fe0004e8a9ec53cbf220531,86,1,279.8,5,3,5,535,Potential Loyalists
686d80e6622fa212fa4eae3c9506bd19,301,1,229.99,2,3,5,235,At Risk
6875cdbe14f4e09791825d53465788d9,223,1,0.0,3,3,1,331,Need Attention
687d9299d0ff57790aa49a28d7240b93,31,1,169.0,5,3,5,535,Potential Loyalists
687e023f28ba71f085104c1339b798fe,30,1,28.0,5,3,2,532,Potential Loyalists
6883d579dacefc2301eea23d7855a8aa,463,1,214.99,1,3,5,135,At Risk
688bb6776d5f885e4b46d4c4bac240c2,81,1,42.99,5,3,2,532,Potential Loyalists
688f5342ea5ff47d612126908c38f7f0,319,1,59.9,2,3,3,233,At Risk
68954feaafe4dd638f3bd3e2afa174ec,190,1,0.0,4,3,1,431,Potential Loyalists
6898b2273c4c2e9f697bb597c7df0837,512,1,0.0,1,3,1,131,At Risk
68a5590b9926689be4e10f4ae2db21a8,252,1,370.0,3,3,5,335,Need Attention
68ab9bfe2388b0b36614c7000b8b1cf8,301,1,24.99,2,3,2,232,At Risk
68b989ae809071cc660c7ac6beabf867,333,1,189.0,2,3,5,235,At Risk
68ba0fa3c02bfada4ebd0f37d1aee37f,515,1,23.9,1,3,2,132,At Risk
68baebb3102cf89a3f2979019e77fb54,129,1,152.9,4,3,5,435,Potential Loyalists
68bce5b75e8dd23c39daeffa0aa28732,137,1,34.9,4,3,2,432,Potential Loyalists
68c625b679a25e1bc7dfa1c14ae3a992,78,1,0.0,5,3,1,531,Potential Loyalists
68ca4469a590f62a686d835f07f91f67,190,1,160.0,4,3,5,435,Potential Loyalists
68d913372ccd280d375c4f5861eaf241,228,1,201.58,3,3,5,335,Need Attention
68e9aca85421a3dc655325bcdf9c9912,301,1,85.0,2,3,3,233,At Risk
68f04becbd320e5837a2df880095bb04,223,1,0.0,3,3,1,331,Need Attention
68f9f23ba578b597c5ae0573a2a72b02,87,1,259.0,5,3,5,535,Potential Loyalists
6903f2c210906ee7731be7bc8360a036,406,1,61.49,2,3,3,233,At Risk
6908e4e7bfeb7c99bc98f93ead3528cb,149,1,0.0,4,3,1,431,Potential Loyalists
690c7559d9d62f2464c47042a655bf57,386,1,349.9,2,3,5,235,At Risk
690ec510bf4201426e227f92a5581725,98,1,112.99,5,3,4,534,Potential Loyalists
690f0991927602fa4dbe5cb1fea83794,86,1,45.9,5,3,2,532,Potential Loyalists
69107810fc2b88841b635ffa65b23891,502,1,25.9,1,3,2,132,At Risk
691c66d5f2b54a03a95e2fb59c83ef18,202,1,499.9,4,3,5,435,Potential Loyalists
69265054c8f3bbe54909219e9b2e6af7,502,1,449.0,1,3,5,135,At Risk
6926bce378918c0796934a2403ed36b2,227,1,0.0,3,3,1,331,Need Attention
6927dac0fa9c5c972d388e6a77ce7d93,351,1,60.0,2,3,3,233,At Risk
6935b767c9c3c6d8c27c9a840bc5c238,535,1,30.9,1,3,2,132,At Risk
69396490c66383feb185b18b41e94bfb,178,1,0.0,4,3,1,431,Potential Loyalists
693d4dc072a4cbdfa19501dbab1c7ad1,446,1,129.99,1,3,4,134,At Risk
693e69e38b0f16016c415e85ae4565ee,107,1,195.0,5,3,5,535,Potential Loyalists
6940ba069c2c25350ea9e059b35d7d23,155,1,1148.0,4,3,5,435,Potential Loyalists
695950596e3d02cb9a663acae75bf98b,425,1,205.0,1,3,5,135,At Risk
6963fcaa55875dfdc09d7faee1a6f445,380,1,23.99,2,3,2,232,At Risk
696890a000395749a190726ee5b9855e,48,1,135.65,5,3,4,534,Potential Loyalists
69773615cfc64f54d36fbe95621b2590,300,1,313.08,2,3,5,235,At Risk
6979b81e6b16100f6a5213030d2c8f82,227,1,116.94,3,3,4,334,Need Attention
6985e81d9007fa0eac3c04a9752efd6c,44,1,0.0,5,3,1,531,Potential Loyalists
698a9cafcc15cac8cdbaee64adc6efbe,235,1,89.49,3,3,4,334,Need Attention
699718da03289d4dc724e6c219ce379d,541,1,275.0,1,3,5,135,At Risk
6997203fd4a74d9a77873d482b8004b6,146,1,190.0,4,3,5,435,Potential Loyalists
699ed48250faf9f3d41e91f4ede36364,224,1,49.9,3,3,3,333,Need Attention
69a67928e55cbef75ba434ab0a4ff540,340,1,0.0,2,3,1,231,At Risk
69a7f37355617e699081e1a1db826691,214,1,129.0,3,3,4,334,Need Attention
69a8def672a4f3bcb373cb689b26d656,516,1,19.99,1,3,2,132,At Risk
69aab61687fa416ef601af332bd0ff0d,252,1,70.0,3,3,3,333,Need Attention
69abb26d2334dc4f4c622b76a5f4f3e9,170,1,59.99,4,3,3,433,Potential Loyalists
69abb2ee87ff90e275add4e8fbf84ca0,416,1,0.0,1,3,1,131,At Risk
69ae560f1f5448b1c3b9ae3e619808af,34,1,99.8,5,3,4,534,Potential Loyalists
69b9220777c7f961f1d60a96c007c9fd,277,1,69.9,3,3,3,333,Need Attention
69eee323aa549b444026553c25e378ba,58,1,97.5,5,3,4,534,Potential Loyalists
69f2934ad8b50cc05587a94cc7d68fc9,199,1,99.9,4,3,4,434,Potential Loyalists
69fbe1ef33ee18593788e655e348b954,338,1,72.0,2,3,3,233,At Risk
6a04c8339c44b23e189446216a494569,213,1,29.99,3,3,2,332,Need Attention
6a0a549e7d20a02c112dc6be0c395a51,42,1,199.0,5,3,5,535,Potential Loyalists
6a0c925299476ef8ee879d9bb10da5ca,226,1,169.9,3,3,5,335,Need Attention
6a0e43f0d7e1b5539e4c58a26ebe35da,256,1,0.0,3,3,1,331,Need Attention
6a140ba4cf08e0d893b81b5ec7264d86,93,1,0.0,5,3,1,531,Potential Loyalists
6a16af5086aa0454d0547bad1bddd793,245,1,0.0,3,3,1,331,Need Attention
6a1b5e68e0f74bc265df1d9f30d0a7d2,212,1,48.9,3,3,2,332,Need Attention
6a1bd3531227937b0bf249d29fbf9901,459,1,17.0,1,3,2,132,At Risk
6a34ee4ea650624a9754fbdc99fdd356,126,1,119.9,4,3,4,434,Potential Loyalists
6a4060fb7ba4fdab5ca85e0d7ac38e00,174,1,120.0,4,3,4,434,Potential Loyalists
6a40f754c2e8908ff6d13430e6342c29,170,1,44.8,4,3,2,432,Potential Loyalists
6a4198de80204cda3d91dc2abf851a5f,178,1,198.0,4,3,5,435,Potential Loyalists
6a43f6511976bd65d1080f1b647689f2,300,1,35.0,2,3,2,232,At Risk
6a44e21ab1467963f3bdb7708abe9480,347,1,51.98,2,3,3,233,At Risk
6a49832514ecee6c741ea8e7308a3f09,225,1,13.7,3,3,2,332,Need Attention
6a4eba155591e1b2753e57390b62ceb3,219,1,335.0,3,3,5,335,Need Attention
6a583f4c6790a4c8330beb7612e17f42,136,1,107.8,4,3,4,434,Potential Loyalists
6a608f2b5119ac000c62151f1357ee9f,268,1,0.0,3,3,1,331,Need Attention
6a68ebea4927947caaadf455351f3dda,216,1,102.0,3,3,4,334,Need Attention
6a6a7141119ceaeca4dfbae7a580a515,130,1,24.6,4,3,2,432,Potential Loyalists
6a7ae1e184278b487e479a115be9c14f,255,1,48.0,3,3,2,332,Need Attention
6a7bb05f9b6860beb4533af2fde2298d,207,1,0.0,3,3,1,331,Need Attention
6a875e0207d93e4c06f193810c6c2cd0,156,1,0.0,4,3,1,431,Potential Loyalists
6a9df708d47e061c4c4c8d955a93cb81,115,1,69.8,5,3,3,533,Potential Loyalists
6a9e15d6fa8ce1cabf193c21aa577f64,47,1,119.80000000000001,5,3,4,534,Potential Loyalists
6aa7deb42c5d2e412a9027d0202e0fea,134,1,19.99,4,3,2,432,Potential Loyalists
6aaf63fde5ca8cd6d38424243590d439,570,1,99.9,1,3,4,134,At Risk
6ab2c51644e62c63bbfe914fd945adce,300,1,315.0,2,3,5,235,At Risk
6ab78dc229fab798332870a06388a1b6,440,1,97.9,1,3,4,134,At Risk
6ac343dfa1f2e45a71fd588c764ff8e5,146,1,99.9,4,3,4,434,Potential Loyalists
6ac3687282ae6cf1976b4cc39677f95c,311,1,130.0,2,3,4,234,At Risk
6ac52814155aa5b8da64bb30a14c6b3b,124,1,25.0,4,3,2,432,Potential Loyalists
6ad430c5fac5e72b42f74af4ad7e98f3,185,1,199.6,4,3,5,435,Potential Loyalists
6ad46014a4203440c38e3dbf7aedf51c,603,1,168.0,1,3,5,135,At Risk
6adb43365bd88fd6b87a63fe174f42ed,224,1,116.91,3,3,4,334,Need Attention
6ae6900d06a60bd54a3f4abe432af382,144,1,21.9,4,3,2,432,Potential Loyalists
6ae6f0cf986be1adaf148eca6ab1dd53,207,1,139.0,3,3,4,334,Need Attention
6af40347f5dd7bdd65437a35e1b2fa7b,110,1,175.99,5,3,5,535,Potential Loyalists
6b0c568efa39d9923961096ab40d3ed9,169,1,13.99,4,3,2,432,Potential Loyalists
6b11061762a537f7775a5a6bca7d000c,113,1,109.9,5,3,4,534,Potential Loyalists
6b1accda38fc6c15f411ddcdd8a109ac,191,1,270.0,4,3,5,435,Potential Loyalists
6b22f90696d11798825c886cdb59bbfc,98,1,239.0,5,3,5,535,Potential Loyalists
6b2a5ca1951e2192b2605cbf45b29892,237,1,42.0,3,3,2,332,Need Attention
6b33b395518a499e9f9900bcd6fa971c,473,1,37.9,1,3,2,132,At Risk
6b37d47561c8e97bd313b89215e0ae88,463,1,36.0,1,3,2,132,At Risk
6b4e8c5f7ca346e38498de7c1a96564e,94,1,0.0,5,3,1,531,Potential Loyalists
6b595d38cb0d0c5dca0ca4de1b97b116,368,1,209.99,2,3,5,235,At Risk
6b63a2e5513636acaf0d921a3218c398,187,1,0.0,4,3,1,431,Potential Loyalists
6b6b815f43f5bb5de08a22bfd1826357,46,1,0.0,5,3,1,531,Potential Loyalists
6b7aef98835928c0e5483ff155dfbe59,149,1,110.32,4,3,4,434,Potential Loyalists
6b80cc7d77cb61e543f86463c3437a96,188,1,0.0,4,3,1,431,Potential Loyalists
6b84645f298f7887a23a74d91771a9e7,64,1,105.0,5,3,4,534,Potential Loyalists
6b9afcb17cc0d97ebb20f7fc4e3a25c7,223,1,115.52,3,3,4,334,Need Attention
6b9f9457656ec75ef2faab619e99b9a0,332,1,89.9,2,3,4,234,At Risk
6ba3c687055589c6271f660f1fbf6595,520,1,65.9,1,3,3,133,At Risk
6ba5b2dcb81470882212da717a171539,43,1,268.96,5,3,5,535,Potential Loyalists
6bb3958ca870c584b84bba1673bdec0e,200,1,54.9,4,3,3,433,Potential Loyalists
6bb7418cb646c318b0b970efa5937287,437,1,91.8,1,3,4,134,At Risk
6bbc8dce928528fd3ab9207ed50f6aef,261,1,58.67,3,3,3,333,Need Attention
6bbcae37cb10b3110fcb123680e08eca,206,1,57.99,3,3,3,333,Need Attention
6bc9e749760ecb1daa33144baf3eee9e,472,1,16.5,1,3,2,132,At Risk
6bd06f958324c634ad8995ed4a17701b,50,1,0.0,5,3,1,531,Potential Loyalists
6bd4f06d5599d085d7a367cf49626155,612,1,34.9,1,3,2,132,At Risk
6bfc0d51218c164f5d11916e1a102931,147,1,63.9,4,3,3,433,Potential Loyalists
6bfccb019f3da909ef21a2803daf87e5,480,1,49.8,1,3,3,133,At Risk
6c16357cbf6bf0accb997cbff9030507,164,1,39.8,4,3,2,432,Potential Loyalists
6c1c9f70f7743f3a6201d8d7d5db7f6f,212,1,64.49,3,3,3,333,Need Attention
6c1dd46ea7d3dd06eccc8adc584795ec,565,1,71.8,1,3,3,133,At Risk
6c1e77450766afe18d4a99135d322d89,170,1,0.0,4,3,1,431,Potential Loyalists
6c20a0d058797463344295d2df549503,124,1,199.0,4,3,5,435,Potential Loyalists
6c2164340dc1c8dc89bf7b71d22b384b,97,1,49.99,5,3,3,533,Potential Loyalists
6c272e38c324a5850751500bf116dbe4,582,1,0.0,1,3,1,131,At Risk
6c2f6983a60ac0dc8a9ee65579959538,339,1,0.0,2,3,1,231,At Risk
6c3974f2a296fbcb0aa071279dbf6f24,59,1,0.0,5,3,1,531,Potential Loyalists
6c4e5fafa5368d585420a705b9582df5,81,1,158.9,5,3,5,535,Potential Loyalists
6c5c77a50c55187a74295b4aee84b778,136,1,44.9,4,3,2,432,Potential Loyalists
6c5ce6b9d419df2b111d90a6e85a10d6,94,1,108.9,5,3,4,534,Potential Loyalists
6c69905245a109e523848de29386e0ff,300,1,650.0,2,3,5,235,At Risk
6c734067f6c8d999e1a32f368fd70f13,197,1,59.8,4,3,3,433,Potential Loyalists
6c7c3323153e0d521f0ee3fa4e382e0a,297,1,85.0,2,3,3,233,At Risk
6c942da68785707924e6c8696b6b63d0,108,1,39.9,5,3,2,532,Potential Loyalists
6ca566e77a13d0eb5d55c336b17f10fb,384,1,0.0,2,3,1,231,At Risk
6cae83ec1b251bb3a2a2d04203e56498,269,1,262.5,3,3,5,335,Need Attention
6cbc5455e3a1b9e6daa771ef6f03b0a5,248,1,199.6,3,3,5,335,Need Attention
6cbe8a392b76916e84c2faf69d0d0da0,53,1,179.0,5,3,5,535,Potential Loyalists
6cbfcc29787035834a40a46f5898436a,130,1,180.0,4,3,5,435,Potential Loyalists
6ccbb05bf38d868e2a997d0dcf1c32ad,322,1,85.9,2,3,3,233,At Risk
6cd4f9f619a196f16b771eaf368838ec,134,1,199.0,4,3,5,435,Potential Loyalists
6cefc29085fbf53d5721acb4fe4c0c7e,206,1,0.0,3,3,1,331,Need Attention
6d053f472a670c33c21c012f7c72c4cc,37,1,54.9,5,3,3,533,Potential Loyalists
6d06d8848091c6055d728ba3ec366536,115,1,190.0,5,3,5,535,Potential Loyalists
6d107617e509701446292309521f1c22,291,1,1058.0,3,3,5,335,Need Attention
6d1213d0a8cccfa5cdb1b693fd388055,306,1,28.78,2,3,2,232,At Risk
6d27e708580f5c26ca2282eaf9b9d7c0,99,1,389.99,5,3,5,535,Potential Loyalists
6d2a77a5ce09274a069d85de67e3fd37,144,1,29.0,4,3,2,432,Potential Loyalists
6d365ab4dcdb48ff5d4aa90305671388,103,1,159.9,5,3,5,535,Potential Loyalists
6d40ddd2f86fe4f7bdba4622912e772c,417,1,0.0,1,3,1,131,At Risk
6d443b75cff956bb73dce7385033e266,381,1,2105.4,2,3,5,235,At Risk
6d47c2341b395b7e0294d8692016f6de,101,1,49.9,5,3,3,533,Potential Loyalists
6d5445cddf56ea4edb5a2540c6fa1d71,416,1,0.0,1,3,1,131,At Risk
6d5bdbc8e32dd02fa1d2fa4250625af3,168,1,0.0,4,3,1,431,Potential Loyalists
6d5e4477b9757cc918e0ead36a80643e,357,1,0.0,2,3,1,231,At Risk
6d6c7bcba410b2206fb3cb9c33c3707f,252,1,297.0,3,3,5,335,Need Attention
6d74740d498504341df1e7f104daebf0,248,1,38.99,3,3,2,332,Need Attention
6d7dcece246bf88e8ee4b1654441749f,480,1,95.9,1,3,4,134,At Risk
6d89c322686666680193afa698c29134,232,1,29.9,3,3,2,332,Need Attention
6d9760d712a88a72d89fe864701f1797,285,1,49.9,3,3,3,333,Need Attention
6da92ae920ab16fc4eceb8fcd7bd43ce,294,1,79.9,3,3,3,333,Need Attention
6db7adf9e39b611244585ce6e23994fd,346,1,26.9,2,3,2,232,At Risk
6dbcc57be1cead7be989aa72dc7f44ca,151,1,49.9,4,3,3,433,Potential Loyalists
6dcb0c21a4e1e207bc0b9c83cec17550,162,1,69.9,4,3,3,433,Potential Loyalists
6dd6e77a98003996c7fd7afb70be95c4,352,1,74.9,2,3,3,233,At Risk
6de77ffc3e5e321221ec0c1740a0503e,135,1,35.9,4,3,2,432,Potential Loyalists
6df2dbb5ec4a3c72ffc716d264b4b425,186,1,18.0,4,3,2,432,Potential Loyalists
6df4dbb9f375adc16b7590e6ef377ad9,54,1,178.9,5,3,5,535,Potential Loyalists
6df5bd0023cfd06d7b55bcece550e1f2,558,1,34.9,1,3,2,132,At Risk
6dfa1ddc7f7e7d7930de326f34c16f53,308,1,24.9,2,3,2,232,At Risk
6e084dee07052768ae655712771e6b2b,259,1,0.0,3,3,1,331,Need Attention
6e0d94e83bae00a64c12c9497158ee1c,361,1,20.3,2,3,2,232,At Risk
6e0e3c6485417542b5e5dc80dd6139d4,198,1,109.9,4,3,4,434,Potential Loyalists
6e0f2c0fc90a81d749a08d92c584d746,108,1,119.0,5,3,4,534,Potential Loyalists
6e1190edde834ca84ba216d13627e85c,559,1,52.9,1,3,3,133,At Risk
6e1ad40c11dd6aa516c24963c470d9a6,281,1,58.0,3,3,3,333,Need Attention
6e2064e4da450befb0b70bb2f0c68f64,521,1,16.9,1,3,2,132,At Risk
6e26bbeaa107ec34112c64e1ee31c0f5,261,1,1299.0,3,3,5,335,Need Attention
6e29598e4a23df8fd26eabe98846719d,460,1,64.9,1,3,3,133,At Risk
6e333942859ee2b644a75f42da7b1c5a,364,1,99.9,2,3,4,234,At Risk
6e3a167b6908386aaff774280e6eb1cb,59,1,45.95,5,3,2,532,Potential Loyalists
6e4df650faf2c070fc5cbc95efd6c01a,27,1,49.0,5,3,3,533,Potential Loyalists
6e51ea75bd6da3501b562b9342ab1be9,185,1,21.9,4,3,2,432,Potential Loyalists
6e584243f433f290dff8a94dbde09d2e,484,1,0.0,1,3,1,131,At Risk
6e5c0e412f8b74a1c29aa945757dfc46,475,1,89.5,1,3,4,134,At Risk
6e620488162fe1129d32f26b751d770a,357,1,119.8,2,3,4,234,At Risk
6e6c1d33697978556243175000662c81,300,1,89.99,2,3,4,234,At Risk
6e79f77f82ce8bfff699cb4f4fc0be24,421,1,98.0,1,3,4,134,At Risk
6e7a7fc98051aec20afe0f4559e3c114,84,1,91.99,5,3,4,534,Potential Loyalists
6e890959de98f57e7db8fbf22d3f5697,450,1,0.0,1,3,1,131,At Risk
6e8f22264f42c5c1993803e739260ecf,271,1,58.9,3,3,3,333,Need Attention
6e94cdf4b593972f9d558b3d0c036851,126,1,0.0,4,3,1,431,Potential Loyalists
6ea03cf508c8426284b647626ae5dafd,117,1,149.9,4,3,4,434,Potential Loyalists
6eb9314151358fa3229b370c00fa289d,146,1,72.5,4,3,3,433,Potential Loyalists
6ec200381dad398e733da3d5144822ba,184,1,195.5,4,3,5,435,Potential Loyalists
6ec75d7e0032c13ab96440fa90cab1fe,32,1,84.0,5,3,3,533,Potential Loyalists
6ecae395621d20aca9711709fedacade,207,1,107.0,3,3,4,334,Need Attention
6eccf0b182b0c42edab6941a4ccfa71e,95,1,0.0,5,3,1,531,Potential Loyalists
6ed6a41250b1e99e3bd5e6ecc297dfaf,303,1,0.0,2,3,1,231,At Risk
6eda0eb687a3f22e2031dae74269da91,247,1,49.9,3,3,3,333,Need Attention
6ee675c835d3c74e813ba0c547d28c38,230,1,119.99,3,3,4,334,Need Attention
6ee9dd7a3a539c1ae0b9ee5c9a29961c,104,1,0.0,5,3,1,531,Potential Loyalists
6ef326dc1bc04a8e63bce7e749279a00,224,1,0.0,3,3,1,331,Need Attention
6eff1cd9cc7f4dde6e1cbb679e219a50,318,1,199.8,2,3,5,235,At Risk
6f070c196a22f70ff35e9a2fb5f94b47,53,1,139.0,5,3,4,534,Potential Loyalists
6f0b3c0824512f9e29805095537bd68d,371,1,0.0,2,3,1,231,At Risk
6f19cd82c9d4d5b80bd8fbd24e600576,275,1,24.99,3,3,2,332,Need Attention
6f2013debda201c8ffa9b4a783ef1622,320,1,0.0,2,3,1,231,At Risk
6f232f2f5c7f33b7bd9d794d2afacadd,422,1,0.0,1,3,1,131,At Risk
6f25b6a8acfd6e99db86b08ed2bc3064,548,1,16.9,1,3,2,132,At Risk
6f271277858b64b0630d6ca16f16721f,199,1,86.9,4,3,3,433,Potential Loyalists
6f3f49fc855f386bf0f737c9d84995dc,170,1,58.99,4,3,3,433,Potential Loyalists
6f4102ac174b0bf17f1495f81a6f27a3,318,1,19.9,2,3,2,232,At Risk
6f453891a4b53a9c39319eb4e817aa18,99,1,102.6,5,3,4,534,Potential Loyalists
6f5b9e28a0abfb51e391191320d33a56,473,1,32.64,1,3,2,132,At Risk
6f5c52ea47e32b73958b0ac0f3c34e88,117,1,14.49,4,3,2,432,Potential Loyalists
6f6700b18880238014937d470e8f5f6f,210,1,99.0,3,3,4,334,Need Attention
6f7c6c8b6f6589599907dae484d21d54,40,1,139.9,5,3,4,534,Potential Loyalists
6f8372e7ca5f2963296df89e916cd08f,298,1,99.0,2,3,4,234,At Risk
6f84cddaa35e02a852f6c6435b384dd2,365,1,0.0,2,3,1,231,At Risk
6f90f04011f53535e2ed7add0e6e9775,37,1,18.0,5,3,2,532,Potential Loyalists
6f9fe132662ed65ec152e96b16afe7c0,136,1,0.0,4,3,1,431,Potential Loyalists
6fb19bc711864c90334ba37b2148d4dd,339,1,28.9,2,3,2,232,At Risk
6fc4be26d93f94de084b9a929664c52f,509,1,16.99,1,3,2,132,At Risk
6fd9de387d337ad313a16b4c591ca753,572,1,0.0,1,3,1,131,At Risk
6fddad01fc95963a667e3d96d751d051,61,1,189.96,5,3,5,535,Potential Loyalists
6fdea157b64e36e7d70e7c4676e093fb,34,1,0.0,5,3,1,531,Potential Loyalists
6febe0febf266605327d91a295ea2609,377,1,82.5,2,3,3,233,At Risk
6ff438d434f5af7a2f4b23a22d96ec69,171,1,0.0,4,3,1,431,Potential Loyalists
700e0d1f54a4261d5c8f5a310585cb23,63,1,59.99,5,3,3,533,Potential Loyalists
70167d9510c6f54bd29bbffd0f4d9e90,480,1,64.89,1,3,3,133,At Risk
701a19d561fa7884b12c229759819698,244,1,79.0,3,3,3,333,Need Attention
701cc8b09ef60639fe6a1ae73521bdbd,148,1,49.0,4,3,3,433,Potential Loyalists
701ea1ff7120fa56b1e4ef945dd5cf19,365,1,45.9,2,3,2,232,At Risk
7030164c13386d397107bfdf15f3814f,47,1,78.0,5,3,3,533,Potential Loyalists
703a092c0c6166785ec31de84c4f8e68,72,1,0.0,5,3,1,531,Potential Loyalists
703de7778ea5cd9833cb1b06ab6d0b7d,181,1,0.0,4,3,1,431,Potential Loyalists
7042a2786e6151b47cfb7696fe87cfc8,207,1,0.0,3,3,1,331,Need Attention
705748b59cffa9d676c096f44a227476,499,1,119.99,1,3,4,134,At Risk
705c9e29830d26e888d395a7f0d4ab87,592,1,0.0,1,3,1,131,At Risk
706a88ea356ea9496d3b5d8f3ee3b5ad,294,1,0.0,3,3,1,331,Need Attention
706c6cfe5101366f274a332a11671fa2,155,1,76.32,4,3,3,433,Potential Loyalists
7070c35ed018dc5904ff5f0e90ef964e,110,1,129.97,5,3,4,534,Potential Loyalists
70734fd0582006e6fb57918f2610f818,98,1,35.0,5,3,2,532,Potential Loyalists
7083cb99a8c7aa3fa47c48af112aa88f,301,1,49.99,2,3,3,233,At Risk
708976af642e89528bcb19b3e72b4152,51,1,149.9,5,3,4,534,Potential Loyalists
709c4c5ec8924ff8c85de5801b65458b,35,1,44.64,5,3,2,532,Potential Loyalists
709ff5911edcc0d227a46699d7842e66,457,1,135.5,1,3,4,134,At Risk
70a2aece5345a514bf960b01975aaa60,546,1,23.99,1,3,2,132,At Risk
70c0cd25ecddaa0802c169b32c311822,391,1,199.0,2,3,5,235,At Risk
70c565c6054a5cf82f753fd1dddcd6eb,451,1,0.0,1,3,1,131,At Risk
70c7b03f4fedb3c92e18025f9bc5822f,329,1,63.0,2,3,3,233,At Risk
70c8e7826c40ea4a5824b23c80e71aa0,167,1,122.99,4,3,4,434,Potential Loyalists
70d396f72bac7521d4546cb16cf4358b,575,1,79.9,1,3,3,133,At Risk
70d559655397ff9db9bb31dbaf5a7b5a,301,1,69.0,2,3,3,233,At Risk
70f009722a7cd15568c58cb753ff4399,472,1,18.9,1,3,2,132,At Risk
70f0622ab3555dc6e637a48684e331e3,268,1,597.9,3,3,5,335,Need Attention
70fefb4032093cd79e8bea645edd52b0,224,1,44.99,3,3,2,332,Need Attention
7107b93604e79765cd9b802ce6315479,568,1,0.0,1,3,1,131,At Risk
7108c2b8b62f2855e7a6570ba2fb9b39,237,1,13.99,3,3,2,332,Need Attention
710f38025cf5de52702ee2e4da7a71a7,374,1,0.0,2,3,1,231,At Risk
71150730b022797afd6a487820125da0,63,1,1450.0,5,3,5,535,Potential Loyalists
7116e5cd7a02545640934ef0d25a5bb7,39,1,301.17,5,3,5,535,Potential Loyalists
713e7f4511e7c790a743897d3ea47c08,487,1,65.0,1,3,3,133,At Risk
7141f12f335b30c6d8ca881d9f330c69,64,1,480.65,5,3,5,535,Potential Loyalists
71570c9b76f11df814726260cf634fb8,56,1,679.0,5,3,5,535,Potential Loyalists
715f90d43334e54a29bb233e7687f65c,416,1,99.99,1,3,4,134,At Risk
71692b73230707ce0f95d8a6091c22b4,42,1,330.0,5,3,5,535,Potential Loyalists
7171534a83fcf2f96ac5690706ce58ca,387,1,0.0,2,3,1,231,At Risk
718035a1435a427d46fd383caa59feb2,46,1,78.9,5,3,3,533,Potential Loyalists
719d6809c98139e57fbd97b39a14d2fe,131,1,75.9,4,3,3,433,Potential Loyalists
71a6706498b96147ee2493568ab46432,216,1,0.0,3,3,1,331,Need Attention
71ba8ba1fca338623659e60a7a364d0e,241,1,139.9,3,3,4,334,Need Attention
71be060b040cc3648a6ab7dda897823d,364,1,83.36,2,3,3,233,At Risk
71bf5b23c0923703cd29d12016a2440d,315,1,79.0,2,3,3,233,At Risk
71c01cf9bd1ccff14bc8bb79ea9ff4cb,86,1,0.0,5,3,1,531,Potential Loyalists
71cc49dcc859ef150badb7ae623b6b96,402,1,175.0,2,3,5,235,At Risk
71df4133a5dbdc2f6db175f7cd3f8d10,43,1,59.9,5,3,3,533,Potential Loyalists
71e06f5053f893d3417e747f534e14fe,539,1,0.0,1,3,1,131,At Risk
71e324d4444cbd2ce5e61fa48dd434cf,367,1,159.9,2,3,5,235,At Risk
71e35fc907ca26918c355f8297d3660e,155,1,99.9,4,3,4,434,Potential Loyalists
71e44a3c0131f63b658da791bbeeba1c,155,1,109.9,4,3,4,434,Potential Loyalists
71f545b9f6343c56082214728419c637,45,1,128.7,5,3,4,534,Potential Loyalists
71f63b438b7f08f55cf7afc5e4eda1b7,156,1,92.34,4,3,4,434,Potential Loyalists
71f93416aba3c29ee0929275f545b506,501,1,131.0,1,3,4,134,At Risk
71fc6a8faee5a414d80feac6ea0e7976,43,1,535.6999999999999,5,3,5,535,Potential Loyalists
71fd4b8ba810c0b2bcddcebf0fbd159c,301,1,0.0,2,3,1,231,At Risk
71fe186c5eb6075c9d78615972b52fb3,210,1,53.4,3,3,3,333,Need Attention
720d85b7b02bc0505d82fcd0e6010490,287,1,84.99,3,3,3,333,Need Attention
721753e3cd58abfc617b532d19ee7ea8,46,1,54.9,5,3,3,533,Potential Loyalists
721d1092e1a6460c67e6a0e691d899a3,496,1,16.9,1,3,2,132,At Risk
72257c3a06b3f5851d40c70240f4e322,429,1,0.0,1,3,1,131,At Risk
72266f20c4be9cfe463262b3d7b1a9c5,62,1,980.0,5,3,5,535,Potential Loyalists
723760306f7a15ad72dac1b300eccbee,278,1,187.0,3,3,5,335,Need Attention
7247c7024156fa355889f76ce22b3d2c,138,1,118.0,4,3,4,434,Potential Loyalists
7249a976b68003a30adc1203a467cf6c,253,1,0.0,3,3,1,331,Need Attention
7254d91ed781ba8af6038fc53529dd38,356,1,55.0,2,3,3,233,At Risk
725d8f8fdfc93484d063c1244d62ba95,242,1,128.26,3,3,4,334,Need Attention
72632f0f9dd73dfee390c9b22eb56dd6,219,1,19.9,3,3,2,332,Need Attention
72635a55dfa99b570cb2d2e3e6477737,142,1,89.9,4,3,4,434,Potential Loyalists
726a6433feab4f321c62cd704e451ca3,317,1,127.8,2,3,4,234,At Risk
727fd1637068f738000769f328ccbe4c,81,1,198.0,5,3,5,535,Potential Loyalists
72802a20641f4dd46e6d3ce18af50cf8,424,1,49.95,1,3,3,133,At Risk
729089b44985b34915decf7117d8fc2c,296,1,39.0,2,3,2,232,At Risk
729a2696f78da805198eb9b531775daf,491,1,0.0,1,3,1,131,At Risk
72a8db02910cbf460af32e7d5f8b12dc,71,1,0.0,5,3,1,531,Potential Loyalists
72abcd406bff5122c45828b69034479b,45,1,0.0,5,3,1,531,Potential Loyalists
72b1f9e1b8aa00c0be1d47006c3ab5f7,171,1,0.0,4,3,1,431,Potential Loyalists
72b74e3ab8b2f7da203dbb50344879bb,386,1,195.0,2,3,5,235,At Risk
72ba05263486b6f3bdc32092f2f43d97,292,1,27.99,3,3,2,332,Need Attention
72d27a31eca277b1cb06534d631e3392,566,1,0.0,1,3,1,131,At Risk
72db16a48d2efe7052acbcd2ec0b209e,60,1,18.9,5,3,2,532,Potential Loyalists
72e1dc93036a4285eecdd76ae6465ef8,128,1,0.0,4,3,1,431,Potential Loyalists
72eaaf7ab48bd234c4ccab3d894b874d,193,1,0.0,4,3,1,431,Potential Loyalists
72ec26bf0abc8fe446cd95849276b127,105,1,89.99,5,3,4,534,Potential Loyalists
73001c351ae67a6b093462ce7a643b57,401,1,34.99,2,3,2,232,At Risk
730bc97df4e3bb36de63041f329b9e87,159,1,47.9,4,3,2,432,Potential Loyalists
7311b47a208b4f5af09ccc62fafea9e2,364,1,284.66,2,3,5,235,At Risk
731ea3afd190908a9cbed04f42aa51e2,297,1,89.9,2,3,4,234,At Risk
7321fa632feb9f59860bd048524ed14a,76,1,199.8,5,3,5,535,Potential Loyalists
732267f7c7fc6f66cb66c383824954a5,401,1,61.9,2,3,3,233,At Risk
732517445a23f14603d5683d8c0e7b37,571,1,143.99,1,3,4,134,At Risk
73284f7b95c0c04e2a716361b08858b0,338,1,497.0,2,3,5,235,At Risk
7329425efe29caeb8c292b725579bd50,280,1,0.0,3,3,1,331,Need Attention
7330a3475a2c65878c2c9b95266bef04,202,1,199.0,4,3,5,435,Potential Loyalists
733f89dbe1cd8580321aacd8766dd437,300,1,0.0,2,3,1,231,At Risk
7353be07ce9cac1da115dcc3a29c8794,24,1,0.0,5,3,1,531,Potential Loyalists
7353e7e5f2f32af3228d688d12ceef48,296,1,49.0,2,3,3,233,At Risk
735dde9dccd9ec72098a553c6af2198e,88,1,149.9,5,3,4,534,Potential Loyalists
73619cff2fa9816a60c7599436aa2122,301,1,0.0,2,3,1,231,At Risk
73621cf8bb2f92f40419b7cf89a5eb2b,301,1,89.58,2,3,4,234,At Risk
738ee47ca7799ec680527c31c73b7ef5,133,1,169.0,4,3,5,435,Potential Loyalists
73a1d7ac09a1e29703738e7e633f01e4,275,1,0.0,3,3,1,331,Need Attention
73a99c7a2c8a5a9bd05bf0c2b88f6bbe,79,1,0.0,5,3,1,531,Potential Loyalists
73b8cd05f8b04f402a513776ed53f5e0,155,1,0.0,4,3,1,431,Potential Loyalists
73cb5bd8850865a23fc9c1593c17ce6c,141,1,189.9,4,3,5,435,Potential Loyalists
73d44418367f9efcd7069592789bd0f5,550,1,129.99,1,3,4,134,At Risk
73d53d2124cce660dc5165c7cce823d7,257,1,89.9,3,3,4,334,Need Attention
73d6e559cc424b8cc61fb7a4966260ff,293,1,0.0,3,3,1,331,Need Attention
73d7c87d44af686f20f4c826c19f73bc,325,1,219.0,2,3,5,235,At Risk
73da78eda27f160f2ed111e2916d162d,257,1,199.9,3,3,5,335,Need Attention
73f90b219c69253bddd6d6111783f47b,213,1,23.99,3,3,2,332,Need Attention
7406d803cb7dd818002ebe5073d41073,116,1,197.8,4,3,5,435,Potential Loyalists
740a097a2a05f072116ab70a9e8feca2,185,1,139.9,4,3,4,434,Potential Loyalists
740ece7e8cdb4ee5eeb95dc76a4e578a,511,1,29.9,1,3,2,132,At Risk
7416c044781d8b5e4de31e7d52d9f85d,228,1,49.0,3,3,3,333,Need Attention
74182c655b0270d9dde23ca43bb16a2e,372,1,0.0,2,3,1,231,At Risk
7418458c86b91f0322f91e7145a02bd7,587,1,119.6,1,3,4,134,At Risk
7419850411a470c611c1a6d398c853aa,58,1,0.0,5,3,1,531,Potential Loyalists
74227720da00ed61ae3c6aaf20086a06,115,1,197.5,5,3,5,535,Potential Loyalists
742d11444e35206112494bbba88ab1ae,31,1,178.0,5,3,5,535,Potential Loyalists
743c6b0ca4c9d5f6c59eada39d3eda11,389,1,16.9,2,3,2,232,At Risk
74436a334d42f9516826a7c3c6d5b226,69,1,1280.0,5,3,5,535,Potential Loyalists
7459c5e40af6c3ba3c1cf02eb107a2e7,601,1,18.0,1,3,2,132,At Risk
745cbae3ad0a811ab5cbf89c0ecdb280,61,1,59.9,5,3,3,533,Potential Loyalists
745e1490d4eb16895c8556c44973f64a,63,1,59.9,5,3,3,533,Potential Loyalists
745e5855c89063226a0b8d895d4aacde,334,1,120.9,2,3,4,234,At Risk
7462256ad9d24ee1012926172eda97d7,238,1,100.0,3,3,4,334,Need Attention
7466f7cdd2b578fcb1165a85e892ad9a,566,1,169.0,1,3,5,135,At Risk
747bc23eede9910c1a3d33344d83fcc7,345,1,0.0,2,3,1,231,At Risk
747ea65052566eba93f2b81c6ca1a14e,181,1,166.94,4,3,5,435,Potential Loyalists
747f7686c38242845e7b40790ad94705,290,1,0.0,3,3,1,331,Need Attention
74838cafa70beaff741b6f16a4564080,384,1,180.0,2,3,5,235,At Risk
748cf0cff0c8565b3bf64c24661017d4,300,1,38.99,2,3,2,232,At Risk
748e84169ace592af7a9bd3d01b47b4c,52,1,0.0,5,3,1,531,Potential Loyalists
7492a411232f7dd4b1adb8b335cd1983,487,1,29.99,1,3,2,132,At Risk
74a68c138e3220107add702b3777948c,414,1,105.0,1,3,4,134,At Risk
74bb35834cc90f8b98adc9da1c4c8556,472,1,167.99,1,3,5,135,At Risk
74bcbbef1321b49ab28427bca1226089,512,1,45.49,1,3,2,132,At Risk
74c778b7b7ec17c44589a298352bbdb1,285,1,56.99,3,3,3,333,Need Attention
74cb1ad7e6d5674325c1f99b5ea30d82,171,1,169.0,4,3,5,435,Potential Loyalists
74d9f662860f35a9b368151421f05fef,136,1,14.49,4,3,2,432,Potential Loyalists
74f1c30f52f68f07d9e83ca5a5bc444d,249,1,89.99,3,3,4,334,Need Attention
74f62172da3c6cdbda0e80017f6f5cf4,302,1,99.0,2,3,4,234,At Risk
74f6539658a10da4f67bd4f9d8ea5c04,436,1,119.9,1,3,4,134,At Risk
74f8bf53fadec7ea8e08cf119d0fa4da,391,1,79.0,2,3,3,233,At Risk
74fe4e106702770ef728399ce5da503a,111,1,259.9,5,3,5,535,Potential Loyalists
74ffea658fa22ea2788b68b244e2a9de,84,1,46.99,5,3,2,532,Potential Loyalists
750550f1fbf777d9383acb856bc593dd,214,1,171.0,3,3,5,335,Need Attention
7508fcee150d3d55a1f0f2f590232de2,43,1,170.0,5,3,5,535,Potential Loyalists
751404a804fcb7375342481a53993b18,488,1,69.9,1,3,3,133,At Risk
75190022751fc37ea481648582f29503,323,1,227.14,2,3,5,235,At Risk
7541ca5fd9891ef6c2f4bdc4d6c645c3,298,1,250.0,2,3,5,235,At Risk
7542698921c5856de2ce737b2f0b57d8,372,1,0.0,2,3,1,231,At Risk
75537a427ceae945e3a4bf1fcb81445e,491,1,160.0,1,3,5,135,At Risk
7556f182460418cf30957e6ce377c674,192,1,42.99,4,3,2,432,Potential Loyalists
755751fa93cd2d53adcd3f55b2fcab3a,30,1,179.9,5,3,5,535,Potential Loyalists
757748a61826463bff1c7a8279ff6b1d,149,1,179.8,4,3,5,435,Potential Loyalists
757921c3d0047781031e9bcbaf2c393c,300,1,0.0,2,3,1,231,At Risk
7580e539c3d74ce5ff3946877db01dd2,37,1,0.0,5,3,1,531,Potential Loyalists
7582c4e0a81c88f5ea0ead98b083b876,513,1,79.9,1,3,3,133,At Risk
7585fac6723f6d9fd6ad21c70ceadb70,332,1,0.0,2,3,1,231,At Risk
75897dfb21f53272945a344799721579,217,1,95.0,3,3,4,334,Need Attention
75bbb6b481a1df1689bb769e63ec3acb,227,1,23.99,3,3,2,332,Need Attention
75c23d066292aeca5ccb1db8ff8bf883,175,1,139.9,4,3,4,434,Potential Loyalists
75c9d9286f420028ef73062dee65da94,500,1,49.9,1,3,3,133,At Risk
75e4c2f907bb7809e77f060234c93e53,281,1,59.0,3,3,3,333,Need Attention
75e9ca5fea78afa5f2fb324d58593d64,100,1,175.99,5,3,5,535,Potential Loyalists
75ecb9c8cdcf92cb5d6eced1ed5dc44f,554,1,139.0,1,3,4,134,At Risk
75f15790b1852b42b1dbf645d98ffa1c,129,1,99.0,4,3,4,434,Potential Loyalists
76021f22e28fcda7ededf39e2ca5a155,474,1,56.99,1,3,3,133,At Risk
7611c1c57e281b24b0e4efb7b4962ac9,95,1,0.0,5,3,1,531,Potential Loyalists
76265a1cb8a13604fda3632daf9db6c7,284,1,1199.9,3,3,5,335,Need Attention
763c66ad3f778d7c060e34325e036cf6,428,1,79.0,1,3,3,133,At Risk
76415e22ee395842dd2428a274776e94,378,1,0.0,2,3,1,231,At Risk
7654cab075c80fb33eae26084f1f3e40,131,1,32.0,4,3,2,432,Potential Loyalists
7665839401a56c050110d34a0d86809f,68,1,149.0,5,3,4,534,Potential Loyalists
766c363986fc269b65ca0bd173b39691,318,1,27.99,2,3,2,232,At Risk
7671178c592895e5beed747367b4a54b,245,1,38.0,3,3,2,332,Need Attention
7673578e7356cac9672f6bb221bb29ae,148,1,199.9,4,3,5,435,Potential Loyalists
7688b172eb5a86c7470f5928e02d6e48,78,1,49.9,5,3,3,533,Potential Loyalists
768bbd3f7d68a84720367283e65ebaac,279,1,0.0,3,3,1,331,Need Attention
768e9ed92dd4fe880672c8e90dc4f74c,192,1,161.7,4,3,5,435,Potential Loyalists
769c0ea95d3febeee4fed19038785cbf,106,1,39.99,5,3,2,532,Potential Loyalists
76a5a50d60701cb6feca23fe2f1fac40,129,1,0.0,4,3,1,431,Potential Loyalists
76a667726ee3009489d90d856bd8361c,84,1,0.0,5,3,1,531,Potential Loyalists
76aa828a180266cdd5d1b32bddae4047,129,1,0.0,4,3,1,431,Potential Loyalists
76b1a1828f95354fe777be7436aa0fc4,327,1,0.0,2,3,1,231,At Risk
76b449ccab9149ae827c02c4c96704f1,248,1,192.99,3,3,5,335,Need Attention
76b7e0e8329b419ae445e9254a62b9a8,293,1,0.0,3,3,1,331,Need Attention
76bf559b3b17a29c539449167daeef6a,509,1,0.0,1,3,1,131,At Risk
76c9a12722537319e44c31e70b7815c3,109,1,28.9,5,3,2,532,Potential Loyalists
76cf4cc60c7b6d6469c49e11e9b714dc,148,1,0.0,4,3,1,431,Potential Loyalists
76d4b39c8b588b307ded0d2952d82d3e,411,1,38.99,1,3,2,132,At Risk
76d996ef3f2fdebeb51eed26bb06aee7,428,1,32.9,1,3,2,132,At Risk
76eb9d778797db59464bc0b40d044c38,391,1,29.0,2,3,2,232,At Risk
76ef492abb3414d73c62f104e7b179e3,297,1,109.97,2,3,4,234,At Risk
76f283349c070c1520b14b89a6e00b7d,170,1,359.0,4,3,5,435,Potential Loyalists
76fe97f554dca5a3d157ee7ce9ccd414,201,1,13.9,4,3,2,432,Potential Loyalists
76ffb5b3f1186c6c8022f6047ae9ead5,249,1,109.9,3,3,4,334,Need Attention
7704b4ee92be4fc9b92ec80163c45272,30,1,36.99,5,3,2,532,Potential Loyalists
77338b259868d54b539b0296b01fc635,24,1,22.6,5,3,2,532,Potential Loyalists
773be09978771b203928da3b2091ec2d,47,1,95.8,5,3,4,534,Potential Loyalists
773d6a126278eaa169f2daeb9cc23ef9,259,1,55.0,3,3,3,333,Need Attention
7747420e46d7fcad1d2fb2931e9a9da0,273,1,122.0,3,3,4,334,Need Attention
7747498b010895040e48fbeceabc0768,317,1,36.79,2,3,2,232,At Risk
77478d54ce0ee01c276292d8579f478b,268,1,98.0,3,3,4,334,Need Attention
7755ab0ce3d764fb730609e400db20cd,285,1,209.99,3,3,5,335,Need Attention
7759c54d34055599a186594e01b57af1,96,1,187.0,5,3,5,535,Potential Loyalists
776f97a51344626338b5eefded4d3a98,194,1,21.49,4,3,2,432,Potential Loyalists
77722ed28b37c30bc7d25319b0a14b73,489,1,467.0,1,3,5,135,At Risk
7775761e92837b8c5fd964d725264313,255,1,150.0,3,3,5,335,Need Attention
7784d05ea2ca9d8da18bfc63fcaa0820,300,1,21.49,2,3,2,232,At Risk
77938defe8452824069b39bc37934a81,332,1,259.8,2,3,5,235,At Risk
77a4b149542d3a21a4a8c02b9441220b,143,1,12.9,4,3,2,432,Potential Loyalists
77c213e10acbd145d50fcb035d0e86d9,178,1,88.0,4,3,3,433,Potential Loyalists
77c47b5fef16741999450430f66d39fd,532,1,0.0,1,3,1,131,At Risk
77d0352364404b096ab0509d4c841def,99,1,89.99,5,3,4,534,Potential Loyalists
77d7e027eb0c7fe85780fc9fe35e0fbd,385,1,89.99,2,3,4,234,At Risk
77d7edb12f1953a384bb3d90236c2d87,290,1,179.9,3,3,5,335,Need Attention
77e4a907ae533160f3e5220d9d9084e9,48,1,127.5,5,3,4,534,Potential Loyalists
78074258b634884e20542b012106c6df,57,1,179.9,5,3,5,535,Potential Loyalists
78110b00006c6033e83ec0e79ade3081,255,1,1350.0,3,3,5,335,Need Attention
78130fb0014a1ecce98e7faa41b6f06e,63,1,150.0,5,3,5,535,Potential Loyalists
781686ab28fa4aa5816b213c5a7d2a5b,392,1,310.0,2,3,5,235,At Risk
781ae350edb16842380e81d7c7feb431,303,1,83.9,2,3,3,233,At Risk
7822407d4ff4275ce4e812b092cc1576,92,1,122.99,5,3,4,534,Potential Loyalists
7822781d569dd1dac902e6e411fa12d9,137,1,199.0,4,3,5,435,Potential Loyalists
7828a4a1ee004bbe6665cbffbc4bf2d9,221,1,86.0,3,3,3,333,Need Attention
782987b81c92239d922aa49d6bd4200b,434,1,98.0,1,3,4,134,At Risk
7839f50558d5b6c21331887939c0f414,31,1,289.0,5,3,5,535,Potential Loyalists
7842fedad651fb80cd89f428e34e83e9,290,1,190.14,3,3,5,335,Need Attention
784934fd0ef7f0acb22a535b08ccecac,560,1,22.37,1,3,2,132,At Risk
785829119d434b68719c0a1edfeecf89,174,1,79.98,4,3,3,433,Potential Loyalists
785a8a410d6fc9661d66f7218a87229d,441,1,300.0,1,3,5,135,At Risk
785edc493eed2fb6c75f17f687351fa6,355,1,129.99,2,3,4,234,At Risk
78619698bdaf96e23374133380aad18f,485,1,0.0,1,3,1,131,At Risk
78791713501b5a7de9d65ff42dcdb016,471,1,0.0,1,3,1,131,At Risk
788dec250d1d6b67eeb6e09a0fc69389,113,1,113.85,5,3,4,534,Potential Loyalists
789821d5e65b233b2986b190868b6cb7,176,1,412.0,4,3,5,435,Potential Loyalists
78b47e917e6732e91b9fd5e23205b830,329,1,29.979999999999997,2,3,2,232,At Risk
78b6dba3bb87b3f559105c4035b14354,131,1,0.0,4,3,1,431,Potential Loyalists
78c29e3657617fa139ce31b9d7ae46a4,569,1,74.25,1,3,3,133,At Risk
78dac225c9b06836121cb53fd0084ccb,123,1,79.9,4,3,3,433,Potential Loyalists
78f40d39d4a401c047c0c26559e7775a,294,1,0.0,3,3,1,331,Need Attention
78fab739f967caf7f60c97a320f23261,53,1,38.0,5,3,2,532,Potential Loyalists
78fb70b5aa609b4b55c6ef3d0cb51faf,422,1,0.0,1,3,1,131,At Risk
79093f1f5356ceced1473035e849be7c,165,1,99.9,4,3,4,434,Potential Loyalists
790cc14129e4d076d124aafd2b9f7caa,257,1,129.99,3,3,4,334,Need Attention
7912478cc830e7e59f8dda8b2712b555,93,1,364.0,5,3,5,535,Potential Loyalists
791ba15cc2553a0c27edba3b32ef9da5,462,1,299.9,1,3,5,135,At Risk
791e514ef3b42f9f341bfb09aa8b63a3,154,1,29.99,4,3,2,432,Potential Loyalists
791fa90081e564c24a355b7e20d1c080,217,1,389.0,3,3,5,335,Need Attention
79377f2dd1a1b92c1c06fba32f1bc1eb,185,1,19.9,4,3,2,432,Potential Loyalists
7937be50771f5a064440463094da5820,149,1,18.98,4,3,2,432,Potential Loyalists
793ad164c5cac4140df0c539467cfca9,393,1,0.0,2,3,1,231,At Risk
793b11a5b927a84255954ed767754d1e,192,1,37.9,4,3,2,432,Potential Loyalists
793cd0b1c9da05e084cd9e3bb474de83,220,1,23.99,3,3,2,332,Need Attention
79444cb5bb16964eea4c5abb2d3aa023,181,1,27.99,4,3,2,432,Potential Loyalists
794a542461efefc5e9f0aed3254cbba0,62,1,0.0,5,3,1,531,Potential Loyalists
79538aee569d709ed810606a5eab6f72,534,1,199.0,1,3,5,135,At Risk
795e2dd34c208200aed85b3f44dc2a4b,293,1,0.0,3,3,1,331,Need Attention
795ec127906a9e161109399a70f5826d,512,1,39.9,1,3,2,132,At Risk
796af4fac93296428070925a8a78aaa1,422,1,69.9,1,3,3,133,At Risk
7973a6ba9c81ecaeb3d628c33c7c7c48,366,1,0.0,2,3,1,231,At Risk
79835898766e90076f8b8d49f9b725b3,554,1,26.99,1,3,2,132,At Risk
798521769d378407b587dcee426d9f56,564,1,19.9,1,3,2,132,At Risk
79859e9f052a65854540f5ef5d4dbe6a,125,1,0.0,4,3,1,431,Potential Loyalists
799bbad94152e4bf5946b21e97d6f566,237,1,34.9,3,3,2,332,Need Attention
79a1efe6acacf850e4aaf7d8bf7917c9,376,1,0.0,2,3,1,231,At Risk
79a4fa88711e09a102e206befef01bda,412,1,355.9,1,3,5,135,At Risk
79aaa40216d464f6571c1ade510d094d,376,1,59.9,2,3,3,233,At Risk
79b7e8e86acc9a48d22db8789bf4ca63,472,1,79.9,1,3,3,133,At Risk
79c3ef46b89f10777f5604a5e1ee22b5,400,1,109.4,2,3,4,234,At Risk
79c7571ac55fccbba44b6c73cf773829,243,1,64.9,3,3,3,333,Need Attention
79d8f35342ecea70787117a8861368e5,134,1,0.0,4,3,1,431,Potential Loyalists
79e12483f9b14c3254db94bd137a4b70,45,1,1349.0,5,3,5,535,Potential Loyalists
79f3d6597edbdbed1545a11e3d2fa280,591,1,391.3,1,3,5,135,At Risk
79f6bb4f638b4214ad8d62d60148a280,195,1,53.9,4,3,3,433,Potential Loyalists
7a040b1e3b90506ededb059f0ae4fc40,343,1,120.9,2,3,4,234,At Risk
7a058fb903db07aea7cad4ed26301dd1,207,1,0.0,3,3,1,331,Need Attention
7a08dd88ce7a21d946f60896cf937b83,315,1,399.99,2,3,5,235,At Risk
7a0a841d2fc8561c75cf26923e1ab48a,311,1,0.0,2,3,1,231,At Risk
7a19f3fff09616cbb1cf8fdaa05ae032,234,1,89.9,3,3,4,334,Need Attention
7a2679d6c164f6b6a2f36daf1b2fbc9d,715,1,40.9,1,3,2,132,At Risk
7a2d8bd01b6a70525547ece60da48fc3,504,1,89.9,1,3,4,134,At Risk
7a34800f09bab795d73ccbaf597523cb,195,1,90.98,4,3,4,434,Potential Loyalists
7a350426024a624cef97f797c408db97,252,1,0.0,3,3,1,331,Need Attention
7a380cb5434e6b6b5b37d45bb99dbe8a,101,2,412.79,5,5,5,555,Champions
7a43947421cb96e7abe1e0572ccac62b,167,1,0.0,4,3,1,431,Potential Loyalists
7a4593fd994912c840cf26a0ded104be,51,1,14.9,5,3,2,532,Potential Loyalists
7a4c7a21fd3aad6cc3dbffa5743d7b70,58,1,198.9,5,3,5,535,Potential Loyalists
7a53ba76258617f396248d5d2de031db,291,1,79.0,3,3,3,333,Need Attention
7a548eb1c21b3a533989d19aecb7cb80,123,1,119.0,4,3,4,434,Potential Loyalists
7a5531cd96b9def6bd36bc530f317381,288,1,618.0,3,3,5,335,Need Attention
7a58b4b37ece4d202545b0bf98a18efd,125,1,80.0,4,3,3,433,Potential Loyalists
7a60f3a8db817e4f5f33a1b19248be80,314,1,44.99,2,3,2,232,At Risk
7a670b6b2b72139db36206362bbf5140,149,1,69.9,4,3,3,433,Potential Loyalists
7a71ca03472864732dfcb00aa70b42f3,371,1,155.0,2,3,5,235,At Risk
7a944cacdbf306b47bf62fcc183c8944,406,1,0.0,2,3,1,231,At Risk
7aa123fb08cb845c66e2d2bb3dee879c,293,1,25.0,3,3,2,332,Need Attention
7aa39b5004216556ea3013c7ae23ba40,37,1,51.9,5,3,3,533,Potential Loyalists
7aa4cc10b75fde631908e6ae1066db23,297,1,58.99,2,3,3,233,At Risk
7aab2467f56023de6dfb7f80edcf746c,421,1,0.0,1,3,1,131,At Risk
7ab9d668d61c5b781832f05972a365a5,91,1,0.0,5,3,1,531,Potential Loyalists
7ac26eac431c6848694a2de6f0327524,547,1,109.9,1,3,4,134,At Risk
7ac3e91ede8dfce385f63bb7f6967383,168,1,35.0,4,3,2,432,Potential Loyalists
7adb8d1197f85b403246c5c03fd3d221,102,1,148.0,5,3,4,534,Potential Loyalists
7adc15c4b9311265f52ff75519301a23,168,1,0.0,4,3,1,431,Potential Loyalists
7ade0a53f402457e6553c68ee945cfef,37,1,78.9,5,3,3,533,Potential Loyalists
7ae7c0233394d6bb5f0e2d1ad7ac87fa,486,1,252.0,1,3,5,135,At Risk
7aedba48051dfe957b59e5d052c16f71,145,1,299.0,4,3,5,435,Potential Loyalists
7af00c004c96e4c6ba8ce54c4adcbe87,333,1,19.99,2,3,2,232,At Risk
7af9180714aa1b1b4ac52586022c6f0a,351,1,10.0,2,3,1,231,At Risk
7afcfd9fcdc57bc2266528bbfe55afbb,128,1,157.0,4,3,5,435,Potential Loyalists
7b06aa5473c44b8e05b9eeaea702f1a2,107,1,49.9,5,3,3,533,Potential Loyalists
7b0bf5b484f4bf4669e858ace1d451eb,432,1,205.0,1,3,5,135,At Risk
7b23dca3f650878cf0a0257b192a7a96,366,1,0.0,2,3,1,231,At Risk
7b24ce24de1cd6537bb9cf370a8f05f1,486,1,0.0,1,3,1,131,At Risk
7b254c5fd79d511ce28932ebc1e6c257,301,1,14.99,2,3,2,232,At Risk
7b2b0d6f9c01012c6b6c054020b896a4,253,1,0.0,3,3,1,331,Need Attention
7b2ce0e7101fcb721cc7e85d7f410520,179,1,59.9,4,3,3,433,Potential Loyalists
7b2f661532726780d00fa5288d857219,431,1,59.9,1,3,3,133,At Risk
7b32049d8495d56c8b27eae575921a60,377,1,23.99,2,3,2,232,At Risk
7b3c495cf64be8aa76ab93188c3dc386,130,1,139.6,4,3,4,434,Potential Loyalists
7b40b097c17fee289fc269d272768133,244,1,0.0,3,3,1,331,Need Attention
7b43a1dfc3298b54c74ffe3631161475,257,1,18.99,3,3,2,332,Need Attention
7b4fe29e3d988de4807aa54412e18366,188,1,93.98,4,3,4,434,Potential Loyalists
7b577b8beeca5c17d88511a4c0cf6152,346,1,197.99,2,3,5,235,At Risk
7b59df9ee77a19f488a09acbcd5a67a1,384,1,449.9,2,3,5,235,At Risk
7b5e32f31022d46fd737bf47c0c376bc,39,1,295.0,5,3,5,535,Potential Loyalists
7b6ac9f73f821832a2271276076d5c04,188,1,90.9,4,3,4,434,Potential Loyalists
7b7605b5797e73a668d8b55424f883f0,316,1,422.0,2,3,5,235,At Risk
7b7617a110435f0f5212a57af745bee0,554,1,76.49,1,3,3,133,At Risk
7b7f11928e2451cb0ec7cd2e23a22f79,357,1,179.9,2,3,5,235,At Risk
7b7f2abc7254900b25a419804ba82a30,124,1,75.0,4,3,3,433,Potential Loyalists
7b871ce95712547231108ebbbd4eceaf,242,1,0.0,3,3,1,331,Need Attention
7b908adf902011a2d10cd9dfa41202d7,370,1,65.99,2,3,3,233,At Risk
7b9c999cbf57b46a5f0f2cf8f652c3f4,128,1,245.0,4,3,5,435,Potential Loyalists
7ba1117f6db163e3bab9c57f8b2f08a4,52,1,29.9,5,3,2,532,Potential Loyalists
7ba26610e7bab91dd883e16865d6ea67,80,1,129.9,5,3,4,534,Potential Loyalists
7baac76b8ecd2581992afa42a7544934,323,1,49.0,2,3,3,233,At Risk
7baaee8aafd5bba3b6263829676af496,194,1,50.9,4,3,3,433,Potential Loyalists
7bad183933c2afc589ac4f9e6b2537e1,57,1,69.5,5,3,3,533,Potential Loyalists
7bd29d20a3652dd52bcf8c29f858709c,386,1,39.99,2,3,2,232,At Risk
7bd511dd409b8df39a6b4a5c029cc973,381,1,0.0,2,3,1,231,At Risk
7bdf68ccc25fb82d8fa0dc1b6235cc75,37,1,109.0,5,3,4,534,Potential Loyalists
7be63f0ed4d9c76ed55844021da8d5e5,177,1,149.9,4,3,4,434,Potential Loyalists
7bea9fd3f21a7a4c2907a11d03f67deb,196,1,104.9,4,3,4,434,Potential Loyalists
7bf1c59401206e31a78523077f3a1144,336,1,0.0,2,3,1,231,At Risk
7bf8aae1f297a6cf8573f9da5286435d,71,1,110.0,5,3,4,534,Potential Loyalists
7bff4fff725edd40fde6f0ac1eb0e2dc,301,1,269.70000000000005,2,3,5,235,At Risk
7c01ccb439b58048285b3615ce14d780,350,1,109.97,2,3,4,234,At Risk
7c020cb518b4fdcf5c50fa717d0fdca8,213,1,50.0,3,3,3,333,Need Attention
7c0e2a8adb00075cb0e0bbc19175c878,161,1,69.0,4,3,3,433,Potential Loyalists
7c142cf63193a1473d2e66489a9ae977,306,1,45.0,2,3,2,232,At Risk
7c16801645ee95153e17bb6e061b57f1,114,1,0.0,5,3,1,531,Potential Loyalists
7c18bfb5f489ea04f8781758940b7798,100,1,222.3,5,3,5,535,Potential Loyalists
7c1b664bbfb23001b560f3fbcb49b8ae,377,1,40.5,2,3,2,232,At Risk
7c2077547e0d1560517823d9b30315c2,59,1,39.5,5,3,2,532,Potential Loyalists
7c2d3e213a3319425db45a9a5d097cad,292,1,84.99,3,3,3,333,Need Attention
7c396fd4830fd04220f754e42b4e5bff,354,1,0.0,2,3,1,231,At Risk
7c4fe2c7eb362ded32e4d076e5c48e50,95,1,138.99,5,3,4,534,Potential Loyalists
7c5a8a93978fdb0ee0fe385f1fb7a596,402,1,56.99,2,3,3,233,At Risk
7c64114d404c93f2c4305a9f2e7dc3eb,445,1,91.8,1,3,4,134,At Risk
7c72a48460762de7efe57efe71dd2324,472,1,29.0,1,3,2,132,At Risk
7c74eafe37979f7cad43c4cae0769b74,162,1,159.9,4,3,5,435,Potential Loyalists
7c7784989c26e7796a6820c794f68008,286,1,0.0,3,3,1,331,Need Attention
7c9413ff10fed052fb495b0ad0cec637,201,1,59.99,4,3,3,433,Potential Loyalists
7ca7d05c3739c2094a9e6d508877cd12,183,1,110.99,4,3,4,434,Potential Loyalists
7cab4e7f573b9a8884cfd1c325b38067,282,1,79.9,3,3,3,333,Need Attention
7cacb8e960b2e07264dac972eb1acf29,177,1,18.75,4,3,2,432,Potential Loyalists
7caf7197bf231963249e66cb4ce875d5,66,1,65.69999999999999,5,3,3,533,Potential Loyalists
7cb06ad872b656ba082615bfbc6cc0af,265,1,0.0,3,3,1,331,Need Attention
7cb86a4e8ed957f7cd2a1205c3c04c92,293,1,0.0,3,3,1,331,Need Attention
7cc17d0bf42c09b78ee39fa4c3520633,247,1,67.87,3,3,3,333,Need Attention
7cd0a8587d428fea43cd6a0bdb64f676,509,1,49.9,1,3,3,133,At Risk
7cd747a15b6eb374e2706259c27e96a8,130,1,0.0,4,3,1,431,Potential Loyalists
7cd82b098982a246bc758a0241267b80,401,1,35.9,2,3,2,232,At Risk
7cdeefc6dd2959cb9202287174ca09ad,134,1,598.0,4,3,5,435,Potential Loyalists
7ce437bd982d7e69bae09a055b564893,191,1,370.0,4,3,5,435,Potential Loyalists
7cecee7f130941c470e112c8c9234e4e,49,1,89.9,5,3,4,534,Potential Loyalists
7ceef56a99bac51a85332ec4e0659ac7,343,1,104.9,2,3,4,234,At Risk
7cefed48f155073afe33b11d943adeef,158,1,19.9,4,3,2,432,Potential Loyalists
7cfba6e55439cae3fd2479d62fafe67f,102,1,119.9,5,3,4,534,Potential Loyalists
7d158f949f1660ed53bbd1a670a9eab4,430,1,54.99,1,3,3,133,At Risk
7d15b5b3609f450652ddc385d624a2cc,368,1,89.88999999999999,2,3,4,234,At Risk
7d185d821a11c769636247766f1fd45e,298,1,109.9,2,3,4,234,At Risk
7d23932bed18bb15fea519d84389c3a3,54,1,49.0,5,3,3,533,Potential Loyalists
7d23ca9b9d5f41298ec3ccbb2ff637d8,223,1,49.95,3,3,3,333,Need Attention
7d27012b117e625faff580bec7cdf2e1,213,1,164.0,3,3,5,335,Need Attention
7d3af805295c05f0b9379b88a779e6c1,344,1,119.8,2,3,4,234,At Risk
7d46e00d5460d09dba085073c0873c35,559,1,37.99,1,3,2,132,At Risk
7d49da9819094a2c022e99bd3e7962e4,367,1,0.0,2,3,1,231,At Risk
7d4c8f6ad946c29d7fe6500d6e7179ef,196,1,0.0,4,3,1,431,Potential Loyalists
7d742fad5711f2905335c7129b63a718,275,1,30.9,3,3,2,332,Need Attention
7d7614482b7a72d2226a280f1d3c180c,30,1,39.99,5,3,2,532,Potential Loyalists
7d7f16a95cab713f553bd92a80d3e10e,371,1,249.9,2,3,5,235,At Risk
7d8299b25701f2676b473d4dd409283d,134,1,36.5,4,3,2,432,Potential Loyalists
7d8a9ef4f0a615254877794fbcad3daf,228,1,0.0,3,3,1,331,Need Attention
7d8edfd1d3efadef19da57a63d21ed92,186,1,49.49,4,3,3,433,Potential Loyalists
7d9d637ca00bcc10eaa49e3483a256ef,237,1,27.98,3,3,2,332,Need Attention
7da121617fb1854d7deaae5e49d7fd94,204,1,29.9,3,3,2,332,Need Attention
7daa7f83ef0ca0a09558509d899dc092,418,1,29.9,1,3,2,132,At Risk
7dac7097370c4cf1b3f4d49108f20a87,292,1,650.0,3,3,5,335,Need Attention
7db1dd56aeb565eb3b144f4ade4d7e0e,247,1,39.9,3,3,2,332,Need Attention
7dc9f5b742ea9e6e4cff3ca5b1c8a78b,32,1,299.0,5,3,5,535,Potential Loyalists
7dcb5dc118b501f403aceeb6d438f33f,243,1,0.0,3,3,1,331,Need Attention
7dd2c905ddaf64b18b82f8709eb79649,359,1,0.0,2,3,1,231,At Risk
7dd77892175c704aab875ba11e9d9948,79,1,48.0,5,3,2,532,Potential Loyalists
7dddd924d92a307ffa2261b855b4ac27,176,1,53.9,4,3,3,433,Potential Loyalists
7e0817d37d7dce9656abe2490b5b47cf,142,1,115.0,4,3,4,434,Potential Loyalists
7e10101903281ff2e9f358f9dcb37418,277,1,0.0,3,3,1,331,Need Attention
7e1681f9bb31800364869a2cdbe289db,303,1,89.99,2,3,4,234,At Risk
7e222c2054b16d50c5c2e746d14dc313,37,1,0.0,5,3,1,531,Potential Loyalists
7e251bdcd9072568271fe5b5b824b6be,383,1,1499.99,2,3,5,235,At Risk
7e2a8ae1e36400f3da3f99af72023648,576,1,49.99,1,3,3,133,At Risk
7e2f83fa75de1dc850d9a9d755a5ddbc,90,1,78.0,5,3,3,533,Potential Loyalists
7e30d2336a1f1182766cf6fb863d5554,128,2,0.0,4,5,1,451,Loyal Customers
7e3baefc30c4c3a12ee54e079f48eacb,385,1,89.9,2,3,4,234,At Risk
7e49d5a69b6825991678c670e495f1b1,61,1,96.0,5,3,4,534,Potential Loyalists
7e53be3b41e7986cd63505b7d577b9af,242,1,229.99,3,3,5,335,Need Attention
7e5641367b72c03fbc85a214e150060f,197,1,159.0,4,3,5,435,Potential Loyalists
7e62c36d2d39693fe8d85490a22a9280,494,1,0.0,1,3,1,131,At Risk
7e64f6ec6e52ccf5e45509b9949e0a28,111,1,24.9,5,3,2,532,Potential Loyalists
7e676e17afba65f46a52fdfb9f382d72,98,1,91.3,5,3,4,534,Potential Loyalists
7e69734dad7cfcbe95aa59f38095057d,449,1,179.8,1,3,5,135,At Risk
7e7730c025f8195d40ac4d0050fcf37f,197,1,55.9,4,3,3,433,Potential Loyalists
7e77d2206e1198060426893237e14964,58,1,68.5,5,3,3,533,Potential Loyalists
7e7cb315f1552e0c390b5879c25bbc55,137,1,199.0,4,3,5,435,Potential Loyalists
7e7ef2098031a8f5a9b364db74672aa1,291,1,0.0,3,3,1,331,Need Attention
7e7f74ebcb61f6fba286b37002d3f93c,395,1,29.99,2,3,2,232,At Risk
7e8ec368d51d96e6507e6cca6953dedb,453,1,24.75,1,3,2,132,At Risk
7e91ec540af718ab375b1d13271e9543,497,1,0.0,1,3,1,131,At Risk
7e951ae967a7acd00fbb3159346ad0f4,417,1,0.0,1,3,1,131,At Risk
7ea3dc64a652d699ace3048e904c561b,289,1,219.9,3,3,5,335,Need Attention
7eb01375acdb31f459378ee720ab1121,59,1,74.99,5,3,3,533,Potential Loyalists
7eb01c1ef439cd15ed3a4cc601d15dd8,59,1,0.0,5,3,1,531,Potential Loyalists
7eb6b25c03556dfd2a2ee982f42074c2,307,1,199.9,2,3,5,235,At Risk
7eb98c8ac32bd7ba702254f3aca26274,515,1,49.99,1,3,3,133,At Risk
7ebd452b586a9c80f3b3f02ad10b0fbb,166,1,0.0,4,3,1,431,Potential Loyalists
7ebe00e01c4656d609e1ca0f7e566999,364,1,69.99,2,3,3,233,At Risk
7ed8d1247cda7ef2b3a12039f941194e,180,1,19.9,4,3,2,432,Potential Loyalists
7edbc949aecddf459d369122349bd6ea,300,1,79.99,2,3,3,233,At Risk
7edcbf8f82a009e1dbc9bb7d288fe1e8,550,1,99.0,1,3,4,134,At Risk
7edcd431e5217e39f6d9aed45385d3cd,132,1,40.0,4,3,2,432,Potential Loyalists
7ee317fb77d0482937ddf05062f3d5df,398,1,219.99,2,3,5,235,At Risk
7ee9e6c80bf1b7ec4a52639eab6c128c,571,1,0.0,1,3,1,131,At Risk
7efa5eed041889e5244fabf58cfd7261,304,1,91.0,2,3,4,234,At Risk
7efc49d7862ee114c0ca869b439bf381,321,1,2874.0,2,3,5,235,At Risk
7efe82de6f73c5310774575c3065409a,66,1,35.9,5,3,2,532,Potential Loyalists
7f08c03efa1d0b682c4cc4dc4d5afe56,254,1,259.9,3,3,5,335,Need Attention
7f0b669932ffd8ac97d38b4dec098e47,211,1,149.9,3,3,4,334,Need Attention
7f14bee9eea922025f59bf605488435f,413,1,0.0,1,3,1,131,At Risk
7f1652269d7ca3afaec1263781f389ae,391,1,0.0,2,3,1,231,At Risk
7f1a0526c7adce7aa7930bf2e34fa3c8,364,1,99.0,2,3,4,234,At Risk
7f2293fcdddb291f4e23e0f5d94bc2b6,443,1,0.0,1,3,1,131,At Risk
7f27ed07f4f3806ca9ae65b97f1e9ef2,483,1,130.0,1,3,4,134,At Risk
7f2a3bcef7f1ac62f0020784d1986eea,375,1,0.0,2,3,1,231,At Risk
7f2c153050a43c7990f09dc3bb301a76,300,1,45.9,2,3,2,232,At Risk
7f2eb9cf900070f2e7a7f0e95719f85b,161,1,0.0,4,3,1,431,Potential Loyalists
7f2f31754009560fbc58a01c26abb5a7,63,1,159.9,5,3,5,535,Potential Loyalists
7f3e5bfe3c5927b987d875d005af1934,349,1,179.49,2,3,5,235,At Risk
7f3e8656011a9b8d6c12df5991ca69ff,79,1,38.0,5,3,2,532,Potential Loyalists
7f40151ffb4924687a0204e9af47b04f,219,1,0.0,3,3,1,331,Need Attention
7f48c2671dde965a4017d66d1f8ef9b2,32,1,0.0,5,3,1,531,Potential Loyalists
7f4f709af2fd8fea44aacd30bca46264,307,1,369.4,2,3,5,235,At Risk
7f50c43baa66aae590aa1a067427cce5,337,1,24.0,2,3,2,232,At Risk
7f5bd56f922fc14c92bfa3491f6b2705,372,1,75.0,2,3,3,233,At Risk
7f5fd837ad25b075bd3b583481e11df6,351,1,119.99,2,3,4,234,At Risk
7f6611fcb714cdefe7b41d8d7ff793d6,90,1,14.9,5,3,2,532,Potential Loyalists
7f7495ab31271fa1bc8423b7db5ea274,289,1,89.99,3,3,4,334,Need Attention
7f78ef49a3ec6ff5ca63eb05bf82fefc,60,1,0.0,5,3,1,531,Potential Loyalists
7f8727dbee61eb0badcc8b6010aa46bd,147,1,0.0,4,3,1,431,Potential Loyalists
7f873e2c98b19dfcae0db3c0ba919905,207,1,0.0,3,3,1,331,Need Attention
7f9c01a7507d983a18bd61104ad0f3ed,95,1,199.0,5,3,5,535,Potential Loyalists
7fa04dfbc22880710a5b2cd2319771fa,244,1,0.0,3,3,1,331,Need Attention
7fa3f8a493bb8ed3a71943f0f734c429,349,1,0.0,2,3,1,231,At Risk
7fa7ba885b03d2c06982d96ecbcddb0d,77,1,49.9,5,3,3,533,Potential Loyalists
7fbb6d8f1f76288d32ab1a4e74da34c5,605,1,0.0,1,3,1,131,At Risk
7fc2c421252081c686b320d8755ca82c,419,1,56.9,1,3,3,133,At Risk
7fc951e458a48c2688486469e267a004,287,1,54.0,3,3,3,333,Need Attention
7fcba42041eaec8f0b20ea6afdfe15df,147,1,56.99,4,3,3,433,Potential Loyalists
7fe369a374dba4f97910c97f42cd6d6c,325,1,49.9,2,3,3,233,At Risk
7fef4de812315967e0c7b699e88c5753,489,1,0.0,1,3,1,131,At Risk
7ff0197ba562b5d83bfe9cc3e64dec79,506,1,121.99,1,3,4,134,At Risk
7fffdbfdb2ad76e8b7e3555c6520e0eb,175,1,17.0,4,3,2,432,Potential Loyalists
80172250f4b01859c09d7308e3090a5f,484,1,28.18,1,3,2,132,At Risk
80282a1a77281692a0339c2a08d0e6af,242,1,18.9,3,3,2,332,Need Attention
802fc620c605578d990d6adee0138983,494,1,0.0,1,3,1,131,At Risk
8031dbaed180f63387289db3223406f5,93,1,95.0,5,3,4,534,Potential Loyalists
8033f408bcb75134075db3eb60b49937,405,1,198.0,2,3,5,235,At Risk
803745e28953d4e624617873448f2118,81,1,299.0,5,3,5,535,Potential Loyalists
803c7901a46efc90aec32e744c008b4a,185,1,0.0,4,3,1,431,Potential Loyalists
803c79929e84a92a233e3a619b021e3f,517,1,369.0,1,3,5,135,At Risk
803cf2051fccfd1c128910329ecc6968,280,1,138.0,3,3,4,334,Need Attention
8047663cc2501e282cbabfca268ecd60,55,1,39.99,5,3,2,532,Potential Loyalists
8051546e4730145100f73eb919000a81,351,1,159.99,2,3,5,235,At Risk
805363c3cdfb04fca106609664537903,300,1,19.9,2,3,2,232,At Risk
8056ad5fa2f60432765758ccd7f037d4,592,1,109.99,1,3,4,134,At Risk
806208e553859c0d15bfad9869b82ab6,102,1,23.99,5,3,2,532,Potential Loyalists
806b0845600ffa2d9291fe036eb4caf3,132,1,90.0,4,3,4,434,Potential Loyalists
8070421f2403a1c13d1b4f38e4a76914,185,1,68.99,4,3,3,433,Potential Loyalists
807241193998f88941b5e369c762b9b7,310,1,133.2,2,3,4,234,At Risk
807296d62da788dec65e395496233222,216,1,16.5,3,3,2,332,Need Attention
8082996e039c772b71d8df530f5fea4f,469,1,0.0,1,3,1,131,At Risk
80846d571262926feb13147a5965a9ba,623,1,34.9,1,3,2,132,At Risk
80877462f1e8e7f01d9f953846dace4d,160,1,95.0,4,3,4,434,Potential Loyalists
808942bbefc6f873eddfc7821ef89a6a,239,1,58.0,3,3,3,333,Need Attention
809315a1949aaa03742fd32f417e05ca,469,1,134.9,1,3,4,134,At Risk
809ce1ac1085b68cba28dcc31e08ac22,314,1,0.0,2,3,1,231,At Risk
809ef7517bef25761d1d8595dbd9db0b,129,1,25.99,4,3,2,432,Potential Loyalists
80b47854804624b05010c421342b755d,367,1,21.5,2,3,2,232,At Risk
80b5c70d20058c553d662a56cbff22e5,298,1,98.0,2,3,4,234,At Risk
80b6a368bb78dea2539249804957a779,382,1,89.99,2,3,4,234,At Risk
80bb27c7c16e8f973207a5086ab329e2,438,1,147.9,1,3,4,134,At Risk
80c005e764b7eb039df094f0c3e22c70,200,1,59.9,4,3,3,433,Potential Loyalists
80c90ad8b349c3d26dc554492c280448,233,1,679.0,3,3,5,335,Need Attention
80d1acba72cc1dd62e91c5858bed0ef2,321,1,0.0,2,3,1,231,At Risk
80e00a7b9ead7590bf05116f0237c896,402,1,189.99,2,3,5,235,At Risk
80e92ac8980c0466b0e312d53fdda748,102,1,0.0,5,3,1,531,Potential Loyalists
80ea9b35f8854abb863d90d42261c8fd,434,1,20.9,1,3,2,132,At Risk
80f57b3b7146982298ace38333bc7361,107,1,20.0,5,3,2,532,Potential Loyalists
81050b2b79121c8c187dfb112f322ea2,403,1,69.9,2,3,3,233,At Risk
810c710aa4f69da0a93dbc4932e3556f,372,1,39.9,2,3,2,232,At Risk
810def6bb8f8c33be446269adcb3400c,359,1,89.99,2,3,4,234,At Risk
810e3ae74920002d70c093edc274de56,586,1,43.9,1,3,2,132,At Risk
811eb213107b867d8040702972f180fb,235,1,105.0,3,3,4,334,Need Attention
8130a5b332a233457aad5d824b9df2cb,715,1,128.9,1,3,4,134,At Risk
8131bd36a12397d16fdc61fb8cdb0132,276,1,139.9,3,3,4,334,Need Attention
81337c15685ad8f9c5fec9ce8762d064,301,1,132.8,2,3,4,234,At Risk
813585153cd8b4b6c06e576d818ec985,364,1,59.99,2,3,3,233,At Risk
8141b3314eae4933d7029781cd8ee1c5,56,1,33.9,5,3,2,532,Potential Loyalists
816092f5825c3e2cdfdd4af546d4d04c,85,1,78.0,5,3,3,533,Potential Loyalists
8163a1aaa6da7b99c881995e4f45a983,545,1,99.99,1,3,4,134,At Risk
8166ab68030fd04c8dc0de68122091ac,144,1,0.0,4,3,1,431,Potential Loyalists
8174995fcbfc9db5d3b92df3afdf04a8,355,1,49.99,2,3,3,233,At Risk
8176dcb6bfd2aeb26c35863d2cdf5c54,285,1,49.0,3,3,3,333,Need Attention
81823f8c0aac243529e583ef9eee3676,476,1,37.9,1,3,2,132,At Risk
81acf66173bb80d6988f3aa37d56176b,297,1,0.0,2,3,1,231,At Risk
81b133c3f4e30a14a6585a2f20ff150f,455,1,69.9,1,3,3,133,At Risk
81b6c19bee3e72e8cdec6bfa0cc6b4ac,469,1,0.0,1,3,1,131,At Risk
81c32144b6a09db6afb39476c7fa1bef,331,1,182.0,2,3,5,235,At Risk
81c77a75270704be7d9732688b54670c,394,1,59.9,2,3,3,233,At Risk
81cfe11d1b667c768e77b6a9db5fe9b3,179,1,129.9,4,3,4,434,Potential Loyalists
81d45f2cb2b1bd8fb94d5ea3fbbfd612,274,1,64.9,3,3,3,333,Need Attention
81db097ffce4bd958cfffeca7c41e301,238,1,178.98,3,3,5,335,Need Attention
81def1193ae82b7a35da05d0565767fa,587,1,0.0,1,3,1,131,At Risk
81e4010e03542920c2ed6a9e4e818c5a,45,1,15.55,5,3,2,532,Potential Loyalists
81e76bec3ed10f1142ddd6ceec03718a,340,1,38.9,2,3,2,232,At Risk
81ec83db6df37d3fb8dea9143e1688a8,189,1,56.0,4,3,3,433,Potential Loyalists
8232307186e5914a3bcf85d23e5f447a,102,1,180.0,5,3,5,535,Potential Loyalists
8234ef6394990aa58bc7078911f82f1b,423,1,119.0,1,3,4,134,At Risk
82380b485ec5234cdd668f5531791200,185,1,590.0,4,3,5,435,Potential Loyalists
8249686a806918848deca8e070f8995e,408,1,81.0,2,3,3,233,At Risk
8251ed483369858c120beaede24c5ff6,449,1,52.9,1,3,3,133,At Risk
825cc36c0efad99b50473d8d29e9e33b,341,1,119.99,2,3,4,234,At Risk
825d3949166e60c38be0fa30394176a0,334,1,689.4000000000001,2,3,5,235,At Risk
826303f32007dc49ba0fbf597caf80ec,139,1,110.0,4,3,4,434,Potential Loyalists
826c449cf40b8267142abd5c6e753ae2,545,1,18.99,1,3,2,132,At Risk
8279be4e9b2fbb615ace365178b785a0,76,1,84.99,5,3,3,533,Potential Loyalists
8284db19cf25ea2d402d03d10ff6c7d0,420,1,0.0,1,3,1,131,At Risk
828a8eb27198a85e88b5bd7721a550b4,420,1,109.9,1,3,4,134,At Risk
829eb0feec6f6c9951cba042e10c6960,133,1,174.99,4,3,5,435,Potential Loyalists
82a1b94574f9998850b808a80c8ac63f,451,1,49.9,1,3,3,133,At Risk
82a7d2deca38556c56f1fa8ed11fb08f,512,1,110.3,1,3,4,134,At Risk
82ab8d779ce526b08d6b92769be44c49,253,1,126.99,3,3,4,334,Need Attention
82af14f8016b232e088146dc208b60af,192,1,0.0,4,3,1,431,Potential Loyalists
82b6a2e2d907efea9282dc7aeff94c79,147,1,0.0,4,3,1,431,Potential Loyalists
82bbfd611198a89d2be66389d603e4ba,294,1,31.9,3,3,2,332,Need Attention
82cb8c783b1700af07ae77355cc81c70,452,1,14.9,1,3,2,132,At Risk
82cbe18a587cb972ef38ea261c260740,204,1,59.9,3,3,3,333,Need Attention
82cf026d2029de6c690c1248f63962d4,447,1,87.96,1,3,3,133,At Risk
82d328834d8318d50237978464defb0e,199,1,0.0,4,3,1,431,Potential Loyalists
82d3e8adcc5eaecb0594f0b20a105d93,127,1,249.0,4,3,5,435,Potential Loyalists
82e16480f3404a46a30cd9976acdb161,419,1,75.0,1,3,3,133,At Risk
82e234f722a0424865f264e825423f24,470,1,42.9,1,3,2,132,At Risk
82e96180bc6414637a1c25c69d36037e,573,1,114.9,1,3,4,134,At Risk
82f522761f4f6458b850c7ebaafee1ea,300,1,39.99,2,3,2,232,At Risk
82f63f26a9137f4d215a3f9a7a62977e,240,1,119.0,3,3,4,334,Need Attention
82fb46292a999e7db9e2391c407f76e4,498,1,26.89,1,3,2,132,At Risk
82fcbfcf8fcccb37a3e162dcab646718,300,1,121.5,2,3,4,234,At Risk
8303ded906a12765f58a59e11386acf4,588,1,6.57,1,3,1,131,At Risk
831a032a3327e2b8325faf9d37953870,132,1,270.0,4,3,5,435,Potential Loyalists
8329519e31cb1b89bd44c3c6ae417ad6,711,1,11.9,1,3,2,132,At Risk
8337b30c655f04397bf9d00091475419,323,1,25.99,2,3,2,232,At Risk
833921e810f165ecd4d84c15c656bd98,202,1,369.9,4,3,5,435,Potential Loyalists
833974ee91dd452c264e016409614690,295,1,59.0,2,3,3,233,At Risk
833aa52735ad47163e479b4684b0f82e,294,1,49.9,3,3,3,333,Need Attention
83418c2218f970f9c17d5dca6f775f60,572,1,59.8,1,3,3,133,At Risk
8341951b6f798010a018acbb7ef8f0e2,97,1,36.9,5,3,2,532,Potential Loyalists
83450bc87c9135bf76eccb936c559f8b,393,1,68.0,2,3,3,233,At Risk
83476105a4e9a12fcddd09081dc6cefe,71,2,199.6,5,5,5,555,Champions
834d38a7d116877744264152f8cbb4f9,330,1,49.9,2,3,3,233,At Risk
835118867c6782d84b62ed6c3c9db455,215,1,60.0,3,3,3,333,Need Attention
83588092e958b8f322c1bb40c20a8428,248,1,32.0,3,3,2,332,Need Attention
8373cc590948654ebaca5318074397ba,369,1,155.0,2,3,5,235,At Risk
8376b5530eac9f3fceb2ae8f7c58947e,215,1,90.0,3,3,4,334,Need Attention
83795f9c6093934678c1ca1d1a943dda,178,1,69.9,4,3,3,433,Potential Loyalists
8381bb7c1a0fac1247790fff95b56df6,54,1,319.5,5,3,5,535,Potential Loyalists
839c363922615cf40c8fe20a1fe505b6,57,1,177.67000000000002,5,3,5,535,Potential Loyalists
83a5ba30a932fa199f0bb83557d3c1c4,138,1,0.0,4,3,1,431,Potential Loyalists
83a660cd68c5879571b819200b90a74a,228,1,489.9,3,3,5,335,Need Attention
83aba9785dbb2e81044c9da5fa9e740c,182,1,118.0,4,3,4,434,Potential Loyalists
83abd11daa7c9c89e248e0ac8806d296,298,1,90.0,2,3,4,234,At Risk
83ae3211482988043fe83d0231270370,85,1,0.0,5,3,1,531,Potential Loyalists
83becb81c1eece4f3d1f7898a775509e,190,1,98.0,4,3,4,434,Potential Loyalists
83bf39384884016d6218c5cee2dca7e7,252,1,198.7,3,3,5,335,Need Attention
83ccefd1c66a787e7bd1be2601b558e4,95,1,93.9,5,3,4,534,Potential Loyalists
83d1d424c386ddd0ee98407d038bcdb2,296,1,64.9,2,3,3,233,At Risk
83e4c3f55854c0fff86e25063f1c427e,236,1,99.0,3,3,4,334,Need Attention
83e87d38981219b636282a1ae1ec7e8f,87,1,55.0,5,3,3,533,Potential Loyalists
83f6b0c43f9281884da6fb400b587207,69,1,39.8,5,3,2,532,Potential Loyalists
83f7218d5d9227877fc3cc94c8d76022,128,1,71.8,4,3,3,433,Potential Loyalists
83fa3228f0ecdbe2e332db90357ce16d,223,1,74.9,3,3,3,333,Need Attention
83faa5fb102b850f97c0496302cf67ed,296,1,0.0,2,3,1,231,At Risk
84032c13e75382a35c99ae73156b30b9,381,1,135.0,2,3,4,234,At Risk
8405f731b36baec7dfc9501225f9b117,570,1,59.98,1,3,3,133,At Risk
841088947a30cfa375e8a39161760234,215,1,0.0,3,3,1,331,Need Attention
84220a49722bfd4dbbee9b4d13516111,58,1,70.0,5,3,3,533,Potential Loyalists
843091dadcbbc401bff7450c81ae48f5,296,1,120.0,2,3,4,234,At Risk
8435888e6fe36391280b28b89412fabf,431,1,145.0,1,3,4,134,At Risk
84394f56850c9f22ebf0013c1476cfb0,352,1,83.9,2,3,3,233,At Risk
8446991c51b227e838433187acbd1181,240,1,24.95,3,3,2,332,Need Attention
844f54c49898195cea2b5ce2f541b586,486,1,199.99,1,3,5,135,At Risk
8463acc278a8687036190453074efb4c,184,1,69.0,4,3,3,433,Potential Loyalists
84719028dec21814e9a26fbfc82f3633,210,1,249.95000000000002,3,3,5,335,Need Attention
84821d3b23078095ceaa4bd87a95caa5,568,1,169.9,1,3,5,135,At Risk
8489c1cdbf5c5090f9a8bbf5f280c395,221,1,28.45,3,3,2,332,Need Attention
84ad62f33ddb6b13553a850fd3dc2b08,306,1,78.98,2,3,3,233,At Risk
84b30a3911cd816a291e320ec074edc8,183,1,199.8,4,3,5,435,Potential Loyalists
84b5012d933ff251917aa48ff80739f0,189,1,269.0,4,3,5,435,Potential Loyalists
84b73c5705b4ab02fc6556e377ccef05,240,1,28.9,3,3,2,332,Need Attention
84d33b66fe100b491fa20d4ff2887849,545,1,25.98,1,3,2,132,At Risk
84d416694948fd681e59f5c6fb216999,31,1,155.7,5,3,5,535,Potential Loyalists
84e0688353bf674f564e79eafc025b5b,598,1,170.0,1,3,5,135,At Risk
84e15d7bf7388e7c3b6233f4076c3f43,85,1,399.0,5,3,5,535,Potential Loyalists
84e6344dba04579fafbfedb7e49957ec,173,1,149.9,4,3,4,434,Potential Loyalists
84e7f7ff867ca2ebcdbe1f789aa7d2f5,103,1,39.9,5,3,2,532,Potential Loyalists
84e905ad975d5d2149146731168b5d65,513,1,279.9,1,3,5,135,At Risk
84fb1a23195812de513cead8d4d8e679,352,1,0.0,2,3,1,231,At Risk
84fd4953e8dc540fd9dc1593a2361e2e,276,1,12.49,3,3,2,332,Need Attention
84ff702056319d369f8a23d34511d388,168,1,69.9,4,3,3,433,Potential Loyalists
85030cd9eacad0c7d2d8e842e463bed2,170,1,168.9,4,3,5,435,Potential Loyalists
8503a6f694706c9dd1c3b567ab0e3a19,245,1,109.9,3,3,4,334,Need Attention
8505734f21396405b5477c75a45734fe,287,1,0.0,3,3,1,331,Need Attention
850e8006b4f239916012dfd4f9bdeb0e,119,1,0.0,4,3,1,431,Potential Loyalists
85234917cd71e079f2cb073da6f28fdb,375,1,59.9,2,3,3,233,At Risk
8533fef411165ea5df3fe583670a76cf,190,1,109.99,4,3,4,434,Potential Loyalists
853d372445d1207c07c8c08571734d1c,100,1,319.0,5,3,5,535,Potential Loyalists
855e730893171da01614bf6347acaa9c,402,1,199.99,2,3,5,235,At Risk
8569b1ec8de431c141526e02e3ac0d35,255,1,211.8,3,3,5,335,Need Attention
857104e1bfb81cb14e88ff07d1b22c70,555,1,169.9,1,3,5,135,At Risk
8581bbeb56d3b44ff048f21b5d74eeab,575,1,270.15,1,3,5,135,At Risk
85822dfcef7586733032bf270baeeb18,28,1,0.0,5,3,1,531,Potential Loyalists
85844faa46c21288b566e98c30d4cd6b,247,1,89.0,3,3,3,333,Need Attention
85a3d153f16a1f00c32905725d1e3b81,189,1,529.0,4,3,5,435,Potential Loyalists
85ac3e23bde65bd5628fdd6f15db5295,155,1,107.8,4,3,4,434,Potential Loyalists
85b8e57bd6da1c3c8d360436213b9a9b,316,1,109.0,2,3,4,234,At Risk
85c8172f9352ed5b515ae8cfe0315bfa,177,1,138.5,4,3,4,434,Potential Loyalists
85d234692f7bee8d6fea586e237334b6,135,1,45.0,4,3,2,432,Potential Loyalists
85dcde3d41cbff3399a2592475e254e8,219,1,29.99,3,3,2,332,Need Attention
85dd6b4f5819c17f3694b42d01c64291,82,1,182.72,5,3,5,535,Potential Loyalists
85e315c0f8586e7c418345f113072d67,191,1,0.0,4,3,1,431,Potential Loyalists
85e80b64242ae28f803b4b1151f0f209,214,1,37.9,3,3,2,332,Need Attention
85eb32c3333fdecda3039791ed23c56d,400,1,99.99,2,3,4,234,At Risk
85f577ceedf143eb1f3248c42e7c52f3,602,1,49.99,1,3,3,133,At Risk
8603ccc4afbcfab372c4b04d061502f7,392,1,349.9,2,3,5,235,At Risk
861e2a5848de1a3e8fa544236a8369f9,397,1,104.0,2,3,4,234,At Risk
86246b1ae68b9e35ca0d5b6dc0350333,573,1,0.0,1,3,1,131,At Risk
8634c5c43008d9ce2a96eecaca8fe2fe,164,1,34.99,4,3,2,432,Potential Loyalists
8639374fa74fade3b0f3f5381297b88d,127,1,83.99,4,3,3,433,Potential Loyalists
8645dee8ea3f9ebc5d35d265f7d5564b,231,1,0.0,3,3,1,331,Need Attention
86466e264fde8cca4fd07bec8d83fe96,364,1,13.0,2,3,2,232,At Risk
864a5b24e1ab37fc69e0c35fbe4caed3,159,1,93.0,4,3,4,434,Potential Loyalists
864f6f21401e4cf51ae232498bdf15bb,392,1,58.2,2,3,3,233,At Risk
864f8cca797b7b408151e0d723f14e54,146,1,59.58,4,3,3,433,Potential Loyalists
865beeccce9e5e942d09075165302d8d,300,1,18.0,2,3,2,232,At Risk
865dec7a34ed7880aef2046e4bdb0dbe,38,1,119.9,5,3,4,534,Potential Loyalists
8662cfd7c896db5d197d2df12ae06bd6,220,1,198.0,3,3,5,335,Need Attention
86669cc06c6e824b3f2edfc2daef762e,84,1,49.99,5,3,3,533,Potential Loyalists
866950ac7c5063d4a102b0c2a20235c8,129,1,103.9,4,3,4,434,Potential Loyalists
86856cc8c9e2e86be64b9d4c905777c4,220,1,0.0,3,3,1,331,Need Attention
8687a77031ee88331877a7094106865d,189,1,0.0,4,3,1,431,Potential Loyalists
8689753ac05594f16b97e8bd556b50b0,290,1,257.6,3,3,5,335,Need Attention
86b0aa3acd7e8f7427c8915780f5cd27,228,1,369.95,3,3,5,335,Need Attention
86b166f19d82cd55747a81a7e811198f,227,1,18.9,3,3,2,332,Need Attention
86b34f555a5037aabc714c718f8e2af9,210,1,59.99,3,3,3,333,Need Attention
86b59358310b208f822e416e59c96672,283,1,139.0,3,3,4,334,Need Attention
86badf62319a7671b78a73b6b1e69fbf,555,1,0.0,1,3,1,131,At Risk
86c784df61be3f1ad4d8d152011b956f,160,1,22.99,4,3,2,432,Potential Loyalists
86c7f24cd4a516836d36d9cd6eb43aac,415,1,27.9,1,3,2,132,At Risk
86c8e33d547eea8ff5008a3a65a4aba2,152,1,100.0,4,3,4,434,Potential Loyalists
86d665d743ac6fc7a69c5f97c1264ea9,104,1,394.65,5,3,5,535,Potential Loyalists
86d98f44b4dd40f323efc0144feb1b53,251,1,90.9,3,3,4,334,Need Attention
86eeac369ea14ddf7a454a0ce003e5c6,363,1,149.7,2,3,4,234,At Risk
86f23d17b5a5127c1aba5087edd533d8,216,1,0.0,3,3,1,331,Need Attention
86f5ea139f5fb8d91a5a340d85b128e4,402,1,115.97,2,3,4,234,At Risk
870178bb663b22666c8baedee31cbabe,191,1,189.9,4,3,5,435,Potential Loyalists
870ae8be0413853f9fd9249043f82ba6,90,1,65.5,5,3,3,533,Potential Loyalists
8718d37e3e19a80c134708dbe5815732,312,1,84.9,2,3,3,233,At Risk
87294fce1514370610fffed59eae5e97,245,1,29.78,3,3,2,332,Need Attention
872c12589f34508f4df8c0dbcc0988c0,163,1,28.49,4,3,2,432,Potential Loyalists
8731e1c5aa27eced509f47d8012ff81e,300,1,63.6,2,3,3,233,At Risk
87373d8de65291713976177daa06690b,257,1,53.99,3,3,3,333,Need Attention
873955fc322cc2bb2ddbbdfaae0698bb,220,1,80.0,3,3,3,333,Need Attention
87405287e4eacd8bb0c09052e9c8ab73,65,1,25.0,5,3,2,532,Potential Loyalists
87574f1c1bce57c02b834d74d909c9f9,247,1,325.0,3,3,5,335,Need Attention
875a8799fbbac7a0f209714bebde4f1e,288,1,49.9,3,3,3,333,Need Attention
87603dde65ee7120467ddda1a883bb24,362,1,59.99,2,3,3,233,At Risk
87776adb449c551e74c13fc34f036105,717,1,29.99,1,3,2,132,At Risk
877841f6f8d1b6c71af462de5fd6011b,150,1,29.99,4,3,2,432,Potential Loyalists
878f5506271924443c6b5d51625cb18b,386,1,110.0,2,3,4,234,At Risk
8795d6c023a372a74a502635cc05bdb2,203,1,13.99,4,3,2,432,Potential Loyalists
8799f1721988d333cdf9c17cc5345c43,329,1,219.99,2,3,5,235,At Risk
879e52fcfc1cff3833627a733de4a9ff,413,1,205.0,1,3,5,135,At Risk
87a309826a8cbca2e5cdc9c0e60a0129,385,1,79.0,2,3,3,233,At Risk
87a6eb7172c457864c9b98079bc4d19e,542,1,29.74,1,3,2,132,At Risk
87ae4c644c15d9c6b6f826dfec33b340,311,1,114.9,2,3,4,234,At Risk
87b4130d5349cb9c354d866c7f70cd23,203,1,25.0,4,3,2,432,Potential Loyalists
87b5114bcbdfd51bcf0b350282b16b2b,590,1,167.7,1,3,5,135,At Risk
87bbba8720d775549bec72aaec36ff19,325,1,1199.99,2,3,5,235,At Risk
87c8720dd653d75e513555291ab6e4aa,220,1,299.9,3,3,5,335,Need Attention
87d406e4698a66118241f1f4a407ee03,87,1,99.9,5,3,4,534,Potential Loyalists
87dff19086a1aa321cf06195ab40631c,455,1,177.9,1,3,5,135,At Risk
87e4174511608b3c3c252e87fd74c0de,318,1,35.9,2,3,2,232,At Risk
87e69f05e13093d268cc2de1a3690318,41,1,0.0,5,3,1,531,Potential Loyalists
87e843365700cec571278edea904be15,109,1,99.0,5,3,4,534,Potential Loyalists
87f036a112ee9b2695f0eb5f063c7444,297,1,34.99,2,3,2,232,At Risk
87f48948d0e70bba2df3ac0bf3358269,339,1,159.99,2,3,5,235,At Risk
87f4ace763b404bb5ca765639d873a0c,35,1,16.99,5,3,2,532,Potential Loyalists
87facbc3109d4c7b5d0448b1b08c1fc3,166,1,81.99,4,3,3,433,Potential Loyalists
87fcf527091245e44cd837c06fe0e0ce,367,1,66.29,2,3,3,233,At Risk
88011e4997978a92a1d851b267f0038d,177,1,98.9,4,3,4,434,Potential Loyalists
88045334fb959b5d4424ac3483259825,221,1,99.99,3,3,4,334,Need Attention
8810ba9ddbf9f21e12e7ddac3ce887da,485,1,229.99,1,3,5,135,At Risk
8816ea7c1592bcab312eae9352996067,482,1,19.9,1,3,2,132,At Risk
8818fd7d9ba28c959d5e5a3e2abebb54,223,1,38.0,3,3,2,332,Need Attention
8819be7d0039db445ba2f771034bb1c4,27,1,0.0,5,3,1,531,Potential Loyalists
88209a02297aae6f114b143f8cfed278,158,1,48.9,4,3,2,432,Potential Loyalists
88279a2e6481f3d4ebcc364aae7986fc,143,1,33.9,4,3,2,432,Potential Loyalists
882a0803e178b947070fc52b14965102,372,1,113.0,2,3,4,234,At Risk
8837a3d0a8c6ca2e5db6316ff8685128,37,1,108.9,5,3,4,534,Potential Loyalists
883dc2fe8283fed1edf48c2f571d0aca,45,1,0.0,5,3,1,531,Potential Loyalists
883df49734fcf0ed18d2b8f29383a31e,256,1,0.0,3,3,1,331,Need Attention
885bde6cd101f111ebd417241a95230a,139,1,210.0,4,3,5,435,Potential Loyalists
88607ce3a266c48ee56db9695bff9dd6,386,1,139.9,2,3,4,234,At Risk
8860920e9a34f3b37f3f45c8d99123dd,364,1,49.0,2,3,3,233,At Risk
8864fcd75870a545f2d3ee3008f2bf74,141,1,74.99,4,3,3,433,Potential Loyalists
8868399bd5c6eaf593c73f29ff6bb1e2,459,1,0.0,1,3,1,131,At Risk
887826043ad269ee33e87d1886e5ed5c,155,1,35.8,4,3,2,432,Potential Loyalists
8887cbd11065809b4530e2d25b51e856,132,1,108.9,4,3,4,434,Potential Loyalists
88894f059c62f3b3030445e7a73323c0,153,1,50.0,4,3,3,433,Potential Loyalists
888bbf8be9eaceefedd820af2ddfb90f,295,1,0.0,2,3,1,231,At Risk
88914c85d547b274bd1829fc04a06ac1,248,1,89.9,3,3,4,334,Need Attention
889ca357651222fc08560aa20b75f59b,288,1,201.0,3,3,5,335,Need Attention
889e20433bf76e2dba7d9a35c1ac4c47,31,1,57.98,5,3,3,533,Potential Loyalists
88b88849a236b3f007be551d5c10daf8,127,1,39.9,4,3,2,432,Potential Loyalists
88bd9a4975c26a175e182d219624de6e,218,1,13.65,3,3,2,332,Need Attention
88bde8f40f39641387aa05e675d23395,128,1,399.0,4,3,5,435,Potential Loyalists
88c72c073b5b6ed940c4decb1b94fea4,524,1,349.0,1,3,5,135,At Risk
88dce1db26fb77cc2651c243c8205dd0,501,1,236.52,1,3,5,135,At Risk
88e3d3541666f7f462d24e9aadeb5ecd,163,1,119.9,4,3,4,434,Potential Loyalists
88e435343ab7c7ef2f1d4a751a6c8a2b,560,1,76.49,1,3,3,133,At Risk
88ed5da9b610ed59feb01e4eed5e4c2c,406,1,629.0,2,3,5,235,At Risk
88fbad05557cbc2d2f5fee59d6966716,309,1,0.0,2,3,1,231,At Risk
88fbae9cab186bb2bd7540d7fbaf6831,188,1,59.9,4,3,3,433,Potential Loyalists
8904db4793f88ea3508c678371f2dc70,554,1,0.0,1,3,1,131,At Risk
892b22658ba1feaddb220b7627d32194,518,1,24.9,1,3,2,132,At Risk
892c5eac38f00a803fdd39e805f2944f,149,1,120.0,4,3,4,434,Potential Loyalists
8939cd9842c30470de2adf220eccbaab,129,1,30.1,4,3,2,432,Potential Loyalists
8941047a0d54f59366a66ba79806ae9b,290,1,64.89,3,3,3,333,Need Attention
8944ddfaf0d834d65a45fd1997847b28,354,1,89.99,2,3,4,234,At Risk
894a22f97a7bc517f8d2c0e19ace239c,322,1,59.9,2,3,3,233,At Risk
894a2fac1dcb705a1e4097b8a9131e90,290,1,177.0,3,3,5,335,Need Attention
895617ab63a9ad8881d9470f7427cd25,350,1,2999.99,2,3,5,235,At Risk
897df847354833789262d872ee1062d1,157,1,53.9,4,3,3,433,Potential Loyalists
8980ffc6947c84b3bee412e396bdc1f8,108,1,49.99,5,3,3,533,Potential Loyalists
898106ec3d6efd802c031b7e7bbcc1fb,298,1,249.9,2,3,5,235,At Risk
8987373b21c23e2e911dcfae64a72f6f,390,1,39.8,2,3,2,232,At Risk
898762bd9712febb89b2c54c50eee30a,193,1,21.9,4,3,2,432,Potential Loyalists
8990154c8645a3efadc9b01e1891d255,299,1,24.9,2,3,2,232,At Risk
89995a85ec4c21db428413aed387c451,307,1,143.0,2,3,4,234,At Risk
899cf723953922db9e04a8a6d4107041,179,1,0.0,4,3,1,431,Potential Loyalists
899e389a3cbc0dce0d5df23b9b64679c,30,1,44.9,5,3,2,532,Potential Loyalists
899f643cc5cac51380894b9bcea1787b,43,1,119.0,5,3,4,534,Potential Loyalists
89a1e0a84aba551138fef6fcf098964b,300,1,160.0,2,3,5,235,At Risk
89a70a556b3bcb25ed26720f08450bf4,603,1,49.99,1,3,3,133,At Risk
89a9eed110ce632160e5b1a47ebe4a80,204,1,379.9,3,3,5,335,Need Attention
89b18d4332a8a52b9ead9a7cb82d1f70,416,1,59.9,1,3,3,133,At Risk
89c82207f5240b591e568b72beab9337,101,1,22.5,5,3,2,532,Potential Loyalists
89ca562ffeb1acd7d1d682d53132b129,560,1,34.9,1,3,2,132,At Risk
89d71ed92d56420f3db4b26099e2cf03,204,1,0.0,3,3,1,331,Need Attention
89dedfe3145383ccc0d7be54ba4da961,389,1,130.0,2,3,4,234,At Risk
89e28a7f526e236bfdd3a48fb35998f7,366,1,269.0,2,3,5,235,At Risk
89e3027de49c3012858cfeb7f5a34f59,156,1,130.0,4,3,4,434,Potential Loyalists
89f3135f01d627ec02dd14cd9b9e7af3,353,1,79.9,2,3,3,233,At Risk
89f999ca4a3527965db76038ffd4bcdd,51,1,812.99,5,3,5,535,Potential Loyalists
89fd593957ef80a12f0588913e78b00d,482,1,0.0,1,3,1,131,At Risk
8a024c6ea16ad84e67bdc2bf5bd625c2,295,1,0.0,2,3,1,231,At Risk
8a11981cadf7feaab34826f59a3185c6,295,1,95.0,2,3,4,234,At Risk
8a216da23883b9b5b3aa12e633247ae4,402,1,51.92,2,3,3,233,At Risk
8a2530b1bf32235ed2636468ea0b1582,560,1,289.9,1,3,5,135,At Risk
8a2f69d7b68cb74190e11e301caecb70,156,1,146.97,4,3,4,434,Potential Loyalists
8a318fa09ece1121143e69757b678343,101,1,0.0,5,3,1,531,Potential Loyalists
8a4002923e801e3120a11070fd31c9e2,182,1,199.8,4,3,5,435,Potential Loyalists
8a4052a7a6c4a77059b0bb8dcd37ab7a,453,1,189.99,1,3,5,135,At Risk
8a423f7294c6e79cc5884ef518deda5c,428,1,54.9,1,3,3,133,At Risk
8a568e5fc88727e82abe997bb4da3857,588,1,159.9,1,3,5,135,At Risk
8a6ba6b413007e4b09dbc526503cb9d4,485,1,50.0,1,3,3,133,At Risk
8a6f91a57c40b447d9814c5027108194,55,1,26.85,5,3,2,532,Potential Loyalists
8a7e2716ec5ffb45ddb789c96c86d4bd,515,1,35.9,1,3,2,132,At Risk
8a8107952ac2366f408acf3e4d7e31dd,129,1,27.9,4,3,2,432,Potential Loyalists
8a9a08c7ca8900a200d83cf838a07e0b,579,1,0.0,1,3,1,131,At Risk
8a9b30182d557a7b44a8543c9f2fe931,359,1,33.0,2,3,2,232,At Risk
8a9cd20ef841095e7c0ebc28889670df,454,1,129.99,1,3,4,134,At Risk
8aaeb37b18c0363bb3e3011ce914b2b4,465,1,0.0,1,3,1,131,At Risk
8ac03172dc8e36a4c5e0b694ef3235aa,120,1,0.0,4,3,1,431,Potential Loyalists
8acea88c0237a5493e2cff1c14e1fca5,213,1,0.0,3,3,1,331,Need Attention
8ad3de005f848b9841cd3be326af3a7c,586,1,175.9,1,3,5,135,At Risk
8ad7b8a0718ec3b848f73a9406b8cc7f,566,1,79.0,1,3,3,133,At Risk
8adce5effe5d3b90e0ff802544d649ea,428,1,0.0,1,3,1,131,At Risk
8ae522c29c27dddb527854a9255c7dee,273,1,0.0,3,3,1,331,Need Attention
8ae6abc914f89e000c298ce7e6324fec,178,1,0.0,4,3,1,431,Potential Loyalists
8af05f9f21aa83ea29eb90d9cbc3c996,36,1,24.9,5,3,2,532,Potential Loyalists
8af6d959c838339fd4f62435e44b1fb5,340,1,129.9,2,3,4,234,At Risk
8af7c3e9ec5825a574bf03b2813eea29,81,1,89.0,5,3,3,533,Potential Loyalists
8b09aa1a501dd6ce1425b3d610d4e06f,449,1,32.99,1,3,2,132,At Risk
8b13f98a3be1b1d3651656ee73f03edc,487,1,25.99,1,3,2,132,At Risk
8b1ae0abe817918d427c11e7885d5ebd,263,1,56.99,3,3,3,333,Need Attention
8b2094571b2615a94463402d27487ec6,143,1,0.0,4,3,1,431,Potential Loyalists
8b2b8cea5423ece6984632540c423aaf,245,1,0.0,3,3,1,331,Need Attention
8b32e709ecfd2091fb82496f477b3480,186,1,30.5,4,3,2,432,Potential Loyalists
8b349abdfed2d9090a0428cb91ec7db3,300,1,15.9,2,3,2,232,At Risk
8b37f67cf9db5f1af2a42f64e41e45d2,285,1,137.99,3,3,4,334,Need Attention
8b3d988f330c1d1c3332ccd440c147b7,179,1,0.0,4,3,1,431,Potential Loyalists
8b3f917f4307d3e5cf34c0b43d6e6f50,88,1,149.0,5,3,4,534,Potential Loyalists
8b4c19edf2c5859dd525115ef29ff41a,300,1,89.99,2,3,4,234,At Risk
8b4d9feb28e547c327fd4d2a295aeeca,158,1,139.05,4,3,4,434,Potential Loyalists
8b4e378f85633a53f78340e5692b8ba7,164,1,99.9,4,3,4,434,Potential Loyalists
8b5d5ec638ef70f1d1d42b0ab82507dc,279,1,193.0,3,3,5,335,Need Attention
8b66d8d6eecf85ba83bdc29383d636b6,87,1,169.99,5,3,5,535,Potential Loyalists
8b6afb5c9eb182373c656b34bf3383fc,576,1,0.0,1,3,1,131,At Risk
8b789c08cf290e40475d63308dafa12e,301,1,98.0,2,3,4,234,At Risk
8b79c4656d14b2c341d6daa6637b5918,146,1,37.9,4,3,2,432,Potential Loyalists
8b7aa344740a3550cb5265ad33544964,166,1,0.0,4,3,1,431,Potential Loyalists
8b8028d453a01986b48c4271cc341475,43,1,116.9,5,3,4,534,Potential Loyalists
8b859020674c38cf9f33f795e7a88ff1,306,1,391.8,2,3,5,235,At Risk
8b9341478dbb9d5b44c0c33cb212009b,225,1,27.3,3,3,2,332,Need Attention
8bab3162259edfaadd1ea2e1fe7f58dc,327,1,39.9,2,3,2,232,At Risk
8bb74a9108cb059d9dd4fcfcf9035b97,123,1,35.9,4,3,2,432,Potential Loyalists
8bb85b9ac76770501b8207d0e95b74c8,231,1,59.7,3,3,3,333,Need Attention
8bb9834649210152e6fb0a01c201651c,131,1,128.75,4,3,4,434,Potential Loyalists
8bba2fac2cb38bfb0a323272f63d5f75,477,1,243.0,1,3,5,135,At Risk
8bbbe9dba580184aae1b7375edb53a7b,342,1,309.99,2,3,5,235,At Risk
8bc24a5f6aff334bacfd46f24430380d,594,1,46.0,1,3,2,132,At Risk
8bc3d44aa4dd9ed3829ce1fb6633ef13,300,1,39.99,2,3,2,232,At Risk
8bc85b1061383d0dcd4e995a726da763,305,1,79.0,2,3,3,233,At Risk
8bcc84e0763714d1d9609f2047aaa93a,203,1,30.0,4,3,2,432,Potential Loyalists
8be158f05b793cd72d5fde01365b5d2c,296,1,299.5,2,3,5,235,At Risk
8bec7decba970b822248039d05af887c,220,1,190.0,3,3,5,335,Need Attention
8c12687aad88863f160627aa762e5422,123,1,199.9,4,3,5,435,Potential Loyalists
8c19ee0688ec7a7c51715a0eb189388d,381,1,0.0,2,3,1,231,At Risk
8c1a9f0c17eb22e956dcb66dde60f9d3,140,1,335.0,4,3,5,435,Potential Loyalists
8c2c7fb3be4fc1669b8c1c6059db1207,495,1,23.99,1,3,2,132,At Risk
8c36d7644f5966816dcdd2d70b606eba,556,1,129.99,1,3,4,134,At Risk
8c3ff6ad9360189ef57d625d044d7c19,233,1,0.0,3,3,1,331,Need Attention
8c52f6be11b2c9c54a51d79e23e214df,337,1,139.9,2,3,4,234,At Risk
8c60a63f751a4c744a3629ebf560041f,111,1,0.0,5,3,1,531,Potential Loyalists
8c6957aedc2947857ce35de20f665290,351,1,119.99,2,3,4,234,At Risk
8c710aad587dc8dac58e65611e625c62,142,1,110.0,4,3,4,434,Potential Loyalists
8c7161f8aa1d6fd17947ff43ae9704eb,251,1,49.0,3,3,3,333,Need Attention
8c71b6aff280a474128f3e3f06b1d277,242,1,79.99,3,3,3,333,Need Attention
8c7a12d87bfd2f5ad0a1f5c573f0d960,367,1,0.0,2,3,1,231,At Risk
8c81d87b1a876ac44f968c7f112501f5,366,1,143.54,2,3,4,234,At Risk
8c90324e90c524d7160d76eb61fb2a40,347,1,55.9,2,3,3,233,At Risk
8c91e8afd08b46578668f58c6f28745b,239,1,140.0,3,3,4,334,Need Attention
8c9878027fc2b1d4ab0d641b76ca7010,402,1,107.0,2,3,4,234,At Risk
8ca35d717618d907babff962da6c5484,146,1,148.0,4,3,4,434,Potential Loyalists
8ca577639091122b3c581bc89d11da3b,431,1,50.0,1,3,3,133,At Risk
8cad83eb2c96c92f1c57c2a250d99855,401,1,48.0,2,3,2,232,At Risk
8cd6e198e22093b0bfcd95e3e67cb77f,228,1,69.9,3,3,3,333,Need Attention
8cd6f80d3c3994e2060d46ec07ff0b0a,81,1,0.0,5,3,1,531,Potential Loyalists
8cda1c465f7a60605d4441dd8276d03b,278,1,92.65,3,3,4,334,Need Attention
8ce10399d5a3b5d565a348ba4cdfad9c,46,1,51.89,5,3,3,533,Potential Loyalists
8ce1466844e91c831b7ceaefff65b18a,335,1,149.9,2,3,4,234,At Risk
8ce7dc6285c8e719260ecca92512265d,237,1,79.43,3,3,3,333,Need Attention
8ceb794ddc239eded512a791fc6a1fb9,111,1,48.0,5,3,2,532,Potential Loyalists
8cf1bdf074a4a6e5fc61800a219dfb08,472,1,75.0,1,3,3,133,At Risk
8cfc5350efe3bce6a0d6f96fbaf2c3b4,47,1,0.0,5,3,1,531,Potential Loyalists
8cfecfbbdad82f1281686a54caf46dbb,563,1,0.0,1,3,1,131,At Risk
8d0615e684b7967c26746909cfe2c6ac,301,1,69.0,2,3,3,233,At Risk
8d06f1dd7e1ca6a1837e24c304b2726d,72,1,222.0,5,3,5,535,Potential Loyalists
8d0a8db3a4f4813a2226d5abccbea87e,333,1,38.9,2,3,2,232,At Risk
8d11f32a56d967b7e09d3a5ed6cf9991,592,1,599.0,1,3,5,135,At Risk
8d1e1269f888d654db2ac8d782712c29,383,1,109.8,2,3,4,234,At Risk
8d2fa65d968da66afc05f2e28250c9dc,199,1,122.99,4,3,4,434,Potential Loyalists
8d334e0b3cc9d89e724e409759fb5a1b,237,1,0.0,3,3,1,331,Need Attention
8d391fbb0d67f85692e14f81e9b6d956,193,1,110.0,4,3,4,434,Potential Loyalists
8d3a01dad8496e7c850d5b3d580c8e90,157,1,349.3,4,3,5,435,Potential Loyalists
8d4579526cbb0bf83069597c9c27533d,93,1,449.9,5,3,5,535,Potential Loyalists
8d46223c91cbeb93e0930ca8bd8ffca2,299,1,0.0,2,3,1,231,At Risk
8d4d3f218fc6a54644a4c03a56e52f0e,298,1,0.0,2,3,1,231,At Risk
8d50f5eadf50201ccdcedfb9e2ac8455,44,3,72.97999999999999,5,5,3,553,Loyal Customers
8d5f799945d96f307c8726415cb4decc,202,1,28.49,4,3,2,432,Potential Loyalists
8d813623d087eb606d41369887bfe0d3,260,1,0.0,3,3,1,331,Need Attention
8d83eaf05879f1f71dfb26f7027f1b74,163,1,198.0,4,3,5,435,Potential Loyalists
8d8c91f2c4344c8f57793e8e210d73bf,308,1,0.0,2,3,1,231,At Risk
8d90f7cc575d7fef01d4416dd9f795de,570,1,35.5,1,3,2,132,At Risk
8d93b59df92e34fa6fd2d9fc421b2119,251,1,80.0,3,3,3,333,Need Attention
8d98676709c5683e69a10ff87c84f58b,214,1,14.99,3,3,2,332,Need Attention
8d9a36e63029e760088d444d560f15ed,175,1,0.0,4,3,1,431,Potential Loyalists
8d9df820b30602b5880994141adad70b,571,1,119.0,1,3,4,134,At Risk
8da4257624e455b4ade5076f589bf3c3,81,1,0.0,5,3,1,531,Potential Loyalists
8da796b2a21c4f0bfbcae79c8507bb1a,44,1,149.0,5,3,4,534,Potential Loyalists
8dad6af578ac943d81e66f4f788200c8,401,1,58.9,2,3,3,233,At Risk
8dafb82f687e3b0dc9e97b4198b92128,417,1,109.9,1,3,4,134,At Risk
8dc0d32543012e70ca0c0bc5535205f8,38,1,95.28,5,3,4,534,Potential Loyalists
8dd26bfb2f0afd35e9f26f9704da080f,494,1,89.9,1,3,4,134,At Risk
8dd4b0771b20160bde2b4fb598c3f554,602,1,0.0,1,3,1,131,At Risk
8dd9fc55fe6833c01cdff8986174b83d,403,1,309.9,2,3,5,235,At Risk
8ddc88814f92ad699db061cc9eb59f0c,352,1,199.0,2,3,5,235,At Risk
8dde2ebb32007502979459f746fb1698,92,1,49.9,5,3,3,533,Potential Loyalists
8de0e7de3b9206260785e2801ad4174c,395,1,56.99,2,3,3,233,At Risk
8deb4c668d9240fe03720ba1c8767db4,257,1,64.9,3,3,3,333,Need Attention
8decf6ceb73bc478acf5e4e3c041e962,261,1,228.38,3,3,5,335,Need Attention
8df948efd5c903f51e2b7353430700c3,53,1,120.0,5,3,4,534,Potential Loyalists
8dff0ffd4d3901995f7bb2c3ebe30608,101,1,378.0,5,3,5,535,Potential Loyalists
8e02f2db173adfe360ad90294cf5d412,164,1,119.0,4,3,4,434,Potential Loyalists
8e0726aea097e932a69690bb2e372c2e,214,1,79.9,3,3,3,333,Need Attention
8e0b3f06cbb3a040d8861e8e74627c33,517,1,447.0,1,3,5,135,At Risk
8e11fff4e8d62db36a250d7877a8d387,328,1,169.9,2,3,5,235,At Risk
8e189d068ef04b5a5100820fcf317000,46,1,170.0,5,3,5,535,Potential Loyalists
8e2256168ae549437d667b583fd0be28,189,1,139.99,4,3,4,434,Potential Loyalists
8e23478d59ab253ef04d4d2056ebeb93,239,1,188.0,3,3,5,335,Need Attention
8e4404700874036dbb2c606039875e1a,226,1,69.9,3,3,3,333,Need Attention
8e44f96c051e781c86cee504038ab204,402,1,129.0,2,3,4,234,At Risk
8e456c2e55b5e95118d3cef6320898f2,593,1,64.5,1,3,3,133,At Risk
8e5b6612569e488462298e3eb4ecbed9,227,1,122.99,3,3,4,334,Need Attention
8e617bc91e317b75f97f298bf526ecad,139,1,74.7,4,3,3,433,Potential Loyalists
8e61d2d055f4865036e7d62b6739c255,108,1,59.99,5,3,3,533,Potential Loyalists
8e6b5c75948260e7bd1ae31974379f7b,142,1,112.2,4,3,4,434,Potential Loyalists
8e83e406970bbb2ac55b2951bb855d32,156,1,199.0,4,3,5,435,Potential Loyalists
8ea097b1824dbd4d17af71b0afe04301,47,1,25.0,5,3,2,532,Potential Loyalists
8ec31beb5c890497f1872b5986d3cc26,139,1,175.0,4,3,5,435,Potential Loyalists
8ec41fc3338981457991774ae5e07ebf,415,1,222.76,1,3,5,135,At Risk
8ec49be0447d11c4deb5fcdcf43407cc,318,1,143.8,2,3,4,234,At Risk
8edc35218531d9a052c6e1f0d1327e6c,359,1,189.9,2,3,5,235,At Risk
8ee4fb8d09197a94094f4161e1f2dd2c,379,1,0.0,2,3,1,231,At Risk
8ee6a26c817c3600f866d0bbd6ae4065,60,1,56.99,5,3,3,533,Potential Loyalists
8ef22961d84439c4f1f9f3d656c5c3d9,181,1,60.0,4,3,3,433,Potential Loyalists
8ef73dbf37d0f12e390cbf8a471d79f4,284,1,340.0,3,3,5,335,Need Attention
8efb58212e41c40b208733edaf5b05c5,454,1,59.9,1,3,3,133,At Risk
8efe2ca61964c32fcd3d794ba929c10d,104,1,26.9,5,3,2,532,Potential Loyalists
8f0273ca8405a143a3b7feeea9be23b5,142,1,0.0,4,3,1,431,Potential Loyalists
8f05f653351954408ee421352e68336f,216,1,0.0,3,3,1,331,Need Attention
8f06048163e14e8ed0613397b8f4b2e5,221,1,358.0,3,3,5,335,Need Attention
8f060d52f9c6e9244dc0cba5951bb6ff,384,1,35.9,2,3,2,232,At Risk
8f09add4b8d8c9c4311d881d29b8d58c,610,1,117.3,1,3,4,134,At Risk
8f0d8cb981650f6d9dbcaf4de337a666,344,1,97.9,2,3,4,234,At Risk
8f1103e442c01c9b49dbf79dfabbec6c,350,1,69.9,2,3,3,233,At Risk
8f1c1b28cf191abb48fca6ec32155e93,227,1,0.0,3,3,1,331,Need Attention
8f24365a46f82ddd0cef7893319a40d5,353,1,149.9,2,3,4,234,At Risk
8f29552df9b476c07d4e156dc53d38ce,56,1,78.0,5,3,3,533,Potential Loyalists
8f3383572884881b2925587225fea755,137,1,99.9,4,3,4,434,Potential Loyalists
8f6ce2295bdbec03cd50e34b4bd7ba0a,242,1,99.9,3,3,4,334,Need Attention
8f784ff86ee4ca2d4e655e636684e8c3,235,1,87.8,3,3,3,333,Need Attention
8f7f547488a05660770b51be707eb2a3,31,1,85.99,5,3,3,533,Potential Loyalists
8f8091461440c0b33061e07bce1ccf4c,434,1,22.5,1,3,2,132,At Risk
8f8447f07ee76dbba29670a88b650e0e,480,1,89.81,1,3,4,134,At Risk
8f9803fd3ad8ea0dc070cd6c12552d2f,408,1,29.0,2,3,2,232,At Risk
8f9cee5695fc39c8baa514b8df4aff34,429,1,129.99,1,3,4,134,At Risk
8f9d4a5f98697f8b905a7eb0a1352a81,293,1,114.9,3,3,4,334,Need Attention
8fa3d0eb5d7ab8281633fcc3347040cf,433,1,0.0,1,3,1,131,At Risk
8fa5249534fd9822b86bcf2bd14318cc,161,1,117.7,4,3,4,434,Potential Loyalists
8fa9794287d53baf3d08e2fd2d73a44f,367,1,59.9,2,3,3,233,At Risk
8faed9f9905a7647bb40da044ebcd769,546,1,29.5,1,3,2,132,At Risk
8fb49ea1ad7041840fae00d1d771a3e8,396,1,73.6,2,3,3,233,At Risk
8fbdbbd660038497768d62fe719a7919,297,1,29.9,2,3,2,232,At Risk
8fbeb42e8fa02b1b0eeb50462bb017c5,497,1,140.9,1,3,4,134,At Risk
8fbfbef81eb19dbfa1f6ba6bf5924e4b,158,1,148.0,4,3,4,434,Potential Loyalists
8fc1b266e54db64c474e6c7909e58dc0,224,1,0.0,3,3,1,331,Need Attention
8fd5fbfc9ee434a4fc3a5814953b0e08,93,1,50.0,5,3,3,533,Potential Loyalists
8fd802004eab9c8e3b1ad745f1a1ec16,364,1,0.0,2,3,1,231,At Risk
8fdb140ae29d78dfb483f86399cb2714,182,1,119.16,4,3,4,434,Potential Loyalists
8fe4f9a0d6a47babbd498127a9109bd1,226,1,117.3,3,3,4,334,Need Attention
8fe805d171f920bf0ae393368aad5316,360,1,23.99,2,3,2,232,At Risk
8ff97d7c368d3815ee0d62687cd1f934,217,1,0.0,3,3,1,331,Need Attention
8fff3b532485857c98657608571d25b9,298,1,67.5,2,3,3,233,At Risk
90004c3fa8ebffdf4817be64731af364,148,1,29.9,4,3,2,432,Potential Loyalists
900cd19b12a13a27ae64bf2d4f1271ec,251,1,49.0,3,3,3,333,Need Attention
900d83525fd22c97abcefbfd657d8c24,136,1,59.0,4,3,3,433,Potential Loyalists
9011b2e0f1e26f56cbeef0be6a5f3a66,326,1,250.0,2,3,5,235,At Risk
90149dae3857b44597744541030794a3,59,1,19.9,5,3,2,532,Potential Loyalists
901958bfdcc5d716ad357c6cdba5244a,197,1,429.9,4,3,5,435,Potential Loyalists
901d27d10636296091d72776b42cd545,389,1,389.0,2,3,5,235,At Risk
9036e7b35a52262f5b0c34454bf58490,346,1,359.0,2,3,5,235,At Risk
9039374bda410ee8513eca78503e2ab3,165,1,49.3,4,3,3,433,Potential Loyalists
903da68ad12a13ea58f14a292c0c50c6,207,1,349.9,3,3,5,335,Need Attention
903fccb1294b588a6c82921ca23acd0d,599,1,129.99,1,3,4,134,At Risk
9041aaf6094cf78b32f85afbdcdc9721,287,1,389.9,3,3,5,335,Need Attention
90422f757609ade507467f9175567361,466,1,45.0,1,3,2,132,At Risk
905b36c57906227b872b352c1d6eafb6,121,1,49.9,4,3,3,433,Potential Loyalists
905d0a37ae98ffa3bf7ef2ff9bafabeb,356,1,36.0,2,3,2,232,At Risk
905d91d27b7c99c5e69a9eb734c129ae,294,1,299.99,3,3,5,335,Need Attention
9062d3e575a476f5f3ffa8abf125fd42,356,1,17.99,2,3,2,232,At Risk
90693e7acfb7f48d03fe61e2a0002543,290,1,29.9,3,3,2,332,Need Attention
9075f7211578ba5165cbd7fb49947eba,29,1,0.0,5,3,1,531,Potential Loyalists
908d09daaa48fe076b768ab8f26c298c,268,1,229.99,3,3,5,335,Need Attention
909bd964acc70a899c3804414f5fa70d,91,1,0.0,5,3,1,531,Potential Loyalists
90b3f19a7060f7e29ab16675b106230d,260,1,69.9,3,3,3,333,Need Attention
90b425894699f50755dc01dc7a3fcdec,233,1,18.99,3,3,2,332,Need Attention
90b69fcf7c294886b054fec2fe0e1605,514,1,195.0,1,3,5,135,At Risk
90c2607a022b5434ceda7bce15da1fd6,386,1,196.36,2,3,5,235,At Risk
90c329efbf418634b40f4a2a75d9331e,401,1,209.8,2,3,5,235,At Risk
90ca9674e65ff6b418a1b8063afc60a1,591,1,0.0,1,3,1,131,At Risk
90cf6edc2494d9187408de55e8db6fb4,250,1,0.0,3,3,1,331,Need Attention
90d252896f5ec316079467e97daf46c9,338,1,0.0,2,3,1,231,At Risk
90ddf4aaf6b0a83d203958f14dfd8234,135,1,39.99,4,3,2,432,Potential Loyalists
90df730a12d231d7e596d2f0f314b86d,295,1,68.8,2,3,3,233,At Risk
90e1f0d98aa33c74e43fb62004a829dd,168,1,149.0,4,3,4,434,Potential Loyalists
90e7187871a4e357daa425dc50d9b79b,106,1,33.9,5,3,2,532,Potential Loyalists
90e984b66a9a286e2434e1a08a9a23a3,130,1,0.0,4,3,1,431,Potential Loyalists
90fa7ad937baca6ece1dc81746af6adb,158,1,0.0,4,3,1,431,Potential Loyalists
9107708e80782c0f6ccc2b607f5f2a6c,51,1,0.0,5,3,1,531,Potential Loyalists
910928b04ad1ac577b9c81554ae01b05,69,1,0.0,5,3,1,531,Potential Loyalists
910c48f83f660a32562ecf2f1e5f4ae1,182,1,84.89,4,3,3,433,Potential Loyalists
91290d75cda8ff031ec6a97c5e5f83a1,188,1,799.9,4,3,5,435,Potential Loyalists
9159c04b88895d995741dd5b9b7a5f1d,293,1,169.9,3,3,5,335,Need Attention
915e50464c2b4b6b7958209ab141719b,221,1,0.0,3,3,1,331,Need Attention
915ea9bfa106272fe935fa19eda98e79,504,1,59.9,1,3,3,133,At Risk
9160831db912b9fb5f89d075588d68a7,123,1,625.0,4,3,5,435,Potential Loyalists
916264d8ad4f14f096a33c663343178c,241,1,8.99,3,3,1,331,Need Attention
917aaf420bc9836da7af3ea67743c3b2,293,1,109.9,3,3,4,334,Need Attention
9181f2d98576cd50d07143f36fbf3845,87,1,499.89,5,3,5,535,Potential Loyalists
918c23fd6877b15e6a327ec6db648c53,388,1,0.0,2,3,1,231,At Risk
918dc87cd72cd9f6ed4bd442ed785235,377,1,99.0,2,3,4,234,At Risk
918defbde32da786dc3e8a2fc90d6a2f,206,1,349.9,3,3,5,335,Need Attention
918e31f72426c3202b507286882b7e6a,188,1,49.99,4,3,3,433,Potential Loyalists
9192e9abd35fd0d8d7a4c2e12464c277,353,1,39.99,2,3,2,232,At Risk
9197e6b3e505cbb066f5bf87ee49df7d,246,1,175.0,3,3,5,335,Need Attention
919a862b7515e8ad7dc8bfe5f9b327fa,208,1,156.0,3,3,5,335,Need Attention
919b613e7aa171cb4ca017c049fbc5da,347,1,0.0,2,3,1,231,At Risk
919bf2617845a0f73acc0361cba58267,239,1,90.0,3,3,4,334,Need Attention
91a3e33161ed95452fcd6fbd08472c69,262,1,29.99,3,3,2,332,Need Attention
91a7366b39d3620ce44f85fa5d116896,241,1,42.9,3,3,2,332,Need Attention
91a8b965bb2d34b3e586844dc4a40d1b,161,1,19.6,4,3,2,432,Potential Loyalists
91abcfdbb59010e2836be302cea49bb9,155,1,49.9,4,3,3,433,Potential Loyalists
91b79823141cfe7ee5c66acb0b48aff0,47,1,0.0,5,3,1,531,Potential Loyalists
91bf75e59fcf67ee0dcf6c76f80948fa,298,1,699.0,2,3,5,235,At Risk
91c07dc37131bc40becfbbfab632412d,491,1,0.0,1,3,1,131,At Risk
91cc64efdc8300db4eae42e836e9e148,204,1,19.9,3,3,2,332,Need Attention
91d4f8b0aec5e3c3fb6e9cb4be401617,574,1,99.99,1,3,4,134,At Risk
91db3ef8bc640ebbab0b287d9bfea72a,284,1,149.9,3,3,4,334,Need Attention
91dd3e913cf5d632ce605a3689a5126a,49,1,0.0,5,3,1,531,Potential Loyalists
91efc249c62720440837bcc4954de645,140,1,0.0,4,3,1,431,Potential Loyalists
9202421110f6a19ddcf0b9b93602a0a1,112,1,109.9,5,3,4,534,Potential Loyalists
921304187180808f410aba8fe524f13e,173,1,219.8,4,3,5,435,Potential Loyalists
9214e96f2105b508095ca10a1cc7fc48,299,1,65.0,2,3,3,233,At Risk
9222157eec2fcf0b01e35ea4fd5af8a5,226,1,109.0,3,3,4,334,Need Attention
9226c66cd4f63455591508fe5157a0b7,355,1,19.9,2,3,2,232,At Risk
923bbadc05e0de833a6ea5e3d546c4d0,156,1,280.0,4,3,5,435,Potential Loyalists
925d26d2589c983d6e2c33ca7da030d0,219,1,385.0,3,3,5,335,Need Attention
9263a6fc47a37b8b71cecfeb1defda4a,62,1,0.0,5,3,1,531,Potential Loyalists
926e3ac6b8dece3ece38d28f18d15bfd,65,1,39.9,5,3,2,532,Potential Loyalists
928c822f6eb7267fe1669503d1a24c89,43,1,0.0,5,3,1,531,Potential Loyalists
9290e3b0f0fe3e660c4de619c1640ac9,377,1,319.98,2,3,5,235,At Risk
9295d6a619a0b00cc7e1904d19a1558f,331,1,31.9,2,3,2,232,At Risk
9295fc2f2f8647c5b79752e79826f628,279,1,13.3,3,3,2,332,Need Attention
929c3cfa652a7cd6e243652984242b1b,98,1,24.99,5,3,2,532,Potential Loyalists
929c7ed1a0ca1152275bdcf4e6f0fbce,56,1,32.0,5,3,2,532,Potential Loyalists
929cca0da005b90ff84064609a25b805,97,1,209.99,5,3,5,535,Potential Loyalists
929cdd3b6c0a61255a40f1eca15670d5,228,1,115.3,3,3,4,334,Need Attention
92a1c7d6529b0d56dd7d86c3f107678f,189,1,37.9,4,3,2,432,Potential Loyalists
92af805fe5fb8c37dc920eb1a6e23a19,306,1,79.9,2,3,3,233,At Risk
92b0c5698b3008fd30c5230b2504df71,290,1,0.0,3,3,1,331,Need Attention
92bd6a8b1cdfccebf3cbcd53809071cf,261,1,139.9,3,3,4,334,Need Attention
92c1a23b2c64ce441ee42b3299aca206,308,1,166.99,2,3,5,235,At Risk
92c6a8e312c4323a536b0775c339af22,313,1,59.4,2,3,3,233,At Risk
92ea66675d0557a6ededd9af85a9e758,438,1,104.99,1,3,4,134,At Risk
92ebffe3693a39d55ca83ba631db6d39,292,1,125.5,3,3,4,334,Need Attention
92f5b9a03b9ee33b719cdacbf591e0bc,286,1,39.8,3,3,2,332,Need Attention
92f5fadb37b942ea07696a7355b8d6a1,280,1,120.0,3,3,4,334,Need Attention
92f65b75e3c4a45c14f410b4aac4db69,443,1,90.0,1,3,4,134,At Risk
92fbc23be50aff0204899b5516522eee,105,1,0.0,5,3,1,531,Potential Loyalists
92fd8aa5948e20c43a014c44c025c5e1,215,1,78.0,3,3,3,333,Need Attention
93027a697145bb67a134f56e9a3f0d9a,602,1,39.9,1,3,2,132,At Risk
930c4390af58f67334447c3a1cf2ba36,561,1,0.0,1,3,1,131,At Risk
930dfe46b364af81db0fb4828bce74c9,322,1,189.0,2,3,5,235,At Risk
93294dc7b6fa1da27bc28d1a8db5e8a4,209,1,89.9,3,3,4,334,Need Attention
932afa1e708222e5821dac9cd5db4cae,493,1,59.99,1,3,3,133,At Risk
932be2b0f01a39dfb24c2af8299a6e80,60,1,100.0,5,3,4,534,Potential Loyalists
932fdea469902e1012e36c4510356e66,197,1,0.0,4,3,1,431,Potential Loyalists
93300278f15871e42b218ed723754fc9,230,1,56.99,3,3,3,333,Need Attention
93306f34527f7d6cd7d0b98cfeb04c12,304,1,109.9,2,3,4,234,At Risk
933185e32d51964d714e6cf19af7c9d1,78,1,0.0,5,3,1,531,Potential Loyalists
933187b833ec65e129ddc8cd3506d25b,314,1,199.99,2,3,5,235,At Risk
93345700f0e852aa904fae18cec8437c,261,1,0.0,3,3,1,331,Need Attention
93360190b9375a40b65720ee99387a4a,174,1,97.0,4,3,4,434,Potential Loyalists
934e91b0e98dbbeb3649cb1091cca051,303,1,45.9,2,3,2,232,At Risk
935b9c5a3162185f88dac06d8d08d623,140,1,102.0,4,3,4,434,Potential Loyalists
9361f66eb5cc5b3ae26947ad3363cbd2,46,1,197.38,5,3,5,535,Potential Loyalists
9362389b0141a14ba2ae3c5878abd9fe,56,1,82.99,5,3,3,533,Potential Loyalists
937c0e5ed5ad1aff057e91d1803bb9d0,535,1,18.99,1,3,2,132,At Risk
937f16b584dd395ce455ef468322b27f,381,1,45.33,2,3,2,232,At Risk
93805ba8be262fe253c4284751762866,126,1,49.9,4,3,3,433,Potential Loyalists
93912813ad240dc44785cf76e5250fa7,333,1,259.9,2,3,5,235,At Risk
939ca75cff8baa5ad59c798097fdc81a,79,1,199.0,5,3,5,535,Potential Loyalists
93a6881526f5213eacfe7e057fcb38a0,181,1,530.0,4,3,5,435,Potential Loyalists
93b4c8bdafa9877757c77b519415d274,512,1,44.0,1,3,2,132,At Risk
93b592cbb89abbda7dc554c39add344e,32,1,48.9,5,3,2,532,Potential Loyalists
93b6131ab9ec17f66ed8d5104307acb9,226,1,25.9,3,3,2,332,Need Attention
93db776631b272d7fca708fe4eb790ca,175,1,79.9,4,3,3,433,Potential Loyalists
93e2f0058eaec3d5ec8ac7788e7580ea,356,1,69.99,2,3,3,233,At Risk
93ee2943387bb64b98d15c1843c65503,226,1,47.9,3,3,2,332,Need Attention
93ef6d0d094718bcd554c569e61b2271,307,1,0.0,2,3,1,231,At Risk
93f3172571913479f3cdbd041da2d3b1,148,1,0.0,4,3,1,431,Potential Loyalists
93f420e37d92cd7518e2b6c5db4cd95c,363,1,101.99,2,3,4,234,At Risk
93fa0e4424cb0c27cf32da8068c19b0d,208,1,28.14,3,3,2,332,Need Attention
940479e512430562ff270c006915e19d,298,1,80.99,2,3,3,233,At Risk
94055824d8422f86101162d73d20964a,289,1,425.0,3,3,5,335,Need Attention
94066c043a965ce8a9b413e7e3fa8692,85,1,0.0,5,3,1,531,Potential Loyalists
94066d7cd0c170e588e28030789bff1c,284,1,120.0,3,3,4,334,Need Attention
94093e4a8945e283282180e6aaae4fc3,291,1,0.0,3,3,1,331,Need Attention
940a6d4dabbb99c70905981432242887,443,1,56.9,1,3,3,133,At Risk
940b5d5aac34067485a393d6c465d974,380,1,45.99,2,3,2,232,At Risk
941254873ba3ece63e297277436e4c36,302,1,35.0,2,3,2,232,At Risk
941590fb8aef66b3a8352fe7c691879e,101,1,149.98,5,3,4,534,Potential Loyalists
94179af609c7536ccf7018c42df454ec,240,1,14.97,3,3,2,332,Need Attention
942d60a6cd4807e14c25c6917c421d37,370,1,49.0,2,3,3,233,At Risk
9438aac4d0e7d43bf01d7c06b704c286,209,1,30.5,3,3,2,332,Need Attention
943f97d1d9328970b78dbb3202a605ce,348,1,188.0,2,3,5,235,At Risk
944ebaf47533d6dea79235f8a6553f6c,206,1,0.0,3,3,1,331,Need Attention
9459c6a0c2fac25ee571ab4d9f18757b,447,1,55.13,1,3,3,133,At Risk
945c243464dad8e6b0d9d04ac9a03b7f,218,1,100.0,3,3,4,334,Need Attention
94712531d11aaf8c9dd6732d10e46a7d,49,1,27.9,5,3,2,532,Potential Loyalists
94742cd1fbac9146be7e2a139b63e13c,427,1,31.9,1,3,2,132,At Risk
9476d63d5d33e182ed23f661fda9214b,605,1,0.0,1,3,1,131,At Risk
947a5da60e834a0492f55ad6e139a9d3,368,1,34.9,2,3,2,232,At Risk
947b3a5eba30546ed3c37e0c7f1bafc6,201,1,34.9,4,3,2,432,Potential Loyalists
947e93a9bb28256adebe49f78cff07ad,477,1,34.9,1,3,2,132,At Risk
94819c1119bcbb29d414ac33b904e82d,170,1,109.9,4,3,4,434,Potential Loyalists
9484cca8fd716e613bc1a0bb17ed0172,114,1,79.9,5,3,3,533,Potential Loyalists
9498e44851963cbd2eec39bb80e3f33e,104,1,0.0,5,3,1,531,Potential Loyalists
949921a7831eb8901f75baf57d1853bf,484,1,0.0,1,3,1,131,At Risk
949b75abf6fdda78201547bf5f4c07f5,49,1,0.0,5,3,1,531,Potential Loyalists
94a19681bf6faa3c6ce3e2df1c2d97cb,361,1,239.6,2,3,5,235,At Risk
94b39f740e201c88cd840c953ec4b48e,237,1,59.7,3,3,3,333,Need Attention
94ba28dc43c39def8999885a3672a0d7,509,1,0.0,1,3,1,131,At Risk
94c8b4de468c39e3e5f5ceb05345b166,419,1,0.0,1,3,1,131,At Risk
94e024f6fbb931bf320b49b2827d10f7,476,1,59.99,1,3,3,133,At Risk
94e1021adca360fa21be9b9f5b18bd24,388,1,79.9,2,3,3,233,At Risk
94e27bbbd8a0433df936d73d43600471,384,1,610.0,2,3,5,235,At Risk
94e3e2f4ff1bd3ba83d94f830df75ab4,98,1,190.0,5,3,5,535,Potential Loyalists
94e5ea5a8c1bf546db2739673060c43f,715,1,54.9,1,3,3,133,At Risk
94e89532396b3c02f648b2bc7f93f528,279,1,159.9,3,3,5,335,Need Attention
94f3234a77f2f5b239ab74865a193724,92,1,124.9,5,3,4,534,Potential Loyalists
94f48c018010de09d9c471e5d819ea05,220,1,24.99,3,3,2,332,Need Attention
94fd3be3efb7f99e4b29fbc55faa7a11,36,1,105.99,5,3,4,534,Potential Loyalists
94fdafcf69db6416119442dede9c2c87,280,1,76.89,3,3,3,333,Need Attention
9506d0f37838eb6943346ba4874834b7,406,1,69.9,2,3,3,233,At Risk
950756be397d0fc73e96b1a32287cd38,376,1,234.0,2,3,5,235,At Risk
9508ac36eb0d09bf42d525bd6c5980e9,353,1,39.9,2,3,2,232,At Risk
950de1bbee57641b7bda4d938a44d3bc,403,1,79.9,2,3,3,233,At Risk
9511a8b6963aabf3f8c18a4963176fc0,364,1,36.9,2,3,2,232,At Risk
95160caf14611a705759de6bf13555b6,431,1,119.9,1,3,4,134,At Risk
951a6d4dc50443180d5e4f20f02693ad,32,1,23.9,5,3,2,532,Potential Loyalists
95258696e00ac71640c49bf140e86620,41,1,113.98,5,3,4,534,Potential Loyalists
9526faf43eb079ae6eb94cd2fd8982c6,606,1,0.0,1,3,1,131,At Risk
952c5cea601c077ed3c16fd51c7ab7e6,548,1,0.0,1,3,1,131,At Risk
9532739f71e34aebe8bb016543c78d86,415,1,365.8,1,3,5,135,At Risk
95376669d92be6a7dcf0494e0b1d9917,95,1,0.0,5,3,1,531,Potential Loyalists
953d67f3b93517a58e7e1baabc6cdac8,283,1,58.67,3,3,3,333,Need Attention
9544b1decca86f03f02f866558835309,343,1,0.0,2,3,1,231,At Risk
95491ff89ba2c7099a1ecb4464310169,586,1,0.0,1,3,1,131,At Risk
954927eca70a641fc232cf5cd840d640,372,1,109.0,2,3,4,234,At Risk
955889da75fd1eccaa3eeffe1adc034f,254,1,105.9,3,3,4,334,Need Attention
9565b6eb599caea334238cf517c2408b,54,1,85.0,5,3,3,533,Potential Loyalists
956abc21591ba4a89d91989597554b77,163,1,915.0,4,3,5,435,Potential Loyalists
956ea737391c0ca027592dd7aeeae027,297,1,379.8,2,3,5,235,At Risk
956eadf2280a25c360ccfc7b42b21313,141,1,0.0,4,3,1,431,Potential Loyalists
9579b888e112b9bd13772b6ee70112e4,207,1,69.9,3,3,3,333,Need Attention
957ba98dc871622946f935de75343edc,136,1,64.0,4,3,3,433,Potential Loyalists
9590bf3ae28a0847507733e5424c83ce,445,1,99.9,1,3,4,134,At Risk
959557dbcae7a894d8f61d484efc279d,78,1,27.9,5,3,2,532,Potential Loyalists
95a1b49d1b137fb8ee99a551369363d3,106,1,19.99,5,3,2,532,Potential Loyalists
95a1e94b0e816bb748d75ae1da8013e1,189,1,45.99,4,3,2,432,Potential Loyalists
95a34ff56c1b281831e7d4036b90c366,55,1,0.0,5,3,1,531,Potential Loyalists
95a4373b6e6b7b5c3ae6e69a19519f5a,179,1,0.0,4,3,1,431,Potential Loyalists
95a5e51e60e6e7968dbfa0a829149b13,523,1,0.0,1,3,1,131,At Risk
95ae9ff17e664d7e83d3d685e78935da,485,1,109.9,1,3,4,134,At Risk
95aec963a6193f24401417870b648031,60,1,102.0,5,3,4,534,Potential Loyalists
95b4e09df0e2b9e4a38eb934dc81e51d,253,1,97.9,3,3,4,334,Need Attention
95b621869cf337eac6bd9d42bf59c0c9,56,1,49.91,5,3,3,533,Potential Loyalists
95b91c055d768572e82f253201adf513,62,1,549.0,5,3,5,535,Potential Loyalists
95c5b79e9820d2570dde746906d1644a,198,1,22.9,4,3,2,432,Potential Loyalists
95c673245afd9e175e46590ea80fd159,334,1,34.9,2,3,2,232,At Risk
95cc7f48ae7cfa0afebd560092cdc92e,236,1,49.9,3,3,3,333,Need Attention
95cdf97b27ee968c78c00f794fba1adf,39,1,50.0,5,3,3,533,Potential Loyalists
95cfb39a7e263160308a934e42cfc4e0,305,1,59.9,2,3,3,233,At Risk
95d06f61e0faf171d4c0cdb73a066027,539,1,0.0,1,3,1,131,At Risk
95d1bde8cd74ef80c3680d189531d1f9,202,1,399.98,4,3,5,435,Potential Loyalists
95d43df214d0af69c0946cf27bddbe00,221,1,99.9,3,3,4,334,Need Attention
95e3c8fd4233b735843cfa9f150ce487,306,1,149.99,2,3,4,234,At Risk
95e854450814c0600dbd930cc927a83e,117,1,36.0,4,3,2,432,Potential Loyalists
95ef05d23244420ca3b63723517bf60d,146,1,99.9,4,3,4,434,Potential Loyalists
95ef4016879efb08f9a6f2a290e94df8,173,1,149.9,4,3,4,434,Potential Loyalists
95f153d8bb0e8f8fe581b91d39c3aa4e,300,1,120.0,2,3,4,234,At Risk
95f270e7d1d60bde8031dc0c058558e0,549,1,30.0,1,3,2,132,At Risk
96061eae11cddc402d00e19b38507268,343,1,55.6,2,3,3,233,At Risk
961ca706a9f7e9d6a4ba81922cde9730,255,1,0.0,3,3,1,331,Need Attention
9620623f9ea546719cb3cd99bbb879a9,101,1,609.0,5,3,5,535,Potential Loyalists
96210b5e060ddc56b30d2625dbade4cc,72,1,28.9,5,3,2,532,Potential Loyalists
9625dbb5638f8509d01ce8a4e5708395,566,1,72.9,1,3,3,133,At Risk
9627e55290c60f562fa06f399ec6b82f,190,1,105.0,4,3,4,434,Potential Loyalists
9629571615597f3820713e054a195387,178,1,16.99,4,3,2,432,Potential Loyalists
962d26025128e8e5ca4406d754e5c25f,488,1,42.99,1,3,2,132,At Risk
962fad01db45c4983ba990180181894f,253,1,0.0,3,3,1,331,Need Attention
9630f071c42911730039a7e04fcea49b,279,1,38.9,3,3,2,332,Need Attention
963b5a699e9bba3b80c664365386e69d,100,1,60.0,5,3,3,533,Potential Loyalists
9646f9a3dfd2aa3e1cd8f0d1162e0164,241,1,108.0,3,3,4,334,Need Attention
9655822fce78843a1c9fa79e6180346c,31,1,0.0,5,3,1,531,Potential Loyalists
966c7d4c0641a84e8385e7344018e3bd,115,1,65.0,5,3,3,533,Potential Loyalists
9676b88a7dd5de3db5ded00d7d36f1b0,498,1,292.0,1,3,5,135,At Risk
967a0b2176d10e4fff035035b224ee04,169,1,569.0,4,3,5,435,Potential Loyalists
967d0981ea01782db4e75741ce4c9061,238,1,179.49,3,3,5,335,Need Attention
967eb85deeab5124df2165cdada917f3,289,1,72.99,3,3,3,333,Need Attention
968436577c1e2073b28031261cb45a24,259,1,73.5,3,3,3,333,Need Attention
96849dcfacea8dbb9bde85ef21dc06ce,80,1,49.9,5,3,3,533,Potential Loyalists
9685725a8618241ee4b44021b972f3eb,237,1,80.0,3,3,3,333,Need Attention
968ca7d54afbf973815b9d332584b825,183,1,20.0,4,3,2,432,Potential Loyalists
969cdc8af5b07074766e79c1e6d76c24,136,1,98.2,4,3,4,434,Potential Loyalists
969de71d3e19a266e7eefaeab10c527b,188,1,86.5,4,3,3,433,Potential Loyalists
969e73f799937ce78f0d1c0777201bfa,221,1,164.98,3,3,5,335,Need Attention
96a9a44255930061d8f6a93d4893d986,294,1,27.19,3,3,2,332,Need Attention
96af463b7f8aac5426aad0db88d95274,353,1,34.2,2,3,2,232,At Risk
96b9e8f4f6d0a7376c9ee9e954e40897,340,1,56.99,2,3,3,233,At Risk
96cb02f68234a742dc681f7a5c4d707e,589,1,109.0,1,3,4,134,At Risk
96cdc1ea3aa898de11cf8823cf6e1524,296,1,21.15,2,3,2,232,At Risk
96ce642e637cf74a0d3023db31e59d16,287,1,0.0,3,3,1,331,Need Attention
96d0f06710800d0c4defd88cd710ceb5,410,1,152.15,1,3,5,135,At Risk
96d3ea0bcd5244480b7ff75e849274ac,147,1,59.9,4,3,3,433,Potential Loyalists
96d46a4d4732662278058f25829de976,300,1,0.0,2,3,1,231,At Risk
96e047d0f9de88ca34c9005565fbe03e,385,1,23.8,2,3,2,232,At Risk
96e7c164f57fe5210f73c9ab17da3080,525,1,0.0,1,3,1,131,At Risk
96fd69e8b0df76a9a807b01dc82bef5b,170,1,122.99,4,3,4,434,Potential Loyalists
9704398cbe84e5bff3a4f84534d401b5,322,1,45.0,2,3,2,232,At Risk
9705a67d7c80c572399ed29b112b3295,75,1,107.9,5,3,4,534,Potential Loyalists
970cab2431fe3ecdba987b0a2a5c54ba,136,1,379.9,4,3,5,435,Potential Loyalists
9716aa0359703cd7753c5696c45823e0,318,1,45.04,2,3,2,232,At Risk
971a20d854409a87231b42d25a84e08e,238,1,25.9,3,3,2,332,Need Attention
9722ccc43ea288edb47eb7a2456df589,428,1,79.0,1,3,3,133,At Risk
972982ede3727673962ae6e5ae515166,343,1,85.0,2,3,3,233,At Risk
9739e5179f34b3e3ad589f4b4694ed76,296,1,274.9,2,3,5,235,At Risk
973f2fba63a7eb540f8860b0c75b63cb,84,1,149.0,5,3,4,534,Potential Loyalists
9743725ca6404a6e62af8588bd833c3b,88,1,24.9,5,3,2,532,Potential Loyalists
974444820df2071adf9a67db0a5a29d9,323,1,37.98,2,3,2,232,At Risk
97486266dbd1e557a24a5044981c5a9e,56,1,0.0,5,3,1,531,Potential Loyalists
9749e3b7d02a7194473d5a6784071186,382,1,0.0,2,3,1,231,At Risk
975da430d73b2d8b52bdb335a32b5a3f,310,1,34.99,2,3,2,232,At Risk
975fd7a50474637f35629c9f8028b093,116,1,0.0,4,3,1,431,Potential Loyalists
9767fb7a2413384345496c4ba8420ec3,402,1,49.9,2,3,3,233,At Risk
976e9c3a12631871a0f102cfa256dd75,40,1,0.0,5,3,1,531,Potential Loyalists
977136c10acb01bd9cecb7d18ff7d1a0,585,1,69.98,1,3,3,133,At Risk
9776ff05fe105b6c7e4008a0eb87092e,292,1,0.0,3,3,1,331,Need Attention
97890020fca3adcc29f8daa54701e0dc,504,1,34.76,1,3,2,132,At Risk
978b2c4adaf76833873cf3f16c08882a,433,1,54.9,1,3,3,133,At Risk
979243d8d465d002397d1e5febd19a31,69,1,0.0,5,3,1,531,Potential Loyalists
97a32508ed4a9c806147d223a4e790da,230,1,0.0,3,3,1,331,Need Attention
97a3b28926cd362da0d9d395c349a35a,132,1,0.0,4,3,1,431,Potential Loyalists
97a502d1eddd99e0765df4eebc950f31,573,1,119.69999999999999,1,3,4,134,At Risk
97a8c192968ddbded45b8fc64563ac3e,52,1,139.9,5,3,4,534,Potential Loyalists
97ac5fe4d72f6aaca9ec00719a576068,172,1,49.0,4,3,3,433,Potential Loyalists
97bea1bd851c66cb1b935ca5120c4fef,70,1,185.0,5,3,5,535,Potential Loyalists
97cce9cfd565d0c7710a453ee93e220d,40,1,0.0,5,3,1,531,Potential Loyalists
97d25181e5b9212f6b4c9c92c94dc120,123,1,150.0,4,3,5,435,Potential Loyalists
97d5a3c222d46b035442bcbcd810d54d,529,1,54.98,1,3,3,133,At Risk
97dd5524d445fd04185c13245af4e173,109,1,15.19,5,3,2,532,Potential Loyalists
97de814c468893e08c96ec1575ff80f1,308,1,0.0,2,3,1,231,At Risk
97e00e9db261b8a8d4ae6aebca9b7af9,84,1,34.9,5,3,2,532,Potential Loyalists
97e1761b97da48fb11d3c8e1ed9be8dc,27,1,39.0,5,3,2,532,Potential Loyalists
97e4680fd417043d7572a032e5cad15e,225,1,89.9,3,3,4,334,Need Attention
97f104e8e54ef4147d17fc1536a1482c,203,1,535.9,4,3,5,435,Potential Loyalists
97f7109a3e97ce0599ed97792845e21b,494,1,0.0,1,3,1,131,At Risk
980097869b622b2054accc551ed1c86f,305,1,119.6,2,3,4,234,At Risk
9801a2c53e40c68803158742466ad09a,127,1,35.0,4,3,2,432,Potential Loyalists
980349653e7fe046c6ecce32d729bab3,290,1,150.0,3,3,5,335,Need Attention
980bce54f940bb95618bad4f0734f7dc,94,1,91.55,5,3,4,534,Potential Loyalists
98104cabacc1799825ebdd3932df84d3,529,1,0.0,1,3,1,131,At Risk
981146523d8e000b77f1b136643bb776,26,1,155.0,5,3,5,535,Potential Loyalists
981434a709f694e96911faaa47eb2352,38,1,0.0,5,3,1,531,Potential Loyalists
9824bf31431205c6c2e87f32c0fd0258,92,1,24.97,5,3,2,532,Potential Loyalists
982dd12913a636c1b844398791910907,299,1,99.9,2,3,4,234,At Risk
982f532d3e8e8177c57361a39d1b1492,161,1,49.99,4,3,3,433,Potential Loyalists
9835179d41a3cd33cf230e728fe85798,163,1,79.0,4,3,3,433,Potential Loyalists
9839347d33d3a6aa1c44d5d4d194e031,230,1,38.97,3,3,2,332,Need Attention
983a8046e2c04b5b3afb5ff0faf19c29,546,1,84.99,1,3,3,133,At Risk
9849752e9f7a2aa67acc5ec6a5eb4725,392,1,89.9,2,3,4,234,At Risk
984f5faacf22b85ec7492e3dcf26f1f6,122,1,45.9,4,3,2,432,Potential Loyalists
985193cef819fb723765f65bb2cb0379,220,1,29.9,3,3,2,332,Need Attention
985af5bb63fa1d56ea5558469a527048,197,1,83.7,4,3,3,433,Potential Loyalists
9862ce221e3e2761a216c537d75d0256,110,1,399.0,5,3,5,535,Potential Loyalists
986bbef397a31081e35344fcb2c7fb24,296,1,152.98,2,3,5,235,At Risk
986ce405ebbdc4183571a1e297e54460,208,1,59.9,3,3,3,333,Need Attention
986d4433885f533fdcde85845bb9a39f,99,1,135.0,5,3,4,534,Potential Loyalists
987240c66392cc81f1a1fb47f54356b3,189,1,0.0,4,3,1,431,Potential Loyalists
9873d2120338fb542090bc123fe5c47f,281,1,69.2,3,3,3,333,Need Attention
987b693e3cf5a2dcd21f362a50d8f1b7,139,1,64.99,4,3,3,433,Potential Loyalists
9883b261732b8f3e389e6b2e66e3898c,497,1,145.0,1,3,4,134,At Risk
98913af5f5f0060d8cf2f25f5bc8d767,92,1,0.0,5,3,1,531,Potential Loyalists
989318865f5926b953a92a75475e9d32,140,1,0.0,4,3,1,431,Potential Loyalists
989678100dbad0f75fedaa8719e17009,301,1,0.0,2,3,1,231,At Risk
989f190ff791de092cea2eab70bdd2af,432,1,0.0,1,3,1,131,At Risk
98af3235f3dc55bc74cb8932c64b3523,151,1,102.9,4,3,4,434,Potential Loyalists
98b69c34f0422d2e025280b55531166e,396,1,0.0,2,3,1,231,At Risk
98c119f8f9c3bc5cce350b820bca3d43,50,1,35.0,5,3,2,532,Potential Loyalists
98cc69c83f043dde125b693786c0a7d8,250,1,13.65,3,3,2,332,Need Attention
98d609d0160c8510c762a70ca0ed4c8e,85,1,66.0,5,3,3,533,Potential Loyalists
98d64cb8cf9878369a43bde681e16463,62,1,22.0,5,3,2,532,Potential Loyalists
98e7f8ccc8bdeee890c834e5bb7285f5,255,1,0.0,3,3,1,331,Need Attention
98ebd9f03682fedae27483d82a18f4f4,359,1,85.9,2,3,3,233,At Risk
98f314d32dfef1780dcb6a6dc3d81413,66,1,117.9,5,3,4,534,Potential Loyalists
98fc5953df36cdfa978a40098b8589e3,548,1,249.99,1,3,5,135,At Risk
98fe78f31c97fe5bea79c47254f5d13e,505,1,49.0,1,3,3,133,At Risk
99017f566137456809aa814be29cfe2f,87,1,47.9,5,3,2,532,Potential Loyalists
990302c82284e848fd5985e4f0c917ad,71,1,53.99,5,3,3,533,Potential Loyalists
9906d68107dde940843a1f3bbd3716ef,84,1,89.7,5,3,4,534,Potential Loyalists
9915eb9f74b6c11aaf04833f65b00e93,344,1,895.0,2,3,5,235,At Risk
991b34b2a28841c492dd1f8567935ced,308,1,35.9,2,3,2,232,At Risk
992143aff0c52bffd8d709bd00f57465,516,1,164.33,1,3,5,135,At Risk
99295d295510266e4145b6c536cac816,475,1,149.99,1,3,4,134,At Risk
9930a089a21d7d6754347faf03001f6f,594,1,0.0,1,3,1,131,At Risk
9935b7e2683de890a208026f020e54d3,256,1,109.9,3,3,4,334,Need Attention
993d9a0e5fd88247da657a4c85fe72b0,346,1,0.0,2,3,1,231,At Risk
993ee523f5ef786892a3d1166ba05238,134,1,145.0,4,3,4,434,Potential Loyalists
9949e007c1f037474a3423372cccb701,461,1,0.0,1,3,1,131,At Risk
9952c3ccc4352779b44e99bbc8e8af5f,244,1,28.799999999999997,3,3,2,332,Need Attention
995fe9426f030109b1614044edaf46d9,175,1,159.99,4,3,5,435,Potential Loyalists
9973f66572e8b080eff0a6e5085b1d8b,252,1,89.0,3,3,3,333,Need Attention
9976a6eff003bbc0280a428ed781f0e1,66,1,0.0,5,3,1,531,Potential Loyalists
99798150431ad173fa5e31d53ff08a7a,301,1,168.8,2,3,5,235,At Risk
99979929ca27d42627ac1176838eda6c,475,1,0.0,1,3,1,131,At Risk
99aa844e1dfbb94ee8ea9301de8cbe25,86,1,0.0,5,3,1,531,Potential Loyalists
99b8ee09d642ffedf091951a7235faa0,458,1,39.8,1,3,2,132,At Risk
99bd83b8cefdaa2b4b9e24df303999e5,301,1,19.99,2,3,2,232,At Risk
99be275a1517effe1613cc37360c2b9a,178,1,32.9,4,3,2,432,Potential Loyalists
99d088ea6bb01bd16675ea4fab8a753a,148,1,71.3,4,3,3,433,Potential Loyalists
99d588adae1c418734eaa816bc1d29d3,198,1,27.9,4,3,2,432,Potential Loyalists
99d697dd68fad729283560abe0adae43,254,1,119.0,3,3,4,334,Need Attention
99da07e0f4c905ababa637f19e0840e0,501,1,53.8,1,3,3,133,At Risk
99e1c1df6a737fea3658ca705b8f374d,499,1,0.0,1,3,1,131,At Risk
99ecf7e96d410a094bc95f5d3cb9d98f,299,1,99.0,2,3,4,234,At Risk
99f4235bb5deb521b806dc9e5d30e163,39,1,107.99,5,3,4,534,Potential Loyalists
99f795fe81425dadda5f35f1f8f443f2,518,1,138.0,1,3,4,134,At Risk
99f8895e8d1d341a655d0800cb5590f9,253,1,89.0,3,3,3,333,Need Attention
99fd4c2c2a5e6ad80240df30afd7081d,161,1,89.0,4,3,3,433,Potential Loyalists
9a0fc263e91c9a11390639075ebba93f,399,1,0.0,2,3,1,231,At Risk
9a319f1eb77772538793b60e5834c1ca,193,1,0.0,4,3,1,431,Potential Loyalists
9a364f4958e8576bc20ab141a760a18c,311,1,83.23,2,3,3,233,At Risk
9a401204217ee04e12b8f097f80bbfd8,235,1,0.0,3,3,1,331,Need Attention
9a472b2130845c605e1581b58e27b504,39,1,220.64,5,3,5,535,Potential Loyalists
9a47f3ac5c51599a24bb848c16ece5f4,606,1,636.0,1,3,5,135,At Risk
9a481c845f8bf3fb0b9f4520f11c353e,178,1,149.9,4,3,4,434,Potential Loyalists
9a58c55c10b4eb6c69fb0874d8beb466,415,1,29.99,1,3,2,132,At Risk
9a6032bc6bbfbf84eb4d55660786ce17,198,1,49.9,4,3,3,433,Potential Loyalists
9a63e6f409edc461d17c76f033dead5e,292,1,0.0,3,3,1,331,Need Attention
9a6ebfbeb5d9f2d280e3c872b750fc39,427,1,279.9,1,3,5,135,At Risk
9a84c5a0f9cc7cf180789ceb14b11770,194,1,0.0,4,3,1,431,Potential Loyalists
9a8744d068311f65b559ae7a2ebbdeae,71,1,0.0,5,3,1,531,Potential Loyalists
9a9ae59e093bbdc9fe9199638cef2d92,203,1,27.9,4,3,2,432,Potential Loyalists
9a9badb989982a799ee01e6ae061c19a,161,1,58.0,4,3,3,433,Potential Loyalists
9a9ca2ba7c7df7918e058df64a36c739,89,1,119.99,5,3,4,534,Potential Loyalists
9aa5b032a9157594cda43b16a832f738,230,1,179.49,3,3,5,335,Need Attention
9aaa58547a3afbd11e2b63af4770f688,545,1,0.0,1,3,1,131,At Risk
9aaa6812e0daefa1f7edd5f772297d2e,142,1,0.0,4,3,1,431,Potential Loyalists
9aace06a372bf894a10503c19033c2ec,347,1,388.9,2,3,5,235,At Risk
9aae8213ff9bc04cc3ce48b85f43a173,116,1,158.0,4,3,5,435,Potential Loyalists
9aba54994850ca5befd6f16384e925b2,478,1,99.99,1,3,4,134,At Risk
9abcde7f53b638ba7990754105e300a0,224,1,109.8,3,3,4,334,Need Attention
9ac15e6f0d402baa3170705de3d4590f,281,1,27.99,3,3,2,332,Need Attention
9ad4f9335cac4ef80ebf85ce93dee011,533,1,69.0,1,3,3,133,At Risk
9ae512d732c481bbc2e1fa426da93a8d,206,1,339.9,3,3,5,335,Need Attention
9ae6321b0e75c59cbac8fade4ef69544,143,1,189.99,4,3,5,435,Potential Loyalists
9aef79c3325221159248a8dd338948be,491,1,27.9,1,3,2,132,At Risk
9af22c5b50d36322428116c8be953928,178,1,0.0,4,3,1,431,Potential Loyalists
9af5c954a7ab7b453446a4dceaa18de7,366,1,0.0,2,3,1,231,At Risk
9b07093dea2031813ecd083b03b63681,156,1,112.9,4,3,4,434,Potential Loyalists
9b11e010850a4045d2da80c7783fdbd1,106,1,3198.0,5,3,5,535,Potential Loyalists
9b1b3039181a4ab244ef97c27a825a26,158,1,89.99,4,3,4,434,Potential Loyalists
9b2603943f002e297559ef949c629d90,244,1,58.9,3,3,3,333,Need Attention
9b390e923bbf7e3edc2bcb93d8707355,175,1,112.0,4,3,4,434,Potential Loyalists
9b3dabff65be6c72db1f0c127bd8cc42,240,1,47.49,3,3,2,332,Need Attention
9b4496ef27f4b987ed84d49a0386c28b,167,1,99.0,4,4,4,444,Champions
9b475216704f39cb18ce448648b995e1,42,1,92.9,5,4,4,544,Champions
9b4f9870718fc9f864d7d5494d91f477,286,1,0.0,3,4,1,341,Loyal Customers
9b63dad3d78b17032fe82c25b368be51,512,1,89.0,1,4,3,143,At Risk
9b74eb2e52bbbb88985c2fb43e02beae,34,1,102.88,5,4,4,544,Champions
9b76c588a7a8d495bce4f71d2559d3ee,526,1,99.9,1,4,4,144,At Risk
9b7c8e3942cbe4bbd22debbb13c2199b,282,1,50.9,3,4,3,343,Loyal Customers
9b82602fc3e9a153752f16553752d58d,58,1,238.1,5,4,5,545,Champions
9b953c95d48d666d4a7da3aec936f1ab,241,1,293.5,3,4,5,345,Loyal Customers
9ba6f0967ff9aede8d95fba7c2ac54ef,539,1,34.9,1,4,2,142,At Risk
9ba98a3b2aa42ee6dcb06da4ef7733c5,241,1,79.0,3,4,3,343,Loyal Customers
9bae81d2d0a87f2943a365c70fcf84b0,136,1,19.9,4,4,2,442,Loyal Customers
9bb0ec72e0fc4088b5eacfeec3dd3bc7,290,1,75.0,3,4,3,343,Loyal Customers
9bb17125558a326bc9db37d5ba89cbff,55,1,69.0,5,4,3,543,Loyal Customers
9bca37310a1cc59159af130954a00334,301,1,58.0,2,4,3,243,At Risk
9bde5e93c160f40d85e89f0279a23a29,141,1,39.99,4,4,2,442,Loyal Customers
9be157b99745700816546b2595668259,221,1,0.0,3,4,1,341,Loyal Customers
9be6dbd1622937b7f2e7fbcd6338ba68,213,1,0.0,3,4,1,341,Loyal Customers
9be795e932593ec0c21cdfa19799b5cf,359,1,43.0,2,4,2,242,At Risk
9be9d6e41cd2cc9833c427f13ac6bdda,238,1,124.99,3,4,4,344,Loyal Customers
9bed676175d3561a1610ac36f878be37,343,1,0.0,2,4,1,241,At Risk
9bedaa421783554848ab968c22aa6dfe,174,1,89.8,4,4,4,444,Champions
9bee7cfdef5ae8cc38f95568d8aaa499,332,1,0.0,2,4,1,241,At Risk
9bef45d7ac9f669b72c4360f2e4bc4c1,185,1,109.9,4,4,4,444,Champions
9bf9806e37dc6496c18caf1c2fd70443,192,1,179.9,4,4,5,445,Champions
9bfc3238f6d84a036965adb6cb484013,428,1,0.0,1,4,1,141,At Risk
9bff67cbd491a775eb1e262b778da4e6,267,1,149.0,3,4,4,344,Loyal Customers
9c101a1e40d02a431e8f6e0008529772,318,1,265.0,2,4,5,245,At Risk
9c1c77b7686a68db196d382910e75d10,49,1,0.0,5,4,1,541,Loyal Customers
9c215284b65ecf4f6c88edaa22cf1eb0,197,1,193.0,4,4,5,445,Champions
9c24e88d9c048db2933562f4457dae3a,298,1,99.0,2,4,4,244,At Risk
9c33af5031131ab2acbc8fe5619340d4,246,1,89.0,3,4,3,343,Loyal Customers
9c36eedc9de64614cf76d7212fe1c919,211,1,100.0,3,4,4,344,Loyal Customers
9c393fe938ba64832b626e908d5c98f6,378,1,108.9,2,4,4,244,At Risk
9c3b8b30a6b28a14aa21e3ecaf2fadf8,422,1,0.0,1,4,1,141,At Risk
9c4220872289f4e0239410f49e02e189,117,1,79.9,4,4,3,443,Loyal Customers
9c4e9cdeb7afe29d1395506e385c468b,80,1,0.0,5,4,1,541,Loyal Customers
9c626519e11c8495151eebbb6849cae5,186,1,0.0,4,4,1,441,Loyal Customers
9c69d28b1246f9a2d39c641bb4074544,96,1,105.0,5,4,4,544,Champions
9c6f374501444b54a26449766b9ac301,235,1,0.0,3,4,1,341,Loyal Customers
9c726dd74d402358614b097f18aa4a69,87,1,55.0,5,4,3,543,Loyal Customers
9c799fbb60c13bcd545925514dcfcbad,465,1,69.9,1,4,3,143,At Risk
9c7bc34fa4b2fd8e3f132a6337ba8828,310,1,119.8,2,4,4,244,At Risk
9c7e7551b620fca261fa19ba196fd97c,169,1,0.0,4,4,1,441,Loyal Customers
9c7e78f00bcba203b8a9d4fc5be7fb72,158,1,59.99,4,4,3,443,Loyal Customers
9c9242ad7f1b52d926ea76778e1c0c57,43,1,0.0,5,4,1,541,Loyal Customers
9c9ac56ba685050163c38688a26ba66b,484,1,269.9,1,4,5,145,At Risk
9c9c09ee9270bcacbcf4adec6aa1452c,281,1,45.9,3,4,2,342,Loyal Customers
9c9cef121cb812cb301babddc2d8331e,213,1,27.9,3,4,2,342,Loyal Customers
9c9db9057b02a4a1eb0d79e7caa1120f,419,1,69.9,1,4,3,143,At Risk
9ca1922fbd76be0c0045625cf3f04daa,585,1,0.0,1,4,1,141,At Risk
9cc4ffe9017eb8c8a33ec9b04d573f15,482,1,240.0,1,4,5,145,At Risk
9cc5a07f169a1606fd347a56683e6ea6,30,2,135.9,5,5,4,554,Champions
9ccff5067614ac5510320fed6e4dda46,603,1,59.9,1,4,3,143,At Risk
9cddd5e19cf32df589743ca041498b8f,75,1,114.9,5,4,4,544,Champions
9cdfe712401ae2a44d3056afbc2b77a8,606,1,310.9,1,4,5,145,At Risk
9cdffa935c79cf06d8bee1954e03b255,163,1,79.9,4,4,3,443,Loyal Customers
9ce65b8b5abf4f8eb9c36d54903bf746,290,1,0.0,3,4,1,341,Loyal Customers
9cf09239ed6ade14a7a589a75c3e0706,239,1,45.9,3,4,2,342,Loyal Customers
9cfb17d6b8d7e7b02a2104a4d98e1cff,121,1,217.2,4,4,5,445,Champions
9d0755875c89125946b738c348527509,386,1,29.9,2,4,2,242,At Risk
9d1350449f6a329048b3e097330d0192,179,1,84.89,4,4,3,443,Loyal Customers
9d24f678ee98bb5e947d54918a6447f6,36,1,199.08,5,4,5,545,Champions
9d2b062dc07734a1d7053478a7e83280,302,1,39.8,2,4,2,242,At Risk
9d493b6fed36dd8659da595caf65f112,40,1,0.0,5,4,1,541,Loyal Customers
9d4ed7a07028101c01a9c4f9c11ee26b,129,1,166.0,4,4,5,445,Champions
9d62781deeb1060adc0f47a86d4a2ef3,503,1,104.9,1,4,4,144,At Risk
9d687a1e1a93c3d1788eaf38b05e0040,485,1,99.9,1,4,4,144,At Risk
9d7a7819f035595c50c85e4ec22308d0,322,1,0.0,2,4,1,241,At Risk
9d88bce9ca826ebe1fd91212f8eab138,93,1,246.0,5,4,5,545,Champions
9d8f733fc90d46cc6aaf3252cfcb1545,221,1,65.99,3,4,3,343,Loyal Customers
9d962709ced8c31f3b89ac1cadab00ba,431,1,149.99,1,4,4,144,At Risk
9d9ab3b77f0416765b3fbedf94a942a4,386,1,0.0,2,4,1,241,At Risk
9d9e66e0aa0c3e3679f222b49308ef46,110,1,23.9,5,4,2,542,Loyal Customers
9da055c652848f95e07a0614689cf705,502,1,97.5,1,4,4,144,At Risk
9da098e9a3edd7f640205f03a340a821,120,1,149.99,4,4,4,444,Champions
9da3069306d3a92c5c835bcfa0610d27,596,1,79.9,1,4,3,143,At Risk
9dadf198dd249e1f37323eab5c877c20,406,1,49.95,2,4,3,243,At Risk
9db07d9df74e56026773967803ad0c54,59,1,188.7,5,4,5,545,Champions
9db1efe7f18219fb291bbd05354d5ccc,208,1,29.0,3,4,2,342,Loyal Customers
9db9c8afd749185bdf80b8875b526ac7,414,1,45.9,1,4,2,142,At Risk
9dc44558922ff57d14d99f20d37f440f,459,1,0.0,1,4,1,141,At Risk
9dc8eb1c074074a8bbb0f812d00d9875,163,1,65.9,4,4,3,443,Loyal Customers
9dcdb9030f26f35185c5c94a5f46f0c5,372,1,169.9,2,4,5,245,At Risk
9dd4d52032202084a2937f867ece4dba,229,1,84.9,3,4,3,343,Loyal Customers
9dddffdd447ab3aa654122a6a1049906,602,1,0.0,1,4,1,141,At Risk
9ddffcc1c50f3ffe02ff8b5b7a7e2d3a,547,1,34.0,1,4,2,142,At Risk
9df377601c20eda92b30f91d76204900,207,1,60.0,3,4,3,343,Loyal Customers
9dfb7929049455ca5ecd4b7d154b84f7,93,1,189.0,5,4,5,545,Champions
9dfffbf5ae6ed8a0ba6958a4adb29c8b,192,1,0.0,4,4,1,441,Loyal Customers
9e0c06f4607e8d1c8b1bb5419446c5b9,81,1,66.39,5,4,3,543,Loyal Customers
9e10a42bf2dbabb0454ee38fb1baf890,177,1,0.0,4,4,1,441,Loyal Customers
9e1a887900d571126078e1c10e3d9cf1,150,1,95.0,4,4,4,444,Champions
9e1fb6b16c75bcaecc2ee20b775ef613,577,1,39.9,1,4,2,142,At Risk
9e212e7b5a0904360d7c0b1378e8ad38,428,1,279.0,1,4,5,145,At Risk
9e31af3a959762dbcb33efebc315745e,480,1,89.9,1,4,4,144,At Risk
9e3240b06a61c22ca74a37f945a3c21d,206,1,54.0,3,4,3,343,Loyal Customers
9e3b14f1565f39f2b963e041f3fef97a,40,1,0.0,5,4,1,541,Loyal Customers
9e4b2156054649b5c139134859b596dc,135,1,241.9,4,4,5,445,Champions
9e59404a9868b5fdfe293667404c9a40,207,1,54.9,3,4,3,343,Loyal Customers
9e5e6c3acbc7ee451dd52c0cddb575f4,234,1,74.89,3,4,3,343,Loyal Customers
9e651745bfd1fd007bed5a7053561a82,301,1,74.9,2,4,3,243,At Risk
9e669f3ab89dd4e2fd37ae56ee419623,107,1,180.4,5,4,5,545,Champions
9e68775971541ca8a79b6fce848e7aee,319,1,121.9,2,4,4,244,At Risk
9e7549e4656b62a8623342de7d758093,313,1,129.8,2,4,4,244,At Risk
9e7a39dbb0cf16617bd4bf207c32989f,568,1,110.0,1,4,4,144,At Risk
9e7b0067b40b164e01731e084fbb595a,300,1,129.9,2,4,4,244,At Risk
9e8876439507a7c603809927dd6ef09d,361,1,59.9,2,4,3,243,At Risk
9e89d2232df792cde636a47212a9f2bb,452,1,109.9,1,4,4,144,At Risk
9ea65227cfac84dd2778bc0315dd8f10,28,1,99.9,5,4,4,544,Champions
9eb1e6e4ad8e8e4a87dc87fda7e002a4,388,1,69.0,2,4,3,243,At Risk
9eb2218c0035fc7d6c62ae7e0c384c46,182,1,0.0,4,4,1,441,Loyal Customers
9eb98592b8f2aad88bc937c857ea9a35,523,1,26.9,1,4,2,142,At Risk
9eca552063680b7cd2ed0e8aea002b21,253,1,1296.0,3,4,5,345,Loyal Customers
9ed19e34d278749a58db6f4659f679b1,148,1,35.9,4,4,2,442,Loyal Customers
9edaed9eaaeea0e318664dbff81e2cb3,140,1,129.8,4,4,4,444,Champions
9edff4c2e973f86cb82c45cc33485a75,247,1,0.0,3,4,1,341,Loyal Customers
9ee554a619106eea8aad534209f8b566,474,1,89.5,1,4,4,144,At Risk
9eeaf54f02f98c43be6b0d01e3978660,315,1,169.88,2,4,5,245,At Risk
9eed794c3e994632e1d60d9983f2cbe6,177,1,115.0,4,4,4,444,Champions
9eedcaf541a8a393248b2017afecf694,343,1,118.0,2,4,4,244,At Risk
9eeff740315964ab38c98babc464f0c9,161,1,0.0,4,4,1,441,Loyal Customers
9eeffd87f2e7056cd68c3896802919b5,439,1,269.0,1,4,5,145,At Risk
9ef9c875e34ad30210f77d54154614ac,163,1,49.9,4,4,3,443,Loyal Customers
9f008417d1115817ec36ac4bdf3619ea,193,1,188.9,4,4,5,445,Champions
9f01a3d51b4c25b9298fae675053c4c6,455,1,104.0,1,4,4,144,At Risk
9f132e9deb8acae2b60d132499bba0b5,142,1,94.95,4,4,4,444,Champions
9f209af49a8a6e3383f55c0eda2e705b,62,1,129.9,5,4,4,544,Champions
9f25bf3abc2308165affa650cd99d5a8,311,1,25.9,2,4,2,242,At Risk
9f269af9c49244f6ba4a46985a3cfc2e,382,1,125.9,2,4,4,244,At Risk
9f2f5021076171f0efcf196eb7695ef4,277,1,0.0,3,4,1,341,Loyal Customers
9f3421bef3e901d5e45f6f1e54662442,135,1,990.0,4,4,5,445,Champions
9f361680cc2a1398c1156b77b38d1754,178,1,69.99,4,4,3,443,Loyal Customers
9f3a4f9a67346ae72d8edc3b766e664f,47,1,56.99,5,4,3,543,Loyal Customers
9f41be4770ba8418526ed3773650314c,438,1,99.7,1,4,4,144,At Risk
9f54b233b9ad5b53537a0eea4b718ed6,333,1,76.8,2,4,3,243,At Risk
9f557659e6b5c18b6ef2e9abaf80fe84,235,1,0.0,3,4,1,341,Loyal Customers
9f5c219d3a2c143182670f3f363ac039,496,1,31.8,1,4,2,142,At Risk
9f65b22046ff3281527d2c66debd30c3,465,1,397.9,1,4,5,145,At Risk
9f65c47cdfb0d8bd59d31c6881759086,218,1,149.0,3,4,4,344,Loyal Customers
9f67aa18a87ea9a76854deeb9385c011,49,1,46.9,5,4,2,542,Loyal Customers
9f6aec2e1d2373c0533bb0302cb79c0e,353,1,99.0,2,4,4,244,At Risk
9f71041667decc88f2ca7f8c2189fa1c,210,1,47.0,3,4,2,342,Loyal Customers
9f78539e463a477b0a4855fce8ddb10f,473,1,25.99,1,4,2,142,At Risk
9f80e8ee4b2fe8150988be49a42f30ad,137,1,92.0,4,4,4,444,Champions
9fa091c9a55e4a6dcb8d2c009bade5c5,516,1,89.9,1,4,4,144,At Risk
9fa792e0110faa073e44deba7a8f45a8,113,1,129.9,5,4,4,544,Champions
9fa87261e8ee721c46b398362db72a5e,178,1,0.0,4,4,1,441,Loyal Customers
9fb020faa1dfc7cc66b648e6a8ef0ca0,33,1,152.0,5,4,5,545,Champions
9fb86d78b0db13b64af3089329149fd5,197,1,0.0,4,4,1,441,Loyal Customers
9fc8316f4c0d0601664216e0a9327ed5,238,1,1695.0,3,4,5,345,Loyal Customers
9fd78e7df3488fd8e24ccc627acc38ef,151,1,0.0,4,4,1,441,Loyal Customers
9fdda3b176806e4447ead693e25ee82a,331,1,25.99,2,4,2,242,At Risk
9fe43a8003212045cfc073c5fcfece09,300,1,79.99,2,4,3,243,At Risk
9fea70e31334be94bc66a683ceeea2f7,553,1,34.9,1,4,2,142,At Risk
9febc9f07c093eff66ee9dae0dba9aa8,36,1,70.0,5,4,3,543,Loyal Customers
9fec5bf436533b92a3f6e2c8d974ab5f,441,1,659.0,1,4,5,145,At Risk
9fee5c4674933153365209149efdded7,350,1,64.9,2,4,3,243,At Risk
9ff8343bb1b75defb17c8c2337733aa6,167,1,109.9,4,4,4,444,Champions
a0013bdda594500050eb4956ae1915f8,249,1,196.8,3,4,5,345,Loyal Customers
a0051f68eca82133a6e8eb9c50092370,227,1,120.0,3,4,4,344,Loyal Customers
a00a13ac36037d575bb016caf8f50d53,541,1,38.5,1,4,2,142,At Risk
a00e38794a6b0c88f86ebedb6b68c8b9,58,1,34.89,5,4,2,542,Loyal Customers
a012820fbbced38a03331716e231e0ba,150,1,57.99,4,4,3,443,Loyal Customers
a012ae83a5e3214d951efa46b8e190fc,488,1,89.99,1,4,4,144,At Risk
a029899dd8534557a81c369475ff80c8,161,1,105.0,4,4,4,444,Champions
a0361c0779cda9416bf7aba3a0f7884b,405,1,0.0,2,4,1,241,At Risk
a03bed47efff02de7b59d0da789f0dcf,318,1,759.99,2,4,5,245,At Risk
a052affc7a7b3ec84ee042f41a1239a1,203,1,29.98,4,4,2,442,Loyal Customers
a05a48b0bebd43d306554058d5c3bfbd,276,1,0.0,3,4,1,341,Loyal Customers
a05e40352c8b77d9b06426ee54764a5b,444,1,0.0,1,4,1,141,At Risk
a0628933453581e07788fb3d5eb1cd28,446,1,0.0,1,4,1,141,At Risk
a06d94b5d758fbc36c8f679d98ae1fc5,188,1,55.8,4,4,3,443,Loyal Customers
a06f91da0bcf4f2ba635ee92ba3c33c6,233,1,0.0,3,4,1,341,Loyal Customers
a073c8fcbfa7ae775d613d19816f2b1d,292,1,170.0,3,4,5,345,Loyal Customers
a07a783b3105910325b0169dcb1ac1e5,175,1,169.9,4,4,5,445,Champions
a0a4c7c7ce0ee0e41de146170180b19b,277,1,195.9,3,4,5,345,Loyal Customers
a0ad307305859d93985e5c19f4aa6393,51,1,19.9,5,4,2,542,Loyal Customers
a0bb13c6e9da8e2d1af6d0b8d5b61cd1,420,1,0.0,1,4,1,141,At Risk
a0bdbb9ab9c09b5a534cdac6c1809527,404,1,0.0,2,4,1,241,At Risk
a0c02e30e19b2d276b746bfbfd36cd1e,131,1,97.0,4,4,4,444,Champions
a0c241dec798f1624d120b0be72d7377,388,1,89.69999999999999,2,4,4,244,At Risk
a0d44d593fe455c0ec7ed8f4715190cb,171,1,0.0,4,4,1,441,Loyal Customers
a0d58c3abf0bc947e39f72976db72428,65,1,118.99,5,4,4,544,Champions
a0e913a3db2eee9d3dde90b2807fcaf8,59,1,39.99,5,4,2,542,Loyal Customers
a0ed9938ec568e99c00e526d4edddeb7,281,1,0.0,3,4,1,341,Loyal Customers
a0f13a6ab11c5be53644b09057728707,97,1,13.99,5,4,2,542,Loyal Customers
a0f1a379d9aa6e79e14fc5ee5fcac940,185,1,47.65,4,4,2,442,Loyal Customers
a0f619ac6cd2d9cc9194f265dac97d9e,293,1,14.9,3,4,2,342,Loyal Customers
a0f7b767e9567e75fe3f960cc6a6bd61,406,1,0.0,2,4,1,241,At Risk
a0fc8744b3c29be388149ee2bbccb79e,248,1,38.9,3,4,2,342,Loyal Customers
a1037cdfc5b17d41ac68e20a1c4ec4fd,104,1,64.99,5,4,3,543,Loyal Customers
a107ddd0b7ad33c60c34603fac4fef37,154,1,129.0,4,4,4,444,Champions
a1093bee1795c50b44d4e8d8a44c8b77,56,1,18.0,5,4,2,542,Loyal Customers
a10b49b8e43355b8804f79c3a01a5277,251,1,299.98,3,4,5,345,Loyal Customers
a10be7ed9e8d0fa2f17d0f8504485194,33,1,0.0,5,4,1,541,Loyal Customers
a10c0d1e68e919e3d91ed940a0ba6aed,368,1,0.0,2,4,1,241,At Risk
a10de9d953278e90b352cb3def7f2b12,541,1,0.0,1,4,1,141,At Risk
a126181f98c5f1ec6e3d8740f47832d6,194,1,151.9,4,4,5,445,Champions
a127d16055b7a1530476349068e3a64b,390,1,59.9,2,4,3,243,At Risk
a12c1a57e3db5b14554ced648dc06f9a,102,1,44.5,5,4,2,542,Loyal Customers
a12ea0a31264f059990253b4d141134c,216,1,78.0,3,4,3,343,Loyal Customers
a12fc54cae982f13145a7c826cce10a1,101,1,1099.0,5,4,5,545,Champions
a14097347c4af120bca0ec1c6c7d5577,100,1,0.0,5,4,1,541,Loyal Customers
a141cad9daad0a5e00543b930e249b48,313,1,0.0,2,4,1,241,At Risk
a15127e427282f07bbcc3c5da3fc9370,233,1,48.9,3,4,2,342,Loyal Customers
a152c44fe84bce34a61421260f371192,112,1,899.0,5,4,5,545,Champions
a15566e9efa4b19be06852de74f31970,58,1,890.0,5,4,5,545,Champions
a160f2a63e7a2d7daa27f7e23c5a7d8e,513,1,89.9,1,4,4,144,At Risk
a171cd85387e8a90aa715cb562a939d8,37,1,45.0,5,4,2,542,Loyal Customers
a176838867d89ed62981cdf02b7ca3e1,200,1,89.99,4,4,4,444,Champions
a198703f9c7f3ac3caeef461e130156f,119,1,0.0,4,4,1,441,Loyal Customers
a1a60b6cdb7de4b7251eab4f0ca8878e,378,1,0.0,2,4,1,241,At Risk
a1c7e4cc4341714f3ffac74ae7f909b4,194,1,55.9,4,4,3,443,Loyal Customers
a1c9e5540f59e21afbdf91685f5ca791,251,1,52.0,3,4,3,343,Loyal Customers
a1c9e7522405de9c5067d4bf53fd627c,84,1,104.99,5,4,4,544,Champions
a1d02d8e96f1691603036bfcad4df844,111,1,0.0,5,4,1,541,Loyal Customers
a1d41a7e48b180342a85b93115f4263f,37,1,0.0,5,4,1,541,Loyal Customers
a1e9a193ccd1e020f61f4ffeb0d20efe,258,1,149.9,3,4,4,344,Loyal Customers
a1eff3d942844ab95a77d78f8c4900c5,134,1,0.0,4,4,1,441,Loyal Customers
a1f4501b013e52ed0dc689e52cc923a2,578,1,119.99,1,4,4,144,At Risk
a1fdca07add1ff66dda1ccc4de576050,27,1,69.0,5,4,3,543,Loyal Customers
a1ff94cf446464cb8e9f3b5b60309eeb,148,1,0.0,4,4,1,441,Loyal Customers
a20a396493d66fbde2790f5e995ff20d,301,1,115.0,2,4,4,244,At Risk
a20cdc29893c82874d8609df52228828,65,1,119.0,5,4,4,544,Champions
a215252cef9364dc0c15c45beba9b50d,389,1,67.1,2,4,3,243,At Risk
a22b61bc4027dbae0e9f26fb76e06b58,538,1,49.9,1,4,3,143,At Risk
a240a9655aafa0ae6a34aa75822e6d98,397,1,34.6,2,4,2,242,At Risk
a24b6a5a883426cbe71b43fd0a3d508a,300,1,147.0,2,4,4,244,At Risk
a24f58c1677245a026f0c065992a42db,444,1,144.9,1,4,4,144,At Risk
a2580d4b7f5471bf5e8352446ba6628e,373,1,349.9,2,4,5,245,At Risk
a25d5f94840d3c6a1a49f271ed83f4ec,212,1,0.0,3,4,1,341,Loyal Customers
a25d8eacf021a69ae692e8546a4ef677,276,1,74.0,3,4,3,343,Loyal Customers
a26120ec5834b1430157835a1814c372,390,1,26.9,2,4,2,242,At Risk
a2649503b92028291f011a976619b322,230,1,0.0,3,4,1,341,Loyal Customers
a26863f4bec97ff62ddacb4986543e03,375,1,199.9,2,4,5,245,At Risk
a26dbad393f0b90afd1675b027730df0,157,1,97.5,4,4,4,444,Champions
a26e07ee73082b847d16239481de39be,422,1,69.0,1,4,3,143,At Risk
a26f0c0f1bfad5d305a5351ee3638b09,301,1,179.0,2,4,5,245,At Risk
a275786a4b5cfa8599c673460cabc855,230,1,230.0,3,4,5,345,Loyal Customers
a278e5ab3d212b2c8285bdfa911b25a7,206,1,165.0,3,4,5,345,Loyal Customers
a27b4653c3c45bbb1b1c9f12c91e6c9f,64,1,64.99,5,4,3,543,Loyal Customers
a27e975561b1ef329059939171c34394,298,1,0.0,2,4,1,241,At Risk
a288402934b30ba36044d0c9037ccb9b,133,1,0.0,4,4,1,441,Loyal Customers
a28a526b7c924991893bbbd2c5d6b0f8,34,1,57.9,5,4,3,543,Loyal Customers
a28d638176b676da7764c544dd335cbb,329,1,8.5,2,4,1,241,At Risk
a28f925403b733be252893d297ffcd69,299,1,84.99,2,4,3,243,At Risk
a2a9e6be1091b22195b652b01a316bd5,303,1,259.9,2,4,5,245,At Risk
a2b04fc2ec07fc6fbbdfbf8fd1fe5a30,78,1,51.67,5,4,3,543,Loyal Customers
a2b764e7f5dfa8a8a21bac51aec9c1c8,47,1,195.0,5,4,5,545,Champions
a2b769288a2aaa41e38702fcbf9205bd,511,1,49.0,1,4,3,143,At Risk
a2b7cc06bc8ec4c9fda046dc4e344201,532,1,59.9,1,4,3,143,At Risk
a2b7ff1b78e90acd6810d2f646d38cb7,34,1,102.89,5,4,4,544,Champions
a2ba94a4e9d0ab6b5942c6210bd5d16e,210,1,0.0,3,4,1,341,Loyal Customers
a2cca46dd02d0fd48d837526fae3a16e,254,1,13.65,3,4,2,342,Loyal Customers
a2ccc2257b3da3b2411007336ee17e09,154,1,0.0,4,4,1,441,Loyal Customers
a2dfb6300b6b54d58dd005d415dde92b,56,1,149.0,5,4,4,544,Champions
a2eefe752c732b4960a85852029a89e2,58,1,58.32,5,4,3,543,Loyal Customers
a2f51f628955d9668200728005209afd,99,1,194.9,5,4,5,545,Champions
a2fa707edeeca30a8b657bac78e368b7,212,1,127.49,3,4,4,344,Loyal Customers
a30be234246fed38afe084a19a6cc015,503,1,22.9,1,4,2,142,At Risk
a30fdaec97e8d86a018588f72937957d,148,1,45.9,4,4,2,442,Loyal Customers
a31841afa2eb3a0400c4531b816b4486,286,1,56.89,3,4,3,343,Loyal Customers
a31bb581ee0192bd2e1976819384d4a5,457,1,699.0,1,4,5,145,At Risk
a32ab6ed820d51b18cfb895038f68220,46,1,149.9,5,4,4,544,Champions
a332b2f91037ef2205e2fe0c7d9a88e9,291,1,0.0,3,4,1,341,Loyal Customers
a34bc8498e794dc67ab208a47d38bf79,232,1,177.98,3,4,5,345,Loyal Customers
a356b4c64b0eb294b0c8b31e85867f65,180,1,0.0,4,4,1,441,Loyal Customers
a35bc409f07cc07686483f116ec40002,57,1,24.99,5,4,2,542,Loyal Customers
a3715422134e4c66bae42366fba591e5,133,1,208.0,4,4,5,445,Champions
a375d660daaeffaa316673543e2d5338,258,1,139.0,3,4,4,344,Loyal Customers
a3784be0a99a72cf41fe1b05298673dd,298,1,49.9,2,4,3,243,At Risk
a38acbb1f0ca4266b66805e1350f346d,330,1,114.94,2,4,4,244,At Risk
a39d1d1c60d50d29917037ad922ec1aa,367,1,89.9,2,4,4,244,At Risk
a39fd8580a18106b255d59465955e149,286,1,471.84,3,4,5,345,Loyal Customers
a3a53af62bbe94c89dd9f99b63283e6b,250,1,0.0,3,4,1,341,Loyal Customers
a3abc342b784863659ca724bd6b20615,430,1,0.0,1,4,1,141,At Risk
a3b14b09ee78619350083da5c35f0193,331,1,24.5,2,4,2,242,At Risk
a3bde85f64f8d689916f7b44f199d874,295,1,139.0,2,4,4,244,At Risk
a3d335d8dd759126b58367c6053bb20a,299,1,60.0,2,4,3,243,At Risk
a3dedd8b913d5035ddbdcee236a23280,100,1,124.9,5,4,4,544,Champions
a3e0645de7adef05c1ed21b997efa4c3,305,1,89.9,2,4,4,244,At Risk
a3e76c12f64a3b204cb536c3ca332ed5,251,1,84.0,3,4,3,343,Loyal Customers
a3ec5731f802c5fdcdc174cc448218e2,102,1,0.0,5,4,1,541,Loyal Customers
a3f0151d81afbfb5e90b3f977d20571a,211,1,120.0,3,4,4,344,Loyal Customers
a3f90ba3fa24d9ec5cee857de2f2e92b,185,1,0.0,4,4,1,441,Loyal Customers
a40096fc0a3862e9e12bc55b5f8e6ab2,344,1,0.0,2,4,1,241,At Risk
a4030b5e97ffc14114e66d82df860f6f,550,1,19.9,1,4,2,142,At Risk
a4031c5f35399c228a1cd7ed7431fd02,80,1,139.99,5,4,4,544,Champions
a40fd948c7052f309fbbb0c6e3d0999d,280,1,50.0,3,4,3,343,Loyal Customers
a416c14685637d33e7a250d6be3daec2,126,1,12.9,4,4,2,442,Loyal Customers
a41b86830f14039dc56fb5a1879879e9,364,1,35.97,2,4,2,242,At Risk
a41edae49cb4cc536dcb71057d582185,545,1,84.99,1,4,3,143,At Risk
a4230fdefe44f4ad4998f8a9a6a779b4,86,1,139.97,5,4,4,544,Champions
a43bd8c4ff5e6e3ce37bd3fd797a439d,109,1,130.99,5,4,4,544,Champions
a442ab74d50458525ff87fa21abd7624,246,1,139.99,3,4,4,344,Loyal Customers
a464a2040584feb990c2e3bef55cfc9a,255,1,91.5,3,4,4,344,Loyal Customers
a464f750556546a0989d9326ec003ccf,94,1,339.6,5,4,5,545,Champions
a478bdead0b1c1c119d35606124b6c75,374,1,18.9,2,4,2,242,At Risk
a4824a25ac982bd0b5f784649c49fd3c,132,1,118.0,4,4,4,444,Champions
a48616b0798c3f1d5cae097c18180be8,205,1,0.0,3,4,1,341,Loyal Customers
a48dc9ff5e16f55336756967c43d7431,563,1,0.0,1,4,1,141,At Risk
a48eb10c9faec2e9c92f701b864dab5e,92,1,14.33,5,4,2,542,Loyal Customers
a490d5875edefe9bb8f5101ec2f6b56f,389,1,0.0,2,4,1,241,At Risk
a491257f319cd02d337c77bafc75c7e3,568,1,56.99,1,4,3,143,At Risk
a4a6eeb70c933d1f3c6283a4ca4b0841,154,1,191.0,4,4,5,445,Champions
a4ab5f34ede13ac71145acd2fe5447d5,420,1,45.33,1,4,2,142,At Risk
a4c1aba425cd815fecc83edd16972068,133,1,59.0,4,4,3,443,Loyal Customers
a4c2513ade4ce36faa973d4bcb9a0206,145,1,18.9,4,4,2,442,Loyal Customers
a4d6f5e61e07e006e41e7ec382f3db1b,319,1,0.0,2,4,1,241,At Risk
a4d8bc293bc8564b7d7e6bc9f244fe7b,30,1,149.99,5,4,4,544,Champions
a4e456eca4b667dc31e1881a4b56b319,105,1,0.0,5,4,1,541,Loyal Customers
a4f95f05ed4ec25d67125811b5c78e2f,420,1,29.9,1,4,2,142,At Risk
a4ff7f3161bd56ef7518647f4e14ca9e,433,1,389.9,1,4,5,145,At Risk
a50062ee8cafa20668d7fb68e3cdb3cf,544,1,49.9,1,4,3,143,At Risk
a50712290e62757f8bc5f1622b2f04cc,84,1,219.9,5,4,5,545,Champions
a50a18d0f932c1cf1dec68cc1d281d8a,409,1,14.9,1,4,2,142,At Risk
a50f021eb5aff9d4b0538153eeda36cd,529,1,125.0,1,4,4,144,At Risk
a51589a7867758392e3f88400221baf6,201,1,119.9,4,4,4,444,Champions
a518759d7c1ff063778c623c80a3d14d,203,1,510.0,4,4,5,445,Champions
a51c9e87de4b204e26e777faa7116b97,313,1,379.8,2,4,5,245,At Risk
a51f282d520ef1c581594da3b04f6aa9,161,1,59.33,4,4,3,443,Loyal Customers
a52b3ae9d3d7dae0c9e95b38df437a30,295,1,46.99,2,4,2,242,At Risk
a5314ac290a8b141491e987ae37aa7cc,62,1,27.9,5,4,2,542,Loyal Customers
a5383a6d51465659e9153a2a6045e3b1,444,1,658.9,1,4,5,145,At Risk
a53b3da0cf3e158e78cad26c27a06d19,209,1,94.0,3,4,4,344,Loyal Customers
a53c5bbb7be8b7a0f586d31c2bc499ef,42,1,69.9,5,4,3,543,Loyal Customers
a53eb9109f4268d6fd8c215a2bbd1938,149,1,129.0,4,4,4,444,Champions
a54334127fc03ecd25d634d4be01027b,78,1,0.0,5,4,1,541,Loyal Customers
a54a1749bd03dfe0d3642b7fbd888b47,184,2,99.9,4,5,4,454,Champions
a54ac085fc21d6fee207ddc23554a93e,299,1,49.39,2,4,3,243,At Risk
a54b7205fec227b09d408fb0540b5ac5,289,1,179.98,3,4,5,345,Loyal Customers
a54ff9cb5691f3de0ad67974bbb905fd,288,1,25.9,3,4,2,342,Loyal Customers
a55224aa1cafc8d10ab7af526a4cf0dc,186,1,129.0,4,4,4,444,Champions
a55964e9744ba2f8e5911ff221b5de47,283,1,129.9,3,4,4,344,Loyal Customers
a561f142361b777a01a7f554685adafb,246,1,55.3,3,4,3,343,Loyal Customers
a5738ff6026ddeee2cb18beb0aeabeb2,58,1,63.99,5,4,3,543,Loyal Customers
a577a200a23467257794210152357aab,318,1,0.0,2,4,1,241,At Risk
a577a79cf9dde79841a2b42bc7d0e6c3,524,1,79.9,1,4,3,143,At Risk
a5784dce0bb434ba849e0c85d2c52899,51,1,527.9,5,4,5,545,Champions
a57919929c3b9dc956290623e67fa917,60,1,79.8,5,4,3,543,Loyal Customers
a5866077f364490c60818c5efbb47065,107,1,765.0,5,4,5,545,Champions
a58f644f46a601e9799151f14abd9ea6,34,1,109.99,5,4,4,544,Champions
a5915d92773335107130a2d1e0c5a91e,605,1,139.99,1,4,4,144,At Risk
a5931be4783e1a1dfbda5c6e145d96bb,48,1,0.0,5,4,1,541,Loyal Customers
a5966062368b4e1681923442b5ba7ca2,251,1,199.9,3,4,5,345,Loyal Customers
a599645f6c37e9a5dc2d1d48e6cfb9b8,82,1,0.0,5,4,1,541,Loyal Customers
a59a677187d1abced1c2c926364c76c4,62,1,249.99,5,4,5,545,Champions
a5a169a9ce0d3f227bffba6810abb8b3,139,1,23.0,4,4,2,442,Loyal Customers
a5a768a369279102b048fb1a0a6462b8,209,1,53.9,3,4,3,343,Loyal Customers
a5ab54f360315caf862b190789e3c4b5,249,1,0.0,3,4,1,341,Loyal Customers
a5afb1cd8d3b8126d2d39a7a29880c09,113,1,449.0,5,4,5,545,Champions
a5b1b65c37d5cb25f12ae5302f8f1adc,200,1,0.0,4,4,1,441,Loyal Customers
a5baa76c04eea8a1a3c199cb05abc4a2,506,1,229.9,1,4,5,145,At Risk
a5c06fe695471f91fec7c41754645061,595,1,59.9,1,4,3,143,At Risk
a5c806ebe5b25d0ab1e7f0da0e17d6bc,525,1,0.0,1,4,1,141,At Risk
a5cad0a33504fb5b9725ac33ed686359,714,1,59.9,1,4,3,143,At Risk
a5d3bfee5b23b430b95c4ae295e1028a,606,1,49.5,1,4,3,143,At Risk
a5da7637d11ba152cd56fe66d82cf39a,412,1,0.0,1,4,1,141,At Risk
a5dfe1ead2966c2523a57096d8611171,52,1,0.0,5,4,1,541,Loyal Customers
a5e0ad284b56e1ff925d76689048062c,550,1,39.0,1,4,2,142,At Risk
a5fe57d105a5ce9b3a36196a69c61b6c,38,1,66.99,5,4,3,543,Loyal Customers
a608b2986016a54588f7fd3cbbac7db9,431,1,59.0,1,4,3,143,At Risk
a6168cd79131e64acef92e3c74d6cc43,300,1,27.9,2,4,2,242,At Risk
a61c0dd1c6585331dddfa81976d59cb7,533,1,59.9,1,4,3,143,At Risk
a61e803335a6c833fe734447bf120104,184,1,136.9,4,4,4,444,Champions
a620d8d041bb2d82707eaba9f669d861,519,1,29.9,1,4,2,142,At Risk
a622d011cb10060dd3ea9132c44f405f,291,1,118.0,3,4,4,344,Loyal Customers
a6287dcde3fcf9870d4254398a407d27,268,1,129.9,3,4,4,344,Loyal Customers
a62cda00aad21580d0c58e1f8d92692c,362,1,0.0,2,4,1,241,At Risk
a62d2ca7ae7396cf26c0593a7629b341,296,1,309.56,2,4,5,245,At Risk
a62e2e770d7cbb665e0620b17dea2d5f,289,1,98.63,3,4,4,344,Loyal Customers
a633794cb45ebc2c0aad497a9441c724,40,1,45.0,5,4,2,542,Loyal Customers
a63a604179f2fecfdb7bc4a23ea78e37,411,1,6.0,1,4,1,141,At Risk
a63a8455ffde297045a6d401a48ce79c,429,1,95.15,1,4,4,144,At Risk
a655539d1946324cc7a22fd0085cc384,407,1,45.8,2,4,2,242,At Risk
a658ea557e4a20a93cef77c26bf3811a,233,1,79.99,3,4,3,343,Loyal Customers
a65b62328b640dec0c6054199018fe2b,99,1,0.0,5,4,1,541,Loyal Customers
a661d43970d1e807044cd5a3b43bd7db,331,1,169.98,2,4,5,245,At Risk
a66ef26cbab754cef9bd1fd7643813a4,231,1,59.9,3,4,3,343,Loyal Customers
a670b3a4c5a4977353746e8f504898d5,423,1,266.9,1,4,5,145,At Risk
a674f8c319c74292f388cde186585856,316,1,399.0,2,4,5,245,At Risk
a6873b2a2a8b4b07532ff4d7a9855829,168,1,32.99,4,4,2,442,Loyal Customers
a68740c8c404205075f2e4c589b63d72,108,1,219.99,5,4,5,545,Champions
a68d6423acbccbd710490c25327f1fdc,307,1,169.9,2,4,5,245,At Risk
a692e44c6c28b092fcdbda898ec15965,298,1,139.99,2,4,4,244,At Risk
a69774cf9758fc590d8cd63a1192f717,51,1,26.68,5,4,2,542,Loyal Customers
a69d87507bf91f13a28d0f058ec7dcdf,217,1,176.99,3,4,5,345,Loyal Customers
a6a0c8dce941954d5db099a5f472a1f9,395,1,39.9,2,4,2,242,At Risk
a6a3a82d6240ae56dbc4cb1a2eec8661,151,1,35.9,4,4,2,442,Loyal Customers
a6b40a99291a67fecea4485e66957acb,199,1,0.0,4,4,1,441,Loyal Customers
a6ba026e341252f5e41461043458bf61,308,1,299.99,2,4,5,245,At Risk
a6bcc453eea84685eef876b96b82c58a,464,1,99.0,1,4,4,144,At Risk
a6cba42f65ca310f74bcee5d8708819d,555,1,34.9,1,4,2,142,At Risk
a6ccdaa678f87c99610b6767570a0bce,117,1,332.57,4,4,5,445,Champions
a6dc60809996163bd50c7ee4316b5707,428,1,0.0,1,4,1,141,At Risk
a6dcd259d020f1abbda77f4d33f9922b,178,1,117.3,4,4,4,444,Champions
a6ddea592cbc5da9970a9a9803c07347,413,1,179.8,1,4,5,145,At Risk
a6e10bbbfb7af7122f5feb0f19268baa,318,1,0.0,2,4,1,241,At Risk
a6e6d1405cfe3bf27d153f4ce68cdcab,402,1,39.99,2,4,2,242,At Risk
a6e959e2d38751bed111ca4e7673409e,249,1,0.0,3,4,1,341,Loyal Customers
a6ea57f856565adf869941339028fa05,239,1,121.0,3,4,4,344,Loyal Customers
a6ecedfb81724dfa96774f35c0aba2f2,217,1,0.0,3,4,1,341,Loyal Customers
a6f05f77ad475fa43a454923be0c97e8,715,1,22.9,1,4,2,142,At Risk
a6f5c8508826807c40ac30fcf62c1a49,400,1,0.0,2,4,1,241,At Risk
a6fefcd9f434474cf6fcd8ed1102fd63,157,1,186.9,4,4,5,445,Champions
a712a430955027da5bc257a10073a390,23,1,0.0,5,4,1,541,Loyal Customers
a71cac9f356cfeb9db35061020806212,25,1,186.0,5,4,5,545,Champions
a71dac527383fd9bd48b4974c02cc66a,214,1,0.0,3,4,1,341,Loyal Customers
a725f9b4c552a95b981d51435ec1cd43,466,1,39.9,1,4,2,142,At Risk
a72dc4d599f84d18327c83df876c3460,441,1,56.9,1,4,3,143,At Risk
a72f685c4420b26892fe72bfcca9341b,37,1,69.9,5,4,3,543,Loyal Customers
a74057eb042b356fed179ed2a6d2311d,492,1,17.38,1,4,2,142,At Risk
a748aca2d90096157cad166dbfd7b4b1,584,1,18.99,1,4,2,142,At Risk
a74e70b31bf20fc9cf484b9b8a52fd2d,366,1,65.9,2,4,3,243,At Risk
a753abf624ce896d0afd0618b8708aa5,155,1,0.0,4,4,1,441,Loyal Customers
a75aa5d4850de07bb3cee8e9db5ea229,291,1,79.49,3,4,3,343,Loyal Customers
a75e134e7eb6f96e2b0c716ac2a82efb,162,1,245.0,4,4,5,445,Champions
a7657330b1c135f3acd420326e335b2c,490,1,239.95999999999998,1,4,5,145,At Risk
a776783bcff11151d51eb829677eba05,52,1,0.0,5,4,1,541,Loyal Customers
a7879b28606781a1488676b860e5b46a,236,1,0.0,3,4,1,341,Loyal Customers
a78c7a68877d33bacf81b01bc4a4d2f2,507,1,47.99,1,4,2,142,At Risk
a79678c360b11a982dfdb55a42778e88,396,1,59.9,2,4,3,243,At Risk
a7986e0208cca640dd67c245525231b2,208,1,419.0,3,4,5,345,Loyal Customers
a79c62e50e66e1036ba2cb2e5e00aff3,172,1,75.9,4,4,3,443,Loyal Customers
a79f018f214e99a7551fd6efea6e2c4d,331,1,40.0,2,4,2,242,At Risk
a7a6d8b62390ec8014d5a46ee36644c4,544,1,8.5,1,4,1,141,At Risk
a7a72b5517a675e63ddb9f0f58c4fd33,213,1,321.0,3,4,5,345,Loyal Customers
a7acd7f8aefc1d48f618e3f15c5e327b,133,1,1859.97,4,4,5,445,Champions
a7b4c690609bea24107020ae85cc5aed,49,1,0.0,5,4,1,541,Loyal Customers
a7bebc53acf7b2c31550f06a58076d17,63,1,27.9,5,4,2,542,Loyal Customers
a7ccc365cfd2ab4b8dfefd507b3e9efb,347,1,185.0,2,4,5,245,At Risk
a7d144c6e95247107266ca9aa16468c8,413,1,51.92,1,4,3,143,At Risk
a7d29dfb07d2919cbf9fe67fd6da6b37,124,1,26.9,4,4,2,442,Loyal Customers
a7d455cd9a8491ada2404b1dbcb00181,576,1,0.0,1,4,1,141,At Risk
a7d4cb9ba936ebc0eb30b73c5d3a62d8,151,1,95.0,4,4,4,444,Champions
a7e7b19ff34ab885f7b7331de2417cf3,371,1,113.98,2,4,4,244,At Risk
a7efaafa37906b32b972672b8f844271,144,1,118.0,4,4,4,444,Champions
a7f2edcd60f0eeb573b439042bcad226,466,1,1104.44,1,4,5,145,At Risk
a7f45c1961dbd98e7a14f3d38ea11c06,64,2,228.0,5,5,5,555,Champions
a7ff34c63e34b438ff4b1789b8ab23a1,301,1,239.99,2,4,5,245,At Risk
a80a15cc7984d350d36af32d10866143,248,1,199.98,3,4,5,345,Loyal Customers
a80a62e34918bede10b7db4c44339cba,141,1,92.49,4,4,4,444,Champions
a813e96ecd044395587037a8314a4151,81,1,1999.0,5,4,5,545,Champions
a81a403c9b43458bb1535fe88d3e40c1,46,1,79.9,5,4,3,543,Loyal Customers
a826e92cf1530ad8a2e0e2f1350ac1be,305,1,419.0,2,4,5,245,At Risk
a8279aeab541b34442d6ded94c31ddaf,35,1,139.0,5,4,4,544,Champions
a82935ceae6a61cc7536e9ef4b98b245,354,1,0.0,2,4,1,241,At Risk
a82f68cdaf7c3fd81b08cd60878d3fef,146,1,24.0,4,4,2,442,Loyal Customers
a83f900d3642ed994cf95b2e6092f0e1,461,1,215.0,1,4,5,145,At Risk
a841a5e7147983b977e25fd23766863c,375,1,96.0,2,4,4,244,At Risk
a84f8e826c1606c12902c68033939f2a,218,1,500.0,3,4,5,345,Loyal Customers
a8536e72851311b3102b544254fdac0b,74,1,78.0,5,4,3,543,Loyal Customers
a85fe8e2dad4dad74c7cc3f0801e8de4,405,1,14.9,2,4,2,242,At Risk
a8600e0beda4face16b2425a76e1ffab,213,1,24.99,3,4,2,342,Loyal Customers
a865635310622e60dd303e4128fc09c8,192,1,179.0,4,4,5,445,Champions
a878bffe9626b823794c9c2176a125d4,172,1,299.9,4,4,5,445,Champions
a87e9657be1c58f418a0e3de07ae6a71,211,1,0.0,3,4,1,341,Loyal Customers
a8a5dafb6ee0d2f70241b74f6123374c,183,1,0.0,4,4,1,441,Loyal Customers
a8bdc0d9ea28636ee0ada5b9ccb430c9,269,1,0.0,3,4,1,341,Loyal Customers
a8c3f4b7ffdf6d71c32992fe7ce3626d,164,1,114.9,4,4,4,444,Champions
a8c76e74260deff03fc0ca524a83d121,349,1,0.0,2,4,1,241,At Risk
a8d1e9936a5361e2547acf93dd4b8bc3,232,1,880.0,3,4,5,345,Loyal Customers
a8d64e57b4807a004f1ff59dc4211061,232,1,149.9,3,4,4,344,Loyal Customers
a8d771b4e13abd8d9df3b4f6c0a38091,243,1,99.9,3,4,4,344,Loyal Customers
a8d9996df2746151fe72bc5beca5ae24,149,1,24.0,4,4,2,442,Loyal Customers
a8db13fe94d879cce68b7b852789fc03,90,1,0.0,5,4,1,541,Loyal Customers
a8dd81392e5eee5d979c629a76abec2a,22,1,0.0,5,4,1,541,Loyal Customers
a8e7fb5fe211f44e99406f12c2c2a1ef,463,1,219.99,1,4,5,145,At Risk
a8ee33e35637322a81a8c26592f6ce36,446,1,0.0,1,4,1,141,At Risk
a8f2d0c982dc7985992fa2b93fdb7863,30,1,132.0,5,4,4,544,Champions
a8f33ec1604be25d407c4239cab35fe4,422,1,133.9,1,4,4,144,At Risk
a8f99afaf1e6db5d6ab8d43d4f5b18df,258,1,49.9,3,4,3,343,Loyal Customers
a8fe0c0e9818794f48fb0379ee3ff206,373,1,149.9,2,4,4,244,At Risk
a900fb9252593c059112316866aa6e6b,129,1,0.0,4,4,1,441,Loyal Customers
a9088d439d83c94aef38ee4846e31559,430,1,89.25,1,4,4,144,At Risk
a908f7551bf4ad06732bd84eff560037,602,1,30.97,1,4,2,142,At Risk
a90aedeae01a8fbcec34916969ab9c62,81,1,59.0,5,4,3,543,Loyal Customers
a90bbf7b5df8db48d17feac3314636e5,242,1,150.0,3,4,5,345,Loyal Customers
a917c56ddf872625b041ef6521cd06a9,38,1,29.9,5,4,2,542,Loyal Customers
a918cb24d1e85182ffa5200ea39efbef,407,1,239.9,2,4,5,245,At Risk
a91e80fbe80ddc07de66a5cf9270293c,373,1,283.0,2,4,5,245,At Risk
a925c3e5df82fdc6082f1383d2834998,158,1,22.14,4,4,2,442,Loyal Customers
a9287a04b9afabd737729cb3ffbf53a3,300,1,20.3,2,4,2,242,At Risk
a93b7ffb96986b7ae5bef50b9f789ed8,711,1,45.89,1,4,2,142,At Risk
a942204dbe5292ccb73d3171b6d03d54,309,1,18.99,2,4,2,242,At Risk
a946faf63af327d1dd0362b3fa3882a3,429,1,0.0,1,4,1,141,At Risk
a955261f6d0390e5b5a6d0b2698d0918,233,1,220.0,3,4,5,345,Loyal Customers
a9582449371f15be7471d728544c18ac,192,1,144.99,4,4,4,444,Champions
a961e198a1d400e99c02e8f4520f763c,301,1,45.9,2,4,2,242,At Risk
a9635dae6e36a36a2985b4d083986219,299,1,91.5,2,4,4,244,At Risk
a9669782a17a0b5e26ebbd3e67d82908,52,1,69.9,5,4,3,543,Loyal Customers
a969e99358a58bed2f4073fd04165a2b,205,1,0.0,3,4,1,341,Loyal Customers
a975496624b578358d2f33cf43d8ba4d,552,1,27.99,1,4,2,142,At Risk
a97d43b24d76819903192611aca17914,277,1,64.9,3,4,3,343,Loyal Customers
a984dc73180e58d6b3520c7e32dd33c9,44,1,211.05,5,4,5,545,Champions
a995d70d9935a4624429e4ded23bbc73,80,1,132.2,5,4,4,544,Champions
a99ca5de16bb8737a59d562a3c32ca9b,47,1,118.13,5,4,4,544,Champions
a9a7ad094e7f664ee17a02d45257ddfd,135,1,68.0,4,4,3,443,Loyal Customers
a9b3e69e5ac5c7701a41485dca5783d9,405,1,134.9,2,4,4,244,At Risk
a9b4929689bc74b4d8764b7214a9bbc8,242,1,58.0,3,4,3,343,Loyal Customers
a9bb62880a097f2ec9ac056fe55be2fc,114,1,0.0,5,4,1,541,Loyal Customers
a9cc258adcff61d02dcba4c04c9349c2,238,1,87.0,3,4,3,343,Loyal Customers
a9d4b651be558c6f80e64aeaf73651b0,196,1,59.9,4,4,3,443,Loyal Customers
a9d7b1930b1726fae8b6bd573b7dcb11,262,1,64.49,3,4,3,343,Loyal Customers
a9db167d8824c6068bf31c6858dc2a11,156,1,129.79,4,4,4,444,Champions
a9e132df86d3c56b21d5255375dee380,304,1,138.0,2,4,4,244,At Risk
a9e30a7260591d7af904d38ec41d449b,213,1,288.82,3,4,5,345,Loyal Customers
a9e4348b76f85861ada324e72dc92aca,283,1,79.9,3,4,3,343,Loyal Customers
aa0a178cbb7879e045276239b8a97705,65,1,110.32,5,4,4,544,Champions
aa1dad17da0400e391f5eabb98dd5d23,422,1,32.7,1,4,2,142,At Risk
aa2511d870f9323a51307961b1030a5a,139,1,0.0,4,4,1,441,Loyal Customers
aa2630ebac79aa0c7749370b705121bc,353,1,198.0,2,4,5,245,At Risk
aa27c6ce2d6e0349d02ca3359c3cee4e,470,1,276.0,1,4,5,145,At Risk
aa296e5d37360fb5fcff6dc7dd8d2256,141,1,18.9,4,4,2,442,Loyal Customers
aa2b96dd03307ea6dc4b763c0b5f0b39,355,1,54.9,2,4,3,243,At Risk
aa2ca40652b784ea8e309f01611e4ab6,297,1,69.99,2,4,3,243,At Risk
aa326373dd3c719eeb21d742971eff9f,98,1,0.0,5,4,1,541,Loyal Customers
aa35650a86af4216f8a8a5c90339bdd7,564,1,69.9,1,4,3,143,At Risk
aa3bf249b773d47a88cd191c16152086,85,1,129.9,5,4,4,544,Champions
aa3dd236d31baa02151b23daf16f4fc5,364,1,79.9,2,4,3,243,At Risk
aa4baf893fa81bf5c57a380869bb4cdb,62,1,0.0,5,4,1,541,Loyal Customers
aa53cf1e7f6ecf44d9ecd0fbc1efb059,294,1,0.0,3,4,1,341,Loyal Customers
aa575dc3874ea4c97bd6e954a84db119,58,1,0.0,5,4,1,541,Loyal Customers
aa5938876f33c9aa6c316b50910fd734,148,1,180.9,4,4,5,445,Champions
aa59e23a1fdb544008529f635be3f8cf,247,1,89.0,3,4,3,343,Loyal Customers
aa6a39ce5535496e6ca5d80498515216,581,1,0.0,1,4,1,141,At Risk
aa75aabc388e5d825562397365e0ac61,92,1,68.0,5,4,3,543,Loyal Customers
aa811a75ef9003dec42385049372c22e,143,1,64.9,4,4,3,443,Loyal Customers
aa811dd4c5b1ca28de6db905ec51ad5e,623,1,8.9,1,4,1,141,At Risk
aa89b22a058fdde1a1bd73270cfb7b74,358,1,19.98,2,4,2,242,At Risk
aa8c932576d8ba562f48505a9f25a2be,560,1,158.0,1,4,5,145,At Risk
aa9140fe3ea21e933f6da620bb720ebc,318,1,69.9,2,4,3,243,At Risk
aaa1c67c77562ad0d99806a54088fc9e,606,1,59.9,1,4,3,143,At Risk
aaa606a7a5be91c8779edcfab22c1689,53,1,114.9,5,4,4,544,Champions
aaa62f7bcaaa95afaebb5476443bd075,237,1,69.9,3,4,3,343,Loyal Customers
aaace5ff396fef7571b5ae62d3dc80aa,373,1,51.98,2,4,3,243,At Risk
aaad3653532dded28b92de15ebf3ac5c,343,1,75.0,2,4,3,243,At Risk
aab7b1bac22bbdd1444b28a6e10ba4ce,268,1,0.0,3,4,1,341,Loyal Customers
aabc3cb2442d5fde20de031b717eee8b,55,1,119.9,5,4,4,544,Champions
aac6c5c4314e4c2721df1440f0ede0fd,450,1,119.49,1,4,4,144,At Risk
aad99270bc43606a7af9647b7a7de9e4,39,1,704.6700000000001,5,4,5,545,Champions
aadd69366d3b2ff8d40da4f079a4fcf7,239,1,79.9,3,4,3,343,Loyal Customers
aae2cacd213190a4428cb5975023d603,60,1,183.38,5,4,5,545,Champions
aae57465413417f890866a044a7e378d,154,1,67.0,4,4,3,443,Loyal Customers
aae57739c16a460e0fbde4243ab139d3,287,1,419.0,3,4,5,345,Loyal Customers
aae737a810a43b4b67afa921b2355784,386,1,129.2,2,4,4,244,At Risk
aaec5bd8971bcff98276f504acb38929,333,1,30.0,2,4,2,242,At Risk
aaed343de3aa22691c00d669d59a37e8,214,1,0.0,3,4,1,341,Loyal Customers
aaef8b9e1afb43fcdc6f1fa3fb117502,87,1,110.32,5,4,4,544,Champions
aaf032c4b75b0e185a4b2ac3bb5d502e,283,1,0.0,3,4,1,341,Loyal Customers
aaf304dbc088e84a44f92917d87f6d0a,111,1,169.9,5,4,5,545,Champions
aaff146bd210808c7d004a05966472a7,316,1,179.8,2,4,5,245,At Risk
ab1ab390f31be556889e96b7d19bc610,298,1,79.0,2,4,3,243,At Risk
ab25d363a5b33a527d3132d14579ca70,335,1,388.0,2,4,5,245,At Risk
ab27fb9c551a7ad908052493f8a6fe10,282,1,49.77,3,4,3,343,Loyal Customers
ab2cb7bb06f35fc8568291b0ca36ef82,573,1,0.0,1,4,1,141,At Risk
ab2cd5cfd198ddfe26f7d208905daddc,294,1,27.99,3,4,2,342,Loyal Customers
ab451b486278ea9f8e30f3eff137ebd4,31,1,295.0,5,4,5,545,Champions
ab51e24e022fa42d70c04ab4fb4770f4,123,1,0.0,4,4,1,441,Loyal Customers
ab652e677e82ebb2f1617988d70f9f6c,132,1,19.9,4,4,2,442,Loyal Customers
ab65c8033f3f79397b23ae75b3944d15,40,1,48.9,5,4,2,542,Loyal Customers
ab727a18f23821f22e4e41da686a62c3,170,1,98.44,4,4,4,444,Champions
ab736d55394003ef6b944de2cfd3de13,396,1,59.9,2,4,3,243,At Risk
ab7bed4092cc3dadbaefba86cb45f37f,327,1,39.9,2,4,2,242,At Risk
ab8464826de904f7996d12e32b2e45a4,52,1,105.0,5,4,4,544,Champions
ab93bfed86e2417198d66cf58945442e,112,1,0.0,5,4,1,541,Loyal Customers
ab95fb4ed249e41bc6aa1951c79d2582,503,1,519.99,1,4,5,145,At Risk
aba9ce09a4b04f3e70e16ae18ca1cb1e,290,1,0.0,3,4,1,341,Loyal Customers
abb16b18174f3efaef2feb1adafa36e2,119,1,45.0,4,4,2,442,Loyal Customers
abb30df339614118b0728ba40e31780e,373,1,95.0,2,4,4,244,At Risk
abc164f170bda3e76317237679b356b5,477,1,0.0,1,4,1,141,At Risk
abcc989c63277cbc664c1f13e1350892,590,1,19.7,1,4,2,142,At Risk
abd8527d80fe223ffa5c47e09e325fd0,252,1,66.9,3,4,3,343,Loyal Customers
abe351201e61437f658332cdce4c3c52,201,1,14.0,4,4,2,442,Loyal Customers
abf1d6bd1161f2d55493942abb8c1402,231,1,99.9,3,4,4,344,Loyal Customers
abf410b2ca80a64cc2836e9f2d5d2ee5,177,1,695.0,4,4,5,445,Champions
abf60c6ebc739e6f4e4319a9044073af,297,1,230.98,2,4,5,245,At Risk
ac163d5daa3ed7728989d4049eb6fbfc,191,1,24.99,4,4,2,442,Loyal Customers
ac2465a5d0b07f90b2f5ac6943f1e6da,62,1,32.0,5,4,2,542,Loyal Customers
ac307db9d15fc5bb19b61298bd6bd1ed,69,1,336.49,5,4,5,545,Champions
ac3d0170d3ca79e7512a06a516f4621d,127,1,139.2,4,4,4,444,Champions
ac4723845b0e53b60ce88407527da0be,247,1,379.94,3,4,5,345,Loyal Customers
ac4aeb840ae2987076143c45d465e8a5,295,1,74.9,2,4,3,243,At Risk
ac4bb8d4eaa1e1de3d75271ffd538d61,36,1,0.0,5,4,1,541,Loyal Customers
ac5825d0d9072b54d4dcb8540b1699cb,69,1,59.0,5,4,3,543,Loyal Customers
ac5a446b6eb92f59a152ae107604868f,373,1,7.48,2,4,1,241,At Risk
ac655882b54449ebf0a37d604d15cb74,171,1,120.0,4,4,4,444,Champions
ac7d4fa6770970725c1a4cf26aba43cd,547,1,0.0,1,4,1,141,At Risk
ac90d7e8cf52394b28d880b4f174d113,482,1,399.99,1,4,5,145,At Risk
ac96769b758dad3bd572bc5e3fcb8511,320,1,299.9,2,4,5,245,At Risk
ac9ec8cf5ffa30efdb78abc6c2239e88,77,1,449.9,5,4,5,545,Champions
aca1aef6f605cadc149aaccefd3764b5,379,1,69.9,2,4,3,243,At Risk
acbe78066a868389c9314bdf3c6ed940,342,1,179.99,2,4,5,245,At Risk
acc0e3b063cb014e3ef92b08b5836bcf,38,1,98.0,5,4,4,544,Champions
acc4fd3bd3f9176d05bae17ad0ff1c58,302,1,39.0,2,4,2,242,At Risk
acc6272ca5228177e324bd704e24488f,489,1,42.9,1,4,2,142,At Risk
acc83ac63872768057abeeb08b4c43cf,127,1,18.9,4,4,2,442,Loyal Customers
accd43278507145b2e40b2a8010e7223,62,1,149.0,5,4,4,544,Champions
acd8f6063338b4b3a4f8be045c8e1695,154,1,31.9,4,4,2,442,Loyal Customers
acea597872fc3f407ede7c684918d57c,361,1,499.0,2,4,5,245,At Risk
acfc41e34b586a5d6850f2a6b3ae0183,297,1,120.9,2,4,4,244,At Risk
ad155bc0931cb6bab63d4ff2515c3159,110,1,53.0,5,4,3,543,Loyal Customers
ad1ba362b0121447945a47fe07fef188,300,1,0.0,2,4,1,241,At Risk
ad1cb06f09b27e4773870d1f76a68557,713,1,69.99,1,4,3,143,At Risk
ad1e1401517d0c579608a2eeec740c41,95,1,56.0,5,4,3,543,Loyal Customers
ad24f43435c874a9a198b3a461d7e155,78,1,98.6,5,4,4,544,Champions
ad27d4cdc2ccb277c7360e35093b4d2b,272,1,89.9,3,4,4,344,Loyal Customers
ad28944afc91824e30366a595654aaa4,129,1,0.0,4,4,1,441,Loyal Customers
ad2b6d1d30e0997f9fe324199b93144f,403,1,30.0,2,4,2,242,At Risk
ad2bbf8d4d2af0537f9f5ff6f3ad8192,102,1,0.0,5,4,1,541,Loyal Customers
ad30bc0453a6553d7fe530b1b822d124,55,1,29.99,5,4,2,542,Loyal Customers
ad358ba52e3e3327a83f607f1a4bec6c,36,1,35.7,5,4,2,542,Loyal Customers
ad364a72320b9cc9fa436bce66ef8184,366,1,0.0,2,4,1,241,At Risk
ad38c335f3fe3a43c7d28c227953b9e5,91,1,167.0,5,4,5,545,Champions
ad517903c87df3a6c1e8b5fd4edfc521,255,1,49.9,3,4,3,343,Loyal Customers
ad5a11650a4ba035375c2de78024d338,94,1,0.0,5,4,1,541,Loyal Customers
ad684122327b1b40f726af40a8b74faf,314,1,429.0,2,4,5,245,At Risk
ad81e59315d4f51885bc0dab4753d45a,101,1,99.06,5,4,4,544,Champions
ad85f34e57e670a213885286b6a6a93f,89,1,14.0,5,4,2,542,Loyal Customers
ad8afaa36c68da1bb75598c756c1148e,36,1,22.32,5,4,2,542,Loyal Customers
ad9ea4d00c39f9f3213f2cb69b1bf3a8,43,1,22.0,5,4,2,542,Loyal Customers
ada32fb81ebb80940c51e933e2e45c63,233,1,29.99,3,4,2,342,Loyal Customers
ada75a4fe78965ba507a043fadb07ce9,338,1,70.9,2,4,3,243,At Risk
ada9d7ad2d8bd8518b323ec8bfcfba88,119,1,74.9,4,4,3,443,Loyal Customers
adb179736cd012663455d999399bd2b5,387,1,99.9,2,4,4,244,At Risk
adb4178cb86ee499a8aeae1f099a6bef,407,1,0.0,2,4,1,241,At Risk
adc242e8e42f58c3793a152813b35d23,358,1,39.8,2,4,2,242,At Risk
adc650abc7894831caafbf528540e9ea,50,1,134.99,5,4,4,544,Champions
add5ba9046c7f5ed34507bef1320c6e8,277,1,599.9,3,4,5,345,Loyal Customers
addbdb6a87401fca750e8aa543641232,61,1,182.0,5,4,5,545,Champions
added1a2b033889698075770b7514df7,101,1,42.6,5,4,2,542,Loyal Customers
adec8d35d0e9977d9562671cef505f8f,119,1,0.0,4,4,1,441,Loyal Customers
adeefbe14d26d3bf90facfeaae35d605,143,1,29.99,4,4,2,442,Loyal Customers
adfae35ff9b67586302b5ddb0b7897db,473,1,359.9,1,4,5,145,At Risk
ae16e6eb8860cb4603641fa754f4c96d,111,1,227.9,5,4,5,545,Champions
ae2562ed4271cf17df29478ed2321e73,184,1,69.88,4,4,3,443,Loyal Customers
ae31038af445c27b99a524dccf7ef4a0,298,1,84.99,2,4,3,243,At Risk
ae321e028b6df39a2136312feb2f84e4,227,1,60.0,3,4,3,343,Loyal Customers
ae33f41c36f829c6194fdf1ba5721b88,299,1,21.15,2,4,2,242,At Risk
ae3759d2ee307574752179acccd595b6,229,1,27.9,3,4,2,342,Loyal Customers
ae435cce5c0d593eef879232c85c223f,218,1,0.0,3,4,1,341,Loyal Customers
ae44510fbe1ff7826298182f9f21aee9,186,1,151.9,4,4,5,445,Champions
ae4715147897077d29135c4b99cfd5ba,353,1,159.99,2,4,5,245,At Risk
ae52fa61f27bd494a25bc4c101fa29d0,471,1,59.99,1,4,3,143,At Risk
ae5360aab0ba8d2def152ff0537f2ae9,67,1,36.0,5,4,2,542,Loyal Customers
ae6346c98b34af56ddb4f5fa73968b7a,298,1,149.99,2,4,4,244,At Risk
ae64133264bf0753c75d9c2f1e5d2b5e,247,1,55.98,3,4,3,343,Loyal Customers
ae72fc322c436d955bae749b31ef4b97,161,1,64.9,4,4,3,443,Loyal Customers
ae806b7c5b3dc9376b49d71f26186f3c,430,1,45.9,1,4,2,142,At Risk
ae8ee2242d25aa7f3250013adc7474b1,435,1,899.0,1,4,5,145,At Risk
ae98f5a00b4d01521a06567ba1f0033d,96,1,49.0,5,4,3,543,Loyal Customers
ae9ae5072fe8d5b2a1f7072a833f0afc,205,1,139.8,3,4,4,344,Loyal Customers
ae9e13bef4d6e0e50671e16c2b623a3a,162,1,156.99,4,4,5,445,Champions
aea1294c6b907b03c670cc2ddef0e056,300,1,494.99,2,4,5,245,At Risk
aea223346a5f80ca5f8c6f5a1a4e5e78,494,1,0.0,1,4,1,141,At Risk
aea3fa1fa5d8971c35a15b3e836e6d8d,539,1,69.9,1,4,3,143,At Risk
aeb8478d4eba0ec09751b4c9341b3cac,323,1,91.78,2,4,4,244,At Risk
aebdb8f05f5ebf99f858c1a75fb7035a,148,1,149.95,4,4,4,444,Champions
aebe3f38304de1aaa4b5e664f41d15c7,444,1,0.0,1,4,1,141,At Risk
aec26dc2c2b036799619e965e1b3f8e5,451,1,26.9,1,4,2,142,At Risk
aec4d44a02c74d625116e7d94fafd67b,47,1,0.0,5,4,1,541,Loyal Customers
aec80ef34b077632b58f710c6d9476d3,282,1,0.0,3,4,1,341,Loyal Customers
aed42e87e8e87dcd62a19f37b59b1700,29,1,149.9,5,4,4,544,Champions
aee0c940f4ab71541887ec8e366b1e4c,168,1,69.98,4,4,3,443,Loyal Customers
aeea6bfadfe45feabb1b8c9044547391,420,1,75.0,1,4,3,143,At Risk
aef278d3c4350b0d32907d429421f071,154,1,64.99,4,4,3,443,Loyal Customers
af07308b275d755c9edb36a90c618231,58,1,118.7,5,4,4,544,Champions
af1020711ed5210a7cd8681262848eca,387,1,0.0,2,4,1,241,At Risk
af12ef07bc82c2f958bb5b12384be27e,275,1,45.9,3,4,2,342,Loyal Customers
af1ff1787969f2ed8bb7476d58167835,551,1,75.0,1,4,3,143,At Risk
af28818a32d45d8645ed4dc02a0d475c,94,1,64.8,5,4,3,543,Loyal Customers
af2e8236fa3043ae9b3efff5dc692d50,192,1,39.9,4,4,2,442,Loyal Customers
af35a761f81127a5c9de882f7bf9af93,391,1,77.94,2,4,3,243,At Risk
af38652301582772fecf512f8fb75111,190,1,39.9,4,4,2,442,Loyal Customers
af3b89ee7f3a1cfefc9c5d3dbca30d6f,143,1,0.0,4,4,1,441,Loyal Customers
af42b7fb8707f6e42736d04d2073e2e2,446,1,89.9,1,4,4,144,At Risk
af442338ff3b3024146bed177fe6dca8,181,1,59.9,4,4,3,443,Loyal Customers
af4d3cd0b29b208c971ff6ad78b41b79,242,1,69.9,3,4,3,343,Loyal Customers
af567bc27ac764bf37984b0a46b76d5f,248,1,27.99,3,4,2,342,Loyal Customers
af5c42fb895556a17adafcee7fb7ebe1,385,1,0.0,2,4,1,241,At Risk
af5e9dd2db7d2ad0a110f3a4b02fd783,372,1,0.0,2,4,1,241,At Risk
af6df407c49dc18d7cca128229204fe9,583,1,0.0,1,4,1,141,At Risk
af702f368f324149262ef325cf76e5dc,100,1,0.0,5,4,1,541,Loyal Customers
af70cd6337ae27de089c616dad39bea0,369,1,0.0,2,4,1,241,At Risk
af74995bb6b6c462ae5f865ba234eadb,362,1,79.0,2,4,3,243,At Risk
af80cd98f2dba639dc43b4e06bdbcdca,243,1,39.0,3,4,2,342,Loyal Customers
af81655b9450b305507053d819c28c6a,56,1,170.0,5,4,5,545,Champions
af8b2d09c4aa3036566914760882f8b7,322,1,149.99,2,4,4,244,At Risk
af8e9836db54b841ed52923b2d5a1d91,312,1,135.0,2,4,4,244,At Risk
af9665a7a1cf3fb1ae02dd83e8c54c8d,143,1,99.9,4,4,4,444,Champions
af99d660de8f775bfb5aa3775adbc364,203,1,539.92,4,4,5,445,Champions
af9cbc9f65b6e6d3b1f45eb5d748416f,172,1,0.0,4,4,1,441,Loyal Customers
afa4fbe424bab6593e9a8395836966ef,498,1,49.99,1,4,3,143,At Risk
afa602f01babaaaa3376444634400a25,246,1,78.0,3,4,3,343,Loyal Customers
afad0f2ff6db48eaf48e85d9eff34373,87,1,0.0,5,4,1,541,Loyal Customers
afb1904c9b0ca47a823192b156877374,119,1,87.28,4,4,3,443,Loyal Customers
afb42d161d7e09b95911597be583e92e,100,1,89.99,5,4,4,544,Champions
afb7052400f007bf6c166de1c9f683fe,303,1,159.0,2,4,5,245,At Risk
afb9a07380963f172c8a956bef0fd28c,553,1,0.0,1,4,1,141,At Risk
afbcfd0b9c5233e7ccc73428526fbb52,23,1,457.75,5,4,5,545,Champions
afbe9434938af234d7169a2afd77dfdb,267,1,0.0,3,4,1,341,Loyal Customers
afc55f66129623d95243934cc26dae55,274,1,0.0,3,4,1,341,Loyal Customers
afce9246deef4791c7c088c7e4c8fbfe,227,1,139.99,3,4,4,344,Loyal Customers
afdb02ae9ac1b2b174f20e7a300413f1,367,1,0.0,2,4,1,241,At Risk
afde5d9dce0bb8da161eb27c2b079226,194,1,146.21,4,4,4,444,Champions
afdf09d5b07535df233425f49ff3e599,344,1,51.87,2,4,3,243,At Risk
afee8d312f30964ff72528a719219034,157,1,0.0,4,4,1,441,Loyal Customers
affff75a131ac35c7afd497ab57a6337,450,1,0.0,1,4,1,141,At Risk
b0004e82bf1f90c43ffe748ce54be94a,392,1,0.0,2,4,1,241,At Risk
b00e0fd2ae759fd947aac853c836b93c,477,1,79.9,1,4,3,143,At Risk
b010c55c8b77285afc3eda1fc35f390c,338,1,89.0,2,4,3,243,At Risk
b0227107dc3db57d38d11a09273327ce,433,1,149.0,1,4,4,144,At Risk
b03346a8e14bff6e1d669625df319821,283,1,86.99,3,4,3,343,Loyal Customers
b036a834a3a5f0902736f184b65936c9,50,1,99.0,5,4,4,544,Champions
b0454e831e63abc9d4148e48e4ebb4ae,226,1,96.36,3,4,4,344,Loyal Customers
b045db9d44a52b02532dcb425be1313b,242,1,80.0,3,4,3,343,Loyal Customers
b05a0be462115e2c6e1580b127161643,73,1,120.0,5,4,4,544,Champions
b0608ebf65dbde33b45973a50e9f8965,127,1,0.0,4,4,1,441,Loyal Customers
b0659017a3aae5e74b38d51c7c23a135,58,1,46.95,5,4,2,542,Loyal Customers
b08151a30ac8321a74af864d51aa27cb,93,1,122.99,5,4,4,544,Champions
b08428dc70f6011f89da661fbbf1e654,269,1,133.0,3,4,4,344,Loyal Customers
b085fe730254d7b519bc1231da539c38,495,1,69.99,1,4,3,143,At Risk
b08aea5eb574f4513b352220d6de7ca8,98,1,65.9,5,4,3,543,Loyal Customers
b08b68bac767c3269e827f822d308182,214,1,38.98,3,4,2,342,Loyal Customers
b0a80f18a9efe22e2eb45a67db168ef9,497,1,97.99,1,4,4,144,At Risk
b0aad0b7003ea9500a5635383fc123da,267,1,49.99,3,4,3,343,Loyal Customers
b0aec2a0437869f86a45f1719146f75f,46,1,36.5,5,4,2,542,Loyal Customers
b0b18bfffa6a1fb823a25a9167e6877c,32,1,15.0,5,4,2,542,Loyal Customers
b0ba54f5aa2dfde39043ab0a7e572bc5,154,1,298.0,4,4,5,445,Champions
b0bba163bbb8aef57222338365d5a2a2,283,1,19.9,3,4,2,342,Loyal Customers
b0c3cd877e81291a25eb0be8b1919458,101,1,1999.0,5,4,5,545,Champions
b0cb09eb848eddd6485a6a38e5a2f134,519,1,13.9,1,4,2,142,At Risk
b0cd6a169aaf7502ca3783e5e7527921,510,1,158.0,1,4,5,145,At Risk
b0cd87c4ef5fc1d8ce2c817690223a83,299,1,49.0,2,4,3,243,At Risk
b0d28a4603fe3c14a3f6cf3e4b22582b,416,1,69.0,1,4,3,143,At Risk
b0df0c28ffa58ea9035f06f993bc717a,27,1,89.0,5,4,3,543,Loyal Customers
b0e3d1ada829139f6aa648d53831b2e7,291,1,114.99,3,4,4,344,Loyal Customers
b0ecafea73390cea9e4b6c6a8d7e8c14,500,1,22.99,1,4,2,142,At Risk
b0ff65b2616bd5d0412b771e2d77dfff,176,1,10.99,4,4,1,441,Loyal Customers
b1011cba0fd71c89bdb2a5c3b90bb1ae,347,1,210.89,2,4,5,245,At Risk
b1039a56990acdddd5438aea568557db,51,1,194.89000000000001,5,4,5,545,Champions
b10723950eded5863a72724f1c96bfad,240,1,299.0,3,4,5,345,Loyal Customers
b10f780a5e22a8c7fbce07bb3da6eeff,713,1,199.8,1,4,5,145,At Risk
b11334bf17be77794c5b9eb97dcf98ed,142,1,189.0,4,4,5,445,Champions
b118181abcb0f3623b02187e09399f27,380,1,490.0,2,4,5,245,At Risk
b11b7871c2b8be2d11fab954f58542f2,133,1,49.9,4,4,3,443,Loyal Customers
b12395811e01d94e02384d7e2c86cd7e,99,1,92.4,5,4,4,544,Champions
b14edf7220c5c77f27f11567178c24fb,252,1,119.69999999999999,3,4,4,344,Loyal Customers
b15035bdc5680d5f32c2d860cfc2f8fc,30,1,104.6,5,4,4,544,Champions
b1527fed376c77c2a8e44ea89e76dc73,297,1,0.0,2,4,1,241,At Risk
b162f904785d797290eebca549a1abb6,280,1,0.0,3,4,1,341,Loyal Customers
b165199fb255b8a14b61d4aeb6cb59e9,400,1,145.0,2,4,4,244,At Risk
b16fb911b630683ceb69b95014c82af4,103,1,54.9,5,4,3,543,Loyal Customers
b17168b13b5a76100d941c5aa0954a1c,89,1,89.99,5,4,4,544,Champions
b1767ae2e851903267781886bd02f23b,290,1,28.9,3,4,2,342,Loyal Customers
b1818bb2d71c4a3d3162ad32852c311a,267,1,259.0,3,4,5,345,Loyal Customers
b184e014fff9ed098ea0f88efe458ae4,231,1,75.0,3,4,3,343,Loyal Customers
b1a15c9e2d508753b52cf3d6eae74808,312,1,79.0,2,4,3,243,At Risk
b1a24cdf73b449d0b8b2b0b5ab183aa6,232,1,149.9,3,4,4,344,Loyal Customers
b1b1e0a969f47ab397202becc860b444,295,1,133.0,2,4,4,244,At Risk
b1b93863f915666b37dc18a81921f281,139,1,109.9,4,4,4,444,Champions
b1c6229cc6b45d42d369d5b1445ff5bb,224,1,299.9,3,4,5,345,Loyal Customers
b1cae7084960bab5c863422a645dce72,140,1,79.9,4,4,3,443,Loyal Customers
b1d54204de1d43a54e30c7274281504c,156,1,0.0,4,4,1,441,Loyal Customers
b1dede4db8218754b7f4fbe2c60cf162,301,1,19.99,2,4,2,242,At Risk
b1e2374fc88dd0dde96b938e49cf1a3a,368,1,279.9,2,4,5,245,At Risk
b1f9c3dc60cf615d94760ef1f7356c22,283,1,159.99,3,4,5,345,Loyal Customers
b1fc5d54fc2cf731201d449508cc9109,149,1,0.0,4,4,1,441,Loyal Customers
b20060de6cb6e49f4fbcf32a9effb25b,485,1,39.9,1,4,2,142,At Risk
b20bf234e1052dbc80c1b5d7ab538261,32,1,85.9,5,4,3,543,Loyal Customers
b2112b3b9339f6532b94e5a64c61dab8,184,1,78.9,4,4,3,443,Loyal Customers
b224df8756a4e80f5598fff21316b833,48,1,79.9,5,4,3,543,Loyal Customers
b225729f32aea3d05f33792a9a369c30,44,1,0.0,5,4,1,541,Loyal Customers
b22cf21840e60934c4df94ce2b42d7a1,203,1,192.99,4,4,5,445,Champions
b2495c024ce0fcaaeb63cdbf58c25316,511,1,78.0,1,4,3,143,At Risk
b24963591a8266ce60e5c2da00b3ae99,98,1,34.9,5,4,2,542,Loyal Customers
b24a663744af5fb1f84368bdcb311f4e,199,1,0.0,4,4,1,441,Loyal Customers
b26517697abc966b9d0547f53ccccbe6,87,1,122.99,5,4,4,544,Champions
b26858a322cb230c32a83a34d593ba90,376,1,54.99,2,4,3,243,At Risk
b271d05b0af445bdb35bce5cee0e0c40,171,1,45.0,4,4,2,442,Loyal Customers
b2745c56b7b0ccb493c8b2c050007b4b,229,1,0.0,3,4,1,341,Loyal Customers
b27f32098e91da7de6c07361565ad1de,300,1,299.99,2,4,5,245,At Risk
b289291bcfd0b339685b14bf220db3ad,311,1,0.0,2,4,1,241,At Risk
b28a8f445ec031e22646749f63d27ff7,83,1,89.99,5,4,4,544,Champions
b29e4b51682d4ed20d84d03fdc4d0a8e,570,1,59.8,1,4,3,143,At Risk
b2a394fea93b8eb9996e841e9b1f3328,204,1,70.0,3,4,3,343,Loyal Customers
b2a6c72206db8783c8cd128885eb262d,488,1,144.9,1,4,4,144,At Risk
b2c2a93dc3c3b2996fcb4baf73f09f61,230,1,299.0,3,4,5,345,Loyal Customers
b2c68e8a325923db717c2d7ecfe8ad44,98,1,29.99,5,4,2,542,Loyal Customers
b2cac0b16835dabf811b204127f58afa,231,1,39.47,3,4,2,342,Loyal Customers
b2d3863477633ff42a3dad9a7dd61cda,105,1,25.0,5,4,2,542,Loyal Customers
b2ee5bbc35d3e89184dd87c1d957b013,74,1,225.0,5,4,5,545,Champions
b2f1d4ad625708520281b3ce04a7edf3,130,1,378.0,4,4,5,445,Champions
b2f7eacecad4eed16774885920e3d2a4,296,1,24.9,2,4,2,242,At Risk
b2fd1deaa3bc329937e3390404303e60,435,1,49.9,1,4,3,143,At Risk
b2fd519abdc982e824b1db5251493231,89,1,155.0,5,4,5,545,Champions
b305ead9694a97627d794d5550c00c7e,316,1,139.9,2,4,4,244,At Risk
b307d4a1272c57f08f47bf4b7638b049,328,1,24.99,2,4,2,242,At Risk
b30bedf72f26c865890fd833ff44a96c,282,1,49.0,3,4,3,343,Loyal Customers
b30cd8a695de2e63c59e9ba268407e8c,33,1,0.0,5,4,1,541,Loyal Customers
b310264264a53605778ac08833bd5514,182,1,72.0,4,4,3,443,Loyal Customers
b315861215eb4ceec45d0c299e7b004e,292,1,400.0,3,4,5,345,Loyal Customers
b3280d735cecbe8dedce6bd0e04f9784,385,1,85.0,2,4,3,243,At Risk
b32880dc4e86d9393b420f4881d01364,205,1,0.0,3,4,1,341,Loyal Customers
b329ed361b94aa14781944b23063b5b0,186,1,129.0,4,4,4,444,Champions
b33ab8755cd35552942225232a9a8849,285,1,189.9,3,4,5,345,Loyal Customers
b33fde46a855f73d50269a45b1e49320,45,1,69.99,5,4,3,543,Loyal Customers
b3464ccdbd64a631b33340fb3fc9a300,222,1,0.0,3,4,1,341,Loyal Customers
b34b19f2e95ee44588f6fc8211e9e73d,234,1,0.0,3,4,1,341,Loyal Customers
b351ac91ab0ef29bae6da7fbc05959c0,34,1,0.0,5,4,1,541,Loyal Customers
b352e446c37f5717f34d6b0b1fe9cc14,153,1,54.6,4,4,3,443,Loyal Customers
b3548d0cec408ae13d143bb4eeebaa6c,355,1,0.0,2,4,1,241,At Risk
b3594bb146f9ab181aeb6c72deaabe54,233,1,324.0,3,4,5,345,Loyal Customers
b359bf5a3c244f530cd954995e127480,131,1,60.9,4,4,3,443,Loyal Customers
b362a1fd4bb234604db8e10d1a5da85b,280,1,21.99,3,4,2,342,Loyal Customers
b36e3758a257a9e554bfae4d648b2950,82,1,35.0,5,4,2,542,Loyal Customers
b3731fc14985e00b00a37b3ee70584a8,518,1,69.9,1,4,3,143,At Risk
b376982d3505084b995ae74fbf660057,420,1,84.9,1,4,3,143,At Risk
b37b0c57ba17d7a0ee6a63c3cc171af3,58,1,29.9,5,4,2,542,Loyal Customers
b37b521e9947a4fc51cd2c7375cfc4d6,514,1,54.9,1,4,3,143,At Risk
b37ea1c605e4fbba11429b0a921d99f2,360,1,0.0,2,4,1,241,At Risk
b3806e7118d02476c96b3dd8578dd07f,556,1,89.9,1,4,4,144,At Risk
b382326375f34d32dc6f708ae7b34691,222,1,28.99,3,4,2,342,Loyal Customers
b3862c77ce520400d5c3c70461022ca0,139,1,80.5,4,4,3,443,Loyal Customers
b391b8f94198c52ccdf5dcd99e007a5a,49,1,38.99,5,4,2,542,Loyal Customers
b3989aaea8a136281b3ba11272c93cc4,37,1,0.0,5,4,1,541,Loyal Customers
b3a8671bc1929c8cfe476e6321d23d24,182,1,14.9,4,4,2,442,Loyal Customers
b3ab1572fdb4a1c2e6862a3ea20e68dc,259,1,55.49,3,4,3,343,Loyal Customers
b3c219d791c94f06a0d453c38b75cdb6,197,1,85.9,4,4,3,443,Loyal Customers
b3c80916d91d2b4773aa20445910efc1,172,1,70.0,4,4,3,443,Loyal Customers
b3ce9054e198f044775f1b8b581c7911,216,1,45.0,3,4,2,342,Loyal Customers
b3d23d61fb01dde311c5ddc5dfde8e47,206,1,61.9,3,4,3,343,Loyal Customers
b3d6eae7841038cd56fcb6f8f773d684,590,1,65.0,1,4,3,143,At Risk
b3d81cd6b4385daa6d1ab3f95932ff13,258,1,99.0,3,4,4,344,Loyal Customers
b3e3ec0845892505e3d124a978cebf10,83,1,51.98,5,4,3,543,Loyal Customers
b3f022d93fd7d29a984acb2470b83791,531,1,18.99,1,4,2,142,At Risk
b40da3a9dd4fb291f7250036dd13fb1d,44,1,29.99,5,4,2,542,Loyal Customers
b411890821e433a5cab92834d634f78e,329,1,47.99,2,4,2,242,At Risk
b4184ec976917fc7cb365a1a55524013,252,1,88.0,3,4,3,343,Loyal Customers
b43e8e477db5dc4b4acd40f1a39f3e44,213,1,44.9,3,4,2,342,Loyal Customers
b43f568bbfd407c4bd39813555657f2f,226,1,299.96999999999997,3,4,5,345,Loyal Customers
b4452967e6994fe014fb17c73164a493,184,1,0.0,4,4,1,441,Loyal Customers
b44e1f9810edefc97e2037154fc20a7b,513,1,289.9,1,4,5,145,At Risk
b45fea9f2c0bb83348c7fc3d17bf7639,294,1,299.99,3,4,5,345,Loyal Customers
b46025afbb68faa3eae275eb50eb2966,322,1,334.89,2,4,5,245,At Risk
b471d1920063d9c698e82e737e6c9c51,184,1,451.20000000000005,4,4,5,445,Champions
b471f6779ed58f5dbcf786cf9842067a,372,1,399.6,2,4,5,245,At Risk
b47838e44cc3e864f6cc78ba3a4e740c,70,1,0.0,5,4,1,541,Loyal Customers
b47c7d42ac487c969cf130ee51ff8884,36,1,81.0,5,4,3,543,Loyal Customers
b483e064ad80be3fd630b37bd140513b,324,1,129.8,2,4,4,244,At Risk
b486a66cb401c6e1633161e5b2a7405a,216,1,28.49,3,4,2,342,Loyal Customers
b4875644308426fc74de2a855f10c0cf,450,1,99.0,1,4,4,144,At Risk
b48a25bab51e47e5221c681676457c6e,546,1,199.0,1,4,5,145,At Risk
b48ae2720451750352628377eab83ea8,472,1,73.35,1,4,3,143,At Risk
b48f1f3c7b8375b6d250545025c4f7e9,186,1,989.0,4,4,5,445,Champions
b49039245ffe698470feceb016a8eefd,214,1,48.9,3,4,2,342,Loyal Customers
b49264fa6888d0902b084fafedcbc840,266,1,129.0,3,4,4,344,Loyal Customers
b4941529220bac7ffeea84883ea9fc52,357,1,29.0,2,4,2,242,At Risk
b49710ced8dd07a0d55d282980594879,46,1,27.99,5,4,2,542,Loyal Customers
b4a5da2a7109bf926cb161b4f0bc030f,305,1,22.9,2,4,2,242,At Risk
b4a76bacd02c4823afd23c34e8ea92e4,598,1,79.99,1,4,3,143,At Risk
b4a9706266706041c10bac3e7ec4316a,261,1,79.9,3,4,3,343,Loyal Customers
b4b26faae91bc1b8f9458d29bc3c200c,85,1,122.99,5,4,4,544,Champions
b4ba6c8ffbe46adecf45369dd91cc730,182,1,459.99,4,4,5,445,Champions
b4bfffe1fcd1f298ea8c011b2ee348ae,31,1,79.0,5,4,3,543,Loyal Customers
b4c4f3643e0a12224cf57abe82ecd677,244,1,53.99,3,4,3,343,Loyal Customers
b4ee22e08cdaeab0b8e6bf2e67d7c19b,217,1,50.9,3,4,3,343,Loyal Customers
b4f36e3de7babd2a14f4a8d4a21d1eb7,116,1,0.0,4,4,1,441,Loyal Customers
b4f89f7c42a3b82a404d2a1ef1e71786,155,1,0.0,4,4,1,441,Loyal Customers
b4fcb07f59f9faef5f28ba06bce79d4c,210,1,29.99,3,4,2,342,Loyal Customers
b500d09f227a12798d03911752d1c7d6,202,1,49.9,4,4,3,443,Loyal Customers
b50c0066bc676e6a5d4a0abe1413023c,226,1,119.9,3,4,4,344,Loyal Customers
b512b0686fca0440147aa0709672cd9b,207,1,46.99,3,4,2,342,Loyal Customers
b5177190a5290ab9335fd4f2537aaa4a,565,1,52.9,1,4,3,143,At Risk
b51be90890c4f1f3e7a9141eb3fdfde1,402,1,16.9,2,4,2,242,At Risk
b523bbcb047483480ac0ac7ea454efb4,150,1,0.0,4,4,1,441,Loyal Customers
b525978184c53a6051f72e2343ffce0e,285,1,115.0,3,4,4,344,Loyal Customers
b5283f89d656dd98b1376dfb0926ae2a,182,1,0.0,4,4,1,441,Loyal Customers
b52f66c7b754abb219018b60afc72995,301,1,119.8,2,4,4,244,At Risk
b5319217468425a3ecb4fa98129b5f79,51,1,64.9,5,4,3,543,Loyal Customers
b533f9ea6bc2a0fa5ed31e37155a3ea1,66,1,18.9,5,4,2,542,Loyal Customers
b53e90bdb9be63dcba58f88a54f7e936,235,1,327.45,3,4,5,345,Loyal Customers
b542893c864fb11225f7105ee3e3f0ca,257,1,23.8,3,4,2,342,Loyal Customers
b5447d364a6201833d7e004e22283a6c,473,1,59.9,1,4,3,143,At Risk
b54bd4266b30f46d43b39b65cd436290,182,1,120.0,4,4,4,444,Champions
b57308b5ffef78ead8fa2588aeebc2f3,582,1,62.9,1,4,3,143,At Risk
b5759e69e3c3eb05bb72884780c7f579,65,1,110.0,5,4,4,544,Champions
b576806119d9c13cabc9cd0c95158c60,252,1,579.99,3,4,5,345,Loyal Customers
b577af9a54b023b4bcc51f69bb937f1c,219,1,148.9,3,4,4,344,Loyal Customers
b58003534fdfad54e2a809da3b5560a7,296,1,0.0,2,4,1,241,At Risk
b58504f3503cf44db08931a732ac9ed7,87,1,0.0,5,4,1,541,Loyal Customers
b585f93cc708cd3d76b03cbf776a4e97,268,1,55.0,3,4,3,343,Loyal Customers
b5968d8d3507b0ad5c92e33bc00b5431,352,1,49.99,2,4,3,243,At Risk
b5a189159a62950d58c7208f43e0631a,395,1,37.9,2,4,2,242,At Risk
b5a873077a79d73dff6222a35b7a4f79,574,1,109.9,1,4,4,144,At Risk
b5b7c916a220cb52bb0ffc490e6b9cdc,300,1,84.99,2,4,3,243,At Risk
b5c758a46ae1c305aa9f913d3b895951,287,1,172.5,3,4,5,345,Loyal Customers
b5c824677c5431bf6a611206428716bc,157,1,0.0,4,4,1,441,Loyal Customers
b5ccc57b179210bda569df984bdf7df3,604,1,129.99,1,4,4,144,At Risk
b5d6fa3d2213927296ac893f14f4461c,207,1,179.7,3,4,5,345,Loyal Customers
b5fd935fca868cbefca0c71a3010d03f,339,1,150.0,2,4,5,245,At Risk
b60d47f5f8de9fbc6cf1c1fedeab9f0e,422,1,35.0,1,4,2,142,At Risk
b61b38d88ef98dd66fc100efabad2557,388,1,1200.0,2,4,5,245,At Risk
b621ac736971663d7aede4222074d3fe,508,1,49.9,1,4,3,143,At Risk
b6355d59bb57a76bd02e96578c5bd407,241,1,24.9,3,4,2,342,Loyal Customers
b6421f3212444b8943b75ed2686928dd,343,1,119.59,2,4,4,244,At Risk
b643c19d91a65d73f94ba8e037668986,252,1,169.0,3,4,5,345,Loyal Customers
b647de9a726557749e15366078e10172,318,1,39.9,2,4,2,242,At Risk
b6497ecc6318ebd0d5c22091f702fcc8,548,1,33.9,1,4,2,142,At Risk
b64b51617120648f889d1112f3a71e6f,36,1,55.0,5,4,3,543,Loyal Customers
b6551acfa77dba27fb288e08dbe02f84,246,1,49.95,3,4,3,343,Loyal Customers
b6658698e26b7eb7721441be5834e782,139,1,199.0,4,4,5,445,Champions
b66ebea9fad19535d1134154668d4129,546,1,99.99,1,4,4,144,At Risk
b66f4f9f89df0b0973bb1057073887a0,301,1,199.99,2,4,5,245,At Risk
b672b6270a0ec1cc5c33b9e2e84c785d,117,1,18.95,4,4,2,442,Loyal Customers
b673435ec77f0b5f5d73d896fb992c8d,53,1,49.98,5,4,3,543,Loyal Customers
b6772272aa4f122662a3d014a0bd7b4a,180,1,42.49,4,4,2,442,Loyal Customers
b67c3d81da9b446043478d367b95634f,349,1,119.9,2,4,4,244,At Risk
b67f3c688800e83e5674ffe056027d1d,256,1,13.65,3,4,2,342,Loyal Customers
b685f571858e1a165334b397342c01cd,204,1,298.0,3,4,5,345,Loyal Customers
b687d81839105552ea710f08e0c5db8e,30,1,95.0,5,4,4,544,Champions
b692391a3475130e918c2ffd84fa0413,279,1,59.8,3,4,3,343,Loyal Customers
b69b36cf39cfb2c756e6c1160853823e,43,1,97.5,5,4,4,544,Champions
b6a8c9225915119f39925b7814f898df,45,1,0.0,5,4,1,541,Loyal Customers
b6aa1d5781553afaa244c3e42246d93c,274,1,219.9,3,4,5,345,Loyal Customers
b6ac8f7081ecad74edc6fd85aed8024c,140,1,159.9,4,4,5,445,Champions
b6b1da1ef61aceafc708a1f8f54d9e1c,417,1,0.0,1,4,1,141,At Risk
b6b9bf08a9b9f5e258a9022f135e771d,242,1,69.9,3,4,3,343,Loyal Customers
b6bb8e4780df00a25fa34335d3dc1330,373,1,55.0,2,4,3,243,At Risk
b6bfa667d44891b1e24e5b79ae955480,332,1,0.0,2,4,1,241,At Risk
b6ebed144895adea96b6193124ea3db4,300,1,719.4,2,4,5,245,At Risk
b6f09a3b6557417c9175e038a17e6bca,317,1,149.9,2,4,4,244,At Risk
b70170c1c602142b425d3049b0729cf5,151,1,333.99,4,4,5,445,Champions
b72d46677b35c6028f2a57600be03b8b,155,1,39.9,4,4,2,442,Loyal Customers
b7343dc001a69a3fc9c31961b5dea892,183,1,299.8,4,4,5,445,Champions
b73e6c904a3bb974a0ca8ec828751fc2,371,1,165.99,2,4,5,245,At Risk
b742a66c53272ad430bfdb68664b6a37,123,1,0.0,4,4,1,441,Loyal Customers
b748a37303fb3bc57594cfcaec33bad3,30,1,66.55,5,4,3,543,Loyal Customers
b74deaa44a000da4ce9bf2913cb8e232,711,1,49.9,1,4,3,143,At Risk
b756ccef599fe131977b15f20c8a913d,129,1,64.8,4,4,3,443,Loyal Customers
b75e0a5150c6cfcf4d9982e79f8a1f8b,392,1,135.0,2,4,4,244,At Risk
b75e77f6579cd2b0d728a43dce22b3e6,101,1,69.0,5,4,3,543,Loyal Customers
b7691a211ab550e0b5f3bf33ade5f5be,196,1,309.99,4,4,5,445,Champions
b777081ff33037f313eb83b79ca3c19b,415,1,59.8,1,4,3,143,At Risk
b77776eae6a9ee05aeeaf60842656d26,138,1,0.0,4,4,1,441,Loyal Customers
b77f8ac92262c373ac7fbf59b7a990c7,38,1,55.0,5,4,3,543,Loyal Customers
b78f1002deaf3c2173f7c202c5b4fc07,152,1,158.0,4,4,5,445,Champions
b7ab841c62e1ac37c5784b4bcb675b39,29,1,137.9,5,4,4,544,Champions
b7cbeeeaa9007a7717c85bede2677ca6,296,1,0.0,2,4,1,241,At Risk
b7cc980888147c189d96a40756971585,563,1,13.99,1,4,2,142,At Risk
b7d12dd279b98c2d0f8b920052eb2862,59,1,49.9,5,4,3,543,Loyal Customers
b7d76e111c89f7ebf14761390f0f7d17,746,1,72.89,1,4,3,143,At Risk
b7da7bdff09f837a08f65759f068f5ce,280,1,0.0,3,4,1,341,Loyal Customers
b7df9e1300398dcbef32dd58f5778e4e,289,1,0.0,3,4,1,341,Loyal Customers
b7e2b4e7e5bbfc11eb1b22e6d822926b,139,1,98.0,4,4,4,444,Champions
b807f720ce7d4b5cacda4de1b1c02889,289,1,64.9,3,4,3,343,Loyal Customers
b80aea5d566c55201d7c72d6c8580477,34,1,39.0,5,4,2,542,Loyal Customers
b80e73bfec2ccebcb2482a2dc89d4a0a,89,1,744.0,5,4,5,545,Champions
b82d8e3a84e9978cb633bd9771a5165b,383,1,178.9,2,4,5,245,At Risk
b82e23980963f0c3789109af94e6112f,218,1,0.0,3,4,1,341,Loyal Customers
b82f7162f6cf9554423f4bb4f47820f2,221,1,30.5,3,4,2,342,Loyal Customers
b83f0f5c1db1758573c5ef9dfddf7045,135,1,64.99,4,4,3,443,Loyal Customers
b842b6306cb43499a3d7a3dd3742fef2,217,1,118.9,3,4,4,344,Loyal Customers
b854c56e1163bced9c3ebf1e4a6576f3,211,1,49.9,3,4,3,343,Loyal Customers
b854fe698a5384ebcadcdabe7ceebbb4,420,1,0.0,1,4,1,141,At Risk
b8624f5635e1f66fa1910d775aab0055,126,1,289.9,4,4,5,445,Champions
b87275995c7fdbd0fdbb35626d13f389,164,1,129.9,4,4,4,444,Champions
b87461e6c2feb68b9124000ffe3a525f,460,1,0.0,1,4,1,141,At Risk
b88642bb0d7fd10c8ce18b7bec9085b8,40,1,29.99,5,4,2,542,Loyal Customers
b88b78a413e70182e18b032361b24f91,623,1,0.0,1,4,1,141,At Risk
b88c1a1d40b9b90a8d15f2d3c7e28099,128,1,98.99,4,4,4,444,Champions
b8939dbecf0659982b0e7d21c3731f7b,542,1,0.0,1,4,1,141,At Risk
b8977911a162ae59629b8a73b77bfdac,204,1,250.0,3,4,5,345,Loyal Customers
b899f098afa2e711629365c161794884,546,1,49.99,1,4,3,143,At Risk
b8a097297ee1be3223fdc6727b119ccb,290,1,319.0,3,4,5,345,Loyal Customers
b8a13301c527ebcd83e27cbfb7f06a9a,371,1,0.0,2,4,1,241,At Risk
b8ad4abdbbbb25a8106cf1fa49600053,213,1,380.0,3,4,5,345,Loyal Customers
b8ae1d28b2a49a7913eab4b73ac4c00b,180,1,0.0,4,4,1,441,Loyal Customers
b8af560ea969399b77e9b0e6644558fe,199,1,29.99,4,4,2,442,Loyal Customers
b8b3c435a58aebd788a477bed8342910,504,1,52.0,1,4,3,143,At Risk
b8b7f727e3ad1e14243cb6f11b624351,61,1,119.99,5,4,4,544,Champions
b8baa482e2e3b439ab972fba47c9be48,337,1,324.0,2,4,5,245,At Risk
b8c0e5c60a5d7cc003fa4ce10b9f52a5,314,1,319.9,2,4,5,245,At Risk
b8c64934a84e5ac575aaf1c5d50f340e,174,1,0.0,4,4,1,441,Loyal Customers
b8d1e0101aa162c796f1af6b73f30051,195,1,13.65,4,4,2,442,Loyal Customers
b8d4f36004a20507a599935bf54f91a0,94,1,0.0,5,4,1,541,Loyal Customers
b8d95b1bc28f71750ada508312f1e176,284,1,28.0,3,4,2,342,Loyal Customers
b8df986511d928829c3192c2ed081eba,229,1,9.5,3,4,1,341,Loyal Customers
b8f1c329bf24677d2bfe4eeadfb858f4,355,1,35.0,2,4,2,242,At Risk
b8f9ecc7915ce653a1d7ee6dbfe8f54d,407,1,0.0,2,4,1,241,At Risk
b90587c498051476f4a75606c0639a0b,45,1,59.9,5,4,3,543,Loyal Customers
b9066c8cafd15041ed94ef1ecb116d4a,492,1,159.0,1,4,5,145,At Risk
b91094129b0c7e78a2d312269365968e,360,1,159.0,2,4,5,245,At Risk
b913e12201852f1b7b0a3a3378447a0a,182,1,119.0,4,4,4,444,Champions
b931fdce2c9ab0c8475ac1bc83af0f04,221,1,15.9,3,4,2,342,Loyal Customers
b93460c02625610d2ea42a4e16be1f23,130,1,145.0,4,4,4,444,Champions
b93a5a889d5631f90288141fed44d192,299,1,0.0,2,4,1,241,At Risk
b93cacded43b7d04c0c861c8f2f5bdd8,46,1,79.9,5,4,3,543,Loyal Customers
b941b9bd5b0df6d5bc8872504b96b0e1,412,1,89.99,1,4,4,144,At Risk
b944e713f329c481160c81f9a3795392,256,1,19.9,3,4,2,342,Loyal Customers
b94783c71788124eb4f2d4e1fcae6ab9,577,1,45.0,1,4,2,142,At Risk
b9487d6e20517ea5f15d9227be80231c,176,1,79.0,4,4,3,443,Loyal Customers
b951c9bf661f93b4622ed4e21034a9ce,98,1,0.0,5,4,1,541,Loyal Customers
b9616f4b96ce6bde1688eee752733c55,253,1,59.0,3,4,3,343,Loyal Customers
b96336694477939c9d102438f0c7c9d7,322,1,0.0,2,4,1,241,At Risk
b97b7e6d034e5fa44c9a1606e91eeecf,85,1,99.99,5,4,4,544,Champions
b9833a43443ed9fad7a66f9ffb80684c,65,1,0.0,5,4,1,541,Loyal Customers
b9ac5718b8f3ff34b2929ac08661f82a,613,1,50.9,1,4,3,143,At Risk
b9b9a083a74fa9cd18be8eb0ccd26d71,362,1,39.9,2,4,2,242,At Risk
b9c3dc12001699a88211928c941c0af6,494,1,0.0,1,4,1,141,At Risk
b9ce93ae35b4cfe939be5356630992a7,324,1,104.9,2,4,4,244,At Risk
b9d90399fae52218195b4b23536f6fa2,545,1,739.9,1,4,5,145,At Risk
b9e14a9f4a31ac62d6161da7825ed62e,266,1,12.9,3,4,2,342,Loyal Customers
b9ee98eca43a42742a634f6bb82f10cb,42,1,62.89,5,4,3,543,Loyal Customers
b9efc86b7c6269eaeba5bdbdd5127e1b,599,1,0.0,1,4,1,141,At Risk
b9f13db702f9678ebc2c84c10d4a06b7,226,1,79.99,3,4,3,343,Loyal Customers
b9f9911419ec994acdb9fbe23e2a4db8,40,1,48.99,5,4,3,543,Loyal Customers
b9fd889214fcb1a45e4cd51f5af6cba3,438,1,65.99,1,4,3,143,At Risk
b9fdb2f344509f77f84250a748c6319c,338,1,0.0,2,4,1,241,At Risk
ba0702c64162e93452439fa6c4409896,502,1,39.0,1,4,2,142,At Risk
ba09e7352cbed201af6d123d7366f3ef,374,1,89.9,2,4,4,244,At Risk
ba0ac571960912286d71232645d1059a,46,1,99.0,5,4,4,544,Champions
ba136375f078fedf9689674d4786e281,163,1,15.99,4,4,2,442,Loyal Customers
ba16203bf127db33e6b3d5bf70506473,265,1,144.99,3,4,4,344,Loyal Customers
ba17fa1c74cbcd675656a975e53877d5,232,1,419.9,3,4,5,345,Loyal Customers
ba1f5988dec5d5dcc36f2d14f2e94b3d,128,1,49.9,4,4,3,443,Loyal Customers
ba1fe3dc6ce8decbdac878b67f4a23c0,162,1,53.9,4,4,3,443,Loyal Customers
ba2270f491bc25458b77587430dcd3c9,234,1,39.9,3,4,2,342,Loyal Customers
ba36311f5ecc3232608a4becdd416325,371,1,38.4,2,4,2,242,At Risk
ba4ed9f6b174012ec6ce8568b557b2f5,47,1,33.99,5,4,2,542,Loyal Customers
ba6864262a43be8c0c998cfc68016bc6,39,1,11.49,5,4,2,542,Loyal Customers
ba6c3c0c28e81ebf98a554abfcdacdd2,175,1,0.0,4,4,1,441,Loyal Customers
ba77e9b6506636dcbd03e463d4786f24,445,1,79.9,1,4,3,143,At Risk
ba79f64e5e6b53bb53e0114a0a6b2364,254,1,9.0,3,4,1,341,Loyal Customers
ba85eb3f29cdda9e3e4229c613d78815,188,1,0.0,4,4,1,441,Loyal Customers
ba8b8d51fcd882a56bc0a5871717d76c,274,1,169.99,3,4,5,345,Loyal Customers
ba8cb30ffcc1d04326f0d51e09efd36e,44,1,139.0,5,4,4,544,Champions
baa95c4641ecd9ad286d49aa0888507f,543,1,0.0,1,4,1,141,At Risk
baafa8da2de0fd753a885a5c15b11427,97,1,91.55,5,4,4,544,Champions
bab51137b90b0fcec74bf6f9b47d3511,55,1,158.0,5,4,5,545,Champions
babd2e2e00f4b20264b7a8dedba31346,211,1,119.9,3,4,4,344,Loyal Customers
bac8ad67f5927942747ccc01748927ac,66,1,49.9,5,4,3,543,Loyal Customers
baca240b69cd4bd9bf08199640ae8da3,482,1,0.0,1,4,1,141,At Risk
bae2d36f7119de90a1f3f9aa995e5c5f,471,1,0.0,1,4,1,141,At Risk
bae6687e2e07f749eda874adba621bd4,242,1,49.9,3,4,3,343,Loyal Customers
baebb82446ddda55580e9fe55ed971a4,164,1,37.0,4,4,2,442,Loyal Customers
baed8b5a940b57b851c4b8df8308bec0,116,1,48.9,4,4,2,442,Loyal Customers
baf56a409972153c8315a2d31b113bc5,196,1,65.9,4,4,3,443,Loyal Customers
baf8d1bc8b02f403f67012d3366984b6,283,1,69.9,3,4,3,343,Loyal Customers
bafbbaf0345497c9e80502a08fad4a55,295,1,299.99,2,4,5,245,At Risk
bb01b2ced80ef2e3dfb786d0d8c4905a,464,1,12.1,1,4,2,142,At Risk
bb03bdc26802535aa82d460b539d211c,132,1,77.98,4,4,3,443,Loyal Customers
bb06afd8cd88cb11a3d6a6b0ca550597,173,1,0.0,4,4,1,441,Loyal Customers
bb0ccd5578b0944bdb14be3d020074a3,35,1,118.44,5,4,4,544,Champions
bb361861b83a556ce2a5b2d537e22df9,46,1,99.82,5,4,4,544,Champions
bb477df0c32c10ffaf2b2c5e81169f20,203,1,0.0,4,4,1,441,Loyal Customers
bb490ef16aa39f140bfeb172ee89a45b,316,1,59.99,2,4,3,243,At Risk
bb4d84a2b45b22ed710ac8c0dec63d1a,418,1,19.99,1,4,2,142,At Risk
bb538da36f11aa0fd7c707f69fc85c3c,162,1,199.99,4,4,5,445,Champions
bb58670190dba4e9b320f84cb98317a3,463,2,52.0,1,5,3,153,At Risk
bb62a2fa1446330a13f2a9f000dee8a9,584,1,69.9,1,4,3,143,At Risk
bb643895e857c516b4289ab079743690,260,1,261.0,3,4,5,345,Loyal Customers
bb6d9b2375143281d537eb82beeddfaa,246,1,56.99,3,4,3,343,Loyal Customers
bb706038577b066ad96cf29a29beefec,260,1,0.0,3,4,1,341,Loyal Customers
bb78f4743e618d1b7d4e8fddb9494542,443,1,94.98,1,4,4,144,At Risk
bb79e10db1f832cf117618728db2d653,149,1,11.0,4,4,2,442,Loyal Customers
bb7dec94f2d5a01b71bd1e976232b155,300,1,114.9,2,4,4,244,At Risk
bb7ef994cc22b1fc694ac59fb377b824,162,1,98.44,4,4,4,444,Champions
bb8486cad0e431659227f6fb18fc6a72,304,1,145.3,2,4,4,244,At Risk
bb85b098c288f4b18c0c014e85e0c93e,378,1,35.0,2,4,2,242,At Risk
bb8e3ce30f15dd4cc886c0a1952090ff,536,1,39.9,1,4,2,142,At Risk
bb96c9b95cfe7fe1731f9ba01908b64a,128,1,55.0,4,4,3,443,Loyal Customers
bb9c04f0a50c8023b09d2c7439cc4b2c,43,1,86.0,5,4,3,543,Loyal Customers
bba09d4a7b3cb61c4a5ef3f368cd1992,211,1,55.0,3,4,3,343,Loyal Customers
bba19d9ddf6ce4663966a0cb23882ff8,330,1,89.99,2,4,4,244,At Risk
bbae027c25a7e8c839053a1890227e21,39,1,0.0,5,4,1,541,Loyal Customers
bbeb907759ef5fc169099af3c88d535d,147,1,3105.0,4,4,5,445,Champions
bbebe4b8eb77c193d602f15005347dd6,285,1,69.99,3,4,3,343,Loyal Customers
bbed9f383711c28f8b265437dc523a92,346,1,119.89,2,4,4,244,At Risk
bbf0cbba57c53c0db5f7457d752bd431,315,1,299.98,2,4,5,245,At Risk
bbf0d1ddbf8bd44d192f056919e9b706,591,1,117.3,1,4,4,144,At Risk
bbf28b01eafff45c51fd9130ab1e0c6d,281,1,394.0,3,4,5,345,Loyal Customers
bbf65e7823171a84e70a495dd6c34ceb,397,1,279.99,2,4,5,245,At Risk
bbf7aecb4272f755e7ac76ecbe556345,53,1,100.0,5,4,4,544,Champions
bbf82e905239b694c51fe17882d15c0c,63,1,140.0,5,4,4,544,Champions
bc129fa5a30c1e9f64d840dd6d0e574a,389,1,119.8,2,4,4,244,At Risk
bc27afa44f5b67b080ab4ba3851a162d,403,1,69.9,2,4,3,243,At Risk
bc2c9d4cffdfa4609cb2f961250ba4d7,556,1,59.9,1,4,3,143,At Risk
bc36814f2550075a872ea415c73b8e4a,59,1,69.0,5,4,3,543,Loyal Customers
bc3b2714b8a9c929ef86caeae5623ba5,193,1,130.0,4,4,4,444,Champions
bc495306b450cb8a30666dff4e362077,486,1,49.99,1,4,3,143,At Risk
bc51a138200e5b50efd356b21a60ff23,138,1,0.0,4,4,1,441,Loyal Customers
bc59f1e430734e331b87a168b63450a0,527,1,49.9,1,4,3,143,At Risk
bc5d56db41d085a187b0e6e1dfbfbb4d,194,1,119.8,4,4,4,444,Champions
bc5fbc9860ad6ea016f6a52502f27c82,69,1,145.98,5,4,4,544,Champions
bc6693150fe09832ea76d25650f733f3,294,1,42.99,3,4,2,342,Loyal Customers
bc6839208cb211872c9e1909676cbd0a,347,1,0.0,2,4,1,241,At Risk
bc75ced76ca29e9e5e3e0e267b79dea7,256,1,37.9,3,4,2,342,Loyal Customers
bc78253a365ca27ac64b86faa082a834,274,1,29.0,3,4,2,342,Loyal Customers
bc7fad0e4189527e86792ba981941140,129,1,0.0,4,4,1,441,Loyal Customers
bc82228a4f5fceba5b14a04cb7b4591b,506,1,90.0,1,4,4,144,At Risk
bc867ebfaaeb874d54cbf1da33fd4a1b,367,1,497.98,2,4,5,245,At Risk
bc96fdea77283bcfd8bec24a2163d459,482,1,0.0,1,4,1,141,At Risk
bca2d58bb6855db63ab2542850c89270,116,1,209.9,4,4,5,445,Champions
bca4361fd18ffb97e002abf403eda289,356,1,16.9,2,4,2,242,At Risk
bcba7868e02e9ae817e38bd543bf503d,595,1,1297.25,1,4,5,145,At Risk
bcbe2558dc57409f13b7c29778952c62,81,1,39.0,5,4,2,542,Loyal Customers
bcc967b7b6ae5c124298b4a977a45a9f,46,1,55.9,5,4,3,543,Loyal Customers
bcc9a08b533971412be737fd5bd918b3,481,1,29.9,1,4,2,142,At Risk
bcd3e3707fc92aae9ccd5530f5ad0355,40,1,0.0,5,4,1,541,Loyal Customers
bcebdf69569a5b1cdbb67ebf178e794c,544,1,18.99,1,4,2,142,At Risk
bcf958b042ece5fd995de0dabb3abf56,300,1,98.0,2,4,4,244,At Risk
bcfd923b7801435849731bd1c60509a6,222,1,49.9,3,4,3,343,Loyal Customers
bd0c1f867e8745eb3ea435b9c5433788,308,1,0.0,2,4,1,241,At Risk
bd13608b9c6033892ce62269b50a0afc,142,1,178.99,4,4,5,445,Champions
bd155cc5b3221f71c92bb6e61318a2db,246,1,95.5,3,4,4,344,Loyal Customers
bd253227ca6d422caeeb349da9b1ef66,378,1,0.0,2,4,1,241,At Risk
bd27c65e0405e162422cf80ab58aca59,96,1,89.9,5,4,4,544,Champions
bd2914d2e0b52a1b1bce55b39c1b1edf,200,1,0.0,4,4,1,441,Loyal Customers
bd2b3678a31c7acff94791bd2ffce860,315,1,210.9,2,4,5,245,At Risk
bd3dcc49489d1c665291fdecc22a3c75,65,1,669.99,5,4,5,545,Champions
bd42d532ddbf900a277d9e7b8f591640,139,1,93.0,4,4,4,444,Champions
bd48312ef3ab7e4e832808c1ca9ad9d3,136,1,84.9,4,4,3,443,Loyal Customers
bd4d5745fe11100678f10960866162c6,229,1,29.9,3,4,2,342,Loyal Customers
bd5f7d1bdbd1a6233877b21fd66dfba9,198,1,30.21,4,4,2,442,Loyal Customers
bd66c00af90ff5a3bb62a0c9639921ba,275,1,119.9,3,4,4,344,Loyal Customers
bd6c1c99a4f6c28c98927351eb226e80,209,1,142.8,3,4,4,344,Loyal Customers
bd6dc26d46e9b21a213198aa80d1fda1,382,1,169.0,2,4,5,245,At Risk
bd6e919ea010cdfb03825ac482546540,301,1,49.99,2,4,3,243,At Risk
bd7287fdad74d4d53c8d2b6e1cfd644d,130,1,626.0,4,4,5,445,Champions
bd74ee61fcfe98864c2d73ce89cbfce1,64,1,0.0,5,4,1,541,Loyal Customers
bd84ecd29495e3aa78cf6491ee2e91af,208,1,148.0,3,4,4,344,Loyal Customers
bd8bee2d841f2573c7c4f2d49dfdcaf0,559,1,59.9,1,4,3,143,At Risk
bd9849d9ba9ac9f05f53f393b1c85744,203,1,0.0,4,4,1,441,Loyal Customers
bd9e235e9996a20d1153c238c2706b92,485,1,779.0,1,4,5,145,At Risk
bdb88619ffe5ca24fa5732468bd34573,716,1,0.0,1,4,1,141,At Risk
bdc67efa33dd0c3228b91714ac6e363c,393,1,0.0,2,4,1,241,At Risk
bdc7f95d05c71fab5c86c5388f27872b,276,1,0.0,3,4,1,341,Loyal Customers
bdc98a892c4d5a526373afd38afa53ac,59,1,15.99,5,4,2,542,Loyal Customers
bdc9d7c00e3c150456e58df4cfc2d2c8,550,1,169.9,1,4,5,145,At Risk
bdcd97bbfa0c4547970136445e9ace7c,218,1,156.0,3,4,5,345,Loyal Customers
bdd30e6e39cc70dde8665187b57af402,435,1,44.99,1,4,2,142,At Risk
bdd790f120738cf7ae6c93b292f4dad2,443,1,205.0,1,4,5,145,At Risk
bddbce40ba8847305fb9858313934193,49,1,110.32,5,4,4,544,Champions
bde19fc22cb4def59a506fe769d40aed,294,1,67.98,3,4,3,343,Loyal Customers
be0606f39c5d49fbc9ca5192e174a4b3,55,1,0.0,5,4,1,541,Loyal Customers
be08f83faebeeefebe0df44a3c2684ee,401,1,132.9,2,4,4,244,At Risk
be09bc14d8a3f5cb25c70ec3ab757266,299,1,0.0,2,4,1,241,At Risk
be0e319f7309b7d01899339a6a24b770,193,1,574.0,4,4,5,445,Champions
be1a0dfedd7deaf8f8b3f3385b0bbc82,254,1,21.9,3,4,2,342,Loyal Customers
be1e99a0c57d7c3c699cfc4db26c8edf,52,1,24.99,5,4,2,542,Loyal Customers
be25daa3b561d7f7df48f6d1c50ed097,455,1,69.9,1,4,3,143,At Risk
be276bc43fdf88180e01106af89e9284,121,1,55.0,4,4,3,443,Loyal Customers
be2b2715ea6493f6dddcb063b482f04e,298,1,59.81,2,4,3,243,At Risk
be33152ae3eb53008fdba8c5efa40ab7,377,1,52.64,2,4,3,243,At Risk
be40dd02e486b93b8b4128f2715cfdfe,162,1,83.9,4,4,3,443,Loyal Customers
be49d411f08872c5a81438e47278a9e7,517,1,0.0,1,4,1,141,At Risk
be570271e817b7a8791c477152830384,369,1,54.9,2,4,3,243,At Risk
be5be2dbad1352c6b4966664a5bb4fe9,60,1,54.99,5,4,3,543,Loyal Customers
be5e28c2855974a15b50dd8e6303eaec,66,1,219.0,5,4,5,545,Champions
be655f9f2e6980b38b839352c2865b39,491,1,79.9,1,4,3,143,At Risk
be6b3f6e57256dbc38aaed54e10f7bfb,178,1,98.9,4,4,4,444,Champions
be76535b02e7930b45c93e87d4d5049b,30,1,99.0,5,4,4,544,Champions
be77d461b3861fdc43e07bea3f26a43d,467,1,118.8,1,4,4,144,At Risk
be7afc56db0978e1f7f9599f89527126,595,1,0.0,1,4,1,141,At Risk
be80084c717389b7097326641a8a7208,119,1,6.0,4,4,1,441,Loyal Customers
be8bd4fd44097c998b45dac223dd3ffe,100,1,69.9,5,4,3,543,Loyal Customers
be8f34cee6e46e28f79548bf5bcf5fb3,212,1,25.0,3,4,2,342,Loyal Customers
be9f69243b876464c5ce479be020eede,179,1,33.0,4,4,2,442,Loyal Customers
beac2ee5c2c9cc2f3a1c16c50ab73fda,157,1,737.99,4,4,5,445,Champions
beb0c30d2267b86db97d0c535be03ab6,308,1,150.0,2,4,5,245,At Risk
beb5288c896678914470c6a650c78302,416,1,26.9,1,4,2,142,At Risk
beb6f9fd570947c43749a143f370ebe4,586,1,139.0,1,4,4,144,At Risk
beb8aac45af8e0de5e4cd146432b9e84,158,1,216.34,4,4,5,445,Champions
beb9a932b5131b25944dcf8cee8ada78,443,1,152.9,1,4,5,145,At Risk
beceaa52fb2f761e647222b3cf7ce0b2,549,1,156.0,1,4,5,145,At Risk
bed61eb682075f1126ad0dff626926a0,333,1,299.99,2,4,5,245,At Risk
bed6914e1b13e7291330c42e4b5ee73d,573,1,66.9,1,4,3,143,At Risk
bee8c71dfec2314e63b7ef0e2ce70bdd,233,1,0.0,3,4,1,341,Loyal Customers
beefb5d83e14244b519bd61fc25c112f,254,1,0.0,3,4,1,341,Loyal Customers
bef3ce10ea5715fbcbcbe3b266ee94c5,118,1,0.0,4,4,1,441,Loyal Customers
bef61c4e2f6c5afdc112a9dc3a55cdc0,49,1,412.0,5,4,5,545,Champions
bf004b2b614c68e6d2401afc33741b33,557,1,6.0,1,4,1,141,At Risk
bf0303939d54b8df5da4762bbaab1955,310,1,299.0,2,4,5,245,At Risk
bf087cbc0138d7066e1c41d1a97973dd,89,1,160.0,5,4,5,545,Champions
bf1632ce422566bf0e289b9bcab7fbe6,212,1,0.0,3,4,1,341,Loyal Customers
bf184dc6342cd7cc85c362edb3cd4f97,196,1,55.0,4,4,3,443,Loyal Customers
bf1e26d689c382c36a8cf104febacd2e,280,1,72.9,3,4,3,343,Loyal Customers
bf244ab2ac8d4058e8b895effd305a8e,99,1,0.0,5,4,1,541,Loyal Customers
bf257f507db19138f5bc4065313c1f87,220,1,74.9,3,4,3,343,Loyal Customers
bf59acdae64e9900fd93e4847baa1978,348,1,56.97,2,4,3,243,At Risk
bf635aadfff238fd7e9b0d25e800d019,360,1,14.85,2,4,2,242,At Risk
bf64911d2a71e45c1e595f8e18ec3d2f,284,1,0.0,3,4,1,341,Loyal Customers
bf6bdab86c9bf5f5e6aafe5be999993a,449,1,54.16,1,4,3,143,At Risk
bf6d9bf8866ac722b1033fe81229a233,290,1,49.9,3,4,3,343,Loyal Customers
bf729deccdd7983078c35607bab21a40,234,1,139.99,3,4,4,344,Loyal Customers
bf79e2be560481b2e6014798b4331a18,530,2,77.4,1,5,3,153,At Risk
bf7d1f6bdf2778df2aa845c3451d6ddc,258,1,10.9,3,4,1,341,Loyal Customers
bf7e07e4ccc7df0889db4653d60c3f27,171,1,0.0,4,4,1,441,Loyal Customers
bf86879619eefd3ee1da656434e09204,293,1,0.0,3,4,1,341,Loyal Customers
bf878410ba17b72e544f5a350bad4bf5,514,1,28.0,1,4,2,142,At Risk
bf8e2ac0aef7f60dd02cbfe15b447804,372,1,69.0,2,4,3,243,At Risk
bf92f410920092937583ee1f422b3750,253,1,0.0,3,4,1,341,Loyal Customers
bfa3c391c5cce32639f44a0bc0c2e677,226,1,16.0,3,4,2,342,Loyal Customers
bfa705815b5e0cbf17b29d4bde5a3b72,150,1,200.0,4,4,5,445,Champions
bfa809efc0c3a611d7cc109690fb1adc,203,1,25.0,4,4,2,442,Loyal Customers
bfaa7f56ca38fb29a84e2b1003b9899f,64,1,52.9,5,4,3,543,Loyal Customers
bfcdddab5a2fe5dd1d1b8330795f4061,460,1,167.99,1,4,5,145,At Risk
bfd25136f17f04e11930a85f9f18ea74,132,1,55.0,4,4,3,443,Loyal Customers
bfd615f5f37a0dfef82d7433fb229c9f,282,1,249.99,3,4,5,345,Loyal Customers
bfd827e8a21c8be7bdef29573a885b76,23,1,0.0,5,4,1,541,Loyal Customers
bfdb1f4f667634b7ff30a716e6fafa95,44,1,25.89,5,4,2,542,Loyal Customers
bfe2f483e5812ce19a0e7722dd1c41f6,161,1,59.0,4,4,3,443,Loyal Customers
bff277976e13a7a30f36f0e747f07f08,52,1,0.0,5,4,1,541,Loyal Customers
bffe21e5fcf1018f69c5654bb45ec1b6,254,1,29.9,3,4,2,342,Loyal Customers
c00d7744abbd4c52462103483ccb52bf,162,1,204.0,4,4,5,445,Champions
c0109bebb736cb321faa59009afd031c,42,1,29.99,5,4,2,542,Loyal Customers
c011547921af20560248edbfa600c4f4,181,1,59.9,4,4,3,443,Loyal Customers
c0161b5c1e1f07514ef53cdc563c8321,32,1,55.99,5,4,3,543,Loyal Customers
c024307523462166b42112cfb6c8e900,188,1,0.0,4,4,1,441,Loyal Customers
c0244b6564d55e0236726c13a0bc8282,298,1,90.98,2,4,4,244,At Risk
c02e98da303c4da78da40f76952a187d,315,1,171.0,2,4,5,245,At Risk
c03163d8fec3bbc19ede5f2371e5969e,123,1,0.0,4,4,1,441,Loyal Customers
c035cedb61d638d3e8b48521a714a86e,323,1,599.9,2,4,5,245,At Risk
c0379eaf8fea020ec57ef4e788f7284e,180,1,0.0,4,4,1,441,Loyal Customers
c04f24f27572bb404a2dc0d13e960dfa,209,1,30.5,3,4,2,342,Loyal Customers
c05813a7cd3de5d467c50fb22e52eb2c,54,1,13.3,5,4,2,542,Loyal Customers
c0779cfb3d6695eb9a6c14772852e10e,579,1,66.99,1,4,3,143,At Risk
c077d273ced397774687d8c7372a30db,241,1,10.99,3,4,1,341,Loyal Customers
c07b5683ea7097bb37e20414d341cf05,223,1,165.0,3,4,5,345,Loyal Customers
c0897eab3445f15960a5dbc38b6d7f55,39,1,0.0,5,4,1,541,Loyal Customers
c08a1a1b4aae4ec2e11ac593bf7a65df,144,1,268.9,4,4,5,445,Champions
c093c5c89fdddffdabe51fd028e9f785,259,1,0.0,3,4,1,341,Loyal Customers
c09a451cbf37a98dd35bb88cd87deda4,520,1,278.77,1,4,5,145,At Risk
c09b035a91c4a94cf4bc973fb2d59608,399,1,61.5,2,4,3,243,At Risk
c09e6c3a16ec9c0a57e3c5e2b9e292c5,53,1,85.0,5,4,3,543,Loyal Customers
c0a1c99e485ed6cd991db287741bbbcc,390,1,0.0,2,4,1,241,At Risk
c0a2ff251132852958c61ce2ce573dae,124,1,0.0,4,4,1,441,Loyal Customers
c0ad64a79956b80605422f32ef36686d,140,1,178.0,4,4,5,445,Champions
c0aff2627ac1dd216e37cff8e1e127f0,352,1,56.99,2,4,3,243,At Risk
c0b6dee0c3c0c94972417c338b925637,189,1,89.18,4,4,4,444,Champions
c0c0c50de0f9c7089f7de06b69577afc,560,1,23.9,1,4,2,142,At Risk
c0c6ca5da674e955713b978a908e233e,249,1,59.7,3,4,3,343,Loyal Customers
c0cb6f62619187c624de6516c1e3c100,229,1,29.5,3,4,2,342,Loyal Customers
c0cb6fefa6f4ddef2b92c892a39d4909,258,1,29.9,3,4,2,342,Loyal Customers
c0ceb197de4a31388883a6369ec291d6,225,1,12.99,3,4,2,342,Loyal Customers
c0d1c485cc68748f953bedc0b453a5d4,355,1,0.0,2,4,1,241,At Risk
c0d2c6f28465444cbe3ad5d91418afe3,86,1,149.0,5,4,4,544,Champions
c0e34eb3758ff52f422e985899707a00,549,1,126.99,1,4,4,144,At Risk
c0e5f947392f23d3daf7b38ed797b85e,152,1,284.9,4,4,5,445,Champions
c0e7c66e7a42ec16b175f04db80e6eb1,149,1,99.9,4,4,4,444,Champions
c1051761919d37d096f281b050c5b5e8,398,1,70.5,2,4,3,243,At Risk
c112276ee020e563234bd46993fddc4b,614,1,28.0,1,4,2,142,At Risk
c112fe095bc56b7bdd4b294fa095ae61,59,1,148.8,5,4,4,544,Champions
c1134d89110eb440df23bf32a19aacdc,134,1,0.0,4,4,1,441,Loyal Customers
c114c44566c2d172b520bc3c8785ffdf,500,1,1199.9,1,4,5,145,At Risk
c11e03f932a26afd062d3916ae0c85fc,74,1,28.9,5,4,2,542,Loyal Customers
c12295f28cd3b4d4315ede54ef5e6822,224,1,69.9,3,4,3,343,Loyal Customers
c12ccc9e83965d5711a01d0b1b22abc9,99,1,57.4,5,4,3,543,Loyal Customers
c14bcf825efa083cbffda0036cccde7d,113,1,179.9,5,4,5,545,Champions
c14c135b3bd8233e628b11ad3f022023,238,1,119.0,3,4,4,344,Loyal Customers
c15943786728b1283163a2cbbf62d565,190,1,18.0,4,4,2,442,Loyal Customers
c16477b98b39807fd1a78ad4f33f6207,164,1,135.0,4,4,4,444,Champions
c1651d00ccc48df81e8ddc03589968fa,95,1,47.9,5,4,2,542,Loyal Customers
c1663d57763a33746237385b4465d836,148,1,127.27,4,4,4,444,Champions
c17023c486178e5a5855ae4736d435fb,125,1,159.9,4,4,5,445,Champions
c177749709d397d0804955f17d05f494,515,1,239.8,1,4,5,145,At Risk
c17b4437a8b1390e7dc159ae02ed7317,258,1,84.99,3,4,3,343,Loyal Customers
c17e63af5f15bbc11b8e9387e71bba9b,39,1,66.99,5,4,3,543,Loyal Customers
c188a5133890acd97612ce2428f7402a,282,1,119.9,3,4,4,344,Loyal Customers
c18a7f19c5bb90e5eade2d61849812a8,509,1,149.8,1,4,4,144,At Risk
c18c9a0884eff4b9ee66d37dd5357216,376,1,49.7,2,4,3,243,At Risk
c192180b5d1cd366f6b0d44c3d9868fe,162,1,104.9,4,4,4,444,Champions
c192cc3489d40397d08e1769643c6102,41,1,185.0,5,4,5,545,Champions
c198e769b7fac14f57905d5384eb9392,567,1,0.0,1,4,1,141,At Risk
c1a09d6a8a9916fcf70c52cf5df6e61e,179,1,99.9,4,4,4,444,Champions
c1a46e8640dbd799c39cb8fb40fd66b7,406,1,59.9,2,4,3,243,At Risk
c1a74c5c2888560211ae1fb46ffafc4f,251,1,29.5,3,4,2,342,Loyal Customers
c1a91d288cfd407b330d51a237ccdfa7,350,1,59.9,2,4,3,243,At Risk
c1a96eec1e40c53e2b91741abc83ddb9,68,1,0.0,5,4,1,541,Loyal Customers
c1b0ea0ce297723495a10dfa3a49cf74,186,1,209.0,4,4,5,445,Champions
c1b7893ed0fb6777c4c10e5a20f11df3,558,1,314.99,1,4,5,145,At Risk
c1be25a7bdf52d7885d726bc67bd2c04,198,1,259.93,4,4,5,445,Champions
c1c79af82915c4bab1bd58efc8738933,158,1,0.0,4,4,1,441,Loyal Customers
c1d404c1480da3e44dd2cd5e325b1ce0,133,1,99.99,4,4,4,444,Champions
c1d455bc2f60804d1deb27db7f1821cb,227,1,171.8,3,4,5,345,Loyal Customers
c1d9e6bbbc34d8eabbaf75ec77de9eff,267,1,29.99,3,4,2,342,Loyal Customers
c1dc1162de49817a25314db3030276f5,126,1,0.0,4,4,1,441,Loyal Customers
c1dee395f06cd4d5e5162385873bfb15,446,1,0.0,1,4,1,141,At Risk
c1e9d3613eb8b37cf2b5526bdbeec4c7,99,1,299.3,5,4,5,545,Champions
c1ee153508c6b785b491443a95ff364e,8,1,0.0,5,4,1,541,Loyal Customers
c1f548efd9fc8b040fd45c4d3818d4b8,493,1,416.0,1,4,5,145,At Risk
c200738bdf77c733d12c17c44f6df7a6,132,1,153.8,4,4,5,445,Champions
c20357bcefbcb454a5ce6dcef08578f8,540,1,180.0,1,4,5,145,At Risk
c20faf88190ac7185d11a3f454df0b62,477,1,314.99,1,4,5,145,At Risk
c216ddf05dece5d199d21e54250658ea,517,1,0.0,1,4,1,141,At Risk
c219f4ac1bc7f1aea33e6ab8885831e8,566,1,0.0,1,4,1,141,At Risk
c223b7ac9fead9ac6517fae001822112,197,1,49.95,4,4,3,443,Loyal Customers
c243634b2e46f710549f7bfe8522990f,465,1,309.0,1,4,5,145,At Risk
c24418a742a0d8fdf59827fd30d5e01e,47,1,199.0,5,4,5,545,Champions
c2551ea089b7ebbc67a2ea8757152514,481,2,89.9,1,5,4,154,At Risk
c25f3aaefa757fb6d2ac42b59a1c1989,488,1,126.99,1,4,4,144,At Risk
c25f3c70f8c8db6d2a7fb16fc8459597,596,1,159.99,1,4,5,145,At Risk
c2643534289b9b7e428aa81089dc5ce7,30,1,32.0,5,4,2,542,Loyal Customers
c26714e5c4bdc619234e2c57c0798403,143,1,0.0,4,4,1,441,Loyal Customers
c28b1528e093df4b2a5d47f6f2b0d5fb,53,1,125.0,5,4,4,544,Champions
c28b695680373781f8ff086844f72ef2,313,1,0.0,2,4,1,241,At Risk
c28c2e63e85e56bd2c80ba1c844a4704,91,1,11.9,5,4,2,542,Loyal Customers
c2919fbdb45366551c1e80d5cb35cd3f,181,1,0.0,4,4,1,441,Loyal Customers
c29366dcdcde92f6bab988692e21d709,407,1,65.99,2,4,3,243,At Risk
c29b778bfd6975fc29309aa68ce952c3,387,1,158.0,2,4,5,245,At Risk
c2a0eb5fcaddf44f7567f4dbd0da6830,346,1,241.1,2,4,5,245,At Risk
c2c71d0cb91780737b1ac2a93fea7d12,171,1,129.9,4,4,4,444,Champions
c2db5756a18d331cc4e4bfd1e7788640,288,1,0.0,3,4,1,341,Loyal Customers
c2db8fe22c7d05706804f101a7973b13,77,1,89.0,5,4,3,543,Loyal Customers
c2ddb0f0c790b59fa4ac265a5fbb75cd,236,1,199.9,3,4,5,345,Loyal Customers
c2e045ce833c8289e489314d2b6386fc,517,1,24.9,1,4,2,142,At Risk
c2e4e0527503427aebd5c42bc5f1f6ef,128,1,210.0,4,4,5,445,Champions
c2e958b910de8004562809e7372bd432,211,1,69.9,3,4,3,343,Loyal Customers
c2f6235aa74caf5b3b21c12a429a0dcf,214,1,59.98,3,4,3,343,Loyal Customers
c30772dc02e182f555db4b042efdb110,190,1,79.99,4,4,3,443,Loyal Customers
c30fd2558a9c8fc64260be3e76a20cc4,549,1,176.99,1,4,5,145,At Risk
c31a0532ac4b77687d61f7fe1483d4a4,503,1,16.9,1,4,2,142,At Risk
c31b42ebb5287fc93a2be91163464674,45,1,140.0,5,4,4,544,Champions
c31ec2564ecad02c5a6f4efc1d878680,79,1,119.0,5,4,4,544,Champions
c325d123fdea8b29701a0a93c7955ca0,185,1,0.0,4,4,1,441,Loyal Customers
c33680dce5ea39d46d1f5c3f6c30a120,128,1,119.0,4,4,4,444,Champions
c3452e8f22eff6eaa361690c7e7ffd4e,302,1,0.0,2,4,1,241,At Risk
c34829c1ffe2887992efcf51e4e02b31,374,1,599.0,2,4,5,245,At Risk
c34be41181324b34ef81042a1dbb1193,485,1,49.0,1,4,3,143,At Risk
c34f2ca27d34d58730b66b7ff14f0437,421,1,176.99,1,4,5,145,At Risk
c35ffdd9679e194c3673533720b5e00c,399,1,719.8,2,4,5,245,At Risk
c3668518aff6b417f88856f3420ba08a,77,1,95.2,5,4,4,544,Champions
c366f7bb7c9f735501bc8d64ba2e21e7,258,1,29.99,3,4,2,342,Loyal Customers
c375736396906dff8414217e02c45661,179,1,142.44,4,4,4,444,Champions
c37cc6c1a59d81460a3059744f7ada1c,445,1,149.9,1,4,4,144,At Risk
c3808f7c80ad3025f7d53d69e7a297cb,59,1,17.9,5,4,2,542,Loyal Customers
c3818f2a1aa9b856afa2cc5adf8e97b7,137,1,189.9,4,4,5,445,Champions
c398a258ca1af5f3da8ae5504e24828e,283,1,257.6,3,4,5,345,Loyal Customers
c39da9498509c8ae060185869f3a2478,328,1,70.0,2,4,3,243,At Risk
c39dde4fcf03b0f67755c39f124a414f,88,1,0.0,5,4,1,541,Loyal Customers
c3a8c3c742829113458555ed8d300404,163,1,599.9,4,4,5,445,Champions
c3a8d73d9c04af248b04c0f97b6cb308,486,1,467.0,1,4,5,145,At Risk
c3cc9ab026e263448a7e804dfada75f5,494,1,139.8,1,4,4,144,At Risk
c3ced12ab08e67844644204aea54f2a0,45,1,0.0,5,4,1,541,Loyal Customers
c3d8a0b18ff1521752caf54292bdd5cf,138,1,318.98,4,4,5,445,Champions
c3ddcb8cafa47711e96ff4852fc7e52c,312,1,0.0,2,4,1,241,At Risk
c3e5206cdb1a0a23a38c01fe7ba95da6,106,1,79.9,5,4,3,543,Loyal Customers
c3e7b5ae7b342eacf1def25046837735,138,1,139.9,4,4,4,444,Champions
c3fcb03fe74adff0bed2bd510ab06691,247,1,42.9,3,4,2,342,Loyal Customers
c3fcf3b664801fe10c4d9f62ac72b21a,175,1,179.9,4,4,5,445,Champions
c40388c86f0334d1d69f33fc43322a8c,603,1,89.8,1,4,4,144,At Risk
c404cd92e93fb64212484abc55977d38,213,1,204.0,3,4,5,345,Loyal Customers
c4053ab276391fff6ac7736873cfc950,24,1,0.0,5,4,1,541,Loyal Customers
c40d109a4036dc0bb01b522339af2220,127,1,765.0,4,4,5,445,Champions
c40f5af81ed6752819b393aabc0e275d,428,1,0.0,1,4,1,141,At Risk
c41f55ab526b11b223d29d9936d564cf,185,1,299.99,4,4,5,445,Champions
c426399972becd38ce02dba6eb721980,500,1,0.0,1,4,1,141,At Risk
c42ba47d1df4847a1fae69d1407c83d9,607,1,29.9,1,4,2,142,At Risk
c43b2b3018f41c39380df5b1e77769f8,135,1,179.99,4,4,5,445,Champions
c44f87635ee8363a53bfdd58011f72c8,155,1,0.0,4,4,1,441,Loyal Customers
c4636621c1d184e5aed1098bfccbb683,202,1,0.0,4,4,1,441,Loyal Customers
c471cde4de85d1c324999c5c94fa9a0b,297,1,54.9,2,4,3,243,At Risk
c4727b31f6dae15654a8a097c91abe75,85,1,239.0,5,4,5,545,Champions
c47ec91fad63554dd8fe3e33188faf7d,66,1,489.0,5,4,5,545,Champions
c48f157c4de3d58b5087490cd61d97a8,262,1,27.99,3,4,2,342,Loyal Customers
c49b4324d012a12558d662c52db0fdc3,416,1,100.0,1,4,4,144,At Risk
c49d4e0dcd73261fd5112f38b7dea1df,272,1,0.0,3,4,1,341,Loyal Customers
c4a0864ef7d2deb7cdb86898faf6ffa6,229,1,0.0,3,4,1,341,Loyal Customers
c4a991e4806ca21fbf9379ab328d1719,259,1,98.9,3,4,4,344,Loyal Customers
c4aafd2eb2916764d0bf1acac201688a,462,1,59.9,1,4,3,143,At Risk
c4af082fb0ba076bb96828135834f60c,350,1,119.9,2,4,4,244,At Risk
c4b822795feef15ddf1d3d2e5b83a53b,50,1,22.32,5,4,2,542,Loyal Customers
c4bc1ea5188b1d194cddfd732e90bff1,209,1,204.0,3,4,5,345,Loyal Customers
c4cf9b10d2668bfabb498d93004ab4a0,307,1,97.49,2,4,4,244,At Risk
c4e4f9ed2c25484e3e23c911cd77e7a2,332,1,69.9,2,4,3,243,At Risk
c4e8ef9c2866df08f505aac010b44a1f,472,1,17.5,1,4,2,142,At Risk
c4ebedb09beb89cc0314c5c0c33f8053,237,1,69.9,3,4,3,343,Loyal Customers
c4f95f0256ba9b1a8956eaadc04e1d77,24,1,95.4,5,4,4,544,Champions
c4ff0cebe7c2c7225d99c8a01d7b2668,84,1,124.88,5,4,4,544,Champions
c504ed3cb6e5d23e4ea7aa1c65321b69,105,1,29.99,5,4,2,542,Loyal Customers
c50984e329b68d48f871999e8b9a6db7,318,1,110.8,2,4,4,244,At Risk
c51451eb20d0c8294af30d7205444934,301,1,24.99,2,4,2,242,At Risk
c51a1f42780144ae12d0e529abc3f83f,295,1,189.9,2,4,5,245,At Risk
c52a60152571bca13cbf8a810c97e4db,184,1,0.0,4,4,1,441,Loyal Customers
c5365631fcd0f5ae1802e798e1b7d692,357,1,1736.0,2,4,5,245,At Risk
c53d90ab068a7fde8fb74003248e1ebc,300,1,170.0,2,4,5,245,At Risk
c53e944da3d3ad66ccb7527165b78681,173,1,0.0,4,4,1,441,Loyal Customers
c53fc86823fe518b7de9ad5c3b71677e,169,1,39.99,4,4,2,442,Loyal Customers
c5400d2fca348bd1313426efe4b10a51,152,2,166.82,4,5,5,455,Champions
c540e475e972fedf571cd4f924382f7c,299,1,98.9,2,4,4,244,At Risk
c544d413d864bf940eeb821070d7d00d,173,1,58.99,4,4,3,443,Loyal Customers
c54f254e19da79931e0e07338188cd70,305,1,59.9,2,4,3,243,At Risk
c55641c7b843c3e7baae66b5946cdbb8,233,1,0.0,3,4,1,341,Loyal Customers
c5570a9c8d7f1546562fd75d0ae999bd,296,1,52.9,2,4,3,243,At Risk
c55ad9a8c04e8009e4ac169f7344a583,486,1,49.89,1,4,3,143,At Risk
c55d3a40c29291e294061276caa65dfb,221,1,229.99,3,4,5,345,Loyal Customers
c5628087b9b42549720ee8b57f0a6a98,453,1,39.0,1,4,2,142,At Risk
c56d066e503008b8d0bf4204857c588d,86,1,69.0,5,4,3,543,Loyal Customers
c572b2161ac1c7f6ba689522531d8e30,165,1,54.99,4,4,3,443,Loyal Customers
c57675d43eb822d6fce04dc388d8ed0d,336,1,22.0,2,4,2,242,At Risk
c589ce4c653991c65f29b41c74d50374,284,1,150.0,3,4,5,345,Loyal Customers
c59531f90d083012b6c23034c8f54032,309,1,99.0,2,4,4,244,At Risk
c598e7b13c0fc6b1820559eabaadb3ab,401,1,169.9,2,4,5,245,At Risk
c59ba65efe3622bcfaf929ecd5fbfbf5,104,1,300.0,5,4,5,545,Champions
c5a0eef09ffd9448532ef07854769930,157,1,0.0,4,4,1,441,Loyal Customers
c5a525c4443cc914a8eebbf9d4a29fa9,189,1,27.99,4,4,2,442,Loyal Customers
c5ae6572767f4a997402acb42109c3e8,108,1,179.0,5,4,5,545,Champions
c5d18bbf8b24f753f566978697e2488b,114,1,169.9,5,4,5,545,Champions
c5d50ca6add3a55d9db4261a1dd074d5,397,1,748.0,2,4,5,245,At Risk
c5e04d2fe00cdad3c541268baa284553,147,1,119.0,4,4,4,444,Champions
c5e4a022d3a34df458bfb7c1b4988063,335,1,0.0,2,4,1,241,At Risk
c5eb4ef20f1bb764daf1936474b5e629,379,1,27.9,2,4,2,242,At Risk
c5f01991eadc43c924dfd891e9026217,189,1,54.99,4,4,3,443,Loyal Customers
c5f0ff72edaa56e5e8eb0456c3c97ecb,495,1,239.0,1,4,5,145,At Risk
c5f8601f143b47bd218cb9dd49d3c79c,72,1,23.9,5,4,2,542,Loyal Customers
c5fd8c6fc581f9792cf214b22363671f,156,1,98.81,4,4,4,444,Champions
c5fe74f1dfcbce3623c7705f0299629b,544,1,90.0,1,4,4,144,At Risk
c6003bc9756a16f3b177d3f2b25c207c,69,1,109.0,5,4,4,544,Champions
c60a3ddb000c06807f59d3d5cbbfb59f,494,1,322.75,1,4,5,145,At Risk
c6156232415a73c76bfb519fb691c135,99,1,59.99,5,4,3,543,Loyal Customers
c61a15e59e35503a062589d1b609af8d,94,1,0.0,5,4,1,541,Loyal Customers
c62372f1ddcedb4f0e3871b76294f0ae,125,1,70.9,4,4,3,443,Loyal Customers
c62c0bf678e72761c14d71793c64136e,475,1,0.0,1,4,1,141,At Risk
c62d8ffd48eaf5f681be7142e89b6393,177,1,149.0,4,4,4,444,Champions
c639b7ee0ddefaf99a2b1c87cfcd718e,362,1,0.0,2,4,1,241,At Risk
c63e44efa43f3947087aee96b388d949,464,1,113.0,1,4,4,144,At Risk
c63f1bf0ff66dc26aa7e32552b3d42d1,276,1,166.99,3,4,5,345,Loyal Customers
c64199b55f928b9302b63c4f9d841fcb,127,1,189.9,4,4,5,445,Champions
c64415b33660f4d571749038dd8e3ec3,247,1,12.25,3,4,2,342,Loyal Customers
c65313f0613e1292047eca9a86fdb0a1,466,1,99.99,1,4,4,144,At Risk
c654ded2fe5086dc19941eb427fbdd8b,218,1,29.9,3,4,2,342,Loyal Customers
c658495c41a24ef33a852db6840738a1,589,1,0.0,1,4,1,141,At Risk
c659555d236402154ee432b609c2017d,115,1,0.0,5,4,1,541,Loyal Customers
c65f4f56ce72cf522b58b34511c96ad0,302,1,23.7,2,4,2,242,At Risk
c6603d9ddf98baf1c313b9ed2e31b95f,210,1,74.9,3,4,3,343,Loyal Customers
c660e7ba7fd1e40024cdaa211a4ecbb1,182,1,54.99,4,4,3,443,Loyal Customers
c66153f5ff38b19dbfb0e5d626c0449a,462,1,15.99,1,4,2,142,At Risk
c66566fe043a2ddfa3d91b5b8a13e77e,99,1,49.98,5,4,3,543,Loyal Customers
c666e59a2d3ced923880461526113d38,209,1,116.99,3,4,4,344,Loyal Customers
c66b7ef2ea9e6e2e7b3597f8131b56d7,434,1,0.0,1,4,1,141,At Risk
c672c78ba400adf4deb64f3aedf65cb0,195,1,43.99,4,4,2,442,Loyal Customers
c68855ac94665e5eab3cac9f31acb10f,400,1,161.6,2,4,5,245,At Risk
c689aae648069dcd1be7613631ba6a28,137,1,0.0,4,4,1,441,Loyal Customers
c68e0a1acf7f98a0c676473e846b3c6a,290,1,58.9,3,4,3,343,Loyal Customers
c68fc87e71247306abfec35ecd41ab78,136,1,18.98,4,4,2,442,Loyal Customers
c6995b7622508243f3d67ce55d3ae99c,583,1,74.99,1,4,3,143,At Risk
c6a513e950f4f84a824821c420925f21,359,1,212.0,2,4,5,245,At Risk
c6b99a3f607831e0efa54fd18a05c7c9,489,1,759.0,1,4,5,145,At Risk
c6bb2e116c8ccaf3738a685ba174b675,109,1,122.99,5,4,4,544,Champions
c6c14d6b02b35ffe185803db2ed6c370,399,1,200.0,2,4,5,245,At Risk
c6d04cc582cb4e8488bc99994c62e6ed,525,1,27.9,1,4,2,142,At Risk
c6daf89e664438f63927784b6fd5c5c4,598,1,349.9,1,4,5,145,At Risk
c6dd8fabb5c20145411c78830d5031ba,417,1,29.0,1,4,2,142,At Risk
c6e5e7192bb1b04db14cc0bc5068daa4,66,1,24.99,5,4,2,542,Loyal Customers
c6f8ad34724df04e4f53f5e4ccbfadf2,117,1,569.7,4,4,5,445,Champions
c6ff1299ecfd927f41df559f9b61e94a,206,1,320.0,3,4,5,345,Loyal Customers
c6ffab32abf5dc36b10072de18d008af,298,1,99.0,2,4,4,244,At Risk
c70365c08f0b403c20a4a794cfd69c0e,209,1,0.0,3,4,1,341,Loyal Customers
c70bfc4b936709e674c7df6068ba116f,51,1,179.7,5,4,5,545,Champions
c70dfb293b08af5444cf2cf527b8836c,43,1,1240.0,5,4,5,545,Champions
c70f7100f8daa28992b8c2816d68ef98,403,1,179.0,2,4,5,245,At Risk
c718e7e51226888a1ae92687aa320a16,413,1,89.0,1,4,3,143,At Risk
c71c9304453701631f589b64d6aa5dce,507,1,48.98,1,4,3,143,At Risk
c71e415c3acaebe63ca0bbb6b067c90c,153,1,0.0,4,4,1,441,Loyal Customers
c71e44e5e3c5e5a320321c3d3a868c20,464,1,99.99,1,4,4,144,At Risk
c727a5b74bcd7e15a8fc4ce28c145dd6,151,1,19.99,4,4,2,442,Loyal Customers
c7325ee1a92c0c0d4b95b8616f0abcae,196,1,898.0,4,4,5,445,Champions
c737d186320af1b0b2a3f107abaffe9c,52,1,139.77,5,4,4,544,Champions
c739d7adb6f103eae180b1f2fc74455f,361,1,42.79,2,4,2,242,At Risk
c74c939a41d216a025a7f46213f7cdac,225,1,49.99,3,4,3,343,Loyal Customers
c7558d51c100334f0e84384bb42f0e70,552,1,29.9,1,4,2,142,At Risk
c756e1910755edd88c00ac3f46baba4b,532,1,58.2,1,4,3,143,At Risk
c76b9b7efd2e02d6c8627bf5ad450622,513,1,0.0,1,4,1,141,At Risk
c76e101f384a7ce4088ffd4ff805ef32,179,1,254.8,4,4,5,445,Champions
c77154776ead8e798c2d684205938f71,56,1,120.0,5,4,4,544,Champions
c77a1acd947a35fa2738c22f371645c2,384,1,143.8,2,4,4,244,At Risk
c77dcf1fc66bff10f3dfc9a8113a995b,150,1,391.68,4,4,5,445,Champions
c79346a04ff9e3c861f7df7e50c6c523,221,1,26.9,3,4,2,342,Loyal Customers
c795b37fd3b37d9f9a937709278167d0,211,1,265.0,3,4,5,345,Loyal Customers
c796780c7daeab9e94cc052b1f103b21,489,1,119.99,1,4,4,144,At Risk
c7a9a76a4b24a7e7b2caff982409b7ee,518,1,38.5,1,4,2,142,At Risk
c7ad21801caf2f3dc28d156335a79063,249,1,17.45,3,4,2,342,Loyal Customers
c7b5bf93064681e82c7ba602c7a28837,281,1,118.0,3,4,4,344,Loyal Customers
c7ba8f9f399ad1f57c6151986e42175d,173,1,0.0,4,4,1,441,Loyal Customers
c7c025b50e210cb7604b461781209f5b,254,1,69.9,3,4,3,343,Loyal Customers
c7c57673fe2bd1823ef2ca06c7591df0,475,1,0.0,1,4,1,141,At Risk
c7d664db71d9fb2fa89e83f896d8dc24,590,1,113.0,1,4,4,144,At Risk
c7d8b3a2fdf2fe6ada59677d6d01d452,235,1,209.0,3,4,5,345,Loyal Customers
c7e193525b2825ccfe5c65875c0db1dc,214,1,149.0,3,4,4,344,Loyal Customers
c7e6f657d0b28ae86ddb5bc464f702e1,308,1,139.0,2,4,4,244,At Risk
c7f8d7b1fffc946d7069574f74c39f4e,48,1,35.0,5,4,2,542,Loyal Customers
c7fb005dfaed077788b1da6313ee6688,48,1,27.99,5,4,2,542,Loyal Customers
c802e50d933f12271605d5fe61f36caa,300,1,13.65,2,4,2,242,At Risk
c8064ef7b94e1796e22f3e4d257d07c9,314,1,145.0,2,4,4,244,At Risk
c80e8eba85e03db9cf73f0ed349d18bd,152,1,53.9,4,4,3,443,Loyal Customers
c810a6f02311f981239ecba3426e50dc,288,1,29.0,3,4,2,342,Loyal Customers
c818ec5c41404938a0bec244f3f81cbf,221,1,74.9,3,4,3,343,Loyal Customers
c819265975d9eb88de79df8b9a5177dd,204,1,120.0,3,4,4,344,Loyal Customers
c829f5071c462c99343ede23887acc21,386,1,0.0,2,4,1,241,At Risk
c82a940bf171daec9b52b594db8d9a62,154,1,0.0,4,4,1,441,Loyal Customers
c82ca1ef39d618de9fd145ddcaef0a86,171,1,199.9,4,4,5,445,Champions
c8330933899939c96a4f2632b9f4c8ce,296,1,159.9,2,4,5,245,At Risk
c86556ba7ecff25b48444d094c9848fd,143,1,59.0,4,4,3,443,Loyal Customers
c86a25b8f5f6c203bb3471553bdc3200,100,1,42.99,5,4,2,542,Loyal Customers
c86e98383a3c4a953e5b1a92106c072a,554,1,99.9,1,4,4,144,At Risk
c873d409aabe1083ff4f96358e3a4214,412,1,56.99,1,4,3,143,At Risk
c87944388aa89c72ded8daf1fa95e60e,24,1,28.9,5,4,2,542,Loyal Customers
c87b3c3de04773e493cdf8ef030e50e9,242,1,15.9,3,4,2,342,Loyal Customers
c88a78ffee02f40ceeb314786550b716,71,1,49.9,5,4,3,543,Loyal Customers
c891a92bfe148936dec36a1d64b547a9,30,1,59.9,5,4,3,543,Loyal Customers
c899abf9b025c3ecd2e8d8c4051ed1b9,486,1,319.8,1,4,5,145,At Risk
c89cf1a054b60f1d893617b0b1a140d7,294,1,0.0,3,4,1,341,Loyal Customers
c8a52462a137f4e87bf55f002bcde6de,558,1,0.0,1,4,1,141,At Risk
c8ab29209bd01c10eabf70afda7b4479,72,1,199.9,5,4,5,545,Champions
c8b2145112166ec8dc322ac57138ccab,593,1,229.8,1,4,5,145,At Risk
c8bc38379b2217871ffd56f27cebda40,602,1,0.0,1,4,1,141,At Risk
c8c40a3a22947159eab9af128b2e51dd,535,1,129.6,1,4,4,144,At Risk
c8d183727fc9b4dcac256fbe246d6270,252,1,69.9,3,4,3,343,Loyal Customers
c8ddd50a1eb607d6d09df11adca65efe,229,1,0.0,3,4,1,341,Loyal Customers
c8deb82e62d0e33c59674b32e8b8be75,164,1,21.9,4,4,2,442,Loyal Customers
c8df8e325a90104f7d90691fcd915a37,343,1,56.99,2,4,3,243,At Risk
c8e559a002528dcae0cdf29dab6f1e3e,159,1,215.0,4,4,5,445,Champions
c8edac3754c7f02ea2fe2c2807434cf2,235,1,13.99,3,4,2,342,Loyal Customers
c906687f99bc90246460e4cb808d3407,70,1,129.0,5,4,4,544,Champions
c90df77e489e7f7fb26182fb93c22367,459,1,0.0,1,4,1,141,At Risk
c92e853931dcb8023141ca1cc898eaa2,176,1,29.9,4,4,2,442,Loyal Customers
c92fcc08288d633d677a2b744e7cdf9f,46,1,330.0,5,4,5,545,Champions
c9395a5b24e390e597d697ccbbb90572,169,1,139.99,4,4,4,444,Champions
c93c37c8d9779348bd164f7d605969d8,435,1,23.9,1,4,2,142,At Risk
c942db669b3a851e2b26c99d662c415f,41,1,0.0,5,4,1,541,Loyal Customers
c948c3a816a6721b2f9d51380f803c34,261,1,25.0,3,4,2,342,Loyal Customers
c94cc56f7dc63e944f6478bdc5eab4e4,150,1,230.0,4,4,5,445,Champions
c94e1401ba656f7493a0f9d97edcf24e,329,1,0.0,2,4,1,241,At Risk
c958cd11561df1914d60cf6f01875639,48,1,56.9,5,4,3,543,Loyal Customers
c9600276c55089ccd37cb1a360609101,588,1,0.0,1,4,1,141,At Risk
c962ed798636811935163b5e8e87ce6a,213,1,108.0,3,4,4,344,Loyal Customers
c979c7cda3ce942db2701d5550984457,478,1,26.9,1,4,2,142,At Risk
c97c1b94aeb3e7b8bc8bff24ba20a3f0,49,1,59.98,5,4,3,543,Loyal Customers
c98096cf892dcef216f1676a5552aa9f,42,1,19.9,5,4,2,542,Loyal Customers
c983428690eb51af49b9481d2640f262,205,1,141.78,3,4,4,344,Loyal Customers
c9a05ad9be22fbaecdc1db80fb90690f,298,1,0.0,2,4,1,241,At Risk
c9a91ce6fdb1137f469e8771b60a86ec,260,1,74.9,3,4,3,343,Loyal Customers
c9a9bc3271d78f39fe16405e17aa36bd,42,1,329.9,5,4,5,545,Champions
c9b3b24308b1a4587ffa3e60fafc2b1f,330,1,209.0,2,4,5,245,At Risk
c9b45a95233d349511d2b132f8fc0d04,195,1,215.0,4,4,5,445,Champions
c9c41b0c9e8845c0d950c08ba0d7acd0,300,1,99.8,2,4,4,244,At Risk
c9c45784680f997e4c30b3e48516f71d,92,1,122.99,5,4,4,544,Champions
c9c6d353f4101827b3dbc83b093b2fe6,533,1,99.9,1,4,4,144,At Risk
c9cb42e12d055c7407ea0b9b7be0dd6e,210,1,50.0,3,4,3,343,Loyal Customers
c9cc1db7d87ab8d292dca31e5f1d6d01,212,1,184.99,3,4,5,345,Loyal Customers
c9d1abc0b230150138b5716c0f5720db,142,1,599.7,4,4,5,445,Champions
c9d4e34f1dd9cc0c86cda6ff04d68a39,368,1,56.97,2,4,3,243,At Risk
c9d77e5fc5b63d23d089586848584744,432,1,25.5,1,4,2,142,At Risk
c9dbb7a4f0c7174729ee29fd55280cde,396,1,59.99,2,4,3,243,At Risk
c9e6a2d9b3fd9f03ce017625e50694d4,130,1,0.0,4,4,1,441,Loyal Customers
c9efaa3ef7bb1b4071f4d08b41c25832,286,1,0.0,3,4,1,341,Loyal Customers
c9f6a5d979d6abcd5e03dde326586a35,132,1,219.99,4,4,5,445,Champions
c9f76e85c4eb5338bf898aa3f6fcd05e,331,1,28.99,2,4,2,242,At Risk
c9ff95ec8ee314da72d3b0bbea265616,293,1,299.99,3,4,5,345,Loyal Customers
ca186065de6e2d01cfc99763e6d62048,108,1,45.5,5,4,2,542,Loyal Customers
ca270b48105d4aa0d747a0529775f19c,487,1,370.0,1,4,5,145,At Risk
ca27f3dac28fb1063faddd424c9d95fa,54,1,4059.0,5,4,5,545,Champions
ca331839495652e51545aff8a5c11908,251,1,180.99,3,4,5,345,Loyal Customers
ca49534fcedb73b42c18dbd99b0a0d22,545,1,48.65,1,4,2,142,At Risk
ca5c22758e4f6781ba277d327fe3d7eb,335,1,139.99,2,4,4,244,At Risk
ca62a2278969324ffe26da3e5704d0d4,393,1,199.94,2,4,5,245,At Risk
ca681af5ab07e1b26a4a7322d06b0948,484,1,35.9,1,4,2,142,At Risk
ca73adc05ad5d0d880de79b5ea3253b3,130,1,10.9,4,4,1,441,Loyal Customers
ca77025e7201e3b30c44b472ff346268,216,1,156.97,3,4,5,345,Loyal Customers
ca7afd2f31de9bb06bc2ff8c8f338c7f,116,1,75.9,4,4,3,443,Loyal Customers
ca87b933d0d333ebc5f26071c795c492,87,1,68.9,5,4,3,543,Loyal Customers
ca8869414ebfad7610a659da7e1a10b2,128,1,59.9,4,4,3,443,Loyal Customers
ca961b973ecf9de95e3c17421f60a9a4,326,1,59.9,2,4,3,243,At Risk
ca9806cbb76d206bcaf866f3e42d3879,198,1,0.0,4,4,1,441,Loyal Customers
ca9b75064fda749aaf9d5a4f0339dc8d,72,1,169.9,5,4,5,545,Champions
ca9dde733a9274ed9bea93b8418eaac3,535,1,119.9,1,4,4,144,At Risk
caab2adae070645d3e3fd3f43533d378,289,1,0.0,3,4,1,341,Loyal Customers
caaf7a6f64bc06576b7ec520c8206d03,96,1,0.0,5,4,1,541,Loyal Customers
cab46195bdcc56a6b42eef09eb1b64be,530,1,0.0,1,4,1,141,At Risk
cab49f72708b32dab386b38320f5b31b,411,1,12.88,1,4,2,142,At Risk
cab5ecc01e69aac95f48b619eb40a882,555,1,87.37,1,4,3,143,At Risk
cab95c7bc45c6d2ab16c2ef1a451d5e3,480,1,112.0,1,4,4,144,At Risk
cabd6d095f9967f7044473021795247c,301,1,65.0,2,4,3,243,At Risk
cac66748e339bd5a970217748c2c3808,199,1,196.9,4,4,5,445,Champions
cacad11a562b7c7537343abbeebd12f0,37,1,12.99,5,4,2,542,Loyal Customers
cad11c2ff6ad11e38a5fd8b8e2d079fd,66,1,24.99,5,4,2,542,Loyal Customers
cad2c7327ff2add52d6f2579e541ccc7,255,1,41.3,3,4,2,342,Loyal Customers
cad6e6cc5d7a8620efda1f8310fba9d1,220,1,59.9,3,4,3,343,Loyal Customers
cad866eab1628578662eaae61403149e,57,1,83.0,5,4,3,543,Loyal Customers
cadb385cc1299451df18febff40aabc9,36,1,34.9,5,4,2,542,Loyal Customers
cadf5efd7e29678690c09cc039e08bc6,387,1,117.99,2,4,4,244,At Risk
cae9b1648059f203b6d1eb95d2d285b6,215,1,89.7,3,4,4,344,Loyal Customers
cb283dda3f78ae86c68270c57737334d,105,1,13.62,5,4,2,542,Loyal Customers
cb2cd363d56807ed670547fab32e1d52,182,1,20.9,4,4,2,442,Loyal Customers
cb2d00950f18d7d8f7fcfc8cc3a173b7,416,1,0.0,1,4,1,141,At Risk
cb309a02881bcd95a177ba43abd29e4e,30,1,49.9,5,4,3,543,Loyal Customers
cb31026da9f6b4e498fd72cbbd8f8240,84,1,0.0,5,4,1,541,Loyal Customers
cb3420dd635fbd27ad93807c2d3f25cb,171,1,49.9,4,4,3,443,Loyal Customers
cb3ff5e129b14923b2dfef9acd718bb1,501,1,29.5,1,4,2,142,At Risk
cb4089906a5a7ccaf87fb50cf413779d,240,1,35.99,3,4,2,342,Loyal Customers
cb409daad1fb6069e979463ca3de23dc,430,1,119.94,1,4,4,144,At Risk
cb506d0e00cdce49d92ae0ac17609b9b,150,1,55.0,4,4,3,443,Loyal Customers
cb619b091c043c3f95dc59228dc4cea0,333,1,107.9,2,4,4,244,At Risk
cb644c8c88c4705149fc0c7dd12d596d,473,1,105.76,1,4,4,144,At Risk
cb687c6f0032be4084e51de779c0d643,241,1,29.9,3,4,2,342,Loyal Customers
cb6c040d4cfee851f337e691f1b89077,213,1,460.0,3,4,5,345,Loyal Customers
cb70b84be8fb6e91fb07bea38b7ad69a,82,1,0.0,5,4,1,541,Loyal Customers
cb824a5ce7a9fd74bca8f9b0e1943415,318,1,99.9,2,4,4,244,At Risk
cb99edb00fd595d96606eb7bcdb9a50b,42,1,45.0,5,4,2,542,Loyal Customers
cb9e777d2d1ac22f85edc2fbf95dc917,337,1,80.0,2,4,3,243,At Risk
cb9f4b2fe91fdef805d9d0344b471246,711,1,0.0,1,4,1,141,At Risk
cbb244b90971a5006e08d630b4c05c9e,243,1,26.99,3,4,2,342,Loyal Customers
cbc1758cf3d80ee00814749bdb650bd3,197,1,657.0,4,4,5,445,Champions
cbc71e02efb1d43b84f80b2a64d6013c,202,1,99.9,4,4,4,444,Champions
cbcdd6881ad69528eeedd6afe65da3da,222,1,39.99,3,4,2,342,Loyal Customers
cbcffdb10a42aa3161bd736e4397af99,482,1,189.0,1,4,5,145,At Risk
cbd0350d4ccba9772e8e768d4a4a5cbf,530,1,48.99,1,4,3,143,At Risk
cbd464dcb41d05485e202090e631fe9f,73,1,86.99,5,4,3,543,Loyal Customers
cbda3bed5f606046e27bad0baaa72f4a,157,1,99.0,4,4,4,444,Champions
cbdcaa621583ca59fb72b5cb1866c34f,364,1,59.9,2,4,3,243,At Risk
cbe0a91cf3a681a322429756a15a7885,475,1,99.99,1,4,4,144,At Risk
cbe9a1e42dea534df8f2ca713bded65f,363,1,68.9,2,4,3,243,At Risk
cbf29c6e841fee87dd5c6f3f510de13d,142,1,119.99,4,4,4,444,Champions
cbf4a1abc9d7c3cb59a7db6310ed9fc2,399,1,9.0,2,4,1,241,At Risk
cc0a26893a3b8118462803ed814ddf4e,302,1,250.0,2,4,5,245,At Risk
cc0dcaa71d555618c00d37bf3672166e,435,1,240.0,1,4,5,145,At Risk
cc0e4f50a507bbb1fe27a82e8c678df5,162,1,68.0,4,4,3,443,Loyal Customers
cc1166c2411979ef1709678719e5d771,305,1,15.0,2,4,2,242,At Risk
cc14ea7099959d91a17c9d7c3a46721d,489,1,117.3,1,4,4,144,At Risk
cc1a30280651daf2d918ed7868575771,54,1,33.9,5,4,2,542,Loyal Customers
cc1c732ee15c432d060c876c7e9aec5c,72,1,349.99,5,4,5,545,Champions
cc2718d6c52b045bab3ffe9da86de1b4,291,1,199.0,3,4,5,345,Loyal Customers
cc2a97be990325d3bdab29a3b4352958,533,1,29.0,1,4,2,142,At Risk
cc320e08bc9bc1b0a30e551d1de1e26d,109,1,94.5,5,4,4,544,Champions
cc441b75c79b4d8e52907b6e201764d0,86,1,28.9,5,4,2,542,Loyal Customers
cc44dcf49a9acf9b97e6511053e6749b,170,1,179.0,4,4,5,445,Champions
cc46231d33a6bf86ac3283d3383b48d4,250,1,0.0,3,4,1,341,Loyal Customers
cc46237f7d268f31d98cf34e436d466c,333,1,46.9,2,4,2,242,At Risk
cc4adf86e974ab9714a4646e2c77719d,95,1,78.0,5,4,3,543,Loyal Customers
cc4c72fa1a49a5a70f1a0ecab271a36a,184,1,129.0,4,4,4,444,Champions
cc4de577443a0710cf5fdfe9229a1411,149,1,30.9,4,4,2,442,Loyal Customers
cc5645c2bc88ff7a0c423b03050a0e5e,64,1,79.9,5,4,3,543,Loyal Customers
cc5e157f88de98c618e8df466faab570,72,1,69.0,5,4,3,543,Loyal Customers
cc61ecdda15905388185bfd77969ae72,246,1,138.0,3,4,4,344,Loyal Customers
cc6c2a4b4e826c577b8a60073bd56a7b,568,1,194.5,1,4,5,145,At Risk
cc6e8e47001f7d0a137b911291923ddb,502,1,129.9,1,4,4,144,At Risk
cc6f81ca4d2992991e860e88dbea4431,253,1,0.0,3,4,1,341,Loyal Customers
cc75120073fb03f586924a6091e58e28,83,1,139.0,5,4,4,544,Champions
cc77e2bf7a54937f23c5534a4b4742d7,142,1,119.98,4,4,4,444,Champions
cc8b951febb2949ceb6ead2f8dd17ce9,189,1,0.0,4,4,1,441,Loyal Customers
cc9232931026e1f4f1e841e6a88cbefb,459,1,0.0,1,4,1,141,At Risk
cc989a70265b71849838721cb00dfb4b,287,1,158.8,3,4,5,345,Loyal Customers
cc9cbe91f775a595bcb05af59019b396,127,1,39.0,4,4,2,442,Loyal Customers
cca20bbdb16d521c1f94eaf7209717b6,304,1,59.9,2,4,3,243,At Risk
cca634a5e8cffea413f58c8c29324d41,171,1,159.0,4,4,5,445,Champions
ccac5680eab564a88f301f59030b448b,491,1,34.9,1,4,2,142,At Risk
ccafc1c3f270410521c3c6f3b249870f,105,1,0.0,5,4,1,541,Loyal Customers
ccba123d7e139740a33eda4ab612bb89,473,1,79.9,1,4,3,143,At Risk
ccc0bfa155686baf816eb6d8ae01e2e5,179,1,0.0,4,4,1,441,Loyal Customers
ccc1b0d223798bd711b0799cbac29d36,352,1,69.0,2,4,3,243,At Risk
ccc2dbe64dde140fb3dbb127091e50a9,150,1,330.0,4,4,5,445,Champions
ccd1f4baf9b611c967b847895e801c63,524,1,0.0,1,4,1,141,At Risk
ccd47fd96a99cdd5e022168e70a2ce2d,438,1,0.0,1,5,1,151,At Risk
cce2d154c6667330120440af665ba1e5,145,1,119.0,4,5,4,454,Champions
ccf9bb2d5ab02b4928415360e23e6e8e,176,1,86.9,4,5,3,453,Loyal Customers
cd020f72b3994d3dda2f464efe9aa99b,133,1,1890.0,4,5,5,455,Champions
cd06321b66b405ff89ec1e4e14c03886,215,1,0.0,3,5,1,351,Loyal Customers
cd0c3f3f239b29e891740c9cfad8e4a4,146,1,29.99,4,5,2,452,Loyal Customers
cd10a74ff01ce316302e0db00e90ccb4,114,1,0.0,5,5,1,551,Loyal Customers
cd128eddd128c614d91223f4f44ee479,70,1,0.0,5,5,1,551,Loyal Customers
cd148470c375939669971e8a032b16b4,206,1,394.9,3,5,5,355,Loyal Customers
cd2624b9b75d83efb640f7204232511e,59,1,393.6,5,5,5,555,Champions
cd2fa24d6cf522bf1736fd72429dbe56,289,1,0.0,3,5,1,351,Loyal Customers
cd3340b0ac216750381d8ec73a15f4f1,51,1,56.1,5,5,3,553,Loyal Customers
cd46df724b05dd5f855b5fb15f11999c,260,1,108.9,3,5,4,354,Loyal Customers
cd48886e32a6b31ca3e4cba232dfd38d,138,1,139.99,4,5,4,454,Champions
cd4dc8a1f78011e0a2e730314f9c97be,300,1,6.0,2,5,1,251,At Risk
cd71400a57f722718a5cebde0944c5c0,505,1,0.0,1,5,1,151,At Risk
cd7564a987285ae0b11be324c816a21f,386,1,89.9,2,5,4,254,At Risk
cd8713a29b16359288adea86c896e99e,452,1,123.8,1,5,4,154,At Risk
cd8dbe8c0f714827ca12c3cb7310d97e,410,1,19.9,1,5,2,152,At Risk
cd9572a2e854df312b6ebcf7e4863352,380,1,0.0,2,5,1,251,At Risk
cd9a044f87d915231595e7fd53afc858,250,1,1159.6,3,5,5,355,Loyal Customers
cd9ee4391bf0098b7cfde33287c340c8,333,1,59.9,2,5,3,253,At Risk
cda1f27bf14e3bbd1cd421700c34c67c,301,1,69.0,2,5,3,253,At Risk
cdaf6aa44576c0c56f62d86116a94d21,136,1,0.0,4,5,1,451,Loyal Customers
cdb39cca09957f7ec951c5a8998c7f45,442,1,209.0,1,5,5,155,At Risk
cdb72728a4199830c46025ab3cdb5afd,344,1,0.0,2,5,1,251,At Risk
cdbe9e6dda65875d53fa13065d5a4ee9,46,1,119.9,5,5,4,554,Champions
cdc15921ed263ac114cd48de48fbaec0,153,1,6.27,4,5,1,451,Loyal Customers
cdc6cd6f0a8b8f844db9a61e779055b3,401,1,59.9,2,5,3,253,At Risk
cdd4e05e1a4f6713e1ae3805b30d7df2,42,1,0.0,5,5,1,551,Loyal Customers
cde21887e86a254eab4799aec212b7b7,318,1,0.0,2,5,1,251,At Risk
cde6a9db1f84a0f8d378d1e1d1fecdd3,163,1,411.0,4,5,5,455,Champions
cdf40f3d0b93839f37972934deda0d65,312,1,34.5,2,5,2,252,At Risk
cdf80822e68184b438a469f3dc2121a4,101,1,21.5,5,5,2,552,Loyal Customers
cdfcb6808ed50ff089050cedf97c0fa0,179,1,0.0,4,5,1,451,Loyal Customers
cdfd8bdd65d91d73ad66e32f42d39422,218,1,98.72,3,5,4,354,Loyal Customers
ce0314fcb20275203d37f911693fb898,537,1,49.9,1,5,3,153,At Risk
ce0c46039a9592b6ee052bace25756e0,47,1,105.0,5,5,4,554,Champions
ce13d650b5a9d9e05799293014ae51eb,526,1,499.99,1,5,5,155,At Risk
ce2086a9fea4ca521c5cec07361ff2d6,98,1,39.8,5,5,2,552,Loyal Customers
ce274c03a24e29be7c97f06755757770,30,1,160.0,5,5,5,555,Champions
ce2cd38e552649e1051d8f059aec9fdc,99,1,49.9,5,5,3,553,Loyal Customers
ce2e0ace655301bc4a8cae4abbd8c0a2,206,1,179.1,3,5,5,355,Loyal Customers
ce3074d73cb3828e407c462309b0ff7f,531,1,119.8,1,5,4,154,At Risk
ce41a50f9ff95ef577cb759483fe9165,98,1,38.9,5,5,2,552,Loyal Customers
ce42c564a495510b4c3231c6f4443d84,383,1,124.97999999999999,2,5,4,254,At Risk
ce53d0436a0b5d49e67638cb97d715fb,104,1,197.0,5,5,5,555,Champions
ce57c0acd13c5d9d052950d98492df93,130,1,21.9,4,5,2,452,Loyal Customers
ce673045c4daded52134073c2e661fb1,311,1,112.0,2,5,4,254,At Risk
ce6932a8f9402aa406573c59594f2ae0,78,1,124.85,5,5,4,554,Champions
ce6aca5150b3d22e087598a7994e4897,49,1,105.0,5,5,4,554,Champions
ce78d36a92c8c804a0598c086f5dbb54,239,1,579.0,3,5,5,355,Loyal Customers
ce7b5d4879aea885f31257253b1064be,499,1,69.9,1,5,3,153,At Risk
ce8048c51925c50028a62a477fb47674,29,1,0.0,5,5,1,551,Loyal Customers
ce81fc761b769638385a9bdb9c10dedc,85,1,159.99,5,5,5,555,Champions
ce82b942c888963b8b245169ab485e37,312,1,113.94,2,5,4,254,At Risk
ce8b665ad7a00dfee2a4fbd19dedb82a,207,1,13.65,3,5,2,352,Loyal Customers
ce9c97fccb301dde8370d2ec550f7539,165,1,60.5,4,5,3,453,Loyal Customers
ce9e54a97c1a20031e82528e1883ed90,502,1,0.0,1,5,1,151,At Risk
ceaa8332aa14a606de44c05a1271e6d2,400,1,49.0,2,5,3,253,At Risk
cec0f7c6c7365805b89f59923ba96ba8,59,1,139.99,5,5,4,554,Champions
cec2d86889f4d9a19aeec4c8d4e1beae,198,1,380.0,4,5,5,455,Champions
cec42b5f6696e2dffad94f98200b5038,482,1,29.0,1,5,2,152,At Risk
cec724fb2a220b0ea87e558894f7317f,300,1,0.0,2,5,1,251,At Risk
cecc19ff12c206e6368dd1e9c22a848d,568,1,175.99,1,5,5,155,At Risk
ced5b7e4e431e11775c4bcf19443e008,363,1,0.0,2,5,1,251,At Risk
ceea9a728afd9cf6ba6a14fb6c4e828a,291,1,89.9,3,5,4,354,Loyal Customers
ceec8cdfa9bf8f4edbe3993b7a46488a,156,1,329.9,4,5,5,455,Champions
ceed36e28a7cafdb8933348019f37b28,281,1,119.0,3,5,4,354,Loyal Customers
cef29e793e232d30250331804cdb7000,245,1,43.6,3,5,2,352,Loyal Customers
cef42836ff25476d55c9a3e58f8da99d,55,1,98.0,5,5,4,554,Champions
cef44ce121b124fdc3438472b1ac4e9a,224,1,38.25,3,5,2,352,Loyal Customers
cefac82d3b1e2cf521adb377ac4ed0ba,241,1,56.99,3,5,3,353,Loyal Customers
cefe8df26df3308f75ae27c0dcc3cac4,100,1,75.9,5,5,3,553,Loyal Customers
cf038612c8729d1aae8d8199bf87b357,274,1,78.0,3,5,3,353,Loyal Customers
cf12d87c7d17d209394d676e3136d873,140,1,69.9,4,5,3,453,Loyal Customers
cf24fc26d6007e7a24eb804c9ef6a0de,331,1,18.25,2,5,2,252,At Risk
cf25418b609f848c101e0af85219a3eb,531,1,0.0,1,5,1,151,At Risk
cf2d4b59551f1a621e1dd518d8025d3f,366,1,229.9,2,5,5,255,At Risk
cf41887f4cbf217c6fad258a83ba2d32,242,1,0.0,3,5,1,351,Loyal Customers
cf50302e77f7141c5923c3bc84ceffaf,48,1,83.0,5,5,3,553,Loyal Customers
cf512cfdf59fee3876844764595d3fff,565,1,40.0,1,5,2,152,At Risk
cf56ccfd32ac8a510501a6fa69972c74,34,1,48.5,5,5,2,552,Loyal Customers
cf58b6fd429433b7e185b6e6453a8c9a,91,1,27.9,5,5,2,552,Loyal Customers
cf5ad739fb0bb0c54bcfb1c41b7fd8b3,140,1,99.9,4,5,4,454,Champions
cf68ed00e583c4c3802cd3eeaf4bbfd4,239,1,192.99,3,5,5,355,Loyal Customers
cf6fcea0892d8ea6f5cfa685cb4abfe3,388,1,21.99,2,5,2,252,At Risk
cf71400ad4dc7b8ae75143ff39dc94bc,450,1,49.9,1,5,3,153,At Risk
cf7d5df4ee5ebe39ed41f0c5c1584b1c,419,1,115.0,1,5,4,154,At Risk
cf7e1fdabd7d79ba731b94344e51b657,461,1,167.92,1,5,5,155,At Risk
cf9361b262c970fa55e3ae170ace4c84,400,1,62.0,2,5,3,253,At Risk
cf9f944becfecd7b016bb8590b251372,243,1,0.0,3,5,1,351,Loyal Customers
cfa0dfd65182c8bcbf31fdb1f35cc0fa,509,1,34.99,1,5,2,152,At Risk
cfb025f193db116549c9c23e4d58e3e3,267,1,40.9,3,5,2,352,Loyal Customers
cfb3a7a74383d11b7753e83ae6266cef,596,1,129.9,1,5,4,154,At Risk
cfb625ebdd50ea49e77855bee4108a5d,88,1,39.99,5,5,2,552,Loyal Customers
cfbde95e3c8da168d469f2a8fd9eb329,200,1,82.9,4,5,3,453,Loyal Customers
cfc7eef674ef02c6f9d3ff2c7e1e8567,233,1,92.8,3,5,4,354,Loyal Customers
cfca8dd295c27ec0011cda055a6177f4,251,1,0.0,3,5,1,351,Loyal Customers
cfd5991794be70bfe20caac85a587424,232,1,45.9,3,5,2,352,Loyal Customers
cfd8e25e492965efb735946dba2f2daf,111,1,78.0,5,5,3,553,Loyal Customers
cfdaaa0caea59b06efb4b0fb8c700684,566,1,0.0,1,5,1,151,At Risk
cfde5305d07e35893800f16df83aec28,409,1,43.98,1,5,2,152,At Risk
cfe46dcc62486a4deee79bb87ab57c00,549,1,69.9,1,5,3,153,At Risk
cfed5d3c5d5d1396863cc5842f3952d0,488,1,214.99,1,5,5,155,At Risk
cff7e6157907d5d7688107f455a785a0,174,1,0.0,4,5,1,451,Loyal Customers
d0175fc564515a47e95bcfdf40e6bc07,100,1,80.9,5,5,3,553,Loyal Customers
d018a0c281bcbd1cff289a2a27e52b2f,108,1,69.9,5,5,3,553,Loyal Customers
d0191e354b8298f3ec37607d43ed1df9,151,1,89.18,4,5,4,454,Champions
d01cf8c6c7c836c5dd9320585928f42b,158,1,45.0,4,5,2,452,Loyal Customers
d02cbb85434c84acabb8e81bbf064d3e,249,1,0.0,3,5,1,351,Loyal Customers
d03f7e8e22b8a0e58eeb433ff0de1954,95,1,0.0,5,5,1,551,Loyal Customers
d041320ae7f525e9184cb0ae811cd9cf,204,1,29.99,3,5,2,352,Loyal Customers
d04921557f1cde4963c30a11dfb1719d,28,1,0.0,5,5,1,551,Loyal Customers
d05013504cc471a973af3e91dc6b52fe,177,1,78.0,4,5,3,453,Loyal Customers
d052fe86655dae0e952c1bacbbb99d7a,260,1,69.9,3,5,3,353,Loyal Customers
d05655be736276d336124c2cd43a4de9,254,1,49.9,3,5,3,353,Loyal Customers
d060480eea297c26aca01bbd55b2805a,286,1,149.9,3,5,4,354,Loyal Customers
d065a4dc833c057488f8c8831927c496,103,1,733.0,5,5,5,555,Champions
d0699e3ea114a569e16c5538b549a261,372,1,82.5,2,5,3,253,At Risk
d0811608353267017bfedb8fe14b0dc0,367,1,118.9,2,5,4,254,At Risk
d095bbc1bb5524e10c78879cceb862d8,420,1,32.64,1,5,2,152,At Risk
d098e82023890ae36af4c8ee360102c7,386,1,298.0,2,5,5,255,At Risk
d0acd0b5f6e8a36aa4244defbcaeabdf,282,1,29.9,3,5,2,352,Loyal Customers
d0b24c80373e3a7aaf0d668738a34937,383,1,259.99,2,5,5,255,At Risk
d0b5811a3a35f4934489c59f5667dae9,194,1,295.0,4,5,5,455,Champions
d0b5b4d23c6d9a316527adec08991173,37,1,49.9,5,5,3,553,Loyal Customers
d0b906a7e061dd6ee62756baf02eac17,389,1,159.99,2,5,5,255,At Risk
d0b9a20f4efe329f146c1954fb3fb019,79,1,580.0,5,5,5,555,Champions
d0c5e56e04e886e73c79b3b71f0d6f0b,439,1,69.9,1,5,3,153,At Risk
d0ca0850700932098a90d5f7c87ededb,60,1,77.9,5,5,3,553,Loyal Customers
d0d2121af4a8105396375642202bec4a,33,1,66.99,5,5,3,553,Loyal Customers
d0d4c1d3dfb98ee43fda6a93e53e5709,59,1,67.15,5,5,3,553,Loyal Customers
d0db8f74fe8af2b92d1e7159472874f0,273,1,49.9,3,5,3,353,Loyal Customers
d0e2c063df03f7b3befd1d87a12f80c4,299,1,0.0,2,5,1,251,At Risk
d0f64066b1e499611ce01edcc9eaa495,140,1,119.0,4,5,4,454,Champions
d0ff1a7468fcc46b8fc658ab35d2a12c,304,1,17.9,2,5,2,252,At Risk
d106c6af3ba4ed2f44fcc82be618dd80,142,1,145.0,4,5,4,454,Champions
d10cc33f813d1dcc8cc480270bd79bf4,158,1,29.9,4,5,2,452,Loyal Customers
d11a194f143fd919974b08483bc2dd84,87,1,279.0,5,5,5,555,Champions
d11dea88ee53a4f71c18b40b3d659135,513,1,83.9,1,5,3,153,At Risk
d11f0c912c3981ae6c340dd0688c9083,583,1,99.9,1,5,4,154,At Risk
d1360c2c706f607745a54d1631fd23a6,291,1,59.9,3,5,3,353,Loyal Customers
d145542f6f11643fc057f15c793ea1b4,348,1,69.0,2,5,3,253,At Risk
d15efa6fcfd5909767d5c9de1608af29,106,1,109.0,5,5,4,554,Champions
d172060f03b2863504103b5a0e9c8f6d,311,1,420.0,2,5,5,255,At Risk
d1744e4b88a060e0c2f919c5eccc33ff,319,1,709.9,2,5,5,255,At Risk
d176ac39b9805bb7fb8332a47aac0993,51,1,119.9,5,5,4,554,Champions
d1ac08467e5ac5e907b719c89c80ff2c,148,1,0.0,4,5,1,451,Loyal Customers
d1ad0a5f79589af17562cdfea4b4d8c7,36,1,112.01,5,5,4,554,Champions
d1ae52c1dc82e74b7f69d96930aa2079,453,1,149.0,1,5,4,154,At Risk
d1b2aaaddb6a86f61ff2a8dd84be726f,161,1,112.0,4,5,4,454,Champions
d1bd7e8ef014e3ed04b318cd138c0dc0,367,1,349.99,2,5,5,255,At Risk
d1c8bf61f09263024c368f9b819c3b00,393,1,51.92,2,5,3,253,At Risk
d1cbb16c0aa9f18e6b6f37535802c60b,292,1,89.87,3,5,4,354,Loyal Customers
d1ccd6d8797a035e6a89fb3efab3cad8,510,1,133.99,1,5,4,154,At Risk
d1dae3a5d39b1261850728549a01667a,248,1,0.0,3,5,1,351,Loyal Customers
d1e4258972639ad1aeb4f5391e2fe666,38,1,0.0,5,5,1,551,Loyal Customers
d1e42b8f9befb604b34577479827d5e6,366,1,79.9,2,5,3,253,At Risk
d1ffb6aa264f79f277904708f328cfc6,436,1,45.0,1,5,2,152,At Risk
d2039db35dad677db8879177d9b9c8a2,286,1,26.99,3,5,2,352,Loyal Customers
d20bf42c71d4c30b705408781633e42f,236,1,99.9,3,5,4,354,Loyal Customers
d215654948fc3ce8f8010cc12a8c843e,112,1,329.0,5,5,5,555,Champions
d21beb0802dd046077afcb505173bf2a,252,1,49.99,3,5,3,353,Loyal Customers
d22ed54c5ae6da25eef4abd6da8ff22b,302,1,99.0,2,5,4,254,At Risk
d23e27b448cb5d930eabfe84679e0274,299,1,0.0,2,5,1,251,At Risk
d23e9ac6539a33351d438258812292ae,373,1,65.9,2,5,3,253,At Risk
d242c2a33b19c5fab2ccf4f67dcaba86,136,1,325.0,4,5,5,455,Champions
d24ec587c6d6712bda66a2ed1ae3da25,117,1,0.0,4,5,1,451,Loyal Customers
d24f0a5ca47c76e5579027ec136092ff,452,1,59.0,1,5,3,153,At Risk
d25cd3919a16f7166425b3d00717e60a,316,1,169.99,2,5,5,255,At Risk
d2613132231b8adb041da8099d5ae2f9,309,1,149.0,2,5,4,254,At Risk
d26623f4bca067633cd1b3f0d1f584a5,204,1,414.62,3,5,5,355,Loyal Customers
d26d2fc438ec98cf77465c211a4f843b,158,1,449.0,4,5,5,455,Champions
d2784a961177fddf449128c4d88a0715,337,1,0.0,2,5,1,251,At Risk
d28251bfc9407265d899a7be71c0876c,99,1,69.0,5,5,3,553,Loyal Customers
d282b6f9c44809c95ae8d67377d42837,303,1,0.0,2,5,1,251,At Risk
d285e30b1c07b0d638fa702f30420038,227,1,24.8,3,5,2,352,Loyal Customers
d2893422fbdd87e48b2bdcaf6c96e986,470,1,149.0,1,5,4,154,At Risk
d28ea9c0aac1e58a485da5324aae949f,134,1,0.0,4,5,1,451,Loyal Customers
d29019c6fe58343d55caeb6f76ae2278,258,1,136.8,3,5,4,354,Loyal Customers
d29401f523467a9e6251b79a0b742d1d,210,1,0.0,3,5,1,351,Loyal Customers
d297387def1be804d618e4de90861d6a,245,1,172.2,3,5,5,355,Loyal Customers
d2a152f163ce22a719a37862e8df2a46,53,1,269.96999999999997,5,5,5,555,Champions
d2b0d2083933eff2f5c365b7f44cfb14,340,1,199.0,2,5,5,255,At Risk
d2b43629cd9b4c39577a06ef790e9698,263,1,49.0,3,5,3,353,Loyal Customers
d2bc5f2dffa64b6258dbcf923b61540a,192,1,58.9,4,5,3,453,Loyal Customers
d2bc70d1599ec65425dc9558d72b4986,196,1,152.8,4,5,5,455,Champions
d2c89ba54e6cf93abd4ea9bb9e9fbf73,425,1,48.0,1,5,2,152,At Risk
d2caf4729e0ae98d5c19e9173ee29e24,448,1,59.99,1,5,3,153,At Risk
d2cee784ebf047acc2414f491e814f61,118,1,28.99,4,5,2,452,Loyal Customers
d2d331a5d74b429b7238b97379136b9f,127,1,69.9,4,5,3,453,Loyal Customers
d2d64464f9572b5caf7af0d7a8f7ef5d,335,1,129.9,2,5,4,254,At Risk
d2d872db318c912fdda4f5897e4729fc,66,1,41.52,5,5,2,552,Loyal Customers
d2e105de450ecdd44aa478f79c90333e,98,1,89.9,5,5,4,554,Champions
d2f0b9e0fbf779c60ff56f493ca47cf1,43,1,619.99,5,5,5,555,Champions
d2f122bc3109d7fb2385daec2d6ef7f7,432,1,99.9,1,5,4,154,At Risk
d2f2f9c150ecab358a53100f4b13f7cf,71,1,27.9,5,5,2,552,Loyal Customers
d2f6222b5ebbed04f944b47c66d88326,193,1,72.4,4,5,3,453,Loyal Customers
d2fbb5aeaf313122fb40a45ef567a7ce,311,1,250.0,2,5,5,255,At Risk
d2fd01ccf79a472224ca397cae3dea23,239,1,137.9,3,5,4,354,Loyal Customers
d318d1e80634c32132b65b347403c7ce,131,1,379.99,4,5,5,455,Champions
d32caaef098ffe2b4222fe292fdd35ec,339,1,0.0,2,5,1,251,At Risk
d331e78cfc0e5be8117840ab9e6fb91d,220,1,0.0,3,5,1,351,Loyal Customers
d335baecca5030833f520b089d1f5de0,156,1,53.9,4,5,3,453,Loyal Customers
d339ed835c9d8fd6b1e3c5cb60850bc5,588,1,239.2,1,5,5,155,At Risk
d33e6be4d4330badbc3d7adf96059e1d,306,1,0.0,2,5,1,251,At Risk
d340d15ea6dfba6466acc80adb91b863,301,1,0.0,2,5,1,251,At Risk
d34ae8a2849ec90990b577eca5444522,165,1,179.0,4,5,5,455,Champions
d35fad2ad0793f125d47ef65036d3de0,554,1,199.0,1,5,5,155,At Risk
d361b966b657bdc5eaf8a67c3968eacb,154,1,53.9,4,5,3,453,Loyal Customers
d3632bb649f0608a8450a1d0afab0936,148,1,46.99,4,5,2,452,Loyal Customers
d3637a49be0f9ce81422c401f4e1c352,306,1,0.0,2,5,1,251,At Risk
d367e463a7332e0b77058a729baa80f9,45,1,0.0,5,5,1,551,Loyal Customers
d36992438cf455a0810b43f8c63215a4,319,1,0.0,2,5,1,251,At Risk
d371df37fd094914a9c18f93e76df1b0,297,1,37.0,2,5,2,252,At Risk
d37d40917018692928253d2f015ad566,313,1,0.0,2,5,1,251,At Risk
d38394128f8cd8161dd2227b9f3c58ed,147,1,13.2,4,5,2,452,Loyal Customers
d3940a0df7ce0786ee2c5a68f8149f91,393,1,52.0,2,5,3,253,At Risk
d399fa2119d7420b2b03e33536b7f549,171,1,0.0,4,5,1,451,Loyal Customers
d3a7a4556becaf8cdb5ffe412608819c,466,1,59.8,1,5,3,153,At Risk
d3b3df82f6543dc02057ee6382c4e600,339,1,0.0,2,5,1,251,At Risk
d3b6440487a7f6533e79e1670dcbbe90,167,1,64.9,4,5,3,453,Loyal Customers
d3b95980d0b9abf2a7d9fe0dd1ccb91c,349,1,0.0,2,5,1,251,At Risk
d3cb5cc807148794cb38ffacdd440133,501,1,24.9,1,5,2,152,At Risk
d3daedaaef0b4f26e57483ff486d864b,196,1,39.9,4,5,2,452,Loyal Customers
d3e7aa3fb611447ce385bb9ccb06b5df,124,1,29.99,4,5,2,452,Loyal Customers
d3eaad8e919dac57ba5faa9ae7799e5a,264,1,89.9,3,5,4,354,Loyal Customers
d3fcacda5a49565a7c1b8a6c0e03bb02,181,1,1735.54,4,5,5,455,Champions
d406bf35e3591d9d31d78d3b2f3aa5f9,299,1,19.99,2,5,2,252,At Risk
d407f1c9853dd7d35a90d1efc1f1df65,99,1,68.9,5,5,3,553,Loyal Customers
d40f703b409171b663527c895a6e9775,239,1,0.0,3,5,1,351,Loyal Customers
d41921118d17ae7938c2a2e22a930550,406,1,144.0,2,5,4,254,At Risk
d41cad422639129866551fee60c55e6e,206,1,220.0,3,5,5,355,Loyal Customers
d420337ddf59e24de98713a25994f32c,126,1,119.9,4,5,4,454,Champions
d42211b0765493a2744fc737ff328a8e,140,1,69.9,4,5,3,453,Loyal Customers
d425130be1b15a4580645e4a3c9b4768,483,1,316.79999999999995,1,5,5,155,At Risk
d42b2752f04c8b661506333f88f70177,168,1,0.0,4,5,1,451,Loyal Customers
d433955af3c49f3b58cac87cc0255ae9,249,1,49.9,3,5,3,353,Loyal Customers
d43e65a5517eba2373cb75a76b151796,542,1,73.99,1,5,3,153,At Risk
d43fbda3da341fefa956fc2267a647fb,171,1,0.0,4,5,1,451,Loyal Customers
d44430dee6959da0dc1aa7fe1c1beb70,426,1,0.0,1,5,1,151,At Risk
d44ccec15f5f86d14d6a2cfa67da1975,372,2,199.0,2,5,5,255,At Risk
d45226d0164cd17393fd77b1d3d92baa,252,1,158.0,3,5,5,355,Loyal Customers
d453631105ef4efe9324ff9163c93895,389,1,159.9,2,5,5,255,At Risk
d459c8dd9847c3a7cff9d3ff8724c25a,25,1,108.9,5,5,4,554,Champions
d469ff90bd1e879cdfed08343ac1a77c,267,1,64.9,3,5,3,353,Loyal Customers
d46eb9ba6d6b75c1dac85b91911fc9c2,354,1,58.9,2,5,3,253,At Risk
d4842aa226d96a1cce7414b48c1dba85,75,1,24.99,5,5,2,552,Loyal Customers
d48638d3446e1d1556b850fdc3eeda8f,396,1,105.0,2,5,4,254,At Risk
d491a65a6ef3c04e145d37395996bad7,553,1,0.0,1,5,1,151,At Risk
d495e7b234b461b0e3ff5793681dc060,181,1,95.0,4,5,4,454,Champions
d498d61f79a7a60e08a4063043852250,102,1,22.9,5,5,2,552,Loyal Customers
d4ab4dea403411a65262f8d3059a43d0,103,1,25.0,5,5,2,552,Loyal Customers
d4af642bd51aaa394aeced7723143daf,194,1,679.0,4,5,5,455,Champions
d4b1297d645ec19df4cd0af8cd6fe14a,187,1,0.0,4,5,1,451,Loyal Customers
d4bd5654b8fe422766fe81834793a59a,561,1,0.0,1,5,1,151,At Risk
d4bf092ba54c293495ebbbd982d653d8,497,1,0.0,1,5,1,151,At Risk
d4c01fb33a50efe02b5f7ed95f566389,534,1,269.0,1,5,5,155,At Risk
d4d43f25b59d9e22be5c238a77c52eb3,589,1,0.0,1,5,1,151,At Risk
d4e190a11aad26d64b625617455dcc4f,535,1,599.98,1,5,5,155,At Risk
d4ef5cef4153f98ee6c6fbe839a6cb48,205,1,449.0,3,5,5,355,Loyal Customers
d4ef8b824405990134793cbb322c686b,273,1,67.7,3,5,3,353,Loyal Customers
d4f4e1a338c7abd6b74e631887442994,54,1,0.0,5,5,1,551,Loyal Customers
d4fd3f83ce187e9184d32bdf2c3769c6,530,1,0.0,1,5,1,151,At Risk
d5033f43697620e234c3f34f3ab66872,78,1,27.9,5,5,2,552,Loyal Customers
d5041ac956dd7e7319481ae5eb0e5673,477,1,109.99,1,5,4,154,At Risk
d507f95c1428c6ef2990ac45fd0b2382,135,1,21.99,4,5,2,452,Loyal Customers
d512efe00e46778d7e90609664c6fd92,291,1,16.9,3,5,2,352,Loyal Customers
d5143a55375c779f0b196d9c831069d0,230,1,54.9,3,5,3,353,Loyal Customers
d51d89c1fdfb1b34ee7eeb27be52bae4,111,1,0.0,5,5,1,551,Loyal Customers
d51f2db09ab57334edc3b1db9db5f9ba,316,1,45.98,2,5,2,252,At Risk
d5234b2afc63b1c4035483b6cb828af4,230,1,22.0,3,5,2,352,Loyal Customers
d5237d1c43327be57b64668ef3712042,305,1,315.0,2,5,5,255,At Risk
d5292e185ba6169c80ab77fe218ef01b,339,1,179.99,2,5,5,255,At Risk
d54f530b276f01f27816bae1abd12be4,287,1,34.99,3,5,2,352,Loyal Customers
d54fd2964149aef739006faeaddb12ad,59,1,129.99,5,5,4,554,Champions
d5578bbdbd75c1f6ddc549e009b5d618,96,1,47.97,5,5,2,552,Loyal Customers
d558d7ea1748f391b2cb55ba0aefe97b,249,1,89.0,3,5,3,353,Loyal Customers
d55b17c53c5a828006fc8a7f73dd4fa8,448,1,69.0,1,5,3,153,At Risk
d55e594accb5b8cd7e3c26cdd854f5bd,233,1,40.5,3,5,2,352,Loyal Customers
d56879f3551bb3b35caa7950ef7e7dd1,319,1,10.0,2,5,1,251,At Risk
d5757a126bd48eb32c706bf3b2349947,514,1,12.97,1,5,2,152,At Risk
d57a130d13d1934ce3fbf0c2f2bd62db,48,1,11.87,5,5,2,552,Loyal Customers
d57a725ddc566b5be91aa4d00692cb26,95,1,35.9,5,5,2,552,Loyal Customers
d5a9eccfa0ca0ec79d59b81e98d83911,534,1,249.99,1,5,5,155,At Risk
d5b0cc21590758cf76d4b6123c7802f5,267,1,49.9,3,5,3,353,Loyal Customers
d5b26118affdf55c9e34f22d879782b7,154,1,889.0,4,5,5,455,Champions
d5b6b0a6a0374781527d7e29b7830062,70,1,69.9,5,5,3,553,Loyal Customers
d5ccb9146be20771162df61d83ee6a31,165,1,14.99,4,5,2,452,Loyal Customers
d5cce2d8c29533983e7932fc9f914a86,312,1,357.8,2,5,5,255,At Risk
d5d51a05e84aeb864c71d01992228bf5,363,1,66.9,2,5,3,253,At Risk
d5e42c09b75303c5b3a170b72e8a21f0,230,1,45.65,3,5,2,352,Loyal Customers
d5e66000b40d41c9d96c7722c7dcb486,203,1,119.9,4,5,4,454,Champions
d5ede7a077045d8c3790fe385115a344,100,1,0.0,5,5,1,551,Loyal Customers
d5fb0f227f7202204c85fef4ade73a62,560,1,47.9,1,5,2,152,At Risk
d5ffa085da11acb9be4d4945798c7fb5,124,1,0.0,4,5,1,451,Loyal Customers
d60206c59aedb23b925377dc8fdd43bb,308,1,0.0,2,5,1,251,At Risk
d615b9ec562cef52513c9af50daed0c4,301,1,29.9,2,5,2,252,At Risk
d615ca1cb339c6057694fdf770b50c55,46,1,106.99,5,5,4,554,Champions
d6203ca017ec577b71f0f49429a38203,245,1,155.9,3,5,5,355,Loyal Customers
d62b6d46d8004b523b80766eab486f46,137,1,99.9,4,5,4,454,Champions
d62e945f5b99fbaf262c9ce35791c768,52,1,35.6,5,5,2,552,Loyal Customers
d636819974225176f4e4983badc49539,312,1,26.9,2,5,2,252,At Risk
d63d0b04501d2e9583cfe64e6e9f7eda,174,1,0.0,4,5,1,451,Loyal Customers
d64969d570bcc6fe4f559813aeb27122,190,1,129.9,4,5,4,454,Champions
d651f48b3c453fe39afce7628bc8269f,239,1,139.9,3,5,4,354,Loyal Customers
d65459c35eed50cdabffe3432d12043c,63,1,21.5,5,5,2,552,Loyal Customers
d65a1df1eb76ad462883782cc27e8e2f,500,1,39.9,1,5,2,152,At Risk
d66080b536ae3a1639751657b3698613,315,1,349.9,2,5,5,255,At Risk
d662c9534d6ef351cee60151372ed202,287,1,0.0,3,5,1,351,Loyal Customers
d664dbfc7f2860095fc9da34a8615106,329,1,0.0,2,5,1,251,At Risk
d66ca376d01a50263ee92c2ab3cbd582,205,1,67.9,3,5,3,353,Loyal Customers
d6728bc853e760f8a5422116fa945ce0,123,1,49.49,4,5,3,453,Loyal Customers
d681396d784770d6368f2431f65faafe,347,1,59.9,2,5,3,253,At Risk
d681f09d6d055742a26128c292625e00,109,1,0.0,5,5,1,551,Loyal Customers
d699688533772c15a061e8ce81cb56df,367,1,109.9,2,5,4,254,At Risk
d69e7376cd254c900729616e75624e12,588,1,169.99,1,5,5,155,At Risk
d6ae86d5d5288d21d85bd5ad260ca140,491,1,45.9,1,5,2,152,At Risk
d6b7b7b651f4a32b5c16f62c01f3b565,58,1,186.0,5,5,5,555,Champions
d6b9212886e07bc53970092f48486e73,586,1,65.0,1,5,3,153,At Risk
d6baed9a4ec609428eb198876e4ce9e3,150,1,25.9,4,5,2,452,Loyal Customers
d6cf94b70aaa4cb4a72d9301e28f2cc2,416,1,159.99,1,5,5,155,At Risk
d6daa8df6192fb031e54d36f3a7d246a,555,1,134.97,1,5,4,154,At Risk
d6db3091e8c13023bf1e6d367b8c0847,473,1,52.0,1,5,3,153,At Risk
d6de9a445b518113b768614e64a73163,309,1,56.99,2,5,3,253,At Risk
d6e35f5a7df8970f8cae8251516ab787,311,1,39.99,2,5,2,252,At Risk
d6f48612f979f7abee1f3964f30afa2c,573,1,79.9,1,5,3,153,At Risk
d6f8a6ee5420cf061e6cf39bcb37c994,375,1,99.9,2,5,4,254,At Risk
d6fd8229024b8896360cd8cd34f86c0d,34,1,0.0,5,5,1,551,Loyal Customers
d70614ab25c51e6ac100b3060df12e9e,302,1,144.99,2,5,4,254,At Risk
d7182df3c069ee2311965ac9f8375e28,271,1,59.49,3,5,3,353,Loyal Customers
d71a769963b2c890c06e83cbed137a43,503,1,0.0,1,5,1,151,At Risk
d71e1d87ea05a759d69f770ac90f2fa9,326,1,0.0,2,5,1,251,At Risk
d75df1ae5a9ccbe03ab5d9c4430a24b9,168,1,91.0,4,5,4,454,Champions
d76441ab4a22e389561144ffafdaa19c,43,1,136.78,5,5,4,554,Champions
d7677b9c8e6c36355baf8544cc588b07,300,1,199.9,2,5,5,255,At Risk
d76adfdcadecba144ec1e65118e8e165,297,1,139.0,2,5,4,254,At Risk
d76f611a0ec454ca3aa57bc668217cf0,163,1,10.5,4,5,1,451,Loyal Customers
d777791c84db8d5a2722886b4a11b6b8,241,1,107.0,3,5,4,354,Loyal Customers
d77f1ecd97aeef6dae72e3938c401462,430,1,119.94,1,5,4,154,At Risk
d780d06a532da7d8d0435cd348e591fe,295,1,28.9,2,5,2,252,At Risk
d789900b27c0988cf06890bb619520a0,301,1,8.9,2,5,1,251,At Risk
d78f4365549c3be70fafb346f906af2e,196,1,27.3,4,5,2,452,Loyal Customers
d79f00813a32cded40b4575b38eb665e,97,1,99.97,5,5,4,554,Champions
d7b35c94c1df90d10984a663fe2f2962,48,1,115.9,5,5,4,554,Champions
d7b472813b9255677466c5cd3cbc7b31,128,1,69.9,4,5,3,453,Loyal Customers
d7b918d0c8219843c0a245d589680a60,419,1,655.96,1,5,5,155,At Risk
d7ba5097bed1548b9330222f461761bc,236,1,130.0,3,5,4,354,Loyal Customers
d7c4d939dad7aa7c312ac3a86f690064,254,1,39.99,3,5,2,352,Loyal Customers
d7d49052cdf33e61ca4eb8753f810b62,134,1,67.99,4,5,3,453,Loyal Customers
d7dcb6a86716cae0bae52007bd8b7822,414,1,10.99,1,5,1,151,At Risk
d7f374aa64da050d8e7bb9332128a1e8,148,1,98.99,4,5,4,454,Champions
d8045e16f9b65af3d9051d4c84a69ed4,490,1,99.99,1,5,4,154,At Risk
d814663559835dd0158956bb317ac977,177,1,0.0,4,5,1,451,Loyal Customers
d815021b4d2400e191b912e96d494b2a,419,1,63.9,1,5,3,153,At Risk
d81c308750fc6d68dfb055b147c6c234,410,1,51.0,1,5,3,153,At Risk
d82e6b209c048cbb243bdd21489cce06,218,1,98.0,3,5,4,354,Loyal Customers
d836cdcc6b2608a7f0ddf11e9b5bb2e5,91,1,314.6,5,5,5,555,Champions
d84d4b0fd330741632546d09239344bc,295,1,19.9,2,5,2,252,At Risk
d84eef527886bcba5d813645e08918d3,433,1,49.99,1,5,3,153,At Risk
d8512697dee9c887444a41d7a3125ff8,137,1,93.0,4,5,4,454,Champions
d864fec759886e2c8ee25038e7f095ab,414,1,69.0,1,5,3,153,At Risk
d867b200f35b3fed18f1d1ef3a6e4d5b,552,1,13.9,1,5,2,152,At Risk
d867d0c1c893268d9473255b0f8480c7,87,1,179.9,5,5,5,555,Champions
d86e4bc2e78c75143b9dff6ce91a3a09,47,1,74.9,5,5,3,553,Loyal Customers
d87cd982d4b793abe00c75c000c89237,284,1,76.9,3,5,3,353,Loyal Customers
d89190fac424f73403381fd7ab645e05,143,1,279.99,4,5,5,455,Champions
d894fe812f82fb1e7b7896554b45d39d,66,1,69.5,5,5,3,553,Loyal Customers
d897a1d9fa5ebad6b3e3e2340fd5f89c,255,1,138.0,3,5,4,354,Loyal Customers
d89df8031e142bb5a28f16211b3ada43,365,1,368.9,2,5,5,255,At Risk
d8a033548dcefc0ed2fde1f45908cbc9,501,1,13.98,1,5,2,152,At Risk
d8a07f7d1eb0e929feeec1a6ce6358a5,188,1,26.74,4,5,2,452,Loyal Customers
d8a7587f5db85ee07524c29c57bd9434,129,1,96.0,4,5,4,454,Champions
d8a9bfab9cd88fe5e21d4acf8936fd35,148,1,138.0,4,5,4,454,Champions
d8af40edf89df53c7c576904a99f1870,94,1,30.9,5,5,2,552,Loyal Customers
d8b149991a6cff2088d31b0c3c419670,32,1,45.0,5,5,2,552,Loyal Customers
d8b67ce6d6c062269add92dd22e8cc94,439,1,49.9,1,5,3,153,At Risk
d8ba077744ee4b11f6445d54fadc7c17,44,1,115.0,5,5,4,554,Champions
d8ba8c5553a562b95fcb9de3a4d81446,114,1,90.97,5,5,4,554,Champions
d8cc9b8f7007b83e869b031fa0a0f5b3,457,1,59.9,1,5,3,153,At Risk
d8dae23478ae79d7fca03f52342e2854,302,1,113.98,2,5,4,254,At Risk
d8f1c0a8535010728eadc9a50e5478ec,464,1,56.99,1,5,3,153,At Risk
d903cb2df3fc0df3e432bc359d8a6bf2,134,1,49.99,4,5,3,453,Loyal Customers
d904c56be9c7af2a9dd76af103699f83,70,1,66.99,5,5,3,553,Loyal Customers
d92038d76dfe78418e9256a0a078c779,300,1,49.0,2,5,3,253,At Risk
d927267e54f07b9e0fd408d2f840024c,493,1,89.99,1,5,4,154,At Risk
d92c01e741554e58a433e0ad36e26c82,102,1,66.99,5,5,3,553,Loyal Customers
d941a608aa14794954f62d8c3da2b9dd,106,1,0.0,5,5,1,551,Loyal Customers
d946e4705169903dd9058aa3c945108b,503,1,199.99,1,5,5,155,At Risk
d948754ee35966f776d3f64b226cc476,178,1,0.0,4,5,1,451,Loyal Customers
d94e47730dff69f9f015ba5140eba246,419,1,0.0,1,5,1,151,At Risk
d95330e1e04100ab8363d90639e2ae36,266,1,89.9,3,5,4,354,Loyal Customers
d953a4604f4d7831f6d13a2268dccd9c,228,1,29.99,3,5,2,352,Loyal Customers
d958c4aaa0b96792f3c6cdf041d5f71e,66,1,24.99,5,5,2,552,Loyal Customers
d9643e0f17a9f63e44217990f46a96f9,602,1,87.9,1,5,3,153,At Risk
d970a2354b55cfb67fa5840b9b4936ed,53,2,215.0,5,5,5,555,Champions
d9752ac494a2b97507fd2faa478cabd9,427,1,179.8,1,5,5,155,At Risk
d9764886f02a2884590e05bc3c4391b2,133,1,0.0,4,5,1,451,Loyal Customers
d977673a039438329687846063f65227,285,1,18.99,3,5,2,352,Loyal Customers
d97918f04ae8a0b8e8c8aa5be14b965a,388,1,44.99,2,5,2,252,At Risk
d98353d2d41f1ed404991d6a4b5ab142,180,1,190.0,4,5,5,455,Champions
d983e9c0fd37fead1bf11f30ea1259b2,380,1,229.9,2,5,5,255,At Risk
d984dee7d1584f0e6f2141b680f7dc32,504,1,18.9,1,5,2,152,At Risk
d985ae8b6ca649e519d32152f243237d,581,1,79.8,1,5,3,153,At Risk
d98a8569d0a97a73b409f2abc148cb7f,404,1,0.0,2,5,1,251,At Risk
d99058b8e915682681783b0f2b9e537f,153,1,49.9,4,5,3,453,Loyal Customers
d999f31460508136a293f6d71c87e5f5,32,1,0.0,5,5,1,551,Loyal Customers
d9a248c7d735e41a7cba546890997269,53,1,0.0,5,5,1,551,Loyal Customers
d9a46e8ca222c7571667818ee42979e9,129,1,59.98,4,5,3,453,Loyal Customers
d9abbe73143b31e0f983679ad781b143,389,1,49.0,2,5,3,253,At Risk
d9b5ae1c429e2d9891c6224c2ccde990,55,1,59.9,5,5,3,553,Loyal Customers
d9b6a81c4d9253f5879e8329d2496e22,249,1,55.8,3,5,3,353,Loyal Customers
d9cddea150b36f64c9cbdbec1e5ebc8d,270,1,27.99,3,5,2,352,Loyal Customers
d9d293390bc78577294b1d8e5864f13f,29,1,0.0,5,5,1,551,Loyal Customers
d9dbfa0381f0935c78327417ed931dca,510,1,75.0,1,5,3,153,At Risk
d9e794684f8c138cc4afd07a85dfdae4,233,1,443.0,3,5,5,355,Loyal Customers
d9e85480c2442fce7b1c6e09db3b0492,61,1,19.9,5,5,2,552,Loyal Customers
d9ffaef986305a5a589b198d8568f211,318,1,146.0,2,5,4,254,At Risk
da1156ecf6d5c22b6f55a25a22b707e7,394,1,36.9,2,5,2,252,At Risk
da118efbc88dc7fbf8b7562acfdfed19,226,1,21.9,3,5,2,352,Loyal Customers
da1e7179b9c5a1494d78528cbcf05aa0,489,1,59.9,1,5,3,153,At Risk
da208163aefc6ab8794d98213f2f53a8,44,1,0.0,5,5,1,551,Loyal Customers
da26c8a88b689a477e09c8192a7ee0d6,282,1,107.0,3,5,4,354,Loyal Customers
da2b78576894a7f95d45bfd20250cc54,582,1,39.9,1,5,2,152,At Risk
da2c2521455935f4a514a27f405bb64c,166,1,22.99,4,5,2,452,Loyal Customers
da3035eecf35b3553f5f3b53048e04fe,300,1,31.5,2,5,2,252,At Risk
da304fb777ca00325fde2045eb5f7f8f,492,1,52.99,1,5,3,153,At Risk
da3d269cb723dde0477d80fb32601c20,294,1,36.0,3,5,2,352,Loyal Customers
da3f63d7531fe712a6b3cf5699530a2f,227,1,150.0,3,5,5,355,Loyal Customers
da45a9a1df408c39f013b9b0b505042c,47,1,0.0,5,5,1,551,Loyal Customers
da47eee6ab68b4f7bbc41cab7d98459a,357,1,69.9,2,5,3,253,At Risk
da4f38e2697f8013c97ed2d8af65e0b9,121,1,204.93,4,5,5,455,Champions
da56ade83334e416439ec0cbe4b666d6,191,1,119.98,4,5,4,454,Champions
da6578bb27787220b8d46f5128ef6ea0,394,1,0.0,2,5,1,251,At Risk
da66304f28c34d97c38ace6275efbd0c,206,1,0.0,3,5,1,351,Loyal Customers
da76149820a35f0ef7ab70037d9dc9c9,338,1,49.0,2,5,3,253,At Risk
da79245fc9a5f4db298e351d374f7c24,218,1,227.88,3,5,5,355,Loyal Customers
da7aed2e8fe57799e72ab172e4956aaf,126,1,0.0,4,5,1,451,Loyal Customers
da85270334149dc7eb819b4604b5682b,585,1,76.9,1,5,3,153,At Risk
da8accaa0030a75e2e7848ec481a4828,129,1,49.8,4,5,3,453,Loyal Customers
da90f2535e719fd67092b67ec2541da2,32,1,179.0,5,5,5,555,Champions
da9201ceefd8ac05e85d43256b1d668e,258,1,59.9,3,5,3,353,Loyal Customers
da9a4eb4e164579e3b5d115ca0f114fb,151,1,53.5,4,5,3,453,Loyal Customers
daae9198478758240e3e2e7b83a7448d,225,1,69.0,3,5,3,353,Loyal Customers
daaf7866693b57dfa2f4c68329073801,591,1,142.99,1,5,4,154,At Risk
dac0540077981a7fd7524504a8785267,384,1,115.19999999999999,2,5,4,254,At Risk
dad1eb1624d037f15eeac6c2c2cd0843,24,1,69.0,5,5,3,553,Loyal Customers
dad6141f2f68b56e7fb3e57ac05dcd6d,224,1,18.49,3,5,2,352,Loyal Customers
dad83f2ce374cdd39c4f3684d660c787,368,1,0.0,2,5,1,251,At Risk
dad9a329c3cdcdbcde7531336ad04c60,221,1,97.9,3,5,4,354,Loyal Customers
dadd69bfdceeadee0f68a0307d76ea45,308,1,0.0,2,5,1,251,At Risk
dadeb993a5db01ccde3267ca82b5e0d0,434,1,280.0,1,5,5,155,At Risk
dae02a2d3984b71fe230f7271925c8a9,399,1,12.0,2,5,2,252,At Risk
dae054c51b471a09e91a443b87d16c04,56,1,49.99,5,5,3,553,Loyal Customers
daeb283b71a3cc8f49c2c878bb86e15f,113,1,227.9,5,5,5,555,Champions
daeca6f6c8b848cc99fd2b469f56c284,122,1,20.9,4,5,2,452,Loyal Customers
daefb889f38f3b8b82e2b467a6a024e8,141,1,156.0,4,5,5,455,Champions
daf7dfe5576b8c581e8353aa8608a008,541,1,0.0,1,5,1,151,At Risk
dafa159489cf3ac4a3c61ae21fc2634b,594,1,45.9,1,5,2,152,At Risk
db062747d9ad6703020b2b52362515bc,144,1,0.0,4,5,1,451,Loyal Customers
db0898e62cb42db700932d47b1d7a0d7,380,1,185.0,2,5,5,255,At Risk
db096090d366edab84ac3286370ba467,260,1,639.0,3,5,5,355,Loyal Customers
db199a1ba473e541c93f0d11564079f1,259,1,59.99,3,5,3,353,Loyal Customers
db1ae60d62b67a41f504e8c9f4677b68,69,1,0.0,5,5,1,551,Loyal Customers
db1fdca924e7debb3a05ae065f76af9b,305,1,0.0,2,5,1,251,At Risk
db29571fb751833b8e3d9733d8a93000,97,1,0.0,5,5,1,551,Loyal Customers
db329e9f7ad3777b683337cfb0544222,151,1,119.69999999999999,4,5,4,454,Champions
db36f642b61273d1ffe6a24d44bf3f93,339,1,69.9,2,5,3,253,At Risk
db3943e6f7e57135751b8cb9219b1a6e,290,1,0.0,3,5,1,351,Loyal Customers
db3e4742e06a8a95bb1ff58ba972f8b5,175,1,48.32,4,5,2,452,Loyal Customers
db45c52eb9758c7cbba7fceb61755c95,63,1,299.9,5,5,5,555,Champions
db4a068b5f8bcb3e5e45be643f3961b0,321,1,689.0,2,5,5,255,At Risk
db4bfdfa2678e1d5e4d8c9389033388b,64,1,179.99,5,5,5,555,Champions
db51bbaef0cbd71bb1f27f5378eeb775,166,1,23.99,4,5,2,452,Loyal Customers
db5aea5488bd39609653d05d4a7a6522,582,1,69.0,1,5,3,153,At Risk
db678ab4525ca9a50338c8dbcad53a17,106,1,11.5,5,5,2,552,Loyal Customers
db7928a76b23f1fc8703953bf73cdd1e,289,1,19.9,3,5,2,352,Loyal Customers
db7d237377a3dbaccede13b803c28306,240,1,408.0,3,5,5,355,Loyal Customers
db7edcf38f0103c22a7231d6b9ce61c9,485,1,24.99,1,5,2,152,At Risk
db81ac402531dfc86f479a19e88f20fd,58,1,119.8,5,5,4,554,Champions
db8f7a5276f97221dacccbf8ef9fbbc9,251,1,168.9,3,5,5,355,Loyal Customers
db9525f2339f6bb22c0ff48a64b5ac8f,125,1,119.0,4,5,4,454,Champions
db979bdfe0bbba29ecd3df3f6c50bea2,87,1,53.44,5,5,3,553,Loyal Customers
db9d380b9c0f33e52ed7e05439128d23,78,1,25.0,5,5,2,552,Loyal Customers
dbb0c261d3a259f7bcae89bca2183343,541,1,0.0,1,5,1,151,At Risk
dbc0a39ff0c850cd0358a1fe289095b9,222,1,0.0,3,5,1,351,Loyal Customers
dbc19912d7a5ce777b71178146f803f8,175,1,0.0,4,5,1,451,Loyal Customers
dbddd2b790d224a5043cb1a76046fcc7,52,1,79.9,5,5,3,553,Loyal Customers
dbe3c825a48e75dab7ba3e4d7d0c40b0,442,1,103.83,1,5,4,154,At Risk
dbebf006da451288a7b8127c3540ce22,303,1,121.9,2,5,4,254,At Risk
dbef87cc78dec435200e447efcec6c38,130,1,149.99,4,5,4,454,Champions
dbf9d2d8651aa98885c12ec29829c6e0,414,1,679.8,1,5,5,155,At Risk
dbfd0ee98fac0d9b4f109a2aaed48093,399,1,50.0,2,5,3,253,At Risk
dc083e64cab83312a8ca1ff8c2699463,413,1,62.8,1,5,3,153,At Risk
dc0841d3aaec503e855801c36e6b63d0,492,1,189.9,1,5,5,155,At Risk
dc184f142552a38189d5d5428d1984a6,210,1,0.0,3,5,1,351,Loyal Customers
dc316d7b72678f31955bd54ee0b4f58b,409,1,129.0,1,5,4,154,At Risk
dc320cf7e55c0d6e7c47a938b3bbdb3a,375,1,47.98,2,5,2,252,At Risk
dc443b4872692acb2d61bd82c758ff75,334,1,0.0,2,5,1,251,At Risk
dc460c8c5a048d071e9fe80391c1e4da,315,1,119.9,2,5,4,254,At Risk
dc4b0942fb780633d44f4f73ff69dd92,24,1,0.0,5,5,1,551,Loyal Customers
dc515b77bbc0990cc606ca579c2c52a7,409,1,190.0,1,5,5,155,At Risk
dc5167d9e627d3d027404e50bf25089a,308,1,59.9,2,5,3,253,At Risk
dc60c9d2751e2ec174e8d7cb3ac63147,84,1,60.9,5,5,3,553,Loyal Customers
dc6b93223a3aa3b912a8c4baadd26fc3,88,1,120.0,5,5,4,554,Champions
dc70595c0013b690bc8527b5c2a1a99f,242,1,108.0,3,5,4,354,Loyal Customers
dc71733fc0d7d609f39f9c1d4af631ca,234,1,47.49,3,5,2,352,Loyal Customers
dc72d84effd751fe08996e409a9063a0,564,1,0.0,1,5,1,151,At Risk
dc759b3f371b15aa62e4bf56a123d3d2,202,1,99.9,4,5,4,454,Champions
dc83fe8f72fb4388f079a2f9b586240c,497,1,29.9,1,5,2,152,At Risk
dc8c4fe2107e6688666c025fb6a6acad,279,1,24.9,3,5,2,352,Loyal Customers
dc9431e47beadfe1188b67bec3717969,295,1,41.9,2,5,2,252,At Risk
dc9844b33771e435cb001b30ae742573,224,1,289.9,3,5,5,355,Loyal Customers
dc9863265867f212dad7dd6847c73c6d,67,1,505.43999999999994,5,5,5,555,Champions
dcab6749dea9e9411fd400cdf978f3ea,105,1,179.0,5,5,5,555,Champions
dcadcf861ee65d72a06b67b17b1451fe,88,1,106.80000000000001,5,5,4,554,Champions
dcaece2588d9688376b75a288451b77a,485,1,113.0,1,5,4,154,At Risk
dcc76905a40064b395622e501fc468f6,175,1,39.99,4,5,2,452,Loyal Customers
dcc7fb04fd4a19d3099e9f6e505ab08b,407,1,29.8,2,5,2,252,At Risk
dccce67f3d3bf822b6425b90de5723d1,285,1,87.0,3,5,3,353,Loyal Customers
dcd27efb93b723b301f8bac00e5d7e01,130,1,96.0,4,5,4,454,Champions
dcd94802618619b93183b9ae4adff5e3,58,1,0.0,5,5,1,551,Loyal Customers
dced7901a3def8937b3f41caaf0666ed,374,1,102.9,2,5,4,254,At Risk
dcf468beeda4b0ec3079e3e6b462fa51,370,1,0.0,2,5,1,251,At Risk
dcf7deeedadc35da82c0c074b1a54844,192,1,33.87,4,5,2,452,Loyal Customers
dd041c565b59e0e93cd10371d4e21a9c,257,1,142.54000000000002,3,5,4,354,Loyal Customers
dd11d408f0349a9e49a9069f02c758ef,60,1,39.9,5,5,2,552,Loyal Customers
dd1213a8c4572e20843121445430c0de,55,1,0.0,5,5,1,551,Loyal Customers
dd14af9ed633811cf5a95244633422cc,88,1,49.99,5,5,3,553,Loyal Customers
dd29549286f2438156bbc8e57b04c98a,89,1,0.0,5,5,1,551,Loyal Customers
dd2faa4ac57db365571e36695a06dc82,229,1,189.9,3,5,5,355,Loyal Customers
dd32d91b3e390767e7be4cd982cd9f56,35,1,54.9,5,5,3,553,Loyal Customers
dd3461e395b9670fcbf5edde74c7fb4b,151,1,0.0,4,5,1,451,Loyal Customers
dd4430186cffd3aee97560e84fa1acd1,64,1,77.9,5,5,3,553,Loyal Customers
dd4862c74c3d3f406e043821d79ef6b0,554,1,29.0,1,5,2,152,At Risk
dd493718ff91bbd78cc0183714db5e41,316,1,40.0,2,5,2,252,At Risk
dd530943f0b4dc288d2f18098cc2e14d,401,1,0.0,2,5,1,251,At Risk
dd541f4e3dd76337abcc30beba79fd41,272,1,130.0,3,5,4,354,Loyal Customers
dd6ca4bccbd21803d32139af5b908fd7,282,1,79.9,3,5,3,353,Loyal Customers
dd738e5a9a21667e2816f20d39cf259e,220,1,13.65,3,5,2,352,Loyal Customers
dd7aad249fd4f7cf7f1dc1d42cd1b48d,452,1,179.0,1,5,5,155,At Risk
dd7be927ce65354ff18a65c37e39c55d,351,1,0.0,2,5,1,251,At Risk
dd8597e65bf2b021b51241cc8c4f9dea,209,1,135.0,3,5,4,354,Loyal Customers
dd9b235dbe7d48c82caca4da097a2240,128,1,357.99,4,5,5,455,Champions
dd9b5ff85c3d0ac8b89852b04ce43306,455,1,79.9,1,5,3,153,At Risk
dd9e24fbf151d2c634c03b2cf3812eac,262,1,107.9,3,5,4,354,Loyal Customers
ddb5e3c719efd85171d4768a3ea12475,152,1,52.0,4,5,3,453,Loyal Customers
dddcc50cec9aabfe44b26c136236db0a,400,1,159.9,2,5,5,255,At Risk
dddfb6a3b339c13570d9ac71cb6c8f3e,418,1,300.98,1,5,5,155,At Risk
ddeff064f932d917f4c938cbe8f4ac35,87,1,0.0,5,5,1,551,Loyal Customers
ddf2d1cef869535c3cd714687393fe7b,56,1,148.0,5,5,4,554,Champions
ddf60e20e6e262e2136801ce5cd628b0,195,1,45.98,4,5,2,452,Loyal Customers
ddf6b5e5b8bb27ef61ddd976e9b3e37e,228,1,226.0,3,5,5,355,Loyal Customers
ddfb23e875859d879a8cd720b621dc9a,222,1,0.0,3,5,1,351,Loyal Customers
de038e601db2bbdb12a1ab691a58f7e2,149,1,52.0,4,5,3,453,Loyal Customers
de179e054de0c203fe910e0443746173,602,1,124.99,1,5,4,154,At Risk
de265abbbc00369e332f0cc51d4e544d,50,1,89.8,5,5,4,554,Champions
de2ae224bcb74731c0597181aba38de5,458,1,39.9,1,5,2,152,At Risk
de3af4d9c2b5031284db689002a28365,277,1,75.0,3,5,3,353,Loyal Customers
de3da035327809e57b95f4da954f2322,147,1,0.0,4,5,1,451,Loyal Customers
de419df8633c2774a7c68912cb578df9,411,1,150.0,1,5,5,155,At Risk
de4e3ce43bd5085fe445e08c68b950f5,180,1,1299.0,4,5,5,455,Champions
de59b010cf39acdf49fc201bc216c784,282,1,24.9,3,5,2,352,Loyal Customers
de5eda87bc3a7ef40bb86e2b01827b24,253,1,0.0,3,5,1,351,Loyal Customers
de658688920d04becc135c740b321327,185,1,159.18,4,5,5,455,Champions
de71be5d64c229d4b2963316485b3f49,102,1,0.0,5,5,1,551,Loyal Customers
de7c0cdd4a7d9336e71adfbfdc11334c,191,1,599.8,4,5,5,455,Champions
de7f37cea380538db54a10873bffe54d,43,1,199.0,5,5,5,555,Champions
de8c50e78cf954227ed4a99ab5c9b65b,186,1,89.66,4,5,4,454,Champions
de8ce480b6119f2835ce8ad07c326793,170,1,198.0,4,5,5,455,Champions
de8e3d9562f8279bf243c39051edc9a5,149,1,107.8,4,5,4,454,Champions
de931b7dca1d1666bbd1e94a19123e4a,214,1,24.0,3,5,2,352,Loyal Customers
de9ab7d2ae5374d1d19d9746ec64d2c5,115,1,59.2,5,5,3,553,Loyal Customers
de9f979be63bbed5045c2bf762dd2eff,345,1,39.8,2,5,2,252,At Risk
deb341a4b63b6c908a512849319cf207,560,1,0.0,1,5,1,151,At Risk
deb506c0525ff4b17e97718d9c349409,49,1,59.9,5,5,3,553,Loyal Customers
dec260a57209a3ff82484e6510808a3b,462,1,229.99,1,5,5,155,At Risk
ded33ce6dbdeb75e7e54b7945d74f287,49,1,49.0,5,5,3,553,Loyal Customers
ded340acb51cad2b368c3e986d006ba8,358,1,159.99,2,5,5,255,At Risk
ded4351942c7fc292b88e5b090af2b46,46,1,0.0,5,5,1,551,Loyal Customers
dee6507f25f601864647a16185888332,313,1,0.0,2,5,1,251,At Risk
def1a6fa7d1d41faf6c99ac517468170,330,1,49.0,2,5,3,253,At Risk
def6a1bb25ed86d9fc212b52d45162a1,284,1,0.0,3,5,1,351,Loyal Customers
deff56c7b9f9d9bd10bba398c4716f81,498,1,449.0,1,5,5,155,At Risk
df030c3c1d42349bb0a40197e53316ab,324,1,1340.0,2,5,5,255,At Risk
df033c6cca61206b057d843131600fc0,299,1,365.0,2,5,5,255,At Risk
df0656c09678129487d1639d764acc1c,83,1,67.9,5,5,3,553,Loyal Customers
df096c34368fc3c803ea65b8eb1bb68a,356,1,0.0,2,5,1,251,At Risk
df19c809342ecae8391e68dccf16fc8f,133,1,0.0,4,5,1,451,Loyal Customers
df1a77f2996733d6147ee1f7cb86dcdb,298,1,0.0,2,5,1,251,At Risk
df1f63ae64a8a2cb1453e9149769adf1,306,1,108.0,2,5,4,254,At Risk
df27c250c1f69adb0cf75d0342814ca1,136,1,0.0,4,5,1,451,Loyal Customers
df2f0e7955eb45a55eb6e4ecb1ad2331,82,1,0.0,5,5,1,551,Loyal Customers
df34b07e77750be3d64ca6498bd9d22a,46,1,210.0,5,5,5,555,Champions
df35ed1826c338d1aecc6f35bfc4dc34,256,1,18.9,3,5,2,352,Loyal Customers
df369ca5c612b816d4c0fc3641703aad,300,1,35.0,2,5,2,252,At Risk
df38102d80095da57461f4e328d3ae7e,443,1,122.5,1,5,4,154,At Risk
df3bcbcb88d40ad1996ad1325fe8f481,97,1,137.28,5,5,4,554,Champions
df3df161e7cbc66bc66d50cc1649ecc7,66,1,17.9,5,5,2,552,Loyal Customers
df55ce6c8cb70b6d287154e726ad9066,271,1,239.0,3,5,5,355,Loyal Customers
df637bcaf1ff0bd6b532c86995d7efe8,472,1,0.0,1,5,1,151,At Risk
df6454025c6b8513d78d144824b68d94,600,1,168.0,1,5,5,155,At Risk
df79907f687316b15aa0ab43ff4685b0,275,1,0.0,3,5,1,351,Loyal Customers
df7fbc7ce4110b23e8a83528c4f9e12a,65,1,326.0,5,5,5,555,Champions
df806b0e569d1249276bb202baf9091a,129,1,79.99,4,5,3,453,Loyal Customers
df8a4a3bd7490ea0c639756f43b8a347,437,1,195.9,1,5,5,155,At Risk
df92bfc8c606df2f1defedbd0b60a071,381,1,59.9,2,5,3,253,At Risk
df9e4a3bb3a6476db4c6987a96b055bb,383,1,19.9,2,5,2,252,At Risk
dfa91a18c3571d25de69331bd046ac6a,156,1,110.0,4,5,4,454,Champions
dfb60c90d4774d7ba5eaf60e550bca3f,151,1,129.9,4,5,4,454,Champions
dfbc1ad2d51bcbd0a1b2bbdc21498852,472,1,167.92,1,5,5,155,At Risk
dfc569fe71e076ecc9a61b49756e6342,231,1,169.0,3,5,5,355,Loyal Customers
dfc631bc34b8cf59c55ece5cbf058454,85,1,0.0,5,5,1,551,Loyal Customers
dfe0f45b0b8cf0ce9c4cfb41c0808240,105,1,49.8,5,5,3,553,Loyal Customers
dfe404bc538d4172a3c0291fca2e74ee,574,1,623.9399999999999,1,5,5,155,At Risk
dfe634d4b8e0678799178b6ec8e1b0ba,68,1,0.0,5,5,1,551,Loyal Customers
dfe995865f498bf106aaec00758f6a8e,212,1,18.9,3,5,2,352,Loyal Customers
dfeea6fcfa52ea041c5b4bc28b0b150a,59,1,39.9,5,5,2,552,Loyal Customers
dfefe9b186f8c4959ae173c4c5ec4812,212,1,24.9,3,5,2,352,Loyal Customers
dff5ff8f411dd1d77875f7e17a3eb512,358,1,198.0,2,5,5,255,At Risk
dffe9e17ee19ba084abefe8365c1f57e,363,1,70.0,2,5,3,253,At Risk
e00261025c7c5e2971ae2311db439e69,85,1,336.0,5,5,5,555,Champions
e00cd514464e677a426819a99c2846f0,479,1,139.0,1,5,4,154,At Risk
e00ff363b36712bdb3e05c7cda218272,396,1,59.8,2,5,3,253,At Risk
e019a3baaadcd531fe0d32e1bdb63902,171,1,19.49,4,5,2,452,Loyal Customers
e019a4aac43a090ae332d9459b272722,185,1,94.89,4,5,4,454,Champions
e0233c751408137ec5cdde0c37e6a61a,279,1,49.0,3,5,3,353,Loyal Customers
e0298e0626c3f75d94a60dc6628f27cc,186,1,27.99,4,5,2,452,Loyal Customers
e02fbead9117aa245d80a40e05a249b4,478,1,214.9,1,5,5,155,At Risk
e0335dda73513f3abff8843f0d38ef9a,372,1,39.9,2,5,2,252,At Risk
e03a1bf47d42257f8e8e5e8775696622,611,1,0.0,1,5,1,151,At Risk
e03ca1af2dbe3056cfd1c233ba840c59,128,1,100.0,4,5,4,454,Champions
e03ebc347c7ed319a92651b43122b8e0,118,1,154.9,4,5,5,455,Champions
e048d4f04bde3e12f337cf38d680345d,585,1,0.0,1,5,1,151,At Risk
e06358b52b33afa8edfe5a0664cfe9c5,214,1,45.0,3,5,2,352,Loyal Customers
e08869b13b8407ac7473e5bd5f534d2a,343,1,72.0,2,5,3,253,At Risk
e09002a1d37ff722ce6c9b44878434d5,132,1,179.0,4,5,5,455,Champions
e09b74bdbfb36ed596e4fcd32a35e1ed,569,1,180.0,1,5,5,155,At Risk
e0b0f9beb31782e3174a67b875697ca0,539,1,129.6,1,5,4,154,At Risk
e0b8853b235f45dfbf53e334eb8fa0d9,311,1,79.0,2,5,3,253,At Risk
e0bff7f12e80edb92eb445eea812d9d6,330,1,56.99,2,5,3,253,At Risk
e0c0a40e824847b137134f36488d2731,591,1,219.99,1,5,5,155,At Risk
e0c138a2613d7822d9ddeff3909a9c5c,136,1,199.0,4,5,5,455,Champions
e0c1b1f41aff706e03cd77b39835ec2e,107,1,26.9,5,5,2,552,Loyal Customers
e0c3bef7c7e5679c7776c40abec7fe2b,196,1,1599.0,4,5,5,455,Champions
e0c99ffdcd8891130985ac90cd2d8eec,394,1,176.99,2,5,5,255,At Risk
e0ddba2f90c646e8a37318ca04a48119,252,1,119.2,3,5,4,354,Loyal Customers
e0e0f6ba16a5348ec87df10c47ae0b4e,306,1,31.9,2,5,2,252,At Risk
e0f04b36bd7eb9695d66b9b49aa2cb87,46,1,79.9,5,5,3,553,Loyal Customers
e0f8228aaaf56d5c2c07234fc825d37c,299,1,79.0,2,5,3,253,At Risk
e0f866116593bf545392e2e3db42671b,146,1,0.0,4,5,1,451,Loyal Customers
e0fd7725d9467c84add5e7c9c047ceb9,380,1,125.0,2,5,4,254,At Risk
e101cc92804940d7bb86b44bd777b7ae,138,1,94.9,4,5,4,454,Champions
e105dec92cee6465244879914c792707,197,1,1005.63,4,5,5,455,Champions
e106b0bf1efc2352bda60eaeced76675,609,1,160.0,1,5,5,155,At Risk
e11326ba3a3b9c386f3c35f1d16e59d1,221,1,75.99,3,5,3,353,Loyal Customers
e11abcce538d333a20909d11dfa372c2,44,1,200.0,5,5,5,555,Champions
e11d036589bfcbcadf10a48dd989a472,155,1,124.9,4,5,4,454,Champions
e12b2766d51e1846d88013445bef907f,275,1,0.0,3,5,1,351,Loyal Customers
e12d8a612d0688d5e1d41fc6bf837e90,93,1,89.9,5,5,4,554,Champions
e12de94bb753d1bf027df4aa95212a6c,542,1,26.9,1,5,2,152,At Risk
e1399e9f6a55f443777d138d1c40bfdd,262,1,20.3,3,5,2,352,Loyal Customers
e139bc5274d13c4f54854f48b0dd25db,304,1,0.0,2,5,1,251,At Risk
e139cc1019486af87f64fda5176e4bf0,300,1,59.98,2,5,3,253,At Risk
e1407f4d2fd92ed069307bb0b836615a,192,1,570.0,4,5,5,455,Champions
e145ebbcbad4ee4dc97b8d9805b13c87,251,1,188.9,3,5,5,355,Loyal Customers
e14c078d9acd96d722eadaa49d729bc1,131,1,112.99,4,5,4,454,Champions
e14dcbca72e57d7ee7ac43d9131b12b8,423,1,28.99,1,5,2,152,At Risk
e14f209ed913d2ecadf37a9d49d35967,277,1,24.5,3,5,2,352,Loyal Customers
e163b4cb13b379df91ac9b7d2fa2ceb4,103,1,0.0,5,5,1,551,Loyal Customers
e16e2890763e32bbd7f79208fae81d86,245,1,179.99,3,5,5,355,Loyal Customers
e17408e3713638b24626610417449cb7,160,1,29.9,4,5,2,452,Loyal Customers
e17e78316ef8bc0ab2ee6bb087cbe61f,335,1,89.9,2,5,4,254,At Risk
e1858db871ca0cea6d07b5413f450048,113,1,359.9,5,5,5,555,Champions
e185c409705237e14313f1ea04f1699d,386,1,0.0,2,5,1,251,At Risk
e186ed0b619ff1dd7eef17b1ba5c4831,257,1,759.05,3,5,5,355,Loyal Customers
e19911f2bddf9350e05754eb87c281c1,333,1,30.0,2,5,2,252,At Risk
e1a63c8e2ec6942aa55536213460ddb7,549,1,0.0,1,5,1,151,At Risk
e1a821d8a0ad5e951bf0e47464dd1f9e,299,1,0.0,2,5,1,251,At Risk
e1b383ff6929672be549b1196972fc0d,255,1,55.8,3,5,3,353,Loyal Customers
e1b5f838a5d538b1fbe3bddcf47d30bd,93,1,569.7,5,5,5,555,Champions
e1bd9953029d9683b41f570e717f82ff,332,1,0.0,2,5,1,251,At Risk
e1bebac06d393ac8bd995c5b9ea0ad67,72,1,26.19,5,5,2,552,Loyal Customers
e1c02550e84159111c72c83aeb1389dd,424,1,0.0,1,5,1,151,At Risk
e1c3a02e6fd3a5919a8711dee1bc497e,42,1,82.49,5,5,3,553,Loyal Customers
e1c4a382b39243db7149e72b91498015,135,1,160.9,4,5,5,455,Champions
e1cc99aeefde14c615a58d95db131e1b,316,1,49.9,2,5,3,253,At Risk
e1e2dc80988ace2d050a0f4d29de7dd4,216,1,0.0,3,5,1,351,Loyal Customers
e1efd5b5683b645d0a8fc95ffe145781,286,1,0.0,3,5,1,351,Loyal Customers
e20081fc203c5b78fad87517631f5e99,320,1,116.0,2,5,4,254,At Risk
e20247a9f1cdb71d4415f2a0903212f9,195,1,0.0,4,5,1,451,Loyal Customers
e2025196f6b427896e38326e6b1ff553,40,1,114.0,5,5,4,554,Champions
e21b82d5792a763447fc6a32f9cd29e5,474,1,0.0,1,5,1,151,At Risk
e21bcb965a4ae840d08fc2d602104fd3,298,1,0.0,2,5,1,251,At Risk
e224314f1f6f52e824d9584eed4f53f3,288,1,99.9,3,5,4,354,Loyal Customers
e22c7e55a547f8d9bc30d2957ba1c9c5,601,1,139.0,1,5,4,154,At Risk
e230a164fb32a2f0e5c0fc37eace2170,36,1,44.9,5,5,2,552,Loyal Customers
e2340f5098380d7686658168aab61a36,171,1,109.9,4,5,4,454,Champions
e23e90a0ff97d025c01377537ddeff05,204,1,179.96,3,5,5,355,Loyal Customers
e24412dbb37fcabe11101f614ceed41a,451,1,99.0,1,5,4,154,At Risk
e25a36b02a88228100e0d0e53d845777,217,1,0.0,3,5,1,351,Loyal Customers
e25e370b86824ff1a40d01c259cadd98,373,1,279.99,2,5,5,255,At Risk
e25ecad4f206325588f4b913642377eb,467,1,0.0,1,5,1,151,At Risk
e261dace2d1fe8f854e1597b9e507d31,64,1,86.0,5,5,3,553,Loyal Customers
e264ef071f4c0fb4a0f3e9139b283dee,597,1,239.99,1,5,5,155,At Risk
e27f3ddcf51ef11b17c7801428999156,423,1,119.8,1,5,4,154,At Risk
e27f99c3e38c91b51381bf82186a2cee,50,1,169.9,5,5,5,555,Champions
e283ad13ad6d3a8a4e650772ccddf2d5,329,1,99.9,2,5,4,254,At Risk
e287540a435ded39e67b042ba9cddd8c,257,1,39.6,3,5,2,352,Loyal Customers
e289cfccc692a345aa1994ee5b18d97d,128,1,175.0,4,5,5,455,Champions
e2922fb2fe6f62e4692ffef35646c647,83,1,199.0,5,5,5,555,Champions
e2a39e986034a5b5dfd3df5b949fa618,443,1,109.9,1,5,4,154,At Risk
e2a96003df4645da636aa77f7af2c16d,482,1,68.0,1,5,3,153,At Risk
e2b3959d4f2290c054db18dd9994f68d,151,1,19.9,4,5,2,452,Loyal Customers
e2c87a07e54c863d60af789a9233bdb5,209,1,85.9,3,5,3,353,Loyal Customers
e2ca9c67725cb7205986dd3a5bcb9c7b,388,1,135.0,2,5,4,254,At Risk
e2cca4a06fe6a1f070aca81f919ec50c,238,1,12.9,3,5,2,352,Loyal Customers
e2d7f534cc0ecd215219ee87abf8c401,276,1,86.9,3,5,3,353,Loyal Customers
e2d911b9c9ec50ffcdbb80b4aa8e7f2d,46,1,49.5,5,5,3,553,Loyal Customers
e2da23eccfb3e41be791daaa219d75c0,361,1,0.0,2,5,1,251,At Risk
e2dfa3127fedbbca9707b36304996dab,57,1,19.9,5,5,2,552,Loyal Customers
e2dfca400ca2f5671121e7f6a6bcc27f,100,1,79.0,5,5,3,553,Loyal Customers
e2e92eb45afee3da92849c04f5304a48,353,1,109.0,2,5,4,254,At Risk
e2f8834d5843f8e622e4bff2a9498168,128,1,79.99,4,5,3,453,Loyal Customers
e2fa02776abcbf7246ffd18f58e120ea,561,1,179.99,1,5,5,155,At Risk
e301216623168d227eb0b0a3aabb1e62,249,1,0.0,3,5,1,351,Loyal Customers
e3079fd8721d4e1d258e6c35b3ba89e0,145,1,120.0,4,5,4,454,Champions
e3087e6bc090e8f46fe899b2b8dbb026,123,1,50.9,4,5,3,453,Loyal Customers
e30e0e57e66477dad963535b38974023,426,1,0.0,1,5,1,151,At Risk
e30f234f250604cf46ff34ebd671e7f6,202,1,59.9,4,5,3,453,Loyal Customers
e3182b1d615eaff78ec0dae99397e89e,347,1,0.0,2,5,1,251,At Risk
e3190cb18f524a87ea71c46564c77c02,31,1,99.0,5,5,4,554,Champions
e3260fa8e032791819785af06bb26369,218,1,49.0,3,5,3,353,Loyal Customers
e3276a09829510513e2f055f953b2aed,121,1,224.0,4,5,5,455,Champions
e3301490c373db9263c15a73172d0c6f,540,1,113.99,1,5,4,154,At Risk
e33dfeac8b29b2e3815899870e54f362,175,1,49.95,4,5,3,453,Loyal Customers
e33e58f0dfe9b327752c1aa21f004547,30,1,46.9,5,5,2,552,Loyal Customers
e3405e8bbd4b26de8e5dc6c17613ad50,299,1,240.0,2,5,5,255,At Risk
e345b7d024013746026a4f9492bb1223,366,1,289.99,2,5,5,255,At Risk
e3473cd317c18ca696e241815aed4de1,171,1,69.9,4,5,3,453,Loyal Customers
e34c56da9aac39ebc70662c7f4314937,499,1,229.99,1,5,5,155,At Risk
e35c63c8d0151482f0b9d4743c678aa9,197,1,30.0,4,5,2,452,Loyal Customers
e37991ff62f5883ef35c90dbb97b422f,133,1,0.0,4,5,1,451,Loyal Customers
e38bf9a883752b0b65407a103fd7ef30,296,1,30.9,2,5,2,252,At Risk
e395db9777355d755374af8e18f36548,337,1,129.99,2,5,4,254,At Risk
e39899fb1163344cac7ef285256bca51,555,1,59.99,1,5,3,153,At Risk
e3989ce8a4e6df11d6e653380b318640,279,1,0.0,3,5,1,351,Loyal Customers
e39a7d7fd722668fe4c6b9873ee72638,370,1,0.0,2,5,1,251,At Risk
e3a1dea65fc0a4ac232d2d95734f8ffb,107,1,0.0,5,5,1,551,Loyal Customers
e3a5f5e65ff3b780847f89dcc81c344b,550,1,52.5,1,5,3,153,At Risk
e3bcfea9bab07b492391664fc1ffc28a,339,1,0.0,2,5,1,251,At Risk
e3c0567a8b991a9d812ee91f2650db40,232,1,18.5,3,5,2,352,Loyal Customers
e3c98dd47fb70fc2a9964a4851385d99,424,1,45.9,1,5,2,152,At Risk
e3ddd5173292d5aa03388d33b74181bc,281,1,89.99,3,5,4,354,Loyal Customers
e3df2646a7693da42f14cdbd5fe7e969,385,1,98.99,2,5,4,254,At Risk
e3e3aea25fbe50f00d7e7ddecc9ba96a,66,1,129.99,5,5,4,554,Champions
e3ea2c912c287a7112962ed5bd521712,322,1,49.0,2,5,3,253,At Risk
e3f9e1770475aab1b6c1cf7be75883f5,293,1,116.59,3,5,4,354,Loyal Customers
e3fa4d9aa37938358845dfd0e1ab3ed0,300,1,59.8,2,5,3,253,At Risk
e4000306cf2f63714e6bb70dd20a6592,469,1,170.97,1,5,5,155,At Risk
e4116a753c957e67c646e447c2141b2e,459,1,0.0,1,5,1,151,At Risk
e4206d9f87b6c72fb4e1922e20e29917,395,1,0.0,2,5,1,251,At Risk
e425e8c3a6a56a0d0cf04b08cf40ad58,85,1,45.0,5,5,2,552,Loyal Customers
e428db1e8a000b274f1e4e5189e9150b,337,1,0.0,2,5,1,251,At Risk
e42c4dd98307152b732690ea8bc5f61d,60,1,49.99,5,5,3,553,Loyal Customers
e42f9acfa96158aedb678a0ecf07f908,372,1,29.9,2,5,2,252,At Risk
e4384633fb2c44dd9d702f57cdb22867,505,1,164.0,1,5,5,155,At Risk
e43bc7bbe7b392fe9e923e936524ef5e,313,1,145.95,2,5,4,254,At Risk
e44110c2ff342e5bbda6c2224d94bbe6,496,1,189.0,1,5,5,155,At Risk
e447b61eb2c970fdc89d681d79b01765,247,1,109.9,3,5,4,354,Loyal Customers
e46460e7d67b07b96da1fd59ea1ca3fe,580,1,37.99,1,5,2,152,At Risk
e4746dd3d0505d63f0ff08366a0fc8ca,58,1,122.9,5,5,4,554,Champions
e476843c331c4261a33844b54d0d3409,493,1,0.0,1,5,1,151,At Risk
e47b298c565467e3d43636d5211c0ddd,324,1,0.0,2,5,1,251,At Risk
e47e7465e3dc440e96374b8dde062f9c,146,1,159.99,4,5,5,455,Champions
e486555873e1947a1de7b1ff1e8c3554,202,1,55.65,4,5,3,453,Loyal Customers
e48dd47690c9c58d5b4bcca375755b37,118,1,260.0,4,5,5,455,Champions
e49047a4c83acc67477aea24e68e0d10,217,1,59.8,3,5,3,353,Loyal Customers
e490e6ff8808446e7b6c9f39ea5926ef,160,1,1149.65,4,5,5,455,Champions
e49731877dfcf625e614019ac6b82de8,288,1,25.9,3,5,2,352,Loyal Customers
e49b5376d3eb639d5dc6e2851a2e73a1,256,1,29.5,3,5,2,352,Loyal Customers
e4a6746e29248bdf50b21b1e6584b01c,129,1,159.9,4,5,5,455,Champions
e4b4ab0cebdc0949fcd579139e173acb,548,1,59.99,1,5,3,153,At Risk
e4bbcc533fdf3917c56dea2c43bf2084,221,1,86.9,3,5,3,353,Loyal Customers
e4bd14f440ef8ed8d3cf48ebf731fd7f,386,1,51.0,2,5,3,253,At Risk
e4bd579c28cb9ce017feb990171bc957,415,1,95.0,1,5,4,154,At Risk
e4c027c785dad2335ef0224ab5bad8d4,242,1,120.0,3,5,4,354,Loyal Customers
e4e4b8552ae792cc58e07b3360033016,374,1,35.99,2,5,2,252,At Risk
e4e6876cca9888203156816a0e2a7523,202,1,14.9,4,5,2,452,Loyal Customers
e4efc3b55060412aa551053c35f581f4,83,1,0.0,5,5,1,551,Loyal Customers
e4f218d824a59b96c4399ad182327138,188,1,89.9,4,5,4,454,Champions
e4f8995d1c02567ac653a0016a2a195b,296,1,229.99,2,5,5,255,At Risk
e4fa7e3641d015919cf66a0919c1e7e6,40,1,99.9,5,5,4,554,Champions
e4fee005515f62ed99b3f4e09d921d0d,198,1,0.0,4,5,1,451,Loyal Customers
e51eaffb93507fb621df4131e0454edd,598,1,189.9,1,5,5,155,At Risk
e52ae9727cc55d618b980d016a274cc7,33,1,28.9,5,5,2,552,Loyal Customers
e52d8bf5666be73028f2573fb19d1304,39,1,259.0,5,5,5,555,Champions
e53d5867adb7d3d00d046b004fff2e95,158,1,0.0,4,5,1,451,Loyal Customers
e541da79e03f46ae13e6bad9d4b9ec08,264,1,0.0,3,5,1,351,Loyal Customers
e550a3e35434ae49ef5fc19b03038f39,156,1,49.9,4,5,3,453,Loyal Customers
e552f9058852b6d263b3463abca2c07b,334,1,99.0,2,5,4,254,At Risk
e556b268c7634506fcda88013adc1c82,249,1,14.99,3,5,2,352,Loyal Customers
e559037a41c00e67a8f44632d83e1475,427,1,20.89,1,5,2,152,At Risk
e559839364c5291151976b2c69daa5fd,124,1,0.0,4,5,1,451,Loyal Customers
e559969619d1a0922477a2d8cfaf50d9,151,2,56.97,4,5,3,453,Loyal Customers
e55edfb92c19a7c7836068f345250c87,416,1,159.9,1,5,5,155,At Risk
e55ff332cb2752e2bf1be25cc725c801,149,1,99.9,4,5,4,454,Champions
e56c92245b4ec59712e11080051de6e3,161,1,179.78,4,5,5,455,Champions
e57065168c3718bdfcf543c020c2d2d0,577,1,44.9,1,5,2,152,At Risk
e573a0cfd274f1b93437e8aa24a45e8f,279,1,0.0,3,5,1,351,Loyal Customers
e578d96e5bd3851422a5a12455f10a37,284,1,159.0,3,5,5,355,Loyal Customers
e579984b1fa040b79e91c2812c918b3c,191,1,0.0,4,5,1,451,Loyal Customers
e57ee0110899c25ce93ffc9752424efb,281,1,112.0,3,5,4,354,Loyal Customers
e581f5bacf37ab239992e761964278a2,52,1,99.9,5,5,4,554,Champions
e588f1b5d00b4697f453375ba8fedad5,192,1,325.0,4,5,5,455,Champions
e58a978fc59d070baefbaea0292456eb,273,1,199.98,3,5,5,355,Loyal Customers
e58c0425c86af4194fe83131da0673a0,84,1,124.9,5,5,4,554,Champions
e59d2aaa438875714d5b01a24b48aa49,209,1,295.0,3,5,5,355,Loyal Customers
e5a0a6fcda91e9d7bb406fdf31c90fd5,79,1,0.0,5,5,1,551,Loyal Customers
e5a90deae8eef691859d8bd3649c5536,36,1,32.0,5,5,2,552,Loyal Customers
e5ae3dacf82b0ced4bd9e85046b96f38,205,1,53.0,3,5,3,353,Loyal Customers
e5aff219fad70bd49fa3e44223006b09,140,1,93.0,4,5,4,454,Champions
e5da246ec8495416c700f325533688b6,269,1,89.91,3,5,4,354,Loyal Customers
e5eed5d0afc1ee8620468918995df9f6,319,1,99.99,2,5,4,254,At Risk
e5f02d7d17c6b96e78f078a555516a23,434,1,48.9,1,5,2,152,At Risk
e5f046d49786b5b1992e0567d40a6600,152,1,0.0,4,5,1,451,Loyal Customers
e5f4c50b9b79024bcf048ad25fa518b6,252,1,9.0,3,5,1,351,Loyal Customers
e60599551efd9a16671ddf0668aea5f1,356,1,147.0,2,5,4,254,At Risk
e616b8462d4d4fadad750989fe75d0a4,572,1,93.9,1,5,4,154,At Risk
e61f0f032bc92cadf0ec55f9c1c8b5ec,31,1,0.0,5,5,1,551,Loyal Customers
e62169ba0cb892e8e7b57e8602f8da7f,567,1,0.0,1,5,1,151,At Risk
e6265c2122da57d6bb3df820dec0d905,357,1,0.0,2,5,1,251,At Risk
e634cac201375acd5919890a31445426,166,1,34.9,4,5,2,452,Loyal Customers
e63b7e65ecb65d0d1624a564fa2c8cff,365,1,7.0,2,5,1,251,At Risk
e63d1b81ea1a2cc0a9468c06a4305e09,298,1,56.99,2,5,3,253,At Risk
e64269d4e5997521884e61069f671fc8,298,1,58.0,2,5,3,253,At Risk
e6428c4b3e9771c097f0ec6d16fd1d96,205,1,175.0,3,5,5,355,Loyal Customers
e64711458e5538f51bc01c3388443450,186,1,144.99,4,5,4,454,Champions
e64ff3aa451224e1c9459826a335ff33,435,1,150.0,1,5,5,155,At Risk
e6558a7e200fd62e29e284c91e771b00,297,1,41.5,2,5,2,252,At Risk
e6615a6b892c0ae58f8d1e1bd8f1c609,455,1,89.9,1,5,4,154,At Risk
e67fade5c7d2afb5446c930b10210434,63,1,32.0,5,5,2,552,Loyal Customers
e68790871f64ddcc3e7f47040727a0f0,298,1,117.3,2,5,4,254,At Risk
e68e57f2c6750ea1ca70246e464a8c35,413,1,22.9,1,5,2,152,At Risk
e69a2237d79485b1bf4c1b4dca757b4c,238,1,79.9,3,5,3,353,Loyal Customers
e69c664cef877ebf383baaad71573e5e,214,1,149.99,3,5,4,354,Loyal Customers
e69e2b2ce493d7d2307b2588fd1614bd,567,1,119.99,1,5,4,154,At Risk
e69f2718de164c3f1a592ec3f3e68dd3,32,1,118.13,5,5,4,554,Champions
e6ae3727da5a849a77c47c7d661bd152,97,1,125.9,5,5,4,554,Champions
e6aede5b2818df1b512845c729cf7463,296,1,1098.0,2,5,5,255,At Risk
e6b34658d05806bc09a58a9b0814e93b,72,1,69.99,5,5,3,553,Loyal Customers
e6b7d4d4935d76db6efb38e40bbdd43e,497,1,29.9,1,5,2,152,At Risk
e6b9dca9843cca78a45a342dbc75ec62,207,1,0.0,3,5,1,351,Loyal Customers
e6bce3bae4ce9bba358e56e51d9e005a,301,1,95.0,2,5,4,254,At Risk
e6bfc657dec39a875b8d3e2d9fed8d62,183,1,115.0,4,5,4,454,Champions
e6c4ff8a40f09e03dc463d697066056a,401,1,119.8,2,5,4,254,At Risk
e6ca72b67c6e4ff59f24daaa03d0f593,245,1,129.0,3,5,4,354,Loyal Customers
e6d3a211ef39d127621ff7b413af85bd,266,1,186.0,3,5,5,355,Loyal Customers
e6d5de7faa32aae4746d4900a9ceb236,487,1,0.0,1,5,1,151,At Risk
e6e2a0b666308138b428a3171f518355,420,1,199.0,1,5,5,155,At Risk
e6e960c1e6bb00b15cab440eef8d6875,155,1,199.0,4,5,5,455,Champions
e6eaee40c7a7c72731ecba5debb98324,48,1,379.9,5,5,5,555,Champions
e6eb191ddc04af07531ff36d2caca1ff,215,1,79.99,3,5,3,353,Loyal Customers
e6eb6cfd376785a831c39d868572d0e4,232,1,105.0,3,5,4,354,Loyal Customers
e6ecf8f816d5aa381b49e989645c9471,147,1,139.0,4,5,4,454,Champions
e6edb226c81532e64e91558ee64dcea7,99,1,109.8,5,5,4,554,Champions
e6f10d37b6e31dc71fc68263c9a0ef0d,215,1,104.0,3,5,4,354,Loyal Customers
e6f1d12fccf59c1b98c41d5b818c4138,110,1,0.0,5,5,1,551,Loyal Customers
e6f6acc2074b58f269526302f3926428,351,1,239.9,2,5,5,255,At Risk
e6fa7cc86905b2aa644fcce145e2dc80,151,1,269.9,4,5,5,455,Champions
e6fdeb2ae78e71035c9db4c86e778455,46,1,99.0,5,5,4,554,Champions
e706413ab8ea0f24e331d90182dbd897,36,1,27.93,5,5,2,552,Loyal Customers
e707dc75cda76b17ee5585ded1d2eb5e,183,1,322.0,4,5,5,455,Champions
e7122d936e3c5028c45df3228671cda9,283,1,114.94,3,5,4,354,Loyal Customers
e717c553c2b3baed9873e84dbb210f48,114,1,299.99,5,5,5,555,Champions
e72c54ba06b40cea8b3099c6662ef3eb,509,1,55.5,1,5,3,153,At Risk
e72ca4ec535043aba6d08184a176341a,31,1,0.0,5,5,1,551,Loyal Customers
e73b42bdb071b28c0826e288cc7983f7,91,1,67.0,5,5,3,553,Loyal Customers
e746ffe09133375bd7a8cd10ddd7c89a,167,1,0.0,4,5,1,451,Loyal Customers
e74a66b4b4bed8696026a6c260485b7a,329,1,0.0,2,5,1,251,At Risk
e74bac33c74acb3dccc5a5bc302dc527,167,1,69.0,4,5,3,453,Loyal Customers
e75299e7341399b1d5f990c7d13b2773,299,1,0.0,2,5,1,251,At Risk
e76c8258cfa1b0c9ed716977fb84f0c8,32,1,19.9,5,5,2,552,Loyal Customers
e77efb6522986a5e862a54dd91251bb3,461,1,89.0,1,5,3,153,At Risk
e77f97a4b49c999460c0e213e298f944,372,1,145.0,2,5,4,254,At Risk
e780757b43bdb9a1abdf5bc54dfbf54e,31,1,0.0,5,5,1,551,Loyal Customers
e780f220ae4ea7c90dfb37f103e41950,356,1,34.99,2,5,2,252,At Risk
e78187213bc8a0ac295b98485bbe9441,283,1,129.8,3,5,4,354,Loyal Customers
e792295324dc214551396089642c31ca,303,1,259.99,2,5,5,255,At Risk
e7931edb23d9f6c6cbb441a68134fa00,425,1,159.0,1,5,5,155,At Risk
e79c794eb044c594d923722240125052,56,1,2199.0,5,5,5,555,Champions
e79e1a72ae3be0874ceaed13900757a8,193,1,0.0,4,5,1,451,Loyal Customers
e79f6cfdcc27ec08665098c48ab029e0,246,1,298.0,3,5,5,355,Loyal Customers
e7a0b95fe6d4836d124b1566642ffbec,134,1,0.0,4,5,1,451,Loyal Customers
e7aa5a5869f3e9d7d04fd3aa5f90631f,488,1,189.0,1,5,5,155,At Risk
e7ba333fbe7c3afa5f89cb575f9eac6e,498,1,0.0,1,5,1,151,At Risk
e7bf2599abad3230657a9b520ec337e2,142,1,38.99,4,5,2,452,Loyal Customers
e7e4ae6b758798774a5fa6afdc236c02,28,1,117.0,5,5,4,554,Champions
e7fb9f1bc1af781c26af81deea39de70,477,1,159.9,1,5,5,155,At Risk
e803c2ae7cade79fbf83dad91e48203a,179,1,129.0,4,5,4,454,Champions
e8085241eb1297eaa9bfa9453ea0b1ca,434,1,49.9,1,5,3,153,At Risk
e808aa0ce98f33e671bf3e5b47756564,414,1,0.0,1,5,1,151,At Risk
e8092d3af4962027cd1f45d669494cd6,503,1,0.0,1,5,1,151,At Risk
e80a8c34a80c26fe8c70c6d316c7f1c4,504,1,199.0,1,5,5,155,At Risk
e819069612699e215127ae14289c413c,604,1,164.89,1,5,5,155,At Risk
e81dd1589aadf99b5c59c15289de5df0,591,1,23.9,1,5,2,152,At Risk
e826d75e1a32de5192ceb48b08b358d0,126,1,38.7,4,5,2,452,Loyal Customers
e829959413964c8eb62ea8658e0431dc,137,1,134.2,4,5,4,454,Champions
e836a4279bd9127752d8949d46f7a5a5,70,1,0.0,5,5,1,551,Loyal Customers
e846010bf9fc991b1283ee2de425fae2,184,1,0.0,4,5,1,451,Loyal Customers
e84ac1e802114860d63efeff52694d38,39,1,116.9,5,5,4,554,Champions
e85aa5ea969fd37243d6d1551500447e,87,1,79.98,5,5,3,553,Loyal Customers
e86c8c3deb1931319cacce610efc4514,301,1,32.99,2,5,2,252,At Risk
e88522b2099d00ffd478720abcaeba48,108,1,0.0,5,5,1,551,Loyal Customers
e88704adc73b8ffee316e21ae63e6f0e,53,1,47.99,5,5,2,552,Loyal Customers
e88ed2cb0285a475c13f51bbde9e6f36,188,1,45.99,4,5,2,452,Loyal Customers
e8909eabc0b5ef3f6e86cb6a53fc6758,232,1,0.0,3,5,1,351,Loyal Customers
e8972c7faa1ea06a4dc10c991aef5eb4,76,1,78.0,5,5,3,553,Loyal Customers
e89bab624ed1d8c75012bf52bacc654c,281,1,23.99,3,5,2,352,Loyal Customers
e89bf89e2621b5aeb4c181e69a8c6952,445,1,0.0,1,5,1,151,At Risk
e8a7165667b5a473e0b04dae68d6b88d,159,1,119.0,4,5,4,454,Champions
e8a76fd9643bc0cd7e801230e90c0941,557,1,249.99,1,5,5,155,At Risk
e8b370122395d9979a0d319db8dbdfcb,494,1,19.9,1,5,2,152,At Risk
e8b4b9cf7e6a2e6e13371f3439a4a1ba,241,1,184.06,3,5,5,355,Loyal Customers
e8b82b7189d0161005e4bacb11e209ea,206,1,149.99,3,5,4,354,Loyal Customers
e8bab621313ad2a3c0ce8e3a023ff9bb,365,1,0.0,2,5,1,251,At Risk
e8c5dfe905d9613124f527839d4a002e,91,1,84.9,5,5,3,553,Loyal Customers
e8dffc994f5e11c852b8706c0470ce53,290,1,84.99,3,5,3,353,Loyal Customers
e8e2449fa453dd320f605734798bb093,267,1,99.0,3,5,4,354,Loyal Customers
e8e2ebd9428c8ec572b61a8b0065873f,221,1,199.9,3,5,5,355,Loyal Customers
e8e6ad15f20b2fa12d9ce4c6289e38ba,143,1,55.9,4,5,3,453,Loyal Customers
e8ec004df6d22ae031607c67f3d4f8dc,227,1,74.9,3,5,3,353,Loyal Customers
e8f2f808befac3751a24bf41b69673f0,520,1,186.99,1,5,5,155,At Risk
e8fb80236bb14f2caec27c7a7f493359,185,1,29.9,4,5,2,452,Loyal Customers
e8fdc48586ede8c54d9dd454f21b30d6,304,1,0.0,2,5,1,251,At Risk
e90332eb389e52e39e2567fe96001806,333,1,59.0,2,5,3,253,At Risk
e90dc9258e140b61728e3745eacb26fe,44,1,479.77,5,5,5,555,Champions
e90f272d5dd5127cfac1bc553a142b3a,166,1,36.9,4,5,2,452,Loyal Customers
e90f4d881abb391d0392ef162ddc35fb,176,1,199.96,4,5,5,455,Champions
e91a66767e2d402a7ad1dbe8ee9cd690,264,1,25.0,3,5,2,352,Loyal Customers
e91d88a8eb7dc07c7f6204ed0150316e,136,1,45.0,4,5,2,452,Loyal Customers
e91d99078659be9b7b474bd69cb53ac3,88,1,224.70000000000002,5,5,5,555,Champions
e91de0cd1805d4c23b74e2abc6005341,314,1,89.9,2,5,4,254,At Risk
e927c84f4df4da16a912d38be0b63da4,104,1,144.0,5,5,4,554,Champions
e92a2a874e305a7e920b0a0b308d5890,345,1,2680.0,2,5,5,255,At Risk
e92cf8004da0ba60863ad7d5bd816f5c,300,1,0.0,2,5,1,251,At Risk
e930ff552bf26788da98bf0b04f51fb7,197,1,0.0,4,5,1,451,Loyal Customers
e93734fde27018134fa655ddd52c774c,168,1,69.0,4,5,3,453,Loyal Customers
e93d9a6b5205ffb13668bdea1285c973,306,1,150.0,2,5,5,255,At Risk
e948e2ea40babf8a45031e4c1e5c1504,125,1,58.0,4,5,3,453,Loyal Customers
e9494560865a85c42137b2620c9a0889,43,1,153.0,5,5,5,555,Champions
e95ee26dc2deadf1d73c8678f82e44d9,304,1,41.5,2,5,2,252,At Risk
e9659b474a13413b36c7a5c1e6d7055b,425,1,87.9,1,5,3,153,At Risk
e97109680b052ee858d93a539597bba7,106,1,31.9,5,5,2,552,Loyal Customers
e973edd68791bae7747c986eb898cd00,295,1,0.0,2,5,1,251,At Risk
e983d6a5d6a92e29fcc48d7b42a6031e,44,1,395.0,5,5,5,555,Champions
e988d62d7f4cc99ba5c365220d1c17b3,30,1,0.0,5,5,1,551,Loyal Customers
e9a7c645f36f06a855535135f8900fc2,64,1,12.99,5,5,2,552,Loyal Customers
e9b5c04c2364a0d172307ecb95a74ef4,294,1,69.9,3,5,3,353,Loyal Customers
e9c484d9dcf31bbc2c94118f6a79d007,344,1,104.9,2,5,4,254,At Risk
e9c60120b92bd4db7a31c61afb598b2f,144,1,39.9,4,5,2,452,Loyal Customers
e9c9682161ad1d5f51d7ae6e07447f88,550,1,0.0,1,5,1,151,At Risk
e9dc392ca45bbd1c3faf921ccd7ebbd1,477,1,264.99,1,5,5,155,At Risk
e9dd12dca17352644a959d9dea133935,156,1,44.99,4,5,2,452,Loyal Customers
e9e106a3223495b9c7bfe80b84a5c293,248,1,117.33,3,5,4,354,Loyal Customers
e9e222c7329e066228c28fbf0bea98ec,237,1,149.99,3,5,4,354,Loyal Customers
e9e2ea9f0a8f6ec3bc49cec168ac3af5,149,1,189.9,4,5,5,455,Champions
e9ea974c698b57da5b96f665da9d7b1c,410,1,58.99,1,5,3,153,At Risk
e9f3a93637f1e7461a13032d6ad84661,283,1,45.62,3,5,2,352,Loyal Customers
e9f5dd4be49421d8bee2a0f8dd7e439f,423,1,42.9,1,5,2,152,At Risk
ea1047b9edfc80b38ec0c2502432d577,472,1,0.0,1,5,1,151,At Risk
ea134de7de1af089905e923b036a7fe4,400,1,14.0,2,5,2,252,At Risk
ea15638adf14a88a2011afc5daa75256,479,1,126.99,1,5,4,154,At Risk
ea181cbd6e92042ba5c8dc8ff10318e5,118,1,69.99,4,5,3,453,Loyal Customers
ea201d395b28edab46f644127fbd34ac,153,1,0.0,4,5,1,451,Loyal Customers
ea20fb8852a37fb8519b72f172bb3d67,540,1,415.88,1,5,5,155,At Risk
ea2cf3092f1a6b9641abe79f008ad478,547,1,0.0,1,5,1,151,At Risk
ea354e8bfd0528f5bcfb2b5c305b6496,556,1,0.0,1,5,1,151,At Risk
ea3bc531491303af49fba79aab775963,45,1,33.9,5,5,2,552,Loyal Customers
ea45fdfe8aaa3f81604b23a652c49fcf,323,1,119.8,2,5,4,254,At Risk
ea4a8de10fce39388e467e38acbe63fc,290,1,34.9,3,5,2,352,Loyal Customers
ea4b63bf530181dd3e6f511f3aec27a5,170,1,0.0,4,5,1,451,Loyal Customers
ea4d52b176423e61a84052b0f4717be9,209,1,105.0,3,5,4,354,Loyal Customers
ea5285161c5b3fceaeb2c38b6c9b6da2,275,1,0.0,3,5,1,351,Loyal Customers
ea53ee21d57c1cf01ed88b168a400ae3,188,1,33.9,4,5,2,452,Loyal Customers
ea5ba533074aeff0844eab0c690b2c7a,300,1,23.99,2,5,2,252,At Risk
ea638fb7f3303f3c72cf8e7af61a6a37,464,1,123.89,1,5,4,154,At Risk
ea7eb5e5136faca8760cd23ca8f46410,214,1,110.0,3,5,4,354,Loyal Customers
ea870f4fdfd85ac98ab775b76efe3143,287,1,144.99,3,5,4,354,Loyal Customers
ea8bdf937b5ceae8fbaa953862dda224,165,1,29.99,4,5,2,452,Loyal Customers
ea963389a3d0298f11f13b19de11dc37,217,1,79.0,3,5,3,353,Loyal Customers
ea9d1d54202e5efc875aeb93cf48b20b,172,1,22.5,4,5,2,452,Loyal Customers
ea9dbe6719ce1f77f6b030a306f4fb84,433,1,0.0,1,5,1,151,At Risk
eac4081f1bffeed8e8daf373c384af34,301,1,0.0,2,5,1,251,At Risk
eacb926338b82830ec382831a99df2ad,290,1,38.8,3,5,2,352,Loyal Customers
eaee80ca87b183f22bca9bbfa8ab0928,332,1,0.0,2,5,1,251,At Risk
eaefa1e081dbc951edfa76cccd68f018,131,1,14.49,4,5,2,452,Loyal Customers
eafdb06906a4d6764948319c9e722e26,137,1,144.0,4,5,4,454,Champions
eaff5cd23fd2561c791fbf1e492f5dc5,103,1,185.0,5,5,5,555,Champions
eb0b2b27092b331ff01b1998f71e180a,158,1,0.0,4,5,1,451,Loyal Customers
eb0c8f36a5a4d82d68050a1b95ff2faa,39,1,56.54,5,5,3,553,Loyal Customers
eb17a45cc9586bc95b8ea855d83e7b6f,243,1,60.0,3,5,3,353,Loyal Customers
eb255e9f7f5fbc8315061b20ae8f3ad7,528,1,69.9,1,5,3,153,At Risk
eb2f077015f1bd2425e18d03f5518252,35,1,179.9,5,5,5,555,Champions
eb2f753482ad0fe9d19138e4eb07985a,26,1,299.0,5,5,5,555,Champions
eb406f65c94700a8e09d6cf2c4c1ef9f,379,1,98.63,2,5,4,254,At Risk
eb4520b16c32518b6615f2d50f1be1bb,493,1,179.98,1,5,5,155,At Risk
eb4b36bc0ee78dd9b0135d06ba99120b,181,1,99.0,4,5,4,454,Champions
eb6032dea9f269982768cc6eed456cc0,357,1,19.9,2,5,2,252,At Risk
eb62b07ca321721f670878d498af4833,421,1,0.0,1,5,1,151,At Risk
eb679f5c31d49d7a27b04db1e948b959,351,1,899.99,2,5,5,255,At Risk
eb7db70437d4e216fde81a8f935e6d5f,165,1,29.98,4,5,2,452,Loyal Customers
eb8367e178d144706a4ff3da62d284cb,343,1,38.0,2,5,2,252,At Risk
eb8559e29e05f13da4c369aa00081da6,309,1,99.0,2,5,4,254,At Risk
eb859d4b5ab54b643d2c0cedaca0c9fb,80,1,249.9,5,5,5,555,Champions
eb8ba0e91b822fefb8d7f0243881647d,36,1,259.8,5,5,5,555,Champions
eb9414e9c56dacd436c2b7a274b34983,557,1,0.0,1,5,1,151,At Risk
eb95548b5609bc72326178567edf6f69,375,1,0.0,2,5,1,251,At Risk
eba4578c5f557801a1a0e70e71fd6580,261,1,69.9,3,5,3,353,Loyal Customers
eba95c4194cfabd51ed78f00dad89815,158,1,43.8,4,5,2,452,Loyal Customers
ebcabf25f7c1fe3f0b1dc696cb94f1e7,300,1,89.99,2,5,4,254,At Risk
ebd29227edeb5b2661cc8dbeeaeacf60,213,1,144.41,3,5,4,354,Loyal Customers
ebd599a8163e7b1a584c6507947655b2,463,1,0.0,1,5,1,151,At Risk
ebdcff38570e8f463f6d0d6d48f0c3ef,134,1,169.9,4,5,5,455,Champions
ebedac088806fe85e8083426d9e952e3,134,1,139.8,4,5,4,454,Champions
ebf6809d3711acdd1701b98544f57d0b,142,1,99.9,4,5,4,454,Champions
ec039b68b511c08af9ca9e49e7419e70,309,1,248.99,2,5,5,255,At Risk
ec0d14f6ecca05089a0a9e0440d3d8de,142,1,24.9,4,5,2,452,Loyal Customers
ec1857e9f38a9fc1e288aeb48afda567,154,1,59.0,4,5,3,453,Loyal Customers
ec2121e4614c17cbad97cc243a299d17,147,1,0.0,4,5,1,451,Loyal Customers
ec441c1966bfa602976763f330fc5168,247,1,0.0,3,5,1,351,Loyal Customers
ec4577a86e2563cd8ac681f74ca30f47,88,1,149.9,5,5,4,554,Champions
ec58906af5e6e0c82408136a61d23624,411,1,89.9,1,5,4,154,At Risk
ec59dafb5820ce13fcc2fd6402be9b54,200,1,419.3,4,5,5,455,Champions
ec61877bf79d83a203085ea6022cb384,184,1,19.9,4,5,2,452,Loyal Customers
ec66304b229f162d56f6711761aa8311,474,1,0.0,1,5,1,151,At Risk
ec6969699229c33bcb31059d4184049f,602,1,0.0,1,5,1,151,At Risk
ec6a267aac7d40277f50dfed2d449cf1,167,1,28.7,4,5,2,452,Loyal Customers
ec6b8265aff906d167dea1b6fac6327a,95,1,29.99,5,5,2,552,Loyal Customers
ec6da744b820c4d98e6e74d2fee09634,169,1,170.0,4,5,5,455,Champions
ec7f1811826ab04a27a92197bc40c888,305,1,130.0,2,5,4,254,At Risk
ec7ff0c5e0b5495ed3c49c6bfd6d9ca1,484,1,174.9,1,5,5,155,At Risk
ec85abbbac44c1bb668a04903d033b6d,296,1,0.0,2,5,1,251,At Risk
ec9e9ceb08705ea60ca51e8697b8b68a,222,1,0.0,3,5,1,351,Loyal Customers
eca3a8926046168aff9d798845a45446,419,1,54.99,1,5,3,153,At Risk
eca6d8070a6f7ab0bbe81ab5cc878db3,501,1,0.0,1,5,1,151,At Risk
eca8b601332d77bbeaebd6777d239e5b,422,1,0.0,1,5,1,151,At Risk
eca99c7b0bb707d3f08b027e8994b79e,491,1,0.0,1,5,1,151,At Risk
ecb12ceb8cada321f17ac7b0a87a3d6d,54,1,138.0,5,5,4,554,Champions
ecb80b0bfe3fe9140d314839cfb3a7df,155,1,500.0,4,5,5,455,Champions
ecb8b41c3b84f98546950696321100d8,372,1,161.9,2,5,5,255,At Risk
ecc519255f1070babb6f6bb93f56b183,259,1,0.0,3,5,1,351,Loyal Customers
ecc6d0f3eb9435df737e1f0d9a1c6d3f,233,1,199.9,3,5,5,355,Loyal Customers
ecc930730890330ced95c4fc78d4a91c,532,1,59.99,1,5,3,153,At Risk
ecd33f750e25a3b5587a040a456a2854,33,1,0.0,5,5,1,551,Loyal Customers
ece7851ab0c8e9f6c398fbec7ba43747,553,1,59.98,1,5,3,153,At Risk
eceb50042675f24ba84998de4520465d,437,1,259.0,1,5,5,155,At Risk
ecef38d75a3dc4093d10bfe4907db4e9,550,1,239.8,1,5,5,155,At Risk
ecf3b5c0c40d0fe49084ec3a467b952d,175,1,94.5,4,5,4,454,Champions
ed23eb17b3833195c84eb2e4c069877f,137,1,35.0,4,5,2,452,Loyal Customers
ed2d367a770fb3218c2b37cd4dc26381,134,1,12.25,4,5,2,452,Loyal Customers
ed3c685828145919f83c3df6209a57e9,257,1,89.0,3,5,3,353,Loyal Customers
ed404c92ac3d0b621e1ddc2c3f947de9,421,1,35.99,1,5,2,152,At Risk
ed54434e600602d26905e55f0cc61a50,291,1,0.0,3,5,1,351,Loyal Customers
ed6656660ab96a9ccb13277219024335,109,1,0.0,5,5,1,551,Loyal Customers
ed6923bff4d0397e4f5bb4b64ec97b85,53,1,15.99,5,5,2,552,Loyal Customers
ed770d411ea2e927e3b2dc575c0ca653,53,1,66.55,5,5,3,553,Loyal Customers
ed86e9dd7c8d0fe11e7fc8e31d96d675,197,1,32.0,4,5,2,452,Loyal Customers
ed9d56556693e0497814d1ff8607179d,78,1,0.0,5,5,1,551,Loyal Customers
ed9fce60567d03fff71f9c06084c998e,512,1,0.0,1,5,1,151,At Risk
edbc116669001dfae2e4b0b7d23f7b12,54,1,0.0,5,5,1,551,Loyal Customers
edc9873039c3986b086a6fa6953bcf27,415,1,39.98,1,5,2,152,At Risk
edd0d266ff17dbbc60ee63eaa7cc4fb0,360,1,0.0,2,5,1,251,At Risk
edd5bf7a832faf132ed09bd37bd78438,156,1,0.0,4,5,1,451,Loyal Customers
edd5f04fdd44b267bc93f4dcc01016a8,298,1,49.9,2,5,3,253,At Risk
edec9dc5759b4c2c62832162127ee800,445,1,488.99,1,5,5,155,At Risk
edf0cf9568d3eb609706a98548c06e83,293,1,69.99,3,5,3,353,Loyal Customers
edf776664f19fc473c3c67fb28939a9a,520,1,127.9,1,5,4,154,At Risk
edf81e1f3070b9dac83ec83dacdbb9bc,520,1,7998.0,1,5,5,155,At Risk
ee053c87e7fb771f1326ad7f8592c28e,83,1,155.0,5,5,5,555,Champions
ee0e744d5d1a2a0cb5a1920ef02b8f3c,476,1,0.0,1,5,1,151,At Risk
ee23e2b6350cac2c40e521f2253706b7,111,1,0.0,5,5,1,551,Loyal Customers
ee24b1378c5c548784515158f298b392,172,1,0.0,4,5,1,451,Loyal Customers
ee25395beccf60a948ec3591ec9ddacf,482,1,24.9,1,5,2,152,At Risk
ee2c239826fa08040447be849527bc56,362,1,189.9,2,5,5,255,At Risk
ee3074a0ae884d6cfbe6a79a3f76f729,121,1,0.0,4,5,1,451,Loyal Customers
ee3575d8ee7cd3251e3efd6f9cf23fea,134,1,249.22,4,5,5,455,Champions
ee3944b64a4a9207cf551a5fe12982d1,505,1,0.0,1,5,1,151,At Risk
ee3f102da1f94d5782046090f5c6c67c,616,1,377.0,1,5,5,155,At Risk
ee40f86698d1bf94897d87fe5dbc1b2a,235,1,31.9,3,5,2,352,Loyal Customers
ee464d4fde64c19df72f3051c29e0803,219,1,28.0,3,5,2,352,Loyal Customers
ee4a83704c2de0dc8266893fa5cf966b,407,1,182.0,2,5,5,255,At Risk
ee515c21c199f27b0a4d254de725ed59,408,1,97.0,2,5,4,254,At Risk
ee6a2866f7155fed1d03b15ca4e234f4,410,1,149.9,1,5,4,154,At Risk
ee93308f8889d7d12be43a9d18bcb405,204,1,16.99,3,5,2,352,Loyal Customers
ee94c6489208799271238c965bdbd1ac,60,1,21.52,5,5,2,552,Loyal Customers
ee98818c6687d02e43557a4ea0178b2b,409,1,0.0,1,5,1,151,At Risk
eea6e5f01ce486fd7727e0611cdbaacd,113,1,0.0,5,5,1,551,Loyal Customers
eec22f8e7010fbe7984dd05dafa4f583,225,1,72.9,3,5,3,353,Loyal Customers
eec8231e8d513be98954dbcbe946528d,90,1,104.8,5,5,4,554,Champions
eec986cd55c7e9216de6c9cbe49979d3,104,1,9.9,5,5,1,551,Loyal Customers
eed62c02f6a5da5c0b856bb612d42cd6,129,1,173.8,4,5,5,455,Champions
eedc362a708fc98e119a63703ef27f98,412,1,0.0,1,5,1,151,At Risk
eede3c924dcfa1c4340e70b50010be26,113,1,84.9,5,5,3,553,Loyal Customers
ef07ba9aa5226f77264ffa5762b2280b,193,1,61.0,4,5,3,453,Loyal Customers
ef0a8d2605a81782c6a3c46d62a908e8,283,1,49.0,3,5,3,353,Loyal Customers
ef1c2fafea5285a4bfb61386bc5e3154,31,1,218.0,5,5,5,555,Champions
ef1d0f1922417f396a0aa0a03296c572,415,1,134.99,1,5,4,154,At Risk
ef2c223efd90366cb6639746cfcfc7ad,192,1,63.99,4,5,3,453,Loyal Customers
ef4ae125724cae06f46da6a302c610d2,419,1,259.95,1,5,5,155,At Risk
ef53388a6daddbb43f7f79731ad79b96,304,1,99.0,2,5,4,254,At Risk
ef543410650635c64cf3193370ebb765,79,1,0.0,5,5,1,551,Loyal Customers
ef574e3866eb2704cb9b0345f84f9883,136,1,110.32,4,5,4,454,Champions
ef583977570de5ee4dcb0cb083bde3e1,234,1,21.9,3,5,2,352,Loyal Customers
ef5947984bf1aad3ed84c0ad7da9f059,323,1,0.0,2,5,1,251,At Risk
ef67aca39c6d032bf935e90fad8d8255,393,1,24.99,2,5,2,252,At Risk
ef6bed289484bbefdf0ff228126fe5ce,228,1,0.0,3,5,1,351,Loyal Customers
ef6f13afb9897c1d50fa603c47749b86,342,1,137.9,2,5,4,254,At Risk
ef703a9d0ca43405418d06ccd6f5c0e6,144,1,64.89,4,5,3,453,Loyal Customers
ef877ec0a5efd176c1717e9c732d0bea,375,1,0.0,2,5,1,251,At Risk
ef882a6d4c534617972ab417947a77c1,336,1,38.99,2,5,2,252,At Risk
ef8ca435dfe12287e7b14c1acd311f77,217,1,62.9,3,5,3,353,Loyal Customers
ef94319730784638e47138ded9d23014,338,1,0.0,2,5,1,251,At Risk
ef95fc30ec507e9c99984f33121a8276,519,1,151.74,1,5,5,155,At Risk
ef9a35567120657ebe2daf5889bdc777,178,1,49.9,4,5,3,453,Loyal Customers
efa0f03926c32196b7872e25a183ee84,442,1,78.0,1,5,3,153,At Risk
efa257ffe785fde9dff1241339324f8d,225,1,299.9,3,5,5,355,Loyal Customers
efc37ae565ee0943cca2b89fc65c4d6f,296,1,25.99,2,5,2,252,At Risk
efc58ec022b8ccef70b3218b74b0fd7e,99,1,150.9,5,5,5,555,Champions
efd877ae53d38706d4019f46bd72579a,233,1,0.0,3,5,1,351,Loyal Customers
efdde190794fc1f7e2d1c91dda5453fe,548,1,0.0,1,5,1,151,At Risk
efe8f87089ec28b1a681c20afa307784,132,1,223.0,4,5,5,455,Champions
eff12d4447f137712a387179ac15799f,268,1,141.98,3,5,4,354,Loyal Customers
effbebdf9854a4a1fa1783211054115e,568,1,89.0,1,5,3,153,At Risk
f00a8a03e3037fa13779c6659df93647,438,1,0.0,1,5,1,151,At Risk
f00aa1cfc257dfff20184269b19db923,343,1,0.0,2,5,1,251,At Risk
f00dcc95289fc9d9a4938889748b94fe,444,1,0.0,1,5,1,151,At Risk
f036ca45f48f9058e7a227905a55eb7f,338,1,92.34,2,5,4,254,At Risk
f045bce89b92a2f52e084f72a1d10f8e,93,1,29.99,5,5,2,552,Loyal Customers
f053e082c3563fa331d4cd0c5d8ec177,130,1,157.89,4,5,5,455,Champions
f053ed40ef0fa5d5c8d6e50c125e9c1d,372,1,0.0,2,5,1,251,At Risk
f065c58f598684358eb6d2bc13e67ca9,83,1,139.98,5,5,4,554,Champions
f069e413035341e757048278bd55ef82,207,1,0.0,3,5,1,351,Loyal Customers
f06c7ebe0f12b42eab6530215eecdc9f,329,1,45.95,2,5,2,252,At Risk
f06d35a600b606329886d392afda66c7,74,1,0.0,5,5,1,551,Loyal Customers
f06dc1c33574bc4dd6225512fcfc3579,49,1,29.99,5,5,2,552,Loyal Customers
f08e73cf7f4d6403ec07e52497eb01bf,322,1,56.99,2,5,3,253,At Risk
f098fb162e43b4018ec692ecdbb07cf1,303,1,174.99,2,5,5,255,At Risk
f0a5d3542d18371f20467e53bb1e532b,227,1,180.49,3,5,5,355,Loyal Customers
f0b061f3c7f8b82f476bad34fb685ecd,209,1,335.0,3,5,5,355,Loyal Customers
f0b0e449bba201325e533f3f18596296,133,1,79.0,4,5,3,453,Loyal Customers
f0b7acd2e2d0980cde86801f38ee0e6f,244,1,289.0,3,5,5,355,Loyal Customers
f0cd1ff60635329804480b6c8f71e434,92,1,855.0,5,5,5,555,Champions
f0e26559ebc99fee583e3cc2c73d2ee7,74,1,149.9,5,5,4,554,Champions
f0e4503675216b3763cac5b231b4c053,204,1,149.9,3,5,4,354,Loyal Customers
f0e721656838e4d20a956242308007c7,116,1,228.0,4,5,5,455,Champions
f0f4fb215b9f40de47a8e6d679466d6f,266,1,99.9,3,5,4,354,Loyal Customers
f0f8cf670f53e55bf7ee272c9088c04c,152,1,99.9,4,5,4,454,Champions
f0fd988c7c2a4cba167138a8adada6ca,155,1,40.5,4,5,2,452,Loyal Customers
f1097c9562bd8f87de1e69c30b3b08eb,346,1,119.8,2,5,4,254,At Risk
f10bbd7b7956d31e6ae6473eb6fd852e,435,1,0.0,1,5,1,151,At Risk
f11555b4396eaa69a4c0980aa3522648,36,1,23.0,5,5,2,552,Loyal Customers
f121995493925a5ef0b46a13f594e0ab,247,1,419.99,3,5,5,355,Loyal Customers
f1222bacdff89a25eb29e54eeaabbe6b,249,1,19.9,3,5,2,352,Loyal Customers
f1236fdb8932b2aa1cebcc082b8fef62,232,1,0.0,3,5,1,351,Loyal Customers
f12f064c0a45fa8ac5b7d8934d1bf853,463,1,80.0,1,5,3,153,At Risk
f13f6afa0bcce14330a5bcb6f1076904,92,1,169.0,5,5,5,555,Champions
f1405c699dfee99f02a06fb8e6a5e46d,249,1,49.9,3,5,3,353,Loyal Customers
f141ef7130804c5422f2d1bb58115292,256,1,109.0,3,5,4,354,Loyal Customers
f145d50379275ab9931636f83b0102eb,105,1,0.0,5,5,1,551,Loyal Customers
f149d790d8d6abe55f02b6db058178f1,504,1,94.9,1,5,4,154,At Risk
f1502c61446672ca641cf3ebe7d4f445,451,1,139.8,1,5,4,154,At Risk
f152e6e63c0a4d7958c5a5ccc09d6206,163,1,39.99,4,5,2,452,Loyal Customers
f152faf30f85d9b5784cc9a72611a810,300,1,0.0,2,5,1,251,At Risk
f1577fe8a499651c3de5f2221dde3e90,549,1,49.9,1,5,3,153,At Risk
f164563c345a44cae29b45218a82e1e7,584,1,70.0,1,5,3,153,At Risk
f171039a67a78b3d57475168802da70a,609,1,6.9,1,5,1,151,At Risk
f172c33b146e90b95ee12499eb6632cb,178,1,139.0,4,5,4,454,Champions
f175a16d4e5581676e72c0d321d9ff7e,364,1,59.9,2,5,3,253,At Risk
f18e5b4c9e3a327346899fe26be08297,260,1,0.0,3,5,1,351,Loyal Customers
f1934cf6662a6b649f1338693a504eb6,415,1,34.9,1,5,2,152,At Risk
f19d60373731c89c95f36599c0a87f67,225,1,49.9,3,5,3,353,Loyal Customers
f1aa8a93852ae3083c1df4e1d57e633c,233,1,79.0,3,5,3,353,Loyal Customers
f1c0a99b859f709be78ef0d292178403,388,1,84.99,2,5,3,253,At Risk
f1c756fd2bfecc4219c72b2f819339b0,165,1,86.4,4,5,3,453,Loyal Customers
f1e0cfbcfd9aebd6d003f6667551a9ae,230,1,597.0,3,5,5,355,Loyal Customers
f1eb09d2858a28f796484f8a9dfe2872,362,1,79.0,2,5,3,253,At Risk
f1efc19f85b4823a0bfde8f77f913207,714,1,399.0,1,5,5,155,At Risk
f1f0f260afc590119fac7cf5329b259c,42,1,66.99,5,5,3,553,Loyal Customers
f1f4f45c8602d0db1329eed1c8e935d4,416,1,27.9,1,5,2,152,At Risk
f1f5fe1e62074c73f63cd29a537d2353,154,1,23.96,4,5,2,452,Loyal Customers
f1f63855251a2ca72167f4eb6be56f3a,289,1,44.49,3,5,2,352,Loyal Customers
f1fe705bc4a9f9b1508be25a3e4141f0,36,1,455.88,5,5,5,555,Champions
f203def2ea3fa4802452e8d195706cdb,242,1,29.9,3,5,2,352,Loyal Customers
f20aa79a6aa0dcc36506e84cb6a6ecec,162,1,75.0,4,5,3,453,Loyal Customers
f22a4eec99b70235446454b0db95ba19,225,1,45.9,3,5,2,352,Loyal Customers
f22c272b1abf07d355eee4c03f281b01,225,1,224.8,3,5,5,355,Loyal Customers
f23f0d559d56c42d76ada36eeb3abeb7,227,1,117.3,3,5,4,354,Loyal Customers
f2414e5fd75a810631336ec0553262d9,145,1,0.0,4,5,1,451,Loyal Customers
f243d92252c77162d6ba60fb32a99bf7,314,1,27.99,2,5,2,252,At Risk
f249a8d23948360f537ac2451b171902,210,1,25.9,3,5,2,352,Loyal Customers
f24ca8e0a6f2d24d865cc28b2d662dcc,135,1,24.99,4,5,2,452,Loyal Customers
f25c83fef4ae7252feec416e7927acac,204,1,108.0,3,5,4,354,Loyal Customers
f25f06e6fe07270ef5d0e88f19f178d0,383,1,0.0,2,5,1,251,At Risk
f25f4335773e57531fab383b2a86d978,181,1,21.99,4,5,2,452,Loyal Customers
f26afffdc68c5034a7ec4bba93e3c1b5,257,1,49.0,3,5,3,353,Loyal Customers
f26ee4cddd4ad02b262b34ee93b1c639,172,1,53.0,4,5,3,453,Loyal Customers
f272262b63e80c07cae02c8f07a777f0,233,1,49.9,3,5,3,353,Loyal Customers
f299134f7efff5b49cc413e408f1036c,301,1,0.0,2,5,1,251,At Risk
f29cbfd17d3e53191eedbd919a793435,44,1,320.45,5,5,5,555,Champions
f2a84e3bcb9db0d7ae7f66c23f6a390d,502,1,26.33,1,5,2,152,At Risk
f2a85dec752b8517b5e58a06ff3cd937,492,1,0.0,1,5,1,151,At Risk
f2a9bc9a1db05c873e1419654f747f9e,51,1,109.0,5,5,4,554,Champions
f2beb52a2427676390b75433a5a03bf7,290,1,0.0,3,5,1,351,Loyal Customers
f2cdfb7646bb6ac5d5ac8021c52dd8b6,50,1,139.98,5,5,4,554,Champions
f2e0d62cdd7a19522ebdfce5c35dfba3,149,1,0.0,4,5,1,451,Loyal Customers
f2e2e77dbdaf9b39a7a96b3d8dbdc978,154,1,119.99,4,5,4,454,Champions
f2e54b347dcce00e1c162013a5f91444,473,1,69.9,1,5,3,153,At Risk
f2e715b2da62fd0d1cd7e41f80ae48f7,249,1,18.9,3,5,2,352,Loyal Customers
f2eb5bf76a4172b5ac7fc0ce6d64c3da,416,1,59.98,1,5,3,153,At Risk
f300b00a19af4d4f7bdf9f4524c4587a,590,1,19.99,1,5,2,152,At Risk
f3033234e737e044ab64490153959611,295,1,559.0,2,5,5,255,At Risk
f31ac54af6af7097bddd1053011e7a3a,318,1,0.0,2,5,1,251,At Risk
f3201e968a7ab367335f43807cd67576,506,1,32.9,1,5,2,152,At Risk
f3227a87d760e7bbcaf5377918fd68a5,406,1,0.0,2,5,1,251,At Risk
f324fb2ff71d3fe466169a995de25315,62,1,79.9,5,5,3,553,Loyal Customers
f329e0e1d8897ffa466a836ed216a23b,432,1,89.9,1,5,4,154,At Risk
f32cdbbeca0aba5358bddc018dd12b09,157,1,149.9,4,5,4,454,Champions
f34748d5989b5cc736a0061dee1c9e34,206,1,149.0,3,5,4,354,Loyal Customers
f34dba306b9b0952ae463d995f11d785,60,1,159.8,5,5,5,555,Champions
f34dfcdc027db0be5e53a0e18f1bf343,521,1,124.9,1,5,4,154,At Risk
f35222abe97dc148f5dac20c4e770aa1,241,1,0.0,3,5,1,351,Loyal Customers
f3583c1f4a492c319e60501645848fef,304,1,643.91,2,5,5,255,At Risk
f3591ae7686317e84ebbf646bedf3e24,47,1,55.0,5,5,3,553,Loyal Customers
f35d2ef8ed8e757eabb0dc3aadfe0ad0,427,1,79.9,1,5,3,153,At Risk
f36f76de5290df0bae563f9cdccffeb7,423,1,159.0,1,5,5,155,At Risk
f37bd405972a0229ec900f3743f5bca6,336,1,34.9,2,5,2,252,At Risk
f38087a7d03a8c815c7e60d0b5be42d4,250,1,29.9,3,5,2,352,Loyal Customers
f3832392e675c6ffa590ac21b517b47d,58,1,369.0,5,5,5,555,Champions
f38abe5be343e356dcd076791818e860,71,1,438.0,5,5,5,555,Champions
f38d0a168948a5dd98c2b8e0f9eb3120,580,1,36.99,1,5,2,152,At Risk
f39f8439765f730d6a6b60d2767d043d,213,1,175.0,3,5,5,355,Loyal Customers
f3aa14594942821a50e8347e0899b046,137,1,42.0,4,5,2,452,Loyal Customers
f3acfa3a10c4193bdf295af387d6db87,78,1,319.0,5,5,5,555,Champions
f3bc8bc615e7ba5d35557950518568fb,158,1,339.0,4,5,5,455,Champions
f3c1362badd3a3912699f9b8461e20cd,568,1,0.0,1,5,1,151,At Risk
f3cd4edf8e8a2fb21b3291cb195e5e59,222,1,99.9,3,5,4,354,Loyal Customers
f3d96550a8adeb771fe53948521cf602,144,1,66.99,4,5,3,453,Loyal Customers
f3df2c0b7cf3814b81b37ff6273f76cd,490,1,50.0,1,5,3,153,At Risk
f3e71989aaa365356d121d87129aa2ce,23,1,0.0,5,5,1,551,Loyal Customers
f3fb25aac32cb3dc255529c6dc74ddae,242,1,29.9,3,5,2,352,Loyal Customers
f3fb635e8df1903c48444b195d8d4b76,202,1,180.0,4,5,5,455,Champions
f4089943e1529aefcd2733e1eecf877a,401,1,0.0,2,5,1,251,At Risk
f409b06d88f85051b006d13fd9e0fab5,180,1,24.99,4,5,2,452,Loyal Customers
f412bfa074505674f17bb5229a34d763,484,1,69.68,1,5,3,153,At Risk
f41aff28fb2e2bc57786226f35582408,236,1,68.8,3,5,3,353,Loyal Customers
f4247aab6898d547d364286a6caed2e6,281,1,129.99,3,5,4,354,Loyal Customers
f425cc47151eed2532879b2861b9b7c2,30,1,116.9,5,5,4,554,Champions
f43b5eb3178b2129b9c4ea51024fcbd9,174,1,0.0,4,5,1,451,Loyal Customers
f44a700751a2a22402899512f696eed2,208,1,18.9,3,5,2,352,Loyal Customers
f455e02e6a81e11652c1dcf24c1b3d43,297,1,0.0,2,5,1,251,At Risk
f45669f4fe48c48b6d5065322ac387be,382,1,0.0,2,5,1,251,At Risk
f4622fd1353fd00937f9a1bb0eda8293,284,1,104.0,3,5,4,354,Loyal Customers
f462519ec279167796705b908d4b5efc,56,1,105.0,5,5,4,554,Champions
f46971f1ac7b376b668114a027c98e78,484,1,259.9,1,5,5,155,At Risk
f47a531a66bde7d4f0e085818fa2d733,507,1,0.0,1,5,1,151,At Risk
f483e92c95c352c32547925219237cad,58,1,86.0,5,5,3,553,Loyal Customers
f4876c612a0aae8ca7fd40f061df9796,135,1,173.25,4,5,5,455,Champions
f48a9bdc7d38b43bba4082517ea1bc07,156,1,0.0,4,5,1,451,Loyal Customers
f48daf2f5cf6d61732f15d6352858b60,45,1,99.9,5,5,4,554,Champions
f494b1241d3a74fb58feeb1d6fd23830,204,1,499.9,3,5,5,355,Loyal Customers
f499e2267aa2b626fde8602746d1a299,216,1,86.9,3,5,3,353,Loyal Customers
f499f5419a0121c20de531d64dad5ddd,301,1,72.99,2,5,3,253,At Risk
f49c983a47d5abc316b7c44c9e979021,414,1,0.0,1,5,1,151,At Risk
f4a0b070b5295e861853a30bd868296d,271,1,59.9,3,5,3,353,Loyal Customers
f4a7ef6bd931f83d75d83b71c94e90df,193,1,0.0,4,5,1,451,Loyal Customers
f4c01ec1c1160a873642b614ebd6d72c,128,1,94.99,4,5,4,454,Champions
f4c75f24ead36ce13bbbcac1d11cb253,83,1,19.9,5,5,2,552,Loyal Customers
f4c8f8a862c73b83c4a9895e56dd67a6,402,1,129.9,2,5,4,254,At Risk
f4cd22c5af30233740964d7aad3efee3,70,1,0.0,5,5,1,551,Loyal Customers
f4cd5bc269eca5d2413a8ce49ce755f6,127,1,19.9,4,5,2,452,Loyal Customers
f4dbcaccf7b1b14540160b1ea484f7fb,77,1,66.99,5,5,3,553,Loyal Customers
f4ec8ac251109aeadfd9e6831678a6cd,42,1,49.0,5,5,3,553,Loyal Customers
f4eccb8dace4acec8e518c4efe0e4478,508,1,199.9,1,5,5,155,At Risk
f4f57b6d32475f5a23596ecc34772860,109,1,35.9,5,5,2,552,Loyal Customers
f4f8e2a81b32bcd22eeb2c43f6e3920d,32,1,147.0,5,5,4,554,Champions
f503c2e0c0fb1b4b258f681a5d474d05,207,1,31.9,3,5,2,352,Loyal Customers
f507945d757fe904ec16d8e7bb7ba7ad,57,1,49.9,5,5,3,553,Loyal Customers
f50a2672e48fa156eb26a144aa6aecf8,52,1,64.99,5,5,3,553,Loyal Customers
f511b6d115fc112892dbc612cd3d9358,64,1,99.99,5,5,4,554,Champions
f51a647a551b866c440921b7f2b5683f,126,1,34.9,4,5,2,452,Loyal Customers
f5249264629739684c1701c31078587e,252,1,109.9,3,5,4,354,Loyal Customers
f529837b055ca5d7986bd18cfddfe0b9,369,1,22.0,2,5,2,252,At Risk
f52aafcc1ed1c13134d919970c78a146,230,1,69.9,3,5,3,353,Loyal Customers
f52b4d471a3fd579ed98ab5aa6763857,52,1,264.9,5,5,5,555,Champions
f530d11fbbe32732c41820751d933a36,172,1,168.9,4,5,5,455,Champions
f5343b81fc38f6aa6ca92e8c917cfdb9,93,1,195.9,5,5,5,555,Champions
f5344c7feb209d1e8a9de5d60ed79331,416,1,45.9,1,5,2,152,At Risk
f53d847d49d33538c9a0d17251ceb68a,86,1,149.97,5,5,4,554,Champions
f5472555b3e63eedcccf98ed40571431,165,1,27.9,4,5,2,452,Loyal Customers
f54b2ebefa4a4e43e7fcd3b4de96795c,406,1,19.9,2,5,2,252,At Risk
f5533ec1e61c73fc8457bb73769730fc,150,1,0.0,4,5,1,451,Loyal Customers
f557a62eee3de36256ff993512eca32b,297,1,0.0,2,5,1,251,At Risk
f55f1f9684389cc05a790b1d2a2f04f6,210,1,53.9,3,5,3,353,Loyal Customers
f579f765f88484e7f0873d8fd68682bf,351,1,79.9,2,5,3,253,At Risk
f5a5932a4039f737885fd123e4e5f66c,246,1,48.9,3,5,2,352,Loyal Customers
f5add44bf786bd861fd6108d400cbaa5,300,1,125.02,2,5,4,254,At Risk
f5af12033765b06b3df8faf68cae86bf,119,1,139.8,4,5,4,454,Champions
f5b080930d88f9d787e499810b108229,555,1,119.8,1,5,4,154,At Risk
f5c0ae7b842c7ff8ccb4ed83ff9e85ba,380,1,0.0,2,5,1,251,At Risk
f5c4461e656cc51e81d1cc7eb1d44629,453,1,89.9,1,5,4,154,At Risk
f5cb81f98962f7504bef1e75579b6dff,224,1,122.99,3,5,4,354,Loyal Customers
f5cd72e7209640c294bad4d57f4f7772,296,1,299.0,2,5,5,255,At Risk
f5ced93f8c969fc52fcda8415e8bcc42,261,1,0.0,3,5,1,351,Loyal Customers
f5dd4480c44d03775bc73f63771d987d,536,1,119.9,1,5,4,154,At Risk
f5dd55175349083073fe1321c976542d,303,1,0.0,2,5,1,251,At Risk
f5faafcfd2343397124c26009e3f7eec,50,1,34.9,5,5,2,552,Loyal Customers
f5fed14b3b0f00d69196719fd821b26a,431,1,29.9,1,5,2,152,At Risk
f606b0b8bf72286165118a734858718d,352,1,59.49,2,5,3,253,At Risk
f609af8564851374ca7b2b8a846864dd,96,1,27.99,5,5,2,552,Loyal Customers
f6139ab3e9e9100d5210dc8467c38663,350,1,104.0,2,5,4,254,At Risk
f62da42a910ca0b93978f002ee5d0aef,534,1,370.0,1,5,5,155,At Risk
f62f0994e80e904a9f70e1a7fe8c0b60,530,1,18.9,1,5,2,152,At Risk
f62f269f9ce7c41d20a90f70df873f42,127,1,759.99,4,5,5,455,Champions
f63fcf3596aa843b978f6c2edff4be06,456,1,59.99,1,5,3,153,At Risk
f64670b91d010c501e79abf22c28d0ee,176,1,122.99,4,5,4,454,Champions
f64aac8b568b587bc2133ba53c8a5cfb,332,1,23.99,2,5,2,252,At Risk
f64ec6d8dd29940264cd0bbb5ecade8a,349,1,72.0,2,5,3,253,At Risk
f64ee7b44a9c2170a0db74d6bc3d1ba8,497,1,56.99,1,5,3,153,At Risk
f664050e626abfb5b829ea47ee66a996,493,1,159.9,1,5,5,155,At Risk
f668da9fd026fcb79d28ab116c6c2b02,450,1,0.0,1,5,1,151,At Risk
f66d98aa3e6348778571d4fa29fb428d,212,1,90.0,3,5,4,354,Loyal Customers
f6884f30dad99ce89b8e384d84990333,358,1,179.5,2,5,5,255,At Risk
f68cbab6cbaab1d6226e2dafed486578,299,1,39.99,2,5,2,252,At Risk
f68ea95fb5e23cf5b7339307f9d17472,596,1,28.0,1,5,2,152,At Risk
f68f314d91a7d17c907e7d25d94d8b75,505,1,0.0,1,5,1,151,At Risk
f6973363ab87a706ac0b9138b4bd3ac8,239,1,28.9,3,5,2,352,Loyal Customers
f69dd277696f9a8fbe3745934891c18a,562,1,188.39999999999998,1,5,5,155,At Risk
f6a32c842b68a86a92045fc0534c0a3d,160,1,120.0,4,5,4,454,Champions
f6aaac5f5b7ab52ab49bdd22d0225a0a,543,1,207.94,1,5,5,155,At Risk
f6bd60ae86266e0e13b8fef85e760e24,43,1,249.9,5,5,5,555,Champions
f6c8c7f8540c8b6df90600bd3f866efb,417,1,0.0,1,5,1,151,At Risk
f6cb427433e01f43f79ff7a3b1f4222a,538,1,59.9,1,5,3,153,At Risk
f6ce59662fa24ba7ccc289430b580a7e,298,1,29.98,2,5,2,252,At Risk
f6d9da147a1feafa65e8d57c51cea44a,535,1,0.0,1,5,1,151,At Risk
f6da5ed92e9091f6dc98d4f3aeac6a60,200,1,119.99,4,5,4,454,Champions
f6db892e508b52b2419ce2fe09628d7c,35,1,359.0,5,5,5,555,Champions
f6db9c2162ee3658e5520c00a090b7c4,422,1,179.9,1,5,5,155,At Risk
f6dc4789e4669873c35f8f92fdbed89f,129,1,220.0,4,5,5,455,Champions
f6dcece0f07ffc415dfb1c37649d68ab,152,1,199.0,4,5,5,455,Champions
f6ed0bef0317e479c3cfbf243f9b1940,149,1,315.9,4,5,5,455,Champions
f7094d4271d1de526d9a9f47d1d5ddda,181,1,0.0,4,5,1,451,Loyal Customers
f710c6901968ec0a8bed20d789690102,114,1,179.0,5,5,5,555,Champions
f718c0d9105095ab5934df963067dadb,150,1,49.9,4,5,3,453,Loyal Customers
f71fd390acf98dd3af1396d6c6b528b1,495,1,129.99,1,5,4,154,At Risk
f72d1ee92d55688d07ca88506300715e,230,1,26.18,3,5,2,352,Loyal Customers
f733f4254cce4a375a82258c272d1549,439,1,52.9,1,5,3,153,At Risk
f7375ab8456df55bdfc4d5f7dc5fb09e,310,1,459.98,2,5,5,255,At Risk
f73a70138af8debfc92ab98ce85d61e5,308,1,13.7,2,5,2,252,At Risk
f73e2e116849c1f6e7fb0c9c19cdf54e,260,1,57.49,3,5,3,353,Loyal Customers
f74255179687a017b247e9bfac98269f,292,1,0.0,3,5,1,351,Loyal Customers
f75d280e67adbfb5959a3782fa91e2fd,164,1,299.9,4,5,5,455,Champions
f75fb51dbb29d8fba1eb3eb7576293aa,149,1,0.0,4,5,1,451,Loyal Customers
f7603d34c795584792a484186233e6e5,102,1,29.99,5,5,2,552,Loyal Customers
f766f748d5a4af99224f8f36f2e433e9,589,1,125.0,1,5,4,154,At Risk
f78510c2bc0b6eb2090e349fbfc3adc0,218,1,17.99,3,5,2,352,Loyal Customers
f7868a334063a6d3943900186a61dff4,46,1,0.0,5,5,1,551,Loyal Customers
f78a3ca3b592aed753aa6e98ca754552,222,1,39.9,3,5,2,352,Loyal Customers
f792e65d3f71892a1d60f6cf17cc58b1,158,1,249.9,4,5,5,455,Champions
f798248f7c40b683f7b083a3ee360710,35,1,0.0,5,5,1,551,Loyal Customers
f799f3fb6001f51f8230e022db5de1b2,510,1,11.9,1,5,2,152,At Risk
f79b2ebd29ffe1d8d9b6f1dc7736ecdf,93,1,175.99,5,5,5,555,Champions
f79d2f710af349c8d0a6323b0c7592fe,49,1,0.0,5,5,1,551,Loyal Customers
f7b0a94b66a224df7b191f69ccae5a55,89,1,112.0,5,5,4,554,Champions
f7b223e244004385231a6e4db45a06a9,232,1,86.9,3,5,3,353,Loyal Customers
f7be9bec658c62ab6240b44cd26c0b84,624,1,0.0,1,5,1,151,At Risk
f7d92c7b7b77cf23e063b408e2ba0bfd,79,1,19.9,5,5,2,552,Loyal Customers
f7fc5d5e3debaf37ec4d5a5baf360cda,275,1,59.99,3,5,3,353,Loyal Customers
f80125969d737b5ac29b614db66034b8,24,1,39.9,5,5,2,552,Loyal Customers
f80521e48c7cb490d80e6b021f180626,438,1,189.9,1,5,5,155,At Risk
f80613d978005161666979097ebb6cc4,37,1,52.9,5,5,3,553,Loyal Customers
f80a8062c0f2b54fd6a558433445c5df,53,1,0.0,5,5,1,551,Loyal Customers
f80d8204c73825ae317e4215f8d87cf2,130,1,0.0,4,5,1,451,Loyal Customers
f80dfcd9f0d530c94e8d82dc32b54278,34,1,42.93,5,5,2,552,Loyal Customers
f80f64729a21d6e43b84b637f289b5f8,185,1,29.99,4,5,2,452,Loyal Customers
f81ad6f6ac826325fd953e470dc63a1a,252,1,149.9,3,5,4,354,Loyal Customers
f81bd58e79b9717dc8a5edb0c4f0b502,205,1,72.9,3,5,3,353,Loyal Customers
f81ebcdfffa17b86ae52ba407ef69a99,189,1,270.0,4,5,5,455,Champions
f84b6bbea318730a304d9bcafd99b9b1,419,1,28.75,1,5,2,152,At Risk
f85afbaa789589a925e9d3d2f8298f0c,472,1,115.0,1,5,4,154,At Risk
f8666e50d990ee722b53e8a3bdc57fbe,447,1,167.68,1,5,5,155,At Risk
f87119243e35259242f575fa8e447fed,367,1,119.99,2,5,4,254,At Risk
f8775885b850a0a164eb55c1d12c8821,212,1,62.79,3,5,3,353,Loyal Customers
f88ad0b5577747e03336a8b806da6a1e,24,1,49.9,5,5,3,553,Loyal Customers
f88d4e4a9125083a65e8073383c81d32,199,1,249.0,4,5,5,455,Champions
f8923190cc35533d1e9ea6a9eda75e4f,224,1,129.99,3,5,4,354,Loyal Customers
f89f986f723349c377779c8197fa7ce5,118,1,12.65,4,5,2,452,Loyal Customers
f8a9befd1f5909a1abfbee6367aa362f,38,1,37.9,5,5,2,552,Loyal Customers
f8ab5ce36181ece75f0d3187871b2a16,314,1,15.99,2,5,2,252,At Risk
f8acee1320f48a4fa1fd409ef84ccbd6,281,1,0.0,3,5,1,351,Loyal Customers
f8b92214fbeac3a143e52c61c9b4f979,277,1,169.9,3,5,5,355,Loyal Customers
f8bffe1586fdae62dd3646353a25f958,300,1,16.9,2,5,2,252,At Risk
f8c680f325076e63a1d68880937258b2,154,1,221.99,4,5,5,455,Champions
f8cc4ccf2ab328a1cef35f3617d7b19d,503,1,679.0,1,5,5,155,At Risk
f8d1c91f3c3c77bc0dca37c164e7e713,372,1,56.97,2,5,3,253,At Risk
f8dafbf2639c7ea16883679d48e91291,92,1,19.89,5,5,2,552,Loyal Customers
f8f4320123760e8cd9e3c99c68f38a42,133,1,1039.97,4,5,5,455,Champions
f8f6ed51ded0d4757a6153f5ce0f8906,157,1,0.0,4,5,1,451,Loyal Customers
f909ff8bdc31cc6f111ff5c05efb81fa,155,1,0.0,4,5,1,451,Loyal Customers
f91a0235d18984973f88cdf07a23330c,487,1,589.0,1,5,5,155,At Risk
f91aa7e2a0404e931a19f0cb1ecf9426,278,1,56.99,3,5,3,353,Loyal Customers
f9372e247ea4f46be6f797ca1936d68d,209,1,0.0,3,5,1,351,Loyal Customers
f9393bfe2de520787f6586a83abcfa79,519,1,65.0,1,5,3,153,At Risk
f94616384bd4c26932c3c86c53b813ce,241,1,449.0,3,5,5,355,Loyal Customers
f95f0625e25c82748c9bdfe101aef940,200,1,297.0,4,5,5,455,Champions
f96171fd9cd9d9810f7053c5263ce594,485,1,0.0,1,5,1,151,At Risk
f96464832b8cf295888b6035b62c6fd4,181,1,124.7,4,5,4,454,Champions
f9704cfe97e0f31474c90f255b834511,437,1,130.0,1,5,4,154,At Risk
f971b51b5cde228a6212927455e6a973,342,1,0.0,2,5,1,251,At Risk
f97ab9c166ca8d6f5313653ee439a6a8,165,1,13.3,4,5,2,452,Loyal Customers
f987537e06b2e0fc86d565c2ec019d5c,379,1,48.9,2,5,2,252,At Risk
f98a54095b1171a5af8b49c5de6c0538,593,1,89.9,1,5,4,154,At Risk
f98b5b5ddcbbba6ad958d7356d14af69,360,1,79.0,2,5,3,253,At Risk
f98c176aa45d1fb308a31791727483a8,367,1,269.99,2,5,5,255,At Risk
f98ea135d87661aac5b16fe7fed30c30,182,1,0.0,4,5,1,451,Loyal Customers
f99f864daa60fae827c1a42691f11d81,86,1,140.0,5,5,4,554,Champions
f9a2090a26802e418b4ea39294bcfa98,48,1,24.99,5,5,2,552,Loyal Customers
f9c4e8531c2fe4159beb562fd7c2bd59,136,1,138.0,4,5,4,454,Champions
f9c75a729bd4f0b6c346b18ad9fbc1cb,135,1,0.0,4,5,1,451,Loyal Customers
f9cad2615f9abac4488292a4f03abc1b,208,1,309.0,3,5,5,355,Loyal Customers
f9d7b5bd17a1c2623a4d73d9a166c869,345,1,71.4,2,5,3,253,At Risk
f9df625a68cf59005f7683f8d096a7a0,270,1,60.0,3,5,3,353,Loyal Customers
f9ec24fb9f7ff631c6dd18328df0013c,562,1,79.0,1,5,3,153,At Risk
f9effeed3df9ae063a58c0759b96f8b2,518,1,190.0,1,5,5,155,At Risk
f9f52c3805c3a5ab1e78dac53cfa254f,314,1,31.0,2,5,2,252,At Risk
fa01b801b0581c39cc4140fb75004d6b,220,1,69.0,3,5,3,353,Loyal Customers
fa03f39a053e233abd89eb849f1b8997,414,1,121.8,1,5,4,154,At Risk
fa0701d2dced2266ee18d93d4b4fe37e,312,1,58.2,2,5,3,253,At Risk
fa08098a16131e9dd1dec2dd17fd4ee8,506,1,59.8,1,5,3,153,At Risk
fa0ee7ceb94193fb02aa78ce3a55695a,218,1,42.9,3,5,2,352,Loyal Customers
fa1d2b263e93bd4561c0be5be2123628,474,1,48.9,1,5,2,152,At Risk
fa5381b23512b42e87cf186ebb8ab9b7,419,1,80.9,1,5,3,153,At Risk
fa57ef337cf4dbb67f82bc1d68c2da1d,431,1,45.8,1,5,2,152,At Risk
fa5e354ace8302f04b2d43b216526f5f,150,1,110.99,4,5,4,454,Champions
fa6eee120fe649146270cc68a4034d42,206,1,0.0,3,5,1,351,Loyal Customers
fa7eb505fcfa90dc0dc9a40cd2d68a11,158,1,39.99,4,5,2,452,Loyal Customers
fa8761b2e898f2f2bf15c6e4b2ab1f5e,153,1,12.0,4,5,2,452,Loyal Customers
fa8a32304af9e335488c8ddae5f6bbc6,309,1,23.89,2,5,2,252,At Risk
fa93a560ff6d03af77a815849a6e4233,374,1,46.9,2,5,2,252,At Risk
fa98d9f9af1e16e0e205a601b0ccbe1f,322,1,0.0,2,5,1,251,At Risk
faacdd46b0b9bb52cfa047c54b0b5016,261,1,12.25,3,5,2,352,Loyal Customers
fab027a1984a0733038af650d749ac7a,303,1,0.0,2,5,1,251,At Risk
fabaf497dc9e26b0e6e1d37806619967,42,1,0.0,5,5,1,551,Loyal Customers
fac50561086dbd95196e0182901b095e,261,1,189.0,3,5,5,355,Loyal Customers
facd4e5d86e8a18ac6223047a5f5f07a,114,1,103.9,5,5,4,554,Champions
fad17ecf6603dd5e8267abd2b3bf05d4,369,1,59.55,2,5,3,253,At Risk
fad1bbf902fbdf64f92f33d010ab8cb7,64,1,0.0,5,5,1,551,Loyal Customers
fad4e75a3262e68a4aa82516bf68505f,107,1,0.0,5,5,1,551,Loyal Customers
fad61b77c26ecaf96813bf7dc9e3ee80,416,1,349.9,1,5,5,155,At Risk
fad77588817f588c13870073de3a3d26,102,1,27.9,5,5,2,552,Loyal Customers
fae50349197fd922f4487e4000e2112c,287,1,0.0,3,5,1,351,Loyal Customers
fae8e2a6ad5578e55fc3bd34e1616ca2,39,1,129.99,5,5,4,554,Champions
faec2bb5c3f1bf0e6e17ef8ee96a2ea0,237,1,134.9,3,5,4,354,Loyal Customers
faf47b5b5d6da79375665838f42e5136,612,1,0.0,1,5,1,151,At Risk
faf869bf565016fb42f3386fc7882aea,43,1,0.0,5,5,1,551,Loyal Customers
faff4528095928ed7307472daf2417ca,400,1,0.0,2,5,1,251,At Risk
fb04537252647002e3fc677c818812b1,342,1,135.0,2,5,4,254,At Risk
fb0923439758ddf4da7a53713359e80d,142,1,27.5,4,5,2,452,Loyal Customers
fb13a8e3177940f5de676bda56d003dd,33,1,169.0,5,5,5,555,Champions
fb14459f7393f821170896328c3ea8e7,479,1,73.9,1,5,3,153,At Risk
fb189cbf064e7525f9144bbd3fbdd922,593,1,119.9,1,5,4,154,At Risk
fb1b0ec9f6c522636a5f619eca94d8da,566,1,69.9,1,5,3,153,At Risk
fb20bf5c01fbc8bb8ab3ec1e4104c9d5,233,1,0.0,3,5,1,351,Loyal Customers
fb46e0991d6b6e59664042808e5b59d9,60,1,80.0,5,5,3,553,Loyal Customers
fb485d47aaf4805284599c09e8843809,150,1,99.9,4,5,4,454,Champions
fb48b86d9a78b53675c121e4ec8981ed,714,1,134.7,1,5,4,154,At Risk
fb512346f037df411e4a62c3181f5aaf,421,1,31.8,1,5,2,152,At Risk
fb56ada99f7af394b3451cfa524d4e70,124,1,78.0,4,5,3,453,Loyal Customers
fb6534d42a2fbd05aae76186fe8bec4f,137,1,64.99,4,5,3,453,Loyal Customers
fb67ca071f2c71a1c569a6ccf573719a,85,1,68.9,5,5,3,553,Loyal Customers
fb6ffdea3495cfb5236ef8dd1f18fbb1,230,1,109.38,3,5,4,354,Loyal Customers
fb819201cf760172ecaca73892bc8603,450,1,59.9,1,5,3,153,At Risk
fb8c74f4449e5a62e3c1296f75304ae1,224,1,0.0,3,5,1,351,Loyal Customers
fb913dcc5bc28ef35f1a50d9483a5159,139,1,69.9,4,5,3,453,Loyal Customers
fb92843a696f8a7d35210c04785c2e33,131,1,58.5,4,5,3,453,Loyal Customers
fb96080f9c84b3a7a70fb99ac286e235,283,1,19.9,3,5,2,352,Loyal Customers
fb98dba63ddb41a7f253e8f590e80107,275,1,0.0,3,5,1,351,Loyal Customers
fbb7bc2cb19342a739f67026540ebc53,218,1,119.9,3,5,4,354,Loyal Customers
fbb92e8f9ab09c4308326e54402326ed,168,1,959.0,4,5,5,455,Champions
fbb97973142894c3265d06e676820c5a,457,1,139.9,1,5,4,154,At Risk
fbbe4bf6e345dee467d3b36a89f04cfc,55,1,0.0,5,5,1,551,Loyal Customers
fbc56033bdc4a266370de69012019a97,314,1,49.0,2,5,3,253,At Risk
fbc838cf7e5c279afad28109e3632d18,130,1,0.0,4,5,1,451,Loyal Customers
fbcbfa3995be71ad8d028a12edb9d3bb,486,1,78.87,1,5,3,153,At Risk
fbcf24291837ef48c4312e2a5ac6c4bc,31,1,69.9,5,5,3,553,Loyal Customers
fbd03175a9aa82faacbfa4ce8efa4096,333,1,0.0,2,5,1,251,At Risk
fbd58f38cbd2989e434b148f479534c8,427,1,55.0,1,5,3,153,At Risk
fbd78a1f19512b9535b9d07ee22e7ecb,552,1,49.99,1,5,3,153,At Risk
fbda6e2b752053c6f0cb2428c9c62e05,150,1,98.0,4,5,4,454,Champions
fbe53ee8a67e9fbf5cdb52d888701527,375,1,62.8,2,5,3,253,At Risk
fbed0fde7eb2b367863b9c434efe62a3,183,1,125.8,4,5,4,454,Champions
fbfdc06fca767d4802be65bd37da8862,55,1,228.0,5,5,5,555,Champions
fc11e5b57f5d9207e1d3a5f41e0795eb,348,1,349.99,2,5,5,255,At Risk
fc1c186e0436f5b790ab26eea95aafff,538,1,48.0,1,5,2,152,At Risk
fc2c474ca9fc1e074a763b8980f3e016,267,1,80.99,3,5,3,353,Loyal Customers
fc2e9d70ce1e9c19422b859224a9abd9,528,1,33.2,1,5,2,152,At Risk
fc332aac4e6295b310434bbec9773c4f,508,1,39.0,1,5,2,152,At Risk
fc3ca3cb4da22341bcc3feeaea494821,280,1,75.9,3,5,3,353,Loyal Customers
fc43c7addc1e0a622818d24929211a54,500,1,119.9,1,5,4,154,At Risk
fc44fbafeb777f4758880f91e2a33fe2,560,1,0.0,1,5,1,151,At Risk
fc4962d253f14e566f147fe9ab026575,36,1,19.99,5,5,2,552,Loyal Customers
fc5e5fe0a1c88aebef8f551bc84abd9c,519,1,0.0,1,5,1,151,At Risk
fc650ca5de348cb36d79931dc40cfff1,144,1,112.9,4,5,4,454,Champions
fc770c52dafcf252a79d2dea5bdc2e97,188,1,34.5,4,5,2,452,Loyal Customers
fc7ea5e792d5863d957ba2aa3661920f,145,1,39.0,4,5,2,452,Loyal Customers
fc7fb2d72fd66227e9f22d93499a4ed8,159,1,42.0,4,5,2,452,Loyal Customers
fc8082a08a30524173a53dfdbb800e0b,284,1,54.99,3,5,3,353,Loyal Customers
fc8dc6d77c65df005e0e44bd7e1f5d36,195,1,579.0,4,5,5,455,Champions
fc8fc2c9ffef45e833ce9734c44aa868,88,1,229.79,5,5,5,555,Champions
fc99cf02242e9883997db66f863ab742,198,1,219.8,4,5,5,455,Champions
fc99edf80f878dcc87ff154a08cef437,136,1,119.0,4,5,4,454,Champions
fc9fa1a38d9aa0666a09bc02cb28fb8e,519,1,0.0,1,5,1,151,At Risk
fc9fb824c68f21fd0871490ab14a52b6,36,1,50.0,5,5,3,553,Loyal Customers
fca92affde6714f0d1909df023c99636,84,1,38.0,5,5,2,552,Loyal Customers
fcb2a7889cd93c74402d7156bd4ac7a0,412,1,579.9,1,5,5,155,At Risk
fcba84bcd36e9338aed450ad36d58db1,261,1,69.99,3,5,3,353,Loyal Customers
fcbcbb80c8909bb456bb6b3bc1bc283a,49,1,58.0,5,5,3,553,Loyal Customers
fcbe44facf671aa94ab5aa692af24c8d,542,1,34.9,1,5,2,152,At Risk
fcc258e765104e43d26c88647b24fb2a,561,1,169.9,1,5,5,155,At Risk
fccf6b62c8150e1670dc4bf341b9639a,578,1,75.99,1,5,3,153,At Risk
fccfbf734a92029859c4fe58eff05114,598,1,279.99,1,5,5,155,At Risk
fcd318dd219cded4518d90c72b04281a,590,1,49.9,1,5,3,153,At Risk
fcddf70ee25db0abfcfecce09bdda153,85,1,300.0,5,5,5,555,Champions
fcf2ba2ef07129a980503bbbd46168e7,141,1,139.9,4,5,4,454,Champions
fd01a8dd276ac93aec73fde385389de9,293,1,49.9,3,5,3,353,Loyal Customers
fd037201e479226546635251e9e5d519,499,1,185.78,1,5,5,155,At Risk
fd0c94860d35a337f8954558e9e0181c,584,1,269.0,1,5,5,155,At Risk
fd0f1a0d5fe3f37bb7ef4cbf354a8abc,570,1,21.2,1,5,2,152,At Risk
fd1159c8475b7f543ab1be4ed6207869,300,1,779.99,2,5,5,255,At Risk
fd1bbf0b014e0d6a2997665eb6a33a40,152,1,38.9,4,5,2,452,Loyal Customers
fd317ae6d8988b7041034edac3f253bf,109,1,179.0,5,5,5,555,Champions
fd3ac06f9bdc8860748cd9593e2d9788,338,1,115.19999999999999,2,5,4,254,At Risk
fd4acd9dd42ff70a1b28132163d543e8,278,1,21.9,3,5,2,352,Loyal Customers
fd4c3f3341390e4e7c4fbc024444c99e,222,1,210.0,3,5,5,355,Loyal Customers
fd4f4e98908a816ef57a2944e93269a0,63,1,0.0,5,5,1,551,Loyal Customers
fd563c8c22b177ef85b1aa825a8394d4,375,1,59.0,2,5,3,253,At Risk
fd59b2040862a3c5f0956eeb1193f239,601,1,65.0,1,5,3,153,At Risk
fd59ebf3016db5359135c5fe0fe7e844,174,1,129.9,4,5,4,454,Champions
fd5c854369acea3d0c81dd2efb68e3ca,245,1,56.99,3,5,3,353,Loyal Customers
fd634df670a00c1cf64d2ef2a78c1764,314,1,43.9,2,5,2,252,At Risk
fd6903dff2b9940dc1626ad81049a6a9,296,1,30.6,2,5,2,252,At Risk
fd6be8b946505a1d1a15686ad6073310,508,1,13.98,1,5,2,152,At Risk
fd8ca2ec473847a4367206bb75db0d99,201,1,539.0,4,5,5,455,Champions
fd9498521525ba7fe2a8515f00e7415a,554,1,34.0,1,5,2,152,At Risk
fd9d6e91a2508becbb85ba7e87addcc8,150,1,0.0,4,5,1,451,Loyal Customers
fd9d893df62a275c0c41c8593923febf,179,1,159.95,4,5,5,455,Champions
fdb1bd51afc276640a61902a7918522c,459,1,78.0,1,5,3,153,At Risk
fdc0a21e74aa1c40a4e1b81e5211334f,231,1,99.9,3,5,4,354,Loyal Customers
fdc38cd0c5fd002c09270e8dabc475de,141,1,58.0,4,5,3,453,Loyal Customers
fdc6af1584f0d901b388b9034a9f6b2a,424,1,65.9,1,5,3,153,At Risk
fdcc2c3054549d7a678f512b27a447be,256,1,0.0,3,5,1,351,Loyal Customers
fdd3b25dbe4db9e94d517a1f1e79f7c1,188,1,109.99,4,5,4,454,Champions
fde36bbb97bd142b58f1868127588a91,42,1,37.0,5,5,2,552,Loyal Customers
fde3e12f9fc7b5df5946a9c8256afe61,215,1,142.47,3,5,4,354,Loyal Customers
fde65d7bb1b30a86cc5cc0399b77e6b0,415,1,139.9,1,5,4,154,At Risk
fdf180e367cbd7c428c5e3f8632568e8,219,1,23.79,3,5,2,352,Loyal Customers
fdf2ac320bf7064c82c5940346adadaf,600,1,22.79,1,5,2,152,At Risk
fdf4d1804c3c976a3e766bbb30eb2c32,49,1,10.0,5,5,1,551,Loyal Customers
fe0617cc03bb1fdefeb9e76e7d316548,216,1,29.99,3,5,2,352,Loyal Customers
fe2222908d7d7dc8e03d0efea168a474,139,1,41.9,4,5,2,452,Loyal Customers
fe22f09401a6af700ab66fac2edbea15,68,1,24.9,5,5,2,552,Loyal Customers
fe25d225d2494b252321b09821ebdbdf,309,1,0.0,2,5,1,251,At Risk
fe2b59e981d95ca01c7aa87b26199e2c,67,1,209.0,5,5,5,555,Champions
fe4d4f723597e832e9bbc67080a34c27,555,1,84.9,1,5,3,153,At Risk
fe50acde4870aa583fd28401916b7348,248,1,139.9,3,5,4,354,Loyal Customers
fe583fa349eada65507f4a724344f5d7,548,1,43.48,1,5,2,152,At Risk
fe612e4c139f4350d17f1b9f5cbbe3f0,241,1,149.0,3,5,4,354,Loyal Customers
fe65c76fc3eb742328d1401c521c95b4,255,1,0.0,3,5,1,351,Loyal Customers
fe685949aae1ed273aa2e3d7cb0679e1,276,1,0.0,3,5,1,351,Loyal Customers
fe81bb32c243a86b2f86fbf053fe6140,99,1,1013.4,5,5,5,555,Champions
fe905a35ad610e433e3e61a3cb66abaa,261,1,120.0,3,5,4,354,Loyal Customers
fe950c855187ad86e88c96bfd312c295,200,1,19.9,4,5,2,452,Loyal Customers
feae353ea73e765c5a5073dad8915449,315,1,179.0,2,5,5,255,At Risk
feae7ffdb1899fb29dc34b1ff3f9b5b5,305,1,146.0,2,5,4,254,At Risk
feb2a9889d236875c3510880bf9576f3,501,1,958.99,1,5,5,155,At Risk
feb5c47a617972ee276d95775a34d494,454,1,17.0,1,5,2,152,At Risk
fecd193c02a20ec4525e67a3a9f9c0a5,206,1,59.99,3,5,3,353,Loyal Customers
fed51c3432d9ca128dc6a81c892a1168,301,1,49.0,2,5,3,253,At Risk
fed93a0c58ebbe0a50bad4d8df8863f5,34,1,29.99,5,5,2,552,Loyal Customers
fed9ae71404fb97d15c821adbe64feab,343,1,0.0,2,5,1,251,At Risk
fee6634d946e08b185a6d0152110f92a,210,1,249.99,3,5,5,355,Loyal Customers
fee6e134e5709ca3b2496610ad7c4172,221,1,418.0,3,5,5,355,Loyal Customers
feea8a8b33e1d9892899c6d3c048cdcf,61,1,67.9,5,5,3,553,Loyal Customers
feedc42d8c47fd3c611675735b094c54,312,1,0.0,2,5,1,251,At Risk
fef01b6698bae7394677113b5e647eda,560,1,0.0,1,5,1,151,At Risk
fef31a54c2d0f8f5b4ce428522f72551,103,1,152.9,5,5,5,555,Champions
ff10e644ac8984d7e9fcafd5adf1b8cd,51,1,69.9,5,5,3,553,Loyal Customers
ff20fff170ed80db557b344c839df854,429,1,588.0,1,5,5,155,At Risk
ff2521c4012e1a212bbd12c9ed5acc48,49,1,199.9,5,5,5,555,Champions
ff2aeaf91fcca5d94c48812a08969300,171,1,109.8,4,5,4,454,Champions
ff3794e415eb6ff21999bc4465de4205,184,1,73.87,4,5,3,453,Loyal Customers
ff38610e865f6ffec5b6fb8725be1f7d,140,1,0.0,4,5,1,451,Loyal Customers
ff4159b92c40ebe40454e3e6a7c35ed6,484,1,0.0,1,5,1,151,At Risk
ff4336dff882bdd40446c12e7ae9bb0c,308,1,39.9,2,5,2,252,At Risk
ff44084bf8313fa8eae5ce6e43e341ed,351,1,239.99,2,5,5,255,At Risk
ff44401d0d8f5b9c54a47374eb48c1b8,489,1,0.0,1,5,1,151,At Risk
ff475e6edaf907efba6609f05d0b582d,216,1,69.99,3,5,3,353,Loyal Customers
ff49bffe330079cba69c36c1dd40ea9c,49,1,0.0,5,5,1,551,Loyal Customers
ff4cee3f89dc5c041bd7fac60e9ec8a6,151,1,152.5,4,5,5,455,Champions
ff5074ba8b01a03882e3935c8c3f5fc9,134,1,69.9,4,5,3,453,Loyal Customers
ff5508196f80abb3771cf943fe994e21,315,1,98.9,2,5,4,254,At Risk
ff57311a2fb5f9aa3477cc13c1c62a50,539,1,26.99,1,5,2,152,At Risk
ff5f0e6c9223056cd0e65b534856f5d0,331,1,119.8,2,5,4,254,At Risk
ff5f63dc004a0f064fc459dc73e45bd1,42,1,18.9,5,5,2,552,Loyal Customers
ff5fee5ea06a350eb0e9f1fd59776f8e,241,1,80.0,3,5,3,353,Loyal Customers
ff60aefe219c1960b74d47d0fc553fc1,44,1,96.8,5,5,4,554,Champions
ff6a8e86ea81e48f6ee6b082ed68162a,261,1,19.9,3,5,2,352,Loyal Customers
ff6bc862428c6016d6fef5995491ec81,215,1,15.0,3,5,2,352,Loyal Customers
ff7014eeb94589da99e822e2618090fa,538,1,54.9,1,5,3,153,At Risk
ff755148365a0062374c353946b68aa3,360,1,174.9,2,5,5,255,At Risk
ff7bd992a7aac2c563a3e3773a8c63aa,206,1,0.0,3,5,1,351,Loyal Customers
ff7d3ceb693a77937c000250fe346acd,36,1,16.0,5,5,2,552,Loyal Customers
ff86fefe11696b1e957173516339bcd8,507,1,10.99,1,5,1,151,At Risk
ff8af8323bfc7b0cb9ed2d6e52bd5d05,250,1,169.0,3,5,5,355,Loyal Customers
ff96fbbcff0db5c4442796b8ab8b474d,96,1,115.0,5,5,4,554,Champions
ff9723b956508e1ce1e2f76b4fcdff54,397,1,0.0,2,5,1,251,At Risk
ffad6a7a0e13be3dfd9de96a81b77c9e,198,1,70.0,4,5,3,453,Loyal Customers
ffbab763e1469af59b9882f0fc6e7d18,190,1,149.9,4,5,4,454,Champions
ffc142edc6bce329c6df0006387a5a77,394,1,18.9,2,5,2,252,At Risk
ffca00fb352b5e57db50865d65098b4a,133,1,39.9,4,5,2,452,Loyal Customers
ffd402998b20b0b8325f54e770264733,113,1,13.9,5,5,2,552,Loyal Customers
ffe780a8995715d9560ca10f3351710f,407,1,0.0,2,5,1,251,At Risk
ffe96c782a5bc522bd8bad3bc638981a,52,1,209.99,5,5,5,555,Champions
ffe9be10b9a58c5464d833e8b1b2c632,297,1,140.0,2,5,4,254,At Risk
ffef0ffa736c7b3d9af741611089729b,479,1,109.9,1,5,4,154,At Risk
fff699c184bcc967d62fa2c6171765f7,384,1,39.9,2,5,2,252,At Risk
fffa431dd3fcdefea4b1777d114144f2,325,1,64.99,2,5,3,253,At Risk
