customer_unique_id,price
00082cbe03e478190aadbea78542e933,79.0
00191a9719ef48ebb5860b130347bf33,47.9
0019e8c501c85848ac0966d45226fa1d,159.99
0023557a94bef0038066b5d1b3dc763e,0.0
0032ca69771a7758ce643258bb9e4ac7,45.0
0037eb1ff742ee2e71ba887f65f3c6f3,0.0
003a5571a07dcf09bf117d13d2980ba3,149.9
0047f3e16441284d757a8963344f6c59,60.0
004df63539fd5e38d4b0a0506de7549c,949.99
00504b68faa074d0f40adcb4f7727f71,152.0
0056c2dd794a5eede6164dcae635875a,129.99
00737247e3dc1942da2c527ef3bd2709,59.9
007953b3182d5ccc9189a694f5c68163,99.99
00ac9cd5c4ad19e16e7c6f6864711737,209.9
00b246520d4904724f9b20188a2ff39b,12.99
00b2ca23369b68c4d4105ecea9c0cb93,65.9
00c31de6420048cb3f668c99153debf7,64.9
00cd1ffd1a85ec2af3de73a3d341339d,49.0
00d03b5e33f8987549c5590313a4ef21,19.99
00d1e5d82377766dac9f8dc4d4eaf4a8,116.30000000000001
00d4ef3e086e2191c3fb6e7b0d2a1c75,0.0
00d96f54b90a6ffbe7361bcfdb85b0ba,99.9
00da34ebf22b87f6c2f53dc069f237df,209.70000000000002
00dd4390a8e8ad7a126e8331decc49ce,94.9
00ecc71175078e2cac5547a5656e9622,219.99
00f0b70fdcb8a6e1671b52a2472bd41f,0.0
01007ebf75cabcd9d81d1aac37b278ca,60.9
011509f63f565e822767bfb89c3cf9b7,26.69
011b7396d7220ca4ff52508adcb6b870,29.5
012755131a5b785b0ae3291c339a9051,358.98
012b41c1dae00a092474ca48dc764a00,0.0
013802b3b98584222c1280e654a655b1,113.9
013f4353d26bb05dc6652f1269458d8d,0.0
014dcb5d582d60bca6a379e45a9041da,47.56
01593b828c6e7c516ed078a4820ab9b2,31.99
015aba8b6e516fbf6ee76c164c11987b,69.9
016a461e59c71a989c278fb565441696,200.0
01858f2fad256b1689f5bdafc059f745,0.0
01927626c24c5826ceb6ca6b2797fd60,259.9
019890d2ead42f267a2c66919d9dedce,179.0
019954cc9c2ceb2084881eefdf48f0f9,89.0
01a4788c8bd6d0d6a5b16ccdfd393b74,64.0
01a4fe5fc00bbdb0b0a4af5a5345cca5,0.0
01a7888cc755d6ad17b03de5f5543641,69.9
01cbe0a1a969bf0936fd97298ae18cc8,0.0
01daeb09de8f07882ccd4319ffbc4693,30.0
01dd34b5f4cee2a48f03ba1cce8c592c,74.0
020311f9fc67a990f3d43b481398a259,0.0
0204f3da94dadaf3fa21305413e02d63,73.5
0209f290b5451d357308bc0e90521026,572.64
021109bdb16fa17c2463cab87da314f3,100.8
02198c63d3e65ea299d6d8d3c7a11665,14.2
02238d275f51bce58c8e97218621bd91,21.9
022657d659cf88bcc8c22774f3f0b61a,0.0
02278b7fe04a285092542fa4313cdc31,34.9
022949b07073de5d6173732ea01d6155,0.0
023c8fe9cea056407269dfe9bdd57a8c,37.8
024f153bf5ff2f378be3577f3248f283,80.0
0255fc149c1f191319c8c431479e5d8c,0.0
0258cd3b5e7c4b397cc09ea472677e73,139.8
027179319d6e0b4958b300ba6e9e35e6,81.35
0283917cf6822284c4341224ef003fb6,39.78
0283d9c78c980d3ea0fce611bbc8ad5b,240.0
0296ddaa154279cc2bd15621e06e6f1f,99.9
02ab4d19fd037fa00ad9892f7d529a8f,129.9
02b2ee0aa7ac4b3db5463ec3863ff8f7,0.0
02b6ef845021b8fefe19c8d200f3ee06,1914.58
02c639f8dd288caf7cc6dc66513c23b3,93.99
02c9e0c05a817d4562ec0e8c90f29dba,75.9
02e7d568f699b57b0bbb98cef89e0832,0.0
02e8a66528e84b3ca6150d9b1e03a26f,2110.0
02e9109b7e0a985108b43e573b6afb23,39.0
0309db53bd596593382d0accd83d292e,670.0
0319cd43072df023584a1fa0a94d45ce,229.9
031e19fc630c4121f1238716f41675c3,10.1
032cfb33364e07ebcafb4b8a92d7eec4,69.9
032e4efa58936187018b68818b0f49c4,68.8
0331dad88c30f83604221e326fecbaed,24.99
0341bbd5c969923a0f801b9e2d10a7b8,840.0
036fad4da661be7be3ad588329aefc1b,0.0
0385c3a53712e33b64f812d3102dc421,29.99
0387367daee04c9cbcf57eaee0d699c6,104.0
0387d9f3e2a143aecdaa33644ab6658c,129.0
038d84ab58dc78ee67846b354424ca6b,179.8
03a7a36e23016fe4e8d04f751b51937a,329.9
03b844f8f2bfba1e73ce0d1894807af0,58.99
03dcb7b1479590ad3188549f8ebfa66e,0.0
03e990124fb8dfe30716b4237eceaa9b,79.9
0408706c63edeca6b44b24f6f077aa47,85.0
040f8dcf0a86b8897aaa4eb25e49830f,69.0
041397b7bed1e0b64cc8df9e4a761873,169.0
0417c5c4535764e979a11b19edfef588,46.4
041caba6a63ace5818387698ea85cdb2,58.989999999999995
04334bf56d76e503c2b474e3bc129d65,169.9
04370c96850ca795aa0c01a7c57dd1a6,99.9
044f89a64b7bd1c9ceecd8f9a83971a8,59.9
044fbfba85531679c84bc0463296096f,14.49
0482f8eb57c7df640fa8a9a6a883c488,225.88
048d8f14e6405a5a157e74724357086f,24.9
04964ca17488b76124c740071931f90c,50.75
04a24732681955f5daf4c435f5025743,77.8
04be500031efe43d2defff8c41810543,79.9
04c5ad73047074972e9a1c744c3b4bf8,0.0
04cf8185c71090d28baa4407b2e6d600,38.25
04daf0030c088fed728993ef9f7eaa56,85.0
04e1ad29192c7d23646272968393bf36,0.0
04e495a3f45df8b41be2e934bbc16961,110.99
04e7b09e41a01df2100b30d1a880680d,178.0
04e9d0d712ca6da77124d0ee12be1d6a,71.8
04ecdc3e754a48294d832436960a3280,308.8
04ee75eab089ad700b67791cbba77f4a,49.9
04f1fd1b75385fd1c7b6de018e0c4ab3,0.0
04f54cb09b4216795433e4fc5d0db66e,126.8
04f6b73a950bfc7afab0cbf82fff47b1,0.0
04ff6fa5671532494b7947c8c46f25f6,0.0
05040c74e2cd51e7d6fd425b5c94a37f,0.0
0506e79c51716904929e3f50a05d38c3,0.0
05080e528ffd17731221b7eb05e9c026,0.0
050f9cf69723c91054d44c3b3a1e7ac2,0.0
05105abc98016eb044d450d5e60de1b2,55.9
05114881a5aab7df4a187e73f7ba33c9,0.0
0514d58859a4a5ca6476885ba50b2f6b,89.9
052862d82d6f60b7f189002fd598a135,69.99
052ad6288149460cb16d585299139e28,89.9
052def2a27b8894dd207c36345ce1e9c,27.9
053617486d590f6e06a7e027e6e3914f,149.8
053f7850c3ffd9726cff61c7e42af797,22.0
05453ef86290884066d89d2ec2dcd0a2,99.9
0549ef973c77b27ad1c186e845f72a5c,29.0
0570089e1e1b3cf57b7f7d545cb204aa,92.89
057854159bbc3a0aca93bbecd210c495,54.9
0581b683b2965a9e6c11e0d1059a751e,134.9
058e28fceb01698d7eefe53e8fe2ce9e,50.0
0598dd4eaa6611265e192ffa2e8133aa,119.8
059ba8400bf965adf606ecc7ef3396e9,185.0
059d9f786496163334e5ea84c053917a,795.0
05a2a8159b5f30e79614ae9e14cafc4a,47.9
05b6f8d94c378446bcfe5cb4f75785b1,59.99
05bc8e1bebeff93bdf784213a7aed5d7,110.0
05cc11f944a9cc2f8dd41fae770c313d,1020.0
05db15e48c7ed44cff9dfaa4f374f3dc,0.0
05e07c4abd22863100e52617e94304aa,250.0
05eb062756e6d4358e72b1caf0ec22b1,1399.0
05eecdc8cf80e10dc84ce98e448fff8b,34.9
05ef855308303397f1427f29470bb6ab,34.99
05fef3a82802270f3bfb10eaa50b29c1,94.9
06111e0492566045ae9964005f551856,48.0
06285644a5dcbd27f078ec193ef2fc72,199.7
0629b2e23c657cde1105b8282ba336ae,39.49
062ec661249087a0e2560ab089b7e722,98.99
063eef0d1ead8ee785783e95df82137e,91.98
06437dfb2aec58f76036b3c3ee36d9b1,26.9
0645628d52f5d19300ea0a33accdf4f4,12.9
0655191062e3fe49b0f128131c62d1ae,55.92
065cdd031a7020e43fd91cd421549f5e,49.9
066c700f59d3849deebee44bc2f83ebc,69.9
067c8117bd9b4f406301921f6bcfb04e,139.8
067d22395c78dfe68b327a9444ea48f6,149.99
0680711d6e757ec7287a047650d3896b,0.0
0688198ee392c92540c81f5a3f2b3655,0.0
068bcff7a462c34ec6d5079013687979,68.9
0694d901d7d88ffc1781dacfda6cd048,38.0
0698b42dd37c77db1c056d415e028737,27.93
069ae72e12aa7c92b8a87dda4ccb86ac,0.0
069d3082416b15225a220a70bbeeae99,343.4
06b672c7ae6d7ef4cbe41318c397537a,109.9
06bf11f58f4a6b5ab7dd1623404bf672,42.97
06c0e20a617982c7a5113459fde779a4,897.0
06c3368c76b358fe15f52b24af23432a,79.9
06f1d66196374b588fbf7cbc2793874d,0.0
06f9fe91f0a7dbbd4c78ddecb3562486,99.9
06fc096ec2387d11747ae31a57cd2551,0.0
07187fdb640eb2923d831b48ce809b54,153.0
071bb277b0146da77fac31e70657815e,84.99
071cabf48b9a52a0138a68d3600c3cf5,81.0
071d97c65d17dd64aeb08dd196aa0c26,69.0
0720894ca242f4a59d328ac214def1b2,37.99
07254adf22ae81855ca01d9a5cda3264,19.99
075f9dd6470835295f76e7f15b791e82,109.9
076fae3f09eb7ff1b41f2dcbd96e867f,86.9
078401292a38d006a34bb0c4b31f6e31,0.0
079ad4f138ec38e726e7d9ac51ae1410,1635.0
07a421ede5046fc7bf8af5609afaa05c,199.0
07aa2ff08a800a8e109f9a6273b3eaa9,149.9
07b28cf1d8515d08ccca505e273fffaf,482.9
07c6a18a7a0ed9ae97808d25bbdb38fb,32.0
07c7ce958d4fc8ecdad390153fc60079,0.0
07c8fde388fee352835f27b3ef13ff12,56.25
07c9259c1afcbd1f6b416d9985782083,0.0
07d04d1635ec5d81de0045c612783e01,65.0
07d49575e9eb300156daf8a365fb19fb,34.9
07d5b1f9bdd053347f0213187b343ac9,0.0
07d743c857ab9a05f2863d4aca57db81,87.8
07da55ca1be33c14e4f02f24a3f6de6e,80.0
07f128adacba85a6424f2f160812f487,0.0
07f73198f5bbc83c1ad9806a7ca28144,45.99
07fbf7cd2d1a81e2c4f88c9ff0148815,79.98
08075209946259e581ef013969467e85,179.89
0807baeeeaa1309effbd9a9dee41ab17,105.0
08114c58968d782002f7cbb2d4cdf823,71.0
08142acc8309337e9dfd631c5f41da27,149.9
081e0e600cfd38bd7eabb583b2af18a3,99.99
083ce299ea3fc1eba79bd0b17f64555b,49.89
084a1adef368b0d738db72ea6cf5d196,25.99
085927781359b6edec85db5ecd78fae2,139.0
085bac9935b660f86e84dae80040f735,39.99
085d2f970d64f92ebc2f4456077e548d,199.0
08642cd329066fe11ec63293f714f2f8,0.0
08866945ffb898dc38546a5322439203,159.9
088c8450e52617191d11971c40e388f2,99.9
089967e5aa13d5ab166c175f555ab0d8,299.0
089b7f0bd3654dae116bbef61b197fea,34.49
08a8e6e7993db052baf012f977f0f0d5,19.49
08b1a8aac0cd0ae1efff771bb98f19b6,249.0
08c07c761592a71b85136aa4fe76a6f4,0.0
08c563a0e00983d634746efc2cd9fad6,0.0
08c8daf7d9ab792cfa1f117599918913,79.98
08de4d9507128e2ad419e26cc4f22b65,0.0
08fb46d35bb3ab4037202c23592d1259,0.0
08fc49193154721a4498d38335c9a77b,0.0
0902b91d17bd2b9675664f8a4d6565c6,109.9
0920c55955b78533a8319ad1d08baa2f,0.0
0927468f5b9af266432a47173a7f8209,37.99
0932d84be1bb7b48cc56d8029b817271,41.0
093cfe240a2714354fc5138411f9ae50,79.9
0942eedfe0e865b2a80419a14672286f,149.9
095f244a8496bb26d8eefbc7848e08f2,0.0
097442a1538f33ea89dbbe3779fe6db0,99.99
0980adc99590048735ae43d0cc619550,379.9
09831ff6ab667f42521bcd4c22dc755c,0.0
09928c4afa1c45cfcf099b3b13889719,328.0
09976ab240099cc26220384fa752e4f1,74.99
09a2a3befff4ee3680617f07d9b473ed,83.36
09b9f8efd35809e5e8e5f58b0588dac9,199.99
09c03c5c2c4782bf7b359cbe07e4250f,0.0
09c361fed7245568f0f104496ed4f92f,98.97
09dbe1dd4da682e97b14151ff8677f34,24.9
09f890c3ae1626f1044e52e1c8d3707a,39.16
09fff3b550fb099d044fb43d30f2da6e,0.0
0a0a0dfb438e7ba3e91ec9579d9792b0,34.99
0a11a4d0e9f9e864f03a7451f0f255b6,0.0
0a1d505323970813602fb0a7c50aa484,32.9
0a26f4521f4fc88f90d29a5ebc930e63,44.9
0a289ff546b41e561b900c97b7bf6c78,16.99
0a3f8040b6aac1d8add29db655c3e463,56.99
0a56b53b96fc69f9d9aa8a0d4037c900,72.48
0a5df23b922b9998bb7378f1ac03c98a,29.99
0a609db8d244100909a15d65eadf8539,37.99
0a7c72fec6e7d7917460e5a26f09dce9,0.0
0a8ae1a2b8d6524ba8b19208b6b6e1f6,87.0
0a8c1dca34c99bbb023b3b1b09735bfa,16.97
0aa7d3df6008a3d5aa9db07e65cef5d3,0.0
0aadc1d26d1c8b88a52c39a533ccea93,1359.92
0accfc28d252c3155b25991b5b9e7ea5,33.49
0acf30b91a76fe44ccc15e1717dfb672,134.9
0ad45166f7c608cea70cffc074e78e4b,289.9
0adb4a6277959c538f115b485f2b0495,45.0
0adf2fc24a06dc36031666d008044c6e,37.99
0ae899ccc7701f38427bc48b7d52eb22,129.0
0af856b84f956b11317832a27b18ff4b,0.0
0b07eea0b93324ae3c2ce0ede76b95c9,129.9
0b12f11a86385b5ddea612161375ec68,0.0
0b142164e5db564242b9a924fb8bc171,59.99
0b2866e8bcd0c3ae5c35cf81f7f68219,13.9
0b355a14c548a718b4e423a3914bdc17,0.0
0b388905f710fa603f635906bc9afacf,0.0
0b49c33f53bc3d731cfc40dd36cc1b31,57.8
0b5ad91465a83091bf1895d85a4267f9,24.6
0b5fbc764612225ace7795b93b38aa35,53.0
0b6046cd8b7b9a8ddc7c2996bc719de8,0.0
0b634a0a63edf40fb50440d7093d8b5e,34.9
0b63891bfcfcede37c648664908e6cb3,49.9
0b83f73b19c2019e182fd552c048a22c,93.0
0b8a4ac66e2edd1e8423e2016dc5b9b6,33.9
0b8dab578db3ef19b68e4e228e5e8fea,53.9
0b949d3ee12ac9f871346d814ff57080,17.8
0ba133b294e8131231a0176e0a2f0853,129.9
0bc50d5cbce10d91edc3e935d068ef0b,185.9
0bcdf709d5d3462205328abe5387c5b8,0.0
0bd4b20e684a23c50c734e740eb41e90,0.0
0bd4d2600b49eb951489ebc82723a4e6,60.0
0be176523405976a37488ad6a2b81031,0.0
0be23e2afd5c5d9a1c2ef6b033e2b17c,29.99
0be330030885cb5b0cd0fc84f90d4ad5,133.0
0bfb268a7a8268c6a67d71693a0c1c95,71.71
0c061e779ae6c21a1c561eb2ebc5caf7,90.0
0c0682ccb539fc2ae62d6437ae5feac9,99.0
0c1010da546577eec46de55b3a0a885d,0.0
0c1a20644f0dc126c3eaff8dbc1bd12c,0.0
0c2018c190ac0a6c5a02c0bcbfaf2129,169.96
0c3a1c1585e96999bdaf83732d1fe234,75.0
0c408490d833fcce64944726a4cf9d8c,56.0
0c4266dc13e119f7b8d87ec0f31f3439,198.0
0c428f7733b04c35dac27a76efeec295,29.9
0c57b6540cb8ed939596e4f199d637fe,29.99
0c5c596ff335ad6b91e78f1f328d030b,30.0
0c5e206ec36cc859ac0b248f2ad72e6e,89.9
0c6622facae49819fe1591fcc9737bb2,189.9
0c6ea2a59dd585779e9b25d3df3ed41b,16.9
0c71fffae3b89f1f4c7afd556f5d29b1,154.19
0c7360e4c7109f897e18fedcec400ccf,90.0
0c7b920c8084dc18771c014987fc49ef,0.0
0c8286526be3a0fc8f50b7267db95035,159.9
0c83083c3578da76ef6fe35fbcab768b,103.12
0c857d0fdb5599b8fc5cfa1c9ba71c76,84.9
0c8761c28faa9b9930e4a9bb545905da,13.99
0c8c9d632cdaea590c5e62cdf6db4b9d,34.9
0c9c69e1c09db6c3891e0cfccfd05bcb,13.99
0ca60f3b899e4c26f7158574acd3d628,87.0
0cb9be6e0e12afac27ace32e3be4051f,19.9
0cba4bb63764d34cf5ada48adfbe67bb,0.0
0cc2ee1112a11a1094eff52fa2e87150,60.0
0cda37a2bb960bc86fb2a2c027f995bb,74.0
0ce904893f0560890d2f0d063a30ddb6,119.6
0ce90ebb62619ade569740d7d7e7d623,99.9
0cee82b00c2425e61081b7dfc85b248f,14.99
0cfe42acc51af3f1b24268032e51bc56,0.0
0d0481ffb0bb25cfc9ba06c02bba0ecf,109.99
0d062c3c954a9f461c2be3e19cb99ae2,59.9
0d16d92d727e8800fdd5f85f00eae25b,0.0
0d21499406ab7c18f548dc945b63c28c,82.99
0d3394dad534976f75bb0133fe18bd63,119.9
0d3d2bb5ba03b60324b0684e614c7c20,79.0
0d5d0284aba97b5fa9154c49ad861871,25.0
0d6b9a91ea74552ac4f5fb2fdd2f50d8,133.0
0d75e26f60500a90bbf13fa2b9af61cb,94.0
0d7a6ee9d351c0856e4858cb84f26c3c,99.9
0d8b6f37ce56eb5679cf690b59318b4c,38.0
0d997d092f93b5c58d0f9b4bd0643d16,0.0
0da8a21fd4fb57463c7897ad901c7bf9,189.9
0dbe6acfe4256b6babf9463aba634648,34.99
0dbf75634e9cdb8dfef760501cf983a8,0.0
0dc9c8d77cfdc1d53d8378286c77de05,0.0
0dd47ea03f3e61825df9e2bc94c292f1,0.0
0dda24b8a802f6876acc46861ea17903,0.0
0ddba04798f1c085d0ca93af0e91f6c1,67.9
0df55f5accedda71bda8f4c7f590951f,0.0
0e06af8004ffd01a3461e768f9f659aa,129.0
0e0962c6edb63ee9c5ea0f4f8d73a86e,399.8
0e1aa2e5d9087f8f34d2e6913d6891dd,153.4
0e2fd48c6bf362339bff97193d659b20,78.0
0e3adc3a3ad71718fc412a1d0d5fbc11,22.95
0e52335ca066271c324be8289cae3251,66.99
0e5858cb988e7b7905f137dd56147574,29.9
0e634b16e4c585acbd7b2e8276ce6677,0.0
0e662bf6962c28aca8d2e6ebfe053de7,419.9
0e6d20df2d2c4ba9283ad121dee84e1b,99.9
0e764fc1a13e47e900c3d59a989753e8,318.0
0e78d5d8e92c4454512d545b10be8585,0.0
0e7f8d40e42c2fe70b2115e2121bf4eb,0.0
0e81b4d6355f0cdec4bc81b5dd1f410f,189.0
0e8a143471b03abf182926e26af07e7a,59.9
0e914929d9935db92beddb5f3b551a96,12.98
0e9bafe047d5c6fe3fd8ef6bcdce9a1a,0.0
0eab82e58c1b71bfb9f2c7dd966e8cff,229.0
0ebbc7eb66eec02dbf8ec16bf4df7d4a,0.0
0ee02c020cf6a1d5af1f44febcec7e69,149.99
0efdde54b9e08d009874be9231dfe635,174.9
0f04a72a4b5d5889a83916f2342c9123,45.9
0f0891bce8c3efed9ec2e5a9bcb1aeb3,149.9
0f0b49d45120fcb28bda56e94bc85673,325.0
0f15654c2819f53ab1b7f53330f457ac,219.0
0f236e51bb703ddf0e311f3520600065,184.0
0f38a44168ec569a3f783ebf98d79095,50.0
0f47ee9839f0c5f608cc69ebe59f0001,148.0
0f524b9f56efaf32d066ef999d95840e,296.5
0f5974d48b53c84eab42f27ff30a4bcd,179.99
0f6c4fedab0af76f3af23a6c65efbdc3,59.9
0f6e32b2c661f1d00553a1d7132c9db2,23.8
0f95258527026365d80664a88544bdbb,0.0
0f959f179a3451d6c6bca46040b52b68,179.0
0fa37740a3371e759a99e0acc2d533c2,49.99
0fa43f164a88bfd96f05ab1fcbeca41c,529.99
0fa4a064989236797d08591a95b05311,59.0
0fafcdf86099987d7b3e0ebac9e8af2d,165.9
0fce02538969e210a9e1b27b515ccaad,99.49
0fd107db0fd0dec34c21b6269549ffab,0.0
0fd18d821e025515612a466c926ff664,42.9
0fdc0d21e1983e8af4d399e17671f76d,195.54
0fdfbef2ae337480fe00523dac271cb3,219.8
0fe1ce06ed231600c5c0213e7d920627,0.0
0ff3cddcf62afdff48dddaf22aaf0fee,116.6
1003a1d72627f1a71f255e239aaa4bfd,1129.99
1003a6796395c39384cbaeafd51392d8,0.0
1006daf2f4f3b40848bdb64d356b4b39,49.99
100a1a0fe9f738719f7b63e3eadf5ebe,277.9
1015173479527a15ccb63606a74f404e,164.9
1016fdb943a9d972e1feb76f053b3535,0.0
101968800abfdd1b81ae25d804eadafb,29.99
1024c5cd62d38352351e537638162793,157.77
1033c72c41b1e8f0ed67a793ea8d8501,0.0
103618505393998f2192cb78f7bab338,50.0
103838ffc9a90c22e78aae22c57b7f2e,33.9
104f7393b136186670b805468fbeeac3,59.9
104ffa1d4881f8e36d50f80319f7400b,29.99
106106992030e0d83e6f1bc9d4054070,359.8
10669e874b7ddaab97d6d539578576d7,36.9
106fc159590d2e39a532f3f56259df49,47.3
10781139baee5b4ca3d36d419b870204,0.0
10837ec2278f48b91274e961ee27e699,669.99
10867a902e32dd54061b2cda9c55b0b6,0.0
10903bb91fbe71e98f0c18940fddac03,75.9
10936b5134f21f582fbc02f383d76572,129.96
10aa79627a28350b5c121a124096cb18,29.9
10d23a44c8eb20d89a2672331327f324,394.65
10dbffc4a798d018f58224da1162b90e,1437.0
10e49a12540465d3141f898aeee0a6b4,25.99
110934758b1585194afe1c0134c1dd35,84.9
11160ccb67a77abe36dd062bd2701a04,32.9
1128c1fa085cce5576a2aef4b694a1b4,0.0
11301f323f8e1334478e701ad8892230,129.0
113271b647a5f12bd3f41c1e37f78c1d,59.9
11375e463611310a6d7acfba83dc1fd7,0.0
11444f8161e51e1d513a6adfc41e629e,16.0
1148e7e1daf6d2378b814e90506e9d26,118.9
116490c868c239247db4417b68c9b435,89.9
1175e95fb47ddff9de6b2b06188f7e0d,29.99
1176d8491a0ae7e42bc65b08ddd1d924,44.9
1177ffc12e57d165dd64077a4bbcd77c,34.2
1188233025a9769168e1f1f1981c2444,149.84
1195277e191f958d98f9172a1111a64e,0.0
11c3d6c93dea6ce86769a4835c171bd9,71.8
11c544bcf003c0ba2817787a6e1fa69f,0.0
11c6370fa35c524098f44a6c6d0582ed,24.99
11d07d8ffcdb81279bb38d710648ce6f,33.8
11d2c273e93727d6c0e516075435ae82,51.8
11dabe1669e29dba5a0874caa569be29,21.8
11e34afed2f0357f6c4d5220228cd167,0.0
11e75c5cd86cd8389b80a9b6ce71d218,119.99
11e81b9497f68f501ac372f3cc827bbb,213.0
11ea710f79bf401804796bfe35fe3a2a,76.2
11f9374f0b84ffc98a1ae50698c2112d,82.0
120d312c68bd6607e58c4059b219d5ae,34.9
1215ec4a375a52f5b9f75d951828371b,0.0
123ae28184c9e80638e71d40e37adc27,29.9
12456b22f2fe7567211f0f29dc7dc58e,37.98
124621ab7971ddd927e021028e8f2ad1,19.9
125f6a093e3f2be801d70e4eaa16f9f0,130.0
1262c5e6cb8a5dc8c45fde0d536da589,89.9
1268b060098ed3f22c2e7c34cc72a1a8,0.0
127e44b144e9f8e1edf9262193bac557,19.99
12ab9334b1240d6d037f2b0102a49571,0.0
12bf35aec09644582d3d803df7607246,100.9
12bf6178776d90da204cdf1b37d23906,0.0
12c4dee2137f46228b93caaeb9cb1ccc,52.8
12cc890391e57d7123e004856ff1f137,75.0
12d5abe8e60cbc8c330cd36fcda842c6,349.99
12d7642e3241d015433f989199c9d7bc,0.0
12d9e338f349a4d5ba7ebedf1f93b26f,120.0
12e2cfc1a8dc424fb87cc5a7ce029007,99.99
12e7a2c201751ddc979e7a45cef500f3,115.0
12ebfdb41392890f9d7a8de957274741,2110.0
12f5d6e1cbf93dafd9dcc19095df0b3d,20.8
131dc8b84d915d899517bd2867f62401,29.99
1322f42ae5165f0fa89f7a1d0f9da61a,58.99
1322f4f08ee126888c52044389540e3a,299.0
132820060c20dcac4bcafeeae8713481,229.9
13467e882eb3a701826435ee4424f2bd,117.3
1353d27af23e55a4e17d000a367d682d,0.0
136bb390be82b2f669d8805d4c3a3f76,199.0
13734c565ae46c49db28f97997bbcb44,0.0
1373e04979cfa0fb2092909abbd57f25,229.9
1374dc8d69e00b2749f27505a5eb4e2d,186.0
1376c487ee3920f2431e975211dffcb1,99.9
137e5e89cc2ec6ee305e6242ef3fa4c2,32.9
139fb3595e26482b7aa26fd3b0dc0a97,89.9
13d7e67a187b037979c76c75b2e79102,0.0
13dbc23e2f9dd054e0ebd8d4f4f47fb4,299.0
13dde2bba8c4d6141b5452e3d1b22738,99.9
13e6b0e350ed161c70ce5447dfa173a5,149.9
13f53d7f6a18aadc554f13ca087e9669,64.99
13fff243cc1910bf64dafb9bc81ccddc,519.8
141f1d8a1e279448ccb8fa9af62d76a7,14.4
14220f3da916d4a0740f0b679b842962,134.0
1428917cd397d4f9ac0fde76dd6f2266,0.0
143ac1358dbb2d185d4873965fcc28e4,126.0
143b74c3413de432b8638a96853e1c9c,39.99
144b22ba90f9b1cf5bf278f0db20a355,21.9
144b9f1cf244df05e042b5262ecf97d1,65.0
1450a7cb6ba0bc92100a9a4a8a2f38e7,0.0
1450ca0539e1e64a77c08ba841c8be94,122.99
145e875a57ee60b324e31dd3d6b24a3d,19.9
14650aba2993d5db931ecd1ff160714a,77.0
14713b16a9e8f5b7732763d7f78d3220,5.9
147324a07e96b3cfb515d94137b4a327,79.0
1479d41bbd302e37d1316c996c1f55ae,569.9
14885ec3a15ffa02b8dc0cb52748ef9e,135.49
148ac6af2969e129456347e8d3dc64ea,289.0
14a188558af6cd5bc222ca773d395a7f,0.0
14aa0f879bc9e1d191221462a5fce802,119.8
14aad6719aabc250f03de3beb57ad2f5,38.99
14b0be0b6d7e50e861943bf902bc7959,242.0
14bca561bdb2901e80bb20800ba4bdc0,149.0
14cf3e40a2b5076d2d0384a7e68ca06f,1798.0
14d71f87f2c4ca429306d094a274dff0,98.9
14d84d6f3da70b5d7c26a3f551b3f4b6,29.99
14d854939d199fb6b6e2b49f306bcf73,0.0
14df1afa12b13711303026db4a326a7b,38.099999999999994
14e1bf91e4bb789e2bd29fc22f926742,139.9
14eb8f180e208b9805e196fccbbcfd13,689.0
14f4ae28fc0e2d071f707dbe6daaf0e3,59.9
14f7c220b4e0b529cb23021b2fb9284e,49.9
15010a153e79bb2f1fe810486783f5dd,25.9
150eeedc7b46a9b7a77ad10e9083c250,59.99
151e9edb34867eaece4d6e7ae188f261,0.0
1525aae38c4d7ce53540f783ec7b4d17,42.9
1543abf070395977b2de5362138306a8,129.0
154e1a18d4356adc890d517ae349146a,0.0
1572056796a130cff3aac889df5e2939,74.99
157a6a3e29ea1833d3630f3962ac903a,83.23
157b9d0c8b2328f814b5ee120d5e5914,119.5
158172279ca3f33e15b8412116151ded,0.0
1581a918a58a11d99c69f86d9c0d2098,51.9
1591182652360b5b62e59bc85d9dda79,0.0
159ba7a17c9179c96cb8a7ae43235ca9,149.0
15a3524cd2406dccbecb1273c407165b,97.49
15ace7e8f7a0cfb296fcfea489e2445a,89.9
15bc2114da1fbf104a7caabd79ee87c6,79.0
15c7b142c5ed84a1537ceb6d448818f7,317.99
15c9f1f3d32d5226f79571a100a8f7fe,55.0
15ccaaaa2289afed8a5e40273330c13d,15.9
15d203babb74e0a9f7cb2bd5593ee188,79.9
15d424086a0e39958d557a39b0638431,0.0
15e6d6a0a71179040ccfb0d3cd27487a,0.0
15eaf7e40d5ff0687009b39f3da7861a,0.0
15eb6c5aa4aa23cbdb42e119220d23ec,199.0
15ee900ec703c9a10082b12bcbdcb307,999.9
15fe8224da740000cad6d128fed1a014,34.99
161b2eb506dd664bb5d23dc701a14b59,298.0
161ee8b03cadfe7599ce809b1750a78d,32.0
161fd742f7217e46d7924d781e8705af,0.0
1647c6dc2941bd075dc5dd3448807bed,96.0
16537a831ca74e633b94cfa47164c420,0.0
1669674efe91cadffc28add980087c0e,129.99
166c27d3c5c75d1f987d4f6cf885ab78,39.7
167d54cc2d1d8b157e9dcc360667d415,269.9
1680c593cfe1d6c798df5bd696544a19,79.99
1682bd1183762bcdff292a75f4523452,0.0
1686671c7c7da526814358fc22ccb8b6,49.9
1690121bc794fd89b85142934c781255,45.0
169381f51e4c3e926ef199364aeced22,589.9
169a96b0cee3f0ff7d95d697f10d5414,759.9
16b19abad3a7a020ac59a70da5801dac,95.0
16b2beb51d51f455428a8865562fc89e,49.99
16bc2649f4feeba423feecb3279bd28f,20.0
16bef435dd734e2a623be5d7fb57b89b,59.9
16c5ef9aad92e31e119f7a202272e6c7,0.0
16c76c75cc2f6312bc921309ee30ade8,0.0
16cb37f0bf15408aa65d713ce4385ba2,0.0
16d92ababe56c665936f0dab8da2fba8,139.0
16e2049fb3bafcda8ae6c196df3be9a2,500.0
16e6739f107fe11620beee49d20c2bd6,0.0
16ecae01d286ede5c22b963dc96f08ec,289.0
16fad3f895505b4d04cd5859f01aa23b,139.99
1702d80f8f05bdc591f775bfff3c1684,118.9
17030da4cff1fc639556306a1b0ab0c5,56.1
170bdd7492c288bb1f788c1aff0f7503,19.9
1714b9df17fa7bb77d7f045adadeb285,89.9
1728dd0550caa51cce09523627ad45ef,0.0
1738c95dedba6054c89d4c3db87f6fd7,12.9
1749fd10291ef7242c1221a14f57cfb9,21.99
174f249b4817e23ef163ba88fff61278,299.0
175be4309449118e7767d1560a0465fe,221.5
175fb6b5133abe30730dd6108d122b80,139.8
17607d71527c1aeba58519710396a4bc,132.7
177046a5910ce6dcbebb14997a36fb18,129.99
177216eb4775562e57fb625ad8dfb242,45.0
1772c0fbee58b154da028487de51b74c,119.85
177c7ddf107acb626a4d68a243129fb0,269.9
178517ea7fc752dbcbfcad925153cf94,0.0
178abcae329614ef88c84a4f2d01b536,132.0
179607d5aa7e47661b18cabcd7037ab5,497.98
17aeb0f1c1dd5757f8aa0f4c098165f3,59.9
17b83aab01ad7464bc016d72a928f3ea,37.89
17b929451040c8dd686aa13126abb3ac,0.0
17bf374d6f406164b8674643564f3a10,23.99
17d1eac1c77bdc3c586bb9931cfc6da1,0.0
17deef15f063b59eff8f9e440326dda3,93.78
17e0f8c75b7598d7786a43f257e5453f,88.6
17e2896de0a7da4861effe32a8c91900,39.96
17fcb505d2bba63a058d9ca292e7252a,0.0
18080ed389c72ca4d0c4396edf0ecb37,159.99
181fe5cb523664e70003f36f5ba01d23,115.0
182e134f5a24ee479aa38749a5748cb0,25.99
182ebbe49711dd49de4fbbdf4a999c10,0.0
183694e413cc577ea63e277edb06d393,56.1
18371062fe5ec3dd3f4f48d8011749d7,58.99
1843cceebcc1e391249a2714facc8ba3,79.9
1849e2814a680fd9e23e3c47f53ca85d,99.99
1858eacbc8be35fe3b5dcfcd6d249462,320.0
185dee501a0c28b9c799ff72a3e527c7,40.0
18a2a03ff64c5d3a193b607e0cc72fed,26.99
18ad234ff8ab86b33af5664c97e0712a,0.0
18b0804c12cb4d5de0e81612a5af006a,17.37
18bbfd7c77ff481bac5ae34fe5b8cc52,45.95
18bc87094128bbfe943cf88adcf72059,29.89
18c2c869a8481e4ee1acdc5cbd8078e4,34.9
18c75282901f7db1fe38e8c9a3ce4c12,0.0
18cd06f52874ea5e5eeb41133113f761,0.0
18f13a4030ea2c8f9faf14771f09d8f6,29.0
18f1d76138f1b657ec314c617bb3842f,65.0
1904191be8eb1c83bafa96fb36db8b6f,117.3
191525912e1a31a97bf8b481ce852f75,0.0
191e184573cf04ed0a99a5250488a483,59.9
192cebe1ce37dd56b81350bf2d371dbc,0.0
19473c6ffcf611d71a7ea7f03a17f6dc,299.9
195499d29835ec5b94af4457c1c186e9,21.6
19595c748b330b19286ae94092b6d900,69.9
196fbfa6f817924c4e13687eef22fb30,236.0
1974875b4a1d2e2ee6d586e3ba4d7602,0.0
19799906f242be82caf8e374a7c4747d,0.0
1988d7a1e4df97f78b2e81f091b8c429,189.99
198fa73f9282fb46d9b5b5c25394b7e1,43.0
19b865e3701d5403150575450d4a1c25,39.9
19cb50ca8ff9afe19ce39c5d9562f3bd,27.99
19e5b71b7be85c9d54c418dfb4088614,399.79
19edaf153484534b0d582195a5cd8ff8,99.9
19f735a9a58a187253055f9d4bcc2bb6,55.0
19fa462928b554091db0f210254ec2e1,12.67
19fe66d478bfedfdcc743014d562b777,44.0
1a2042f30f2a7ecefdde313fa0cf151b,50.0
1a253bef0924d2e184d8c1de30d32d0d,117.9
1a29b476fee25c95fbafc67c5ac95cf8,74.9
1a2d84203a039be469e1e754f4b8b0b2,0.0
1a31f48887f7394353577d5d19aa0ec0,0.0
1a32f102c11b91156379253cb770aac3,269.0
1a36d4ff0116a6903cfacce00fee523f,49.9
1a3a962a15f8c6ee0178e1102387d3cc,2139.99
1a3eefe727f7fb12267714f60060fa91,0.0
1a48d9b6db20bdb9846b71eaa2bee03b,67.99
1a52e558853b943a04c7ff6285d6d328,0.0
1a5f53459ebb9f8a705378dc76f572b3,25.9
1a6b1ff8c6841f14b71040a070ad78df,49.9
1a6bd2815ac4d675cef027a2a2359e3d,225.98
1a732a4b42dc7c3b3710e04d65836995,0.0
1a7a10e9273fca58179bdd0d40843b0c,0.0
1a922c593edc0c31a83d0fd32883bd62,18.0
1aa85a5b16073b73eb97183f2da3402c,187.0
1ab6f51cbc59e795693aec988cc2906d,69.9
1abd10e2bc0afe1bda7ee7ee280a6e9d,23.99
1acfddcc366d45e07b84eedc46282cdc,249.0
1ae2ca057af5e68ed97bae308f089b16,189.0
1aeda8a7a2736542b65f15a8ff8d0f5c,209.99
1afd7120075c414823b60625c776e6ea,199.9
1b01a85652180f2620dfa1a1bc4f91dc,0.0
1b0843d4f653e7301b596757fed2179d,120.0
1b0cc6f6f8dce1fb360b7eefc1a1b8ba,149.9
1b1819e5da72c7a8c26b2e46aeeac553,0.0
1b1afd436a6335100e1c8dc15a2b7922,0.0
1b3b0b055ed21f7ce245c233772bb5d4,219.9
1b3ca5f1c4db09255e55e10081735224,39.9
1b3f87983f51dc8069dbb2fa88d6303f,59.99
1b4a29b662a69713ac6501b2877602ca,19.9
1b4a777f2e6f3f24c024c533ea46418f,23.4
1b4df9eac3b620a7edbbd5e0ff34b7d4,0.0
1b542f810484d8c042aed33a7c61a218,36.9
1b5908d160c0942cc1b26bc725536d42,29.6
1b6b2d2bba18733ed541ebd0c2737e31,0.0
1b6d29725255a77667a8c639eeb4ccc0,50.0
1b6e96ed99cb8d135efe220d761bbd67,35.8
1b735182e76aa01a60c544790d9c5efa,39.9
1b7485f213b9168a29f3ef0c05a799a7,64.8
1b76903617af13189607a36b0469f6f3,3099.75
1b7ac802721f14d25a06a4fe3273a0ba,152.72
1b86bd501d916b3c67a5dbfe7f49af47,139.8
1b9c0951f6e51a50af8587aac775139b,0.0
1ba017d398d4fd2ad48fe28b0a9d94a1,110.0
1ba3b514be1d70d320100d30b28034a0,110.0
1ba9f0980fa83e3f8815eeb8c8afd14e,0.0
1bb9912216b71d07521e925dfd0a70db,109.9
1bc28b08fa28f7f12d4373d7ee73978b,119.9
1bcb0d37872e0be7a8dd956b475523dd,109.0
1bcb517dc3cc80868d2fa941174f386c,44.99
1bd9a5bbb6bd58aff597ffaab9d16cb5,79.0
1bdeec4c380b916acfc8143d53a2129e,0.0
1befc1536a31cfe58586bd008df9cb28,0.0
1bf9fc7ffb95e625c1fd04937cf01892,105.0
1c04efed77438ede570dee4612719c92,25.0
1c065f2b3e2e84ae918fa40f18b6c77d,27.99
1c12fb820ab4fda07eb3d72f03c5ac3b,249.0
1c13e7a690e418f5a133c8a219b5a124,844.0
1c17656ec65029ae51ca6c7cb7f8288a,78.5
1c23e9b21cc43e6f701683d23ab22360,299.0
1c39144d899f035157a7761e319bc3ea,18.99
1c4ad540c8c5c36be4a8b8ec08f79638,294.99
1c5d44eafa7759924213b552d9c44443,89.5
1c7260b99484b79c9e8adc2dabbdfc4f,0.0
1c7a472b0cadf146922d61c04276e55c,89.0
1c8d56713e12f99df6c515b231ba4781,13.7
1c96b00d7bad9cc71f6505a8e81d0c67,0.0
1c9ed81f7bb6e825a13612758cb4442e,59.9
1c9fa27a4db6bf9c57a0062eee2e031e,59.0
1cb8d194370a752d9879501072bd0328,19.9
1cbaac6875e786630136369e019eae58,54.0
1cc6ca3e40bc03bcd2e554fbe370433e,0.0
1cdde99739da4d143d41c2a6ac81c82d,0.0
1cf5cc9fc5ae6351e8bb1d2b8fee0d48,0.0
1cf96944b82b35e8e5e620208a66afa7,55.0
1cfcda54cd798f92b3de0b0308b6c4be,76.0
1d15c4b479b85b74daf5f6742dd3d05d,89.18
1d15f7e108877a5588200e84345a9a68,59.99
1d19831bc078c42de4b0fbc1d1dcd99a,27.9
1d1ba2c41bab908a576c10f2f602626c,94.0
1d2435aa3b858d45c707c9fc25e18779,551.2
1d34beeda3b2d9a16c418c0d1419bdea,179.4
1d3e82e030ccc817ea128b644d815a9a,0.0
1d497b6ec01b42ac1e4c957bf8e8195a,234.0
1d4f569ad299cc732521f6b76f661505,15.0
1d59e4eecfa206d206db45c317e78920,109.89000000000001
1d6469215cc70a0e1512aceb14022644,9.0
1d69fcb75a5ae79f19d3607cda9cda2a,39.99
1d6d7421fac2e0cc34a9636a58c38283,0.0
1d74273c053909be057f50f65b48522f,199.8
1d74b37a78cc3049e04f78b99ac73259,299.8
1d76262324fb722af0b9f273278139a8,0.0
1d7f4a786618ec8e4aaa51733bc96dba,0.0
1d84bb0eda369daff7786d9aebcd988d,509.0
1d8dc0ddca15b95682905c326b2dbb20,456.0
1d8f1ca82cf6c04de2391eb61b9ae364,98.99
1d9131ab30ee96a923736b965c521a39,110.99
1d94328e99e3a20baebf58fbdf717dea,42.99
1da7e0c16d2176c357472ed588c5c647,0.0
1dacb145d464fb9673c38b1a13670af5,51.5
1dc6e62032b47fb3dac4dd2bb44f806b,176.9
1dc7440f23e4c725d3795cdaff6fb994,29.9
1dc848c11c2985635c268ff3dea707eb,93.9
1de5850ca9f40f0dd5a13262b56223aa,0.0
1df745bea08a8a107db186724c8cd2a8,0.0
1df8409f01b714da94bfe0f74cf7dc4f,113.0
1e04143b08a65150330f4d2c3109eaea,219.99
1e0ee6797ad27881a1775124505468ec,13.3
1e17c906173cbf94c518102351573fac,118.9
1e1ea717e5582112be81201874040e82,799.0
1e2c7891e273489845ebabe0310029c3,199.8
1e3bde65aa43e0c549d20b7acde4074a,24.99
1e3d5ec055904eea7d4e95d60a1ad2cf,60.0
1e42daf0af58fb971d1598af1fd2497e,690.0
1e57acebf9849b1d7af7c21c14c1b99f,179.99
1e6d2ab66fdc23fe97ac091057970b6d,0.0
1e7097be947ad5d0f7819bdc9d8d7d0e,0.0
1e75f52b3a8f44f54d133b711b883f93,64.99
1e7db3e12cc7ca34014fbc24ae190920,259.9
1e81587ab2633b7b134efc91983f01bb,54.9
1e85d1d3ecbe271f8410d13ce6bc189f,37.99
1e8ae2128137cd86fb6cc9d0445fcf7c,0.0
1e8b70cce882badaff158c24c2b9eb24,109.9
1e8d38254b74212442ed7c9f40e71c26,95.0
1e93052ca04eb5b8acffe45b9b6bb66c,0.0
1ea68e64acf2c139dfb05f7f10783ca0,122.0
1eaa53faf68bb4c2a2d95a56b63aa8b1,39.9
1eae1cce4c03f0915482bc43c7427c75,119.9
1eb10c8931ef3b01cd2cf7a6712809b2,69.9
1ee38c48e009ccc32f5ab7fd7ee65650,155.99
1ee68e5d9aee3ee39f6aab702de9d5c8,39.0
1ee910b8be2fb6a731b54edf304e1b6f,185.0
1f1089f7fffedd740c72bed29ff77faa,0.0
1f411180ef22032e1bbf9ec7a94a6ebf,250.0
1f4336c3226edc8d2c691509a44ac5d4,0.0
1f46c0ce030634c7dada0593638d8ba5,59.9
1f53ce3e279f1272b2fb964bb2ba25ed,22.99
1f577f9d2fc2b5baa6d19772989201f2,35.99
1f586cd6aa79633f178634358bba566b,0.0
1f65b985510dd34cd39d7c91b7663c9d,187.0
1f692e0c3081b4bcdb48b8b84e2359da,14.95
1f6d48610f32c723924f9af3e88f1c64,0.0
1f6da708e9a7bd7314954d85603fc0ac,121.9
1f7d9afd77ceacfa0b5b461a50818806,0.0
1f7dc38d123a145e63608b9825f615ba,159.98
1f7f84f5a5c00fa9a6ddfaa02a3803bc,30.0
1f98d2384ff7a372e6a2d3bb75cbcd54,390.0
1fa0ace8e18156593acd36e3fb792922,0.0
1fa9b1d14629ef237e0b2f570030df90,149.8
1fc56d05a04891065dde262fbfec04b5,0.0
1fd4f857b3f68f5622ebde22e2b328a6,12.99
1fe1ebaae0912c827a35e8a93c1c5ce7,18.89
1fed83cc5a2835d406f832dbf55125ca,59.9
1ff3b4e02a84ba7bd1bd2a65bc330514,0.0
1ffa1c8081e0965ad547cec0656e6883,29.99
2012b2a91b073059bd14c5ab78911e43,0.0
2015cd1d7aec90a593ba1aaa28440665,28.56
2023d2b0225103036782dc7ebdefa443,89.9
20262965ae07d2db3b197caaa56a623e,39.9
203be24e6117b285f1a0e57eab8d4b41,179.9
20594fdc17c82450f53730cd72ce04c3,125.9
205fea0ca71690b632ed095aaf2ad12e,299.8
2062829df366557aaf33d5f28c84318a,399.99
206e64e8af2633a2ebe158a7fcb860db,89.9
20738507f8a57dbde7be8f66ce61a1b5,299.0
207a5537c81aceaf5ef4f5b1ee4cd09c,50.0
207ba0e71c642b6eda7d0f4d41673751,0.0
208fe9aa6033a77419f8f503b7698e03,0.0
208ff27cb49cb5f4cdbc72c014e184d7,150.0
20917cee243e32974933fca49feb2829,0.0
2098c28fe80f222ed41eaa2171be6f01,21.99
209ac14596dfd6955aa74a21297d79d2,24.99
20a7b23991a3e7add72499c3a00061d4,119.99
20afb5e47a145730fe9e8c081318e71c,0.0
20bf09de7dee69430bf49c36c1d8426a,13.77
20d6573dac7f95308e037246c7c825f7,59.89
20d8a6a96bd3f57a4d289c8166122c45,0.0
20f63f201e5243070adec9b519194085,0.0
20fdad45aed5ae04cce21af8f56cc98f,0.0
21047388773cb249c4c1348fceaebd18,39.9
211e4234ffca5cec9b0ab183a1009256,109.99
2136a45b6c2f821dfdc5149c045b3fdd,44.0
21376c7cf3879b5e2119d39f1a596f9c,69.9
213ce7ea2a0345a65b4045cf55be42d8,52.39
214629c0968df90a29892da7512fcf8a,179.9
2147a5dfb665b52abe1fd1a0fa5326cf,15.0
214f7f00e0d787d65a822c8ed3e9c2a7,0.0
215118d564888b05d0a93710f6717584,0.0
21559d7ff0ebff720e5e160184338fed,0.0
215a9975430b79bfc8e836ca2dcffb92,0.0
215e0a9044344dca7820b462c60bd206,0.0
21642f939fc937f5b8ee999e362c4883,139.8
217c1866bfdb122c1f068b1bbeeedb41,39.0
21a2d9dc71459dbd3dad219cb9681964,239.0
21a5804a0e4279d2953a2f0067637905,258.0
21ac2a805b374c2aa44d6a5301a1b4a9,82.9
21af73f960a77885e91a806c06b0c1e3,25.0
21b511802f46030f42df35d2d0705832,10.99
21b890a8701db02f2107d0da119edc67,349.9
21bcd9d85bbabdaac9f5d508d064b458,25.9
21c933c8dd97d088e64c50988c90ccf5,0.0
21dbe8eabd00b34492a939c540e2b1a7,0.0
2205452883526d0f4dfe5f23ba2fd6d7,79.9
22062343697ed12f7c1d0cecd982b0c4,204.0
220d6d0b622a3b6f6bbe074ed9b7fdea,87.0
221d59abddcd719f3ec72c50078b9e31,56.1
22368ffd50b3053231db9241f9d3b1fb,34.72
223695e4bcc4f7b660ae257524363af2,21.99
2246815f05219421500a868c4234c895,29.9
224f83318c1a2b83dd1d7beeeb9f0e30,0.0
227aab671ee7cda5c88bd91ef18d8bb1,499.98
22922c14a63a020f04ee428cf5f2e995,226.0
229d029f241c7e742bc0614d8113e4e2,44.99
22a10db985bf635ffcb7eb3af7d33913,19.9
22abb23a37bf693f3f66fecb4232c136,337.18
22b05429f5f6165b033dd8ee7cee1150,0.0
22b59a78fa7b501bdd7e72a076ec03c0,49.89
22be41ad7d58c7774c6e036348a042d0,119.9
22c8d7801061f27eff57f37ac4ef10e1,48.989999999999995
22d3603496369abf02985be067ea26d9,113.9
22e8b5bc5e81dfa4a832da8f0b1452da,104.0
22ef5b7c597d6e1789a2c0ee5cf00878,0.0
22f6af8201369f9eb96592db3142b9c2,265.52
2306533ed96be8166f935a6061c2ff01,49.0
23160a1a837a73b3fc048f8d37da60dc,0.0
23280ccfac94b7bc3fb94ae94adbca26,295.0
232ed142b4efa7b998358c405e9343da,79.9
2332ad18bcdd2763999ec846fe8020fa,0.0
2349bbb558908e0955e98d47dacb7adb,0.0
236198ab615d09261ebbb64e82cd89a7,179.94
23643c53099bde88bb77d5a199704035,198.0
23686693b97e6a4b92c08e7ff87d4317,0.0
237b5de0ef8f93ba5e0462378422dc70,59.9
2380952657b113b50227e5f5e7c90005,0.0
239407ffc2db91f9b09951b93ce92c52,114.0
2396ed0f849c195da124f55b4c17ee35,59.9
23a77d53d020df90a645854f07cbd8ef,51.96
23a9fb140ba870f4966fca4aa223e492,0.0
23c033f6c75a249727d9fdd366352b97,170.0
23d4f3fb1c76162bd81ed379927ffae2,35.0
23daf66dd86071f57d332fa5562afbe9,12.88
23dc3a062c6c097bcb3940a909e7730f,39.9
23dfc0699e210b827b44e6bad54e9b68,99.0
23e5f7d84dad8339f627d75ac90e2d43,179.9
23e7bcac2f3b067fe6ecb4ca8e130bf0,152.0
23f5ef949f4f54d239cadd6aa0ca48ed,40.8
2410195f6521688005612363835a2671,50.0
241ef388359fe58ca1bf35112494dcb3,24.99
2420662d39289d527ba8b94aaab3a281,122.99
24481dfda3564e4b1f284c8b7ed9a41a,149.0
244ffde1b09f71f6f43e03d989465ec5,34.99
247abb2be98c7d9fc9190efb37097f51,255.0
247e0dcd20596bee51bd2b07f633fa04,0.0
2486f0594797f4e9edc77f1867f25872,69.9
249909f9236a3a49b9bc89689371aac0,184.9
24a0683609e642fe0d86e5e2c97712f5,102.9
24a25a70ff5e786e87f60400f5d43ccd,0.0
24a67fa6d05d41fd74f03de873fc3ce1,40.0
24bde8b6cd83ccb8ee3fa91466be3b11,28.0
24c3b1f7de93a87ffe0506dd93ccaad8,269.0
24d2610d6b2605ba1fa5659b57f48205,320.0
24ffbb655914998319377df431e3c47a,56.9
25005ef67dd44bb53b64ab1ca6b98704,49.9
25126926be8dbdb3264285caa7d0c40c,39.9
251e658613a224723f8a077946183b20,19.9
251fe896b938a0b3a2892d5b6ce68cbe,0.0
25268e3786435da9df6302a94232b271,0.0
252c0dcac11ce99e1f06fc9fd4218fd7,76.9
252e897731145fbfc65492446f59b28e,108.0
25314849bf706df0e00da89ccff9bdc3,0.0
253316ac4ab3ccb4de332d3dc6d2223e,0.0
253dd87d06a70cf96ef4c39c8fc646e1,149.9
25448c9f3f3de9656ad76b07942ed84d,116.0
256a24db42eee1f408d7c0591e6447e3,58.99
2575b93f24ae722702825789254eaa1a,59.9
25799bf6b79e82c19bd6d590c02cf821,0.0
2586fca3220b925aec835cce085fe64e,79.8
25909109137a0ddcd2aa2e4c8cce912c,13.5
25b703950d3e71b5a2943534a31ae2ba,22.5
25c8b790b3dfcacce54015fd1076f284,0.0
25ceabcd8e79d50d5c4b252a250382ae,458.0
25e0e9c50bbbb702165055bb4bb2f2f7,64.99
25e5455484cf2ef3657b7808eb6012bb,82.94
25ea8a0c2d364abc3bb96abb9a731cfd,99.9
262c924976402a1e7bee227038057e51,45.6
2630602e9535f2b5347b3e9fc77eab65,21.99
263c5426dd054f1975c09a1e8018bc7f,109.99
26508b7c8910ff77b6f8f7ba21fdda26,0.0
26519785c800da52d3796667a222ecb0,59.99
2663a303bd9e9b360ebaa9e12aee0b98,107.9
26738f46bcdeb6d82d07035f201b2e19,52.0
26a51783897b15933b10d66cdf77f577,27.99
26ad164ad913649d86d05c20c3eaad57,129.9
26b3e8ebfde4ad342ce964d0c7b9de1b,179.91
26ba94dfa1455f35df98f0272823d02c,48.9
26da4d1a73ee90cd60fb86fd4810c852,43.0
26de9a7bf14c1c971f6b4364f34b938b,0.0
26f0dc90a386a2375a109b6975dff3c7,27.99
26f17bce4c85dfa04d493059fe609cd5,0.0
26f73dc50abd880d521de9e5bf07ae49,24.99
26ff795fbd492eb47b06f47795134bff,29.9
270a2cd191cd19898f8abd07c5c248fc,79.9
2722e6b3a05b8ffb366a8f2a363b2e7f,0.0
273a1f5b9953aac34f2c846403614771,0.0
2744066af4bd156c08ec0c0549e2a539,26.99
2760aef7bd977a44aabf53f656e92722,649.0
276c6b10d49760263cc9d3250f695d47,67.99
2778aca502ff9de17286ac235086a248,39.0
27851b9f7f49b23878342fc8fcb0ae45,45.0
278c30c4e97c3c218cc102eaa5da14a1,49.9
27956b37edf38600f8631c7679daf9c2,167.98
279bd194cc9790cf88fbd6442e3cf716,55.9
279d9065b859d2c9caf96ce8b2d0c929,49.9
27aede3a816dcbe05e0fc5bc5b72f311,79.6
27aedee05bc8e9bcc4da2bae37fd4d78,0.0
27bf8bbbb413c6437c459c6f6f476dfa,0.0
27c343002e49de073102bc1e24b6493c,64.9
27c9fbc5854ca2ab9c51abdd4b520589,219.99
27e86d2ae0db33b8d242c9251067d97e,79.9
27f610da50d98eb94f1f0745606bc9f1,139.9
27f69c274c36e70cc366c88f664a5537,199.9
27f8888a8a8bb74ca84c998090dcb982,256.2
280f5ea9dbaf92b0f6deb78d8551952f,259.9
2822fb97bf696ca53a1ecb48ba91d288,56.0
2825ce9bfc557b2f9e46019382c0ecf6,28.9
2838f9f0dab6f7621f3ac149ac0b7204,0.0
28474464ffc2a83a0680463c36e6dfd5,25.77
284f0533e6c79c3e3397c2b185573a78,39.9
286cb34c005540e593bea6045b73bc5a,64.99
28706b8dc0fe2a95fbcec1e53253d8e4,249.9
287a7cdacbcda8f842d7719e77cb8457,2150.0
287c23d81ea7fb3a3df3c852ee17dd2b,34.99
2883fd7c3fadd0ad0611424020a381c6,289.9
288fa431def32be70113edf2790985ab,365.70000000000005
2899964371b6266b732cde11a74efbe6,169.9
28a9545ffe21521e8fa3870135873d50,79.97
28c7e3fb75d7ce1e496dc539443b71da,199.97
28cb2105de0e24c2dd3e21e364510937,96.8
28db4c7b77c89305b4729d65c20906c5,0.0
28e2041c0f17e12da80a0146305c9259,16.5
28e42f3e120527d138764c5244f2bfb4,69.99
2910d75e440fa3665195c16cefeb5618,80.0
2912db6f8894dfa5aeea61325e2d5f08,209.0
29193837afc61c50550bc1139e1d822b,55.0
2939eb5c5bf062a54061a6b0790057b5,0.0
293c9db44b6588c4e52fbef455fccde8,109.9
293e5ccf608a9ace023ea0e0f17c452e,192.9
2948be030b49909f3eccb592b8315f89,44.9
2948c3e888f4d365e119132da9f95c27,158.0
29518d17896d6a0902847dd45fc11516,20.0
29607e7e09b983abf0027c079c05efb6,0.0
29682242915a222580f388e3515672a4,320.0
297871f85f3905d13eaa1afed708ca57,123.47
298888cf6c1dc18e17e944817c30d579,0.0
298c3e1a698283a45f1c94df3942bb3b,85.0
2990f218665832600f7180650703052d,159.9
299905e3934e9e181bfb2e164dd4b4f8,0.0
299b2d1bcebfb18807ad9185f5a1f058,18.9
29bea95c72abb63bd9da0018a398b594,32.9
29cb098c6e774a2b42c7301e598649ef,59.99
29d208881a7c8202ddd852afaefbb076,19.99
29d72fba272ad06ed0b2ac6351da042f,147.9
29dc4aeff866d6a940c471a3ea4faef0,0.0
29ed46c06126f174d4fbf76e310adbfd,182.0
29fbb2801362f8857a80e4c1a0c74aa5,49.99
2a151ec82fd8a1ca7c3e212651ab5b24,31.9
2a17afe1b10068ca48fa95d95b9d3e02,150.0
2a34af7c4b1b83d78b14cf6b9c32c3b9,75.0
2a3db31230ad9d133b382aff019cf148,128.0
2a4f0eda78ff3506c9c4dda83bb996bf,23.98
2a59d41f81e3acce1b25fac07ad68566,0.0
2a5a352188f018f8f0033a5c6f01d3f3,191.47
2a658f1dceab1750b17286dbcdecdd02,45.9
2a6ef69674d6f28002c72b8d123b3a27,19.9
2a8e9a7b6d67b448707d0d7ac6110b9f,89.9
2a910efc136042a1dd32dc916878be40,69.99
2a914bdfae6c0cc612a51e479acc0128,215.0
2a9740b80f4bf690a9f5bdece3b5fbc3,104.9
2aa2c53b231eaec5b82d9e54056a0cc6,572.0
2aa9325eab1676f4d62830f004d67a34,12.77
2ad3e60daba1700dc116ea525e842f28,161.8
2ad3fd1a4a4c8dd70d848f625b27f4ed,213.0
2ad53a13954ae9d3d8e30a7e3ba1de18,199.89
2ad86ffb0cc867d8287247aae28cccec,62.0
2adaff8e437d7153f3326cf14187d821,258.0
2ae3c67452283d5a0d30b32e0d33296e,45.0
2ae8fe87f03b04a0154ffa68276432fa,51.8
2aeecaf7cc80dcf343d70d88bfbcb062,0.0
2b09ef35e74a0c582c8d846bcb5b7665,34.99
2b0d2a4ffe3906cd18019c2463cfeee9,249.49
2b12aa72b942b60ca53b0eb533df5cf9,109.99
2b18cd5c428106cc024ee2cc951a0b68,59.99
2b1a443295eb2104e29e060cfc7faf4b,119.8
2b21acf35bb99e01d64acdf686ba9856,0.0
2b2444f1324436d35fd4d96e0c865374,179.99
2b36582948057afaf22d40843b540cf1,0.0
2b4871f788b44ee004ec2c7fc7cd420b,59.95
2b5810705ad2dc3a748d181a15996eb2,13.65
2b7af693337e3fb22615306dbe54432c,98.0
2b815237a1c6cb549b7a44e1c522dfef,58.0
2b85ec29465d3698c94e89a255767977,71.82
2b8b340d292b5de57a5bd3f9ae6c0832,0.0
2bb77ab6d3b1f3e81e79f40dfe35becf,44.0
2bb9b7e460ba29e236747a1959108097,58.0
2bbd09d4d1fd7751420a920931100140,59.9
2bcbb73032ee97a07a49d5c6683403bd,75.0
2be9b3218064e818eb33659db22b3e8e,180.0
2bf97f7ad0865d494796787cc7cf1fe8,0.0
2c08ea1522ea4bac42eb5dd9f5df21af,99.9
2c14db46aee6245ff5a01f7f69544f73,134.9
2c32927381d240d6ed1bb6ee1572f1e0,12.25
2c3a5fa3cac8eab6568cf47c4f7f6624,89.0
2c4bcbb5a9a1b8ed1a4b05ddef43a888,150.0
2c5100ebe43494cc2e7c912d5366f253,0.0
2c586ad47f2b790f4095f2d9eb8d508c,119.4
2c613e1daa937ba2dda45140c410f48f,59.9
2c6f62969907bc67dad42631fda31a53,180.0
2c7df4496702560c973e5afa81fe9208,179.8
2c85bc3b462b734ab70f4fc28ff5f727,46.98
2c87620a0cba3dc7cdaf2617928d15d7,245.9
2c90fdbc33c7a6f301f4c63f0c962b3f,970.0
2ca59de5f065107ef5add18625776bdb,58.0
2cac2c968d6e64f3d4dbc358ea518a8f,59.98
2cbdd1cbe1695df917f0f720f4b6449c,359.8
2cd68cd1b5bef221314ed99f32ad33f4,79.5
2ce9755c84e47b391e5255ff3e41c34c,0.0
2cf1b13d236cbffe7a3e1857136982b1,0.0
2cf2aa79a6a7165ea380a4fcea303c0b,29.99
2cf5f400e1fe53d4ca5684d666491fe0,259.9
2d2616826443ccc5be23aa13edf2fe23,97.0
2d38e2e85540b22097d39f767c481d18,49.0
2d38f064a1ddd82c8c14beadb7bf0c38,129.0
2d3c25ea3f9a4d5136a7ff272b1b0ab1,59.9
2d415b8cfcec2aa6686bb9e74e3970c4,99.9
2d55aacf7688e281b83de3ffaa61c058,119.9
2d5c600f8cc7477dc616b9bd2d00a0fd,44.9
2d5e5796e7901464c00407e69739c6db,99.9
2d62f3a9748197a1e14719249eaaef03,125.25
2d69de392ffdb5def80917230154351d,208.9
2d6b7f961407874c0cfc9ac967cacd96,29.9
2d6e75f5a4a33d3a936f1ea68ac9bf01,0.0
2d7730d34247040e79db147306415d8e,0.0
2d7c2087a16245e57129072202956761,93.0
2d82802eb43a9c6bcdb057573f8e0b19,93.5
2d8c53115afe41713433269302e68bc6,315.79999999999995
2d9611203b229e9cb67f2233522eb915,69.9
2d9decde68108c2233c662aeb3310a64,158.0
2da15ef83ce8831c824aa43f2af3eff1,47.49
2daa09f922fad73e8c273da266ab8366,69.9
2db405cc6d4123953d36594dbff12a73,230.0
2db7f214cad74f77bf16ddd07ec20b35,428.0
2dc92af471496ca347e530172e0979e7,878.0
2dcbfb99d95c7ba6eb992a98627f45b8,139.89000000000001
2dd5d907b9acbb6c573a11a1d8979358,0.0
2ddaeeb8948d70423c3326843412fccf,64.0
2de521d3fd097acfbd5bed9c7b9ed0d0,169.85000000000002
2deeacd4088ed129cde8cdeccdd46261,119.0
2df79c0c80c225d537833abb01a1a8ca,59.9
2dfa6bc8c7ffb458e399e69233352dbc,0.0
2dfb47f553da7cc2a4b874efa420822f,0.0
2dfcf246b58dae24a063c8e0cc3cf309,0.0
2e0cd6f7d34ce42c5a047fdffcf275b9,29.99
2e15bb92fa33e06e35287ea4d1cafe05,0.0
2e1f94c41e4eb045becefe63ea5e426e,19.99
2e2184d1356da6b014de1af7efb0f093,72.0
2e235c20dbbb4ff8df5506f0c3592c78,0.0
2e3c051a9f6e30c8e6d7d45feb4be118,43.9
2e3c3bce0bc8cca5d8e987d047e64d8b,37.99
2e471b8b0ebd8aeb029d78917c3961d0,60.0
2e4c7fbec4fdb54f1cf04c1446dccf12,59.9
2e5a6bbafe6b67eb00feca4e33001c27,790.0
2e61a8d70f5bd8fa8dd742ed198aceaa,178.0
2e6a42a9b5cbb0da62988694f18ee295,29.99
2e70bb026bb9a192d6cf9e91486c412c,23.99
2e729c60d6081c9eae481aad8aa9edf9,190.9
2e8451f99c0515636908ff1f6ba45449,0.0
2e8561bf8b43a8b182c53dfb53fc9a7f,299.8
2e88baab9c2ef8e9e915a90d0c7fb5ae,119.8
2e941e4b7eb84a81f26149b0d70a6722,69.9
2e9cdecaa137e8ba2084bbde28c85105,597.9
2e9fa6156ef798653e721237123f372b,57.0
2ea138252e398496437ad1596662e56b,0.0
2ecb072c40df1c0e01f07c88f55d6c2e,58.9
2ed568220c373f8941bdfac8f464e66e,45.0
2ed58d0567a2839599b85957ee02bca9,0.0
2ee0d7587a1a04de482c6211ea2988bc,219.9
2ee123fe846467308b514a15717df930,0.0
2efbff41b13fe600095d4b41e38bd9ba,144.94
2f0efa6c35f7a04c0ccb3f78d1df660a,15.9
2f1c76c2bc1797d9f84853404f4e20ed,210.0
2f293b442348c20d12aa4537bd3d7234,149.9
2f30a830c2791853a80645df3213eab7,0.0
2f38d11d1609db1fc9003a0cc495cb30,0.0
2f4c7a8dd55979a2bfc661b2c866d9e6,0.0
2f4caaa523ad6f3d695a5e698263cd05,58.0
2f5f9356cfae0215286f7daa363aa062,59.9
2f60c4dcfff37b23ad4c31f5d0bfa9c3,0.0
2f7040ff8e20664c0856a138a97eecce,34.39
2f774604b1d18f77ddd477c67bfc2240,144.9
2f7920af5858f8f73ae5af711c28471a,0.0
2f8552b3c0fd59f1bd0f0821a136a9ae,550.99
2f8dab36f4adff0c2cea0b850d72b8ca,34.78
2f97fb04ba09cfa05b9e3b3af4e8e247,109.98
2fafff68ec29779e3b19a41f71fba0bb,19.9
2fc9a64ae672512016acd52bb0d59c61,199.0
2fca924c90ac599f416173f496dbdfa6,28.0
2fd07dc5dbae616986e00fb72e7a779b,0.0
2fe074ea3cc24b8fd57d29effc995f8b,0.0
2fe5884cad682fbcf82de3ffd522fdaf,89.9
2fe8b7ce9d111a6f3c7b75a9c0f6eabe,14.9
2feb8402ee618f141168787b76e58103,47.6
301a17ed23b8bb5bfce2df8604c06cfd,119.0
303b9294d757fabfe261bcf99cf819a0,11.55
3046b0bd43b0ea4bc6d0aec70bc96e9c,115.0
30480b4ef6a45083f99de41f24eccb44,410.0
3058f1cb6f29801c908499b888b1cd0b,0.0
305a9e2b49169ced55bdd09fed23cda0,199.0
30601ff4bc10bc566c995c703a463866,0.0
30656f1a6f4ef8d3286f02090232d105,215.0
306604a290dba7c17d47b4fe32db82c2,58.99
306ca0d858edef9af39b998960923222,59.9
3084108ab6a05c325f137b7cbaf6e283,29.99
30888fabbe35d54b5dcef294496af86b,0.0
308dfe5168e217902973b27e7c91f27e,99.0
308f0a729f3440afc0b59c38f133a8f5,0.0
309035839d0c04859125d39311145941,139.0
309a2dd508063b66704ebdd088d35586,69.9
30b03f32a9ab981472ef15782f5a0071,0.0
30b6fe5fb355877c7bded1817219d96c,89.9
30b782a79466007756f170cb5bd6bbd8,83.56
30be4b936437873fb4a6fb64fb54a81e,225.0
30c5afe4a2db74f859bba633686399f1,149.0
30cf132fa42d1d4434e6b51827b81491,117.0
30d600f278c689c07360b4124cb9a73d,217.55
30ddfb9397deaa2700181ca7fab1260b,429.9
30e4588900a8ceade11dbe60525d107e,89.18
30ee451beee0f5463a987c36584df9ce,135.0
30f26a52896033a63b34125e91ce5c59,195.98
30fe3910a6e920e98fdf5daf5e2a48a8,99.9
310647380793836bfa5b7b6b3f518423,105.6
311dff8c3112b3ea255ec4871cabaf03,281.99
312c9b7a4b792683db76a547c722486b,12.98
314d498639a7a7e9b8f135a0e9d138c0,64.99
314e67684fb54502d819d66c0e3beb9b,58.9
3160d045339a86518702dd3aa75d7b78,22.9
3168dc37da92585ed2bf29058b0cc143,56.99
316d6ccdf24ac783b5e4ccdff8506af9,9.99
317316ce918b51c2d4e1e7f9af54c434,99.0
319df3f4e38c4bcf9e3bccd1bb504bdc,22.49
319fb7408d85ca7902baa71df1dd7045,58.0
31a6cf9e22c6b10a4706a9d2aa9ee302,224.9
31a9f3ea5883e3fa0e6ec685504251e2,0.0
31b8fa2573bde01af4737e8ed29c348b,50.0
31b9951a97199d0d5fa7b5f02453265f,109.9
31c014df5bd50caf330d47c60a7b485c,399.9
31c9713476a117a44e586a3e6cae3a17,0.0
31cb8b5ae4d65859af8fc33b14cde233,110.0
31d0b55cfd9a400a5786b5de885bba7e,45.0
31d29e85e904e0b8ffa2af37319cb8a9,0.0
31d345dc7e57dbc9843ac70d4d88e6f5,20.3
31e0594ceb5bcb2f0ab698a5ed2bb0ff,29.9
31e05a4807105bb6f6ced59da6b113de,409.99
31ec7f874ddf3354271c86d59e90b801,19.9
31f49e069c399db9c3a0bdf8653e4e8f,0.0
31f587e5afb9ca5efad537ab69de67d6,0.0
320c8ec376e4f189744a18ef6027db89,89.9
321a3e8cd267a0eda1010b26e921731b,139.8
321aa4705a6597b7bb5a0c42ee121d3e,99.9
323333d54ee35f33103ab7cce7408e6b,99.9
323630f1bddac4dc06bf3bdeb90dbe36,22.99
323b82df3d9616926c9eb5a0924abfbe,55.8
323c4e9d78f774df9255793377ce636e,120.0
3248d94dedca7507cbe8d17075b39081,65.99
324ac53c3fc280401366b7c197dba28d,0.0
325149f3fd67b6e44a634ca8524e75f6,119.8
3255f7be2750bb6add3dd7c38ad43f48,19.9
3256049f46589ca9ddb1dd86043f3948,22.0
326a9c3ca94e3d9ae9328537fac9ae00,64.9
327978477aaf5662dc82512c9f63e5f5,107.61
3281635afcc7bd82aca4782e4f0fba8d,0.0
328ecf4ae1638481b5fd47a3d4f10501,31.9
329aad6fa941f787358a07e787be91e8,134.89
32a390ed1539022cd7a0f20df2954bd5,430.0
32b3af6c5548b794f1924e7dc83f9e00,120.0
32b736144958de0748fcfa294ef0b207,79.9
32bd7fa6d305e3c9a073ec9f2c5a49ad,0.0
32c7250e535d4b3c5b294c9606706b51,194.99
32d36db8ff4b40b4349f0ebec623be72,18.9
32d935537fb268d349d5d14d7e778a2d,0.0
32de2a7a93dbfc527b3f584744b9c6ce,69.9
32e798e44d5d6847c29700f4fd81c67f,39.0
32ec4cc78ff1333feca4aa96ef95bb74,37.47
32fac75226dbbce057b8a9f2a1b1997b,89.0
32feb5b7a73eee84aec157fcef63bd15,139.9
3300d15602bbdfa988f7f5958cbd7457,0.0
33047a883dab6ab720ed2269d31891a1,189.9
331fd4bbcc3082979ac9595762358cba,19.3
3333f0287d8a19d37985d4920dac1ddd,0.0
333f6b9777069c0e20d81f6cea06c631,105.8
334d0235ca6f2f09dd55804a26efe952,47.9
3353f4c5877c92dabf4068661b4564fd,34.9
337b2ad5e2840cafc74a90bca5a4a643,117.0
337bf0efbf9e5ba67461d2e5b4e5c2b1,99.8
3385d3ca16a8ea8e2124294ac08b1814,144.99
33874761fef19ddc1089150eb89b3d5d,52.0
33b08ff5fcb0b5bc8d8b9f106bbeca89,21.49
33b141e373b4f251b033f9ed33d6974d,154.9
33b239671c1c878914ed922a0dacd607,41.99
33d5f77e44abcb42cdfc86854e5fce8c,677.9399999999999
33dc85cfdc3b4c5fe951512e9b426f78,29.7
33e156bda7e4550b1c7714b0cd34ceb7,59.9
33e2ec99a0b818a86def54a73031892a,229.9
33e608856217dd0b34bf69e313470406,54.9
33eb82333797c42ebb80bcc4aa337943,41.5
33f92c3d64fe0986abe1c5f40baf0165,99.98
34115d5fc0c83f38f79c68c8edcdc1dc,109.9
3411eba8bec9143a5c999f80226aaa5e,116.0
341b6946aa6278284d3986112c43def4,0.0
3421619a31e48bcac1cc2e40707f0978,159.6
3438b8441c857ae2e12fb185b58ec074,0.0
343a7a9382091ae4d0b150c52c86aa19,59.0
3443aa1df045d475ffb79648c36494e7,59.9
344fecfc1b158f40bd95550e62547fda,129.97
3462632a621a8362bf4d3149b2432842,129.0
346396cf7ea625170715c7d1e97dc405,0.0
3489a2afde268cc8e832c33bbd7261d5,0.0
34a7a16320425b76238d17b877418323,86.9
34a9803943df6b2eba0a322e63886be4,24.9
34aac96d64fc005f6a378efdae534788,0.0
34ad8eecb58cca3f3fdc65e91c3ccd81,265.99
34be8fa07e63708f818e10e2096c83d1,21.9
34c13cd5451e9a2b8dcd0a2260ad631b,0.0
34c58672601f2c6d29db7efd1f6bf958,27.3
34c7808de01a015e9c5165f6b44d7985,0.0
34d9d4be6e7d5d9dfb87ff6fc9455b59,0.0
34e19eb83a7ca102c1dd4ee4264d889e,69.0
34e9218036622d21dadebbfade12537f,55.8
35052a34c8cddade15549afde5580e83,0.0
3506768c1d316482dc13c4848d0a7aa1,37.49
350b4f552289d46cd2a225f9a5f9d869,459.8
350e8172d9a1ed3cea31f50e09de726f,59.99
351853efbf1da247efad7b002971072d,59.9
352fd235c6e516d78f7481b9dae3eead,51.9
35473cbe40102cc697f12d9c6da90d9c,32.9
3556987e5b22d5372214fb48fc9fe02a,16.0
355c8e5dd7ea03b291a4057c4a8b7a4f,0.0
3565906973c459aa065d735bc52ac2b9,479.98
357482c4e5b9b6200cc2b37b8a7b46b9,125.0
35946f04caff0b0dfe7096c7ee125cc7,13.7
359bacb2b5c52b4287667a7bc6c7bc63,177.0
35a1bc3b10285bac477591a09cf7abed,5.99
35a5139d64a17f2d5336aabace88cf87,0.0
35aabace9e8c8f00fad6099760de33e0,55.989999999999995
35b45b906d1450b3540dc96692f58583,207.94
35c35bdbac58000618164427d550a8e7,77.89
35cd47c762d9677a58dbe27d5e6c5630,40.0
35d760b49a4d1184ef286325917758f1,51.8
35e410adc25fe96c55082bd4bb2daba2,129.99
35ecdf6858edc6427223b64804cf028e,63.980000000000004
35f6bc9b5c9f8790b3ab9d66f91cccd6,115.9
35fca3f6ddeef1e13faef28751981a69,148.0
3603d5e336b125a3f5f659a1252a29c3,189.9
362f74c1d6e7015625b8464d05a8a149,69.9
363f980585bf04c1a88fdb986011c52e,100.0
36580bf41e01fe07a72d6e9b4a8d4dfc,0.0
365d66c606b6e733626ce65064911238,18.9
366122ec4e27dba7770f9913cf5931c2,55.9
366f4743154ff26fa1743ae7854b5e44,99.0
367f4686d7112d69feed92b02a1775ed,26.0
367f810d77e192e1440edd2afa6b07cd,209.99
368dd77e48ff41c5a1a9d0c2d942c1eb,238.0
3690d0117cd4ddfe0f635c3cfae03ac5,55.0
369356185e190dbcc4ea472ef050dbbc,32.9
36acff9ce2bc2f3456d427eb0200a8aa,0.0
36b070a7ce61be43443f1f608fa56201,29.9
36b84fe3ccce72dce0d08b9388fdc6e6,0.0
36c2f8a28196fc5987d669d8e043178a,55.0
36c5770cc8e136abf9b1e5e149f75fb2,49.0
36e06ca722231b14a75e6a33ffaa5f37,0.0
36edbb3fb164b1f16485364b6fb04c73,49.9
36f9e46454f8819f18b8cc1694c21a62,129.79
36fecee96b47a599e59f6ac3565b1fab,196.0
3702265e16e5246cff7462ea675f6d90,69.8
370f54b7e98dc8ba4cf2b0cfb96ab01d,129.9
37130c6869ec1d517e07637dff2e90e3,145.0
37266d5c6bf5cb0700372d16599a9b21,0.0
372b41e8faa2819e0b6346b16cdf402b,12.88
372e0fc66eacb8698e4f9997d366d961,69.9
37363700139c1aef873bbcd916e57dfd,49.0
373786bde5ab151a86c6c3f4446f9b10,143.8
373cdc681e007b7c4acb534daaa265da,89.97
374ad33a8b3ec3e6fac9cbceaeb727ec,115.96
374f6f36f49399403bb170eb8d4cd468,69.9
375a32d7f2515e310be13b1ac1692545,133.9
37669671d35808111ab0d229e546221f,0.0
376c6321c9b503efcd9614adb8cc0d30,49.7
37786449dafa435ecd01ff5595f018b7,49.9
3778cf859fc4f14eec06ae45b48b4ad8,45.9
377bdfb2197d3b83c9e3f9502deabcfb,89.99
379222d9312a6f61a9b401c289cac564,58.0
3798afca0bdbf833d43d27ba3211d3a5,19.9
37a425cd3ed7c1d390590dac75dc89fb,116.9
37a7034bb342bbbebdc03187fe8720ed,55.99
37ae7c58b4be022ce76874059d56d998,0.0
37cc3e75e39bb11d75a1982ac0d07c17,44.9
37cf7c94e4f9624b4507713dc6a58fab,299.70000000000005
37d2d1ac62901f9a36cff32ca86c9337,0.0
37d3dfcbb848287358251bcb27953cbc,0.0
37e17edc107a2e3feecf9514f555b5c3,105.0
37fbcc2dc516c4c9e5201a938d5e8f3c,34.9
3809587a22b5a1a56b173ac0ed0e9e7d,89.0
381f82b43b6124efe6c3d50fbeb1156c,59.9
383a19352a66cf815661a4e2863f28c4,96.0
384a8e41b65b0f4bb086437412842c1c,94.99
384ffc528dd30fd49eff3dda9f00ce86,48.9
3856822a82996dad2607aaa95811551b,779.94
385c9b924a87df624e37ece47e89cbe9,0.0
3867198d50d68da57284e0cfec9d1902,68.98
387a2c73644bd2b3b3e919bc4b4baee4,19.9
3880e5d2f60f032c3cb60de95f5d952a,89.9
3891570de9631660881e981ca3286252,520.2
3894c7d8e29573e308ebc285ecd61d39,219.8
38a8b05798967480ac1ca6ce6c5cbd6a,59.9
38af56df02d66ad92f55b4430c2af9ca,109.99
38bfe8e3b53678fc301fcb2282176ab1,150.0
38c87e296e4df51efb00bbd07cd662a2,0.0
38cad70d154a4dcc42b598d5c01f7ef1,369.0
38db00b16cca3306392a0651a9a6b21c,99.49
38eb5d4dcd39b971746632c47a4eb123,110.32
38fb5f8b5cffb733ba60c32cbb6e80f3,109.9
3906f8113531d94413a0b6b7cbe11bef,112.99
39104edef5e46d7b8c61848cc95e6d97,0.0
391d6062da3dd65b4de4524f28c478de,0.0
39382392765b6dc74812866ee5ee92a7,19.9
393c2ace23a135d0bcc7e70167448e16,145.9
39406d5888ebe67839dc26b348c0d12f,18.9
394126d51adc8f16458ead97ff594058,789.0
39455b91bff049736190e059162ba61f,12.9
394b2ce444baae9ae609f5d32000de0f,0.0
3961601c287bdf0fe34304b40c5692d4,1058.0
39669467dedbe4a650046a0ec8859aae,500.0
396e89f9a8b20de569b4f649539028db,299.0
397567bb88c56e494c4b4173b676266e,122.99
3984338a848b2858b7d4049a5d66f26c,0.0
398957fce766920db4c4b206d7c9aa85,0.0
3989cfd14391b8644422c0b34a5d3939,289.0
3991c41c2de37fb418cbfd8938aead3d,49.0
399a778f5be153d30884026d52e5313b,159.99
39a4355f6aa228bdd1dfbc642952aec3,125.0
39aa99192278d43812a46c69c1f2443e,27.98
39d130b9509b4e9f0f5740fdf1efd679,0.0
39d16bf578308ba63a7e52b4e3dccd24,109.9
39d28c99c5382bfc238c047203595443,12.9
39d6e50625a51a618c2cf02a026231c1,0.0
39e16ad9a306c8729696f7732acde86f,292.37
3a03c18e57b25beb04fab567f3a38153,0.0
3a1a5bba121ea1fc98060d58d3c812de,14.9
3a1cfe3d5de2dab1db203bb8efb9d553,0.0
3a39827c3cc7d748d1c32909273f7e7b,299.0
3a3b40b98ddd1bdfda2e37add94ab5b5,39.99
3a3bf14f1678d2dbfb886a2dc94331d2,129.49
3a3cb373edfed9973ae634f8ef6084ed,279.0
3a43af6775cec872d9a3c80707eb3336,0.0
3a4b5e843a09cdf9127f43e157966016,44.9
3a5043db9792c257505acee177400c5f,93.98
3a5a79efb563dc2615fa9f92706c8133,8.99
3a5af37b62b6d963e8813dbac7763416,55.9
3a653a41f6f9fc3d2a113cf8398680e8,159.9
3a811ceb8ca7e789b007aa8177aacb3f,104.0
3aa71d539bb760f054b280604391602a,55.0
3ab2f8203c5f8d73a1260109eb82eb20,1240.0
3abdf4f27efce96f8573a88343a4084e,160.8
3abf2523709d41f3b0138931a1b7c0cc,38.0
3ac7a309b670de83219c488edd4faa72,71.0
3ac85ec3c4d4071a896eb175c9c2e495,0.0
3ac9e42b05329a4f0fc229648ca4bd86,39.9
3aca8565700b61f9bb335017f98aeb0f,0.0
3acf448d2e4314d2dc51be31606767d6,254.0
3ae383d89ca3d362ef616a364c3e94fb,195.0
3ae4609bbfef1141b4e343f263c4b793,29.99
3ae748b0c0cf7d473b7acac5e07a05ca,283.02
3b0777b4115e9b40426db87ddf80903f,77.99
3b1b3e09530fc5f1b3d99b638d9175a2,0.0
3b1e4f4bcff27703174c882bd33a099a,99.0
3b2ae38156cf022ebdaf8a4ead16d30a,58.0
3b3839fba53bd347e707043fe02825e5,82.9
3b572bb8915409b6023b2b72973d942d,109.8
3b6a95ff6ae21a2d161f91f0339caacd,0.0
3b80d2592c113d689c05232eb90db0ff,29.9
3b81f91785d9ea36cf5177991962baba,0.0
3b8bd7043b1c683055e5f4ee7907c607,0.0
3b9de7fdd14fc3a254f14c1e28f236e4,120.0
3b9e2937de55d40ff1f7539bee704b40,65.69999999999999
3bbc2cf672d1657ccd9d89c10b5a9feb,49.0
3bd08ce268152ada1de9eccd7d7e0911,89.9
3be6efa57f52f871582d516717da77d0,47.33
3be6f224efc657da0b17bf5d287c20eb,239.6
3beff2bbe2c00e9da692082224f0f770,60.0
3bf5a7cbb004806cd6c8955f1b116703,34.9
3bf80ff2a823018c425de5658057cc5d,119.0
3bf9a44ef770ac450177ebc53c1445e0,59.99
3c0402bcc3ec3b33fc4430eb6c08720a,0.0
3c1cede1be4ddd48d683880f48cb8754,129.9
3c5e1130694632f44051b23fd86ad9e2,299.0
3c71562cddbc170e33af13e6ad51ff16,19.9
3c935625a561031d835d79d8167cd2e3,24.9
3ca06f660aba198ce035bbc3f525eeab,0.0
3ca6405c95cbb86f2d01dfa86d5ae5b9,28.49
3cba4ab951d8cbc4e3d814ac1d7d6402,110.0
3cc6f2e1b9199837fabb35ff4bf24884,139.99
3cc7b3b67ab1db1f14ff7eb7ad6f1ed1,139.8
3cc9ea3ffe189981b9a8b2b92b99271b,49.0
3cd8a4523dd9a286b3d3d6ab7d7f6f16,104.9
3cdb33be843c8a89687a70a43deeb1a7,54.4
3cdb97c7026f8956cc2211db2b19f270,89.99
3cedce8d574ecec6c8043a8cf200d19d,66.99
3cf14101fc0207e827130e8fdfc0da25,72.0
3cf33b6177767b9488f1abc46baab374,79.9
3d18156a1dff6d57e215431e45574371,0.0
3d1b3afea75cda0162624725b2f53148,0.0
3d304df5973262bf91bd0d197571e4b9,101.4
3d3162c248f84fc1ef4636b83bf097fe,254.9
3d364a7768fae99678635c4370295d20,259.9
3d4ec1f3f781e8244b18998a4cc86212,0.0
3d5af65316fc29ef1244b3e8fc395e0a,0.0
3d5e14abd47ad7ae589af619b8d2489e,59.9
3d5fe73f9b69a86cd2a719a049e42da2,750.0
3d6ccc45f51d061c0632fb284770be14,49.0
3d71bc3ae0c9f857ffe17636e0d59aab,0.0
3d7b5cfc78529ca32eea645f2dee555a,0.0
3d83e5ef875fbe2b372eb472a6528146,45.99
3d850129935d047bc6fc1fed1022641a,61.99
3d8614b1f25530eca12661dc8b10a2fb,19.9
3d8a51057b28b7b5172c8bc46cb6a7f5,0.0
3d9eefabcc18173795e8cdb0b5644386,29.9
3d9f7bdb0b7ba4c2373ecd9a8bcf5574,99.9
3da62858003c2363f45c8d14b3a33464,23.99
3db3c93c3b1b7e297d823753b18e1faa,11.6
3dbeb69914c13ee89785281a876f5924,70.0
3dc950be1edf22b0ad33af44837df4e7,299.99
3dd0b7853e24d84f3f18f035c7d0ebb0,69.9
3deefd795808c47f79519d9461a5cbe4,139.8
3df4899f61ce017d60b180c1dedc278e,34.99
3e026dabdf68f6b9957ed741f364f1be,119.8
3e0a8e2f767f96b047452d0eb7c7f76e,209.9
3e2157f91502458bc58455fd798ed58a,0.0
3e323b291cb138aafc038becb865d171,190.9
3e34c4d5834e6206ef8e4a5d4343f7ee,52.9
3e36d59a55c36aeb0c4c974c3c506246,39.0
3e3a2579dd1f91141d907f3355ae466c,30.0
3e43e6105506432c953e165fb2acf44c,336.9
3e45a109987cde39a119cd1a7eade7ea,1200.0
3e45b1d69bfaf0b7963cbb9dd00196f7,39.9
3e4d0419daf434e0d8bcb9fcbc9b0f3d,99.9
3e4ef963d1c04ababbd4cf03c4d034a6,91.8
3e4f7d082101e1bb55fe8a7115049625,105.25
3e4fd73f1e86b135b9b121d6abbe9597,339.0
3e50896cd4e9d3eaede04fd6af331632,179.99
3e6af1676898a625a1b774da1532c4cc,54.89
3e874b23b6b46a0a50dffce68e61a56b,114.97
3e9694dfd41149b35e4a78f8a6cccb49,129.99
3e9c6b78c5f04621fa3efb18433e0df3,33.49
3eaddcc07264924ce9663cbd01b0fcf3,49.9
3eb3fa840d4e664cfb1aaed1112df226,34.36
3ed6263b3fdb5ddbb4bd8c42fd817a4d,144.99
3ed766ba830792bcc9ad889d2607eab7,59.9
3edb4054ab915a9e3ff74ec855f40c41,49.9
3eddcc05abf2cf434aae2a9662597353,99.0
3ee4fae0862a2163c65481a46fd3469a,257.8
3eebbd3c1444c745692459cca841462b,129.0
3eec5203b4af0fbcf6cac3498538cb86,0.0
3efe8677ea2d8eb0634c53ff5812f75a,0.0
3eff47149425984172e11e18a974e80e,19.99
3f00548d480f59bdac5e1ad8a68dcfe1,99.9
3f1ae9854823f7c0a8027bd994b2ce64,139.8
3f29c19532c5b77b04513b4cb14e7364,92.0
3f39d2ea588a0e5899aaa6b6418d3d05,115.98
3f505a4179debd8a891c070933325247,0.0
3f51ff993f1cf25a9101463bf5ebe6b1,200.99
3f59da3cb710cc2853609980e1b820d3,114.9
3f6930582cac6bec9a9533a44e00b69b,37.9
3f806ddc608d1246cd93c6a750884016,149.9
3f8f42bd3277d3483aafe9b39cf930a1,141.4
3f912e65396ae2aa2ea4fda9b6b4b4d1,0.0
3f96ad6e136439eaf4e575561067a196,122.99
3f97fa38eb164cf852487312f1c72b26,99.9
3fa626c46f413742865a2cbfa914bb80,0.0
3fae5c023cb95af9fe32d14b52bc14a6,25.0
3fba55633dfddf07245c270abb82519f,149.9
3fbdb765b8e1d5608f2621ef4b8ab863,44.9
3fdf793a17d8931a76a0aab637ca318a,274.0
400cf532ea26ce3c6c44ddea44202ab6,0.0
401f0aa41e779f38bf9cf13356a6e631,39.0
4026f7d0145275eb838ef552b889c0ec,258.0
402a9b2b56cef00317f59368398222bc,0.0
4032ffc3b3b744f6c292d862cea3fca2,0.0
4034aa08d48695a538b7030910aae5d5,216.0
40386918bff25787189628d04176f7bb,149.9
4049ac72de67031ce1c0c59e281ef897,109.99
404cff864766c22ae5918af70c2d15e4,98.99
404e415d2dc63f769916d23ba8040386,85.9
40610ee696b6cef76765f5dba81cca16,55.8
406369948f16d70aaebad59a87541dba,189.9
406c403a3a24a8ab043b84bca52eb343,151.9
406f6e67573dcb7b81325409778a1116,0.0
4077fcb87fb654d7fcb5c96b649415c4,99.99
4084df7fe43c4c85d4ea20cc422eb630,125.0
408aee96c75632a92e5079eee61da399,349.99
40aa675201863fe2a78cc40c3ab74609,23.99
40b5e9eed4db7f956359145971056f5d,25.0
40bfd379bd349f89e737a4c5ef8ae52a,55.0
40c1a702053d8618481f681873de0f41,47.9
40c225da749a4006dc53d3fd2eb5b2f9,94.9
40d028e5e7fc571cabebc613e805ce8e,0.0
40d2c60699feb0f855b666366f8274ff,150.0
40d306efe27702bd8ecabd6c35f32ddb,124.17
40e110f621ab9641c7a7b7f9c39f44bf,110.0
40e76904901b914e63faa41ba28e54c8,54.99
40f8c65b3ef65fefe1ab5ea61b6e0ab0,0.0
41013aa51f66c28ff9d2c9d9d8340db5,220.0
4104af1a51c2001eb1b444a8b55751e5,99.9
41054d3e7201dd301c73f493decb6806,27.9
4105645a2e9d4e2452957b11df3a2a04,59.99
410979f3cfd34e467d4fad78bd0f0219,0.0
410e1f5d1ba42846c5be7a0c9789b65f,349.97
41415f9d98446c12f76c9c4d5af62b03,139.99
4147a5e98be4bff92386986284b08c87,69.0
414c84ad495003b943019c464580f531,355.79
415b15ac3d454f2f09088c34d5982469,92.9
41678bd77f241a2270d0a5d905b22020,899.9
4168fcd194ff2e9b969498157e49b24c,345.0
416e6088ae45421d02c8ef8799e412fa,0.0
417021b1b4553c55daa22f17dbf37cdc,99.9
41736e3b886b3c89ea3c21f41c46bd1d,0.0
4173a58ff83790b84c371f56879b5227,159.99
417b909c0962b2610f1cfeb1c1478986,0.0
4182d20f129b3679e6808317f1e95567,11.5
4193eae4d05551143c0bf70f2eb1be77,48.0
41a1e8124bbc0d73734103301fdd4115,80.0
41a2e8b346e23a9fa13f49a651717c62,100.0
41a77aa9a080384631eb2ab3f1ae24c6,130.0
41ad638a2d5176da0eb0de9e177f880a,0.0
41ae3e6c714d29506b9b6c747b0c97ce,419.98
41b75ed52acfa208903915c459a5e3fd,0.0
41bc11922a49c47bed46280d317c4cdf,69.9
41c9b35f67c54295f3dc8f3932596421,299.0
41cb33fa84fbf65c71995e5f6d9564ab,16.9
41d425e9074bd07de94859fa74a2f0bf,0.0
41db2509d2fd3e2fe68e88deedaa0c1b,174.0
41e815eba2977f6db0bc60d0a9ea8adb,18.9
41fc647b8c6bd979b1b6364b60471b50,0.0
4211dcafb715e60bb929a44d3e4951a2,148.0
42129a3aa44a6075ec29b758d483b8a0,330.0
421fb8b8a68656b2eed1ef9389014a7c,25.0
422ca11325b9bce3304a87758c2a4bdf,85.0
425697ce3d3fac914952c34f43c9dece,113.89
425ae15f1593918f06d9a2ce9222e614,802.14
4268ba27ab73c81466d3068e501223a3,19.9
426fe5ac8fe33148bc4fe8a9b96fd0c6,19.9
4279dc495a38ef8fb0ea0a9201c6ee30,0.0
427c1afb29a173e377616eb612718d6d,69.0
42ae5fc8e51ccabaa26d6d7392263020,19.9
42af2a3708bad9dd1125cbe504af770b,16.9
42bb902a6bb8846bd157d39bccc2fd68,25.99
42c16349869fd971353f0349209de869,70.0
42e3510968b9442349d383ea0c98ccac,0.0
42f80af2e6c585667e4eb416859ae153,89.18
430205ab3bd4700f1934a49b0f6c610e,179.9
4306ae87bca0dc6f2fb4eaecdabdfc96,29.9
43088e9ae1468ae7f8f6bd222b6a7329,89.9
43103ed378c67d1df45d3028173f68f7,0.0
4313fa5484249473621c67c84fd0af94,0.0
431af5c5638973ed6e431618f318a0a2,637.9
43255e3df6cda368809baa2fc72872c8,69.9
4329304379be864816803affb61e678b,118.0
432c102302fd43b0b749e60c6ba520fd,0.0
432c8bda4f47f4131605f8edbaf3c6fb,99.99
43332d1b15ebe1dc139153cb9ed113da,130.0
4349311ed52d9cf8918d3ad57c7ad1b7,0.0
43530b76a9af5622fdbfd36db13b3556,14.9
435615550ef4aa0b8e484c055a42808b,129.99
4363e6fae67bd586b97c117e50f953dc,27.5
437377ad0f9e456982709a56a513640f,118.0
437415d3e8456d9c62280fb2c0da0458,0.0
4377c22228de511d013c6a7560d58a2d,105.0
4387c856607a91376446da32e4a2012d,45.0
43968dac726b3b0b8d896a758308d75a,53.99
4399f1c9b351d4c09e167b8ce3d8da76,0.0
439c2008fd12459f1259b8d0d733e083,169.0
439ced9aafa171a1ac88efa951c7db0a,99.2
439f0525481a44b09ae940effded2fd7,39.0
43a549267000aab7a3773f5e6f97d1c6,0.0
43ad764728d69e55df3d2c75ab2b33c7,388.0
43b1465a233a9c1c822dbc043a864e2b,129.99
43b1c17ee4ef2824f6f81af9bbb0a0ac,133.4
43b74cf6f2f3c0de4af0bfce0e57a9eb,0.0
43b843bd189abfd2fee8c8cdd796e798,59.9
43d651349d2f0bc6a32e49de5c30c919,52.9
43da534e5e6c052df9993df486f342b6,79.82
43ecbcf019723aba3a855565a0f27cba,49.9
43edb5e13058ed02b2828267451ae295,48.99
43f0b8fa25a050c02dc18e166ed574ef,130.0
43f17abb82aa3e528eb5fbacc9b92c77,117.0
43f9d5ace80c6d3c5c09544bc2fa8484,0.0
43fb7cd074b0c8b373505d1e46b30a07,358.99
441e8f48725c241d92e07ef7d7cabe68,0.0
4435c4547dca4cc6909b5f9b513c7993,380.0
443ab4f989f1ee12c26f675dea465bb4,31.62
4441264fd8b29e9fb8bc6cba8b5dea9f,14.99
44434a963fa4b4012dfd754e817de54e,219.0
445303938ffc592a9c9db7dacb942a25,122.9
445419b1327cc8f5219514a87d043e8c,0.0
4455e8f6fe30a164efb0265370000dd3,179.0
447d2dbb488202b49beb8d6473fcf17f,27.9
449ba149df652b663c8a8605eacb146d,219.0
449ba3232212cc2b6459e3fcef52dee6,29.99
449cc26294cc2d6e2e88a82cea3e42c0,184.0
44b931de0be80ba9ae9c61a3d4fe339e,5.99
44d5ead0073d7c53c3f0503d9f847de0,119.9
44d988342c9755f3e54fb3ae7fe6f0c9,79.9
44df1ea61bcd2dc37c167d6be5b4ee11,69.9
44e64b7162915525578f601e73e72b16,35.5
44f4b8254709fb130159912889ae1ba4,139.9
4509c8f5e9f3c62a7fe74eca06996bad,350.0
45167dabf29a055f7c1208a69dc95586,89.9
451c36d15ca9729da50f130f5c0f1c59,169.9
451e48381edab7f1f6dbfa6d728616ff,129.99
4521ca49d47fa50f2b98f0c71cbf5ae7,119.0
4525508b1e5d83e659510e670d906aeb,207.3
452fab1c62b178922fc011b0eb89c1b9,253.98
454c6584341c73204ed4f795e2946f56,0.0
454db3b8ab5e556358e87fe7df1be2d6,349.0
4557896ca8d8cb9fa93fe60ea0b37262,350.0
4559f926bbedad3e79b1bce8ace698c7,25.9
4562ce3c359dc100034c8a493e2669a5,143.35
4563fe24c126728dd232a6f0cba6445d,0.0
45677f94e9a07652cc2eb351dd542476,248.0
4577881f7a6c10d8eb6bd7f7a82ffa86,692.0
4578c59d3730444c9221fb635f7af881,99.0
457b1706d1ae54956aa3f8357ae96fe4,39.97
457c16a2301237e613a1299777585d80,39.99
4587ce0af6eee0e9b8d0d75fabd30c2a,29.99
458ab992ed2dd296f40f94838cf284cb,47.0
459750d77f1b60728d05658220c0fa04,124.99
45b1948a7554a397cc42c2ea55c54ab6,0.0
45ca2b8a047054e858fa92a2a09bdd59,138.0
45f5c15d1dee0f06786c548f44268c95,0.0
4604bef2f7091a97d534af2a62c65952,20.9
4608a4839f4a4999c7a4fe2b498d6573,0.0
4626807d07906818ef7f102b1b250691,163.9
46276637ad6a208abe2d21eac707c73a,199.9
4637341cc744f926465ae19c6a45b05a,97.9
463bea4a9035546dc7f2c4c1ab82b5a7,119.69999999999999
463d8425827e81d905edf86f9c231eef,149.65
46450c74a0d8c5ca9395da1daac6c120,0.0
465213418e5f34776c10da6c25583be5,49.9
46587168f28103639ae8249f19b53043,124.99
4658b26bcea972ed0b86a5f8c61718be,299.99
4669d94e1e35f2493af76862ff85beba,137.99
467975aa01ded053ddd770ac6d11abf8,189.98
46799d0831910f2c477c49a994961510,130.0
467f2ac77aed108600b9ed0be16c990e,13.47
469356420bccdecae3c5a3f9d8089ddd,59.99
46958f708ade6b6a88b2e5aca1e66de5,35.9
4696c723485c37a1f5fb926165372f76,0.0
46a3729194f6f9d113c57f7f87bb89d9,255.0
46a5335f5fe2f04744ec3535fc6e36f7,243.37
46ab1191da6a216e86ad5a3c0a5d770e,56.99
46baaa8dc89052125448d2e07445809e,0.0
46bb23c415d5b0b35c04df0fe2e4dbaf,38.9
46c21d0f3e1d250a9f04e3fa064e8fef,99.99
46c59f112858ee897d46f8e43af4a336,89.5
46dd28b3f7e33b789acf42d3093b7773,59.9
46e277a4bd2d4bf3e0e8cfaf4ea3c41b,0.0
46e3f78405802e5bc311e5b31588d8ed,99.9
47241156f53adb201a393df4569ed484,0.0
4725b6ad059bb1a8bffc3de7dba595eb,0.0
472a149da00ab76966375b76601af3e3,0.0
472eae247a25ee1529d03002eb740637,32.2
473089b23876b579b3ca154c3d4a0309,43.8
474a9bd593c96f177e663536da52feec,118.0
4754e3b66497719a91b36268ed9c5718,544.0
4757513bdcbe18dc733da74607fd85a7,29.99
4766fb51c287a3a3a67eae04ed0e75a4,54.99
476d2a8557b63e068870877925589f40,0.0
47702cb199856e6509979e5623160f04,39.99
47778d96d007a0dc79616bbf9c719166,110.0
47799677c386885704b9844bc4c840e6,124.0
477f817873a453385bde447535ceeb3d,0.0
4786095d5d01fa91f67a87184280f6ff,29.99
478a0a8d25ca79847ce2ff79ac2433b5,22.44
479cc370a1fdb7d10dfe46016182a1c5,0.0
479d6a0c8b13debeddbe4129756c6c68,199.9
47b22f6eef47620586ac43f2660bcc82,49.9
47c46a8bf15ec7bd0d166ada892bb358,13.98
47c89a36acb8a73127ec91d0542289b5,124.8
47cff09989eac12c2878e964ae59d34e,49.99
47d54ad7f6c7400ebf1649d056830c27,219.99
47d794d3b9191cca973e14771f951dc4,17.99
47e8ef9d4dbc59ab98422f3a07f6865a,129.49
47f0359649e2dc0ea37c1c5c277b8ca8,86.99
47fff67d165b79e36024db4b82d041c6,129.99
4805c944b7235f559e0056dab6bc43f4,59.98
48109d2c6b2edba91c3146a83ba631ac,38.99
4813f603025d7a3956daf0846add6330,0.0
4820478e8cb6198530212821746419e9,139.9
482749eee2cc3b294f4000e3e839c247,79.9
4829d76fd44a6f080411fdd7d81df23e,69.9
483bc92f963bbc90c3006e11f9ac552a,49.0
483ccebb9c42ae89d35740fadc153835,182.0
484b801bef4112442e63b89d8c3b32af,0.0
4852ba4cb09d03a665c840db8e61a749,897.0
4854e9b3feff728c13ee5fc7d1547e92,0.0
4859987c60ae8e304bb98146180152ae,69.9
48625b68a29dcfc3aba4b5147e0625aa,120.0
48770182fa1f6631dc831cb4a99ca859,64.99
48a91a904cbb4f4f4de08f6c74f39407,170.3
48adfec5c9744635baaf82b0da1d5185,189.0
48bbd473ddd17309b40a941962591360,17.99
48bfb0e7bc39f3d4dbd5b242179be1e3,117.9
48d1dced151a0925eadb3614f732f220,379.9
48d4bf53229ec530405b4e461ae6adb0,78.98
48d6dca7397a3995908aabf1eea373e5,114.99
48e14578ccade39106a4c595eabc0e7a,84.9
48e4b7f31748195c4df64113e2fa7330,35.0
48e765b31aa7359bdc26fb32b1b6825f,326.66
48e8d93c6ed6a8df94e24f4cd188d154,90.0
48f8c279f6e0dd1931c8cb6d572cc99b,599.0
490365d9f683dc347884bd697db83052,135.9
490aaedd703d157551ba484dbf0ec17c,383.5
490affd54728ccc9f08528e60f7f5ffe,51.8
4918ead333ab6c7c2c341eac81c13120,0.0
4919652599408c4cdb93218f74137435,0.0
4924386ba057ca5bb978f15e72bdead6,129.9
49257d143ec6384f53a6648062252966,110.0
49342c395ab145b1716b1dc861c090f2,230.0
4947413e68f4df49eb40aa65881befa1,86.8
494a52654366a12455cd9a81c6fdf542,39.9
496b46fb2c8d864ed645954dc6a57945,189.0
498011a635721ea1682b150ec0d1494e,149.9
4985c56eccae71866a8582e6d624c8f8,79.9
4985c6f86aaf1460d9b6fdc74465a5a5,0.0
49a99633e0192d5ed775b6084c49771e,0.0
49b87b6248b8e97cf8e0be1d073e6ea1,134.9
49c530e0eda65a04bc0b39dce0b305f3,0.0
49e30036e0a9b1d35c61e3095d05e263,1045.0
49eb55b407f86a1e87d7898594e65c90,135.0
49ec3b730bc59d1053305e7d20c5828e,59.9
4a0609545eef5585a0abbd61a9262afa,0.0
4a0eed40063695c28f67f468dd5776f8,79.9
4a1545a7ca1e830eae5ea745b5338eb5,29.99
4a17a49c025e9cfe067bca2ca537387c,158.0
4a1857ed6d79eb215ed4805b853e1356,44.9
4a1d554430a67cc48fc8f2d4d3173867,102.9
4a3b6233269f211111508c801117a357,0.0
4a3d9f978c0f7d1c8cd6461d1f8f291b,0.0
4a523acb002d650ef0738916f939df50,144.99
4a56c5864ec9c27869d80d07115ff36c,159.49
4a6fff622461f273bb0403682367d059,24.5
4a81df1304069878473990ba8bc10d1e,49.9
4a85d946b1fa8dda8a8f0b0651b6c912,134.9
4a875173bfb6a79bc80ade998b70132e,58.9
4a87e667294a7e8c18a5656a3813e24a,41.3
4a8c8f751984985cd49f74249da95aae,0.0
4aa1f32110cbeb6c40b0c0f368557803,89.99
4aa3bb0f92691d2cc5fc6cec735c0c01,64.9
4aa7f7811fa2ee7f7966c87232e073b3,99.99
4aa8a66122568f63b9873e610b4d1d1d,88.89
4aab13ab7f6f9109fa6a996ff4b2cf4e,0.0
4ab50a59734294a04f717d8ce2122c34,69.99
4abe169ffe947fd9a577e51e6c19e7b6,151.8
4ac6ef708fd5507a56c7f24f21a8c6cc,0.0
4ac899cf4188a7f69cde48d82e0309c3,146.99
4acce2834231e13b1514915adda5ec2b,139.0
4aceb8c7e323505487fb7ad6775f177b,599.9
4ad24023bdc79038ec5799f650ecc0bc,39.9
4aedd3b77829688ccf04a794212d375c,97.9
4af8183e991931155d9315609e41e2ab,165.0
4af923ab1facb0d2b0511746cffa138d,29.9
4b154e0720d0923cee4489015af0f662,144.9
4b1d45d33877174c0fca2cece1f8f2c1,49.9
4b256de10191200af4161c5d0d51da48,229.99
4b256efb7d2b602ca8d8a070db7cd4ae,28.99
4b2a90f97fb6d4022044367a62d2aa0f,101.49
4b3dd3033a20633f3bc5e43145899d4a,26.69
4b3f881316f66630e2dc4868efd08e55,193.8
4b40745dcdd2de6de0af5e206d8ecf8b,59.98
4b52b581adde85cafdb0b04a130e5d6d,24.99
4b61b1aa8bb2f7dc1bb6e81b6fce88b7,112.0
4b6cbf21433bdded5ea3fad432d707e5,27.9
4b79e4b6db0bcfb76c85b5d88649fa45,169.0
4b86049cb99e4aa774031daa9cd18f18,248.0
4b8d2c20253a3dc25770c9cb06232a69,154.0
4b96021dd080de09f50154101eba1987,0.0
4b9d5d97bd2fe143891cf91ac7ca1116,34.9
4ba951eaaf83957d36fa3de46820754c,53.6
4badd97df3e4ad6d64508b5c25d4dca9,28.0
4bb4001bb156c7e4cf2f096e9c5c20f7,189.99
4bb97ff40d9e2fecefaa62fbce588e34,19.9
4bc3c13133d65130fe13def33ed39eff,99.9
4bd3154555b2d1d19fed1ccf31aa33f7,0.0
4bd7f188edf5bda0c155c8460457d76b,89.9
4bd91035db69402af2402d830849b4df,99.9
4bdaaab3c645dd18eed3c3bb8ddcd6cf,1320.0
4bdc96c9e8db57f4cdc94e59eeb987a8,56.0
4beb171d402535985ed8f5843bcc8dd0,29.0
4bf3d072dcf303280e82dc697b516c6f,45.0
4bf4cdbd2db7a58bec527ea23ccbeb26,94.9
4bf9358b618236ea203ef23a0ea9a791,0.0
4bfb2458768dbee0e7e1e04164a58abe,17.0
4c0031f9334248a4d3c675b527c67b88,0.0
4c0aa4a0808110794130a1735a751aea,149.9
4c0c0aaace4f4f653104ae52e4811ec6,39.9
4c1cacfc081ddc8593a27c9d3c88be49,329.94
4c20c0ee3e142218ffbb29ea05d6efa3,49.9
4c302f270df7e2504744b098d013b0e3,110.0
4c4019424201b623e1aa1a7fa822d326,104.9
4c49f71bf9f69f1396223ee87e07f726,150.0
4c57fdb260556efeb98a8e09ce74c4d0,23.1
4c78e1b1723e4144f76a00609f312fc2,19.9
4c7ddb7b5d196b2967554adca4964542,49.9
4c7e61a1faa0d4745bca0164648b3ddd,0.0
4c9d7a522155c04c8a1ef4c76ea68998,59.9
4ca5f90433afb5493247f0bafb583483,69.9
4ca8854dd8e7df762fdaa3141840c47a,119.9
4ccacf05f1c687822fc379cec1a70493,73.9
4cdcedeadb2f9aeb0ba2ef5f2ebfd042,0.0
4cf926be7c4508b256de872d8de17979,129.0
4cfa5155cf7cff8eb15e0b12041d058e,129.99
4cfcf39c95ad546b0b18e931bc3e6d6a,0.0
4d024a9c22e0d1232091ee9915499719,180.0
4d08ce189da9a10f9fd5e90918de54e0,159.9
4d094dfd23064797e35aab51f129fda4,99.0
4d0d481f5a938ec64900b4e0b317e15c,59.99
4d2e06feac9e7556570da81b6b1a1423,124.99
4d42230cfc4f53bf3340d0ae9bbe620a,49.9
4d44daa2056990a8c1cb947a19c626b0,110.99
4d62a023211df06c5649d5bb1bf699e0,29.45
4d76d18a3c2a23f3610de21232fc8bf1,29.98
4d789786872da7d638b9ca3be9e6e405,13.65
4d85336a73fdb043292adfffbeb80486,122.99
4dc97210cddbf67b977de29abd35eece,119.9
4dcabe94c61f202327839a734955b0cf,69.9
4dd1c231ef57f033021044544dc5836d,45.9
4dd1fb5dc901ff9a6077edf5b8572e5a,0.0
4ddf638d30917fc90e69fa4294fec79f,49.0
4dea07b5dd15f4087a2b00984f3755f8,99.9
4dfcad2550d5a550b707ea167f33ae8c,0.0
4e012ebff739bde041e02fcabd42d3d0,1376.55
4e0e2c55be4484ff485141aa1ae03bdd,19.9
4e1e21d422058c75922a29548f43479d,178.99
4e20c9717b355a95e60353197235b58c,199.99
4e21dec7323ad0b039b139d47fae3374,0.0
4e2270e45010f34f7308e7fd0ba18b48,62.8
4e23846da97b99c1b02724f5509f2518,32.9
4e27e7b9f149bcd4ea5ec0dc251b11b4,164.99
4e2ba5e5df861d65422db3b6f7a253b4,0.0
4e3c149b4f38ba13a692fe975d1c48c6,99.0
4e40f88729018a8129193dc0223912d4,0.0
4e52868ca801ed63098753335c0ff17b,49.99
4e5e69a95bea47fa026e3bbdc386f55c,0.0
4e65032f1f574189fb793bac5a867bbc,329.0
4e6588068c000d6f539cf24c66a96816,179.9
4e67c7eee347c5f4ad6da21c8ab385ce,44.99
4e6f6ed96c6bf5701e889301565361c7,0.0
4e7b44775e9dfd6a7ad38006221ba740,97.99
4e7da8460a307b63a7a4d98750f3a95a,99.8
4e80ecf05e726d3b9ec3cd93577f5a1a,50.0
4e95c3db873ad0daa03d9a233362396d,122.99
4ea910b8d63f40bd6b598ca7ff64be3e,13.45
4eaa7b320f62557958f289a09f1cf919,59.9
4eaf709a63916717d9f464d05beabfb5,149.99
4eba70ec999c67251d9bd44141e39f4a,180.9
4ec3e8baff65069114a2cb9fc2f9ff9f,53.99
4ece0ab94505340f9f8c39f09d5c1280,129.9
4edb41f4555044def164944f4bc31c3c,29.0
4eddf89504662ec9c357158c59863254,15.9
4ee4abbc3054d7f0b3f4acdaf74073e7,120.0
4eeb95332592e4401c91ffb9d689cd14,232.56
4efe54e3e336d3e4c68e5ce66ced75c8,89.0
4f062c0635aa5c593636b9500e21b99b,39.6
4f114ef058f9d3a854fec64219e8d91f,159.9
4f262a3ca91e56d568fd13240c3c3652,0.0
4f2b39545ebc1f7457d44249f8d7fc7a,158.0
4f30c12cd0b6830b37fe2b29ecfa25de,129.9
4f35078a5117c6420a4f93cfa3be14f6,0.0
4f42bd047403d725c47c10d46d2075eb,24.0
4f477c554c5bd165f95d62b409ac6425,84.9
4f51543860db95f9b98c1ce29a000d68,40.9
4f6d635ff2fd4e30ff5369a7b943eb22,66.0
4f7ded99cebf4c1ec505f71ef6580bba,0.0
4f853e8ca227c6f7fd20adcd785ba0a9,74.69999999999999
4f8602e886ab87a176e8f0a2c2e06069,330.0
4f8cce1447c785e1b70e866daec425a1,225.0
4f922e1a973e7a72b422022f4aabfd47,65.9
4f928a6270233d6c7c4e73919fa12295,49.0
4fa4365000c7090fcb8cad5713c6d3db,0.0
4fa62147a0294ea8e717288b6615d2a5,48.9
4fa93ce17fd5c9868466a49cc823188e,21.0
4fabe276b1e63a047b87cf7d79af884e,18.9
4fbfb381b20a1ce72ed57f3c49895954,26.9
4fc8594d4bd9b2157025e4bb48c2d30c,59.9
4fd1beb4e95a893ae955635ffaa1a861,35.0
4fe67915d44791a5deab2957c2641048,7.8
4fefe0e53334d2252f3b920db8df4776,48.5
4ff0c5bf5ff939d3ed476462c42d431e,187.2
4ff376209add6152358ad7ae10a6f6c1,59.9
4fff725d93ad8b018de71bc3466cccd3,23.7
5014640d3efef58a7b050e3af74bbcec,79.99
50160b006ccda0a52d2cb6e170251a0b,0.0
50343a5529a9ab46eacfd1fdc387cf0a,49.0
5035394f5af1b31d7c536f2bff8e5c46,125.02
503f8e014d74b09cfe772d0279c361b9,89.9
5044faf2c6865d65a710642acbb21ee3,0.0
504b0dfeddc2a12fcc71773e0eb7b9b2,190.83
5063d70a88d82aab39d8a197036aaf2a,49.0
506e2ff6b5a02a479e1f12b2a37deee4,299.9
5076366c05f3f8a857f811397338c6ac,69.9
5078b16249b55c1b790a5756a02ddfe5,99.9
507bd1aec5cf7244d6f0f61a0cd4136e,46.9
507c84a12a163fa17b7d875eb0f80bb1,79.0
50881a1a7cf12940a91d1f5738e373df,285.0
508cae50c5c1e72079d266a513bca9ae,81.5
509148592c66d4ea7e26e63c131cd980,10.0
5098a0313c0a6e4566a3d17151d54ebc,0.0
50b8f1b2deb925b4dcf09ac30eb85db7,106.9
50bcf3c27a375da1f5d33ab1798b38a4,259.9
50d27e12b7d28f9c61ff09d5e9429684,67.9
50d59756373a395d180aa6414fcb99c2,0.0
50d7ffe26d9b0c27900c2b197e66bde4,25.5
50f99f56ab935ac45c6f1cd4c0bfbe2a,49.1
51180e62ded56ca8c72aee493a902ff3,0.0
512951e75fedf5e5cea649d6868631df,0.0
513716fd55dc94ade4802ea4f73a3dab,169.9
51372d3b504e405b6fd5f94b0bb362c7,0.0
5143bcc6bc4a69be5dfd6db38f2c1bb3,22.9
51601e58354758c975c5e878a11b4352,122.99
516aae6b5114b40f0c423bcec3f73bc3,0.0
5179541696b879141c1f0bb532f988c9,146.0
517a35f625b57d7c8533adfefb2d1b98,499.99
51838d41add414a0b1b989b7d251d9ee,84.9
51869783d1306df1fbf37a111670cc65,19.9
5188090bf12661971a81f523d5b42f35,0.0
518bd6dc8b398a069309bc013fbc43a8,249.9
518ff151056410cc1e01e1dc3711a1a9,61.5
51ac8560948d44d4ffa33f2680569a20,0.0
51bb00d04d164d61ffd05a7284d5a44e,110.32
51be608e99a9d07f3dc157ab3f984f2b,44.9
51bfbaee00332bc4b92c8fb31a931948,598.99
51c2f039f08424330a6bbba4c9949d98,229.99
51c71e07d4ffb31ee4286c41a71ff23f,30.0
51cbfa44126505de7a55fb99ba49648b,139.8
51dc56123336c573f2977f5da81b17b9,209.9
51e32dbab59f703df32796cb616dc90d,18.9
51faedd966942d2541bb83c4a7499531,0.0
520adcb308fd7bce64069bcacbeb2f55,30.6
52152ab824fe738e8230950c5edbafdb,21.99
5229b8e4d7d2b9b676c2083c17b1ecd0,438.0
5232c4dbb62f99ca1c7847a96821e5f6,0.0
52343fcfb4c1fbb0f91f9752d850d5fc,318.0
525eb1a84ca6c1c0df03dcafaf9c0afc,59.6
526ccb7139b463143e46b919bcfe3bac,69.0
5287bb98e3da27fddfa3c3b13993f04f,49.9
528b011eb7fab3d59c336cc7248eed3a,53.99
52a2f316baf6921a49770363ec6b1268,39.99
52a7fb2dfa60628b04619fa279d3e27c,98.7
52b7e40d53b336e18d6346d2236a5ede,350.0
52b8fc428690f8974a3d3ff3a162f7b7,169.9
52ba13556336e0643d5af3b1a94ea82b,13.65
52c247722e2351bcf25b1d759a8a58ae,0.0
52cea49a6eabf8b641b7546bc1fc17ab,99.9
52d3c9e72091eca915f7e71c457ed368,24.99
52f7c5236c70dde7f062d5f93e79920e,79.9
52f8d257481183eb874e5ab0558227f8,0.0
52fc446155bc2a278dbaa6695e3c06c6,142.0
52fd49a9e404c6a5aecd183430698b63,99.8
5313d6ca5d25744acf9877f61c01c189,479.0
5340888f5f7415514d6e02a9293938c0,115.0
53478cb7851907e7343dbf818c273455,23.9
535c1bc29b3f8a2a5060ff4792665e3d,144.99
5362cb1d9a156cc6edbe69eed9f78752,99.0
5385c8288fcff00b5480d11379651558,0.0
538f20c5da86daf31ec285792b8b603f,59.4
5399c9213ca365a480537a1b21423d2c,95.0
539b33228e119bcaedd098baba88d06b,143.8
53a52be3ec8e43d7be46b037d58ff145,109.6
53a9a392c03c3d428c6cc5f6bd753f16,129.0
53af1cb6dfe5bb4d37657200449e9134,0.0
53b2aa3aafb865f1c2c681804b8eb3b9,59.9
53c26d4cc00e6fe479057e894b7c1805,104.9
53d2157e6fb6608f117084f05aaf4bd2,45.9
53e59bf8386630311c1a630e0aa7e92b,0.0
53f83d958a9f00d0e7913a0e6261885d,0.0
5403c5708577d72afc5c4783bad43280,0.0
540f5d9fc63ff82ceecb2dc3bc105071,50.0
54155ef7f24e55d09b694293e41702f3,31.9
544d68d25e9cbb63c5ee29345185fbd9,89.9
54532e3c45ab2b031cfee59f0ecd6f8c,0.0
5457ae2c352c18e3bf5cba68301d96a8,24.9
545d52845f89fb2a0069f8af963812de,29.9
5468c19d0df121d47a5d3dc792f6cf52,39.9
54875f4b4cc6b4c3b0608fbfd64c39a2,152.0
548a09978548d2e347d494793e34c797,0.0
5493b0c34dc1481b67a6365a6c3ff174,19.9
54a4d076947c8f0e3de1e6eb3bab9dc5,0.0
54a6fac091f0d157752db7bb34a6d838,59.99
54ac170f384b3ca08d8ea2aa6389c483,238.0
54c665eb48d502792c20af5ed9166359,0.0
54c7b4f48fb9e911bf328bf9884ca61d,0.0
54d7a15160876f86860fd741b906a742,219.0
54d97c70f72815eae0f2538364774a7a,0.0
54dfac2adf924cfba07091efb3d1b5ee,399.0
54e585d73c89a6aff19a1557eb5e9d16,0.0
54eb010282ed1c4a38e101aa8b9aca37,79.9
54f2711f2fa5fa43b63e30c4092e1b0b,212.0
55020cb68ae358a51969695657a54e9c,316.05
551a09ef128e5436c555ecc43cfca103,45.9
551bf3cd63555513dd3dfdaba9b7541a,24.5
5523da98302d120b592f376ef5b3766f,130.0
55310366b1116f6cf157b304213b24e7,53.79
5533b6863859076febafeed9a35bb6c2,0.0
553b07cb90e5a17d748dbcf842c00118,54.9
553ddce64bc3802244fe88160fbdbd34,195.66000000000003
555789ba02ce5b47f71981657177b7e0,21.99
5567ff09b0607b9546948fec46fe15ad,33.99
55689f96a555bccd0dc2d1786f2b833f,54.9
557cd07fbd892abdb1dc537a91ac9f00,99.0
558e8c5c045f205b5b9ca29ec2d281b3,113.0
559df1e714566692202143c82bf531ca,49.9
55a269f324455e78349e7b9b7e7e5911,99.0
55a2d38a48216287f07c360037b1955b,0.0
55ada0c8e02119e570b002a700dac03f,157.9
55bbbcb4a9186186167ee9043b98510c,29.99
55c00c8a161d2e6d7d731dd87341ad2f,14.9
55c5a2d985619aa0a36d724e52468dfc,0.0
55dfea89540867cbe96091b82db0cb06,58.0
55e3628de0f0fc02c8cd3eb79de3b739,475.6
55f3d52c6aaf964de0cc0f595c9a5750,99.99
55f8517e3e572aa06923169cf5d0b011,81.99
56139a11fd758105e9df4db3a0fed099,0.0
5616f75d22507069b5383854a1d8c414,199.9
561a0a309b05a99917702086e451acce,66.99
561cfc00b430b16ff8e8d36429d709e7,99.9
562b3bca5a8903b7451462b6e7aa6082,34.9
562dc4d7d8e2434726725aeca74da6e6,0.0
563bf685b8426233585285851fa03881,792.0
564ab8ca31faaf89e0ce856cfd7472a6,51.9
56509f7bc43892a0da09ee14f50a6f84,199.0
56546b71f8bf254f860014fae431af6d,116.99
5654780522c8bd0731cc276d2e7185d9,52.0
565fb68ac5d1fdf1721f544362f46c35,30.0
5663350f41f9077e7c27f2ab1131bd13,66.99
566f5414c232319e9941d53b560f9f73,0.0
56741af99968c78688e558b5551c68ec,72.0
5674ba4c78cc9a00b85be9af1f954e3b,59.0
567cce4e47a422c4e6e2021a46c979e7,124.9
5691b0e6c602efe860beab0017c4d12b,139.99
569f382854736533e0f4ec490fb5154d,39.9
56b088f218c6c02cd6e86bb9814271cb,85.9
56c355e615aa216a8c404c4f3d22383c,15.0
56e3a984ef5040797608df8afcba3d75,27.99
56e674dd2fe123d7ddd38e34b53163ac,49.99
571fa8594059e717187533599bd0c1c4,24.95
5722e0ac013a86507a09e7b8d4b1d668,39.9
5729c597c0f53d54a91b45f64461a958,25.0
572e9e13a44a5e4ac5c42e74b324244f,73.9
574241537a24a10ba4219b4a7c308b4e,123.51
5744cb545c3e8137a49e4078190dcb2c,0.0
574f64be1db70c360fbf347751d344aa,0.0
5759e41ba42319bf0af03ea488526df8,0.0
575e8735ac3203bfb92c7d52919faf70,0.0
57676a65c7de0eef9c74222d306f8fdb,0.0
57687546c853c106a30036e7c483dc7d,49.9
576ea0cab426cd8a00fad9a9c90a4494,130.4
577782f64db1967ca343d0515ba9b1d7,49.0
57779657370185613aa69cf2dfd6553a,139.0
577a55f3f16b2ac437efb677258f317c,0.0
577b248d5f425930ca27a980977bbdcf,89.9
577f115bcda2b2d4448620beaa01f8bc,104.0
578a719055f199cc37fc781c943a51dd,52.98
5790eb0a154162bb308fa4e642c20585,277.8
57a00f215e83a19190f6a5dded389806,94.99
57ab82e6903e4b2b6dfb2664186a7997,0.0
57aee1a8b40587831ca79a06bf0df5f7,28.0
57b0b8c2c522feda58822ffc4f680375,259.8
57bb2889dd7a0bc0cc733019ec8dcf41,129.99
57c3cb7f6511f6f53b8f4180531406ca,120.0
57e2b4ad2d77ceb7034ddaf45564600d,0.0
57f66dc16e5edbe9417e1e21c783b5a9,69.0
57fa50f976b8be14eddbbbe51dcc5cef,25.9
57fa681a2a71d179145d8029343f8d29,69.0
58042c9e927cb9148140e40a7f431dd4,95.0
5805f02470aa5a345996c6cf1eae5be1,599.0
580c099f915e21cb689d394438b087af,69.9
581641ee64988e2cb6569a5370073038,91.9
5818716896e61882c80b6044380c0795,19.9
581c85ba0bfacbdb3f21e5ac6fd2187a,24.9
5824772f55a94d6c06cbd5df136f5ba4,220.64
583973d1d74829deaaff6709f318737f,29.0
583fb3ee33cf172db8eedc575ad88d0a,0.0
5840f5f059bef65fc6f3bf1f4eb48e98,91.8
584bb2bc20695e10db1ddc15d027b8b4,119.99
58669aa114ba65257f8f5b8e1a32bcce,19.99
58704dbb44acbec0448a215ac2871320,58.99
587e8e16ce36e70fcf8aff3270177a29,110.0
5882d9af214f8e2acb3e74b94a109c62,32.99
5895fc39fdbecc7f650ad561eb1f877d,79.0
5898ff704517d3dcae16ca666b5f225a,79.9
589e8441e1957f2c027af0f7b11a2da3,159.9
589ee29a3decf9bd5cd8492da02efb2e,109.7
58aa424ba24df5dc745e1a3941abc5a3,69.9
58b54a7b92d168cb5b3edfd435aac721,325.0
58d10d80f3f3dc2d549e0c1f9c63b2c2,230.0
58d711f2c39c1043d41d4594e0b5eaf5,122.99
58ebb0cdff831dccd8b4009111506f80,379.98
58f20748b5ef303f21ad24e74b8eaa42,258.0
58f58e001ee9414b521c2dc29632f0de,79.99
58fba8b579123690f22f1e0a8cbb8152,19.9
59140aa3bcfa73f0763d85370926b4fa,80.98
59151e2a23ba2273271860147a7ab68d,53.99
591caa52421a11f48900563773d0a188,109.99
59213e6a25258039405a711ff8dac4f1,59.99
5925dfa8cd87ab4d852383f7039c8bc2,115.0
5936fabf5dfeaa6c31d9f649b5794e2c,106.9
593744560cc76cf8dd5b6bac6fdb0cd5,0.0
5945e5712b7d951088ce6d5e13d972e7,62.9
595e38fad1949e25468ad1c7c06924d0,563.0
5962b3d00e5c411c4939c732442af00b,454.0
59654be810cae5761b11ae6b37ba187b,80.0
596ed6d7a35890b3fbac54ec01f69685,0.0
596ef1de0dbc8272ca72cfca3b3d871e,439.9
597684fc02296fb0a8980e31965ee6c9,279.98
5977d1e8a56fbc27e8675758c2ef7b81,25.99
598303f52e054ede6c3b5d53ba72ff65,109.8
5992a50227b3fba205b0dc1dab14bafb,56.99
5994b30cf00d1fa01b52e85a243cd175,194.9
59bb10015afb7afabc67252dbbf21985,24.9
59bf40d8d661b01628706ada5ca977a8,89.99
59d8d1ea35c02a6a070ee29944b0ea86,0.0
59db2660a96eaad61dc5d9787ba6886c,69.9
59f72bd03edfc6d071ee1091ea4dbaa6,68.9
59fb2024ddd74c34d16e3d51ed2960a1,49.0
5a014dabe8de0cc29621e8c8d5ebfd8e,174.9
5a063c05a1aa4b43a9682184e6ab50c8,99.9
5a08097006a04f95acc3c2501d0df29b,19.9
5a0ff93cfaa09dab931deb90247502b5,110.65
5a1f6104fa0a124fe00c9bd42048b0c8,39.49
5a2cb558cd7a1f5ff0a0c9014a8022e4,119.4
5a343a06c98ea19d963edfc4a0126e76,68.99
5a49397fc3ccea61283f726e9b1b813e,429.0
5a494c648fde2d1ec4eb614274ea7159,225.0
5a4ac8dc137c5010a2845fc89f2ccd67,55.0
5a4d11d56c3c62e630300b2e98a4c195,175.3
5a4fa1e501791e36c757683e9fd20c1b,299.0
5a5d23db7ec2b28b8735f7319d528dbe,120.0
5a6d092525ea183026c9b405b903fe0c,1099.0
5a99dae4c9606abe29dc96573cdf9356,39.99
5aa053b724a30bb7f32ba18267be3f5a,97.5
5ab63a2b407c27ca68d825930de62ae4,127.0
5abb229ffc19bcdf38b5a988fd6886fd,69.9
5ad755f2bc4d98be17d9f42b3c1f0c4b,0.0
5ad96d7a95788923e8ff455366a90015,528.0
5adbbdc3ad3fdea440538bb612c3bf3d,169.0
5adcde68f0d0cfd95225aea102dd0167,39.9
5ae08af8f3515283b1828222edcb9aea,36.5
5aea5fc896e4a5d9c6b62ee0d4865995,73.35
5aee9c41242adc68d09a0bab4aecd7ff,29.9
5af9e3c7acac75b674e2a7510bf32f69,35.0
5afd3be8c186cc3c4bd4886d3d402473,60.0
5afde1c9bba8add22daf7930d6c8fd83,199.9
5b1be9ec4d6e0f2e3eb073aa560344f5,53.49
5b26618da34612cc4947bbf6ef4fb67c,129.0
5b2f88631e76ec357578704f3a123737,37.25
5b3186d7cf904f2f9369aec26faba4d2,159.9
5b3701e58aad8913eee15daaf03c0a9b,54.06
5b393d31d0c95acec0bc78472596d668,139.0
5b586399e94f316df6602acbe6d80f70,59.0
5b93d204e1d3130dd6ede5da588c0bcb,92.0
5b9a423471efacaa2b6d3ff74db0a572,44.9
5ba20615a231459a4120721fec77e635,0.0
5bae40c0db261997972f0fe5ff3fd680,42.79
5bb9ad6df9af9994190955a8b9b5b7c1,0.0
5bbc03d010ac4dbcfdfa2018349c8f6e,199.0
5bc01c59a5e53b65fe0cef8f493dbde6,99.9
5bc4d654dc4eb95cbd977eafadb38383,0.0
5bd6c03585f70d7c822c736ccaa053ad,123.9
5bf05b782061b0bd881a17616f9833ac,106.0
5bf4ea2d98005b960eea0dbf652ef4e7,120.0
5bf9347f1623a50060ce723051f47f0d,34.99
5c00e849b56a56ea31560d5d66f933e9,0.0
5c0916024bf8ac6780aa07dce317aaf6,885.0
5c172742a150b58f4407bc5f87adaa00,279.99
5c258f7c0ff4f829eec200d6b9ed6994,299.9
5c3381a3f2f32b5085807b0807169501,69.9
5c338a1f817634937de82b48141a62a3,104.9
5c3914b94ee76459cbcc768f1bd2dd0a,499.9
5c418501b87e13cd0dfdb50fe6f1d96d,0.0
5c41a21d4f964c189c2ad704dd18d11f,174.56
5c47a11698cdcede9a8b2335e5a71d9f,0.0
5c54682e89c9fbd2d29d2efde2601b88,172.33
5c585e7a98e329454ba75d494a0019be,64.99
5c74db72c1cdc37dc37c27542ec62542,12.5
5c76d8bdec8e69f3bf4bcc379e72a865,0.0
5c8a8ede9e5ca9d3276b26d56e7de37d,159.9
5c8b41ba21631ca0432de4a10a56fcf1,116.0
5c91001431c31b0b355a154d4f498177,75.0
5c9ce64e6f59daa383b4b3cf25d393d3,179.49
5c9f880e50f2b098a6e4fb396205b27e,48.9
5c9f8b7abc2b49d75a2f6711deada9a1,104.0
5cac520e0d32fbde17b1eec2eed08f37,22.35
5cbb48126229b0f4f6f000dd00c8b698,99.9
5cbf29b2dcf212a6a5d864b887238c72,110.0
5cce1bd373a2348ab2b6f52f594ef6d2,0.0
5cdc02ef57bf0f8500c2876200c620ec,130.0
5cdd235f266a268a095324c53c446396,119.9
5cedf45c32b109d617232373027a8959,139.91
5cf21d69d40b50119524be327a12ed7b,0.0
5d0a025a2f2bd75a48de87b18228e67a,280.0
5d0f9e059b388d11c92560a0031b97d2,217.8
5d2da9cc2b6e9a3091833386fccad629,109.9
5d3e6a61592164c2924ccec5c7f56058,274.9
5d4860175560b328f70a058bf6fa2278,37.9
5d5829e2a0b08bcad7b3606381d7c11f,184.0
5d6ebee8a8bd2d5012d04e7be94ea5e6,34.9
5d710d9a48ebb7fe5ffc2940ff29f346,24.89
5d81094365fbd7cb0e548f4508fa5e62,149.9
5d86e4c7d9e944ebaab065f2588f45f9,258.9
5d9a8a6c059280f7d8dab99e2d025a28,157.77
5db263994edb3b2ca1efe7474793bf82,11.9
5db7217aca46713f098e62c6e33990ca,78.9
5dcae475de267e3304949b772a368008,0.0
5dda09ed137461608be539348c1dac39,67.9
5ddb4fdd9cef2450d17ae20639815885,0.0
5df8710e0e69a1b21ec96bca50cc6c64,65.7
5e065c2ae315b9c4549a30b40277d6ad,61.9
5e380d3468af33b77e184046b8061a2c,64.8
5e595be768fd3dc726cfb9022af58bb3,115.0
5e631f0a317ae2d8919e83a94b0b51f8,89.9
5e702aef56ab73d6c6e7b870277edec9,120.0
5e76cb6542fa7e072916af1effd97f36,56.99
5e809f39163aadeda694b51606b02d49,99.99
5e84fa91d1c2807746b36bdb389c7087,13.65
5e8a37a9db66531212450e6bd9a3c9ad,0.0
5e8daf8c56e7ea57b7b508ea39d345c6,75.96
5e965d35ef2083367ff713df75fa6f16,0.0
5ea8ee291160002ea22b11f2c54a6c00,69.9
5eb26be6d23fe97220a9333113b0e45a,18.5
5ebb4b34c5aeed7ddda4fefe8e38f64a,95.38
5ec6ec6338fe161e42b765f5ded9d69c,150.0
5ed53f77ca69273ec06bcf3967a270db,29.9
5ee57c2c09a8207dd889ca527f27bc39,69.9
5eeb4fb67e6d3276ba73e4cf2f584fa6,59.0
5ef3e5d1f29c98aeda2d09225be21d8f,0.0
5ef5ee5db0d3088844b10293c5535a95,51.81
5efcc46e1fee22373a28eb2b0f26a6fc,89.9
5efe3bb2ff056a6a0f2370818502daed,278.0
5efea094993d7cad5dcf720125dbf199,44.9
5f03b965e26e79a371d229cfeeb578d7,39.9
5f204b6a83d8d323d4c2935f71cbbbbb,50.49
5f241b7659042015a3c45005ef37c0ec,116.9
5f28e0db75ddc9aec85f8c30533b95ba,89.9
5f2a213343d506264f78cb82dd914434,195.0
5f349193a205124186b7433d20ac52e6,44.0
5f38cc36e507c4d880489be38964af19,168.9
5f46ee96a6c1d425dceafdf4bfa695cd,82.9
5f55955ddaecbb08c84de1fabef864f1,39.9
5f57fbe4dbe536ba08c38e0cc55a16b6,59.8
5f5c98eeb7493cc2ba1a27b73207ea6b,0.0
5f625106b926dd7fe59fc55a87023068,0.0
5f7776426b25da9e5d212c3de7102003,104.71
5f7d7732b351ce851a158528581af05f,445.0
5f804c4f73397c6b7d0643012d788c83,100.99
5f94af52aef02c968a2e0f01f430864e,0.0
5f96ec83805d059fcff96db83a407338,145.9
5f9d0a2d1cbdc542a46b46a8b3511701,132.0
5fa1f56316f4154109ceb42651385b7c,129.9
5faabfe6772088c4d906b63fa81ac63d,84.9
5fbd0db43d845f806db24e5ef013b81e,0.0
5fc3d50ea403c13924c8abd94c29e343,49.5
5fd0cae43a6002e194fe471367ee22d2,79.8
5fe52c2b0468fc25bba30f41035c4540,20.9
5ff5ee62ebd03a9ade4bb576f7f1e483,49.49
601d7421c2ded8c1caffb014b9f19d79,79.99
602517e0d22bad1e86ec4cc2fa58a147,169.9
603101e05adcd4cc4ade66118784ddae,79.9
60389b9628af3e1ed0b3d14226b77994,46.9
603cefd1ec4a18c001bab386bdae59f2,389.0
605ae81a185108a9c8192bae163c27db,19.9
607eabaa3707bbcbb4313d9d3c81d385,224.9
608573e503c6ac065f5910426e6cac4e,0.0
6087cfc70fd833cf2db637a5e6e9d76b,27.99
608b221bbdb07cb279018c0dd04cc730,1499.0
609854a129474911451a1f000a125c3b,59.9
609adc68db390a15fd21648c496f50b7,69.9
60a22f2188cd2b544c45f103d0e00539,0.0
60af18e2b219938a9c9755aa018cd46c,79.0
60b1b4c715a06c7120279bc8da388fd2,18.16
60cf7bedff25cf587405fb4eceab96cd,89.99
60d08ee77b56c753e9931670118dd31a,152.22
60e2c1c1b1d94d1a3f157741545ffc39,16.29
60e6fe581610db699ac03fec61f4d53f,65.0
60fc4b9636e847212b8c69cc13f4da82,149.0
611009570f605781020550bff8c0d7a5,95.0
6110fc2216f14d1efaa683050a262e90,359.5
611110d26326c28456ebe437516be00e,0.0
61159604e28034ef05a1a8591317e4b6,154.9
61181b9bc9188678b5991d89064dd961,0.0
6143af65fa3b3ba78098b7117ef00d23,0.0
6143fffd88e5596d56beab1eb8b1c5ee,53.0
6146f341573c3d49d52cb007c14796e2,34.9
616309b2eeb7bd9c05b0fdfbab28e6c6,134.9
616ec2f13ea3c1ec4582808ab05f3251,299.0
6172bd5b7f52ade8c6c4548b448ff54f,2999.89
617fef83062c1fcccd20798268cb6199,45.0
6189b291a65a3209d34b330f8f0e8373,298.0
618ab23cb329ac11c84bc092ddb4bf09,179.89000000000001
6194f8cda70a2a8a3eb91467b04a6fae,60.0
619971e88ce09faa7047a97feb887755,114.9
61b262310a6e93c6b63efa804ce63a7a,159.98
61bc6c4a059f69ea37ec1fc5abfca27f,0.0
61bf8e4656ece5791021786c756f1894,189.9
61cd1aa2c24f2dde3e451da8d049fd81,0.0
61d35cbf1edc461d853a4401e5212ef7,139.99
61e65a8282833fe8aa8d7be296a1fabf,153.0
61ed6dbae0e47f36937a930897a9afa7,66.0
61f2b8785cd7055928661d8279a55d6a,19.99
620123772a3dcba2bd22515fb40e1fb3,33.5
6219e27197bb69d46b4df3fcc2325edf,14.9
62234bde75e95fb025e2499a0a3bbc2d,14.6
622ab02b1f004f1b9a11fee1634bd1c7,39.9
622ad62f1ec148052d38f7b1cf3245dd,24.9
6243e6aedca8bf97d0e619c5eed532be,159.0
624ddea0a7efc078dcb7d99117f55769,32.64
626495d0fb14f39da07290bb8d984ebf,17.5
6271a931d9d3071a8777ca5be52771a4,149.9
628bdd93abd27fbdd50f4e2e91ec64b3,0.0
629fb99609e4613c746af4eaa455c91a,18.0
62b9dc37369a8f35376fd855473dd86c,0.0
62bc80a87f8fd6a0ec196436009e0f8b,129.99
62d824384528b8f24550482f6f1dd751,0.0
62dbf95632be2b7c3a8b0ee94abd4cf8,249.0
62e539dbae33b2188f41136488f334fe,194.0
6300bc55fc0edb7f2623cddf51ba7502,29.9
630e7d4236d6daef990ce5cced20ad12,0.0
6320304c0bed4ea461d256379a65d231,48.9
63386c87125fd15ae6798a09856e9eff,33.8
633bd93d8ea8d1b21a3c03a466862f35,127.5
634c7fe1285068fb2dd1437f76270037,34.9
634f09f6075fe9032e6c19609ffe995a,228.0
6366dc709d3d45f3fb76d56ded95f9ca,64.99
637083b346bff4660523a74fc4fa8b73,29.99
638b18c123d3a826c0df0e677ad76f0e,64.9
638c740ca54108e59dfd571ab7c0b764,26.99
639c0608dce3b89a89bb5a9077dfec48,99.0
63ac99abec6ae9397c61293badd8a268,179.99
63b4253e688c57bdaa18741b3fea5a01,80.49
63e7b3101c55297369f3141cf91532be,0.0
63ec63a5ac5958fcbaf5bcee2fb460c6,92.9
63ec7aee579f48f776b3fefa90d0a4d9,29.6
63fa3dad6bde01314fc7e125df83fd00,59.9
6409bccd4062c7105e9fd94c9a72082c,0.0
641159b01ed966201b10aeb55df19208,69.9
64200c9fa459662885c44d8a58d8bdbf,89.99
6424423121df7517efd1fa700283c47f,19.9
6447bed5e7c9aa59a6c62a5c4a0e1188,28.8
6457b2cb5462c1217e8e6d36b0ff39d2,77.2
645b0d36848d2c3425707aeeb87cd8b4,14.9
645d54fc2f9c61166cdac23242542979,108.9
646d643b4ac1184e383341f8896c3dc8,139.98
64727e2399d0c91e33dd71179e449069,88.9
647603966855f7046a23e805ef8f1e4e,89.9
647834fa9bee90050574fb5a00b8f0c1,79.9
64812f554a1e0ae09babcc0ee08715a0,59.9
6491c7db55287e7f4e3ab56919742153,49.5
64970391496ff28e4fd847493f589287,70.9
6497ed50b6c370d8ac59bfc3ddb0775d,109.0
6499986b00d14fa984d68727de0c2a17,0.0
64a61ea4f9986df7a3078f93e75f75de,0.0
64a6440ee0731b29560508a3dfa71f9a,37.0
64b576fb70d441e8f1b2d7d446e483c5,199.9
64be1085f459ad4720cd416c386d3e51,224.9
64d6e417275b4d99214428b330b07b81,0.0
64df076fb557552498049bb07ed1cd5f,179.97
64e0a2c0c237ffa49416d01334384f7b,0.0
64ea136678f37fcf4fffdc65f80ecf69,99.0
64ea785aa93e3b55a36b028e1331d3a1,79.0
64f478ef975b39a86f5a453375158ae4,0.0
6501e5470f5d8d0ed1b7f4c67bb40711,0.0
65084018146e778ef88e167df944f9b7,43.0
650d655f572ad6a213c0f6619f6913cf,139.99
6510bac816ba1d1c15b13ecd2fde78a1,0.0
6517822823bf509a5dd294d5cd69a829,135.0
651cd1b09c19982ff7e2174ff41ff18c,0.0
6522a1d436415b898aef068ba68e81fb,59.9
652da2f7c852a3269dc6d7262b0b8f4d,179.0
6559758afffee923186f307d048d75cf,26.69
6559799a5cf53662f7979eeb4a8b800f,124.49
655e1a53d7b00597d4e1d54d6e92d39e,38.9
65667e216c27cfa1960a832578b8ef47,99.0
656d81ab7f30a1be5709ff381e3f91f6,129.9
657ad7b3b7a1c9c9bc3fb26bca5b6738,114.9
657b9acae4845d34e8766e84be3de88b,89.0
65a944ed12c066780cdfeac5a417d32d,0.0
65ba82fb5dcc72c5c6fc38343a915798,0.0
65be6248a39942f9ab10da91280e2576,41.47
65c1c2f858a33b3ff79f436724c4c79a,109.9
65c6f2611ebf8f84429aaa89f749b17c,50.0
65ceb15a2636b04807d38a677d6877c1,6.9
65d7c0904b51f5b432e71a14b25121dc,58.99
65daa8af71675f5b6e90b235f029438c,59.99
65dc7b434112b1871ffba93a74a65b5d,119.0
65e5aaf9f721945f29cdba45c206cb83,24.99
65ee274b862c5c053367be8a70dbc029,89.49
65f09b1e943693e398708c009e3da512,69.9
65f72a9364d44ebbd405299568002138,159.9
65fb17c692327dfef891bef8b7f33c2a,0.0
65ff65476364f61bb41f6c7fb47d623c,79.99
6608c37202accfe3cda3fca4c8a16062,320.0
661a5e18a28b34880ccc60112f2b8e8e,39.9
663cb908e7dfa34193fa1bbfe3a193e4,0.0
663d5a1d3fccfad3a3c4574072794a8d,179.9
663f43c4f46c289ff6c0f11b9ced3751,80.0
664770508f06c0c2fa1c37fed04a6dd7,0.0
664f7107c351f24b16b68919398730a0,294.9
6654462d0d3266165aaa7028d4d35005,159.9
6659cdf2397f169f0887c503fdacd408,89.9
665f8bbe2cf428657aeb0572c27fef58,299.74
666181047fa23359ca19d03abc679e18,0.0
666735967444a5c5e671f9515fe23ab1,59.9
66675a0970f32bf9dc0d97a79a19ea2c,55.49
6667649dc575c65058507349be078d4f,149.99
667c838d8f300a813a0059fc8b46ab29,45.0
6682581c8fa800c2b0de2b735bb07a5e,39.97
668a97d6246427dbd84719e055c7c2f6,75.0
668f76ea8fa5d0f459e6a15d8d55ac63,139.8
66980c3775537536f77b434d74e520f5,40.0
66a2199c05159203014883cc0d3cf33f,110.0
66afa2376b0e4599e420694f53eae80a,0.0
66b1d7f471c8c9e8d9f9f624d6962aff,0.0
66b4a441fa95efb527240f103e4182d4,110.0
66c70ed7726abccfbee61a9a39de15c5,0.0
66cb29267e1bdc78dd85b30452251579,33.9
66d7c05de70168738de8f6f8b5adce82,117.3
66dd7b48d24397d554c2af2b30cbd407,29.0
66e1f83376794a26466b8aff77e4a5d0,189.8
66f4cacdd688fc56e58a33287fe822cf,0.0
670985cbdebdcec66895cb9945fc3de1,832.4100000000001
6716a47d23270d65d123d9d148899102,89.99
67172368edf401478f187d09180a1671,94.95
671e951533c86366cf6325bcc8a02ff4,89.9
672057ab52ecdb1cf905095ea17ccd85,35.99
67228461aa3f91b2511b439d74ad353d,0.0
6726866c9e7dbbac4a4954417a5e6149,108.9
67290cb3c52701d36b0864decde52e26,55.0
6739f82be7fe556dedf82e16f0566ea6,28.99
673afc05fa081ebe870d2490a39c17e7,59.98
6740f8899f3c70b5b08b2e0bad37e567,67.99
674b8bca7cdaac71777cd026ebb31c43,39.9
6752250a97692ea4e4375a1e6c11a64f,28.99
6752e46d4f28ebc4d783b203b9cc232d,379.99
6753845f8bc48b027c01c90f13d41f3b,18.99
675a8d2a984ea6f86cc5c2d1a45211b0,0.0
67697f1ef23332d4be711eba56d04b4c,0.0
6770e2d6c610fd5a6567c313790b34df,103.99
6776ae9432a76cace1d54a6fd1abcc57,0.0
677e8fb8d35d03be1fd8fd461c60a1cf,64.99
677f15bcada4a99f87e743927803a3a4,0.0
67864845a751540781a1bb2dd2e1ab1c,49.99
6788c2de733d940f2a56920fd7054a9c,65.0
67913e95e07035bc67dcaa79ecd70cc9,759.96
67a055e65bcf75362f81b7141ac2eed2,45.0
67a2730155a56d30a1f643127dce6cc6,69.98
67afc527d425b15d2430bc63ae211f1e,149.9
67b05b597a66b5c449025000b9430abb,0.0
67bddde1844b238fe25995cde1612b4e,53.9
67c069b1347ff0bfea48b5035a0153da,179.9
67c92485fa38cdd999e4b72a6e347663,279.9
67cb90a67c8f7b5e3a886f4fd859d2f8,249.5
67e01e8409e5b0735a24e54759195613,79.99
67f4b6b9207056736278adddf407f417,69.9
68015dfc16e47eb1c0e8c52e7b6f1f06,18.9
68041dc76662fa5c940d7869f110b844,39.89
68086630405120fd049f0d41aaee9a68,38.9
680a09be81a7680c1845c2342d8c33ea,26.9
682c852f2cb77efab552e07564d6dba4,169.99
682dff0e9050d37ddd64e2ffc53bcbbe,109.0
6845b26cd877899e09fe743ab15c1a63,0.0
68493c02b683379ffe0c1cca19af6889,155.0
684fda5905aa430123c7b293106a337b,49.9
68519bc41532d0f1a6613d278f86a5bd,13.65
6858ce30f88a81273fb705a2fcc52aa7,249.9
685bec4bfe814f798ac29b3590134b38,0.0
6862e7a7283767e68fb14c52a110f6d1,38.0
68667861acbf4ec0e980b6a3933d489c,348.0
6869d6527fe0004e8a9ec53cbf220531,279.8
6875cdbe14f4e09791825d53465788d9,0.0
687d9299d0ff57790aa49a28d7240b93,169.0
687e023f28ba71f085104c1339b798fe,28.0
6883d579dacefc2301eea23d7855a8aa,214.99
688bb6776d5f885e4b46d4c4bac240c2,42.99
688f5342ea5ff47d612126908c38f7f0,59.9
68954feaafe4dd638f3bd3e2afa174ec,0.0
6898b2273c4c2e9f697bb597c7df0837,0.0
68a5590b9926689be4e10f4ae2db21a8,370.0
68ab9bfe2388b0b36614c7000b8b1cf8,24.99
68ba0fa3c02bfada4ebd0f37d1aee37f,23.9
68bce5b75e8dd23c39daeffa0aa28732,34.9
68e9aca85421a3dc655325bcdf9c9912,85.0
68f04becbd320e5837a2df880095bb04,0.0
68f9f23ba578b597c5ae0573a2a72b02,259.0
6903f2c210906ee7731be7bc8360a036,61.49
6908e4e7bfeb7c99bc98f93ead3528cb,0.0
690c7559d9d62f2464c47042a655bf57,349.9
690ec510bf4201426e227f92a5581725,112.99
690f0991927602fa4dbe5cb1fea83794,45.9
691c66d5f2b54a03a95e2fb59c83ef18,499.9
69265054c8f3bbe54909219e9b2e6af7,449.0
6926bce378918c0796934a2403ed36b2,0.0
6927dac0fa9c5c972d388e6a77ce7d93,60.0
6935b767c9c3c6d8c27c9a840bc5c238,30.9
69396490c66383feb185b18b41e94bfb,0.0
693d4dc072a4cbdfa19501dbab1c7ad1,129.99
6940ba069c2c25350ea9e059b35d7d23,1148.0
695950596e3d02cb9a663acae75bf98b,205.0
6963fcaa55875dfdc09d7faee1a6f445,23.99
69773615cfc64f54d36fbe95621b2590,313.08
6979b81e6b16100f6a5213030d2c8f82,116.94
6985e81d9007fa0eac3c04a9752efd6c,0.0
698a9cafcc15cac8cdbaee64adc6efbe,89.49
699ed48250faf9f3d41e91f4ede36364,49.9
69a67928e55cbef75ba434ab0a4ff540,0.0
69a7f37355617e699081e1a1db826691,129.0
69aab61687fa416ef601af332bd0ff0d,70.0
69ae560f1f5448b1c3b9ae3e619808af,99.8
69b9220777c7f961f1d60a96c007c9fd,69.9
69eee323aa549b444026553c25e378ba,97.5
69f2934ad8b50cc05587a94cc7d68fc9,99.9
69fbe1ef33ee18593788e655e348b954,72.0
6a04c8339c44b23e189446216a494569,29.99
6a0a549e7d20a02c112dc6be0c395a51,199.0
6a0c925299476ef8ee879d9bb10da5ca,169.9
6a0e43f0d7e1b5539e4c58a26ebe35da,0.0
6a140ba4cf08e0d893b81b5ec7264d86,0.0
6a16af5086aa0454d0547bad1bddd793,0.0
6a1b5e68e0f74bc265df1d9f30d0a7d2,48.9
6a1bd3531227937b0bf249d29fbf9901,17.0
6a4060fb7ba4fdab5ca85e0d7ac38e00,120.0
6a40f754c2e8908ff6d13430e6342c29,44.8
6a43f6511976bd65d1080f1b647689f2,35.0
6a49832514ecee6c741ea8e7308a3f09,13.7
6a68ebea4927947caaadf455351f3dda,102.0
6a6a7141119ceaeca4dfbae7a580a515,24.6
6a875e0207d93e4c06f193810c6c2cd0,0.0
6a9df708d47e061c4c4c8d955a93cb81,69.8
6aaf63fde5ca8cd6d38424243590d439,99.9
6ab2c51644e62c63bbfe914fd945adce,315.0
6ab78dc229fab798332870a06388a1b6,97.9
6ac343dfa1f2e45a71fd588c764ff8e5,99.9
6ac3687282ae6cf1976b4cc39677f95c,130.0
6ac52814155aa5b8da64bb30a14c6b3b,25.0
6ad430c5fac5e72b42f74af4ad7e98f3,199.6
6ad46014a4203440c38e3dbf7aedf51c,168.0
6adb43365bd88fd6b87a63fe174f42ed,116.91
6ae6f0cf986be1adaf148eca6ab1dd53,139.0
6af40347f5dd7bdd65437a35e1b2fa7b,175.99
6b0c568efa39d9923961096ab40d3ed9,13.99
6b11061762a537f7775a5a6bca7d000c,109.9
6b1accda38fc6c15f411ddcdd8a109ac,270.0
6b2a5ca1951e2192b2605cbf45b29892,42.0
6b33b395518a499e9f9900bcd6fa971c,37.9
6b37d47561c8e97bd313b89215e0ae88,36.0
6b4e8c5f7ca346e38498de7c1a96564e,0.0
6b595d38cb0d0c5dca0ca4de1b97b116,209.99
6b6b815f43f5bb5de08a22bfd1826357,0.0
6b7aef98835928c0e5483ff155dfbe59,110.32
6b80cc7d77cb61e543f86463c3437a96,0.0
6b84645f298f7887a23a74d91771a9e7,105.0
6b9afcb17cc0d97ebb20f7fc4e3a25c7,115.52
6ba3c687055589c6271f660f1fbf6595,65.9
6ba5b2dcb81470882212da717a171539,268.96
6bb3958ca870c584b84bba1673bdec0e,54.9
6bbcae37cb10b3110fcb123680e08eca,57.99
6bc9e749760ecb1daa33144baf3eee9e,16.5
6bd06f958324c634ad8995ed4a17701b,0.0
6bd4f06d5599d085d7a367cf49626155,34.9
6bfc0d51218c164f5d11916e1a102931,63.9
6bfccb019f3da909ef21a2803daf87e5,49.8
6c16357cbf6bf0accb997cbff9030507,39.8
6c1c9f70f7743f3a6201d8d7d5db7f6f,64.49
6c1dd46ea7d3dd06eccc8adc584795ec,71.8
6c1e77450766afe18d4a99135d322d89,0.0
6c20a0d058797463344295d2df549503,199.0
6c2164340dc1c8dc89bf7b71d22b384b,49.99
6c272e38c324a5850751500bf116dbe4,0.0
6c2f6983a60ac0dc8a9ee65579959538,0.0
6c3974f2a296fbcb0aa071279dbf6f24,0.0
6c4e5fafa5368d585420a705b9582df5,158.9
6c5c77a50c55187a74295b4aee84b778,44.9
6c5ce6b9d419df2b111d90a6e85a10d6,108.9
6c69905245a109e523848de29386e0ff,650.0
6c734067f6c8d999e1a32f368fd70f13,59.8
6cbc5455e3a1b9e6daa771ef6f03b0a5,199.6
6cbe8a392b76916e84c2faf69d0d0da0,179.0
6cbfcc29787035834a40a46f5898436a,180.0
6ccbb05bf38d868e2a997d0dcf1c32ad,85.9
6cefc29085fbf53d5721acb4fe4c0c7e,0.0
6d107617e509701446292309521f1c22,1058.0
6d1213d0a8cccfa5cdb1b693fd388055,28.78
6d27e708580f5c26ca2282eaf9b9d7c0,389.99
6d365ab4dcdb48ff5d4aa90305671388,159.9
6d40ddd2f86fe4f7bdba4622912e772c,0.0
6d443b75cff956bb73dce7385033e266,2105.4
6d47c2341b395b7e0294d8692016f6de,49.9
6d5445cddf56ea4edb5a2540c6fa1d71,0.0
6d5e4477b9757cc918e0ead36a80643e,0.0
6d6c7bcba410b2206fb3cb9c33c3707f,297.0
6d7dcece246bf88e8ee4b1654441749f,95.9
6d89c322686666680193afa698c29134,29.9
6d9760d712a88a72d89fe864701f1797,49.9
6da92ae920ab16fc4eceb8fcd7bd43ce,79.9
6db7adf9e39b611244585ce6e23994fd,26.9
6dbcc57be1cead7be989aa72dc7f44ca,49.9
6dcb0c21a4e1e207bc0b9c83cec17550,69.9
6dd6e77a98003996c7fd7afb70be95c4,74.9
6de77ffc3e5e321221ec0c1740a0503e,35.9
6df5bd0023cfd06d7b55bcece550e1f2,34.9
6dfa1ddc7f7e7d7930de326f34c16f53,24.9
6e084dee07052768ae655712771e6b2b,0.0
6e0d94e83bae00a64c12c9497158ee1c,20.3
6e0e3c6485417542b5e5dc80dd6139d4,109.9
6e0f2c0fc90a81d749a08d92c584d746,119.0
6e1190edde834ca84ba216d13627e85c,52.9
6e1ad40c11dd6aa516c24963c470d9a6,58.0
6e2064e4da450befb0b70bb2f0c68f64,16.9
6e26bbeaa107ec34112c64e1ee31c0f5,1299.0
6e29598e4a23df8fd26eabe98846719d,64.9
6e333942859ee2b644a75f42da7b1c5a,99.9
6e3a167b6908386aaff774280e6eb1cb,45.95
6e4df650faf2c070fc5cbc95efd6c01a,49.0
6e51ea75bd6da3501b562b9342ab1be9,21.9
6e5c0e412f8b74a1c29aa945757dfc46,89.5
6e620488162fe1129d32f26b751d770a,119.8
6e6c1d33697978556243175000662c81,89.99
6e7a7fc98051aec20afe0f4559e3c114,91.99
6e890959de98f57e7db8fbf22d3f5697,0.0
6e8f22264f42c5c1993803e739260ecf,58.9
6e94cdf4b593972f9d558b3d0c036851,0.0
6ea03cf508c8426284b647626ae5dafd,149.9
6eb9314151358fa3229b370c00fa289d,72.5
6ec75d7e0032c13ab96440fa90cab1fe,84.0
6ecae395621d20aca9711709fedacade,107.0
6ed6a41250b1e99e3bd5e6ecc297dfaf,0.0
6eda0eb687a3f22e2031dae74269da91,49.9
6ee9dd7a3a539c1ae0b9ee5c9a29961c,0.0
6eff1cd9cc7f4dde6e1cbb679e219a50,199.8
6f070c196a22f70ff35e9a2fb5f94b47,139.0
6f0b3c0824512f9e29805095537bd68d,0.0
6f19cd82c9d4d5b80bd8fbd24e600576,24.99
6f2013debda201c8ffa9b4a783ef1622,0.0
6f232f2f5c7f33b7bd9d794d2afacadd,0.0
6f271277858b64b0630d6ca16f16721f,86.9
6f3f49fc855f386bf0f737c9d84995dc,58.99
6f4102ac174b0bf17f1495f81a6f27a3,19.9
6f5b9e28a0abfb51e391191320d33a56,32.64
6f6700b18880238014937d470e8f5f6f,99.0
6f7c6c8b6f6589599907dae484d21d54,139.9
6f8372e7ca5f2963296df89e916cd08f,99.0
6f84cddaa35e02a852f6c6435b384dd2,0.0
6f90f04011f53535e2ed7add0e6e9775,18.0
6f9fe132662ed65ec152e96b16afe7c0,0.0
6fb19bc711864c90334ba37b2148d4dd,28.9
6fc4be26d93f94de084b9a929664c52f,16.99
6fd9de387d337ad313a16b4c591ca753,0.0
6fddad01fc95963a667e3d96d751d051,189.96
6fdea157b64e36e7d70e7c4676e093fb,0.0
700e0d1f54a4261d5c8f5a310585cb23,59.99
70167d9510c6f54bd29bbffd0f4d9e90,64.89
701a19d561fa7884b12c229759819698,79.0
701cc8b09ef60639fe6a1ae73521bdbd,49.0
701ea1ff7120fa56b1e4ef945dd5cf19,45.9
7030164c13386d397107bfdf15f3814f,78.0
703de7778ea5cd9833cb1b06ab6d0b7d,0.0
7042a2786e6151b47cfb7696fe87cfc8,0.0
705748b59cffa9d676c096f44a227476,119.99
705c9e29830d26e888d395a7f0d4ab87,0.0
706c6cfe5101366f274a332a11671fa2,76.32
70734fd0582006e6fb57918f2610f818,35.0
708976af642e89528bcb19b3e72b4152,149.9
709c4c5ec8924ff8c85de5801b65458b,44.64
709ff5911edcc0d227a46699d7842e66,135.5
70a2aece5345a514bf960b01975aaa60,23.99
70c0cd25ecddaa0802c169b32c311822,199.0
70c7b03f4fedb3c92e18025f9bc5822f,63.0
70c8e7826c40ea4a5824b23c80e71aa0,122.99
70d396f72bac7521d4546cb16cf4358b,79.9
70d559655397ff9db9bb31dbaf5a7b5a,69.0
70f009722a7cd15568c58cb753ff4399,18.9
70f0622ab3555dc6e637a48684e331e3,597.9
71150730b022797afd6a487820125da0,1450.0
713e7f4511e7c790a743897d3ea47c08,65.0
7141f12f335b30c6d8ca881d9f330c69,480.65
71570c9b76f11df814726260cf634fb8,679.0
715f90d43334e54a29bb233e7687f65c,99.99
71692b73230707ce0f95d8a6091c22b4,330.0
718035a1435a427d46fd383caa59feb2,78.9
71a6706498b96147ee2493568ab46432,0.0
71cc49dcc859ef150badb7ae623b6b96,175.0
71df4133a5dbdc2f6db175f7cd3f8d10,59.9
71e06f5053f893d3417e747f534e14fe,0.0
71e324d4444cbd2ce5e61fa48dd434cf,159.9
71e44a3c0131f63b658da791bbeeba1c,109.9
71f545b9f6343c56082214728419c637,128.7
71f63b438b7f08f55cf7afc5e4eda1b7,92.34
71f93416aba3c29ee0929275f545b506,131.0
71fc6a8faee5a414d80feac6ea0e7976,535.6999999999999
71fd4b8ba810c0b2bcddcebf0fbd159c,0.0
720d85b7b02bc0505d82fcd0e6010490,84.99
721753e3cd58abfc617b532d19ee7ea8,54.9
721d1092e1a6460c67e6a0e691d899a3,16.9
72257c3a06b3f5851d40c70240f4e322,0.0
723760306f7a15ad72dac1b300eccbee,187.0
7247c7024156fa355889f76ce22b3d2c,118.0
7249a976b68003a30adc1203a467cf6c,0.0
7254d91ed781ba8af6038fc53529dd38,55.0
725d8f8fdfc93484d063c1244d62ba95,128.26
72632f0f9dd73dfee390c9b22eb56dd6,19.9
72635a55dfa99b570cb2d2e3e6477737,89.9
727fd1637068f738000769f328ccbe4c,198.0
72802a20641f4dd46e6d3ce18af50cf8,49.95
729a2696f78da805198eb9b531775daf,0.0
72b1f9e1b8aa00c0be1d47006c3ab5f7,0.0
72b74e3ab8b2f7da203dbb50344879bb,195.0
72d27a31eca277b1cb06534d631e3392,0.0
72db16a48d2efe7052acbcd2ec0b209e,18.9
72e1dc93036a4285eecdd76ae6465ef8,0.0
72eaaf7ab48bd234c4ccab3d894b874d,0.0
73001c351ae67a6b093462ce7a643b57,34.99
730bc97df4e3bb36de63041f329b9e87,47.9
731ea3afd190908a9cbed04f42aa51e2,89.9
7321fa632feb9f59860bd048524ed14a,199.8
732267f7c7fc6f66cb66c383824954a5,61.9
732517445a23f14603d5683d8c0e7b37,143.99
7329425efe29caeb8c292b725579bd50,0.0
7330a3475a2c65878c2c9b95266bef04,199.0
733f89dbe1cd8580321aacd8766dd437,0.0
7353be07ce9cac1da115dcc3a29c8794,0.0
7353e7e5f2f32af3228d688d12ceef48,49.0
735dde9dccd9ec72098a553c6af2198e,149.9
73621cf8bb2f92f40419b7cf89a5eb2b,89.58
738ee47ca7799ec680527c31c73b7ef5,169.0
73a1d7ac09a1e29703738e7e633f01e4,0.0
73a99c7a2c8a5a9bd05bf0c2b88f6bbe,0.0
73b8cd05f8b04f402a513776ed53f5e0,0.0
73cb5bd8850865a23fc9c1593c17ce6c,189.9
73d44418367f9efcd7069592789bd0f5,129.99
73d53d2124cce660dc5165c7cce823d7,89.9
73d7c87d44af686f20f4c826c19f73bc,219.0
73da78eda27f160f2ed111e2916d162d,199.9
73f90b219c69253bddd6d6111783f47b,23.99
740a097a2a05f072116ab70a9e8feca2,139.9
740ece7e8cdb4ee5eeb95dc76a4e578a,29.9
7416c044781d8b5e4de31e7d52d9f85d,49.0
74182c655b0270d9dde23ca43bb16a2e,0.0
7418458c86b91f0322f91e7145a02bd7,119.6
7419850411a470c611c1a6d398c853aa,0.0
74436a334d42f9516826a7c3c6d5b226,1280.0
745e1490d4eb16895c8556c44973f64a,59.9
745e5855c89063226a0b8d895d4aacde,120.9
747ea65052566eba93f2b81c6ca1a14e,166.94
747f7686c38242845e7b40790ad94705,0.0
74838cafa70beaff741b6f16a4564080,180.0
748cf0cff0c8565b3bf64c24661017d4,38.99
748e84169ace592af7a9bd3d01b47b4c,0.0
7492a411232f7dd4b1adb8b335cd1983,29.99
74a68c138e3220107add702b3777948c,105.0
74bb35834cc90f8b98adc9da1c4c8556,167.99
74cb1ad7e6d5674325c1f99b5ea30d82,169.0
74d9f662860f35a9b368151421f05fef,14.49
74f1c30f52f68f07d9e83ca5a5bc444d,89.99
74f62172da3c6cdbda0e80017f6f5cf4,99.0
74f6539658a10da4f67bd4f9d8ea5c04,119.9
74f8bf53fadec7ea8e08cf119d0fa4da,79.0
74fe4e106702770ef728399ce5da503a,259.9
74ffea658fa22ea2788b68b244e2a9de,46.99
750550f1fbf777d9383acb856bc593dd,171.0
7508fcee150d3d55a1f0f2f590232de2,170.0
75190022751fc37ea481648582f29503,227.14
7542698921c5856de2ce737b2f0b57d8,0.0
75537a427ceae945e3a4bf1fcb81445e,160.0
755751fa93cd2d53adcd3f55b2fcab3a,179.9
757921c3d0047781031e9bcbaf2c393c,0.0
7580e539c3d74ce5ff3946877db01dd2,0.0
7582c4e0a81c88f5ea0ead98b083b876,79.9
7585fac6723f6d9fd6ad21c70ceadb70,0.0
75c9d9286f420028ef73062dee65da94,49.9
75e9ca5fea78afa5f2fb324d58593d64,175.99
75ecb9c8cdcf92cb5d6eced1ed5dc44f,139.0
75f15790b1852b42b1dbf645d98ffa1c,99.0
76021f22e28fcda7ededf39e2ca5a155,56.99
76265a1cb8a13604fda3632daf9db6c7,1199.9
763c66ad3f778d7c060e34325e036cf6,79.0
76415e22ee395842dd2428a274776e94,0.0
7665839401a56c050110d34a0d86809f,149.0
766c363986fc269b65ca0bd173b39691,27.99
7671178c592895e5beed747367b4a54b,38.0
7688b172eb5a86c7470f5928e02d6e48,49.9
768bbd3f7d68a84720367283e65ebaac,0.0
768e9ed92dd4fe880672c8e90dc4f74c,161.7
769c0ea95d3febeee4fed19038785cbf,39.99
76a5a50d60701cb6feca23fe2f1fac40,0.0
76a667726ee3009489d90d856bd8361c,0.0
76b449ccab9149ae827c02c4c96704f1,192.99
76b7e0e8329b419ae445e9254a62b9a8,0.0
76bf559b3b17a29c539449167daeef6a,0.0
76c9a12722537319e44c31e70b7815c3,28.9
76cf4cc60c7b6d6469c49e11e9b714dc,0.0
76d4b39c8b588b307ded0d2952d82d3e,38.99
76d996ef3f2fdebeb51eed26bb06aee7,32.9
76ef492abb3414d73c62f104e7b179e3,109.97
76f283349c070c1520b14b89a6e00b7d,359.0
76fe97f554dca5a3d157ee7ce9ccd414,13.9
76ffb5b3f1186c6c8022f6047ae9ead5,109.9
7704b4ee92be4fc9b92ec80163c45272,36.99
77338b259868d54b539b0296b01fc635,22.6
773be09978771b203928da3b2091ec2d,95.8
773d6a126278eaa169f2daeb9cc23ef9,55.0
7747420e46d7fcad1d2fb2931e9a9da0,122.0
77478d54ce0ee01c276292d8579f478b,98.0
7755ab0ce3d764fb730609e400db20cd,209.99
7759c54d34055599a186594e01b57af1,187.0
776f97a51344626338b5eefded4d3a98,21.49
77722ed28b37c30bc7d25319b0a14b73,467.0
7775761e92837b8c5fd964d725264313,150.0
77938defe8452824069b39bc37934a81,259.8
77a4b149542d3a21a4a8c02b9441220b,12.9
77c213e10acbd145d50fcb035d0e86d9,88.0
77c47b5fef16741999450430f66d39fd,0.0
77d0352364404b096ab0509d4c841def,89.99
77e4a907ae533160f3e5220d9d9084e9,127.5
78130fb0014a1ecce98e7faa41b6f06e,150.0
781686ab28fa4aa5816b213c5a7d2a5b,310.0
781ae350edb16842380e81d7c7feb431,83.9
7828a4a1ee004bbe6665cbffbc4bf2d9,86.0
782987b81c92239d922aa49d6bd4200b,98.0
7839f50558d5b6c21331887939c0f414,289.0
7842fedad651fb80cd89f428e34e83e9,190.14
784934fd0ef7f0acb22a535b08ccecac,22.37
785a8a410d6fc9661d66f7218a87229d,300.0
78619698bdaf96e23374133380aad18f,0.0
78791713501b5a7de9d65ff42dcdb016,0.0
788dec250d1d6b67eeb6e09a0fc69389,113.85
789821d5e65b233b2986b190868b6cb7,412.0
78b47e917e6732e91b9fd5e23205b830,29.979999999999997
78c29e3657617fa139ce31b9d7ae46a4,74.25
78dac225c9b06836121cb53fd0084ccb,79.9
78f40d39d4a401c047c0c26559e7775a,0.0
78fab739f967caf7f60c97a320f23261,38.0
78fb70b5aa609b4b55c6ef3d0cb51faf,0.0
79093f1f5356ceced1473035e849be7c,99.9
790cc14129e4d076d124aafd2b9f7caa,129.99
7912478cc830e7e59f8dda8b2712b555,364.0
79377f2dd1a1b92c1c06fba32f1bc1eb,19.9
7937be50771f5a064440463094da5820,18.98
793b11a5b927a84255954ed767754d1e,37.9
793cd0b1c9da05e084cd9e3bb474de83,23.99
794a542461efefc5e9f0aed3254cbba0,0.0
79538aee569d709ed810606a5eab6f72,199.0
795e2dd34c208200aed85b3f44dc2a4b,0.0
795ec127906a9e161109399a70f5826d,39.9
796af4fac93296428070925a8a78aaa1,69.9
7973a6ba9c81ecaeb3d628c33c7c7c48,0.0
798521769d378407b587dcee426d9f56,19.9
79859e9f052a65854540f5ef5d4dbe6a,0.0
799bbad94152e4bf5946b21e97d6f566,34.9
79a4fa88711e09a102e206befef01bda,355.9
79aaa40216d464f6571c1ade510d094d,59.9
79c3ef46b89f10777f5604a5e1ee22b5,109.4
79e12483f9b14c3254db94bd137a4b70,1349.0
79f6bb4f638b4214ad8d62d60148a280,53.9
7a058fb903db07aea7cad4ed26301dd1,0.0
7a08dd88ce7a21d946f60896cf937b83,399.99
7a0a841d2fc8561c75cf26923e1ab48a,0.0
7a19f3fff09616cbb1cf8fdaa05ae032,89.9
7a2679d6c164f6b6a2f36daf1b2fbc9d,40.9
7a350426024a624cef97f797c408db97,0.0
7a380cb5434e6b6b5b37d45bb99dbe8a,412.79
7a43947421cb96e7abe1e0572ccac62b,0.0
7a4593fd994912c840cf26a0ded104be,14.9
7a4c7a21fd3aad6cc3dbffa5743d7b70,198.9
7a53ba76258617f396248d5d2de031db,79.0
7a548eb1c21b3a533989d19aecb7cb80,119.0
7a5531cd96b9def6bd36bc530f317381,618.0
7a58b4b37ece4d202545b0bf98a18efd,80.0
7a60f3a8db817e4f5f33a1b19248be80,44.99
7a670b6b2b72139db36206362bbf5140,69.9
7a71ca03472864732dfcb00aa70b42f3,155.0
7a944cacdbf306b47bf62fcc183c8944,0.0
7aa123fb08cb845c66e2d2bb3dee879c,25.0
7aa4cc10b75fde631908e6ae1066db23,58.99
7aab2467f56023de6dfb7f80edcf746c,0.0
7ab9d668d61c5b781832f05972a365a5,0.0
7ac26eac431c6848694a2de6f0327524,109.9
7ac3e91ede8dfce385f63bb7f6967383,35.0
7adb8d1197f85b403246c5c03fd3d221,148.0
7adc15c4b9311265f52ff75519301a23,0.0
7ade0a53f402457e6553c68ee945cfef,78.9
7ae7c0233394d6bb5f0e2d1ad7ac87fa,252.0
7aedba48051dfe957b59e5d052c16f71,299.0
7af00c004c96e4c6ba8ce54c4adcbe87,19.99
7af9180714aa1b1b4ac52586022c6f0a,10.0
7afcfd9fcdc57bc2266528bbfe55afbb,157.0
7b0bf5b484f4bf4669e858ace1d451eb,205.0
7b23dca3f650878cf0a0257b192a7a96,0.0
7b24ce24de1cd6537bb9cf370a8f05f1,0.0
7b254c5fd79d511ce28932ebc1e6c257,14.99
7b2b0d6f9c01012c6b6c054020b896a4,0.0
7b2ce0e7101fcb721cc7e85d7f410520,59.9
7b2f661532726780d00fa5288d857219,59.9
7b32049d8495d56c8b27eae575921a60,23.99
7b40b097c17fee289fc269d272768133,0.0
7b43a1dfc3298b54c74ffe3631161475,18.99
7b577b8beeca5c17d88511a4c0cf6152,197.99
7b59df9ee77a19f488a09acbcd5a67a1,449.9
7b6ac9f73f821832a2271276076d5c04,90.9
7b7605b5797e73a668d8b55424f883f0,422.0
7b7617a110435f0f5212a57af745bee0,76.49
7b7f11928e2451cb0ec7cd2e23a22f79,179.9
7b7f2abc7254900b25a419804ba82a30,75.0
7b871ce95712547231108ebbbd4eceaf,0.0
7b908adf902011a2d10cd9dfa41202d7,65.99
7b9c999cbf57b46a5f0f2cf8f652c3f4,245.0
7ba1117f6db163e3bab9c57f8b2f08a4,29.9
7ba26610e7bab91dd883e16865d6ea67,129.9
7baac76b8ecd2581992afa42a7544934,49.0
7bad183933c2afc589ac4f9e6b2537e1,69.5
7bd29d20a3652dd52bcf8c29f858709c,39.99
7bdf68ccc25fb82d8fa0dc1b6235cc75,109.0
7be63f0ed4d9c76ed55844021da8d5e5,149.9
7bea9fd3f21a7a4c2907a11d03f67deb,104.9
7bf1c59401206e31a78523077f3a1144,0.0
7bf8aae1f297a6cf8573f9da5286435d,110.0
7bff4fff725edd40fde6f0ac1eb0e2dc,269.70000000000005
7c020cb518b4fdcf5c50fa717d0fdca8,50.0
7c0e2a8adb00075cb0e0bbc19175c878,69.0
7c142cf63193a1473d2e66489a9ae977,45.0
7c16801645ee95153e17bb6e061b57f1,0.0
7c18bfb5f489ea04f8781758940b7798,222.3
7c1b664bbfb23001b560f3fbcb49b8ae,40.5
7c2077547e0d1560517823d9b30315c2,39.5
7c396fd4830fd04220f754e42b4e5bff,0.0
7c5a8a93978fdb0ee0fe385f1fb7a596,56.99
7c64114d404c93f2c4305a9f2e7dc3eb,91.8
7c72a48460762de7efe57efe71dd2324,29.0
7c74eafe37979f7cad43c4cae0769b74,159.9
7c9413ff10fed052fb495b0ad0cec637,59.99
7ca7d05c3739c2094a9e6d508877cd12,110.99
7cab4e7f573b9a8884cfd1c325b38067,79.9
7cb06ad872b656ba082615bfbc6cc0af,0.0
7cb86a4e8ed957f7cd2a1205c3c04c92,0.0
7cc17d0bf42c09b78ee39fa4c3520633,67.87
7cd747a15b6eb374e2706259c27e96a8,0.0
7cd82b098982a246bc758a0241267b80,35.9
7cdeefc6dd2959cb9202287174ca09ad,598.0
7ce437bd982d7e69bae09a055b564893,370.0
7cecee7f130941c470e112c8c9234e4e,89.9
7ceef56a99bac51a85332ec4e0659ac7,104.9
7cefed48f155073afe33b11d943adeef,19.9
7cfba6e55439cae3fd2479d62fafe67f,119.9
7d158f949f1660ed53bbd1a670a9eab4,54.99
7d15b5b3609f450652ddc385d624a2cc,89.88999999999999
7d185d821a11c769636247766f1fd45e,109.9
7d23932bed18bb15fea519d84389c3a3,49.0
7d23ca9b9d5f41298ec3ccbb2ff637d8,49.95
7d3af805295c05f0b9379b88a779e6c1,119.8
7d46e00d5460d09dba085073c0873c35,37.99
7d4c8f6ad946c29d7fe6500d6e7179ef,0.0
7d742fad5711f2905335c7129b63a718,30.9
7d7614482b7a72d2226a280f1d3c180c,39.99
7d7f16a95cab713f553bd92a80d3e10e,249.9
7d8299b25701f2676b473d4dd409283d,36.5
7d8a9ef4f0a615254877794fbcad3daf,0.0
7d9d637ca00bcc10eaa49e3483a256ef,27.98
7da121617fb1854d7deaae5e49d7fd94,29.9
7daa7f83ef0ca0a09558509d899dc092,29.9
7db1dd56aeb565eb3b144f4ade4d7e0e,39.9
7dcb5dc118b501f403aceeb6d438f33f,0.0
7dd77892175c704aab875ba11e9d9948,48.0
7dddd924d92a307ffa2261b855b4ac27,53.9
7e10101903281ff2e9f358f9dcb37418,0.0
7e1681f9bb31800364869a2cdbe289db,89.99
7e251bdcd9072568271fe5b5b824b6be,1499.99
7e2a8ae1e36400f3da3f99af72023648,49.99
7e2f83fa75de1dc850d9a9d755a5ddbc,78.0
7e30d2336a1f1182766cf6fb863d5554,0.0
7e3baefc30c4c3a12ee54e079f48eacb,89.9
7e53be3b41e7986cd63505b7d577b9af,229.99
7e5641367b72c03fbc85a214e150060f,159.0
7e64f6ec6e52ccf5e45509b9949e0a28,24.9
7e676e17afba65f46a52fdfb9f382d72,91.3
7e69734dad7cfcbe95aa59f38095057d,179.8
7e7730c025f8195d40ac4d0050fcf37f,55.9
7e77d2206e1198060426893237e14964,68.5
7e8ec368d51d96e6507e6cca6953dedb,24.75
7e951ae967a7acd00fbb3159346ad0f4,0.0
7ea3dc64a652d699ace3048e904c561b,219.9
7eb01375acdb31f459378ee720ab1121,74.99
7eb01c1ef439cd15ed3a4cc601d15dd8,0.0
7eb6b25c03556dfd2a2ee982f42074c2,199.9
7eb98c8ac32bd7ba702254f3aca26274,49.99
7ebd452b586a9c80f3b3f02ad10b0fbb,0.0
7ebe00e01c4656d609e1ca0f7e566999,69.99
7ed8d1247cda7ef2b3a12039f941194e,19.9
7edcbf8f82a009e1dbc9bb7d288fe1e8,99.0
7edcd431e5217e39f6d9aed45385d3cd,40.0
7ee317fb77d0482937ddf05062f3d5df,219.99
7ee9e6c80bf1b7ec4a52639eab6c128c,0.0
7efa5eed041889e5244fabf58cfd7261,91.0
7efe82de6f73c5310774575c3065409a,35.9
7f0b669932ffd8ac97d38b4dec098e47,149.9
7f14bee9eea922025f59bf605488435f,0.0
7f1652269d7ca3afaec1263781f389ae,0.0
7f1a0526c7adce7aa7930bf2e34fa3c8,99.0
7f2293fcdddb291f4e23e0f5d94bc2b6,0.0
7f27ed07f4f3806ca9ae65b97f1e9ef2,130.0
7f2a3bcef7f1ac62f0020784d1986eea,0.0
7f2c153050a43c7990f09dc3bb301a76,45.9
7f2eb9cf900070f2e7a7f0e95719f85b,0.0
7f2f31754009560fbc58a01c26abb5a7,159.9
7f3e5bfe3c5927b987d875d005af1934,179.49
7f40151ffb4924687a0204e9af47b04f,0.0
7f48c2671dde965a4017d66d1f8ef9b2,0.0
7f4f709af2fd8fea44aacd30bca46264,369.4
7f5bd56f922fc14c92bfa3491f6b2705,75.0
7f5fd837ad25b075bd3b583481e11df6,119.99
7f6611fcb714cdefe7b41d8d7ff793d6,14.9
7f7495ab31271fa1bc8423b7db5ea274,89.99
7f78ef49a3ec6ff5ca63eb05bf82fefc,0.0
7f8727dbee61eb0badcc8b6010aa46bd,0.0
7fa7ba885b03d2c06982d96ecbcddb0d,49.9
7fbb6d8f1f76288d32ab1a4e74da34c5,0.0
7fc2c421252081c686b320d8755ca82c,56.9
7fc951e458a48c2688486469e267a004,54.0
7fcba42041eaec8f0b20ea6afdfe15df,56.99
7fe369a374dba4f97910c97f42cd6d6c,49.9
7fef4de812315967e0c7b699e88c5753,0.0
7ff0197ba562b5d83bfe9cc3e64dec79,121.99
7fffdbfdb2ad76e8b7e3555c6520e0eb,17.0
80172250f4b01859c09d7308e3090a5f,28.18
80282a1a77281692a0339c2a08d0e6af,18.9
802fc620c605578d990d6adee0138983,0.0
8031dbaed180f63387289db3223406f5,95.0
8033f408bcb75134075db3eb60b49937,198.0
803745e28953d4e624617873448f2118,299.0
803c79929e84a92a233e3a619b021e3f,369.0
803cf2051fccfd1c128910329ecc6968,138.0
8047663cc2501e282cbabfca268ecd60,39.99
8051546e4730145100f73eb919000a81,159.99
805363c3cdfb04fca106609664537903,19.9
806208e553859c0d15bfad9869b82ab6,23.99
806b0845600ffa2d9291fe036eb4caf3,90.0
8070421f2403a1c13d1b4f38e4a76914,68.99
807241193998f88941b5e369c762b9b7,133.2
807296d62da788dec65e395496233222,16.5
8082996e039c772b71d8df530f5fea4f,0.0
80877462f1e8e7f01d9f953846dace4d,95.0
808942bbefc6f873eddfc7821ef89a6a,58.0
809315a1949aaa03742fd32f417e05ca,134.9
809ce1ac1085b68cba28dcc31e08ac22,0.0
809ef7517bef25761d1d8595dbd9db0b,25.99
80b5c70d20058c553d662a56cbff22e5,98.0
80b6a368bb78dea2539249804957a779,89.99
80bb27c7c16e8f973207a5086ab329e2,147.9
80c005e764b7eb039df094f0c3e22c70,59.9
80c90ad8b349c3d26dc554492c280448,679.0
80d1acba72cc1dd62e91c5858bed0ef2,0.0
80e92ac8980c0466b0e312d53fdda748,0.0
80ea9b35f8854abb863d90d42261c8fd,20.9
80f57b3b7146982298ace38333bc7361,20.0
810c710aa4f69da0a93dbc4932e3556f,39.9
810def6bb8f8c33be446269adcb3400c,89.99
810e3ae74920002d70c093edc274de56,43.9
811eb213107b867d8040702972f180fb,105.0
8130a5b332a233457aad5d824b9df2cb,128.9
8131bd36a12397d16fdc61fb8cdb0132,139.9
81337c15685ad8f9c5fec9ce8762d064,132.8
813585153cd8b4b6c06e576d818ec985,59.99
8141b3314eae4933d7029781cd8ee1c5,33.9
8166ab68030fd04c8dc0de68122091ac,0.0
8174995fcbfc9db5d3b92df3afdf04a8,49.99
8176dcb6bfd2aeb26c35863d2cdf5c54,49.0
81823f8c0aac243529e583ef9eee3676,37.9
81b133c3f4e30a14a6585a2f20ff150f,69.9
81c32144b6a09db6afb39476c7fa1bef,182.0
81cfe11d1b667c768e77b6a9db5fe9b3,129.9
81d45f2cb2b1bd8fb94d5ea3fbbfd612,64.9
81db097ffce4bd958cfffeca7c41e301,178.98
81def1193ae82b7a35da05d0565767fa,0.0
81e76bec3ed10f1142ddd6ceec03718a,38.9
81ec83db6df37d3fb8dea9143e1688a8,56.0
8232307186e5914a3bcf85d23e5f447a,180.0
8234ef6394990aa58bc7078911f82f1b,119.0
82380b485ec5234cdd668f5531791200,590.0
8249686a806918848deca8e070f8995e,81.0
8251ed483369858c120beaede24c5ff6,52.9
825cc36c0efad99b50473d8d29e9e33b,119.99
825d3949166e60c38be0fa30394176a0,689.4000000000001
826303f32007dc49ba0fbf597caf80ec,110.0
826c449cf40b8267142abd5c6e753ae2,18.99
8279be4e9b2fbb615ace365178b785a0,84.99
828a8eb27198a85e88b5bd7721a550b4,109.9
82ab8d779ce526b08d6b92769be44c49,126.99
82af14f8016b232e088146dc208b60af,0.0
82b6a2e2d907efea9282dc7aeff94c79,0.0
82cb8c783b1700af07ae77355cc81c70,14.9
82cf026d2029de6c690c1248f63962d4,87.96
82d328834d8318d50237978464defb0e,0.0
82d3e8adcc5eaecb0594f0b20a105d93,249.0
82e16480f3404a46a30cd9976acdb161,75.0
82e234f722a0424865f264e825423f24,42.9
82e96180bc6414637a1c25c69d36037e,114.9
82f522761f4f6458b850c7ebaafee1ea,39.99
82f63f26a9137f4d215a3f9a7a62977e,119.0
82fb46292a999e7db9e2391c407f76e4,26.89
831a032a3327e2b8325faf9d37953870,270.0
8337b30c655f04397bf9d00091475419,25.99
833921e810f165ecd4d84c15c656bd98,369.9
833974ee91dd452c264e016409614690,59.0
833aa52735ad47163e479b4684b0f82e,49.9
8341951b6f798010a018acbb7ef8f0e2,36.9
83450bc87c9135bf76eccb936c559f8b,68.0
83476105a4e9a12fcddd09081dc6cefe,99.8
835118867c6782d84b62ed6c3c9db455,60.0
83588092e958b8f322c1bb40c20a8428,32.0
8376b5530eac9f3fceb2ae8f7c58947e,90.0
8381bb7c1a0fac1247790fff95b56df6,319.5
839c363922615cf40c8fe20a1fe505b6,177.67000000000002
83a5ba30a932fa199f0bb83557d3c1c4,0.0
83aba9785dbb2e81044c9da5fa9e740c,118.0
83abd11daa7c9c89e248e0ac8806d296,90.0
83bf39384884016d6218c5cee2dca7e7,198.7
83ccefd1c66a787e7bd1be2601b558e4,93.9
83d1d424c386ddd0ee98407d038bcdb2,64.9
83e4c3f55854c0fff86e25063f1c427e,99.0
83f6b0c43f9281884da6fb400b587207,39.8
83fa3228f0ecdbe2e332db90357ce16d,74.9
83faa5fb102b850f97c0496302cf67ed,0.0
84032c13e75382a35c99ae73156b30b9,135.0
841088947a30cfa375e8a39161760234,0.0
843091dadcbbc401bff7450c81ae48f5,120.0
8435888e6fe36391280b28b89412fabf,145.0
84394f56850c9f22ebf0013c1476cfb0,83.9
8446991c51b227e838433187acbd1181,24.95
844f54c49898195cea2b5ce2f541b586,199.99
8463acc278a8687036190453074efb4c,69.0
84719028dec21814e9a26fbfc82f3633,249.95000000000002
84821d3b23078095ceaa4bd87a95caa5,169.9
8489c1cdbf5c5090f9a8bbf5f280c395,28.45
84b30a3911cd816a291e320ec074edc8,199.8
84b5012d933ff251917aa48ff80739f0,269.0
84b73c5705b4ab02fc6556e377ccef05,28.9
84d33b66fe100b491fa20d4ff2887849,25.98
84d416694948fd681e59f5c6fb216999,155.7
84e0688353bf674f564e79eafc025b5b,170.0
84e15d7bf7388e7c3b6233f4076c3f43,399.0
84e905ad975d5d2149146731168b5d65,279.9
84fb1a23195812de513cead8d4d8e679,0.0
84fd4953e8dc540fd9dc1593a2361e2e,12.49
8503a6f694706c9dd1c3b567ab0e3a19,109.9
850e8006b4f239916012dfd4f9bdeb0e,0.0
85234917cd71e079f2cb073da6f28fdb,59.9
8533fef411165ea5df3fe583670a76cf,109.99
855e730893171da01614bf6347acaa9c,199.99
857104e1bfb81cb14e88ff07d1b22c70,169.9
85844faa46c21288b566e98c30d4cd6b,89.0
85a3d153f16a1f00c32905725d1e3b81,529.0
85ac3e23bde65bd5628fdd6f15db5295,107.8
85b8e57bd6da1c3c8d360436213b9a9b,109.0
85c8172f9352ed5b515ae8cfe0315bfa,138.5
85d234692f7bee8d6fea586e237334b6,45.0
85dcde3d41cbff3399a2592475e254e8,29.99
85e315c0f8586e7c418345f113072d67,0.0
85e80b64242ae28f803b4b1151f0f209,37.9
85eb32c3333fdecda3039791ed23c56d,99.99
85f577ceedf143eb1f3248c42e7c52f3,49.99
8603ccc4afbcfab372c4b04d061502f7,349.9
8634c5c43008d9ce2a96eecaca8fe2fe,34.99
8639374fa74fade3b0f3f5381297b88d,83.99
8645dee8ea3f9ebc5d35d265f7d5564b,0.0
864a5b24e1ab37fc69e0c35fbe4caed3,93.0
864f8cca797b7b408151e0d723f14e54,59.58
865beeccce9e5e942d09075165302d8d,18.0
8662cfd7c896db5d197d2df12ae06bd6,198.0
86669cc06c6e824b3f2edfc2daef762e,49.99
86856cc8c9e2e86be64b9d4c905777c4,0.0
8687a77031ee88331877a7094106865d,0.0
8689753ac05594f16b97e8bd556b50b0,257.6
86b0aa3acd7e8f7427c8915780f5cd27,369.95
86b166f19d82cd55747a81a7e811198f,18.9
86b34f555a5037aabc714c718f8e2af9,59.99
86badf62319a7671b78a73b6b1e69fbf,0.0
86c784df61be3f1ad4d8d152011b956f,22.99
86c7f24cd4a516836d36d9cd6eb43aac,27.9
86c8e33d547eea8ff5008a3a65a4aba2,100.0
86d665d743ac6fc7a69c5f97c1264ea9,394.65
86eeac369ea14ddf7a454a0ce003e5c6,149.7
86f23d17b5a5127c1aba5087edd533d8,0.0
86f5ea139f5fb8d91a5a340d85b128e4,115.97
870178bb663b22666c8baedee31cbabe,189.9
870ae8be0413853f9fd9249043f82ba6,65.5
8718d37e3e19a80c134708dbe5815732,84.9
87294fce1514370610fffed59eae5e97,29.78
872c12589f34508f4df8c0dbcc0988c0,28.49
8731e1c5aa27eced509f47d8012ff81e,63.6
87373d8de65291713976177daa06690b,53.99
873955fc322cc2bb2ddbbdfaae0698bb,80.0
87405287e4eacd8bb0c09052e9c8ab73,25.0
875a8799fbbac7a0f209714bebde4f1e,49.9
877841f6f8d1b6c71af462de5fd6011b,29.99
878f5506271924443c6b5d51625cb18b,110.0
8795d6c023a372a74a502635cc05bdb2,13.99
8799f1721988d333cdf9c17cc5345c43,219.99
87a309826a8cbca2e5cdc9c0e60a0129,79.0
87a6eb7172c457864c9b98079bc4d19e,29.74
87ae4c644c15d9c6b6f826dfec33b340,114.9
87b5114bcbdfd51bcf0b350282b16b2b,167.7
87c8720dd653d75e513555291ab6e4aa,299.9
87d406e4698a66118241f1f4a407ee03,99.9
87dff19086a1aa321cf06195ab40631c,177.9
87e4174511608b3c3c252e87fd74c0de,35.9
87e843365700cec571278edea904be15,99.0
87f48948d0e70bba2df3ac0bf3358269,159.99
87f4ace763b404bb5ca765639d873a0c,16.99
87fcf527091245e44cd837c06fe0e0ce,66.29
88011e4997978a92a1d851b267f0038d,98.9
88045334fb959b5d4424ac3483259825,99.99
8810ba9ddbf9f21e12e7ddac3ce887da,229.99
8816ea7c1592bcab312eae9352996067,19.9
8818fd7d9ba28c959d5e5a3e2abebb54,38.0
8819be7d0039db445ba2f771034bb1c4,0.0
88209a02297aae6f114b143f8cfed278,48.9
88279a2e6481f3d4ebcc364aae7986fc,33.9
882a0803e178b947070fc52b14965102,113.0
8837a3d0a8c6ca2e5db6316ff8685128,108.9
883dc2fe8283fed1edf48c2f571d0aca,0.0
883df49734fcf0ed18d2b8f29383a31e,0.0
885bde6cd101f111ebd417241a95230a,210.0
88607ce3a266c48ee56db9695bff9dd6,139.9
8864fcd75870a545f2d3ee3008f2bf74,74.99
8868399bd5c6eaf593c73f29ff6bb1e2,0.0
8887cbd11065809b4530e2d25b51e856,108.9
88894f059c62f3b3030445e7a73323c0,50.0
888bbf8be9eaceefedd820af2ddfb90f,0.0
88914c85d547b274bd1829fc04a06ac1,89.9
889ca357651222fc08560aa20b75f59b,201.0
88b88849a236b3f007be551d5c10daf8,39.9
88bde8f40f39641387aa05e675d23395,399.0
88dce1db26fb77cc2651c243c8205dd0,236.52
88e3d3541666f7f462d24e9aadeb5ecd,119.9
88e435343ab7c7ef2f1d4a751a6c8a2b,76.49
88ed5da9b610ed59feb01e4eed5e4c2c,629.0
88fbad05557cbc2d2f5fee59d6966716,0.0
88fbae9cab186bb2bd7540d7fbaf6831,59.9
8904db4793f88ea3508c678371f2dc70,0.0
892b22658ba1feaddb220b7627d32194,24.9
892c5eac38f00a803fdd39e805f2944f,120.0
8941047a0d54f59366a66ba79806ae9b,64.89
8944ddfaf0d834d65a45fd1997847b28,89.99
894a22f97a7bc517f8d2c0e19ace239c,59.9
894a2fac1dcb705a1e4097b8a9131e90,177.0
895617ab63a9ad8881d9470f7427cd25,2999.99
897df847354833789262d872ee1062d1,53.9
8980ffc6947c84b3bee412e396bdc1f8,49.99
898106ec3d6efd802c031b7e7bbcc1fb,249.9
8987373b21c23e2e911dcfae64a72f6f,39.8
898762bd9712febb89b2c54c50eee30a,21.9
8990154c8645a3efadc9b01e1891d255,24.9
89995a85ec4c21db428413aed387c451,143.0
899cf723953922db9e04a8a6d4107041,0.0
899e389a3cbc0dce0d5df23b9b64679c,44.9
899f643cc5cac51380894b9bcea1787b,119.0
89a1e0a84aba551138fef6fcf098964b,160.0
89a70a556b3bcb25ed26720f08450bf4,49.99
89a9eed110ce632160e5b1a47ebe4a80,379.9
89b18d4332a8a52b9ead9a7cb82d1f70,59.9
89c82207f5240b591e568b72beab9337,22.5
89d71ed92d56420f3db4b26099e2cf03,0.0
89dedfe3145383ccc0d7be54ba4da961,130.0
89e28a7f526e236bfdd3a48fb35998f7,269.0
89f3135f01d627ec02dd14cd9b9e7af3,79.9
89f999ca4a3527965db76038ffd4bcdd,812.99
8a024c6ea16ad84e67bdc2bf5bd625c2,0.0
8a11981cadf7feaab34826f59a3185c6,95.0
8a2530b1bf32235ed2636468ea0b1582,289.9
8a4002923e801e3120a11070fd31c9e2,199.8
8a423f7294c6e79cc5884ef518deda5c,54.9
8a568e5fc88727e82abe997bb4da3857,159.9
8a6ba6b413007e4b09dbc526503cb9d4,50.0
8a6f91a57c40b447d9814c5027108194,26.85
8a7e2716ec5ffb45ddb789c96c86d4bd,35.9
8a8107952ac2366f408acf3e4d7e31dd,27.9
8a9a08c7ca8900a200d83cf838a07e0b,0.0
8a9b30182d557a7b44a8543c9f2fe931,33.0
8a9cd20ef841095e7c0ebc28889670df,129.99
8ac03172dc8e36a4c5e0b694ef3235aa,0.0
8acea88c0237a5493e2cff1c14e1fca5,0.0
8ad7b8a0718ec3b848f73a9406b8cc7f,79.0
8adce5effe5d3b90e0ff802544d649ea,0.0
8ae522c29c27dddb527854a9255c7dee,0.0
8ae6abc914f89e000c298ce7e6324fec,0.0
8af7c3e9ec5825a574bf03b2813eea29,89.0
8b09aa1a501dd6ce1425b3d610d4e06f,32.99
8b1ae0abe817918d427c11e7885d5ebd,56.99
8b37f67cf9db5f1af2a42f64e41e45d2,137.99
8b3f917f4307d3e5cf34c0b43d6e6f50,149.0
8b4c19edf2c5859dd525115ef29ff41a,89.99
8b4e378f85633a53f78340e5692b8ba7,99.9
8b66d8d6eecf85ba83bdc29383d636b6,169.99
8b789c08cf290e40475d63308dafa12e,98.0
8b79c4656d14b2c341d6daa6637b5918,37.9
8b7aa344740a3550cb5265ad33544964,0.0
8b8028d453a01986b48c4271cc341475,116.9
8b859020674c38cf9f33f795e7a88ff1,391.8
8b9341478dbb9d5b44c0c33cb212009b,27.3
8bab3162259edfaadd1ea2e1fe7f58dc,39.9
8bb74a9108cb059d9dd4fcfcf9035b97,35.9
8bb85b9ac76770501b8207d0e95b74c8,59.7
8bb9834649210152e6fb0a01c201651c,128.75
8bba2fac2cb38bfb0a323272f63d5f75,243.0
8bc24a5f6aff334bacfd46f24430380d,46.0
8bc3d44aa4dd9ed3829ce1fb6633ef13,39.99
8bcc84e0763714d1d9609f2047aaa93a,30.0
8be158f05b793cd72d5fde01365b5d2c,299.5
8c12687aad88863f160627aa762e5422,199.9
8c19ee0688ec7a7c51715a0eb189388d,0.0
8c1a9f0c17eb22e956dcb66dde60f9d3,335.0
8c2c7fb3be4fc1669b8c1c6059db1207,23.99
8c36d7644f5966816dcdd2d70b606eba,129.99
8c3ff6ad9360189ef57d625d044d7c19,0.0
8c60a63f751a4c744a3629ebf560041f,0.0
8c6957aedc2947857ce35de20f665290,119.99
8c710aad587dc8dac58e65611e625c62,110.0
8c7161f8aa1d6fd17947ff43ae9704eb,49.0
8c71b6aff280a474128f3e3f06b1d277,79.99
8c7a12d87bfd2f5ad0a1f5c573f0d960,0.0
8c81d87b1a876ac44f968c7f112501f5,143.54
8c91e8afd08b46578668f58c6f28745b,140.0
8c9878027fc2b1d4ab0d641b76ca7010,107.0
8ca577639091122b3c581bc89d11da3b,50.0
8cad83eb2c96c92f1c57c2a250d99855,48.0
8cd6e198e22093b0bfcd95e3e67cb77f,69.9
8cd6f80d3c3994e2060d46ec07ff0b0a,0.0
8cda1c465f7a60605d4441dd8276d03b,92.65
8ce10399d5a3b5d565a348ba4cdfad9c,51.89
8ce1466844e91c831b7ceaefff65b18a,149.9
8ce7dc6285c8e719260ecca92512265d,79.43
8ceb794ddc239eded512a791fc6a1fb9,48.0
8cf1bdf074a4a6e5fc61800a219dfb08,75.0
8cfc5350efe3bce6a0d6f96fbaf2c3b4,0.0
8cfecfbbdad82f1281686a54caf46dbb,0.0
8d0615e684b7967c26746909cfe2c6ac,69.0
8d06f1dd7e1ca6a1837e24c304b2726d,222.0
8d0a8db3a4f4813a2226d5abccbea87e,38.9
8d11f32a56d967b7e09d3a5ed6cf9991,599.0
8d2fa65d968da66afc05f2e28250c9dc,122.99
8d334e0b3cc9d89e724e409759fb5a1b,0.0
8d391fbb0d67f85692e14f81e9b6d956,110.0
8d3a01dad8496e7c850d5b3d580c8e90,349.3
8d4579526cbb0bf83069597c9c27533d,449.9
8d46223c91cbeb93e0930ca8bd8ffca2,0.0
8d4d3f218fc6a54644a4c03a56e52f0e,0.0
8d50f5eadf50201ccdcedfb9e2ac8455,72.97999999999999
8d813623d087eb606d41369887bfe0d3,0.0
8d83eaf05879f1f71dfb26f7027f1b74,198.0
8d8c91f2c4344c8f57793e8e210d73bf,0.0
8d93b59df92e34fa6fd2d9fc421b2119,80.0
8d98676709c5683e69a10ff87c84f58b,14.99
8d9a36e63029e760088d444d560f15ed,0.0
8da4257624e455b4ade5076f589bf3c3,0.0
8da796b2a21c4f0bfbcae79c8507bb1a,149.0
8dad6af578ac943d81e66f4f788200c8,58.9
8dafb82f687e3b0dc9e97b4198b92128,109.9
8dc0d32543012e70ca0c0bc5535205f8,95.28
8dd26bfb2f0afd35e9f26f9704da080f,89.9
8dd9fc55fe6833c01cdff8986174b83d,309.9
8ddc88814f92ad699db061cc9eb59f0c,199.0
8de0e7de3b9206260785e2801ad4174c,56.99
8deb4c668d9240fe03720ba1c8767db4,64.9
8decf6ceb73bc478acf5e4e3c041e962,228.38
8df948efd5c903f51e2b7353430700c3,120.0
8dff0ffd4d3901995f7bb2c3ebe30608,378.0
8e0726aea097e932a69690bb2e372c2e,79.9
8e0b3f06cbb3a040d8861e8e74627c33,447.0
8e189d068ef04b5a5100820fcf317000,170.0
8e2256168ae549437d667b583fd0be28,139.99
8e23478d59ab253ef04d4d2056ebeb93,188.0
8e4404700874036dbb2c606039875e1a,69.9
8e456c2e55b5e95118d3cef6320898f2,64.5
8e5b6612569e488462298e3eb4ecbed9,122.99
8e617bc91e317b75f97f298bf526ecad,74.7
8e6b5c75948260e7bd1ae31974379f7b,112.2
8e83e406970bbb2ac55b2951bb855d32,199.0
8ea097b1824dbd4d17af71b0afe04301,25.0
8ec31beb5c890497f1872b5986d3cc26,175.0
8ec49be0447d11c4deb5fcdcf43407cc,143.8
8ee4fb8d09197a94094f4161e1f2dd2c,0.0
8ee6a26c817c3600f866d0bbd6ae4065,56.99
8ef22961d84439c4f1f9f3d656c5c3d9,60.0
8efe2ca61964c32fcd3d794ba929c10d,26.9
8f0273ca8405a143a3b7feeea9be23b5,0.0
8f06048163e14e8ed0613397b8f4b2e5,358.0
8f060d52f9c6e9244dc0cba5951bb6ff,35.9
8f0d8cb981650f6d9dbcaf4de337a666,97.9
8f1c1b28cf191abb48fca6ec32155e93,0.0
8f24365a46f82ddd0cef7893319a40d5,149.9
8f3383572884881b2925587225fea755,99.9
8f8091461440c0b33061e07bce1ccf4c,22.5
8f8447f07ee76dbba29670a88b650e0e,89.81
8f9803fd3ad8ea0dc070cd6c12552d2f,29.0
8f9d4a5f98697f8b905a7eb0a1352a81,114.9
8fa5249534fd9822b86bcf2bd14318cc,117.7
8fa9794287d53baf3d08e2fd2d73a44f,59.9
8faed9f9905a7647bb40da044ebcd769,29.5
8fb49ea1ad7041840fae00d1d771a3e8,73.6
8fbdbbd660038497768d62fe719a7919,29.9
8fbeb42e8fa02b1b0eeb50462bb017c5,140.9
8fbfbef81eb19dbfa1f6ba6bf5924e4b,148.0
8fc1b266e54db64c474e6c7909e58dc0,0.0
8fd5fbfc9ee434a4fc3a5814953b0e08,50.0
8fd802004eab9c8e3b1ad745f1a1ec16,0.0
8fe805d171f920bf0ae393368aad5316,23.99
8ff97d7c368d3815ee0d62687cd1f934,0.0
8fff3b532485857c98657608571d25b9,67.5
90004c3fa8ebffdf4817be64731af364,29.9
900cd19b12a13a27ae64bf2d4f1271ec,49.0
900d83525fd22c97abcefbfd657d8c24,59.0
9011b2e0f1e26f56cbeef0be6a5f3a66,250.0
90149dae3857b44597744541030794a3,19.9
901958bfdcc5d716ad357c6cdba5244a,429.9
901d27d10636296091d72776b42cd545,389.0
9039374bda410ee8513eca78503e2ab3,49.3
903da68ad12a13ea58f14a292c0c50c6,349.9
903fccb1294b588a6c82921ca23acd0d,129.99
9041aaf6094cf78b32f85afbdcdc9721,389.9
905d91d27b7c99c5e69a9eb734c129ae,299.99
9062d3e575a476f5f3ffa8abf125fd42,17.99
90693e7acfb7f48d03fe61e2a0002543,29.9
9075f7211578ba5165cbd7fb49947eba,0.0
909bd964acc70a899c3804414f5fa70d,0.0
90b3f19a7060f7e29ab16675b106230d,69.9
90b425894699f50755dc01dc7a3fcdec,18.99
90b69fcf7c294886b054fec2fe0e1605,195.0
90c2607a022b5434ceda7bce15da1fd6,196.36
90d252896f5ec316079467e97daf46c9,0.0
90ddf4aaf6b0a83d203958f14dfd8234,39.99
90df730a12d231d7e596d2f0f314b86d,68.8
90e1f0d98aa33c74e43fb62004a829dd,149.0
90e7187871a4e357daa425dc50d9b79b,33.9
90fa7ad937baca6ece1dc81746af6adb,0.0
9107708e80782c0f6ccc2b607f5f2a6c,0.0
910928b04ad1ac577b9c81554ae01b05,0.0
9159c04b88895d995741dd5b9b7a5f1d,169.9
915e50464c2b4b6b7958209ab141719b,0.0
9160831db912b9fb5f89d075588d68a7,625.0
916264d8ad4f14f096a33c663343178c,8.99
917aaf420bc9836da7af3ea67743c3b2,109.9
9181f2d98576cd50d07143f36fbf3845,499.89
918c23fd6877b15e6a327ec6db648c53,0.0
918defbde32da786dc3e8a2fc90d6a2f,349.9
9192e9abd35fd0d8d7a4c2e12464c277,39.99
9197e6b3e505cbb066f5bf87ee49df7d,175.0
919a862b7515e8ad7dc8bfe5f9b327fa,156.0
919bf2617845a0f73acc0361cba58267,90.0
91a3e33161ed95452fcd6fbd08472c69,29.99
91a7366b39d3620ce44f85fa5d116896,42.9
91a8b965bb2d34b3e586844dc4a40d1b,19.6
91abcfdbb59010e2836be302cea49bb9,49.9
91b79823141cfe7ee5c66acb0b48aff0,0.0
91bf75e59fcf67ee0dcf6c76f80948fa,699.0
91cc64efdc8300db4eae42e836e9e148,19.9
91d4f8b0aec5e3c3fb6e9cb4be401617,99.99
91dd3e913cf5d632ce605a3689a5126a,0.0
91efc249c62720440837bcc4954de645,0.0
9202421110f6a19ddcf0b9b93602a0a1,109.9
9226c66cd4f63455591508fe5157a0b7,19.9
923bbadc05e0de833a6ea5e3d546c4d0,280.0
925d26d2589c983d6e2c33ca7da030d0,385.0
9263a6fc47a37b8b71cecfeb1defda4a,0.0
926e3ac6b8dece3ece38d28f18d15bfd,39.9
928c822f6eb7267fe1669503d1a24c89,0.0
9290e3b0f0fe3e660c4de619c1640ac9,319.98
9295d6a619a0b00cc7e1904d19a1558f,31.9
9295fc2f2f8647c5b79752e79826f628,13.3
929c7ed1a0ca1152275bdcf4e6f0fbce,32.0
929cca0da005b90ff84064609a25b805,209.99
92af805fe5fb8c37dc920eb1a6e23a19,79.9
92b0c5698b3008fd30c5230b2504df71,0.0
92c1a23b2c64ce441ee42b3299aca206,166.99
92c6a8e312c4323a536b0775c339af22,59.4
92ea66675d0557a6ededd9af85a9e758,104.99
92ebffe3693a39d55ca83ba631db6d39,125.5
92f5fadb37b942ea07696a7355b8d6a1,120.0
92f65b75e3c4a45c14f410b4aac4db69,90.0
92fd8aa5948e20c43a014c44c025c5e1,78.0
93027a697145bb67a134f56e9a3f0d9a,39.9
930c4390af58f67334447c3a1cf2ba36,0.0
930dfe46b364af81db0fb4828bce74c9,189.0
93294dc7b6fa1da27bc28d1a8db5e8a4,89.9
932afa1e708222e5821dac9cd5db4cae,59.99
932be2b0f01a39dfb24c2af8299a6e80,100.0
932fdea469902e1012e36c4510356e66,0.0
93300278f15871e42b218ed723754fc9,56.99
93306f34527f7d6cd7d0b98cfeb04c12,109.9
933185e32d51964d714e6cf19af7c9d1,0.0
93345700f0e852aa904fae18cec8437c,0.0
93360190b9375a40b65720ee99387a4a,97.0
935b9c5a3162185f88dac06d8d08d623,102.0
9361f66eb5cc5b3ae26947ad3363cbd2,197.38
9362389b0141a14ba2ae3c5878abd9fe,82.99
937c0e5ed5ad1aff057e91d1803bb9d0,18.99
937f16b584dd395ce455ef468322b27f,45.33
93805ba8be262fe253c4284751762866,49.9
93912813ad240dc44785cf76e5250fa7,259.9
939ca75cff8baa5ad59c798097fdc81a,199.0
93a6881526f5213eacfe7e057fcb38a0,530.0
93b4c8bdafa9877757c77b519415d274,44.0
93b592cbb89abbda7dc554c39add344e,48.9
93b6131ab9ec17f66ed8d5104307acb9,25.9
93e2f0058eaec3d5ec8ac7788e7580ea,69.99
93ee2943387bb64b98d15c1843c65503,47.9
93ef6d0d094718bcd554c569e61b2271,0.0
93f420e37d92cd7518e2b6c5db4cd95c,101.99
93fa0e4424cb0c27cf32da8068c19b0d,28.14
940479e512430562ff270c006915e19d,80.99
94066c043a965ce8a9b413e7e3fa8692,0.0
94066d7cd0c170e588e28030789bff1c,120.0
94093e4a8945e283282180e6aaae4fc3,0.0
940a6d4dabbb99c70905981432242887,56.9
941254873ba3ece63e297277436e4c36,35.0
941590fb8aef66b3a8352fe7c691879e,149.98
9438aac4d0e7d43bf01d7c06b704c286,30.5
943f97d1d9328970b78dbb3202a605ce,188.0
944ebaf47533d6dea79235f8a6553f6c,0.0
9459c6a0c2fac25ee571ab4d9f18757b,55.13
945c243464dad8e6b0d9d04ac9a03b7f,100.0
94712531d11aaf8c9dd6732d10e46a7d,27.9
947a5da60e834a0492f55ad6e139a9d3,34.9
947e93a9bb28256adebe49f78cff07ad,34.9
94819c1119bcbb29d414ac33b904e82d,109.9
9498e44851963cbd2eec39bb80e3f33e,0.0
949921a7831eb8901f75baf57d1853bf,0.0
949b75abf6fdda78201547bf5f4c07f5,0.0
94a19681bf6faa3c6ce3e2df1c2d97cb,239.6
94b39f740e201c88cd840c953ec4b48e,59.7
94ba28dc43c39def8999885a3672a0d7,0.0
94c8b4de468c39e3e5f5ceb05345b166,0.0
94e024f6fbb931bf320b49b2827d10f7,59.99
94e1021adca360fa21be9b9f5b18bd24,79.9
94e3e2f4ff1bd3ba83d94f830df75ab4,190.0
94e5ea5a8c1bf546db2739673060c43f,54.9
94e89532396b3c02f648b2bc7f93f528,159.9
94f3234a77f2f5b239ab74865a193724,124.9
94f48c018010de09d9c471e5d819ea05,24.99
94fd3be3efb7f99e4b29fbc55faa7a11,105.99
94fdafcf69db6416119442dede9c2c87,76.89
9506d0f37838eb6943346ba4874834b7,69.9
950756be397d0fc73e96b1a32287cd38,234.0
9508ac36eb0d09bf42d525bd6c5980e9,39.9
950de1bbee57641b7bda4d938a44d3bc,79.9
9511a8b6963aabf3f8c18a4963176fc0,36.9
95160caf14611a705759de6bf13555b6,119.9
9526faf43eb079ae6eb94cd2fd8982c6,0.0
952c5cea601c077ed3c16fd51c7ab7e6,0.0
9532739f71e34aebe8bb016543c78d86,365.8
95376669d92be6a7dcf0494e0b1d9917,0.0
95491ff89ba2c7099a1ecb4464310169,0.0
955889da75fd1eccaa3eeffe1adc034f,105.9
9565b6eb599caea334238cf517c2408b,85.0
956abc21591ba4a89d91989597554b77,915.0
956ea737391c0ca027592dd7aeeae027,379.8
956eadf2280a25c360ccfc7b42b21313,0.0
9579b888e112b9bd13772b6ee70112e4,69.9
957ba98dc871622946f935de75343edc,64.0
959557dbcae7a894d8f61d484efc279d,27.9
95a1b49d1b137fb8ee99a551369363d3,19.99
95a1e94b0e816bb748d75ae1da8013e1,45.99
95ae9ff17e664d7e83d3d685e78935da,109.9
95aec963a6193f24401417870b648031,102.0
95b4e09df0e2b9e4a38eb934dc81e51d,97.9
95b621869cf337eac6bd9d42bf59c0c9,49.91
95c673245afd9e175e46590ea80fd159,34.9
95cc7f48ae7cfa0afebd560092cdc92e,49.9
95cdf97b27ee968c78c00f794fba1adf,50.0
95cfb39a7e263160308a934e42cfc4e0,59.9
95d1bde8cd74ef80c3680d189531d1f9,399.98
95e854450814c0600dbd930cc927a83e,36.0
95ef05d23244420ca3b63723517bf60d,99.9
95f153d8bb0e8f8fe581b91d39c3aa4e,120.0
95f270e7d1d60bde8031dc0c058558e0,30.0
96061eae11cddc402d00e19b38507268,55.6
96210b5e060ddc56b30d2625dbade4cc,28.9
9625dbb5638f8509d01ce8a4e5708395,72.9
9627e55290c60f562fa06f399ec6b82f,105.0
9629571615597f3820713e054a195387,16.99
962d26025128e8e5ca4406d754e5c25f,42.99
962fad01db45c4983ba990180181894f,0.0
9630f071c42911730039a7e04fcea49b,38.9
963b5a699e9bba3b80c664365386e69d,60.0
9655822fce78843a1c9fa79e6180346c,0.0
966c7d4c0641a84e8385e7344018e3bd,65.0
9676b88a7dd5de3db5ded00d7d36f1b0,292.0
967a0b2176d10e4fff035035b224ee04,569.0
967d0981ea01782db4e75741ce4c9061,179.49
967eb85deeab5124df2165cdada917f3,72.99
968436577c1e2073b28031261cb45a24,73.5
968ca7d54afbf973815b9d332584b825,20.0
969cdc8af5b07074766e79c1e6d76c24,98.2
96a9a44255930061d8f6a93d4893d986,27.19
96af463b7f8aac5426aad0db88d95274,34.2
96b9e8f4f6d0a7376c9ee9e954e40897,56.99
96cdc1ea3aa898de11cf8823cf6e1524,21.15
96d0f06710800d0c4defd88cd710ceb5,152.15
96d46a4d4732662278058f25829de976,0.0
96e047d0f9de88ca34c9005565fbe03e,23.8
96e7c164f57fe5210f73c9ab17da3080,0.0
96fd69e8b0df76a9a807b01dc82bef5b,122.99
9704398cbe84e5bff3a4f84534d401b5,45.0
9705a67d7c80c572399ed29b112b3295,107.9
9716aa0359703cd7753c5696c45823e0,45.04
971a20d854409a87231b42d25a84e08e,25.9
972982ede3727673962ae6e5ae515166,85.0
973f2fba63a7eb540f8860b0c75b63cb,149.0
9743725ca6404a6e62af8588bd833c3b,24.9
974444820df2071adf9a67db0a5a29d9,37.98
97486266dbd1e557a24a5044981c5a9e,0.0
9749e3b7d02a7194473d5a6784071186,0.0
975da430d73b2d8b52bdb335a32b5a3f,34.99
9767fb7a2413384345496c4ba8420ec3,49.9
976e9c3a12631871a0f102cfa256dd75,0.0
977136c10acb01bd9cecb7d18ff7d1a0,69.98
9776ff05fe105b6c7e4008a0eb87092e,0.0
97890020fca3adcc29f8daa54701e0dc,34.76
978b2c4adaf76833873cf3f16c08882a,54.9
979243d8d465d002397d1e5febd19a31,0.0
97a32508ed4a9c806147d223a4e790da,0.0
97a3b28926cd362da0d9d395c349a35a,0.0
97a502d1eddd99e0765df4eebc950f31,119.69999999999999
97a8c192968ddbded45b8fc64563ac3e,139.9
97ac5fe4d72f6aaca9ec00719a576068,49.0
97cce9cfd565d0c7710a453ee93e220d,0.0
97d25181e5b9212f6b4c9c92c94dc120,150.0
97d5a3c222d46b035442bcbcd810d54d,54.98
97dd5524d445fd04185c13245af4e173,15.19
97de814c468893e08c96ec1575ff80f1,0.0
97e00e9db261b8a8d4ae6aebca9b7af9,34.9
97e1761b97da48fb11d3c8e1ed9be8dc,39.0
97e4680fd417043d7572a032e5cad15e,89.9
97f104e8e54ef4147d17fc1536a1482c,535.9
97f7109a3e97ce0599ed97792845e21b,0.0
980097869b622b2054accc551ed1c86f,119.6
980bce54f940bb95618bad4f0734f7dc,91.55
98104cabacc1799825ebdd3932df84d3,0.0
981146523d8e000b77f1b136643bb776,155.0
982f532d3e8e8177c57361a39d1b1492,49.99
9835179d41a3cd33cf230e728fe85798,79.0
983a8046e2c04b5b3afb5ff0faf19c29,84.99
9849752e9f7a2aa67acc5ec6a5eb4725,89.9
985193cef819fb723765f65bb2cb0379,29.9
985af5bb63fa1d56ea5558469a527048,83.7
9862ce221e3e2761a216c537d75d0256,399.0
986ce405ebbdc4183571a1e297e54460,59.9
986d4433885f533fdcde85845bb9a39f,135.0
9873d2120338fb542090bc123fe5c47f,69.2
987b693e3cf5a2dcd21f362a50d8f1b7,64.99
9883b261732b8f3e389e6b2e66e3898c,145.0
98913af5f5f0060d8cf2f25f5bc8d767,0.0
989678100dbad0f75fedaa8719e17009,0.0
989f190ff791de092cea2eab70bdd2af,0.0
98af3235f3dc55bc74cb8932c64b3523,102.9
98b69c34f0422d2e025280b55531166e,0.0
98c119f8f9c3bc5cce350b820bca3d43,35.0
98cc69c83f043dde125b693786c0a7d8,13.65
98d609d0160c8510c762a70ca0ed4c8e,66.0
98ebd9f03682fedae27483d82a18f4f4,85.9
98f314d32dfef1780dcb6a6dc3d81413,117.9
98fc5953df36cdfa978a40098b8589e3,249.99
98fe78f31c97fe5bea79c47254f5d13e,49.0
99017f566137456809aa814be29cfe2f,47.9
990302c82284e848fd5985e4f0c917ad,53.99
9906d68107dde940843a1f3bbd3716ef,89.7
9915eb9f74b6c11aaf04833f65b00e93,895.0
991b34b2a28841c492dd1f8567935ced,35.9
99295d295510266e4145b6c536cac816,149.99
9935b7e2683de890a208026f020e54d3,109.9
993d9a0e5fd88247da657a4c85fe72b0,0.0
993ee523f5ef786892a3d1166ba05238,145.0
9949e007c1f037474a3423372cccb701,0.0
995fe9426f030109b1614044edaf46d9,159.99
9976a6eff003bbc0280a428ed781f0e1,0.0
99aa844e1dfbb94ee8ea9301de8cbe25,0.0
99b8ee09d642ffedf091951a7235faa0,39.8
99bd83b8cefdaa2b4b9e24df303999e5,19.99
99be275a1517effe1613cc37360c2b9a,32.9
99d088ea6bb01bd16675ea4fab8a753a,71.3
99d697dd68fad729283560abe0adae43,119.0
99da07e0f4c905ababa637f19e0840e0,53.8
99ecf7e96d410a094bc95f5d3cb9d98f,99.0
99f4235bb5deb521b806dc9e5d30e163,107.99
99f8895e8d1d341a655d0800cb5590f9,89.0
9a319f1eb77772538793b60e5834c1ca,0.0
9a401204217ee04e12b8f097f80bbfd8,0.0
9a47f3ac5c51599a24bb848c16ece5f4,636.0
9a481c845f8bf3fb0b9f4520f11c353e,149.9
9a58c55c10b4eb6c69fb0874d8beb466,29.99
9a6032bc6bbfbf84eb4d55660786ce17,49.9
9a84c5a0f9cc7cf180789ceb14b11770,0.0
9a8744d068311f65b559ae7a2ebbdeae,0.0
9a9badb989982a799ee01e6ae061c19a,58.0
9a9ca2ba7c7df7918e058df64a36c739,119.99
9aa5b032a9157594cda43b16a832f738,179.49
9aaa6812e0daefa1f7edd5f772297d2e,0.0
9aace06a372bf894a10503c19033c2ec,388.9
9aae8213ff9bc04cc3ce48b85f43a173,158.0
9abcde7f53b638ba7990754105e300a0,109.8
9ac15e6f0d402baa3170705de3d4590f,27.99
9ad4f9335cac4ef80ebf85ce93dee011,69.0
9ae6321b0e75c59cbac8fade4ef69544,189.99
9af22c5b50d36322428116c8be953928,0.0
9af5c954a7ab7b453446a4dceaa18de7,0.0
9b11e010850a4045d2da80c7783fdbd1,3198.0
9b1b3039181a4ab244ef97c27a825a26,89.99
9b390e923bbf7e3edc2bcb93d8707355,112.0
9b4496ef27f4b987ed84d49a0386c28b,99.0
9b475216704f39cb18ce448648b995e1,92.9
9b4f9870718fc9f864d7d5494d91f477,0.0
9b63dad3d78b17032fe82c25b368be51,89.0
9b74eb2e52bbbb88985c2fb43e02beae,102.88
9b76c588a7a8d495bce4f71d2559d3ee,99.9
9b7c8e3942cbe4bbd22debbb13c2199b,50.9
9b82602fc3e9a153752f16553752d58d,238.1
9b953c95d48d666d4a7da3aec936f1ab,293.5
9ba6f0967ff9aede8d95fba7c2ac54ef,34.9
9ba98a3b2aa42ee6dcb06da4ef7733c5,79.0
9bb0ec72e0fc4088b5eacfeec3dd3bc7,75.0
9bde5e93c160f40d85e89f0279a23a29,39.99
9be157b99745700816546b2595668259,0.0
9be795e932593ec0c21cdfa19799b5cf,43.0
9be9d6e41cd2cc9833c427f13ac6bdda,124.99
9bed676175d3561a1610ac36f878be37,0.0
9bee7cfdef5ae8cc38f95568d8aaa499,0.0
9bef45d7ac9f669b72c4360f2e4bc4c1,109.9
9bff67cbd491a775eb1e262b778da4e6,149.0
9c1c77b7686a68db196d382910e75d10,0.0
9c215284b65ecf4f6c88edaa22cf1eb0,193.0
9c24e88d9c048db2933562f4457dae3a,99.0
9c33af5031131ab2acbc8fe5619340d4,89.0
9c36eedc9de64614cf76d7212fe1c919,100.0
9c3b8b30a6b28a14aa21e3ecaf2fadf8,0.0
9c4220872289f4e0239410f49e02e189,79.9
9c626519e11c8495151eebbb6849cae5,0.0
9c69d28b1246f9a2d39c641bb4074544,105.0
9c6f374501444b54a26449766b9ac301,0.0
9c726dd74d402358614b097f18aa4a69,55.0
9c799fbb60c13bcd545925514dcfcbad,69.9
9c7bc34fa4b2fd8e3f132a6337ba8828,119.8
9c7e7551b620fca261fa19ba196fd97c,0.0
9c7e78f00bcba203b8a9d4fc5be7fb72,59.99
9c9242ad7f1b52d926ea76778e1c0c57,0.0
9c9ac56ba685050163c38688a26ba66b,269.9
9c9c09ee9270bcacbcf4adec6aa1452c,45.9
9c9cef121cb812cb301babddc2d8331e,27.9
9c9db9057b02a4a1eb0d79e7caa1120f,69.9
9ca1922fbd76be0c0045625cf3f04daa,0.0
9cc4ffe9017eb8c8a33ec9b04d573f15,240.0
9cc5a07f169a1606fd347a56683e6ea6,135.9
9ccff5067614ac5510320fed6e4dda46,59.9
9cddd5e19cf32df589743ca041498b8f,114.9
9ce65b8b5abf4f8eb9c36d54903bf746,0.0
9cf09239ed6ade14a7a589a75c3e0706,45.9
9d0755875c89125946b738c348527509,29.9
9d24f678ee98bb5e947d54918a6447f6,199.08
9d493b6fed36dd8659da595caf65f112,0.0
9d4ed7a07028101c01a9c4f9c11ee26b,166.0
9d62781deeb1060adc0f47a86d4a2ef3,104.9
9d687a1e1a93c3d1788eaf38b05e0040,99.9
9d7a7819f035595c50c85e4ec22308d0,0.0
9d88bce9ca826ebe1fd91212f8eab138,246.0
9d8f733fc90d46cc6aaf3252cfcb1545,65.99
9d962709ced8c31f3b89ac1cadab00ba,149.99
9d9ab3b77f0416765b3fbedf94a942a4,0.0
9d9e66e0aa0c3e3679f222b49308ef46,23.9
9da098e9a3edd7f640205f03a340a821,149.99
9da3069306d3a92c5c835bcfa0610d27,79.9
9dadf198dd249e1f37323eab5c877c20,49.95
9db1efe7f18219fb291bbd05354d5ccc,29.0
9db9c8afd749185bdf80b8875b526ac7,45.9
9dc44558922ff57d14d99f20d37f440f,0.0
9dc8eb1c074074a8bbb0f812d00d9875,65.9
9dd4d52032202084a2937f867ece4dba,84.9
9dddffdd447ab3aa654122a6a1049906,0.0
9df377601c20eda92b30f91d76204900,60.0
9dfb7929049455ca5ecd4b7d154b84f7,189.0
9e0c06f4607e8d1c8b1bb5419446c5b9,66.39
9e1a887900d571126078e1c10e3d9cf1,95.0
9e1fb6b16c75bcaecc2ee20b775ef613,39.9
9e212e7b5a0904360d7c0b1378e8ad38,279.0
9e31af3a959762dbcb33efebc315745e,89.9
9e3240b06a61c22ca74a37f945a3c21d,54.0
9e59404a9868b5fdfe293667404c9a40,54.9
9e5e6c3acbc7ee451dd52c0cddb575f4,74.89
9e651745bfd1fd007bed5a7053561a82,74.9
9e669f3ab89dd4e2fd37ae56ee419623,180.4
9e68775971541ca8a79b6fce848e7aee,121.9
9e7a39dbb0cf16617bd4bf207c32989f,110.0
9e8876439507a7c603809927dd6ef09d,59.9
9e89d2232df792cde636a47212a9f2bb,109.9
9ea65227cfac84dd2778bc0315dd8f10,99.9
9eb2218c0035fc7d6c62ae7e0c384c46,0.0
9eb98592b8f2aad88bc937c857ea9a35,26.9
9ed19e34d278749a58db6f4659f679b1,35.9
9edaed9eaaeea0e318664dbff81e2cb3,129.8
9edff4c2e973f86cb82c45cc33485a75,0.0
9eeaf54f02f98c43be6b0d01e3978660,169.88
9eed794c3e994632e1d60d9983f2cbe6,115.0
9eeffd87f2e7056cd68c3896802919b5,269.0
9ef9c875e34ad30210f77d54154614ac,49.9
9f132e9deb8acae2b60d132499bba0b5,94.95
9f209af49a8a6e3383f55c0eda2e705b,129.9
9f25bf3abc2308165affa650cd99d5a8,25.9
9f269af9c49244f6ba4a46985a3cfc2e,125.9
9f2f5021076171f0efcf196eb7695ef4,0.0
9f3421bef3e901d5e45f6f1e54662442,990.0
9f361680cc2a1398c1156b77b38d1754,69.99
9f41be4770ba8418526ed3773650314c,99.7
9f54b233b9ad5b53537a0eea4b718ed6,76.8
9f557659e6b5c18b6ef2e9abaf80fe84,0.0
9f5c219d3a2c143182670f3f363ac039,31.8
9f65b22046ff3281527d2c66debd30c3,397.9
9f65c47cdfb0d8bd59d31c6881759086,149.0
9f67aa18a87ea9a76854deeb9385c011,46.9
9f6aec2e1d2373c0533bb0302cb79c0e,99.0
9f71041667decc88f2ca7f8c2189fa1c,47.0
9f80e8ee4b2fe8150988be49a42f30ad,92.0
9fa091c9a55e4a6dcb8d2c009bade5c5,89.9
9fa87261e8ee721c46b398362db72a5e,0.0
9fb86d78b0db13b64af3089329149fd5,0.0
9fc8316f4c0d0601664216e0a9327ed5,1695.0
9fd78e7df3488fd8e24ccc627acc38ef,0.0
9fdda3b176806e4447ead693e25ee82a,25.99
9fe43a8003212045cfc073c5fcfece09,79.99
9fea70e31334be94bc66a683ceeea2f7,34.9
9febc9f07c093eff66ee9dae0dba9aa8,70.0
9fec5bf436533b92a3f6e2c8d974ab5f,659.0
9fee5c4674933153365209149efdded7,64.9
9ff8343bb1b75defb17c8c2337733aa6,109.9
a00e38794a6b0c88f86ebedb6b68c8b9,34.89
a012820fbbced38a03331716e231e0ba,57.99
a029899dd8534557a81c369475ff80c8,105.0
a03bed47efff02de7b59d0da789f0dcf,759.99
a052affc7a7b3ec84ee042f41a1239a1,29.98
a05e40352c8b77d9b06426ee54764a5b,0.0
a06d94b5d758fbc36c8f679d98ae1fc5,55.8
a06f91da0bcf4f2ba635ee92ba3c33c6,0.0
a073c8fcbfa7ae775d613d19816f2b1d,170.0
a0ad307305859d93985e5c19f4aa6393,19.9
a0bb13c6e9da8e2d1af6d0b8d5b61cd1,0.0
a0c02e30e19b2d276b746bfbfd36cd1e,97.0
a0c241dec798f1624d120b0be72d7377,89.69999999999999
a0d44d593fe455c0ec7ed8f4715190cb,0.0
a0d58c3abf0bc947e39f72976db72428,118.99
a0ed9938ec568e99c00e526d4edddeb7,0.0
a0f13a6ab11c5be53644b09057728707,13.99
a0f1a379d9aa6e79e14fc5ee5fcac940,47.65
a0fc8744b3c29be388149ee2bbccb79e,38.9
a1037cdfc5b17d41ac68e20a1c4ec4fd,64.99
a107ddd0b7ad33c60c34603fac4fef37,129.0
a1093bee1795c50b44d4e8d8a44c8b77,18.0
a10be7ed9e8d0fa2f17d0f8504485194,0.0
a10de9d953278e90b352cb3def7f2b12,0.0
a126181f98c5f1ec6e3d8740f47832d6,151.9
a127d16055b7a1530476349068e3a64b,59.9
a12c1a57e3db5b14554ced648dc06f9a,44.5
a12fc54cae982f13145a7c826cce10a1,1099.0
a14097347c4af120bca0ec1c6c7d5577,0.0
a141cad9daad0a5e00543b930e249b48,0.0
a15127e427282f07bbcc3c5da3fc9370,48.9
a152c44fe84bce34a61421260f371192,899.0
a15566e9efa4b19be06852de74f31970,890.0
a160f2a63e7a2d7daa27f7e23c5a7d8e,89.9
a171cd85387e8a90aa715cb562a939d8,45.0
a176838867d89ed62981cdf02b7ca3e1,89.99
a1a60b6cdb7de4b7251eab4f0ca8878e,0.0
a1c7e4cc4341714f3ffac74ae7f909b4,55.9
a1c9e5540f59e21afbdf91685f5ca791,52.0
a1c9e7522405de9c5067d4bf53fd627c,104.99
a1d02d8e96f1691603036bfcad4df844,0.0
a1e9a193ccd1e020f61f4ffeb0d20efe,149.9
a1eff3d942844ab95a77d78f8c4900c5,0.0
a1fdca07add1ff66dda1ccc4de576050,69.0
a1ff94cf446464cb8e9f3b5b60309eeb,0.0
a20cdc29893c82874d8609df52228828,119.0
a22b61bc4027dbae0e9f26fb76e06b58,49.9
a240a9655aafa0ae6a34aa75822e6d98,34.6
a2580d4b7f5471bf5e8352446ba6628e,349.9
a25d5f94840d3c6a1a49f271ed83f4ec,0.0
a25d8eacf021a69ae692e8546a4ef677,74.0
a26120ec5834b1430157835a1814c372,26.9
a2649503b92028291f011a976619b322,0.0
a26dbad393f0b90afd1675b027730df0,97.5
a26e07ee73082b847d16239481de39be,69.0
a26f0c0f1bfad5d305a5351ee3638b09,179.0
a275786a4b5cfa8599c673460cabc855,230.0
a278e5ab3d212b2c8285bdfa911b25a7,165.0
a27b4653c3c45bbb1b1c9f12c91e6c9f,64.99
a27e975561b1ef329059939171c34394,0.0
a28a526b7c924991893bbbd2c5d6b0f8,57.9
a28d638176b676da7764c544dd335cbb,8.5
a28f925403b733be252893d297ffcd69,84.99
a2b764e7f5dfa8a8a21bac51aec9c1c8,195.0
a2b769288a2aaa41e38702fcbf9205bd,49.0
a2b7cc06bc8ec4c9fda046dc4e344201,59.9
a2cca46dd02d0fd48d837526fae3a16e,13.65
a2ccc2257b3da3b2411007336ee17e09,0.0
a2dfb6300b6b54d58dd005d415dde92b,149.0
a2eefe752c732b4960a85852029a89e2,58.32
a2fa707edeeca30a8b657bac78e368b7,127.49
a30be234246fed38afe084a19a6cc015,22.9
a30fdaec97e8d86a018588f72937957d,45.9
a31841afa2eb3a0400c4531b816b4486,56.89
a31bb581ee0192bd2e1976819384d4a5,699.0
a32ab6ed820d51b18cfb895038f68220,149.9
a34bc8498e794dc67ab208a47d38bf79,177.98
a356b4c64b0eb294b0c8b31e85867f65,0.0
a35bc409f07cc07686483f116ec40002,24.99
a3715422134e4c66bae42366fba591e5,208.0
a3784be0a99a72cf41fe1b05298673dd,49.9
a38acbb1f0ca4266b66805e1350f346d,114.94
a39fd8580a18106b255d59465955e149,471.84
a3a53af62bbe94c89dd9f99b63283e6b,0.0
a3bde85f64f8d689916f7b44f199d874,139.0
a3d335d8dd759126b58367c6053bb20a,60.0
a3dedd8b913d5035ddbdcee236a23280,124.9
a3e76c12f64a3b204cb536c3ca332ed5,84.0
a3ec5731f802c5fdcdc174cc448218e2,0.0
a3f90ba3fa24d9ec5cee857de2f2e92b,0.0
a40096fc0a3862e9e12bc55b5f8e6ab2,0.0
a4030b5e97ffc14114e66d82df860f6f,19.9
a4031c5f35399c228a1cd7ed7431fd02,139.99
a416c14685637d33e7a250d6be3daec2,12.9
a41b86830f14039dc56fb5a1879879e9,35.97
a41edae49cb4cc536dcb71057d582185,84.99
a43bd8c4ff5e6e3ce37bd3fd797a439d,130.99
a442ab74d50458525ff87fa21abd7624,139.99
a464a2040584feb990c2e3bef55cfc9a,91.5
a464f750556546a0989d9326ec003ccf,339.6
a4824a25ac982bd0b5f784649c49fd3c,118.0
a48dc9ff5e16f55336756967c43d7431,0.0
a48eb10c9faec2e9c92f701b864dab5e,14.33
a490d5875edefe9bb8f5101ec2f6b56f,0.0
a4ab5f34ede13ac71145acd2fe5447d5,45.33
a4c1aba425cd815fecc83edd16972068,59.0
a4c2513ade4ce36faa973d4bcb9a0206,18.9
a4d6f5e61e07e006e41e7ec382f3db1b,0.0
a4e456eca4b667dc31e1881a4b56b319,0.0
a4f95f05ed4ec25d67125811b5c78e2f,29.9
a4ff7f3161bd56ef7518647f4e14ca9e,389.9
a50062ee8cafa20668d7fb68e3cdb3cf,49.9
a50a18d0f932c1cf1dec68cc1d281d8a,14.9
a51589a7867758392e3f88400221baf6,119.9
a518759d7c1ff063778c623c80a3d14d,510.0
a51c9e87de4b204e26e777faa7116b97,379.8
a51f282d520ef1c581594da3b04f6aa9,59.33
a5314ac290a8b141491e987ae37aa7cc,27.9
a5383a6d51465659e9153a2a6045e3b1,658.9
a53c5bbb7be8b7a0f586d31c2bc499ef,69.9
a53eb9109f4268d6fd8c215a2bbd1938,129.0
a54334127fc03ecd25d634d4be01027b,0.0
a54a1749bd03dfe0d3642b7fbd888b47,99.9
a54ac085fc21d6fee207ddc23554a93e,49.39
a54ff9cb5691f3de0ad67974bbb905fd,25.9
a55224aa1cafc8d10ab7af526a4cf0dc,129.0
a55964e9744ba2f8e5911ff221b5de47,129.9
a561f142361b777a01a7f554685adafb,55.3
a5738ff6026ddeee2cb18beb0aeabeb2,63.99
a577a200a23467257794210152357aab,0.0
a577a79cf9dde79841a2b42bc7d0e6c3,79.9
a5784dce0bb434ba849e0c85d2c52899,527.9
a57919929c3b9dc956290623e67fa917,79.8
a58f644f46a601e9799151f14abd9ea6,109.99
a5931be4783e1a1dfbda5c6e145d96bb,0.0
a599645f6c37e9a5dc2d1d48e6cfb9b8,0.0
a59a677187d1abced1c2c926364c76c4,249.99
a5a169a9ce0d3f227bffba6810abb8b3,23.0
a5a768a369279102b048fb1a0a6462b8,53.9
a5ab54f360315caf862b190789e3c4b5,0.0
a5afb1cd8d3b8126d2d39a7a29880c09,449.0
a5baa76c04eea8a1a3c199cb05abc4a2,229.9
a5c06fe695471f91fec7c41754645061,59.9
a5c806ebe5b25d0ab1e7f0da0e17d6bc,0.0
a5cad0a33504fb5b9725ac33ed686359,59.9
a5d3bfee5b23b430b95c4ae295e1028a,49.5
a5da7637d11ba152cd56fe66d82cf39a,0.0
a5dfe1ead2966c2523a57096d8611171,0.0
a5e0ad284b56e1ff925d76689048062c,39.0
a5fe57d105a5ce9b3a36196a69c61b6c,66.99
a6168cd79131e64acef92e3c74d6cc43,27.9
a61c0dd1c6585331dddfa81976d59cb7,59.9
a61e803335a6c833fe734447bf120104,136.9
a620d8d041bb2d82707eaba9f669d861,29.9
a622d011cb10060dd3ea9132c44f405f,118.0
a62cda00aad21580d0c58e1f8d92692c,0.0
a62d2ca7ae7396cf26c0593a7629b341,309.56
a62e2e770d7cbb665e0620b17dea2d5f,98.63
a633794cb45ebc2c0aad497a9441c724,45.0
a63a604179f2fecfdb7bc4a23ea78e37,6.0
a63a8455ffde297045a6d401a48ce79c,95.15
a655539d1946324cc7a22fd0085cc384,45.8
a658ea557e4a20a93cef77c26bf3811a,79.99
a65b62328b640dec0c6054199018fe2b,0.0
a661d43970d1e807044cd5a3b43bd7db,169.98
a66ef26cbab754cef9bd1fd7643813a4,59.9
a670b3a4c5a4977353746e8f504898d5,266.9
a68740c8c404205075f2e4c589b63d72,219.99
a68d6423acbccbd710490c25327f1fdc,169.9
a692e44c6c28b092fcdbda898ec15965,139.99
a69774cf9758fc590d8cd63a1192f717,26.68
a69d87507bf91f13a28d0f058ec7dcdf,176.99
a6a0c8dce941954d5db099a5f472a1f9,39.9
a6b40a99291a67fecea4485e66957acb,0.0
a6ba026e341252f5e41461043458bf61,299.99
a6cba42f65ca310f74bcee5d8708819d,34.9
a6ccdaa678f87c99610b6767570a0bce,332.57
a6dc60809996163bd50c7ee4316b5707,0.0
a6dcd259d020f1abbda77f4d33f9922b,117.3
a6ddea592cbc5da9970a9a9803c07347,179.8
a6e10bbbfb7af7122f5feb0f19268baa,0.0
a6ea57f856565adf869941339028fa05,121.0
a6ecedfb81724dfa96774f35c0aba2f2,0.0
a6f05f77ad475fa43a454923be0c97e8,22.9
a6f5c8508826807c40ac30fcf62c1a49,0.0
a6fefcd9f434474cf6fcd8ed1102fd63,186.9
a712a430955027da5bc257a10073a390,0.0
a71cac9f356cfeb9db35061020806212,186.0
a725f9b4c552a95b981d51435ec1cd43,39.9
a72dc4d599f84d18327c83df876c3460,56.9
a72f685c4420b26892fe72bfcca9341b,69.9
a74057eb042b356fed179ed2a6d2311d,17.38
a748aca2d90096157cad166dbfd7b4b1,18.99
a753abf624ce896d0afd0618b8708aa5,0.0
a75aa5d4850de07bb3cee8e9db5ea229,79.49
a75e134e7eb6f96e2b0c716ac2a82efb,245.0
a7657330b1c135f3acd420326e335b2c,239.95999999999998
a776783bcff11151d51eb829677eba05,0.0
a7879b28606781a1488676b860e5b46a,0.0
a78c7a68877d33bacf81b01bc4a4d2f2,47.99
a79678c360b11a982dfdb55a42778e88,59.9
a7986e0208cca640dd67c245525231b2,419.0
a79c62e50e66e1036ba2cb2e5e00aff3,75.9
a79f018f214e99a7551fd6efea6e2c4d,40.0
a7a6d8b62390ec8014d5a46ee36644c4,8.5
a7a72b5517a675e63ddb9f0f58c4fd33,321.0
a7acd7f8aefc1d48f618e3f15c5e327b,1859.97
a7b4c690609bea24107020ae85cc5aed,0.0
a7bebc53acf7b2c31550f06a58076d17,27.9
a7d29dfb07d2919cbf9fe67fd6da6b37,26.9
a7d455cd9a8491ada2404b1dbcb00181,0.0
a7d4cb9ba936ebc0eb30b73c5d3a62d8,95.0
a7e7b19ff34ab885f7b7331de2417cf3,113.98
a7efaafa37906b32b972672b8f844271,118.0
a7f45c1961dbd98e7a14f3d38ea11c06,228.0
a7ff34c63e34b438ff4b1789b8ab23a1,239.99
a80a15cc7984d350d36af32d10866143,199.98
a80a62e34918bede10b7db4c44339cba,92.49
a813e96ecd044395587037a8314a4151,1999.0
a81a403c9b43458bb1535fe88d3e40c1,79.9
a826e92cf1530ad8a2e0e2f1350ac1be,419.0
a82935ceae6a61cc7536e9ef4b98b245,0.0
a83f900d3642ed994cf95b2e6092f0e1,215.0
a8536e72851311b3102b544254fdac0b,78.0
a85fe8e2dad4dad74c7cc3f0801e8de4,14.9
a8600e0beda4face16b2425a76e1ffab,24.99
a865635310622e60dd303e4128fc09c8,179.0
a878bffe9626b823794c9c2176a125d4,299.9
a87e9657be1c58f418a0e3de07ae6a71,0.0
a8a5dafb6ee0d2f70241b74f6123374c,0.0
a8bdc0d9ea28636ee0ada5b9ccb430c9,0.0
a8d1e9936a5361e2547acf93dd4b8bc3,880.0
a8d64e57b4807a004f1ff59dc4211061,149.9
a8d9996df2746151fe72bc5beca5ae24,24.0
a8db13fe94d879cce68b7b852789fc03,0.0
a8dd81392e5eee5d979c629a76abec2a,0.0
a8e7fb5fe211f44e99406f12c2c2a1ef,219.99
a8ee33e35637322a81a8c26592f6ce36,0.0
a8f2d0c982dc7985992fa2b93fdb7863,132.0
a8f99afaf1e6db5d6ab8d43d4f5b18df,49.9
a8fe0c0e9818794f48fb0379ee3ff206,149.9
a900fb9252593c059112316866aa6e6b,0.0
a9088d439d83c94aef38ee4846e31559,89.25
a908f7551bf4ad06732bd84eff560037,30.97
a917c56ddf872625b041ef6521cd06a9,29.9
a918cb24d1e85182ffa5200ea39efbef,239.9
a91e80fbe80ddc07de66a5cf9270293c,283.0
a925c3e5df82fdc6082f1383d2834998,22.14
a93b7ffb96986b7ae5bef50b9f789ed8,45.89
a946faf63af327d1dd0362b3fa3882a3,0.0
a955261f6d0390e5b5a6d0b2698d0918,220.0
a961e198a1d400e99c02e8f4520f763c,45.9
a9635dae6e36a36a2985b4d083986219,91.5
a975496624b578358d2f33cf43d8ba4d,27.99
a97d43b24d76819903192611aca17914,64.9
a995d70d9935a4624429e4ded23bbc73,132.2
a9a7ad094e7f664ee17a02d45257ddfd,68.0
a9d4b651be558c6f80e64aeaf73651b0,59.9
a9d7b1930b1726fae8b6bd573b7dcb11,64.49
a9e132df86d3c56b21d5255375dee380,138.0
a9e30a7260591d7af904d38ec41d449b,288.82
a9e4348b76f85861ada324e72dc92aca,79.9
aa1dad17da0400e391f5eabb98dd5d23,32.7
aa2511d870f9323a51307961b1030a5a,0.0
aa2630ebac79aa0c7749370b705121bc,198.0
aa296e5d37360fb5fcff6dc7dd8d2256,18.9
aa2ca40652b784ea8e309f01611e4ab6,69.99
aa35650a86af4216f8a8a5c90339bdd7,69.9
aa3bf249b773d47a88cd191c16152086,129.9
aa4baf893fa81bf5c57a380869bb4cdb,0.0
aa53cf1e7f6ecf44d9ecd0fbc1efb059,0.0
aa59e23a1fdb544008529f635be3f8cf,89.0
aa6a39ce5535496e6ca5d80498515216,0.0
aa75aabc388e5d825562397365e0ac61,68.0
aa811a75ef9003dec42385049372c22e,64.9
aa811dd4c5b1ca28de6db905ec51ad5e,8.9
aa89b22a058fdde1a1bd73270cfb7b74,19.98
aa8c932576d8ba562f48505a9f25a2be,158.0
aaa1c67c77562ad0d99806a54088fc9e,59.9
aaa606a7a5be91c8779edcfab22c1689,114.9
aaad3653532dded28b92de15ebf3ac5c,75.0
aabc3cb2442d5fde20de031b717eee8b,119.9
aac6c5c4314e4c2721df1440f0ede0fd,119.49
aad99270bc43606a7af9647b7a7de9e4,704.6700000000001
aae2cacd213190a4428cb5975023d603,183.38
aae57465413417f890866a044a7e378d,67.0
aae57739c16a460e0fbde4243ab139d3,419.0
aaec5bd8971bcff98276f504acb38929,30.0
aaed343de3aa22691c00d669d59a37e8,0.0
aaf304dbc088e84a44f92917d87f6d0a,169.9
aaff146bd210808c7d004a05966472a7,179.8
ab1ab390f31be556889e96b7d19bc610,79.0
ab2cb7bb06f35fc8568291b0ca36ef82,0.0
ab451b486278ea9f8e30f3eff137ebd4,295.0
ab51e24e022fa42d70c04ab4fb4770f4,0.0
ab652e677e82ebb2f1617988d70f9f6c,19.9
ab65c8033f3f79397b23ae75b3944d15,48.9
ab727a18f23821f22e4e41da686a62c3,98.44
ab7bed4092cc3dadbaefba86cb45f37f,39.9
ab93bfed86e2417198d66cf58945442e,0.0
aba9ce09a4b04f3e70e16ae18ca1cb1e,0.0
abb30df339614118b0728ba40e31780e,95.0
abc164f170bda3e76317237679b356b5,0.0
abcc989c63277cbc664c1f13e1350892,19.7
abd8527d80fe223ffa5c47e09e325fd0,66.9
abe351201e61437f658332cdce4c3c52,14.0
abf1d6bd1161f2d55493942abb8c1402,99.9
abf410b2ca80a64cc2836e9f2d5d2ee5,695.0
ac163d5daa3ed7728989d4049eb6fbfc,24.99
ac307db9d15fc5bb19b61298bd6bd1ed,336.49
ac3d0170d3ca79e7512a06a516f4621d,139.2
ac4aeb840ae2987076143c45d465e8a5,74.9
ac4bb8d4eaa1e1de3d75271ffd538d61,0.0
ac5825d0d9072b54d4dcb8540b1699cb,59.0
ac5a446b6eb92f59a152ae107604868f,7.48
ac655882b54449ebf0a37d604d15cb74,120.0
ac7d4fa6770970725c1a4cf26aba43cd,0.0
ac90d7e8cf52394b28d880b4f174d113,399.99
ac96769b758dad3bd572bc5e3fcb8511,299.9
ac9ec8cf5ffa30efdb78abc6c2239e88,449.9
aca1aef6f605cadc149aaccefd3764b5,69.9
acc0e3b063cb014e3ef92b08b5836bcf,98.0
acc6272ca5228177e324bd704e24488f,42.9
acfc41e34b586a5d6850f2a6b3ae0183,120.9
ad1cb06f09b27e4773870d1f76a68557,69.99
ad1e1401517d0c579608a2eeec740c41,56.0
ad24f43435c874a9a198b3a461d7e155,98.6
ad27d4cdc2ccb277c7360e35093b4d2b,89.9
ad28944afc91824e30366a595654aaa4,0.0
ad2b6d1d30e0997f9fe324199b93144f,30.0
ad2bbf8d4d2af0537f9f5ff6f3ad8192,0.0
ad30bc0453a6553d7fe530b1b822d124,29.99
ad358ba52e3e3327a83f607f1a4bec6c,35.7
ad364a72320b9cc9fa436bce66ef8184,0.0
ad38c335f3fe3a43c7d28c227953b9e5,167.0
ad517903c87df3a6c1e8b5fd4edfc521,49.9
ad81e59315d4f51885bc0dab4753d45a,99.06
ad85f34e57e670a213885286b6a6a93f,14.0
ad8afaa36c68da1bb75598c756c1148e,22.32
ad9ea4d00c39f9f3213f2cb69b1bf3a8,22.0
ada32fb81ebb80940c51e933e2e45c63,29.99
ada75a4fe78965ba507a043fadb07ce9,70.9
adb179736cd012663455d999399bd2b5,99.9
adb4178cb86ee499a8aeae1f099a6bef,0.0
adc242e8e42f58c3793a152813b35d23,39.8
adc650abc7894831caafbf528540e9ea,134.99
addbdb6a87401fca750e8aa543641232,182.0
added1a2b033889698075770b7514df7,42.6
adec8d35d0e9977d9562671cef505f8f,0.0
adeefbe14d26d3bf90facfeaae35d605,29.99
adfae35ff9b67586302b5ddb0b7897db,359.9
ae16e6eb8860cb4603641fa754f4c96d,227.9
ae2562ed4271cf17df29478ed2321e73,69.88
ae321e028b6df39a2136312feb2f84e4,60.0
ae33f41c36f829c6194fdf1ba5721b88,21.15
ae3759d2ee307574752179acccd595b6,27.9
ae435cce5c0d593eef879232c85c223f,0.0
ae44510fbe1ff7826298182f9f21aee9,151.9
ae5360aab0ba8d2def152ff0537f2ae9,36.0
ae6346c98b34af56ddb4f5fa73968b7a,149.99
ae72fc322c436d955bae749b31ef4b97,64.9
ae806b7c5b3dc9376b49d71f26186f3c,45.9
ae8ee2242d25aa7f3250013adc7474b1,899.0
ae98f5a00b4d01521a06567ba1f0033d,49.0
ae9ae5072fe8d5b2a1f7072a833f0afc,139.8
ae9e13bef4d6e0e50671e16c2b623a3a,156.99
aea1294c6b907b03c670cc2ddef0e056,494.99
aea223346a5f80ca5f8c6f5a1a4e5e78,0.0
aea3fa1fa5d8971c35a15b3e836e6d8d,69.9
aeb8478d4eba0ec09751b4c9341b3cac,91.78
aec4d44a02c74d625116e7d94fafd67b,0.0
aed42e87e8e87dcd62a19f37b59b1700,149.9
aee0c940f4ab71541887ec8e366b1e4c,69.98
aeea6bfadfe45feabb1b8c9044547391,75.0
af07308b275d755c9edb36a90c618231,118.7
af12ef07bc82c2f958bb5b12384be27e,45.9
af1ff1787969f2ed8bb7476d58167835,75.0
af28818a32d45d8645ed4dc02a0d475c,64.8
af2e8236fa3043ae9b3efff5dc692d50,39.9
af38652301582772fecf512f8fb75111,39.9
af3b89ee7f3a1cfefc9c5d3dbca30d6f,0.0
af42b7fb8707f6e42736d04d2073e2e2,89.9
af442338ff3b3024146bed177fe6dca8,59.9
af4d3cd0b29b208c971ff6ad78b41b79,69.9
af567bc27ac764bf37984b0a46b76d5f,27.99
af5c42fb895556a17adafcee7fb7ebe1,0.0
af5e9dd2db7d2ad0a110f3a4b02fd783,0.0
af702f368f324149262ef325cf76e5dc,0.0
af70cd6337ae27de089c616dad39bea0,0.0
af81655b9450b305507053d819c28c6a,170.0
af8b2d09c4aa3036566914760882f8b7,149.99
af9665a7a1cf3fb1ae02dd83e8c54c8d,99.9
af9cbc9f65b6e6d3b1f45eb5d748416f,0.0
afa4fbe424bab6593e9a8395836966ef,49.99
afa602f01babaaaa3376444634400a25,78.0
afad0f2ff6db48eaf48e85d9eff34373,0.0
afb1904c9b0ca47a823192b156877374,87.28
afb7052400f007bf6c166de1c9f683fe,159.0
afb9a07380963f172c8a956bef0fd28c,0.0
afbe9434938af234d7169a2afd77dfdb,0.0
afde5d9dce0bb8da161eb27c2b079226,146.21
afdf09d5b07535df233425f49ff3e599,51.87
afee8d312f30964ff72528a719219034,0.0
affff75a131ac35c7afd497ab57a6337,0.0
b0004e82bf1f90c43ffe748ce54be94a,0.0
b00e0fd2ae759fd947aac853c836b93c,79.9
b010c55c8b77285afc3eda1fc35f390c,89.0
b0227107dc3db57d38d11a09273327ce,149.0
b03346a8e14bff6e1d669625df319821,86.99
b036a834a3a5f0902736f184b65936c9,99.0
b0454e831e63abc9d4148e48e4ebb4ae,96.36
b045db9d44a52b02532dcb425be1313b,80.0
b05a0be462115e2c6e1580b127161643,120.0
b0608ebf65dbde33b45973a50e9f8965,0.0
b0659017a3aae5e74b38d51c7c23a135,46.95
b08151a30ac8321a74af864d51aa27cb,122.99
b08428dc70f6011f89da661fbbf1e654,133.0
b08aea5eb574f4513b352220d6de7ca8,65.9
b08b68bac767c3269e827f822d308182,38.98
b0aad0b7003ea9500a5635383fc123da,49.99
b0ba54f5aa2dfde39043ab0a7e572bc5,298.0
b0bba163bbb8aef57222338365d5a2a2,19.9
b0cb09eb848eddd6485a6a38e5a2f134,13.9
b0cd6a169aaf7502ca3783e5e7527921,158.0
b0d28a4603fe3c14a3f6cf3e4b22582b,69.0
b0df0c28ffa58ea9035f06f993bc717a,89.0
b0ecafea73390cea9e4b6c6a8d7e8c14,22.99
b0ff65b2616bd5d0412b771e2d77dfff,10.99
b1011cba0fd71c89bdb2a5c3b90bb1ae,210.89
b1039a56990acdddd5438aea568557db,194.89000000000001
b118181abcb0f3623b02187e09399f27,490.0
b11b7871c2b8be2d11fab954f58542f2,49.9
b12395811e01d94e02384d7e2c86cd7e,92.4
b14edf7220c5c77f27f11567178c24fb,119.69999999999999
b15035bdc5680d5f32c2d860cfc2f8fc,104.6
b1527fed376c77c2a8e44ea89e76dc73,0.0
b162f904785d797290eebca549a1abb6,0.0
b16fb911b630683ceb69b95014c82af4,54.9
b1767ae2e851903267781886bd02f23b,28.9
b1a15c9e2d508753b52cf3d6eae74808,79.0
b1a24cdf73b449d0b8b2b0b5ab183aa6,149.9
b1b1e0a969f47ab397202becc860b444,133.0
b1b93863f915666b37dc18a81921f281,109.9
b1c6229cc6b45d42d369d5b1445ff5bb,299.9
b1d54204de1d43a54e30c7274281504c,0.0
b1dede4db8218754b7f4fbe2c60cf162,19.99
b1e2374fc88dd0dde96b938e49cf1a3a,279.9
b1f9c3dc60cf615d94760ef1f7356c22,159.99
b1fc5d54fc2cf731201d449508cc9109,0.0
b20060de6cb6e49f4fbcf32a9effb25b,39.9
b20bf234e1052dbc80c1b5d7ab538261,85.9
b2112b3b9339f6532b94e5a64c61dab8,78.9
b224df8756a4e80f5598fff21316b833,79.9
b225729f32aea3d05f33792a9a369c30,0.0
b22cf21840e60934c4df94ce2b42d7a1,192.99
b26517697abc966b9d0547f53ccccbe6,122.99
b26858a322cb230c32a83a34d593ba90,54.99
b271d05b0af445bdb35bce5cee0e0c40,45.0
b2745c56b7b0ccb493c8b2c050007b4b,0.0
b27f32098e91da7de6c07361565ad1de,299.99
b289291bcfd0b339685b14bf220db3ad,0.0
b29e4b51682d4ed20d84d03fdc4d0a8e,59.8
b2a394fea93b8eb9996e841e9b1f3328,70.0
b2c2a93dc3c3b2996fcb4baf73f09f61,299.0
b2c68e8a325923db717c2d7ecfe8ad44,29.99
b2cac0b16835dabf811b204127f58afa,39.47
b2d3863477633ff42a3dad9a7dd61cda,25.0
b2ee5bbc35d3e89184dd87c1d957b013,225.0
b2f7eacecad4eed16774885920e3d2a4,24.9
b2fd1deaa3bc329937e3390404303e60,49.9
b2fd519abdc982e824b1db5251493231,155.0
b305ead9694a97627d794d5550c00c7e,139.9
b307d4a1272c57f08f47bf4b7638b049,24.99
b30bedf72f26c865890fd833ff44a96c,49.0
b315861215eb4ceec45d0c299e7b004e,400.0
b3280d735cecbe8dedce6bd0e04f9784,85.0
b32880dc4e86d9393b420f4881d01364,0.0
b329ed361b94aa14781944b23063b5b0,129.0
b33ab8755cd35552942225232a9a8849,189.9
b33fde46a855f73d50269a45b1e49320,69.99
b3464ccdbd64a631b33340fb3fc9a300,0.0
b34b19f2e95ee44588f6fc8211e9e73d,0.0
b351ac91ab0ef29bae6da7fbc05959c0,0.0
b352e446c37f5717f34d6b0b1fe9cc14,54.6
b3548d0cec408ae13d143bb4eeebaa6c,0.0
b3594bb146f9ab181aeb6c72deaabe54,324.0
b362a1fd4bb234604db8e10d1a5da85b,21.99
b36e3758a257a9e554bfae4d648b2950,35.0
b3731fc14985e00b00a37b3ee70584a8,69.9
b376982d3505084b995ae74fbf660057,84.9
b37b521e9947a4fc51cd2c7375cfc4d6,54.9
b37ea1c605e4fbba11429b0a921d99f2,0.0
b382326375f34d32dc6f708ae7b34691,28.99
b3862c77ce520400d5c3c70461022ca0,80.5
b3989aaea8a136281b3ba11272c93cc4,0.0
b3ab1572fdb4a1c2e6862a3ea20e68dc,55.49
b3c219d791c94f06a0d453c38b75cdb6,85.9
b3ce9054e198f044775f1b8b581c7911,45.0
b3d23d61fb01dde311c5ddc5dfde8e47,61.9
b3d6eae7841038cd56fcb6f8f773d684,65.0
b3d81cd6b4385daa6d1ab3f95932ff13,99.0
b3e3ec0845892505e3d124a978cebf10,51.98
b3f022d93fd7d29a984acb2470b83791,18.99
b40da3a9dd4fb291f7250036dd13fb1d,29.99
b4184ec976917fc7cb365a1a55524013,88.0
b43e8e477db5dc4b4acd40f1a39f3e44,44.9
b4452967e6994fe014fb17c73164a493,0.0
b44e1f9810edefc97e2037154fc20a7b,289.9
b45fea9f2c0bb83348c7fc3d17bf7639,299.99
b47838e44cc3e864f6cc78ba3a4e740c,0.0
b47c7d42ac487c969cf130ee51ff8884,81.0
b483e064ad80be3fd630b37bd140513b,129.8
b4875644308426fc74de2a855f10c0cf,99.0
b48ae2720451750352628377eab83ea8,73.35
b48f1f3c7b8375b6d250545025c4f7e9,989.0
b49039245ffe698470feceb016a8eefd,48.9
b49264fa6888d0902b084fafedcbc840,129.0
b4941529220bac7ffeea84883ea9fc52,29.0
b49710ced8dd07a0d55d282980594879,27.99
b4a76bacd02c4823afd23c34e8ea92e4,79.99
b4a9706266706041c10bac3e7ec4316a,79.9
b4b26faae91bc1b8f9458d29bc3c200c,122.99
b4ba6c8ffbe46adecf45369dd91cc730,459.99
b4c4f3643e0a12224cf57abe82ecd677,53.99
b4f36e3de7babd2a14f4a8d4a21d1eb7,0.0
b4f89f7c42a3b82a404d2a1ef1e71786,0.0
b4fcb07f59f9faef5f28ba06bce79d4c,29.99
b500d09f227a12798d03911752d1c7d6,49.9
b50c0066bc676e6a5d4a0abe1413023c,119.9
b512b0686fca0440147aa0709672cd9b,46.99
b5177190a5290ab9335fd4f2537aaa4a,52.9
b51be90890c4f1f3e7a9141eb3fdfde1,16.9
b523bbcb047483480ac0ac7ea454efb4,0.0
b525978184c53a6051f72e2343ffce0e,115.0
b5283f89d656dd98b1376dfb0926ae2a,0.0
b52f66c7b754abb219018b60afc72995,119.8
b542893c864fb11225f7105ee3e3f0ca,23.8
b5759e69e3c3eb05bb72884780c7f579,110.0
b577af9a54b023b4bcc51f69bb937f1c,148.9
b58504f3503cf44db08931a732ac9ed7,0.0
b585f93cc708cd3d76b03cbf776a4e97,55.0
b5968d8d3507b0ad5c92e33bc00b5431,49.99
b5a189159a62950d58c7208f43e0631a,37.9
b5a873077a79d73dff6222a35b7a4f79,109.9
b5b7c916a220cb52bb0ffc490e6b9cdc,84.99
b5c758a46ae1c305aa9f913d3b895951,172.5
b5c824677c5431bf6a611206428716bc,0.0
b5ccc57b179210bda569df984bdf7df3,129.99
b5d6fa3d2213927296ac893f14f4461c,179.7
b5fd935fca868cbefca0c71a3010d03f,150.0
b61b38d88ef98dd66fc100efabad2557,1200.0
b6355d59bb57a76bd02e96578c5bd407,24.9
b6421f3212444b8943b75ed2686928dd,119.59
b643c19d91a65d73f94ba8e037668986,169.0
b647de9a726557749e15366078e10172,39.9
b6497ecc6318ebd0d5c22091f702fcc8,33.9
b64b51617120648f889d1112f3a71e6f,55.0
b6551acfa77dba27fb288e08dbe02f84,49.95
b6658698e26b7eb7721441be5834e782,199.0
b66ebea9fad19535d1134154668d4129,99.99
b66f4f9f89df0b0973bb1057073887a0,199.99
b672b6270a0ec1cc5c33b9e2e84c785d,18.95
b6772272aa4f122662a3d014a0bd7b4a,42.49
b67c3d81da9b446043478d367b95634f,119.9
b67f3c688800e83e5674ffe056027d1d,13.65
b685f571858e1a165334b397342c01cd,298.0
b692391a3475130e918c2ffd84fa0413,59.8
b69b36cf39cfb2c756e6c1160853823e,97.5
b6a8c9225915119f39925b7814f898df,0.0
b6aa1d5781553afaa244c3e42246d93c,219.9
b6ac8f7081ecad74edc6fd85aed8024c,159.9
b6b1da1ef61aceafc708a1f8f54d9e1c,0.0
b6b9bf08a9b9f5e258a9022f135e771d,69.9
b6bb8e4780df00a25fa34335d3dc1330,55.0
b6bfa667d44891b1e24e5b79ae955480,0.0
b6ebed144895adea96b6193124ea3db4,719.4
b6f09a3b6557417c9175e038a17e6bca,149.9
b72d46677b35c6028f2a57600be03b8b,39.9
b7343dc001a69a3fc9c31961b5dea892,299.8
b748a37303fb3bc57594cfcaec33bad3,66.55
b756ccef599fe131977b15f20c8a913d,64.8
b75e0a5150c6cfcf4d9982e79f8a1f8b,135.0
b7691a211ab550e0b5f3bf33ade5f5be,309.99
b77776eae6a9ee05aeeaf60842656d26,0.0
b78f1002deaf3c2173f7c202c5b4fc07,158.0
b7ab841c62e1ac37c5784b4bcb675b39,137.9
b7cc980888147c189d96a40756971585,13.99
b7d12dd279b98c2d0f8b920052eb2862,49.9
b7d76e111c89f7ebf14761390f0f7d17,72.89
b7da7bdff09f837a08f65759f068f5ce,0.0
b7df9e1300398dcbef32dd58f5778e4e,0.0
b807f720ce7d4b5cacda4de1b1c02889,64.9
b80aea5d566c55201d7c72d6c8580477,39.0
b80e73bfec2ccebcb2482a2dc89d4a0a,744.0
b82d8e3a84e9978cb633bd9771a5165b,178.9
b82e23980963f0c3789109af94e6112f,0.0
b83f0f5c1db1758573c5ef9dfddf7045,64.99
b842b6306cb43499a3d7a3dd3742fef2,118.9
b854c56e1163bced9c3ebf1e4a6576f3,49.9
b854fe698a5384ebcadcdabe7ceebbb4,0.0
b8624f5635e1f66fa1910d775aab0055,289.9
b88642bb0d7fd10c8ce18b7bec9085b8,29.99
b88b78a413e70182e18b032361b24f91,0.0
b88c1a1d40b9b90a8d15f2d3c7e28099,98.99
b8977911a162ae59629b8a73b77bfdac,250.0
b899f098afa2e711629365c161794884,49.99
b8a097297ee1be3223fdc6727b119ccb,319.0
b8a13301c527ebcd83e27cbfb7f06a9a,0.0
b8ad4abdbbbb25a8106cf1fa49600053,380.0
b8af560ea969399b77e9b0e6644558fe,29.99
b8b3c435a58aebd788a477bed8342910,52.0
b8b7f727e3ad1e14243cb6f11b624351,119.99
b8baa482e2e3b439ab972fba47c9be48,324.0
b8c64934a84e5ac575aaf1c5d50f340e,0.0
b8d1e0101aa162c796f1af6b73f30051,13.65
b8d4f36004a20507a599935bf54f91a0,0.0
b8d95b1bc28f71750ada508312f1e176,28.0
b8df986511d928829c3192c2ed081eba,9.5
b8f9ecc7915ce653a1d7ee6dbfe8f54d,0.0
b90587c498051476f4a75606c0639a0b,59.9
b9066c8cafd15041ed94ef1ecb116d4a,159.0
b91094129b0c7e78a2d312269365968e,159.0
b913e12201852f1b7b0a3a3378447a0a,119.0
b931fdce2c9ab0c8475ac1bc83af0f04,15.9
b93460c02625610d2ea42a4e16be1f23,145.0
b93cacded43b7d04c0c861c8f2f5bdd8,79.9
b941b9bd5b0df6d5bc8872504b96b0e1,89.99
b944e713f329c481160c81f9a3795392,19.9
b94783c71788124eb4f2d4e1fcae6ab9,45.0
b951c9bf661f93b4622ed4e21034a9ce,0.0
b9616f4b96ce6bde1688eee752733c55,59.0
b96336694477939c9d102438f0c7c9d7,0.0
b97b7e6d034e5fa44c9a1606e91eeecf,99.99
b9833a43443ed9fad7a66f9ffb80684c,0.0
b9ac5718b8f3ff34b2929ac08661f82a,50.9
b9b9a083a74fa9cd18be8eb0ccd26d71,39.9
b9ce93ae35b4cfe939be5356630992a7,104.9
b9d90399fae52218195b4b23536f6fa2,739.9
b9e14a9f4a31ac62d6161da7825ed62e,12.9
b9efc86b7c6269eaeba5bdbdd5127e1b,0.0
b9f9911419ec994acdb9fbe23e2a4db8,48.99
b9fd889214fcb1a45e4cd51f5af6cba3,65.99
b9fdb2f344509f77f84250a748c6319c,0.0
ba0702c64162e93452439fa6c4409896,39.0
ba09e7352cbed201af6d123d7366f3ef,89.9
ba0ac571960912286d71232645d1059a,99.0
ba16203bf127db33e6b3d5bf70506473,144.99
ba17fa1c74cbcd675656a975e53877d5,419.9
ba1f5988dec5d5dcc36f2d14f2e94b3d,49.9
ba1fe3dc6ce8decbdac878b67f4a23c0,53.9
ba36311f5ecc3232608a4becdd416325,38.4
ba6864262a43be8c0c998cfc68016bc6,11.49
ba77e9b6506636dcbd03e463d4786f24,79.9
ba85eb3f29cdda9e3e4229c613d78815,0.0
ba8b8d51fcd882a56bc0a5871717d76c,169.99
ba8cb30ffcc1d04326f0d51e09efd36e,139.0
bab51137b90b0fcec74bf6f9b47d3511,158.0
baca240b69cd4bd9bf08199640ae8da3,0.0
bae2d36f7119de90a1f3f9aa995e5c5f,0.0
bae6687e2e07f749eda874adba621bd4,49.9
baebb82446ddda55580e9fe55ed971a4,37.0
baf56a409972153c8315a2d31b113bc5,65.9
baf8d1bc8b02f403f67012d3366984b6,69.9
bafbbaf0345497c9e80502a08fad4a55,299.99
bb01b2ced80ef2e3dfb786d0d8c4905a,12.1
bb03bdc26802535aa82d460b539d211c,77.98
bb0ccd5578b0944bdb14be3d020074a3,118.44
bb361861b83a556ce2a5b2d537e22df9,99.82
bb477df0c32c10ffaf2b2c5e81169f20,0.0
bb4d84a2b45b22ed710ac8c0dec63d1a,19.99
bb538da36f11aa0fd7c707f69fc85c3c,199.99
bb58670190dba4e9b320f84cb98317a3,26.0
bb62a2fa1446330a13f2a9f000dee8a9,69.9
bb643895e857c516b4289ab079743690,261.0
bb6d9b2375143281d537eb82beeddfaa,56.99
bb706038577b066ad96cf29a29beefec,0.0
bb78f4743e618d1b7d4e8fddb9494542,94.98
bb7dec94f2d5a01b71bd1e976232b155,114.9
bb7ef994cc22b1fc694ac59fb377b824,98.44
bb8486cad0e431659227f6fb18fc6a72,145.3
bb85b098c288f4b18c0c014e85e0c93e,35.0
bb8e3ce30f15dd4cc886c0a1952090ff,39.9
bb96c9b95cfe7fe1731f9ba01908b64a,55.0
bb9c04f0a50c8023b09d2c7439cc4b2c,86.0
bba09d4a7b3cb61c4a5ef3f368cd1992,55.0
bba19d9ddf6ce4663966a0cb23882ff8,89.99
bbae027c25a7e8c839053a1890227e21,0.0
bbeb907759ef5fc169099af3c88d535d,3105.0
bbebe4b8eb77c193d602f15005347dd6,69.99
bbf0cbba57c53c0db5f7457d752bd431,299.98
bbf0d1ddbf8bd44d192f056919e9b706,117.3
bbf28b01eafff45c51fd9130ab1e0c6d,394.0
bbf65e7823171a84e70a495dd6c34ceb,279.99
bbf7aecb4272f755e7ac76ecbe556345,100.0
bc129fa5a30c1e9f64d840dd6d0e574a,119.8
bc27afa44f5b67b080ab4ba3851a162d,69.9
bc2c9d4cffdfa4609cb2f961250ba4d7,59.9
bc3b2714b8a9c929ef86caeae5623ba5,130.0
bc495306b450cb8a30666dff4e362077,49.99
bc59f1e430734e331b87a168b63450a0,49.9
bc5fbc9860ad6ea016f6a52502f27c82,145.98
bc6693150fe09832ea76d25650f733f3,42.99
bc6839208cb211872c9e1909676cbd0a,0.0
bc75ced76ca29e9e5e3e0e267b79dea7,37.9
bc78253a365ca27ac64b86faa082a834,29.0
bc7fad0e4189527e86792ba981941140,0.0
bc82228a4f5fceba5b14a04cb7b4591b,90.0
bc867ebfaaeb874d54cbf1da33fd4a1b,497.98
bc96fdea77283bcfd8bec24a2163d459,0.0
bcbe2558dc57409f13b7c29778952c62,39.0
bcc967b7b6ae5c124298b4a977a45a9f,55.9
bcc9a08b533971412be737fd5bd918b3,29.9
bcd3e3707fc92aae9ccd5530f5ad0355,0.0
bcebdf69569a5b1cdbb67ebf178e794c,18.99
bd0c1f867e8745eb3ea435b9c5433788,0.0
bd13608b9c6033892ce62269b50a0afc,178.99
bd27c65e0405e162422cf80ab58aca59,89.9
bd2914d2e0b52a1b1bce55b39c1b1edf,0.0
bd3dcc49489d1c665291fdecc22a3c75,669.99
bd48312ef3ab7e4e832808c1ca9ad9d3,84.9
bd5f7d1bdbd1a6233877b21fd66dfba9,30.21
bd66c00af90ff5a3bb62a0c9639921ba,119.9
bd6c1c99a4f6c28c98927351eb226e80,142.8
bd6dc26d46e9b21a213198aa80d1fda1,169.0
bd6e919ea010cdfb03825ac482546540,49.99
bd74ee61fcfe98864c2d73ce89cbfce1,0.0
bd84ecd29495e3aa78cf6491ee2e91af,148.0
bd9849d9ba9ac9f05f53f393b1c85744,0.0
bd9e235e9996a20d1153c238c2706b92,779.0
bdb88619ffe5ca24fa5732468bd34573,0.0
bdc67efa33dd0c3228b91714ac6e363c,0.0
bdc98a892c4d5a526373afd38afa53ac,15.99
bdcd97bbfa0c4547970136445e9ace7c,156.0
bdd30e6e39cc70dde8665187b57af402,44.99
bdd790f120738cf7ae6c93b292f4dad2,205.0
bddbce40ba8847305fb9858313934193,110.32
bde19fc22cb4def59a506fe769d40aed,67.98
be08f83faebeeefebe0df44a3c2684ee,132.9
be09bc14d8a3f5cb25c70ec3ab757266,0.0
be0e319f7309b7d01899339a6a24b770,574.0
be1a0dfedd7deaf8f8b3f3385b0bbc82,21.9
be1e99a0c57d7c3c699cfc4db26c8edf,24.99
be25daa3b561d7f7df48f6d1c50ed097,69.9
be2b2715ea6493f6dddcb063b482f04e,59.81
be33152ae3eb53008fdba8c5efa40ab7,52.64
be40dd02e486b93b8b4128f2715cfdfe,83.9
be49d411f08872c5a81438e47278a9e7,0.0
be570271e817b7a8791c477152830384,54.9
be5be2dbad1352c6b4966664a5bb4fe9,54.99
be5e28c2855974a15b50dd8e6303eaec,219.0
be655f9f2e6980b38b839352c2865b39,79.9
be6b3f6e57256dbc38aaed54e10f7bfb,98.9
be76535b02e7930b45c93e87d4d5049b,99.0
be7afc56db0978e1f7f9599f89527126,0.0
be80084c717389b7097326641a8a7208,6.0
be8bd4fd44097c998b45dac223dd3ffe,69.9
be8f34cee6e46e28f79548bf5bcf5fb3,25.0
be9f69243b876464c5ce479be020eede,33.0
beb0c30d2267b86db97d0c535be03ab6,150.0
beb5288c896678914470c6a650c78302,26.9
beb6f9fd570947c43749a143f370ebe4,139.0
beb9a932b5131b25944dcf8cee8ada78,152.9
beceaa52fb2f761e647222b3cf7ce0b2,156.0
bed6914e1b13e7291330c42e4b5ee73d,66.9
bee8c71dfec2314e63b7ef0e2ce70bdd,0.0
beefb5d83e14244b519bd61fc25c112f,0.0
bef3ce10ea5715fbcbcbe3b266ee94c5,0.0
bef61c4e2f6c5afdc112a9dc3a55cdc0,412.0
bf004b2b614c68e6d2401afc33741b33,6.0
bf0303939d54b8df5da4762bbaab1955,299.0
bf087cbc0138d7066e1c41d1a97973dd,160.0
bf1e26d689c382c36a8cf104febacd2e,72.9
bf257f507db19138f5bc4065313c1f87,74.9
bf59acdae64e9900fd93e4847baa1978,56.97
bf635aadfff238fd7e9b0d25e800d019,14.85
bf64911d2a71e45c1e595f8e18ec3d2f,0.0
bf6bdab86c9bf5f5e6aafe5be999993a,54.16
bf6d9bf8866ac722b1033fe81229a233,49.9
bf729deccdd7983078c35607bab21a40,139.99
bf79e2be560481b2e6014798b4331a18,38.9
bf86879619eefd3ee1da656434e09204,0.0
bf878410ba17b72e544f5a350bad4bf5,28.0
bf8e2ac0aef7f60dd02cbfe15b447804,69.0
bf92f410920092937583ee1f422b3750,0.0
bfa3c391c5cce32639f44a0bc0c2e677,16.0
bfa705815b5e0cbf17b29d4bde5a3b72,200.0
bfa809efc0c3a611d7cc109690fb1adc,25.0
bfaa7f56ca38fb29a84e2b1003b9899f,52.9
bfcdddab5a2fe5dd1d1b8330795f4061,167.99
bfd25136f17f04e11930a85f9f18ea74,55.0
bfd827e8a21c8be7bdef29573a885b76,0.0
bfdb1f4f667634b7ff30a716e6fafa95,25.89
bfe2f483e5812ce19a0e7722dd1c41f6,59.0
bff277976e13a7a30f36f0e747f07f08,0.0
bffe21e5fcf1018f69c5654bb45ec1b6,29.9
c00d7744abbd4c52462103483ccb52bf,204.0
c011547921af20560248edbfa600c4f4,59.9
c024307523462166b42112cfb6c8e900,0.0
c02e98da303c4da78da40f76952a187d,171.0
c03163d8fec3bbc19ede5f2371e5969e,0.0
c035cedb61d638d3e8b48521a714a86e,599.9
c0379eaf8fea020ec57ef4e788f7284e,0.0
c05813a7cd3de5d467c50fb22e52eb2c,13.3
c0779cfb3d6695eb9a6c14772852e10e,66.99
c07b5683ea7097bb37e20414d341cf05,165.0
c0897eab3445f15960a5dbc38b6d7f55,0.0
c08a1a1b4aae4ec2e11ac593bf7a65df,268.9
c09b035a91c4a94cf4bc973fb2d59608,61.5
c0a1c99e485ed6cd991db287741bbbcc,0.0
c0a2ff251132852958c61ce2ce573dae,0.0
c0ad64a79956b80605422f32ef36686d,178.0
c0aff2627ac1dd216e37cff8e1e127f0,56.99
c0b6dee0c3c0c94972417c338b925637,89.18
c0c0c50de0f9c7089f7de06b69577afc,23.9
c0c6ca5da674e955713b978a908e233e,59.7
c0cb6f62619187c624de6516c1e3c100,29.5
c0cb6fefa6f4ddef2b92c892a39d4909,29.9
c0ceb197de4a31388883a6369ec291d6,12.99
c0d1c485cc68748f953bedc0b453a5d4,0.0
c0d2c6f28465444cbe3ad5d91418afe3,149.0
c0e34eb3758ff52f422e985899707a00,126.99
c0e5f947392f23d3daf7b38ed797b85e,284.9
c0e7c66e7a42ec16b175f04db80e6eb1,99.9
c112276ee020e563234bd46993fddc4b,28.0
c112fe095bc56b7bdd4b294fa095ae61,148.8
c1134d89110eb440df23bf32a19aacdc,0.0
c114c44566c2d172b520bc3c8785ffdf,1199.9
c11e03f932a26afd062d3916ae0c85fc,28.9
c12ccc9e83965d5711a01d0b1b22abc9,57.4
c14bcf825efa083cbffda0036cccde7d,179.9
c16477b98b39807fd1a78ad4f33f6207,135.0
c1663d57763a33746237385b4465d836,127.27
c17023c486178e5a5855ae4736d435fb,159.9
c177749709d397d0804955f17d05f494,239.8
c17b4437a8b1390e7dc159ae02ed7317,84.99
c17e63af5f15bbc11b8e9387e71bba9b,66.99
c18a7f19c5bb90e5eade2d61849812a8,149.8
c18c9a0884eff4b9ee66d37dd5357216,49.7
c192180b5d1cd366f6b0d44c3d9868fe,104.9
c1a09d6a8a9916fcf70c52cf5df6e61e,99.9
c1a74c5c2888560211ae1fb46ffafc4f,29.5
c1a91d288cfd407b330d51a237ccdfa7,59.9
c1a96eec1e40c53e2b91741abc83ddb9,0.0
c1b7893ed0fb6777c4c10e5a20f11df3,314.99
c1be25a7bdf52d7885d726bc67bd2c04,259.93
c1d404c1480da3e44dd2cd5e325b1ce0,99.99
c1d9e6bbbc34d8eabbaf75ec77de9eff,29.99
c1dc1162de49817a25314db3030276f5,0.0
c1dee395f06cd4d5e5162385873bfb15,0.0
c1e9d3613eb8b37cf2b5526bdbeec4c7,299.3
c1ee153508c6b785b491443a95ff364e,0.0
c216ddf05dece5d199d21e54250658ea,0.0
c219f4ac1bc7f1aea33e6ab8885831e8,0.0
c223b7ac9fead9ac6517fae001822112,49.95
c243634b2e46f710549f7bfe8522990f,309.0
c2551ea089b7ebbc67a2ea8757152514,89.9
c25f3c70f8c8db6d2a7fb16fc8459597,159.99
c26714e5c4bdc619234e2c57c0798403,0.0
c28b1528e093df4b2a5d47f6f2b0d5fb,125.0
c28b695680373781f8ff086844f72ef2,0.0
c28c2e63e85e56bd2c80ba1c844a4704,11.9
c2919fbdb45366551c1e80d5cb35cd3f,0.0
c29366dcdcde92f6bab988692e21d709,65.99
c29b778bfd6975fc29309aa68ce952c3,158.0
c2c71d0cb91780737b1ac2a93fea7d12,129.9
c2db5756a18d331cc4e4bfd1e7788640,0.0
c2ddb0f0c790b59fa4ac265a5fbb75cd,199.9
c2e045ce833c8289e489314d2b6386fc,24.9
c2e4e0527503427aebd5c42bc5f1f6ef,210.0
c30772dc02e182f555db4b042efdb110,79.99
c30fd2558a9c8fc64260be3e76a20cc4,176.99
c31a0532ac4b77687d61f7fe1483d4a4,16.9
c31b42ebb5287fc93a2be91163464674,140.0
c325d123fdea8b29701a0a93c7955ca0,0.0
c33680dce5ea39d46d1f5c3f6c30a120,119.0
c3452e8f22eff6eaa361690c7e7ffd4e,0.0
c34829c1ffe2887992efcf51e4e02b31,599.0
c34f2ca27d34d58730b66b7ff14f0437,176.99
c35ffdd9679e194c3673533720b5e00c,719.8
c366f7bb7c9f735501bc8d64ba2e21e7,29.99
c375736396906dff8414217e02c45661,142.44
c37cc6c1a59d81460a3059744f7ada1c,149.9
c3808f7c80ad3025f7d53d69e7a297cb,17.9
c3818f2a1aa9b856afa2cc5adf8e97b7,189.9
c39dde4fcf03b0f67755c39f124a414f,0.0
c3a8d73d9c04af248b04c0f97b6cb308,467.0
c3ced12ab08e67844644204aea54f2a0,0.0
c3d8a0b18ff1521752caf54292bdd5cf,318.98
c3ddcb8cafa47711e96ff4852fc7e52c,0.0
c3e5206cdb1a0a23a38c01fe7ba95da6,79.9
c3e7b5ae7b342eacf1def25046837735,139.9
c3fcb03fe74adff0bed2bd510ab06691,42.9
c3fcf3b664801fe10c4d9f62ac72b21a,179.9
c40388c86f0334d1d69f33fc43322a8c,89.8
c404cd92e93fb64212484abc55977d38,204.0
c4053ab276391fff6ac7736873cfc950,0.0
c40d109a4036dc0bb01b522339af2220,765.0
c41f55ab526b11b223d29d9936d564cf,299.99
c426399972becd38ce02dba6eb721980,0.0
c42ba47d1df4847a1fae69d1407c83d9,29.9
c43b2b3018f41c39380df5b1e77769f8,179.99
c44f87635ee8363a53bfdd58011f72c8,0.0
c4636621c1d184e5aed1098bfccbb683,0.0
c4727b31f6dae15654a8a097c91abe75,239.0
c47ec91fad63554dd8fe3e33188faf7d,489.0
c48f157c4de3d58b5087490cd61d97a8,27.99
c4a0864ef7d2deb7cdb86898faf6ffa6,0.0
c4a991e4806ca21fbf9379ab328d1719,98.9
c4aafd2eb2916764d0bf1acac201688a,59.9
c4af082fb0ba076bb96828135834f60c,119.9
c4b822795feef15ddf1d3d2e5b83a53b,22.32
c4bc1ea5188b1d194cddfd732e90bff1,204.0
c4cf9b10d2668bfabb498d93004ab4a0,97.49
c4e4f9ed2c25484e3e23c911cd77e7a2,69.9
c4ebedb09beb89cc0314c5c0c33f8053,69.9
c4f95f0256ba9b1a8956eaadc04e1d77,95.4
c4ff0cebe7c2c7225d99c8a01d7b2668,124.88
c50984e329b68d48f871999e8b9a6db7,110.8
c51451eb20d0c8294af30d7205444934,24.99
c51a1f42780144ae12d0e529abc3f83f,189.9
c5365631fcd0f5ae1802e798e1b7d692,1736.0
c53d90ab068a7fde8fb74003248e1ebc,170.0
c53e944da3d3ad66ccb7527165b78681,0.0
c53fc86823fe518b7de9ad5c3b71677e,39.99
c5400d2fca348bd1313426efe4b10a51,166.82
c540e475e972fedf571cd4f924382f7c,98.9
c55641c7b843c3e7baae66b5946cdbb8,0.0
c5570a9c8d7f1546562fd75d0ae999bd,52.9
c55d3a40c29291e294061276caa65dfb,229.99
c56d066e503008b8d0bf4204857c588d,69.0
c57675d43eb822d6fce04dc388d8ed0d,22.0
c589ce4c653991c65f29b41c74d50374,150.0
c59531f90d083012b6c23034c8f54032,99.0
c598e7b13c0fc6b1820559eabaadb3ab,169.9
c59ba65efe3622bcfaf929ecd5fbfbf5,300.0
c5a525c4443cc914a8eebbf9d4a29fa9,27.99
c5ae6572767f4a997402acb42109c3e8,179.0
c5d50ca6add3a55d9db4261a1dd074d5,748.0
c5e04d2fe00cdad3c541268baa284553,119.0
c5e4a022d3a34df458bfb7c1b4988063,0.0
c5eb4ef20f1bb764daf1936474b5e629,27.9
c5f01991eadc43c924dfd891e9026217,54.99
c5f0ff72edaa56e5e8eb0456c3c97ecb,239.0
c5f8601f143b47bd218cb9dd49d3c79c,23.9
c5fd8c6fc581f9792cf214b22363671f,98.81
c5fe74f1dfcbce3623c7705f0299629b,90.0
c6003bc9756a16f3b177d3f2b25c207c,109.0
c60a3ddb000c06807f59d3d5cbbfb59f,322.75
c61a15e59e35503a062589d1b609af8d,0.0
c62372f1ddcedb4f0e3871b76294f0ae,70.9
c62c0bf678e72761c14d71793c64136e,0.0
c63e44efa43f3947087aee96b388d949,113.0
c63f1bf0ff66dc26aa7e32552b3d42d1,166.99
c64199b55f928b9302b63c4f9d841fcb,189.9
c64415b33660f4d571749038dd8e3ec3,12.25
c65313f0613e1292047eca9a86fdb0a1,99.99
c658495c41a24ef33a852db6840738a1,0.0
c65f4f56ce72cf522b58b34511c96ad0,23.7
c6603d9ddf98baf1c313b9ed2e31b95f,74.9
c660e7ba7fd1e40024cdaa211a4ecbb1,54.99
c66153f5ff38b19dbfb0e5d626c0449a,15.99
c66566fe043a2ddfa3d91b5b8a13e77e,49.98
c666e59a2d3ced923880461526113d38,116.99
c66b7ef2ea9e6e2e7b3597f8131b56d7,0.0
c672c78ba400adf4deb64f3aedf65cb0,43.99
c689aae648069dcd1be7613631ba6a28,0.0
c68fc87e71247306abfec35ecd41ab78,18.98
c6995b7622508243f3d67ce55d3ae99c,74.99
c6a513e950f4f84a824821c420925f21,212.0
c6b99a3f607831e0efa54fd18a05c7c9,759.0
c6bb2e116c8ccaf3738a685ba174b675,122.99
c6c14d6b02b35ffe185803db2ed6c370,200.0
c6d04cc582cb4e8488bc99994c62e6ed,27.9
c6daf89e664438f63927784b6fd5c5c4,349.9
c6e5e7192bb1b04db14cc0bc5068daa4,24.99
c6f8ad34724df04e4f53f5e4ccbfadf2,569.7
c6ff1299ecfd927f41df559f9b61e94a,320.0
c6ffab32abf5dc36b10072de18d008af,99.0
c70bfc4b936709e674c7df6068ba116f,179.7
c70dfb293b08af5444cf2cf527b8836c,1240.0
c70f7100f8daa28992b8c2816d68ef98,179.0
c718e7e51226888a1ae92687aa320a16,89.0
c71c9304453701631f589b64d6aa5dce,48.98
c71e415c3acaebe63ca0bbb6b067c90c,0.0
c727a5b74bcd7e15a8fc4ce28c145dd6,19.99
c7325ee1a92c0c0d4b95b8616f0abcae,898.0
c7558d51c100334f0e84384bb42f0e70,29.9
c756e1910755edd88c00ac3f46baba4b,58.2
c76b9b7efd2e02d6c8627bf5ad450622,0.0
c76e101f384a7ce4088ffd4ff805ef32,254.8
c77154776ead8e798c2d684205938f71,120.0
c77dcf1fc66bff10f3dfc9a8113a995b,391.68
c795b37fd3b37d9f9a937709278167d0,265.0
c796780c7daeab9e94cc052b1f103b21,119.99
c7a9a76a4b24a7e7b2caff982409b7ee,38.5
c7ad21801caf2f3dc28d156335a79063,17.45
c7b5bf93064681e82c7ba602c7a28837,118.0
c7ba8f9f399ad1f57c6151986e42175d,0.0
c7c025b50e210cb7604b461781209f5b,69.9
c7c57673fe2bd1823ef2ca06c7591df0,0.0
c7d8b3a2fdf2fe6ada59677d6d01d452,209.0
c7e193525b2825ccfe5c65875c0db1dc,149.0
c7e6f657d0b28ae86ddb5bc464f702e1,139.0
c7f8d7b1fffc946d7069574f74c39f4e,35.0
c7fb005dfaed077788b1da6313ee6688,27.99
c802e50d933f12271605d5fe61f36caa,13.65
c8064ef7b94e1796e22f3e4d257d07c9,145.0
c810a6f02311f981239ecba3426e50dc,29.0
c818ec5c41404938a0bec244f3f81cbf,74.9
c829f5071c462c99343ede23887acc21,0.0
c8330933899939c96a4f2632b9f4c8ce,159.9
c86556ba7ecff25b48444d094c9848fd,59.0
c86a25b8f5f6c203bb3471553bdc3200,42.99
c86e98383a3c4a953e5b1a92106c072a,99.9
c873d409aabe1083ff4f96358e3a4214,56.99
c87944388aa89c72ded8daf1fa95e60e,28.9
c87b3c3de04773e493cdf8ef030e50e9,15.9
c891a92bfe148936dec36a1d64b547a9,59.9
c899abf9b025c3ecd2e8d8c4051ed1b9,319.8
c89cf1a054b60f1d893617b0b1a140d7,0.0
c8ab29209bd01c10eabf70afda7b4479,199.9
c8b2145112166ec8dc322ac57138ccab,229.8
c8bc38379b2217871ffd56f27cebda40,0.0
c8c40a3a22947159eab9af128b2e51dd,129.6
c8d183727fc9b4dcac256fbe246d6270,69.9
c8deb82e62d0e33c59674b32e8b8be75,21.9
c8edac3754c7f02ea2fe2c2807434cf2,13.99
c906687f99bc90246460e4cb808d3407,129.0
c90df77e489e7f7fb26182fb93c22367,0.0
c92e853931dcb8023141ca1cc898eaa2,29.9
c9395a5b24e390e597d697ccbbb90572,139.99
c93c37c8d9779348bd164f7d605969d8,23.9
c948c3a816a6721b2f9d51380f803c34,25.0
c94e1401ba656f7493a0f9d97edcf24e,0.0
c958cd11561df1914d60cf6f01875639,56.9
c9600276c55089ccd37cb1a360609101,0.0
c962ed798636811935163b5e8e87ce6a,108.0
c979c7cda3ce942db2701d5550984457,26.9
c97c1b94aeb3e7b8bc8bff24ba20a3f0,59.98
c98096cf892dcef216f1676a5552aa9f,19.9
c983428690eb51af49b9481d2640f262,141.78
c9a05ad9be22fbaecdc1db80fb90690f,0.0
c9a91ce6fdb1137f469e8771b60a86ec,74.9
c9b3b24308b1a4587ffa3e60fafc2b1f,209.0
c9b45a95233d349511d2b132f8fc0d04,215.0
c9c6d353f4101827b3dbc83b093b2fe6,99.9
c9cb42e12d055c7407ea0b9b7be0dd6e,50.0
c9cc1db7d87ab8d292dca31e5f1d6d01,184.99
c9d1abc0b230150138b5716c0f5720db,599.7
c9d4e34f1dd9cc0c86cda6ff04d68a39,56.97
c9d77e5fc5b63d23d089586848584744,25.5
c9efaa3ef7bb1b4071f4d08b41c25832,0.0
c9f6a5d979d6abcd5e03dde326586a35,219.99
ca186065de6e2d01cfc99763e6d62048,45.5
ca270b48105d4aa0d747a0529775f19c,370.0
ca27f3dac28fb1063faddd424c9d95fa,4059.0
ca331839495652e51545aff8a5c11908,180.99
ca49534fcedb73b42c18dbd99b0a0d22,48.65
ca5c22758e4f6781ba277d327fe3d7eb,139.99
ca62a2278969324ffe26da3e5704d0d4,199.94
ca681af5ab07e1b26a4a7322d06b0948,35.9
ca73adc05ad5d0d880de79b5ea3253b3,10.9
ca77025e7201e3b30c44b472ff346268,156.97
ca7afd2f31de9bb06bc2ff8c8f338c7f,75.9
ca8869414ebfad7610a659da7e1a10b2,59.9
ca9b75064fda749aaf9d5a4f0339dc8d,169.9
ca9dde733a9274ed9bea93b8418eaac3,119.9
caab2adae070645d3e3fd3f43533d378,0.0
caaf7a6f64bc06576b7ec520c8206d03,0.0
cab46195bdcc56a6b42eef09eb1b64be,0.0
cab49f72708b32dab386b38320f5b31b,12.88
cab5ecc01e69aac95f48b619eb40a882,87.37
cab95c7bc45c6d2ab16c2ef1a451d5e3,112.0
cabd6d095f9967f7044473021795247c,65.0
cac66748e339bd5a970217748c2c3808,196.9
cacad11a562b7c7537343abbeebd12f0,12.99
cad11c2ff6ad11e38a5fd8b8e2d079fd,24.99
cad2c7327ff2add52d6f2579e541ccc7,41.3
cad6e6cc5d7a8620efda1f8310fba9d1,59.9
cad866eab1628578662eaae61403149e,83.0
cadb385cc1299451df18febff40aabc9,34.9
cadf5efd7e29678690c09cc039e08bc6,117.99
cae9b1648059f203b6d1eb95d2d285b6,89.7
cb2cd363d56807ed670547fab32e1d52,20.9
cb2d00950f18d7d8f7fcfc8cc3a173b7,0.0
cb309a02881bcd95a177ba43abd29e4e,49.9
cb3420dd635fbd27ad93807c2d3f25cb,49.9
cb3ff5e129b14923b2dfef9acd718bb1,29.5
cb4089906a5a7ccaf87fb50cf413779d,35.99
cb409daad1fb6069e979463ca3de23dc,119.94
cb506d0e00cdce49d92ae0ac17609b9b,55.0
cb619b091c043c3f95dc59228dc4cea0,107.9
cb644c8c88c4705149fc0c7dd12d596d,105.76
cb687c6f0032be4084e51de779c0d643,29.9
cb6c040d4cfee851f337e691f1b89077,460.0
cb70b84be8fb6e91fb07bea38b7ad69a,0.0
cb824a5ce7a9fd74bca8f9b0e1943415,99.9
cb99edb00fd595d96606eb7bcdb9a50b,45.0
cb9e777d2d1ac22f85edc2fbf95dc917,80.0
cbb244b90971a5006e08d630b4c05c9e,26.99
cbc1758cf3d80ee00814749bdb650bd3,657.0
cbc71e02efb1d43b84f80b2a64d6013c,99.9
cbcffdb10a42aa3161bd736e4397af99,189.0
cbd0350d4ccba9772e8e768d4a4a5cbf,48.99
cbd464dcb41d05485e202090e631fe9f,86.99
cbda3bed5f606046e27bad0baaa72f4a,99.0
cbdcaa621583ca59fb72b5cb1866c34f,59.9
cbf29c6e841fee87dd5c6f3f510de13d,119.99
cbf4a1abc9d7c3cb59a7db6310ed9fc2,9.0
cc0a26893a3b8118462803ed814ddf4e,250.0
cc0e4f50a507bbb1fe27a82e8c678df5,68.0
cc1a30280651daf2d918ed7868575771,33.9
cc1c732ee15c432d060c876c7e9aec5c,349.99
cc2718d6c52b045bab3ffe9da86de1b4,199.0
cc2a97be990325d3bdab29a3b4352958,29.0
cc320e08bc9bc1b0a30e551d1de1e26d,94.5
cc44dcf49a9acf9b97e6511053e6749b,179.0
cc46237f7d268f31d98cf34e436d466c,46.9
cc4adf86e974ab9714a4646e2c77719d,78.0
cc4c72fa1a49a5a70f1a0ecab271a36a,129.0
cc5645c2bc88ff7a0c423b03050a0e5e,79.9
cc5e157f88de98c618e8df466faab570,69.0
cc61ecdda15905388185bfd77969ae72,138.0
cc6c2a4b4e826c577b8a60073bd56a7b,194.5
cc6f81ca4d2992991e860e88dbea4431,0.0
cc75120073fb03f586924a6091e58e28,139.0
cc77e2bf7a54937f23c5534a4b4742d7,119.98
cc8b951febb2949ceb6ead2f8dd17ce9,0.0
cc9cbe91f775a595bcb05af59019b396,39.0
cca20bbdb16d521c1f94eaf7209717b6,59.9
cca634a5e8cffea413f58c8c29324d41,159.0
ccafc1c3f270410521c3c6f3b249870f,0.0
ccba123d7e139740a33eda4ab612bb89,79.9
ccc0bfa155686baf816eb6d8ae01e2e5,0.0
ccc1b0d223798bd711b0799cbac29d36,69.0
ccc2dbe64dde140fb3dbb127091e50a9,330.0
ccd47fd96a99cdd5e022168e70a2ce2d,0.0
ccf9bb2d5ab02b4928415360e23e6e8e,86.9
cd020f72b3994d3dda2f464efe9aa99b,1890.0
cd06321b66b405ff89ec1e4e14c03886,0.0
cd0c3f3f239b29e891740c9cfad8e4a4,29.99
cd10a74ff01ce316302e0db00e90ccb4,0.0
cd128eddd128c614d91223f4f44ee479,0.0
cd148470c375939669971e8a032b16b4,394.9
cd2624b9b75d83efb640f7204232511e,393.6
cd3340b0ac216750381d8ec73a15f4f1,56.1
cd46df724b05dd5f855b5fb15f11999c,108.9
cd48886e32a6b31ca3e4cba232dfd38d,139.99
cd4dc8a1f78011e0a2e730314f9c97be,6.0
cd7564a987285ae0b11be324c816a21f,89.9
cd8dbe8c0f714827ca12c3cb7310d97e,19.9
cd9572a2e854df312b6ebcf7e4863352,0.0
cd9a044f87d915231595e7fd53afc858,1159.6
cd9ee4391bf0098b7cfde33287c340c8,59.9
cdb39cca09957f7ec951c5a8998c7f45,209.0
cdb72728a4199830c46025ab3cdb5afd,0.0
cdc15921ed263ac114cd48de48fbaec0,6.27
cdd4e05e1a4f6713e1ae3805b30d7df2,0.0
cde21887e86a254eab4799aec212b7b7,0.0
cde6a9db1f84a0f8d378d1e1d1fecdd3,411.0
cdf40f3d0b93839f37972934deda0d65,34.5
cdf80822e68184b438a469f3dc2121a4,21.5
cdfcb6808ed50ff089050cedf97c0fa0,0.0
ce0c46039a9592b6ee052bace25756e0,105.0
ce13d650b5a9d9e05799293014ae51eb,499.99
ce2086a9fea4ca521c5cec07361ff2d6,39.8
ce274c03a24e29be7c97f06755757770,160.0
ce2cd38e552649e1051d8f059aec9fdc,49.9
ce2e0ace655301bc4a8cae4abbd8c0a2,179.1
ce3074d73cb3828e407c462309b0ff7f,119.8
ce41a50f9ff95ef577cb759483fe9165,38.9
ce53d0436a0b5d49e67638cb97d715fb,197.0
ce673045c4daded52134073c2e661fb1,112.0
ce6932a8f9402aa406573c59594f2ae0,124.85
ce78d36a92c8c804a0598c086f5dbb54,579.0
ce8048c51925c50028a62a477fb47674,0.0
ce81fc761b769638385a9bdb9c10dedc,159.99
ce82b942c888963b8b245169ab485e37,113.94
ce8b665ad7a00dfee2a4fbd19dedb82a,13.65
ce9e54a97c1a20031e82528e1883ed90,0.0
ceaa8332aa14a606de44c05a1271e6d2,49.0
cec0f7c6c7365805b89f59923ba96ba8,139.99
cec2d86889f4d9a19aeec4c8d4e1beae,380.0
cec42b5f6696e2dffad94f98200b5038,29.0
cec724fb2a220b0ea87e558894f7317f,0.0
cecc19ff12c206e6368dd1e9c22a848d,175.99
ced5b7e4e431e11775c4bcf19443e008,0.0
ceea9a728afd9cf6ba6a14fb6c4e828a,89.9
ceed36e28a7cafdb8933348019f37b28,119.0
cef29e793e232d30250331804cdb7000,43.6
cef42836ff25476d55c9a3e58f8da99d,98.0
cef44ce121b124fdc3438472b1ac4e9a,38.25
cefac82d3b1e2cf521adb377ac4ed0ba,56.99
cefe8df26df3308f75ae27c0dcc3cac4,75.9
cf12d87c7d17d209394d676e3136d873,69.9
cf24fc26d6007e7a24eb804c9ef6a0de,18.25
cf2d4b59551f1a621e1dd518d8025d3f,229.9
cf41887f4cbf217c6fad258a83ba2d32,0.0
cf50302e77f7141c5923c3bc84ceffaf,83.0
cf512cfdf59fee3876844764595d3fff,40.0
cf58b6fd429433b7e185b6e6453a8c9a,27.9
cf5ad739fb0bb0c54bcfb1c41b7fd8b3,99.9
cf68ed00e583c4c3802cd3eeaf4bbfd4,192.99
cf6fcea0892d8ea6f5cfa685cb4abfe3,21.99
cf71400ad4dc7b8ae75143ff39dc94bc,49.9
cf7d5df4ee5ebe39ed41f0c5c1584b1c,115.0
cf7e1fdabd7d79ba731b94344e51b657,167.92
cf9361b262c970fa55e3ae170ace4c84,62.0
cf9f944becfecd7b016bb8590b251372,0.0
cfa0dfd65182c8bcbf31fdb1f35cc0fa,34.99
cfb025f193db116549c9c23e4d58e3e3,40.9
cfb3a7a74383d11b7753e83ae6266cef,129.9
cfbde95e3c8da168d469f2a8fd9eb329,82.9
cfc7eef674ef02c6f9d3ff2c7e1e8567,92.8
cfca8dd295c27ec0011cda055a6177f4,0.0
cfdaaa0caea59b06efb4b0fb8c700684,0.0
cfde5305d07e35893800f16df83aec28,43.98
cff7e6157907d5d7688107f455a785a0,0.0
d0175fc564515a47e95bcfdf40e6bc07,80.9
d01cf8c6c7c836c5dd9320585928f42b,45.0
d02cbb85434c84acabb8e81bbf064d3e,0.0
d041320ae7f525e9184cb0ae811cd9cf,29.99
d04921557f1cde4963c30a11dfb1719d,0.0
d05013504cc471a973af3e91dc6b52fe,78.0
d052fe86655dae0e952c1bacbbb99d7a,69.9
d05655be736276d336124c2cd43a4de9,49.9
d060480eea297c26aca01bbd55b2805a,149.9
d065a4dc833c057488f8c8831927c496,733.0
d0811608353267017bfedb8fe14b0dc0,118.9
d095bbc1bb5524e10c78879cceb862d8,32.64
d098e82023890ae36af4c8ee360102c7,298.0
d0b5811a3a35f4934489c59f5667dae9,295.0
d0b9a20f4efe329f146c1954fb3fb019,580.0
d0c5e56e04e886e73c79b3b71f0d6f0b,69.9
d0ca0850700932098a90d5f7c87ededb,77.9
d0d2121af4a8105396375642202bec4a,66.99
d0db8f74fe8af2b92d1e7159472874f0,49.9
d0e2c063df03f7b3befd1d87a12f80c4,0.0
d0ff1a7468fcc46b8fc658ab35d2a12c,17.9
d106c6af3ba4ed2f44fcc82be618dd80,145.0
d10cc33f813d1dcc8cc480270bd79bf4,29.9
d11a194f143fd919974b08483bc2dd84,279.0
d11dea88ee53a4f71c18b40b3d659135,83.9
d1360c2c706f607745a54d1631fd23a6,59.9
d15efa6fcfd5909767d5c9de1608af29,109.0
d172060f03b2863504103b5a0e9c8f6d,420.0
d1744e4b88a060e0c2f919c5eccc33ff,709.9
d1ac08467e5ac5e907b719c89c80ff2c,0.0
d1ad0a5f79589af17562cdfea4b4d8c7,112.01
d1bd7e8ef014e3ed04b318cd138c0dc0,349.99
d1c8bf61f09263024c368f9b819c3b00,51.92
d1cbb16c0aa9f18e6b6f37535802c60b,89.87
d1ccd6d8797a035e6a89fb3efab3cad8,133.99
d1dae3a5d39b1261850728549a01667a,0.0
d1e4258972639ad1aeb4f5391e2fe666,0.0
d1e42b8f9befb604b34577479827d5e6,79.9
d1ffb6aa264f79f277904708f328cfc6,45.0
d2039db35dad677db8879177d9b9c8a2,26.99
d20bf42c71d4c30b705408781633e42f,99.9
d215654948fc3ce8f8010cc12a8c843e,329.0
d21beb0802dd046077afcb505173bf2a,49.99
d22ed54c5ae6da25eef4abd6da8ff22b,99.0
d23e27b448cb5d930eabfe84679e0274,0.0
d24ec587c6d6712bda66a2ed1ae3da25,0.0
d24f0a5ca47c76e5579027ec136092ff,59.0
d25cd3919a16f7166425b3d00717e60a,169.99
d2613132231b8adb041da8099d5ae2f9,149.0
d26d2fc438ec98cf77465c211a4f843b,449.0
d28251bfc9407265d899a7be71c0876c,69.0
d282b6f9c44809c95ae8d67377d42837,0.0
d29019c6fe58343d55caeb6f76ae2278,136.8
d29401f523467a9e6251b79a0b742d1d,0.0
d297387def1be804d618e4de90861d6a,172.2
d2a152f163ce22a719a37862e8df2a46,269.96999999999997
d2b0d2083933eff2f5c365b7f44cfb14,199.0
d2b43629cd9b4c39577a06ef790e9698,49.0
d2bc70d1599ec65425dc9558d72b4986,152.8
d2c89ba54e6cf93abd4ea9bb9e9fbf73,48.0
d2cee784ebf047acc2414f491e814f61,28.99
d2d872db318c912fdda4f5897e4729fc,41.52
d2e105de450ecdd44aa478f79c90333e,89.9
d2f0b9e0fbf779c60ff56f493ca47cf1,619.99
d2f122bc3109d7fb2385daec2d6ef7f7,99.9
d2f2f9c150ecab358a53100f4b13f7cf,27.9
d2f6222b5ebbed04f944b47c66d88326,72.4
d318d1e80634c32132b65b347403c7ce,379.99
d335baecca5030833f520b089d1f5de0,53.9
d339ed835c9d8fd6b1e3c5cb60850bc5,239.2
d33e6be4d4330badbc3d7adf96059e1d,0.0
d34ae8a2849ec90990b577eca5444522,179.0
d35fad2ad0793f125d47ef65036d3de0,199.0
d361b966b657bdc5eaf8a67c3968eacb,53.9
d3632bb649f0608a8450a1d0afab0936,46.99
d367e463a7332e0b77058a729baa80f9,0.0
d36992438cf455a0810b43f8c63215a4,0.0
d38394128f8cd8161dd2227b9f3c58ed,13.2
d3940a0df7ce0786ee2c5a68f8149f91,52.0
d399fa2119d7420b2b03e33536b7f549,0.0
d3a7a4556becaf8cdb5ffe412608819c,59.8
d3b95980d0b9abf2a7d9fe0dd1ccb91c,0.0
d3cb5cc807148794cb38ffacdd440133,24.9
d3daedaaef0b4f26e57483ff486d864b,39.9
d3e7aa3fb611447ce385bb9ccb06b5df,29.99
d3eaad8e919dac57ba5faa9ae7799e5a,89.9
d3fcacda5a49565a7c1b8a6c0e03bb02,1735.54
d406bf35e3591d9d31d78d3b2f3aa5f9,19.99
d407f1c9853dd7d35a90d1efc1f1df65,68.9
d41921118d17ae7938c2a2e22a930550,144.0
d41cad422639129866551fee60c55e6e,220.0
d420337ddf59e24de98713a25994f32c,119.9
d425130be1b15a4580645e4a3c9b4768,316.79999999999995
d42b2752f04c8b661506333f88f70177,0.0
d433955af3c49f3b58cac87cc0255ae9,49.9
d43fbda3da341fefa956fc2267a647fb,0.0
d44430dee6959da0dc1aa7fe1c1beb70,0.0
d44ccec15f5f86d14d6a2cfa67da1975,0.0
d45226d0164cd17393fd77b1d3d92baa,158.0
d453631105ef4efe9324ff9163c93895,159.9
d459c8dd9847c3a7cff9d3ff8724c25a,108.9
d469ff90bd1e879cdfed08343ac1a77c,64.9
d46eb9ba6d6b75c1dac85b91911fc9c2,58.9
d48638d3446e1d1556b850fdc3eeda8f,105.0
d491a65a6ef3c04e145d37395996bad7,0.0
d498d61f79a7a60e08a4063043852250,22.9
d4af642bd51aaa394aeced7723143daf,679.0
d4b1297d645ec19df4cd0af8cd6fe14a,0.0
d4bf092ba54c293495ebbbd982d653d8,0.0
d4d43f25b59d9e22be5c238a77c52eb3,0.0
d4e190a11aad26d64b625617455dcc4f,599.98
d4ef5cef4153f98ee6c6fbe839a6cb48,449.0
d4ef8b824405990134793cbb322c686b,67.7
d4fd3f83ce187e9184d32bdf2c3769c6,0.0
d5033f43697620e234c3f34f3ab66872,27.9
d5041ac956dd7e7319481ae5eb0e5673,109.99
d507f95c1428c6ef2990ac45fd0b2382,21.99
d512efe00e46778d7e90609664c6fd92,16.9
d5143a55375c779f0b196d9c831069d0,54.9
d51d89c1fdfb1b34ee7eeb27be52bae4,0.0
d51f2db09ab57334edc3b1db9db5f9ba,45.98
d5234b2afc63b1c4035483b6cb828af4,22.0
d5237d1c43327be57b64668ef3712042,315.0
d5292e185ba6169c80ab77fe218ef01b,179.99
d54f530b276f01f27816bae1abd12be4,34.99
d54fd2964149aef739006faeaddb12ad,129.99
d5578bbdbd75c1f6ddc549e009b5d618,47.97
d558d7ea1748f391b2cb55ba0aefe97b,89.0
d55e594accb5b8cd7e3c26cdd854f5bd,40.5
d56879f3551bb3b35caa7950ef7e7dd1,10.0
d5757a126bd48eb32c706bf3b2349947,12.97
d57a130d13d1934ce3fbf0c2f2bd62db,11.87
d57a725ddc566b5be91aa4d00692cb26,35.9
d5a9eccfa0ca0ec79d59b81e98d83911,249.99
d5b0cc21590758cf76d4b6123c7802f5,49.9
d5b26118affdf55c9e34f22d879782b7,889.0
d5b6b0a6a0374781527d7e29b7830062,69.9
d5ccb9146be20771162df61d83ee6a31,14.99
d5d51a05e84aeb864c71d01992228bf5,66.9
d5e42c09b75303c5b3a170b72e8a21f0,45.65
d5e66000b40d41c9d96c7722c7dcb486,119.9
d5ede7a077045d8c3790fe385115a344,0.0
d5ffa085da11acb9be4d4945798c7fb5,0.0
d615b9ec562cef52513c9af50daed0c4,29.9
d615ca1cb339c6057694fdf770b50c55,106.99
d6203ca017ec577b71f0f49429a38203,155.9
d62b6d46d8004b523b80766eab486f46,99.9
d62e945f5b99fbaf262c9ce35791c768,35.6
d636819974225176f4e4983badc49539,26.9
d63d0b04501d2e9583cfe64e6e9f7eda,0.0
d64969d570bcc6fe4f559813aeb27122,129.9
d651f48b3c453fe39afce7628bc8269f,139.9
d65459c35eed50cdabffe3432d12043c,21.5
d65a1df1eb76ad462883782cc27e8e2f,39.9
d66080b536ae3a1639751657b3698613,349.9
d662c9534d6ef351cee60151372ed202,0.0
d66ca376d01a50263ee92c2ab3cbd582,67.9
d6728bc853e760f8a5422116fa945ce0,49.49
d681396d784770d6368f2431f65faafe,59.9
d681f09d6d055742a26128c292625e00,0.0
d699688533772c15a061e8ce81cb56df,109.9
d6b7b7b651f4a32b5c16f62c01f3b565,186.0
d6baed9a4ec609428eb198876e4ce9e3,25.9
d6daa8df6192fb031e54d36f3a7d246a,134.97
d6db3091e8c13023bf1e6d367b8c0847,52.0
d6de9a445b518113b768614e64a73163,56.99
d6e35f5a7df8970f8cae8251516ab787,39.99
d6f8a6ee5420cf061e6cf39bcb37c994,99.9
d6fd8229024b8896360cd8cd34f86c0d,0.0
d70614ab25c51e6ac100b3060df12e9e,144.99
d7182df3c069ee2311965ac9f8375e28,59.49
d71a769963b2c890c06e83cbed137a43,0.0
d71e1d87ea05a759d69f770ac90f2fa9,0.0
d75df1ae5a9ccbe03ab5d9c4430a24b9,91.0
d76441ab4a22e389561144ffafdaa19c,136.78
d7677b9c8e6c36355baf8544cc588b07,199.9
d76adfdcadecba144ec1e65118e8e165,139.0
d76f611a0ec454ca3aa57bc668217cf0,10.5
d777791c84db8d5a2722886b4a11b6b8,107.0
d77f1ecd97aeef6dae72e3938c401462,119.94
d780d06a532da7d8d0435cd348e591fe,28.9
d789900b27c0988cf06890bb619520a0,8.9
d78f4365549c3be70fafb346f906af2e,27.3
d79f00813a32cded40b4575b38eb665e,99.97
d7b472813b9255677466c5cd3cbc7b31,69.9
d7c4d939dad7aa7c312ac3a86f690064,39.99
d7f374aa64da050d8e7bb9332128a1e8,98.99
d82e6b209c048cbb243bdd21489cce06,98.0
d836cdcc6b2608a7f0ddf11e9b5bb2e5,314.6
d84d4b0fd330741632546d09239344bc,19.9
d84eef527886bcba5d813645e08918d3,49.99
d8512697dee9c887444a41d7a3125ff8,93.0
d864fec759886e2c8ee25038e7f095ab,69.0
d867b200f35b3fed18f1d1ef3a6e4d5b,13.9
d86e4bc2e78c75143b9dff6ce91a3a09,74.9
d87cd982d4b793abe00c75c000c89237,76.9
d89190fac424f73403381fd7ab645e05,279.99
d894fe812f82fb1e7b7896554b45d39d,69.5
d89df8031e142bb5a28f16211b3ada43,368.9
d8a07f7d1eb0e929feeec1a6ce6358a5,26.74
d8a7587f5db85ee07524c29c57bd9434,96.0
d8b67ce6d6c062269add92dd22e8cc94,49.9
d8ba077744ee4b11f6445d54fadc7c17,115.0
d8ba8c5553a562b95fcb9de3a4d81446,90.97
d8cc9b8f7007b83e869b031fa0a0f5b3,59.9
d8dae23478ae79d7fca03f52342e2854,113.98
d8f1c0a8535010728eadc9a50e5478ec,56.99
d903cb2df3fc0df3e432bc359d8a6bf2,49.99
d904c56be9c7af2a9dd76af103699f83,66.99
d927267e54f07b9e0fd408d2f840024c,89.99
d941a608aa14794954f62d8c3da2b9dd,0.0
d948754ee35966f776d3f64b226cc476,0.0
d94e47730dff69f9f015ba5140eba246,0.0
d95330e1e04100ab8363d90639e2ae36,89.9
d953a4604f4d7831f6d13a2268dccd9c,29.99
d958c4aaa0b96792f3c6cdf041d5f71e,24.99
d9643e0f17a9f63e44217990f46a96f9,87.9
d970a2354b55cfb67fa5840b9b4936ed,105.0
d9752ac494a2b97507fd2faa478cabd9,179.8
d9764886f02a2884590e05bc3c4391b2,0.0
d97918f04ae8a0b8e8c8aa5be14b965a,44.99
d98353d2d41f1ed404991d6a4b5ab142,190.0
d983e9c0fd37fead1bf11f30ea1259b2,229.9
d984dee7d1584f0e6f2141b680f7dc32,18.9
d9a248c7d735e41a7cba546890997269,0.0
d9a46e8ca222c7571667818ee42979e9,59.98
d9abbe73143b31e0f983679ad781b143,49.0
d9b5ae1c429e2d9891c6224c2ccde990,59.9
d9dbfa0381f0935c78327417ed931dca,75.0
d9e794684f8c138cc4afd07a85dfdae4,443.0
d9e85480c2442fce7b1c6e09db3b0492,19.9
d9ffaef986305a5a589b198d8568f211,146.0
da1156ecf6d5c22b6f55a25a22b707e7,36.9
da118efbc88dc7fbf8b7562acfdfed19,21.9
da1e7179b9c5a1494d78528cbcf05aa0,59.9
da208163aefc6ab8794d98213f2f53a8,0.0
da2b78576894a7f95d45bfd20250cc54,39.9
da3d269cb723dde0477d80fb32601c20,36.0
da3f63d7531fe712a6b3cf5699530a2f,150.0
da45a9a1df408c39f013b9b0b505042c,0.0
da47eee6ab68b4f7bbc41cab7d98459a,69.9
da4f38e2697f8013c97ed2d8af65e0b9,204.93
da6578bb27787220b8d46f5128ef6ea0,0.0
da76149820a35f0ef7ab70037d9dc9c9,49.0
da8accaa0030a75e2e7848ec481a4828,49.8
da90f2535e719fd67092b67ec2541da2,179.0
da9201ceefd8ac05e85d43256b1d668e,59.9
da9a4eb4e164579e3b5d115ca0f114fb,53.5
daaf7866693b57dfa2f4c68329073801,142.99
dad1eb1624d037f15eeac6c2c2cd0843,69.0
dad83f2ce374cdd39c4f3684d660c787,0.0
dad9a329c3cdcdbcde7531336ad04c60,97.9
dadd69bfdceeadee0f68a0307d76ea45,0.0
dadeb993a5db01ccde3267ca82b5e0d0,280.0
dae054c51b471a09e91a443b87d16c04,49.99
daeca6f6c8b848cc99fd2b469f56c284,20.9
daefb889f38f3b8b82e2b467a6a024e8,156.0
daf7dfe5576b8c581e8353aa8608a008,0.0
dafa159489cf3ac4a3c61ae21fc2634b,45.9
db062747d9ad6703020b2b52362515bc,0.0
db0898e62cb42db700932d47b1d7a0d7,185.0
db1ae60d62b67a41f504e8c9f4677b68,0.0
db29571fb751833b8e3d9733d8a93000,0.0
db329e9f7ad3777b683337cfb0544222,119.69999999999999
db36f642b61273d1ffe6a24d44bf3f93,69.9
db3943e6f7e57135751b8cb9219b1a6e,0.0
db3e4742e06a8a95bb1ff58ba972f8b5,48.32
db45c52eb9758c7cbba7fceb61755c95,299.9
db4a068b5f8bcb3e5e45be643f3961b0,689.0
db4bfdfa2678e1d5e4d8c9389033388b,179.99
db51bbaef0cbd71bb1f27f5378eeb775,23.99
db7928a76b23f1fc8703953bf73cdd1e,19.9
db8f7a5276f97221dacccbf8ef9fbbc9,168.9
db9525f2339f6bb22c0ff48a64b5ac8f,119.0
db979bdfe0bbba29ecd3df3f6c50bea2,53.44
dbb0c261d3a259f7bcae89bca2183343,0.0
dbc0a39ff0c850cd0358a1fe289095b9,0.0
dbc19912d7a5ce777b71178146f803f8,0.0
dbddd2b790d224a5043cb1a76046fcc7,79.9
dbe3c825a48e75dab7ba3e4d7d0c40b0,103.83
dbebf006da451288a7b8127c3540ce22,121.9
dbef87cc78dec435200e447efcec6c38,149.99
dbf9d2d8651aa98885c12ec29829c6e0,679.8
dc083e64cab83312a8ca1ff8c2699463,62.8
dc0841d3aaec503e855801c36e6b63d0,189.9
dc184f142552a38189d5d5428d1984a6,0.0
dc316d7b72678f31955bd54ee0b4f58b,129.0
dc443b4872692acb2d61bd82c758ff75,0.0
dc4b0942fb780633d44f4f73ff69dd92,0.0
dc515b77bbc0990cc606ca579c2c52a7,190.0
dc5167d9e627d3d027404e50bf25089a,59.9
dc60c9d2751e2ec174e8d7cb3ac63147,60.9
dc6b93223a3aa3b912a8c4baadd26fc3,120.0
dc70595c0013b690bc8527b5c2a1a99f,108.0
dc71733fc0d7d609f39f9c1d4af631ca,47.49
dc72d84effd751fe08996e409a9063a0,0.0
dc759b3f371b15aa62e4bf56a123d3d2,99.9
dc83fe8f72fb4388f079a2f9b586240c,29.9
dc8c4fe2107e6688666c025fb6a6acad,24.9
dc9431e47beadfe1188b67bec3717969,41.9
dc9844b33771e435cb001b30ae742573,289.9
dc9863265867f212dad7dd6847c73c6d,505.43999999999994
dcab6749dea9e9411fd400cdf978f3ea,179.0
dcaece2588d9688376b75a288451b77a,113.0
dcc76905a40064b395622e501fc468f6,39.99
dccce67f3d3bf822b6425b90de5723d1,87.0
dcd27efb93b723b301f8bac00e5d7e01,96.0
dcd94802618619b93183b9ae4adff5e3,0.0
dcf468beeda4b0ec3079e3e6b462fa51,0.0
dcf7deeedadc35da82c0c074b1a54844,33.87
dd041c565b59e0e93cd10371d4e21a9c,142.54000000000002
dd11d408f0349a9e49a9069f02c758ef,39.9
dd1213a8c4572e20843121445430c0de,0.0
dd14af9ed633811cf5a95244633422cc,49.99
dd29549286f2438156bbc8e57b04c98a,0.0
dd2faa4ac57db365571e36695a06dc82,189.9
dd32d91b3e390767e7be4cd982cd9f56,54.9
dd3461e395b9670fcbf5edde74c7fb4b,0.0
dd4430186cffd3aee97560e84fa1acd1,77.9
dd493718ff91bbd78cc0183714db5e41,40.0
dd530943f0b4dc288d2f18098cc2e14d,0.0
dd541f4e3dd76337abcc30beba79fd41,130.0
dd738e5a9a21667e2816f20d39cf259e,13.65
dd7be927ce65354ff18a65c37e39c55d,0.0
dd8597e65bf2b021b51241cc8c4f9dea,135.0
dd9b235dbe7d48c82caca4da097a2240,357.99
dd9e24fbf151d2c634c03b2cf3812eac,107.9
ddb5e3c719efd85171d4768a3ea12475,52.0
dddfb6a3b339c13570d9ac71cb6c8f3e,300.98
ddeff064f932d917f4c938cbe8f4ac35,0.0
ddf2d1cef869535c3cd714687393fe7b,148.0
ddf60e20e6e262e2136801ce5cd628b0,45.98
ddfb23e875859d879a8cd720b621dc9a,0.0
de038e601db2bbdb12a1ab691a58f7e2,52.0
de179e054de0c203fe910e0443746173,124.99
de265abbbc00369e332f0cc51d4e544d,89.8
de2ae224bcb74731c0597181aba38de5,39.9
de3af4d9c2b5031284db689002a28365,75.0
de4e3ce43bd5085fe445e08c68b950f5,1299.0
de59b010cf39acdf49fc201bc216c784,24.9
de5eda87bc3a7ef40bb86e2b01827b24,0.0
de7c0cdd4a7d9336e71adfbfdc11334c,599.8
de7f37cea380538db54a10873bffe54d,199.0
de8c50e78cf954227ed4a99ab5c9b65b,89.66
de9ab7d2ae5374d1d19d9746ec64d2c5,59.2
deb341a4b63b6c908a512849319cf207,0.0
deb506c0525ff4b17e97718d9c349409,59.9
dec260a57209a3ff82484e6510808a3b,229.99
ded33ce6dbdeb75e7e54b7945d74f287,49.0
ded340acb51cad2b368c3e986d006ba8,159.99
ded4351942c7fc292b88e5b090af2b46,0.0
dee6507f25f601864647a16185888332,0.0
def1a6fa7d1d41faf6c99ac517468170,49.0
def6a1bb25ed86d9fc212b52d45162a1,0.0
deff56c7b9f9d9bd10bba398c4716f81,449.0
df030c3c1d42349bb0a40197e53316ab,1340.0
df033c6cca61206b057d843131600fc0,365.0
df0656c09678129487d1639d764acc1c,67.9
df096c34368fc3c803ea65b8eb1bb68a,0.0
df19c809342ecae8391e68dccf16fc8f,0.0
df1f63ae64a8a2cb1453e9149769adf1,108.0
df27c250c1f69adb0cf75d0342814ca1,0.0
df2f0e7955eb45a55eb6e4ecb1ad2331,0.0
df34b07e77750be3d64ca6498bd9d22a,210.0
df35ed1826c338d1aecc6f35bfc4dc34,18.9
df369ca5c612b816d4c0fc3641703aad,35.0
df38102d80095da57461f4e328d3ae7e,122.5
df3bcbcb88d40ad1996ad1325fe8f481,137.28
df3df161e7cbc66bc66d50cc1649ecc7,17.9
df55ce6c8cb70b6d287154e726ad9066,239.0
df6454025c6b8513d78d144824b68d94,168.0
df79907f687316b15aa0ab43ff4685b0,0.0
df806b0e569d1249276bb202baf9091a,79.99
df8a4a3bd7490ea0c639756f43b8a347,195.9
df92bfc8c606df2f1defedbd0b60a071,59.9
df9e4a3bb3a6476db4c6987a96b055bb,19.9
dfa91a18c3571d25de69331bd046ac6a,110.0
dfc569fe71e076ecc9a61b49756e6342,169.0
dfc631bc34b8cf59c55ece5cbf058454,0.0
dfe0f45b0b8cf0ce9c4cfb41c0808240,49.8
dfe404bc538d4172a3c0291fca2e74ee,623.9399999999999
dfe634d4b8e0678799178b6ec8e1b0ba,0.0
dfeea6fcfa52ea041c5b4bc28b0b150a,39.9
dfefe9b186f8c4959ae173c4c5ec4812,24.9
dff5ff8f411dd1d77875f7e17a3eb512,198.0
dffe9e17ee19ba084abefe8365c1f57e,70.0
e00261025c7c5e2971ae2311db439e69,336.0
e00cd514464e677a426819a99c2846f0,139.0
e00ff363b36712bdb3e05c7cda218272,59.8
e019a3baaadcd531fe0d32e1bdb63902,19.49
e019a4aac43a090ae332d9459b272722,94.89
e0233c751408137ec5cdde0c37e6a61a,49.0
e0298e0626c3f75d94a60dc6628f27cc,27.99
e02fbead9117aa245d80a40e05a249b4,214.9
e0335dda73513f3abff8843f0d38ef9a,39.9
e03a1bf47d42257f8e8e5e8775696622,0.0
e03ca1af2dbe3056cfd1c233ba840c59,100.0
e03ebc347c7ed319a92651b43122b8e0,154.9
e048d4f04bde3e12f337cf38d680345d,0.0
e06358b52b33afa8edfe5a0664cfe9c5,45.0
e08869b13b8407ac7473e5bd5f534d2a,72.0
e09002a1d37ff722ce6c9b44878434d5,179.0
e09b74bdbfb36ed596e4fcd32a35e1ed,180.0
e0b0f9beb31782e3174a67b875697ca0,129.6
e0bff7f12e80edb92eb445eea812d9d6,56.99
e0c138a2613d7822d9ddeff3909a9c5c,199.0
e0c3bef7c7e5679c7776c40abec7fe2b,1599.0
e0ddba2f90c646e8a37318ca04a48119,119.2
e0e0f6ba16a5348ec87df10c47ae0b4e,31.9
e0f04b36bd7eb9695d66b9b49aa2cb87,79.9
e0f8228aaaf56d5c2c07234fc825d37c,79.0
e0f866116593bf545392e2e3db42671b,0.0
e0fd7725d9467c84add5e7c9c047ceb9,125.0
e105dec92cee6465244879914c792707,1005.63
e106b0bf1efc2352bda60eaeced76675,160.0
e11326ba3a3b9c386f3c35f1d16e59d1,75.99
e11d036589bfcbcadf10a48dd989a472,124.9
e12d8a612d0688d5e1d41fc6bf837e90,89.9
e12de94bb753d1bf027df4aa95212a6c,26.9
e1399e9f6a55f443777d138d1c40bfdd,20.3
e139bc5274d13c4f54854f48b0dd25db,0.0
e1407f4d2fd92ed069307bb0b836615a,570.0
e14c078d9acd96d722eadaa49d729bc1,112.99
e14dcbca72e57d7ee7ac43d9131b12b8,28.99
e14f209ed913d2ecadf37a9d49d35967,24.5
e16e2890763e32bbd7f79208fae81d86,179.99
e17408e3713638b24626610417449cb7,29.9
e1858db871ca0cea6d07b5413f450048,359.9
e185c409705237e14313f1ea04f1699d,0.0
e186ed0b619ff1dd7eef17b1ba5c4831,759.05
e19911f2bddf9350e05754eb87c281c1,30.0
e1a63c8e2ec6942aa55536213460ddb7,0.0
e1a821d8a0ad5e951bf0e47464dd1f9e,0.0
e1b383ff6929672be549b1196972fc0d,55.8
e1b5f838a5d538b1fbe3bddcf47d30bd,569.7
e1bd9953029d9683b41f570e717f82ff,0.0
e1bebac06d393ac8bd995c5b9ea0ad67,26.19
e1c02550e84159111c72c83aeb1389dd,0.0
e1c3a02e6fd3a5919a8711dee1bc497e,82.49
e1c4a382b39243db7149e72b91498015,160.9
e1cc99aeefde14c615a58d95db131e1b,49.9
e20247a9f1cdb71d4415f2a0903212f9,0.0
e2025196f6b427896e38326e6b1ff553,114.0
e21bcb965a4ae840d08fc2d602104fd3,0.0
e224314f1f6f52e824d9584eed4f53f3,99.9
e22c7e55a547f8d9bc30d2957ba1c9c5,139.0
e230a164fb32a2f0e5c0fc37eace2170,44.9
e2340f5098380d7686658168aab61a36,109.9
e23e90a0ff97d025c01377537ddeff05,179.96
e24412dbb37fcabe11101f614ceed41a,99.0
e25a36b02a88228100e0d0e53d845777,0.0
e25e370b86824ff1a40d01c259cadd98,279.99
e261dace2d1fe8f854e1597b9e507d31,86.0
e264ef071f4c0fb4a0f3e9139b283dee,239.99
e27f3ddcf51ef11b17c7801428999156,119.8
e27f99c3e38c91b51381bf82186a2cee,169.9
e287540a435ded39e67b042ba9cddd8c,39.6
e289cfccc692a345aa1994ee5b18d97d,175.0
e2922fb2fe6f62e4692ffef35646c647,199.0
e2a39e986034a5b5dfd3df5b949fa618,109.9
e2a96003df4645da636aa77f7af2c16d,68.0
e2ca9c67725cb7205986dd3a5bcb9c7b,135.0
e2cca4a06fe6a1f070aca81f919ec50c,12.9
e2d7f534cc0ecd215219ee87abf8c401,86.9
e2d911b9c9ec50ffcdbb80b4aa8e7f2d,49.5
e2da23eccfb3e41be791daaa219d75c0,0.0
e2dfa3127fedbbca9707b36304996dab,19.9
e2e92eb45afee3da92849c04f5304a48,109.0
e2f8834d5843f8e622e4bff2a9498168,79.99
e2fa02776abcbf7246ffd18f58e120ea,179.99
e3087e6bc090e8f46fe899b2b8dbb026,50.9
e30e0e57e66477dad963535b38974023,0.0
e30f234f250604cf46ff34ebd671e7f6,59.9
e3182b1d615eaff78ec0dae99397e89e,0.0
e3190cb18f524a87ea71c46564c77c02,99.0
e3260fa8e032791819785af06bb26369,49.0
e3276a09829510513e2f055f953b2aed,224.0
e3301490c373db9263c15a73172d0c6f,113.99
e33dfeac8b29b2e3815899870e54f362,49.95
e33e58f0dfe9b327752c1aa21f004547,46.9
e3405e8bbd4b26de8e5dc6c17613ad50,240.0
e345b7d024013746026a4f9492bb1223,289.99
e3473cd317c18ca696e241815aed4de1,69.9
e34c56da9aac39ebc70662c7f4314937,229.99
e38bf9a883752b0b65407a103fd7ef30,30.9
e395db9777355d755374af8e18f36548,129.99
e3989ce8a4e6df11d6e653380b318640,0.0
e39a7d7fd722668fe4c6b9873ee72638,0.0
e3a1dea65fc0a4ac232d2d95734f8ffb,0.0
e3a5f5e65ff3b780847f89dcc81c344b,52.5
e3bcfea9bab07b492391664fc1ffc28a,0.0
e3c0567a8b991a9d812ee91f2650db40,18.5
e3ddd5173292d5aa03388d33b74181bc,89.99
e3df2646a7693da42f14cdbd5fe7e969,98.99
e3e3aea25fbe50f00d7e7ddecc9ba96a,129.99
e4000306cf2f63714e6bb70dd20a6592,170.97
e4116a753c957e67c646e447c2141b2e,0.0
e4206d9f87b6c72fb4e1922e20e29917,0.0
e425e8c3a6a56a0d0cf04b08cf40ad58,45.0
e428db1e8a000b274f1e4e5189e9150b,0.0
e42c4dd98307152b732690ea8bc5f61d,49.99
e42f9acfa96158aedb678a0ecf07f908,29.9
e43bc7bbe7b392fe9e923e936524ef5e,145.95
e44110c2ff342e5bbda6c2224d94bbe6,189.0
e447b61eb2c970fdc89d681d79b01765,109.9
e46460e7d67b07b96da1fd59ea1ca3fe,37.99
e4746dd3d0505d63f0ff08366a0fc8ca,122.9
e476843c331c4261a33844b54d0d3409,0.0
e47b298c565467e3d43636d5211c0ddd,0.0
e47e7465e3dc440e96374b8dde062f9c,159.99
e486555873e1947a1de7b1ff1e8c3554,55.65
e49047a4c83acc67477aea24e68e0d10,59.8
e490e6ff8808446e7b6c9f39ea5926ef,1149.65
e49731877dfcf625e614019ac6b82de8,25.9
e49b5376d3eb639d5dc6e2851a2e73a1,29.5
e4bbcc533fdf3917c56dea2c43bf2084,86.9
e4bd14f440ef8ed8d3cf48ebf731fd7f,51.0
e4bd579c28cb9ce017feb990171bc957,95.0
e4c027c785dad2335ef0224ab5bad8d4,120.0
e4e4b8552ae792cc58e07b3360033016,35.99
e4e6876cca9888203156816a0e2a7523,14.9
e4efc3b55060412aa551053c35f581f4,0.0
e4f8995d1c02567ac653a0016a2a195b,229.99
e4fa7e3641d015919cf66a0919c1e7e6,99.9
e4fee005515f62ed99b3f4e09d921d0d,0.0
e51eaffb93507fb621df4131e0454edd,189.9
e52ae9727cc55d618b980d016a274cc7,28.9
e52d8bf5666be73028f2573fb19d1304,259.0
e53d5867adb7d3d00d046b004fff2e95,0.0
e550a3e35434ae49ef5fc19b03038f39,49.9
e552f9058852b6d263b3463abca2c07b,99.0
e559037a41c00e67a8f44632d83e1475,20.89
e559839364c5291151976b2c69daa5fd,0.0
e559969619d1a0922477a2d8cfaf50d9,37.98
e55ff332cb2752e2bf1be25cc725c801,99.9
e56c92245b4ec59712e11080051de6e3,179.78
e57065168c3718bdfcf543c020c2d2d0,44.9
e573a0cfd274f1b93437e8aa24a45e8f,0.0
e578d96e5bd3851422a5a12455f10a37,159.0
e581f5bacf37ab239992e761964278a2,99.9
e588f1b5d00b4697f453375ba8fedad5,325.0
e58a978fc59d070baefbaea0292456eb,199.98
e58c0425c86af4194fe83131da0673a0,124.9
e59d2aaa438875714d5b01a24b48aa49,295.0
e5a90deae8eef691859d8bd3649c5536,32.0
e5aff219fad70bd49fa3e44223006b09,93.0
e5da246ec8495416c700f325533688b6,89.91
e5eed5d0afc1ee8620468918995df9f6,99.99
e5f02d7d17c6b96e78f078a555516a23,48.9
e5f4c50b9b79024bcf048ad25fa518b6,9.0
e60599551efd9a16671ddf0668aea5f1,147.0
e616b8462d4d4fadad750989fe75d0a4,93.9
e61f0f032bc92cadf0ec55f9c1c8b5ec,0.0
e62169ba0cb892e8e7b57e8602f8da7f,0.0
e6265c2122da57d6bb3df820dec0d905,0.0
e634cac201375acd5919890a31445426,34.9
e63b7e65ecb65d0d1624a564fa2c8cff,7.0
e63d1b81ea1a2cc0a9468c06a4305e09,56.99
e64269d4e5997521884e61069f671fc8,58.0
e6428c4b3e9771c097f0ec6d16fd1d96,175.0
e64711458e5538f51bc01c3388443450,144.99
e6558a7e200fd62e29e284c91e771b00,41.5
e6615a6b892c0ae58f8d1e1bd8f1c609,89.9
e68790871f64ddcc3e7f47040727a0f0,117.3
e69a2237d79485b1bf4c1b4dca757b4c,79.9
e69c664cef877ebf383baaad71573e5e,149.99
e69e2b2ce493d7d2307b2588fd1614bd,119.99
e69f2718de164c3f1a592ec3f3e68dd3,118.13
e6aede5b2818df1b512845c729cf7463,1098.0
e6b34658d05806bc09a58a9b0814e93b,69.99
e6b7d4d4935d76db6efb38e40bbdd43e,29.9
e6b9dca9843cca78a45a342dbc75ec62,0.0
e6bfc657dec39a875b8d3e2d9fed8d62,115.0
e6c4ff8a40f09e03dc463d697066056a,119.8
e6ca72b67c6e4ff59f24daaa03d0f593,129.0
e6d3a211ef39d127621ff7b413af85bd,186.0
e6d5de7faa32aae4746d4900a9ceb236,0.0
e6e960c1e6bb00b15cab440eef8d6875,199.0
e6eb191ddc04af07531ff36d2caca1ff,79.99
e6eb6cfd376785a831c39d868572d0e4,105.0
e6ecf8f816d5aa381b49e989645c9471,139.0
e6edb226c81532e64e91558ee64dcea7,109.8
e6f10d37b6e31dc71fc68263c9a0ef0d,104.0
e6f1d12fccf59c1b98c41d5b818c4138,0.0
e6fa7cc86905b2aa644fcce145e2dc80,269.9
e6fdeb2ae78e71035c9db4c86e778455,99.0
e706413ab8ea0f24e331d90182dbd897,27.93
e707dc75cda76b17ee5585ded1d2eb5e,322.0
e717c553c2b3baed9873e84dbb210f48,299.99
e72c54ba06b40cea8b3099c6662ef3eb,55.5
e72ca4ec535043aba6d08184a176341a,0.0
e73b42bdb071b28c0826e288cc7983f7,67.0
e746ffe09133375bd7a8cd10ddd7c89a,0.0
e74bac33c74acb3dccc5a5bc302dc527,69.0
e75299e7341399b1d5f990c7d13b2773,0.0
e76c8258cfa1b0c9ed716977fb84f0c8,19.9
e77efb6522986a5e862a54dd91251bb3,89.0
e780757b43bdb9a1abdf5bc54dfbf54e,0.0
e780f220ae4ea7c90dfb37f103e41950,34.99
e78187213bc8a0ac295b98485bbe9441,129.8
e7931edb23d9f6c6cbb441a68134fa00,159.0
e79e1a72ae3be0874ceaed13900757a8,0.0
e7a0b95fe6d4836d124b1566642ffbec,0.0
e7ba333fbe7c3afa5f89cb575f9eac6e,0.0
e7bf2599abad3230657a9b520ec337e2,38.99
e7e4ae6b758798774a5fa6afdc236c02,117.0
e7fb9f1bc1af781c26af81deea39de70,159.9
e803c2ae7cade79fbf83dad91e48203a,129.0
e8085241eb1297eaa9bfa9453ea0b1ca,49.9
e808aa0ce98f33e671bf3e5b47756564,0.0
e8092d3af4962027cd1f45d669494cd6,0.0
e80a8c34a80c26fe8c70c6d316c7f1c4,199.0
e81dd1589aadf99b5c59c15289de5df0,23.9
e846010bf9fc991b1283ee2de425fae2,0.0
e84ac1e802114860d63efeff52694d38,116.9
e85aa5ea969fd37243d6d1551500447e,79.98
e86c8c3deb1931319cacce610efc4514,32.99
e88522b2099d00ffd478720abcaeba48,0.0
e88704adc73b8ffee316e21ae63e6f0e,47.99
e88ed2cb0285a475c13f51bbde9e6f36,45.99
e8909eabc0b5ef3f6e86cb6a53fc6758,0.0
e8972c7faa1ea06a4dc10c991aef5eb4,78.0
e89bab624ed1d8c75012bf52bacc654c,23.99
e89bf89e2621b5aeb4c181e69a8c6952,0.0
e8a7165667b5a473e0b04dae68d6b88d,119.0
e8b4b9cf7e6a2e6e13371f3439a4a1ba,184.06
e8b82b7189d0161005e4bacb11e209ea,149.99
e8bab621313ad2a3c0ce8e3a023ff9bb,0.0
e8c5dfe905d9613124f527839d4a002e,84.9
e8dffc994f5e11c852b8706c0470ce53,84.99
e8e2449fa453dd320f605734798bb093,99.0
e8e2ebd9428c8ec572b61a8b0065873f,199.9
e8e6ad15f20b2fa12d9ce4c6289e38ba,55.9
e8ec004df6d22ae031607c67f3d4f8dc,74.9
e8f2f808befac3751a24bf41b69673f0,186.99
e8fb80236bb14f2caec27c7a7f493359,29.9
e8fdc48586ede8c54d9dd454f21b30d6,0.0
e90dc9258e140b61728e3745eacb26fe,479.77
e90f272d5dd5127cfac1bc553a142b3a,36.9
e90f4d881abb391d0392ef162ddc35fb,199.96
e91a66767e2d402a7ad1dbe8ee9cd690,25.0
e91d99078659be9b7b474bd69cb53ac3,224.70000000000002
e927c84f4df4da16a912d38be0b63da4,144.0
e92cf8004da0ba60863ad7d5bd816f5c,0.0
e93734fde27018134fa655ddd52c774c,69.0
e93d9a6b5205ffb13668bdea1285c973,150.0
e948e2ea40babf8a45031e4c1e5c1504,58.0
e9494560865a85c42137b2620c9a0889,153.0
e95ee26dc2deadf1d73c8678f82e44d9,41.5
e97109680b052ee858d93a539597bba7,31.9
e983d6a5d6a92e29fcc48d7b42a6031e,395.0
e988d62d7f4cc99ba5c365220d1c17b3,0.0
e9b5c04c2364a0d172307ecb95a74ef4,69.9
e9c484d9dcf31bbc2c94118f6a79d007,104.9
e9c60120b92bd4db7a31c61afb598b2f,39.9
e9c9682161ad1d5f51d7ae6e07447f88,0.0
e9dc392ca45bbd1c3faf921ccd7ebbd1,264.99
e9e106a3223495b9c7bfe80b84a5c293,117.33
e9e222c7329e066228c28fbf0bea98ec,149.99
e9ea974c698b57da5b96f665da9d7b1c,58.99
e9f3a93637f1e7461a13032d6ad84661,45.62
e9f5dd4be49421d8bee2a0f8dd7e439f,42.9
ea1047b9edfc80b38ec0c2502432d577,0.0
ea134de7de1af089905e923b036a7fe4,14.0
ea181cbd6e92042ba5c8dc8ff10318e5,69.99
ea201d395b28edab46f644127fbd34ac,0.0
ea20fb8852a37fb8519b72f172bb3d67,415.88
ea354e8bfd0528f5bcfb2b5c305b6496,0.0
ea3bc531491303af49fba79aab775963,33.9
ea45fdfe8aaa3f81604b23a652c49fcf,119.8
ea4a8de10fce39388e467e38acbe63fc,34.9
ea4d52b176423e61a84052b0f4717be9,105.0
ea5285161c5b3fceaeb2c38b6c9b6da2,0.0
ea5ba533074aeff0844eab0c690b2c7a,23.99
ea638fb7f3303f3c72cf8e7af61a6a37,123.89
ea7eb5e5136faca8760cd23ca8f46410,110.0
ea870f4fdfd85ac98ab775b76efe3143,144.99
ea8bdf937b5ceae8fbaa953862dda224,29.99
ea9d1d54202e5efc875aeb93cf48b20b,22.5
eaefa1e081dbc951edfa76cccd68f018,14.49
eafdb06906a4d6764948319c9e722e26,144.0
eaff5cd23fd2561c791fbf1e492f5dc5,185.0
eb0b2b27092b331ff01b1998f71e180a,0.0
eb0c8f36a5a4d82d68050a1b95ff2faa,56.54
eb17a45cc9586bc95b8ea855d83e7b6f,60.0
eb255e9f7f5fbc8315061b20ae8f3ad7,69.9
eb2f077015f1bd2425e18d03f5518252,179.9
eb2f753482ad0fe9d19138e4eb07985a,299.0
eb406f65c94700a8e09d6cf2c4c1ef9f,98.63
eb4520b16c32518b6615f2d50f1be1bb,179.98
eb6032dea9f269982768cc6eed456cc0,19.9
eb679f5c31d49d7a27b04db1e948b959,899.99
eb8367e178d144706a4ff3da62d284cb,38.0
eb8559e29e05f13da4c369aa00081da6,99.0
eb859d4b5ab54b643d2c0cedaca0c9fb,249.9
eb8ba0e91b822fefb8d7f0243881647d,259.8
eb9414e9c56dacd436c2b7a274b34983,0.0
eb95548b5609bc72326178567edf6f69,0.0
eba4578c5f557801a1a0e70e71fd6580,69.9
eba95c4194cfabd51ed78f00dad89815,43.8
ebcabf25f7c1fe3f0b1dc696cb94f1e7,89.99
ebd29227edeb5b2661cc8dbeeaeacf60,144.41
ebedac088806fe85e8083426d9e952e3,139.8
ebf6809d3711acdd1701b98544f57d0b,99.9
ec039b68b511c08af9ca9e49e7419e70,248.99
ec0d14f6ecca05089a0a9e0440d3d8de,24.9
ec1857e9f38a9fc1e288aeb48afda567,59.0
ec2121e4614c17cbad97cc243a299d17,0.0
ec441c1966bfa602976763f330fc5168,0.0
ec4577a86e2563cd8ac681f74ca30f47,149.9
ec59dafb5820ce13fcc2fd6402be9b54,419.3
ec61877bf79d83a203085ea6022cb384,19.9
ec66304b229f162d56f6711761aa8311,0.0
ec6a267aac7d40277f50dfed2d449cf1,28.7
ec6b8265aff906d167dea1b6fac6327a,29.99
ec6da744b820c4d98e6e74d2fee09634,170.0
ec7ff0c5e0b5495ed3c49c6bfd6d9ca1,174.9
ec85abbbac44c1bb668a04903d033b6d,0.0
ec9e9ceb08705ea60ca51e8697b8b68a,0.0
eca3a8926046168aff9d798845a45446,54.99
eca8b601332d77bbeaebd6777d239e5b,0.0
eca99c7b0bb707d3f08b027e8994b79e,0.0
ecb80b0bfe3fe9140d314839cfb3a7df,500.0
ecb8b41c3b84f98546950696321100d8,161.9
ecc519255f1070babb6f6bb93f56b183,0.0
ecc6d0f3eb9435df737e1f0d9a1c6d3f,199.9
ecc930730890330ced95c4fc78d4a91c,59.99
ecf3b5c0c40d0fe49084ec3a467b952d,94.5
ed2d367a770fb3218c2b37cd4dc26381,12.25
ed3c685828145919f83c3df6209a57e9,89.0
ed404c92ac3d0b621e1ddc2c3f947de9,35.99
ed54434e600602d26905e55f0cc61a50,0.0
ed6656660ab96a9ccb13277219024335,0.0
ed770d411ea2e927e3b2dc575c0ca653,66.55
ed9d56556693e0497814d1ff8607179d,0.0
ed9fce60567d03fff71f9c06084c998e,0.0
edbc116669001dfae2e4b0b7d23f7b12,0.0
edc9873039c3986b086a6fa6953bcf27,39.98
edd0d266ff17dbbc60ee63eaa7cc4fb0,0.0
edd5bf7a832faf132ed09bd37bd78438,0.0
edd5f04fdd44b267bc93f4dcc01016a8,49.9
edec9dc5759b4c2c62832162127ee800,488.99
edf0cf9568d3eb609706a98548c06e83,69.99
edf776664f19fc473c3c67fb28939a9a,127.9
ee053c87e7fb771f1326ad7f8592c28e,155.0
ee23e2b6350cac2c40e521f2253706b7,0.0
ee24b1378c5c548784515158f298b392,0.0
ee25395beccf60a948ec3591ec9ddacf,24.9
ee3074a0ae884d6cfbe6a79a3f76f729,0.0
ee3575d8ee7cd3251e3efd6f9cf23fea,249.22
ee3944b64a4a9207cf551a5fe12982d1,0.0
ee3f102da1f94d5782046090f5c6c67c,377.0
ee40f86698d1bf94897d87fe5dbc1b2a,31.9
ee464d4fde64c19df72f3051c29e0803,28.0
ee4a83704c2de0dc8266893fa5cf966b,182.0
ee93308f8889d7d12be43a9d18bcb405,16.99
ee98818c6687d02e43557a4ea0178b2b,0.0
eea6e5f01ce486fd7727e0611cdbaacd,0.0
eec8231e8d513be98954dbcbe946528d,104.8
eec986cd55c7e9216de6c9cbe49979d3,9.9
eed62c02f6a5da5c0b856bb612d42cd6,173.8
eede3c924dcfa1c4340e70b50010be26,84.9
ef1c2fafea5285a4bfb61386bc5e3154,218.0
ef1d0f1922417f396a0aa0a03296c572,134.99
ef2c223efd90366cb6639746cfcfc7ad,63.99
ef4ae125724cae06f46da6a302c610d2,259.95
ef583977570de5ee4dcb0cb083bde3e1,21.9
ef5947984bf1aad3ed84c0ad7da9f059,0.0
ef6bed289484bbefdf0ff228126fe5ce,0.0
ef6f13afb9897c1d50fa603c47749b86,137.9
ef703a9d0ca43405418d06ccd6f5c0e6,64.89
ef882a6d4c534617972ab417947a77c1,38.99
ef8ca435dfe12287e7b14c1acd311f77,62.9
ef94319730784638e47138ded9d23014,0.0
ef95fc30ec507e9c99984f33121a8276,151.74
efa0f03926c32196b7872e25a183ee84,78.0
efa257ffe785fde9dff1241339324f8d,299.9
efc37ae565ee0943cca2b89fc65c4d6f,25.99
efc58ec022b8ccef70b3218b74b0fd7e,150.9
efd877ae53d38706d4019f46bd72579a,0.0
efdde190794fc1f7e2d1c91dda5453fe,0.0
efe8f87089ec28b1a681c20afa307784,223.0
eff12d4447f137712a387179ac15799f,141.98
effbebdf9854a4a1fa1783211054115e,89.0
f00a8a03e3037fa13779c6659df93647,0.0
f00aa1cfc257dfff20184269b19db923,0.0
f00dcc95289fc9d9a4938889748b94fe,0.0
f045bce89b92a2f52e084f72a1d10f8e,29.99
f053e082c3563fa331d4cd0c5d8ec177,157.89
f065c58f598684358eb6d2bc13e67ca9,139.98
f06c7ebe0f12b42eab6530215eecdc9f,45.95
f06d35a600b606329886d392afda66c7,0.0
f06dc1c33574bc4dd6225512fcfc3579,29.99
f08e73cf7f4d6403ec07e52497eb01bf,56.99
f098fb162e43b4018ec692ecdbb07cf1,174.99
f0a5d3542d18371f20467e53bb1e532b,180.49
f0b061f3c7f8b82f476bad34fb685ecd,335.0
f0b0e449bba201325e533f3f18596296,79.0
f0b7acd2e2d0980cde86801f38ee0e6f,289.0
f0cd1ff60635329804480b6c8f71e434,855.0
f0e26559ebc99fee583e3cc2c73d2ee7,149.9
f0e4503675216b3763cac5b231b4c053,149.9
f0e721656838e4d20a956242308007c7,228.0
f0f4fb215b9f40de47a8e6d679466d6f,99.9
f1097c9562bd8f87de1e69c30b3b08eb,119.8
f10bbd7b7956d31e6ae6473eb6fd852e,0.0
f11555b4396eaa69a4c0980aa3522648,23.0
f121995493925a5ef0b46a13f594e0ab,419.99
f1222bacdff89a25eb29e54eeaabbe6b,19.9
f1236fdb8932b2aa1cebcc082b8fef62,0.0
f12f064c0a45fa8ac5b7d8934d1bf853,80.0
f13f6afa0bcce14330a5bcb6f1076904,169.0
f1405c699dfee99f02a06fb8e6a5e46d,49.9
f145d50379275ab9931636f83b0102eb,0.0
f1502c61446672ca641cf3ebe7d4f445,139.8
f152e6e63c0a4d7958c5a5ccc09d6206,39.99
f152faf30f85d9b5784cc9a72611a810,0.0
f164563c345a44cae29b45218a82e1e7,70.0
f171039a67a78b3d57475168802da70a,6.9
f172c33b146e90b95ee12499eb6632cb,139.0
f175a16d4e5581676e72c0d321d9ff7e,59.9
f18e5b4c9e3a327346899fe26be08297,0.0
f1934cf6662a6b649f1338693a504eb6,34.9
f1aa8a93852ae3083c1df4e1d57e633c,79.0
f1c0a99b859f709be78ef0d292178403,84.99
f1c756fd2bfecc4219c72b2f819339b0,86.4
f1e0cfbcfd9aebd6d003f6667551a9ae,597.0
f1efc19f85b4823a0bfde8f77f913207,399.0
f1f0f260afc590119fac7cf5329b259c,66.99
f1f4f45c8602d0db1329eed1c8e935d4,27.9
f1f63855251a2ca72167f4eb6be56f3a,44.49
f1fe705bc4a9f9b1508be25a3e4141f0,455.88
f20aa79a6aa0dcc36506e84cb6a6ecec,75.0
f22a4eec99b70235446454b0db95ba19,45.9
f22c272b1abf07d355eee4c03f281b01,224.8
f23f0d559d56c42d76ada36eeb3abeb7,117.3
f2414e5fd75a810631336ec0553262d9,0.0
f24ca8e0a6f2d24d865cc28b2d662dcc,24.99
f25c83fef4ae7252feec416e7927acac,108.0
f25f06e6fe07270ef5d0e88f19f178d0,0.0
f25f4335773e57531fab383b2a86d978,21.99
f26afffdc68c5034a7ec4bba93e3c1b5,49.0
f272262b63e80c07cae02c8f07a777f0,49.9
f299134f7efff5b49cc413e408f1036c,0.0
f29cbfd17d3e53191eedbd919a793435,320.45
f2a84e3bcb9db0d7ae7f66c23f6a390d,26.33
f2a85dec752b8517b5e58a06ff3cd937,0.0
f2a9bc9a1db05c873e1419654f747f9e,109.0
f2beb52a2427676390b75433a5a03bf7,0.0
f2e2e77dbdaf9b39a7a96b3d8dbdc978,119.99
f2eb5bf76a4172b5ac7fc0ce6d64c3da,59.98
f300b00a19af4d4f7bdf9f4524c4587a,19.99
f3033234e737e044ab64490153959611,559.0
f31ac54af6af7097bddd1053011e7a3a,0.0
f3227a87d760e7bbcaf5377918fd68a5,0.0
f324fb2ff71d3fe466169a995de25315,79.9
f329e0e1d8897ffa466a836ed216a23b,89.9
f32cdbbeca0aba5358bddc018dd12b09,149.9
f34748d5989b5cc736a0061dee1c9e34,149.0
f34dfcdc027db0be5e53a0e18f1bf343,124.9
f3583c1f4a492c319e60501645848fef,643.91
f3591ae7686317e84ebbf646bedf3e24,55.0
f36f76de5290df0bae563f9cdccffeb7,159.0
f37bd405972a0229ec900f3743f5bca6,34.9
f38087a7d03a8c815c7e60d0b5be42d4,29.9
f3832392e675c6ffa590ac21b517b47d,369.0
f38abe5be343e356dcd076791818e860,438.0
f38d0a168948a5dd98c2b8e0f9eb3120,36.99
f39f8439765f730d6a6b60d2767d043d,175.0
f3aa14594942821a50e8347e0899b046,42.0
f3bc8bc615e7ba5d35557950518568fb,339.0
f3c1362badd3a3912699f9b8461e20cd,0.0
f3cd4edf8e8a2fb21b3291cb195e5e59,99.9
f3d96550a8adeb771fe53948521cf602,66.99
f3df2c0b7cf3814b81b37ff6273f76cd,50.0
f3e71989aaa365356d121d87129aa2ce,0.0
f3fb25aac32cb3dc255529c6dc74ddae,29.9
f3fb635e8df1903c48444b195d8d4b76,180.0
f4089943e1529aefcd2733e1eecf877a,0.0
f41aff28fb2e2bc57786226f35582408,68.8
f4247aab6898d547d364286a6caed2e6,129.99
f45669f4fe48c48b6d5065322ac387be,0.0
f4622fd1353fd00937f9a1bb0eda8293,104.0
f46971f1ac7b376b668114a027c98e78,259.9
f47a531a66bde7d4f0e085818fa2d733,0.0
f483e92c95c352c32547925219237cad,86.0
f4876c612a0aae8ca7fd40f061df9796,173.25
f48a9bdc7d38b43bba4082517ea1bc07,0.0
f48daf2f5cf6d61732f15d6352858b60,99.9
f494b1241d3a74fb58feeb1d6fd23830,499.9
f499e2267aa2b626fde8602746d1a299,86.9
f499f5419a0121c20de531d64dad5ddd,72.99
f4a0b070b5295e861853a30bd868296d,59.9
f4a7ef6bd931f83d75d83b71c94e90df,0.0
f4c01ec1c1160a873642b614ebd6d72c,94.99
f4c8f8a862c73b83c4a9895e56dd67a6,129.9
f4cd5bc269eca5d2413a8ce49ce755f6,19.9
f4dbcaccf7b1b14540160b1ea484f7fb,66.99
f4eccb8dace4acec8e518c4efe0e4478,199.9
f4f57b6d32475f5a23596ecc34772860,35.9
f4f8e2a81b32bcd22eeb2c43f6e3920d,147.0
f503c2e0c0fb1b4b258f681a5d474d05,31.9
f50a2672e48fa156eb26a144aa6aecf8,64.99
f511b6d115fc112892dbc612cd3d9358,99.99
f51a647a551b866c440921b7f2b5683f,34.9
f5249264629739684c1701c31078587e,109.9
f529837b055ca5d7986bd18cfddfe0b9,22.0
f52b4d471a3fd579ed98ab5aa6763857,264.9
f5343b81fc38f6aa6ca92e8c917cfdb9,195.9
f53d847d49d33538c9a0d17251ceb68a,149.97
f5472555b3e63eedcccf98ed40571431,27.9
f54b2ebefa4a4e43e7fcd3b4de96795c,19.9
f5533ec1e61c73fc8457bb73769730fc,0.0
f5a5932a4039f737885fd123e4e5f66c,48.9
f5add44bf786bd861fd6108d400cbaa5,125.02
f5af12033765b06b3df8faf68cae86bf,139.8
f5b080930d88f9d787e499810b108229,119.8
f5c0ae7b842c7ff8ccb4ed83ff9e85ba,0.0
f5cb81f98962f7504bef1e75579b6dff,122.99
f5cd72e7209640c294bad4d57f4f7772,299.0
f5ced93f8c969fc52fcda8415e8bcc42,0.0
f5dd55175349083073fe1321c976542d,0.0
f5faafcfd2343397124c26009e3f7eec,34.9
f5fed14b3b0f00d69196719fd821b26a,29.9
f606b0b8bf72286165118a734858718d,59.49
f609af8564851374ca7b2b8a846864dd,27.99
f6139ab3e9e9100d5210dc8467c38663,104.0
f62f269f9ce7c41d20a90f70df873f42,759.99
f63fcf3596aa843b978f6c2edff4be06,59.99
f64670b91d010c501e79abf22c28d0ee,122.99
f64ec6d8dd29940264cd0bbb5ecade8a,72.0
f64ee7b44a9c2170a0db74d6bc3d1ba8,56.99
f664050e626abfb5b829ea47ee66a996,159.9
f668da9fd026fcb79d28ab116c6c2b02,0.0
f68cbab6cbaab1d6226e2dafed486578,39.99
f68ea95fb5e23cf5b7339307f9d17472,28.0
f68f314d91a7d17c907e7d25d94d8b75,0.0
f6973363ab87a706ac0b9138b4bd3ac8,28.9
f69dd277696f9a8fbe3745934891c18a,188.39999999999998
f6a32c842b68a86a92045fc0534c0a3d,120.0
f6bd60ae86266e0e13b8fef85e760e24,249.9
f6cb427433e01f43f79ff7a3b1f4222a,59.9
f6d9da147a1feafa65e8d57c51cea44a,0.0
f6da5ed92e9091f6dc98d4f3aeac6a60,119.99
f6db892e508b52b2419ce2fe09628d7c,359.0
f6db9c2162ee3658e5520c00a090b7c4,179.9
f6dc4789e4669873c35f8f92fdbed89f,220.0
f6dcece0f07ffc415dfb1c37649d68ab,199.0
f7094d4271d1de526d9a9f47d1d5ddda,0.0
f710c6901968ec0a8bed20d789690102,179.0
f718c0d9105095ab5934df963067dadb,49.9
f71fd390acf98dd3af1396d6c6b528b1,129.99
f72d1ee92d55688d07ca88506300715e,26.18
f733f4254cce4a375a82258c272d1549,52.9
f7375ab8456df55bdfc4d5f7dc5fb09e,459.98
f73a70138af8debfc92ab98ce85d61e5,13.7
f73e2e116849c1f6e7fb0c9c19cdf54e,57.49
f75d280e67adbfb5959a3782fa91e2fd,299.9
f75fb51dbb29d8fba1eb3eb7576293aa,0.0
f7603d34c795584792a484186233e6e5,29.99
f766f748d5a4af99224f8f36f2e433e9,125.0
f78510c2bc0b6eb2090e349fbfc3adc0,17.99
f7868a334063a6d3943900186a61dff4,0.0
f792e65d3f71892a1d60f6cf17cc58b1,249.9
f798248f7c40b683f7b083a3ee360710,0.0
f79b2ebd29ffe1d8d9b6f1dc7736ecdf,175.99
f79d2f710af349c8d0a6323b0c7592fe,0.0
f7b0a94b66a224df7b191f69ccae5a55,112.0
f7b223e244004385231a6e4db45a06a9,86.9
f7be9bec658c62ab6240b44cd26c0b84,0.0
f7d92c7b7b77cf23e063b408e2ba0bfd,19.9
f80125969d737b5ac29b614db66034b8,39.9
f80521e48c7cb490d80e6b021f180626,189.9
f80a8062c0f2b54fd6a558433445c5df,0.0
f80dfcd9f0d530c94e8d82dc32b54278,42.93
f80f64729a21d6e43b84b637f289b5f8,29.99
f81ad6f6ac826325fd953e470dc63a1a,149.9
f81bd58e79b9717dc8a5edb0c4f0b502,72.9
f81ebcdfffa17b86ae52ba407ef69a99,270.0
f84b6bbea318730a304d9bcafd99b9b1,28.75
f85afbaa789589a925e9d3d2f8298f0c,115.0
f8666e50d990ee722b53e8a3bdc57fbe,167.68
f87119243e35259242f575fa8e447fed,119.99
f8775885b850a0a164eb55c1d12c8821,62.79
f88d4e4a9125083a65e8073383c81d32,249.0
f8923190cc35533d1e9ea6a9eda75e4f,129.99
f89f986f723349c377779c8197fa7ce5,12.65
f8a9befd1f5909a1abfbee6367aa362f,37.9
f8ab5ce36181ece75f0d3187871b2a16,15.99
f8bffe1586fdae62dd3646353a25f958,16.9
f8c680f325076e63a1d68880937258b2,221.99
f8cc4ccf2ab328a1cef35f3617d7b19d,679.0
f8d1c91f3c3c77bc0dca37c164e7e713,56.97
f8dafbf2639c7ea16883679d48e91291,19.89
f8f6ed51ded0d4757a6153f5ce0f8906,0.0
f909ff8bdc31cc6f111ff5c05efb81fa,0.0
f91a0235d18984973f88cdf07a23330c,589.0
f91aa7e2a0404e931a19f0cb1ecf9426,56.99
f9372e247ea4f46be6f797ca1936d68d,0.0
f96171fd9cd9d9810f7053c5263ce594,0.0
f96464832b8cf295888b6035b62c6fd4,124.7
f9704cfe97e0f31474c90f255b834511,130.0
f97ab9c166ca8d6f5313653ee439a6a8,13.3
f987537e06b2e0fc86d565c2ec019d5c,48.9
f98b5b5ddcbbba6ad958d7356d14af69,79.0
f98c176aa45d1fb308a31791727483a8,269.99
f98ea135d87661aac5b16fe7fed30c30,0.0
f99f864daa60fae827c1a42691f11d81,140.0
f9a2090a26802e418b4ea39294bcfa98,24.99
f9c4e8531c2fe4159beb562fd7c2bd59,138.0
f9c75a729bd4f0b6c346b18ad9fbc1cb,0.0
f9d7b5bd17a1c2623a4d73d9a166c869,71.4
f9df625a68cf59005f7683f8d096a7a0,60.0
f9ec24fb9f7ff631c6dd18328df0013c,79.0
f9effeed3df9ae063a58c0759b96f8b2,190.0
f9f52c3805c3a5ab1e78dac53cfa254f,31.0
fa01b801b0581c39cc4140fb75004d6b,69.0
fa03f39a053e233abd89eb849f1b8997,121.8
fa0701d2dced2266ee18d93d4b4fe37e,58.2
fa0ee7ceb94193fb02aa78ce3a55695a,42.9
fa1d2b263e93bd4561c0be5be2123628,48.9
fa5381b23512b42e87cf186ebb8ab9b7,80.9
fa57ef337cf4dbb67f82bc1d68c2da1d,45.8
fa5e354ace8302f04b2d43b216526f5f,110.99
fa7eb505fcfa90dc0dc9a40cd2d68a11,39.99
fa8761b2e898f2f2bf15c6e4b2ab1f5e,12.0
fa8a32304af9e335488c8ddae5f6bbc6,23.89
fa93a560ff6d03af77a815849a6e4233,46.9
fa98d9f9af1e16e0e205a601b0ccbe1f,0.0
faacdd46b0b9bb52cfa047c54b0b5016,12.25
fab027a1984a0733038af650d749ac7a,0.0
fabaf497dc9e26b0e6e1d37806619967,0.0
fad17ecf6603dd5e8267abd2b3bf05d4,59.55
fad1bbf902fbdf64f92f33d010ab8cb7,0.0
fad4e75a3262e68a4aa82516bf68505f,0.0
fad61b77c26ecaf96813bf7dc9e3ee80,349.9
fad77588817f588c13870073de3a3d26,27.9
fae50349197fd922f4487e4000e2112c,0.0
fae8e2a6ad5578e55fc3bd34e1616ca2,129.99
faec2bb5c3f1bf0e6e17ef8ee96a2ea0,134.9
faf47b5b5d6da79375665838f42e5136,0.0
faf869bf565016fb42f3386fc7882aea,0.0
faff4528095928ed7307472daf2417ca,0.0
fb189cbf064e7525f9144bbd3fbdd922,119.9
fb1b0ec9f6c522636a5f619eca94d8da,69.9
fb20bf5c01fbc8bb8ab3ec1e4104c9d5,0.0
fb46e0991d6b6e59664042808e5b59d9,80.0
fb485d47aaf4805284599c09e8843809,99.9
fb48b86d9a78b53675c121e4ec8981ed,134.7
fb6534d42a2fbd05aae76186fe8bec4f,64.99
fb819201cf760172ecaca73892bc8603,59.9
fb8c74f4449e5a62e3c1296f75304ae1,0.0
fb913dcc5bc28ef35f1a50d9483a5159,69.9
fb92843a696f8a7d35210c04785c2e33,58.5
fb96080f9c84b3a7a70fb99ac286e235,19.9
fbbe4bf6e345dee467d3b36a89f04cfc,0.0
fbc56033bdc4a266370de69012019a97,49.0
fbc838cf7e5c279afad28109e3632d18,0.0
fbcbfa3995be71ad8d028a12edb9d3bb,78.87
fbcf24291837ef48c4312e2a5ac6c4bc,69.9
fbd03175a9aa82faacbfa4ce8efa4096,0.0
fbda6e2b752053c6f0cb2428c9c62e05,98.0
fbe53ee8a67e9fbf5cdb52d888701527,62.8
fbfdc06fca767d4802be65bd37da8862,228.0
fc1c186e0436f5b790ab26eea95aafff,48.0
fc2c474ca9fc1e074a763b8980f3e016,80.99
fc2e9d70ce1e9c19422b859224a9abd9,33.2
fc332aac4e6295b310434bbec9773c4f,39.0
fc43c7addc1e0a622818d24929211a54,119.9
fc44fbafeb777f4758880f91e2a33fe2,0.0
fc4962d253f14e566f147fe9ab026575,19.99
fc650ca5de348cb36d79931dc40cfff1,112.9
fc7ea5e792d5863d957ba2aa3661920f,39.0
fc7fb2d72fd66227e9f22d93499a4ed8,42.0
fc8082a08a30524173a53dfdbb800e0b,54.99
fc8dc6d77c65df005e0e44bd7e1f5d36,579.0
fc8fc2c9ffef45e833ce9734c44aa868,229.79
fc99cf02242e9883997db66f863ab742,219.8
fc99edf80f878dcc87ff154a08cef437,119.0
fc9fa1a38d9aa0666a09bc02cb28fb8e,0.0
fc9fb824c68f21fd0871490ab14a52b6,50.0
fca92affde6714f0d1909df023c99636,38.0
fcb2a7889cd93c74402d7156bd4ac7a0,579.9
fcbcbb80c8909bb456bb6b3bc1bc283a,58.0
fcc258e765104e43d26c88647b24fb2a,169.9
fccf6b62c8150e1670dc4bf341b9639a,75.99
fccfbf734a92029859c4fe58eff05114,279.99
fcd318dd219cded4518d90c72b04281a,49.9
fcddf70ee25db0abfcfecce09bdda153,300.0
fd01a8dd276ac93aec73fde385389de9,49.9
fd0c94860d35a337f8954558e9e0181c,269.0
fd0f1a0d5fe3f37bb7ef4cbf354a8abc,21.2
fd1159c8475b7f543ab1be4ed6207869,779.99
fd317ae6d8988b7041034edac3f253bf,179.0
fd4c3f3341390e4e7c4fbc024444c99e,210.0
fd4f4e98908a816ef57a2944e93269a0,0.0
fd59ebf3016db5359135c5fe0fe7e844,129.9
fd5c854369acea3d0c81dd2efb68e3ca,56.99
fd634df670a00c1cf64d2ef2a78c1764,43.9
fd6be8b946505a1d1a15686ad6073310,13.98
fd8ca2ec473847a4367206bb75db0d99,539.0
fd9498521525ba7fe2a8515f00e7415a,34.0
fdb1bd51afc276640a61902a7918522c,78.0
fdc6af1584f0d901b388b9034a9f6b2a,65.9
fdcc2c3054549d7a678f512b27a447be,0.0
fdd3b25dbe4db9e94d517a1f1e79f7c1,109.99
fde36bbb97bd142b58f1868127588a91,37.0
fde3e12f9fc7b5df5946a9c8256afe61,142.47
fde65d7bb1b30a86cc5cc0399b77e6b0,139.9
fe0617cc03bb1fdefeb9e76e7d316548,29.99
fe2222908d7d7dc8e03d0efea168a474,41.9
fe22f09401a6af700ab66fac2edbea15,24.9
fe25d225d2494b252321b09821ebdbdf,0.0
fe2b59e981d95ca01c7aa87b26199e2c,209.0
fe4d4f723597e832e9bbc67080a34c27,84.9
fe50acde4870aa583fd28401916b7348,139.9
fe583fa349eada65507f4a724344f5d7,43.48
fe612e4c139f4350d17f1b9f5cbbe3f0,149.0
fe65c76fc3eb742328d1401c521c95b4,0.0
fe685949aae1ed273aa2e3d7cb0679e1,0.0
fe81bb32c243a86b2f86fbf053fe6140,1013.4
fe905a35ad610e433e3e61a3cb66abaa,120.0
feae353ea73e765c5a5073dad8915449,179.0
feae7ffdb1899fb29dc34b1ff3f9b5b5,146.0
feb2a9889d236875c3510880bf9576f3,958.99
feb5c47a617972ee276d95775a34d494,17.0
fecd193c02a20ec4525e67a3a9f9c0a5,59.99
fed51c3432d9ca128dc6a81c892a1168,49.0
fed93a0c58ebbe0a50bad4d8df8863f5,29.99
fed9ae71404fb97d15c821adbe64feab,0.0
fee6634d946e08b185a6d0152110f92a,249.99
feea8a8b33e1d9892899c6d3c048cdcf,67.9
fef01b6698bae7394677113b5e647eda,0.0
fef31a54c2d0f8f5b4ce428522f72551,152.9
ff10e644ac8984d7e9fcafd5adf1b8cd,69.9
ff20fff170ed80db557b344c839df854,588.0
ff2521c4012e1a212bbd12c9ed5acc48,199.9
ff3794e415eb6ff21999bc4465de4205,73.87
ff38610e865f6ffec5b6fb8725be1f7d,0.0
ff4159b92c40ebe40454e3e6a7c35ed6,0.0
ff44084bf8313fa8eae5ce6e43e341ed,239.99
ff44401d0d8f5b9c54a47374eb48c1b8,0.0
ff49bffe330079cba69c36c1dd40ea9c,0.0
ff4cee3f89dc5c041bd7fac60e9ec8a6,152.5
ff57311a2fb5f9aa3477cc13c1c62a50,26.99
ff5f0e6c9223056cd0e65b534856f5d0,119.8
ff5f63dc004a0f064fc459dc73e45bd1,18.9
ff60aefe219c1960b74d47d0fc553fc1,96.8
ff6a8e86ea81e48f6ee6b082ed68162a,19.9
ff6bc862428c6016d6fef5995491ec81,15.0
ff7014eeb94589da99e822e2618090fa,54.9
ff755148365a0062374c353946b68aa3,174.9
ff7bd992a7aac2c563a3e3773a8c63aa,0.0
ff7d3ceb693a77937c000250fe346acd,16.0
ff86fefe11696b1e957173516339bcd8,10.99
ff8af8323bfc7b0cb9ed2d6e52bd5d05,169.0
ff96fbbcff0db5c4442796b8ab8b474d,115.0
ff9723b956508e1ce1e2f76b4fcdff54,0.0
ffad6a7a0e13be3dfd9de96a81b77c9e,70.0
ffc142edc6bce329c6df0006387a5a77,18.9
ffca00fb352b5e57db50865d65098b4a,39.9
ffd402998b20b0b8325f54e770264733,13.9
ffe780a8995715d9560ca10f3351710f,0.0
ffe96c782a5bc522bd8bad3bc638981a,209.99
ffe9be10b9a58c5464d833e8b1b2c632,140.0
ffef0ffa736c7b3d9af741611089729b,109.9
fff699c184bcc967d62fa2c6171765f7,39.9
fffa431dd3fcdefea4b1777d114144f2,64.99
