CustomerID,Date_Month_Year,Order_Count,Delivery_Status,Max_Delivery_Delay,Customer_Type,Total_Revenue,Revenue_Percentage,Customer_Segment,Customer_Risk
00082cbe03e478190aadbea78542e933,2017-11-19 15:22:02,1,On Time,-8.0,Onetime,79.0,0.011272680168750025,Need Attention,Medium Risk
00191a9719ef48ebb5860b130347bf33,2017-04-19 11:32:09,1,On Time,-19.0,Onetime,47.9,0.006834954178267419,Need Attention,Medium Risk
0019e8c501c85848ac0966d45226fa1d,2018-05-01 09:25:32,1,On Time,-20.0,Onetime,159.99,0.022829317724029324,Need Attention,Medium Risk
0023557a94bef0038066b5d1b3dc763e,2018-03-28 19:53:14,1,On Time,-7.0,Onetime,0.0,0.0,Need Attention,Medium Risk
0032ca69771a7758ce643258bb9e4ac7,2018-07-16 15:32:50,1,On Time,-9.0,Onetime,45.0,0.00642114693156647,Need Attention,Medium Risk
0037eb1ff742ee2e71ba887f65f3c6f3,2017-07-13 09:00:21,1,On Time,-21.0,Onetime,0.0,0.0,Lost Customers,High Risk
003a5571a07dcf09bf117d13d2980ba3,2018-07-25 10:57:54,1,On Time,-14.0,Onetime,149.9,0.021389553889818086,Need Attention,Medium Risk
0047f3e16441284d757a8963344f6c59,2017-08-28 10:29:48,1,On Time,-9.0,Onetime,60.0,0.008561529242088627,Need Attention,Medium Risk
004df63539fd5e38d4b0a0506de7549c,2018-07-16 13:30:06,1,On Time,-21.0,Onetime,949.99,0.13555611941152956,Need Attention,Medium Risk
00504b68faa074d0f40adcb4f7727f71,2018-08-11 23:17:37,1,On Time,-31.0,Onetime,152.0,0.021689207413291185,Need Attention,Medium Risk
0056c2dd794a5eede6164dcae635875a,2018-08-08 21:52:09,1,On Time,-10.0,Onetime,129.99,0.018548553102985012,Need Attention,Medium Risk
00737247e3dc1942da2c527ef3bd2709,2018-03-24 12:25:44,1,Has Delays,3.0,Onetime,59.9,0.008547260026685145,Need Attention,Medium Risk
007953b3182d5ccc9189a694f5c68163,2017-04-15 22:00:21,1,Has Delays,2.0,Onetime,99.99,0.014267788481940694,Need Attention,Medium Risk
00ac9cd5c4ad19e16e7c6f6864711737,2017-04-28 14:20:07,1,On Time,-23.0,Onetime,209.9,0.029951083131906708,Need Attention,Medium Risk
00b246520d4904724f9b20188a2ff39b,2018-06-02 14:02:44,1,On Time,-10.0,Onetime,12.99,0.0018535710809121878,Need Attention,Medium Risk
00b2ca23369b68c4d4105ecea9c0cb93,2018-08-03 08:59:39,1,On Time,-10.0,Onetime,65.9,0.00940341295089401,Need Attention,Medium Risk
00c31de6420048cb3f668c99153debf7,2017-10-31 21:42:47,1,On Time,-4.0,Onetime,64.9,0.009260720796859197,Need Attention,Medium Risk
00cd1ffd1a85ec2af3de73a3d341339d,2018-05-08 12:28:18,1,On Time,-19.0,Onetime,49.0,0.006991915547705711,Need Attention,Medium Risk
00d03b5e33f8987549c5590313a4ef21,2017-06-16 23:17:41,1,On Time,-34.0,Onetime,19.99,0.0028524161591558603,Lost Customers,High Risk
00d1e5d82377766dac9f8dc4d4eaf4a8,2018-04-05 11:32:10,1,On Time,-11.0,Onetime,116.30000000000001,0.016595097514248456,Need Attention,Medium Risk
00d4ef3e086e2191c3fb6e7b0d2a1c75,2018-06-30 12:19:32,1,On Time,-17.0,Onetime,0.0,0.0,Need Attention,Medium Risk
00d96f54b90a6ffbe7361bcfdb85b0ba,2018-02-21 10:11:39,1,On Time,-25.0,Onetime,99.9,0.014254946188077563,Need Attention,Medium Risk
00da34ebf22b87f6c2f53dc069f237df,2018-05-17 10:31:55,1,On Time,-3.0,Onetime,209.70000000000002,0.029922544701099753,Need Attention,Medium Risk
00dd4390a8e8ad7a126e8331decc49ce,2017-05-11 09:13:17,1,On Time,-15.0,Onetime,94.9,0.013541485417903511,Need Attention,Medium Risk
00ecc71175078e2cac5547a5656e9622,2017-06-10 18:02:25,1,On Time,-9.0,Onetime,219.99,0.03139084696611795,Need Attention,Medium Risk
00f0b70fdcb8a6e1671b52a2472bd41f,2016-10-04 19:41:32,1,On Time,-13.0,Onetime,0.0,0.0,Lost Customers,High Risk
01007ebf75cabcd9d81d1aac37b278ca,2018-04-12 16:14:39,1,On Time,-11.0,Onetime,60.9,0.008689952180719955,Need Attention,Medium Risk
011509f63f565e822767bfb89c3cf9b7,2017-05-09 14:58:25,1,On Time,-14.0,Onetime,26.69,0.0038084535911890906,Lost Customers,High Risk
011b7396d7220ca4ff52508adcb6b870,2018-01-11 19:36:51,1,On Time,-14.0,Onetime,29.5,0.004209418544026908,Need Attention,Medium Risk
012755131a5b785b0ae3291c339a9051,2018-03-24 13:13:08,1,On Time,-8.0,Onetime,358.98,0.05122362945541625,Need Attention,Medium Risk
012b41c1dae00a092474ca48dc764a00,2018-07-23 11:30:12,1,On Time,-14.0,Onetime,0.0,0.0,Need Attention,Medium Risk
013802b3b98584222c1280e654a655b1,2018-05-16 18:10:37,1,Has Delays,4.0,Onetime,113.9,0.01625263634456491,Need Attention,Medium Risk
013f4353d26bb05dc6652f1269458d8d,2017-11-24 13:33:20,1,On Time,-20.0,Onetime,0.0,0.0,Lost Customers,High Risk
014dcb5d582d60bca6a379e45a9041da,2018-02-02 18:17:19,1,On Time,-17.0,Onetime,47.56,0.006786438845895585,Need Attention,Medium Risk
01593b828c6e7c516ed078a4820ab9b2,2018-07-06 18:16:06,1,On Time,-11.0,Onetime,31.99,0.004564722007573586,Need Attention,Medium Risk
015aba8b6e516fbf6ee76c164c11987b,2018-02-24 16:42:01,1,On Time,-7.0,Onetime,69.9,0.00997418156703325,Need Attention,Medium Risk
016a461e59c71a989c278fb565441696,2017-08-08 19:38:41,1,On Time,-18.0,Onetime,200.0,0.028538430806962087,Need Attention,Medium Risk
01858f2fad256b1689f5bdafc059f745,2018-07-31 19:44:52,1,Has Delays,1.0,Onetime,0.0,0.0,Need Attention,Medium Risk
01927626c24c5826ceb6ca6b2797fd60,2018-03-21 11:23:05,1,On Time,-13.0,Onetime,259.9,0.03708569083364723,Need Attention,Medium Risk
019890d2ead42f267a2c66919d9dedce,2018-01-08 15:11:51,1,On Time,-25.0,Onetime,179.0,0.02554189557223107,Need Attention,Medium Risk
019954cc9c2ceb2084881eefdf48f0f9,2017-09-27 14:51:02,1,On Time,-9.0,Onetime,89.0,0.012699601709098129,Need Attention,Medium Risk
01a4788c8bd6d0d6a5b16ccdfd393b74,2018-06-08 16:47:20,1,On Time,-1.0,Onetime,64.0,0.009132297858227868,Need Attention,Medium Risk
01a4fe5fc00bbdb0b0a4af5a5345cca5,2018-05-31 10:45:35,1,On Time,-33.0,Onetime,0.0,0.0,Need Attention,Medium Risk
01a7888cc755d6ad17b03de5f5543641,2018-01-25 09:44:05,1,On Time,-13.0,Onetime,69.9,0.00997418156703325,Need Attention,Medium Risk
01cbe0a1a969bf0936fd97298ae18cc8,2018-05-07 08:05:30,1,On Time,-11.0,Onetime,0.0,0.0,Need Attention,Medium Risk
01daeb09de8f07882ccd4319ffbc4693,2017-11-26 11:20:27,1,On Time,-12.0,Onetime,30.0,0.0042807646210443135,Lost Customers,High Risk
01dd34b5f4cee2a48f03ba1cce8c592c,2018-08-17 12:41:18,1,On Time,-6.0,Onetime,74.0,0.010559219398575972,Need Attention,Medium Risk
020311f9fc67a990f3d43b481398a259,2018-03-21 15:30:57,1,On Time,-4.0,Onetime,0.0,0.0,Need Attention,Medium Risk
0204f3da94dadaf3fa21305413e02d63,2018-01-11 20:21:08,1,On Time,-11.0,Onetime,73.5,0.010487873321558566,Need Attention,Medium Risk
0209f290b5451d357308bc0e90521026,2018-07-22 22:00:26,1,On Time,-19.0,Onetime,572.64,0.08171123508649385,Need Attention,Medium Risk
021109bdb16fa17c2463cab87da314f3,2018-01-10 23:47:40,1,Has Delays,5.0,Onetime,100.8,0.01438336912670889,Need Attention,Medium Risk
02198c63d3e65ea299d6d8d3c7a11665,2018-04-11 10:58:05,1,On Time,-11.0,Onetime,14.2,0.0020262285872943084,Need Attention,Medium Risk
02238d275f51bce58c8e97218621bd91,2018-01-13 21:01:40,1,On Time,-16.0,Onetime,21.9,0.0031249581733623485,Need Attention,Medium Risk
022657d659cf88bcc8c22774f3f0b61a,2018-08-21 19:49:42,1,On Time,-1.0,Onetime,0.0,0.0,Need Attention,Medium Risk
02278b7fe04a285092542fa4313cdc31,2017-04-03 22:19:08,1,On Time,-15.0,Onetime,34.9,0.004979956175814883,Lost Customers,High Risk
022949b07073de5d6173732ea01d6155,2018-03-14 15:56:55,1,Has Delays,1.0,Onetime,0.0,0.0,Need Attention,Medium Risk
023c8fe9cea056407269dfe9bdd57a8c,2017-10-23 23:35:39,1,On Time,-10.0,Onetime,37.8,0.005393763422515834,Lost Customers,High Risk
024f153bf5ff2f378be3577f3248f283,2017-08-19 23:35:44,1,On Time,-18.0,Onetime,80.0,0.011415372322784835,Need Attention,Medium Risk
0255fc149c1f191319c8c431479e5d8c,2018-07-30 18:25:18,1,On Time,-17.0,Onetime,0.0,0.0,Need Attention,Medium Risk
0258cd3b5e7c4b397cc09ea472677e73,2018-01-21 14:29:50,1,On Time,-29.0,Onetime,139.8,0.0199483631340665,Need Attention,Medium Risk
027179319d6e0b4958b300ba6e9e35e6,2018-08-14 16:20:40,1,On Time,-9.0,Onetime,81.35,0.011608006730731828,Need Attention,Medium Risk
0283917cf6822284c4341224ef003fb6,2018-06-28 15:18:00,1,On Time,-9.0,Onetime,39.78,0.00567629388750476,Need Attention,Medium Risk
0283d9c78c980d3ea0fce611bbc8ad5b,2018-03-15 14:17:38,1,On Time,0.0,Onetime,240.0,0.03424611696835451,Need Attention,Medium Risk
0296ddaa154279cc2bd15621e06e6f1f,2018-01-11 14:48:38,1,On Time,-24.0,Onetime,99.9,0.014254946188077563,Need Attention,Medium Risk
02ab4d19fd037fa00ad9892f7d529a8f,2017-06-19 20:27:15,1,On Time,-15.0,Onetime,129.9,0.018535710809121878,Need Attention,Medium Risk
02b2ee0aa7ac4b3db5463ec3863ff8f7,2018-05-08 10:40:42,1,On Time,-11.0,Onetime,0.0,0.0,Need Attention,Medium Risk
02b6ef845021b8fefe19c8d200f3ee06,2018-04-03 00:05:04,1,On Time,-16.0,Onetime,1914.58,0.27319554427196735,Need Attention,Medium Risk
02c639f8dd288caf7cc6dc66513c23b3,2018-07-23 18:27:07,1,On Time,-9.0,Onetime,93.99,0.013411635557731831,Need Attention,Medium Risk
02c9e0c05a817d4562ec0e8c90f29dba,2017-08-10 13:35:55,1,On Time,-7.0,Onetime,75.9,0.010830334491242113,Need Attention,Medium Risk
02e7d568f699b57b0bbb98cef89e0832,2018-06-17 11:57:58,1,On Time,-9.0,Onetime,0.0,0.0,Need Attention,Medium Risk
02e8a66528e84b3ca6150d9b1e03a26f,2018-06-24 13:49:51,1,On Time,-29.0,Onetime,2110.0,0.30108044501345,Need Attention,Medium Risk
02e9109b7e0a985108b43e573b6afb23,2018-05-14 11:04:55,1,On Time,-14.0,Onetime,39.0,0.005564994007357607,Need Attention,Medium Risk
0309db53bd596593382d0accd83d292e,2018-01-15 19:26:18,1,On Time,-20.0,Onetime,670.0,0.09560374320332299,Need Attention,Medium Risk
0319cd43072df023584a1fa0a94d45ce,2018-08-09 16:23:03,1,On Time,-7.0,Onetime,229.9,0.03280492621260292,Need Attention,Medium Risk
031e19fc630c4121f1238716f41675c3,2018-07-04 01:20:01,1,On Time,-13.0,Onetime,10.1,0.0014411907557515854,Need Attention,Medium Risk
032cfb33364e07ebcafb4b8a92d7eec4,2018-02-28 23:42:55,1,On Time,-5.0,Onetime,69.9,0.00997418156703325,Need Attention,Medium Risk
032e4efa58936187018b68818b0f49c4,2017-05-15 21:07:48,1,On Time,-17.0,Onetime,68.8,0.009817220197594958,Need Attention,Medium Risk
0331dad88c30f83604221e326fecbaed,2018-04-04 22:46:43,1,On Time,-18.0,Onetime,24.99,0.0035658769293299124,Need Attention,Medium Risk
0341bbd5c969923a0f801b9e2d10a7b8,2018-05-28 14:18:26,1,On Time,-25.0,Onetime,840.0,0.11986140938924077,Need Attention,Medium Risk
036fad4da661be7be3ad588329aefc1b,2018-04-23 10:21:48,1,On Time,-6.0,Onetime,0.0,0.0,Need Attention,Medium Risk
0385c3a53712e33b64f812d3102dc421,2018-05-01 13:14:37,1,On Time,-16.0,Onetime,29.99,0.0042793376995039645,Need Attention,Medium Risk
0387367daee04c9cbcf57eaee0d699c6,2018-03-21 17:01:41,1,On Time,-10.0,Onetime,104.0,0.014839984019620285,Need Attention,Medium Risk
0387d9f3e2a143aecdaa33644ab6658c,2018-03-06 15:28:33,1,Has Delays,6.0,Onetime,129.0,0.018407287870490546,Need Attention,Medium Risk
038d84ab58dc78ee67846b354424ca6b,2018-06-13 17:05:52,1,On Time,-20.0,Onetime,179.8,0.025656049295458918,Need Attention,Medium Risk
03a7a36e23016fe4e8d04f751b51937a,2017-05-06 14:12:27,1,On Time,-20.0,Onetime,329.9,0.047074141616083955,Need Attention,Medium Risk
03b844f8f2bfba1e73ce0d1894807af0,2017-08-11 11:59:04,1,On Time,-16.0,Onetime,58.99,0.008417410166513468,Need Attention,Medium Risk
03dcb7b1479590ad3188549f8ebfa66e,2017-11-13 21:54:11,1,On Time,-12.0,Onetime,0.0,0.0,Lost Customers,High Risk
03e990124fb8dfe30716b4237eceaa9b,2018-03-05 12:55:58,1,On Time,-11.0,Onetime,79.9,0.011401103107381355,Need Attention,Medium Risk
0408706c63edeca6b44b24f6f077aa47,2018-05-02 10:48:44,1,On Time,-22.0,Onetime,85.0,0.012128833092958887,Need Attention,Medium Risk
040f8dcf0a86b8897aaa4eb25e49830f,2018-05-12 13:38:34,1,On Time,-14.0,Onetime,69.0,0.00984575862840192,Need Attention,Medium Risk
041397b7bed1e0b64cc8df9e4a761873,2017-05-28 09:37:43,1,On Time,-9.0,Onetime,169.0,0.024114974031882966,Need Attention,Medium Risk
0417c5c4535764e979a11b19edfef588,2017-11-26 21:33:25,1,On Time,-8.0,Onetime,46.4,0.006620915947215204,Lost Customers,High Risk
041caba6a63ace5818387698ea85cdb2,2017-03-15 21:50:14,2,On Time,-1.0,Repeated,58.989999999999995,0.008417410166513466,At Risk,High Risk
04334bf56d76e503c2b474e3bc129d65,2018-06-21 10:46:55,1,On Time,-22.0,Onetime,169.9,0.024243396970514294,Need Attention,Medium Risk
04370c96850ca795aa0c01a7c57dd1a6,2017-11-07 08:39:21,1,On Time,-16.0,Onetime,99.9,0.014254946188077563,Need Attention,Medium Risk
044f89a64b7bd1c9ceecd8f9a83971a8,2017-04-12 11:02:29,1,On Time,-7.0,Onetime,59.9,0.008547260026685145,Need Attention,Medium Risk
044fbfba85531679c84bc0463296096f,2018-08-23 00:53:00,1,On Time,-12.0,Onetime,14.49,0.0020676093119644033,Need Attention,Medium Risk
0482f8eb57c7df640fa8a9a6a883c488,2018-06-28 10:28:34,1,On Time,-11.0,Onetime,225.88,0.03223130375338298,Need Attention,Medium Risk
048d8f14e6405a5a157e74724357086f,2017-05-28 23:17:07,1,On Time,-1.0,Onetime,24.9,0.00355303463546678,Lost Customers,High Risk
04964ca17488b76124c740071931f90c,2018-08-03 22:16:26,1,On Time,-5.0,Onetime,50.75,0.007241626817266629,Need Attention,Medium Risk
04a24732681955f5daf4c435f5025743,2017-07-16 20:05:12,1,On Time,0.0,Onetime,77.8,0.011101449583908251,Need Attention,Medium Risk
04be500031efe43d2defff8c41810543,2018-02-01 08:35:49,1,On Time,-14.0,Onetime,79.9,0.011401103107381355,Need Attention,Medium Risk
04c5ad73047074972e9a1c744c3b4bf8,2017-03-06 21:31:42,1,On Time,-13.0,Onetime,0.0,0.0,Lost Customers,High Risk
04cf8185c71090d28baa4407b2e6d600,2018-03-01 14:14:28,1,On Time,-9.0,Onetime,38.25,0.005457974891831499,Need Attention,Medium Risk
04daf0030c088fed728993ef9f7eaa56,2018-08-06 13:04:26,1,On Time,-18.0,Onetime,85.0,0.012128833092958887,Need Attention,Medium Risk
04e1ad29192c7d23646272968393bf36,2018-02-28 21:27:43,1,On Time,-4.0,Onetime,0.0,0.0,Need Attention,Medium Risk
04e495a3f45df8b41be2e934bbc16961,2017-05-09 20:48:59,1,On Time,-14.0,Onetime,110.99,0.01583740217632361,Need Attention,Medium Risk
04e7b09e41a01df2100b30d1a880680d,2018-01-12 23:31:09,1,On Time,-12.0,Onetime,178.0,0.025399203418196258,Need Attention,Medium Risk
04e9d0d712ca6da77124d0ee12be1d6a,2017-06-18 19:51:54,1,On Time,-7.0,Onetime,71.8,0.01024529665969939,Need Attention,Medium Risk
04ecdc3e754a48294d832436960a3280,2017-10-29 23:44:13,1,On Time,-21.0,Onetime,308.8,0.044063337165949464,Need Attention,Medium Risk
04ee75eab089ad700b67791cbba77f4a,2018-04-25 14:36:45,1,Has Delays,2.0,Onetime,49.9,0.007120338486337041,Need Attention,Medium Risk
04f1fd1b75385fd1c7b6de018e0c4ab3,2017-05-18 23:25:09,1,On Time,-8.0,Onetime,0.0,0.0,Lost Customers,High Risk
04f54cb09b4216795433e4fc5d0db66e,2018-08-01 21:22:53,1,On Time,-5.0,Onetime,126.8,0.018093365131613963,Need Attention,Medium Risk
04f6b73a950bfc7afab0cbf82fff47b1,2017-08-29 11:04:16,1,On Time,-8.0,Onetime,0.0,0.0,Lost Customers,High Risk
04ff6fa5671532494b7947c8c46f25f6,2017-08-22 12:57:33,1,On Time,-14.0,Onetime,0.0,0.0,Lost Customers,High Risk
05040c74e2cd51e7d6fd425b5c94a37f,2018-03-13 10:10:43,1,On Time,-14.0,Onetime,0.0,0.0,Need Attention,Medium Risk
0506e79c51716904929e3f50a05d38c3,2018-07-01 17:43:58,1,On Time,-19.0,Onetime,0.0,0.0,Need Attention,Medium Risk
05080e528ffd17731221b7eb05e9c026,2018-06-11 08:33:35,1,On Time,-26.0,Onetime,0.0,0.0,Need Attention,Medium Risk
050f9cf69723c91054d44c3b3a1e7ac2,2018-07-25 07:39:35,1,On Time,-8.0,Onetime,0.0,0.0,Need Attention,Medium Risk
05105abc98016eb044d450d5e60de1b2,2017-08-08 11:24:19,1,On Time,-12.0,Onetime,55.9,0.007976491410545903,Need Attention,Medium Risk
05114881a5aab7df4a187e73f7ba33c9,2018-03-12 15:10:05,1,On Time,-8.0,Onetime,0.0,0.0,Need Attention,Medium Risk
0514d58859a4a5ca6476885ba50b2f6b,2017-08-18 21:38:07,1,On Time,-13.0,Onetime,89.9,0.012828024647729459,Need Attention,Medium Risk
052862d82d6f60b7f189002fd598a135,2017-09-18 22:36:33,1,On Time,-10.0,Onetime,69.99,0.009987023860896383,Need Attention,Medium Risk
052ad6288149460cb16d585299139e28,2017-08-06 23:13:17,1,On Time,-9.0,Onetime,89.9,0.012828024647729459,Need Attention,Medium Risk
052def2a27b8894dd207c36345ce1e9c,2018-06-08 00:23:11,1,On Time,-14.0,Onetime,27.9,0.0039811110975712105,Need Attention,Medium Risk
053617486d590f6e06a7e027e6e3914f,2017-08-04 13:36:21,1,On Time,-13.0,Onetime,149.8,0.021375284674414605,Need Attention,Medium Risk
053f7850c3ffd9726cff61c7e42af797,2017-06-29 21:22:46,1,On Time,-8.0,Onetime,22.0,0.0031392273887658295,Lost Customers,High Risk
05453ef86290884066d89d2ec2dcd0a2,2017-02-04 19:06:04,1,On Time,-7.0,Onetime,99.9,0.014254946188077563,Need Attention,Medium Risk
0549ef973c77b27ad1c186e845f72a5c,2017-10-26 10:30:47,1,On Time,-11.0,Onetime,29.0,0.004138072467009503,Lost Customers,High Risk
0570089e1e1b3cf57b7f7d545cb204aa,2017-06-02 09:54:08,1,On Time,-19.0,Onetime,92.89,0.013254674188293541,Need Attention,Medium Risk
057854159bbc3a0aca93bbecd210c495,2017-06-11 16:02:43,1,On Time,-23.0,Onetime,54.9,0.007833799256511093,Need Attention,Medium Risk
0581b683b2965a9e6c11e0d1059a751e,2017-07-30 08:44:33,1,On Time,-22.0,Onetime,134.9,0.01924917157929593,Need Attention,Medium Risk
058e28fceb01698d7eefe53e8fe2ce9e,2017-06-08 20:32:53,1,On Time,-14.0,Onetime,50.0,0.007134607701740522,Need Attention,Medium Risk
0598dd4eaa6611265e192ffa2e8133aa,2018-04-08 21:25:05,1,On Time,-17.0,Onetime,119.8,0.01709452005337029,Need Attention,Medium Risk
059ba8400bf965adf606ecc7ef3396e9,2018-03-26 11:02:31,1,On Time,-18.0,Onetime,185.0,0.026398048496439928,Need Attention,Medium Risk
059d9f786496163334e5ea84c053917a,2018-07-09 08:40:38,1,On Time,-10.0,Onetime,795.0,0.1134402624576743,Need Attention,Medium Risk
05a2a8159b5f30e79614ae9e14cafc4a,2017-05-24 18:03:51,1,On Time,-10.0,Onetime,47.9,0.006834954178267419,Need Attention,Medium Risk
05b6f8d94c378446bcfe5cb4f75785b1,2018-01-01 18:31:59,1,On Time,-20.0,Onetime,59.99,0.008560102320548277,Need Attention,Medium Risk
05bc8e1bebeff93bdf784213a7aed5d7,2018-06-10 15:44:20,1,On Time,-13.0,Onetime,110.0,0.01569613694382915,Need Attention,Medium Risk
05cc11f944a9cc2f8dd41fae770c313d,2018-05-14 16:18:02,1,Has Delays,15.0,Onetime,1020.0,0.14554599711550664,Need Attention,Medium Risk
05db15e48c7ed44cff9dfaa4f374f3dc,2018-04-15 23:20:52,1,On Time,-6.0,Onetime,0.0,0.0,Need Attention,Medium Risk
05e07c4abd22863100e52617e94304aa,2018-03-19 23:40:11,1,On Time,-7.0,Onetime,250.0,0.03567303850870261,Need Attention,Medium Risk
05eb062756e6d4358e72b1caf0ec22b1,2018-05-10 08:48:18,1,Has Delays,3.0,Onetime,1399.0,0.1996263234946998,Need Attention,Medium Risk
05eecdc8cf80e10dc84ce98e448fff8b,2017-05-09 13:06:19,1,On Time,-9.0,Onetime,34.9,0.004979956175814883,Lost Customers,High Risk
05ef855308303397f1427f29470bb6ab,2018-02-01 23:08:48,1,On Time,-12.0,Onetime,34.99,0.0049927984696780175,Need Attention,Medium Risk
05fef3a82802270f3bfb10eaa50b29c1,2017-06-08 18:26:09,1,On Time,-12.0,Onetime,94.9,0.013541485417903511,Need Attention,Medium Risk
06111e0492566045ae9964005f551856,2018-01-30 17:46:03,1,On Time,-16.0,Onetime,48.0,0.006849223393670901,Need Attention,Medium Risk
06285644a5dcbd27f078ec193ef2fc72,2017-07-28 10:35:23,1,On Time,-12.0,Onetime,199.7,0.028495623160751642,Need Attention,Medium Risk
0629b2e23c657cde1105b8282ba336ae,2018-02-20 10:27:28,1,On Time,-6.0,Onetime,39.49,0.005634913162834664,Need Attention,Medium Risk
062ec661249087a0e2560ab089b7e722,2017-03-25 10:49:55,1,On Time,-12.0,Onetime,98.99,0.014125096327905883,Need Attention,Medium Risk
063eef0d1ead8ee785783e95df82137e,2018-03-13 22:45:45,1,On Time,-4.0,Onetime,91.98,0.013124824328121865,Need Attention,Medium Risk
06437dfb2aec58f76036b3c3ee36d9b1,2018-02-10 15:15:50,1,On Time,-11.0,Onetime,26.9,0.0038384189435364006,Need Attention,Medium Risk
0645628d52f5d19300ea0a33accdf4f4,2018-03-08 20:01:04,1,On Time,-6.0,Onetime,12.9,0.0018407287870490546,Need Attention,Medium Risk
0655191062e3fe49b0f128131c62d1ae,2017-11-26 16:41:58,1,On Time,-7.0,Onetime,55.92,0.0079793452536266,Need Attention,Medium Risk
065cdd031a7020e43fd91cd421549f5e,2018-07-27 16:33:26,1,On Time,-4.0,Onetime,49.9,0.007120338486337041,Need Attention,Medium Risk
066c700f59d3849deebee44bc2f83ebc,2018-03-15 15:03:09,1,On Time,-13.0,Onetime,69.9,0.00997418156703325,Need Attention,Medium Risk
067c8117bd9b4f406301921f6bcfb04e,2018-01-06 17:12:10,1,On Time,-14.0,Onetime,139.8,0.0199483631340665,Need Attention,Medium Risk
067d22395c78dfe68b327a9444ea48f6,2018-01-14 14:39:38,1,On Time,-17.0,Onetime,149.99,0.02140239618368122,Need Attention,Medium Risk
0680711d6e757ec7287a047650d3896b,2017-10-06 18:22:19,1,On Time,-7.0,Onetime,0.0,0.0,Lost Customers,High Risk
0688198ee392c92540c81f5a3f2b3655,2018-08-13 14:34:31,1,On Time,-6.0,Onetime,0.0,0.0,Need Attention,Medium Risk
068bcff7a462c34ec6d5079013687979,2017-10-01 22:30:44,1,On Time,-32.0,Onetime,68.9,0.00983148941299844,Need Attention,Medium Risk
0694d901d7d88ffc1781dacfda6cd048,2018-07-20 17:46:35,1,On Time,-3.0,Onetime,38.0,0.005422301853322796,Need Attention,Medium Risk
0698b42dd37c77db1c056d415e028737,2018-02-16 18:35:57,1,On Time,-13.0,Onetime,27.93,0.0039853918621922555,Need Attention,Medium Risk
069ae72e12aa7c92b8a87dda4ccb86ac,2017-03-22 12:30:05,1,Has Delays,7.0,Onetime,0.0,0.0,Lost Customers,High Risk
069d3082416b15225a220a70bbeeae99,2017-03-03 18:23:39,1,On Time,-10.0,Onetime,343.4,0.0490004856955539,Need Attention,Medium Risk
06b672c7ae6d7ef4cbe41318c397537a,2018-03-07 16:27:30,1,On Time,-10.0,Onetime,109.9,0.01568186772842567,Need Attention,Medium Risk
06bf11f58f4a6b5ab7dd1623404bf672,2018-06-14 11:29:22,1,On Time,-16.0,Onetime,42.97,0.006131481858875805,Need Attention,Medium Risk
06c0e20a617982c7a5113459fde779a4,2017-03-25 21:22:15,1,Has Delays,3.0,Onetime,897.0,0.12799486216922498,Need Attention,Medium Risk
06c3368c76b358fe15f52b24af23432a,2018-05-17 16:41:07,1,Has Delays,1.0,Onetime,79.9,0.011401103107381355,Need Attention,Medium Risk
06f1d66196374b588fbf7cbc2793874d,2018-02-01 17:45:05,1,On Time,-16.0,Onetime,0.0,0.0,Need Attention,Medium Risk
06f9fe91f0a7dbbd4c78ddecb3562486,2017-12-09 00:38:37,1,On Time,-11.0,Onetime,99.9,0.014254946188077563,Need Attention,Medium Risk
06fc096ec2387d11747ae31a57cd2551,2017-10-25 20:00:39,1,On Time,-16.0,Onetime,0.0,0.0,Lost Customers,High Risk
07187fdb640eb2923d831b48ce809b54,2017-07-28 11:25:16,1,On Time,-10.0,Onetime,153.0,0.021831899567325997,Need Attention,Medium Risk
071bb277b0146da77fac31e70657815e,2017-07-08 14:12:08,1,On Time,-17.0,Onetime,84.99,0.012127406171418538,Need Attention,Medium Risk
071cabf48b9a52a0138a68d3600c3cf5,2018-03-15 13:11:13,1,On Time,-30.0,Onetime,81.0,0.011558064476819644,Need Attention,Medium Risk
071d97c65d17dd64aeb08dd196aa0c26,2017-07-18 17:20:53,1,On Time,-11.0,Onetime,69.0,0.00984575862840192,Need Attention,Medium Risk
0720894ca242f4a59d328ac214def1b2,2017-11-12 23:36:14,1,On Time,-4.0,Onetime,37.99,0.005420874931782448,Lost Customers,High Risk
07254adf22ae81855ca01d9a5cda3264,2018-04-18 09:55:14,1,On Time,-15.0,Onetime,19.99,0.0028524161591558603,Need Attention,Medium Risk
075f9dd6470835295f76e7f15b791e82,2017-12-10 21:58:51,1,On Time,-5.0,Onetime,109.9,0.01568186772842567,Need Attention,Medium Risk
076fae3f09eb7ff1b41f2dcbd96e867f,2018-01-20 12:31:43,1,On Time,-6.0,Onetime,86.9,0.012399948185625028,Need Attention,Medium Risk
078401292a38d006a34bb0c4b31f6e31,2018-01-19 17:38:35,1,On Time,-12.0,Onetime,0.0,0.0,Need Attention,Medium Risk
079ad4f138ec38e726e7d9ac51ae1410,2018-03-05 08:49:17,1,Has Delays,4.0,Onetime,1635.0,0.23330167184691508,Need Attention,Medium Risk
07a421ede5046fc7bf8af5609afaa05c,2017-07-06 20:25:32,1,On Time,-19.0,Onetime,199.0,0.02839573865292728,Need Attention,Medium Risk
07aa2ff08a800a8e109f9a6273b3eaa9,2018-02-07 16:10:34,1,On Time,-26.0,Onetime,149.9,0.021389553889818086,Need Attention,Medium Risk
07b28cf1d8515d08ccca505e273fffaf,2017-03-24 13:56:44,1,On Time,-24.0,Onetime,482.9,0.06890604118340996,Need Attention,Medium Risk
07c6a18a7a0ed9ae97808d25bbdb38fb,2017-12-18 08:26:07,1,On Time,-9.0,Onetime,32.0,0.004566148929113934,Need Attention,Medium Risk
07c7ce958d4fc8ecdad390153fc60079,2017-07-26 09:12:56,1,On Time,-19.0,Onetime,0.0,0.0,Lost Customers,High Risk
07c8fde388fee352835f27b3ef13ff12,2018-04-11 15:38:50,1,On Time,-14.0,Onetime,56.25,0.008026433664458087,Need Attention,Medium Risk
07c9259c1afcbd1f6b416d9985782083,2017-02-08 12:53:38,1,On Time,-23.0,Onetime,0.0,0.0,Lost Customers,High Risk
07d04d1635ec5d81de0045c612783e01,2018-04-03 13:47:14,1,On Time,-20.0,Onetime,65.0,0.009274990012262679,Need Attention,Medium Risk
07d49575e9eb300156daf8a365fb19fb,2017-07-09 23:32:06,1,On Time,-17.0,Onetime,34.9,0.004979956175814883,Lost Customers,High Risk
07d5b1f9bdd053347f0213187b343ac9,2016-10-05 22:44:13,1,On Time,-13.0,Onetime,0.0,0.0,Lost Customers,High Risk
07d743c857ab9a05f2863d4aca57db81,2017-09-10 17:57:28,1,On Time,-16.0,Onetime,87.8,0.012528371124256355,Need Attention,Medium Risk
07da55ca1be33c14e4f02f24a3f6de6e,2017-11-09 12:49:59,1,On Time,-14.0,Onetime,80.0,0.011415372322784835,Need Attention,Medium Risk
07f128adacba85a6424f2f160812f487,2018-01-21 11:08:14,1,On Time,-15.0,Onetime,0.0,0.0,Need Attention,Medium Risk
07f73198f5bbc83c1ad9806a7ca28144,2017-08-30 20:20:12,1,On Time,-5.0,Onetime,45.99,0.0065624121640609325,Lost Customers,High Risk
07fbf7cd2d1a81e2c4f88c9ff0148815,2018-05-05 19:24:27,1,On Time,-17.0,Onetime,79.98,0.01141251847970414,Need Attention,Medium Risk
08075209946259e581ef013969467e85,2018-07-10 16:31:45,1,On Time,-10.0,Onetime,179.89,0.025668891589322045,Need Attention,Medium Risk
0807baeeeaa1309effbd9a9dee41ab17,2018-03-28 13:55:28,1,On Time,-5.0,Onetime,105.0,0.014982676173655096,Need Attention,Medium Risk
08114c58968d782002f7cbb2d4cdf823,2017-01-28 13:24:20,1,On Time,-34.0,Onetime,71.0,0.01013114293647154,Need Attention,Medium Risk
08142acc8309337e9dfd631c5f41da27,2017-12-21 14:25:31,1,On Time,-8.0,Onetime,149.9,0.021389553889818086,Need Attention,Medium Risk
081e0e600cfd38bd7eabb583b2af18a3,2018-05-24 12:16:48,1,On Time,-31.0,Onetime,99.99,0.014267788481940694,Need Attention,Medium Risk
083ce299ea3fc1eba79bd0b17f64555b,2018-08-23 14:56:46,1,On Time,-1.0,Onetime,49.89,0.007118911564796692,Need Attention,Medium Risk
084a1adef368b0d738db72ea6cf5d196,2017-03-01 17:03:07,1,On Time,-13.0,Onetime,25.99,0.0037085690833647228,Lost Customers,High Risk
085927781359b6edec85db5ecd78fae2,2018-01-07 19:59:42,1,On Time,-2.0,Onetime,139.0,0.01983420941083865,Need Attention,Medium Risk
085bac9935b660f86e84dae80040f735,2018-07-27 11:53:43,1,On Time,-11.0,Onetime,39.99,0.00570625923985207,Need Attention,Medium Risk
085d2f970d64f92ebc2f4456077e548d,2018-05-16 20:49:00,1,Has Delays,4.0,Onetime,199.0,0.02839573865292728,Need Attention,Medium Risk
08642cd329066fe11ec63293f714f2f8,2018-09-20 13:54:16,1,On Time,-13.0,Onetime,0.0,0.0,Need Attention,Medium Risk
08866945ffb898dc38546a5322439203,2017-06-08 10:51:40,1,On Time,-13.0,Onetime,159.9,0.02281647543016619,Need Attention,Medium Risk
088c8450e52617191d11971c40e388f2,2018-07-16 15:24:53,1,On Time,-5.0,Onetime,99.9,0.014254946188077563,Need Attention,Medium Risk
089967e5aa13d5ab166c175f555ab0d8,2018-06-03 18:15:19,1,On Time,-25.0,Onetime,299.0,0.04266495405640832,Need Attention,Medium Risk
089b7f0bd3654dae116bbef61b197fea,2017-11-11 22:16:49,1,On Time,-11.0,Onetime,34.49,0.004921452392660612,Lost Customers,High Risk
08a8e6e7993db052baf012f977f0f0d5,2018-08-10 10:22:10,1,On Time,-2.0,Onetime,19.49,0.002781070082138455,Need Attention,Medium Risk
08b1a8aac0cd0ae1efff771bb98f19b6,2018-06-07 19:56:49,1,On Time,-35.0,Onetime,249.0,0.0355303463546678,Need Attention,Medium Risk
08c07c761592a71b85136aa4fe76a6f4,2018-01-26 22:03:52,2,On Time,-21.0,Repeated,90.0,0.01284229386313294,Need Attention,Medium Risk
08c563a0e00983d634746efc2cd9fad6,2017-10-22 16:11:06,1,On Time,-10.0,Onetime,0.0,0.0,Lost Customers,High Risk
08c8daf7d9ab792cfa1f117599918913,2018-03-29 19:12:52,1,On Time,-14.0,Onetime,79.98,0.01141251847970414,Need Attention,Medium Risk
08de4d9507128e2ad419e26cc4f22b65,2018-08-26 11:04:26,1,On Time,-2.0,Onetime,0.0,0.0,Need Attention,Medium Risk
08fb46d35bb3ab4037202c23592d1259,2018-06-04 16:44:48,1,On Time,-13.0,Onetime,0.0,0.0,Need Attention,Medium Risk
08fc49193154721a4498d38335c9a77b,2017-11-26 18:01:54,1,On Time,-6.0,Onetime,0.0,0.0,Lost Customers,High Risk
0902b91d17bd2b9675664f8a4d6565c6,2017-03-09 20:50:46,1,On Time,-13.0,Onetime,109.9,0.01568186772842567,Need Attention,Medium Risk
0920c55955b78533a8319ad1d08baa2f,2018-03-14 11:22:37,1,On Time,-1.0,Onetime,0.0,0.0,Need Attention,Medium Risk
0927468f5b9af266432a47173a7f8209,2017-12-19 09:33:24,1,On Time,-17.0,Onetime,37.99,0.005420874931782448,Need Attention,Medium Risk
0932d84be1bb7b48cc56d8029b817271,2018-08-07 00:13:51,1,Has Delays,3.0,Onetime,41.0,0.005850378315427228,Need Attention,Medium Risk
093cfe240a2714354fc5138411f9ae50,2017-04-23 01:17:39,1,On Time,0.0,Onetime,79.9,0.011401103107381355,Need Attention,Medium Risk
0942eedfe0e865b2a80419a14672286f,2017-02-08 07:47:47,1,On Time,-28.0,Onetime,149.9,0.021389553889818086,Need Attention,Medium Risk
095f244a8496bb26d8eefbc7848e08f2,2017-06-14 02:03:11,1,On Time,-10.0,Onetime,0.0,0.0,Lost Customers,High Risk
097442a1538f33ea89dbbe3779fe6db0,2017-06-24 17:11:53,1,On Time,-15.0,Onetime,99.99,0.014267788481940694,Need Attention,Medium Risk
0980adc99590048735ae43d0cc619550,2017-08-09 20:07:05,1,On Time,-3.0,Onetime,379.9,0.054208749317824476,Need Attention,Medium Risk
09831ff6ab667f42521bcd4c22dc755c,2018-03-25 11:26:29,1,On Time,-13.0,Onetime,0.0,0.0,Need Attention,Medium Risk
09928c4afa1c45cfcf099b3b13889719,2018-07-23 12:20:12,1,On Time,-27.0,Onetime,328.0,0.04680302652341782,Need Attention,Medium Risk
09976ab240099cc26220384fa752e4f1,2018-04-02 12:45:17,1,On Time,-3.0,Onetime,74.99,0.010700484631070433,Need Attention,Medium Risk
09a2a3befff4ee3680617f07d9b473ed,2017-05-27 03:23:02,1,On Time,-20.0,Onetime,83.36,0.011894817960341798,Need Attention,Medium Risk
09b9f8efd35809e5e8e5f58b0588dac9,2017-08-24 19:19:05,1,On Time,-19.0,Onetime,199.99,0.028537003885421738,Need Attention,Medium Risk
09c03c5c2c4782bf7b359cbe07e4250f,2017-09-18 10:27:36,1,On Time,-14.0,Onetime,0.0,0.0,Lost Customers,High Risk
09c361fed7245568f0f104496ed4f92f,2017-11-24 19:58:16,1,On Time,-12.0,Onetime,98.97,0.014122242484825189,Need Attention,Medium Risk
09dbe1dd4da682e97b14151ff8677f34,2018-06-07 14:01:50,1,On Time,-5.0,Onetime,24.9,0.00355303463546678,Need Attention,Medium Risk
09f890c3ae1626f1044e52e1c8d3707a,2018-08-19 22:10:49,1,On Time,-7.0,Onetime,39.16,0.005587824752003177,Need Attention,Medium Risk
09fff3b550fb099d044fb43d30f2da6e,2017-09-10 17:43:33,1,On Time,-13.0,Onetime,0.0,0.0,Lost Customers,High Risk
0a0a0dfb438e7ba3e91ec9579d9792b0,2017-07-14 18:30:46,1,On Time,-12.0,Onetime,34.99,0.0049927984696780175,Lost Customers,High Risk
0a11a4d0e9f9e864f03a7451f0f255b6,2017-07-10 12:23:05,1,On Time,-11.0,Onetime,0.0,0.0,Lost Customers,High Risk
0a1d505323970813602fb0a7c50aa484,2018-04-02 18:48:47,1,On Time,-5.0,Onetime,32.9,0.0046945718677452635,Need Attention,Medium Risk
0a26f4521f4fc88f90d29a5ebc930e63,2018-08-11 19:25:27,1,On Time,-12.0,Onetime,44.9,0.006406877716162988,Need Attention,Medium Risk
0a289ff546b41e561b900c97b7bf6c78,2018-04-03 20:44:15,1,On Time,-8.0,Onetime,16.99,0.002424339697051429,Need Attention,Medium Risk
0a3f8040b6aac1d8add29db655c3e463,2017-10-26 16:19:58,1,On Time,-13.0,Onetime,56.99,0.008132025858443848,Need Attention,Medium Risk
0a56b53b96fc69f9d9aa8a0d4037c900,2017-11-22 18:23:16,1,On Time,-10.0,Onetime,72.48,0.010342327324443061,Need Attention,Medium Risk
0a5df23b922b9998bb7378f1ac03c98a,2017-09-29 09:32:17,1,On Time,-17.0,Onetime,29.99,0.0042793376995039645,Lost Customers,High Risk
0a609db8d244100909a15d65eadf8539,2017-10-18 15:53:45,1,On Time,-15.0,Onetime,37.99,0.005420874931782448,Lost Customers,High Risk
0a7c72fec6e7d7917460e5a26f09dce9,2017-11-29 12:48:56,1,On Time,-7.0,Onetime,0.0,0.0,Lost Customers,High Risk
0a8ae1a2b8d6524ba8b19208b6b6e1f6,2018-04-06 22:32:42,1,Has Delays,11.0,Onetime,87.0,0.012414217401028507,Need Attention,Medium Risk
0a8c1dca34c99bbb023b3b1b09735bfa,2017-11-12 18:56:02,1,On Time,-11.0,Onetime,16.97,0.002421485853970733,Lost Customers,High Risk
0aa7d3df6008a3d5aa9db07e65cef5d3,2017-10-04 23:23:34,1,On Time,-20.0,Onetime,0.0,0.0,Lost Customers,High Risk
0aadc1d26d1c8b88a52c39a533ccea93,2017-11-28 10:27:09,1,On Time,-2.0,Onetime,1359.92,0.19404991411501943,Need Attention,Medium Risk
0accfc28d252c3155b25991b5b9e7ea5,2017-10-27 11:58:54,1,On Time,-3.0,Onetime,33.49,0.004778760238625801,Lost Customers,High Risk
0acf30b91a76fe44ccc15e1717dfb672,2017-09-28 23:06:14,1,On Time,-16.0,Onetime,134.9,0.01924917157929593,Need Attention,Medium Risk
0ad45166f7c608cea70cffc074e78e4b,2017-04-08 23:05:55,1,Has Delays,6.0,Onetime,289.9,0.041366455454691545,Need Attention,Medium Risk
0adb4a6277959c538f115b485f2b0495,2017-08-05 14:39:14,1,On Time,-14.0,Onetime,45.0,0.00642114693156647,Lost Customers,High Risk
0adf2fc24a06dc36031666d008044c6e,2017-07-25 22:57:29,1,On Time,-15.0,Onetime,37.99,0.005420874931782448,Lost Customers,High Risk
0ae899ccc7701f38427bc48b7d52eb22,2018-06-09 20:36:52,1,On Time,-16.0,Onetime,129.0,0.018407287870490546,Need Attention,Medium Risk
0af856b84f956b11317832a27b18ff4b,2018-07-31 20:39:04,1,On Time,-19.0,Onetime,0.0,0.0,Need Attention,Medium Risk
0b07eea0b93324ae3c2ce0ede76b95c9,2018-02-19 09:07:09,1,On Time,-13.0,Onetime,129.9,0.018535710809121878,Need Attention,Medium Risk
0b12f11a86385b5ddea612161375ec68,2017-09-09 08:26:26,1,On Time,-16.0,Onetime,0.0,0.0,Lost Customers,High Risk
0b142164e5db564242b9a924fb8bc171,2017-12-19 12:39:44,1,On Time,-9.0,Onetime,59.99,0.008560102320548277,Need Attention,Medium Risk
0b2866e8bcd0c3ae5c35cf81f7f68219,2017-10-12 10:40:18,1,On Time,-11.0,Onetime,13.9,0.0019834209410838654,Lost Customers,High Risk
0b355a14c548a718b4e423a3914bdc17,2017-06-06 21:40:51,1,On Time,-13.0,Onetime,0.0,0.0,Lost Customers,High Risk
0b388905f710fa603f635906bc9afacf,2017-03-25 20:01:03,1,On Time,-15.0,Onetime,0.0,0.0,Lost Customers,High Risk
0b49c33f53bc3d731cfc40dd36cc1b31,2018-01-17 16:32:19,1,On Time,-14.0,Onetime,57.8,0.008247606503212043,Need Attention,Medium Risk
0b5ad91465a83091bf1895d85a4267f9,2018-05-18 11:26:45,1,On Time,-7.0,Onetime,24.6,0.0035102269892563365,Need Attention,Medium Risk
0b5fbc764612225ace7795b93b38aa35,2018-01-22 15:24:44,1,On Time,-16.0,Onetime,53.0,0.007562684163844953,Need Attention,Medium Risk
0b6046cd8b7b9a8ddc7c2996bc719de8,2018-04-29 13:15:47,1,On Time,-21.0,Onetime,0.0,0.0,Need Attention,Medium Risk
0b634a0a63edf40fb50440d7093d8b5e,2017-07-14 18:42:38,1,On Time,-7.0,Onetime,34.9,0.004979956175814883,Lost Customers,High Risk
0b63891bfcfcede37c648664908e6cb3,2017-06-23 17:36:41,1,On Time,-9.0,Onetime,49.9,0.007120338486337041,Need Attention,Medium Risk
0b83f73b19c2019e182fd552c048a22c,2018-04-02 13:42:17,1,On Time,-5.0,Onetime,93.0,0.01327037032523737,Need Attention,Medium Risk
0b8a4ac66e2edd1e8423e2016dc5b9b6,2018-03-01 11:48:22,1,On Time,-2.0,Onetime,33.9,0.004837264021780073,Need Attention,Medium Risk
0b8dab578db3ef19b68e4e228e5e8fea,2018-04-15 09:48:06,1,On Time,-4.0,Onetime,53.9,0.007691107102476282,Need Attention,Medium Risk
0b949d3ee12ac9f871346d814ff57080,2018-05-06 19:45:32,1,On Time,-8.0,Onetime,17.8,0.0025399203418196258,Need Attention,Medium Risk
0ba133b294e8131231a0176e0a2f0853,2017-06-30 12:57:54,1,On Time,-14.0,Onetime,129.9,0.018535710809121878,Need Attention,Medium Risk
0bc50d5cbce10d91edc3e935d068ef0b,2018-07-31 16:16:19,1,On Time,-8.0,Onetime,185.9,0.026526471435071263,Need Attention,Medium Risk
0bcdf709d5d3462205328abe5387c5b8,2017-02-17 22:34:14,1,On Time,-21.0,Onetime,0.0,0.0,Lost Customers,High Risk
0bd4b20e684a23c50c734e740eb41e90,2018-07-30 14:26:27,1,Has Delays,5.0,Onetime,0.0,0.0,Need Attention,Medium Risk
0bd4d2600b49eb951489ebc82723a4e6,2018-06-23 19:24:21,1,On Time,-15.0,Onetime,60.0,0.008561529242088627,Need Attention,Medium Risk
0be176523405976a37488ad6a2b81031,2018-06-03 11:52:11,1,On Time,-23.0,Onetime,0.0,0.0,Need Attention,Medium Risk
0be23e2afd5c5d9a1c2ef6b033e2b17c,2018-06-22 13:43:19,1,On Time,-25.0,Onetime,29.99,0.0042793376995039645,Need Attention,Medium Risk
0be330030885cb5b0cd0fc84f90d4ad5,2018-07-23 17:03:40,1,On Time,-12.0,Onetime,133.0,0.01897805648662979,Need Attention,Medium Risk
0bfb268a7a8268c6a67d71693a0c1c95,2018-06-04 08:08:48,1,On Time,-29.0,Onetime,71.71,0.010232454365836256,Need Attention,Medium Risk
0c061e779ae6c21a1c561eb2ebc5caf7,2018-05-08 14:09:32,1,On Time,-12.0,Onetime,90.0,0.01284229386313294,Need Attention,Medium Risk
0c0682ccb539fc2ae62d6437ae5feac9,2018-08-26 17:28:44,1,On Time,-14.0,Onetime,99.0,0.014126523249446233,Need Attention,Medium Risk
0c1010da546577eec46de55b3a0a885d,2018-04-29 16:03:47,1,On Time,-14.0,Onetime,0.0,0.0,Need Attention,Medium Risk
0c1a20644f0dc126c3eaff8dbc1bd12c,2018-05-10 09:12:16,1,On Time,-12.0,Onetime,0.0,0.0,Need Attention,Medium Risk
0c2018c190ac0a6c5a02c0bcbfaf2129,2017-03-19 17:06:25,1,On Time,-25.0,Onetime,169.96,0.024251958499756383,Need Attention,Medium Risk
0c3a1c1585e96999bdaf83732d1fe234,2017-11-28 21:52:00,1,On Time,-1.0,Onetime,75.0,0.010701911552610783,Need Attention,Medium Risk
0c408490d833fcce64944726a4cf9d8c,2017-12-21 17:45:50,1,On Time,-13.0,Onetime,56.0,0.007990760625949384,Need Attention,Medium Risk
0c4266dc13e119f7b8d87ec0f31f3439,2017-12-04 17:42:45,1,On Time,-13.0,Onetime,198.0,0.028253046498892466,Need Attention,Medium Risk
0c428f7733b04c35dac27a76efeec295,2017-09-07 04:14:08,1,On Time,-15.0,Onetime,29.9,0.004266495405640831,Lost Customers,High Risk
0c57b6540cb8ed939596e4f199d637fe,2018-07-01 14:19:56,1,On Time,-23.0,Onetime,29.99,0.0042793376995039645,Need Attention,Medium Risk
0c5c596ff335ad6b91e78f1f328d030b,2018-08-12 20:27:59,1,On Time,-2.0,Onetime,30.0,0.0042807646210443135,Need Attention,Medium Risk
0c5e206ec36cc859ac0b248f2ad72e6e,2017-06-23 11:23:50,1,On Time,-17.0,Onetime,89.9,0.012828024647729459,Need Attention,Medium Risk
0c6622facae49819fe1591fcc9737bb2,2017-12-09 23:17:24,1,On Time,-13.0,Onetime,189.9,0.0270972400512105,Need Attention,Medium Risk
0c6ea2a59dd585779e9b25d3df3ed41b,2017-07-30 17:09:00,1,On Time,-13.0,Onetime,16.9,0.002411497403188296,Lost Customers,High Risk
0c71fffae3b89f1f4c7afd556f5d29b1,2017-04-05 22:29:43,1,On Time,-12.0,Onetime,154.19,0.02200170323062742,Need Attention,Medium Risk
0c7360e4c7109f897e18fedcec400ccf,2018-03-21 10:18:04,1,On Time,-12.0,Onetime,90.0,0.01284229386313294,Need Attention,Medium Risk
0c7b920c8084dc18771c014987fc49ef,2017-02-05 09:02:40,1,On Time,-14.0,Onetime,0.0,0.0,Lost Customers,High Risk
0c8286526be3a0fc8f50b7267db95035,2017-04-28 00:12:06,1,On Time,-14.0,Onetime,159.9,0.02281647543016619,Need Attention,Medium Risk
0c83083c3578da76ef6fe35fbcab768b,2018-06-07 06:54:17,1,On Time,-22.0,Onetime,103.12,0.014714414924069653,Need Attention,Medium Risk
0c857d0fdb5599b8fc5cfa1c9ba71c76,2018-02-11 20:30:24,1,On Time,-13.0,Onetime,84.9,0.012114563877555407,Need Attention,Medium Risk
0c8761c28faa9b9930e4a9bb545905da,2018-07-30 22:41:44,1,Has Delays,1.0,Onetime,13.99,0.001996263234946998,Need Attention,Medium Risk
0c8c9d632cdaea590c5e62cdf6db4b9d,2018-02-24 12:18:42,1,On Time,-11.0,Onetime,34.9,0.004979956175814883,Need Attention,Medium Risk
0c9c69e1c09db6c3891e0cfccfd05bcb,2017-11-19 20:27:10,1,On Time,-5.0,Onetime,13.99,0.001996263234946998,Lost Customers,High Risk
0ca60f3b899e4c26f7158574acd3d628,2018-06-04 15:55:39,1,On Time,-26.0,Onetime,87.0,0.012414217401028507,Need Attention,Medium Risk
0cb9be6e0e12afac27ace32e3be4051f,2018-05-23 16:12:01,1,On Time,-19.0,Onetime,19.9,0.0028395738652927274,Need Attention,Medium Risk
0cba4bb63764d34cf5ada48adfbe67bb,2017-10-03 21:02:27,1,Has Delays,4.0,Onetime,0.0,0.0,Lost Customers,High Risk
0cc2ee1112a11a1094eff52fa2e87150,2017-10-03 11:54:15,1,On Time,-7.0,Onetime,60.0,0.008561529242088627,Need Attention,Medium Risk
0cda37a2bb960bc86fb2a2c027f995bb,2017-06-13 15:50:59,1,On Time,-10.0,Onetime,74.0,0.010559219398575972,Need Attention,Medium Risk
0ce904893f0560890d2f0d063a30ddb6,2018-04-15 18:55:17,1,On Time,-10.0,Onetime,119.6,0.017065981622563325,Need Attention,Medium Risk
0ce90ebb62619ade569740d7d7e7d623,2018-07-07 20:04:55,1,On Time,-25.0,Onetime,99.9,0.014254946188077563,Need Attention,Medium Risk
0cee82b00c2425e61081b7dfc85b248f,2017-08-15 11:19:24,1,On Time,-10.0,Onetime,14.99,0.0021389553889818082,Lost Customers,High Risk
0cfe42acc51af3f1b24268032e51bc56,2018-03-12 13:32:14,1,Has Delays,12.0,Onetime,0.0,0.0,Need Attention,Medium Risk
0d0481ffb0bb25cfc9ba06c02bba0ecf,2018-04-24 18:40:22,1,On Time,-21.0,Onetime,109.99,0.0156947100222888,Need Attention,Medium Risk
0d062c3c954a9f461c2be3e19cb99ae2,2017-06-22 11:05:14,1,On Time,-13.0,Onetime,59.9,0.008547260026685145,Need Attention,Medium Risk
0d16d92d727e8800fdd5f85f00eae25b,2017-08-06 17:41:56,1,On Time,-6.0,Onetime,0.0,0.0,Lost Customers,High Risk
0d21499406ab7c18f548dc945b63c28c,2017-02-20 13:43:53,1,On Time,-21.0,Onetime,82.99,0.011842021863348916,Need Attention,Medium Risk
0d3394dad534976f75bb0133fe18bd63,2017-07-18 14:57:58,1,On Time,-17.0,Onetime,119.9,0.017108789268773773,Need Attention,Medium Risk
0d3d2bb5ba03b60324b0684e614c7c20,2018-02-10 11:48:42,1,On Time,-13.0,Onetime,79.0,0.011272680168750025,Need Attention,Medium Risk
0d5d0284aba97b5fa9154c49ad861871,2018-04-17 15:43:38,1,On Time,0.0,Onetime,25.0,0.003567303850870261,Need Attention,Medium Risk
0d6b9a91ea74552ac4f5fb2fdd2f50d8,2017-11-10 10:35:05,1,On Time,-12.0,Onetime,133.0,0.01897805648662979,Need Attention,Medium Risk
0d75e26f60500a90bbf13fa2b9af61cb,2018-07-12 20:24:07,1,On Time,-4.0,Onetime,94.0,0.013413062479272181,Need Attention,Medium Risk
0d7a6ee9d351c0856e4858cb84f26c3c,2018-08-15 19:52:54,1,On Time,-21.0,Onetime,99.9,0.014254946188077563,Need Attention,Medium Risk
0d8b6f37ce56eb5679cf690b59318b4c,2018-08-12 21:19:11,1,On Time,-29.0,Onetime,38.0,0.005422301853322796,Need Attention,Medium Risk
0d997d092f93b5c58d0f9b4bd0643d16,2017-12-01 20:48:11,1,On Time,-12.0,Onetime,0.0,0.0,Need Attention,Medium Risk
0da8a21fd4fb57463c7897ad901c7bf9,2018-01-13 17:59:46,1,On Time,-12.0,Onetime,189.9,0.0270972400512105,Need Attention,Medium Risk
0dbe6acfe4256b6babf9463aba634648,2017-08-29 13:53:14,1,On Time,-12.0,Onetime,34.99,0.0049927984696780175,Lost Customers,High Risk
0dbf75634e9cdb8dfef760501cf983a8,2018-03-14 13:19:06,1,On Time,-4.0,Onetime,0.0,0.0,Need Attention,Medium Risk
0dc9c8d77cfdc1d53d8378286c77de05,2017-11-25 01:03:50,1,Has Delays,3.0,Onetime,0.0,0.0,Lost Customers,High Risk
0dd47ea03f3e61825df9e2bc94c292f1,2017-06-19 18:00:01,1,On Time,-14.0,Onetime,0.0,0.0,Lost Customers,High Risk
0dda24b8a802f6876acc46861ea17903,2018-02-09 21:00:12,1,Has Delays,3.0,Onetime,0.0,0.0,Need Attention,Medium Risk
0ddba04798f1c085d0ca93af0e91f6c1,2018-02-14 16:38:58,1,On Time,-8.0,Onetime,67.9,0.009688797258963629,Need Attention,Medium Risk
0df55f5accedda71bda8f4c7f590951f,2018-02-14 20:48:53,1,On Time,-7.0,Onetime,0.0,0.0,Need Attention,Medium Risk
0e06af8004ffd01a3461e768f9f659aa,2017-11-19 16:20:52,1,On Time,-13.0,Onetime,129.0,0.018407287870490546,Need Attention,Medium Risk
0e0962c6edb63ee9c5ea0f4f8d73a86e,2018-06-19 17:32:14,1,On Time,-8.0,Onetime,399.8,0.05704832318311721,Need Attention,Medium Risk
0e1aa2e5d9087f8f34d2e6913d6891dd,2018-04-08 17:34:27,1,On Time,-21.0,Onetime,153.4,0.02188897642893992,Need Attention,Medium Risk
0e2fd48c6bf362339bff97193d659b20,2018-06-06 21:48:46,1,On Time,-35.0,Onetime,78.0,0.011129988014715214,Need Attention,Medium Risk
0e3adc3a3ad71718fc412a1d0d5fbc11,2018-03-11 23:39:29,1,On Time,-13.0,Onetime,22.95,0.003274784935098899,Need Attention,Medium Risk
0e52335ca066271c324be8289cae3251,2018-06-28 11:08:58,1,On Time,-22.0,Onetime,66.99,0.00955894739879195,Need Attention,Medium Risk
0e5858cb988e7b7905f137dd56147574,2017-04-30 18:34:22,1,On Time,-9.0,Onetime,29.9,0.004266495405640831,Lost Customers,High Risk
0e634b16e4c585acbd7b2e8276ce6677,2018-01-31 11:31:37,1,On Time,-13.0,Onetime,0.0,0.0,Need Attention,Medium Risk
0e662bf6962c28aca8d2e6ebfe053de7,2018-02-01 17:56:29,1,On Time,-10.0,Onetime,419.9,0.0599164354792169,Need Attention,Medium Risk
0e6d20df2d2c4ba9283ad121dee84e1b,2017-11-22 15:32:48,1,On Time,-12.0,Onetime,99.9,0.014254946188077563,Need Attention,Medium Risk
0e764fc1a13e47e900c3d59a989753e8,2018-04-22 08:48:13,1,On Time,-21.0,Onetime,318.0,0.045376104983069716,Need Attention,Medium Risk
0e78d5d8e92c4454512d545b10be8585,2017-07-05 11:58:33,1,On Time,-11.0,Onetime,0.0,0.0,Lost Customers,High Risk
0e7f8d40e42c2fe70b2115e2121bf4eb,2017-11-13 23:36:32,1,Has Delays,9.0,Onetime,0.0,0.0,Lost Customers,High Risk
0e81b4d6355f0cdec4bc81b5dd1f410f,2017-05-07 22:09:14,1,On Time,-13.0,Onetime,189.0,0.026968817112579174,Need Attention,Medium Risk
0e8a143471b03abf182926e26af07e7a,2017-07-23 12:59:47,1,On Time,-14.0,Onetime,59.9,0.008547260026685145,Need Attention,Medium Risk
0e914929d9935db92beddb5f3b551a96,2018-01-11 18:37:55,1,On Time,-9.0,Onetime,12.98,0.0018521441593718393,Need Attention,Medium Risk
0e9bafe047d5c6fe3fd8ef6bcdce9a1a,2018-08-28 08:18:22,1,On Time,-13.0,Onetime,0.0,0.0,Need Attention,Medium Risk
0eab82e58c1b71bfb9f2c7dd966e8cff,2017-09-08 13:37:07,1,On Time,-17.0,Onetime,229.0,0.03267650327397159,Need Attention,Medium Risk
0ebbc7eb66eec02dbf8ec16bf4df7d4a,2018-05-28 17:05:02,1,On Time,-14.0,Onetime,0.0,0.0,Need Attention,Medium Risk
0ee02c020cf6a1d5af1f44febcec7e69,2018-03-29 19:11:55,1,On Time,-6.0,Onetime,149.99,0.02140239618368122,Need Attention,Medium Risk
0efdde54b9e08d009874be9231dfe635,2017-09-06 20:56:29,1,On Time,-9.0,Onetime,174.9,0.024956857740688346,Need Attention,Medium Risk
0f04a72a4b5d5889a83916f2342c9123,2017-03-01 10:46:15,1,On Time,-21.0,Onetime,45.9,0.006549569870197798,Lost Customers,High Risk
0f0891bce8c3efed9ec2e5a9bcb1aeb3,2018-02-15 19:23:46,1,On Time,-7.0,Onetime,149.9,0.021389553889818086,Need Attention,Medium Risk
0f0b49d45120fcb28bda56e94bc85673,2018-02-07 20:18:57,1,On Time,-18.0,Onetime,325.0,0.04637495006131339,Need Attention,Medium Risk
0f15654c2819f53ab1b7f53330f457ac,2018-05-31 22:01:02,1,On Time,-33.0,Onetime,219.0,0.031249581733623487,Need Attention,Medium Risk
0f236e51bb703ddf0e311f3520600065,2018-01-16 12:38:49,1,On Time,-30.0,Onetime,184.0,0.02625535634240512,Need Attention,Medium Risk
0f38a44168ec569a3f783ebf98d79095,2017-11-22 13:45:31,1,On Time,-7.0,Onetime,50.0,0.007134607701740522,Need Attention,Medium Risk
0f47ee9839f0c5f608cc69ebe59f0001,2018-05-07 13:00:22,1,On Time,-16.0,Onetime,148.0,0.021118438797151945,Need Attention,Medium Risk
0f524b9f56efaf32d066ef999d95840e,2018-07-02 13:58:59,1,On Time,-12.0,Onetime,296.5,0.04230822367132129,Need Attention,Medium Risk
0f5974d48b53c84eab42f27ff30a4bcd,2017-07-19 13:37:59,1,On Time,-14.0,Onetime,179.99,0.02568316080472553,Need Attention,Medium Risk
0f6c4fedab0af76f3af23a6c65efbdc3,2018-07-13 13:42:50,1,On Time,-6.0,Onetime,59.9,0.008547260026685145,Need Attention,Medium Risk
0f6e32b2c661f1d00553a1d7132c9db2,2017-08-08 14:58:28,1,On Time,-7.0,Onetime,23.8,0.0033960732660284886,Lost Customers,High Risk
0f95258527026365d80664a88544bdbb,2018-04-05 13:50:28,1,On Time,-17.0,Onetime,0.0,0.0,Need Attention,Medium Risk
0f959f179a3451d6c6bca46040b52b68,2018-01-04 19:32:27,1,On Time,-10.0,Onetime,179.0,0.02554189557223107,Need Attention,Medium Risk
0fa37740a3371e759a99e0acc2d533c2,2017-07-24 16:14:28,1,On Time,-18.0,Onetime,49.99,0.007133180780200174,Need Attention,Medium Risk
0fa43f164a88bfd96f05ab1fcbeca41c,2017-06-11 21:57:20,1,On Time,-12.0,Onetime,529.99,0.07562541471690919,Need Attention,Medium Risk
0fa4a064989236797d08591a95b05311,2017-12-12 22:27:31,1,On Time,-15.0,Onetime,59.0,0.008418837088053816,Need Attention,Medium Risk
0fafcdf86099987d7b3e0ebac9e8af2d,2018-06-07 18:26:24,1,On Time,-8.0,Onetime,165.9,0.02367262835437505,Need Attention,Medium Risk
0fce02538969e210a9e1b27b515ccaad,2018-04-18 14:29:17,1,On Time,-7.0,Onetime,99.49,0.01419644240492329,Need Attention,Medium Risk
0fd107db0fd0dec34c21b6269549ffab,2018-05-15 13:36:35,1,On Time,-15.0,Onetime,0.0,0.0,Need Attention,Medium Risk
0fd18d821e025515612a466c926ff664,2017-10-21 14:06:50,1,On Time,-13.0,Onetime,42.9,0.006121493408093367,Lost Customers,High Risk
0fdc0d21e1983e8af4d399e17671f76d,2018-03-04 21:04:35,1,On Time,-10.0,Onetime,195.54,0.02790202379996683,Need Attention,Medium Risk
0fdfbef2ae337480fe00523dac271cb3,2017-12-22 22:02:12,1,On Time,-10.0,Onetime,219.8,0.03136373545685134,Need Attention,Medium Risk
0fe1ce06ed231600c5c0213e7d920627,2018-08-12 17:08:45,1,On Time,-7.0,Onetime,0.0,0.0,Need Attention,Medium Risk
0ff3cddcf62afdff48dddaf22aaf0fee,2017-07-15 17:29:04,1,On Time,-13.0,Onetime,116.6,0.016637905160458894,Need Attention,Medium Risk
1003a1d72627f1a71f255e239aaa4bfd,2018-05-10 15:24:26,1,On Time,-15.0,Onetime,1129.99,0.16124070713779545,Need Attention,Medium Risk
1003a6796395c39384cbaeafd51392d8,2018-06-09 01:44:49,1,On Time,-27.0,Onetime,0.0,0.0,Need Attention,Medium Risk
1006daf2f4f3b40848bdb64d356b4b39,2018-03-15 16:59:11,1,On Time,-13.0,Onetime,49.99,0.007133180780200174,Need Attention,Medium Risk
100a1a0fe9f738719f7b63e3eadf5ebe,2018-03-24 06:41:33,1,On Time,-11.0,Onetime,277.9,0.039654149606273816,Need Attention,Medium Risk
1015173479527a15ccb63606a74f404e,2017-09-05 12:48:49,1,On Time,-54.0,Onetime,164.9,0.023529936200340242,Need Attention,Medium Risk
1016fdb943a9d972e1feb76f053b3535,2018-04-28 11:33:59,1,On Time,-12.0,Onetime,0.0,0.0,Need Attention,Medium Risk
101968800abfdd1b81ae25d804eadafb,2017-02-06 15:33:57,1,On Time,-13.0,Onetime,29.99,0.0042793376995039645,Lost Customers,High Risk
1024c5cd62d38352351e537638162793,2018-01-13 09:31:19,1,On Time,-11.0,Onetime,157.77,0.022512541142072046,Need Attention,Medium Risk
1033c72c41b1e8f0ed67a793ea8d8501,2017-04-18 23:11:46,1,On Time,-8.0,Onetime,0.0,0.0,Lost Customers,High Risk
103618505393998f2192cb78f7bab338,2017-08-11 17:40:19,1,On Time,-13.0,Onetime,50.0,0.007134607701740522,Need Attention,Medium Risk
103838ffc9a90c22e78aae22c57b7f2e,2018-08-14 11:31:09,1,On Time,-7.0,Onetime,33.9,0.004837264021780073,Need Attention,Medium Risk
104f7393b136186670b805468fbeeac3,2017-07-08 12:23:36,1,On Time,-8.0,Onetime,59.9,0.008547260026685145,Need Attention,Medium Risk
104ffa1d4881f8e36d50f80319f7400b,2018-04-20 15:31:00,1,On Time,-20.0,Onetime,29.99,0.0042793376995039645,Need Attention,Medium Risk
106106992030e0d83e6f1bc9d4054070,2017-05-18 20:59:24,1,On Time,-13.0,Onetime,359.8,0.05134063702172479,Need Attention,Medium Risk
10669e874b7ddaab97d6d539578576d7,2017-05-09 11:48:37,1,On Time,-13.0,Onetime,36.9,0.005265340483884505,Lost Customers,High Risk
106fc159590d2e39a532f3f56259df49,2017-12-05 14:10:07,1,On Time,-19.0,Onetime,47.3,0.006749338885846534,Need Attention,Medium Risk
10781139baee5b4ca3d36d419b870204,2017-11-10 12:30:18,1,Has Delays,1.0,Onetime,0.0,0.0,Lost Customers,High Risk
10837ec2278f48b91274e961ee27e699,2017-09-10 09:49:07,1,On Time,-14.0,Onetime,669.99,0.09560231628178265,Need Attention,Medium Risk
10867a902e32dd54061b2cda9c55b0b6,2018-02-26 14:18:53,2,Has Delays,12.0,Repeated,144.41,0.020606173964166974,Need Attention,Medium Risk
10903bb91fbe71e98f0c18940fddac03,2018-05-20 14:52:56,1,On Time,-5.0,Onetime,75.9,0.010830334491242113,Need Attention,Medium Risk
10936b5134f21f582fbc02f383d76572,2017-03-29 23:16:20,1,On Time,-23.0,Onetime,129.96,0.018544272338363966,Need Attention,Medium Risk
10aa79627a28350b5c121a124096cb18,2017-07-04 18:48:46,1,On Time,-16.0,Onetime,29.9,0.004266495405640831,Lost Customers,High Risk
10d23a44c8eb20d89a2672331327f324,2017-12-15 22:58:04,1,On Time,-10.0,Onetime,394.65,0.05631345858983794,Need Attention,Medium Risk
10dbffc4a798d018f58224da1162b90e,2017-10-26 09:31:45,1,On Time,-21.0,Onetime,1437.0,0.20504862534802257,Need Attention,Medium Risk
10e49a12540465d3141f898aeee0a6b4,2017-02-21 17:11:24,1,On Time,-19.0,Onetime,25.99,0.0037085690833647228,Lost Customers,High Risk
110934758b1585194afe1c0134c1dd35,2018-06-01 23:24:48,1,On Time,-24.0,Onetime,84.9,0.012114563877555407,Need Attention,Medium Risk
11160ccb67a77abe36dd062bd2701a04,2017-11-17 06:34:36,1,On Time,-13.0,Onetime,32.9,0.0046945718677452635,Lost Customers,High Risk
1128c1fa085cce5576a2aef4b694a1b4,2018-05-15 11:33:28,1,On Time,-21.0,Onetime,0.0,0.0,Need Attention,Medium Risk
11301f323f8e1334478e701ad8892230,2017-12-16 22:28:32,1,On Time,-22.0,Onetime,129.0,0.018407287870490546,Need Attention,Medium Risk
113271b647a5f12bd3f41c1e37f78c1d,2018-05-03 15:12:22,1,Has Delays,9.0,Onetime,59.9,0.008547260026685145,Need Attention,Medium Risk
11375e463611310a6d7acfba83dc1fd7,2017-12-23 13:37:52,1,On Time,-19.0,Onetime,0.0,0.0,Need Attention,Medium Risk
11444f8161e51e1d513a6adfc41e629e,2018-04-28 18:51:34,1,On Time,-11.0,Onetime,16.0,0.002283074464556967,Need Attention,Medium Risk
1148e7e1daf6d2378b814e90506e9d26,2018-06-12 09:51:55,1,On Time,-36.0,Onetime,118.9,0.01696609711473896,Need Attention,Medium Risk
116490c868c239247db4417b68c9b435,2017-03-05 22:44:58,1,On Time,-15.0,Onetime,89.9,0.012828024647729459,Need Attention,Medium Risk
1175e95fb47ddff9de6b2b06188f7e0d,2018-01-18 12:35:45,1,On Time,-17.0,Onetime,29.99,0.0042793376995039645,Need Attention,Medium Risk
1176d8491a0ae7e42bc65b08ddd1d924,2018-04-12 09:52:07,1,On Time,-9.0,Onetime,44.9,0.006406877716162988,Need Attention,Medium Risk
1177ffc12e57d165dd64077a4bbcd77c,2018-04-10 21:19:39,1,Has Delays,7.0,Onetime,34.2,0.004880071667990518,Need Attention,Medium Risk
1188233025a9769168e1f1f1981c2444,2017-06-12 13:49:41,1,On Time,-16.0,Onetime,149.84,0.021380992360575998,Need Attention,Medium Risk
1195277e191f958d98f9172a1111a64e,2018-02-05 14:18:03,1,On Time,-11.0,Onetime,0.0,0.0,Need Attention,Medium Risk
11c3d6c93dea6ce86769a4835c171bd9,2018-01-25 13:34:24,1,On Time,-13.0,Onetime,71.8,0.01024529665969939,Need Attention,Medium Risk
11c544bcf003c0ba2817787a6e1fa69f,2017-07-27 09:24:18,1,On Time,-20.0,Onetime,0.0,0.0,Lost Customers,High Risk
11c6370fa35c524098f44a6c6d0582ed,2018-08-27 07:18:36,1,On Time,-6.0,Onetime,24.99,0.0035658769293299124,Need Attention,Medium Risk
11d07d8ffcdb81279bb38d710648ce6f,2017-08-16 17:31:15,1,On Time,-4.0,Onetime,33.8,0.004822994806376592,Lost Customers,High Risk
11d2c273e93727d6c0e516075435ae82,2018-05-16 12:22:12,1,On Time,-1.0,Onetime,51.8,0.0073914535790031806,Need Attention,Medium Risk
11dabe1669e29dba5a0874caa569be29,2017-06-22 18:32:32,1,On Time,-7.0,Onetime,21.8,0.003110688957958867,Lost Customers,High Risk
11e34afed2f0357f6c4d5220228cd167,2018-07-04 14:54:19,1,On Time,-14.0,Onetime,0.0,0.0,Need Attention,Medium Risk
11e75c5cd86cd8389b80a9b6ce71d218,2018-05-06 23:03:13,1,Has Delays,5.0,Onetime,119.99,0.017121631562636904,Need Attention,Medium Risk
11e81b9497f68f501ac372f3cc827bbb,2018-04-18 21:54:26,1,On Time,-17.0,Onetime,213.0,0.03039342880941462,Need Attention,Medium Risk
11ea710f79bf401804796bfe35fe3a2a,2018-05-07 23:01:29,1,On Time,-4.0,Onetime,76.2,0.010873142137452555,Need Attention,Medium Risk
11f9374f0b84ffc98a1ae50698c2112d,2018-02-19 00:38:22,1,On Time,-12.0,Onetime,82.0,0.011700756630854455,Need Attention,Medium Risk
120d312c68bd6607e58c4059b219d5ae,2018-05-29 09:13:48,1,On Time,-35.0,Onetime,34.9,0.004979956175814883,Need Attention,Medium Risk
1215ec4a375a52f5b9f75d951828371b,2017-02-07 14:26:30,1,On Time,-21.0,Onetime,0.0,0.0,Lost Customers,High Risk
123ae28184c9e80638e71d40e37adc27,2017-08-19 14:06:58,1,On Time,-17.0,Onetime,29.9,0.004266495405640831,Lost Customers,High Risk
12456b22f2fe7567211f0f29dc7dc58e,2017-03-21 08:50:00,1,On Time,-14.0,Onetime,37.98,0.0054194480102421,Lost Customers,High Risk
124621ab7971ddd927e021028e8f2ad1,2018-01-03 00:43:53,1,On Time,-17.0,Onetime,19.9,0.0028395738652927274,Need Attention,Medium Risk
125f6a093e3f2be801d70e4eaa16f9f0,2018-02-28 20:54:03,1,On Time,-17.0,Onetime,130.0,0.018549980024525358,Need Attention,Medium Risk
1262c5e6cb8a5dc8c45fde0d536da589,2017-06-13 21:10:05,1,On Time,-13.0,Onetime,89.9,0.012828024647729459,Need Attention,Medium Risk
1268b060098ed3f22c2e7c34cc72a1a8,2017-04-22 13:48:18,1,On Time,-9.0,Onetime,0.0,0.0,Lost Customers,High Risk
127e44b144e9f8e1edf9262193bac557,2017-12-21 13:57:09,1,On Time,-15.0,Onetime,19.99,0.0028524161591558603,Need Attention,Medium Risk
12ab9334b1240d6d037f2b0102a49571,2017-12-13 17:35:27,1,On Time,-12.0,Onetime,0.0,0.0,Need Attention,Medium Risk
12bf35aec09644582d3d803df7607246,2018-08-17 21:45:54,1,On Time,-12.0,Onetime,100.9,0.014397638342112374,Need Attention,Medium Risk
12bf6178776d90da204cdf1b37d23906,2018-01-14 21:52:31,1,On Time,-13.0,Onetime,0.0,0.0,Need Attention,Medium Risk
12c4dee2137f46228b93caaeb9cb1ccc,2018-05-31 20:15:27,1,On Time,-26.0,Onetime,52.8,0.0075341457330379905,Need Attention,Medium Risk
12cc890391e57d7123e004856ff1f137,2016-10-05 07:31:49,1,On Time,-52.0,Onetime,75.0,0.010701911552610783,Need Attention,Medium Risk
12d5abe8e60cbc8c330cd36fcda842c6,2017-06-30 14:08:39,1,On Time,-16.0,Onetime,349.99,0.049940826990643304,Need Attention,Medium Risk
12d7642e3241d015433f989199c9d7bc,2018-07-03 10:03:33,1,On Time,-20.0,Onetime,0.0,0.0,Need Attention,Medium Risk
12d9e338f349a4d5ba7ebedf1f93b26f,2018-07-14 16:32:00,1,On Time,-23.0,Onetime,120.0,0.017123058484177254,Need Attention,Medium Risk
12e2cfc1a8dc424fb87cc5a7ce029007,2017-04-12 20:14:58,1,On Time,-16.0,Onetime,99.99,0.014267788481940694,Need Attention,Medium Risk
12e7a2c201751ddc979e7a45cef500f3,2017-08-09 20:19:05,1,On Time,-15.0,Onetime,115.0,0.016409597714003202,Need Attention,Medium Risk
12ebfdb41392890f9d7a8de957274741,2018-05-19 18:43:01,1,On Time,-19.0,Onetime,2110.0,0.30108044501345,Need Attention,Medium Risk
12f5d6e1cbf93dafd9dcc19095df0b3d,2017-01-05 14:22:02,2,On Time,-16.0,Repeated,20.8,0.002967996803924057,At Risk,High Risk
131dc8b84d915d899517bd2867f62401,2018-08-17 00:29:48,1,On Time,-10.0,Onetime,29.99,0.0042793376995039645,Need Attention,Medium Risk
1322f42ae5165f0fa89f7a1d0f9da61a,2017-11-28 00:34:46,1,On Time,-13.0,Onetime,58.99,0.008417410166513468,Need Attention,Medium Risk
1322f4f08ee126888c52044389540e3a,2017-07-02 13:51:10,1,On Time,-8.0,Onetime,299.0,0.04266495405640832,Need Attention,Medium Risk
132820060c20dcac4bcafeeae8713481,2017-04-30 11:21:39,1,On Time,-13.0,Onetime,229.9,0.03280492621260292,Need Attention,Medium Risk
13467e882eb3a701826435ee4424f2bd,2017-11-28 17:44:07,1,On Time,-13.0,Onetime,117.3,0.016737789668283265,Need Attention,Medium Risk
1353d27af23e55a4e17d000a367d682d,2017-06-29 20:08:14,1,On Time,-11.0,Onetime,0.0,0.0,Lost Customers,High Risk
136bb390be82b2f669d8805d4c3a3f76,2018-01-20 11:38:30,1,On Time,-22.0,Onetime,199.0,0.02839573865292728,Need Attention,Medium Risk
13734c565ae46c49db28f97997bbcb44,2017-11-16 14:21:39,1,On Time,-3.0,Onetime,0.0,0.0,Lost Customers,High Risk
1373e04979cfa0fb2092909abbd57f25,2018-04-04 10:30:16,1,On Time,-16.0,Onetime,229.9,0.03280492621260292,Need Attention,Medium Risk
1374dc8d69e00b2749f27505a5eb4e2d,2018-02-28 19:46:26,1,Has Delays,4.0,Onetime,186.0,0.02654074065047474,Need Attention,Medium Risk
1376c487ee3920f2431e975211dffcb1,2018-02-03 16:17:54,1,On Time,-15.0,Onetime,99.9,0.014254946188077563,Need Attention,Medium Risk
137e5e89cc2ec6ee305e6242ef3fa4c2,2017-05-15 21:52:26,1,On Time,-3.0,Onetime,32.9,0.0046945718677452635,Lost Customers,High Risk
139fb3595e26482b7aa26fd3b0dc0a97,2017-08-08 10:23:10,1,On Time,-6.0,Onetime,89.9,0.012828024647729459,Need Attention,Medium Risk
13d7e67a187b037979c76c75b2e79102,2017-11-08 19:39:09,1,On Time,-6.0,Onetime,0.0,0.0,Lost Customers,High Risk
13dbc23e2f9dd054e0ebd8d4f4f47fb4,2017-08-11 10:47:58,1,On Time,-13.0,Onetime,299.0,0.04266495405640832,Need Attention,Medium Risk
13dde2bba8c4d6141b5452e3d1b22738,2018-05-02 00:13:29,1,On Time,-18.0,Onetime,99.9,0.014254946188077563,Need Attention,Medium Risk
13e6b0e350ed161c70ce5447dfa173a5,2017-11-09 00:26:50,1,On Time,-17.0,Onetime,149.9,0.021389553889818086,Need Attention,Medium Risk
13f53d7f6a18aadc554f13ca087e9669,2018-05-15 17:01:28,1,On Time,-6.0,Onetime,64.99,0.00927356309072233,Need Attention,Medium Risk
13fff243cc1910bf64dafb9bc81ccddc,2017-08-31 09:31:20,1,On Time,-7.0,Onetime,519.8,0.07417138166729446,Need Attention,Medium Risk
141f1d8a1e279448ccb8fa9af62d76a7,2018-02-13 14:35:34,1,On Time,-14.0,Onetime,14.4,0.0020547670181012704,Need Attention,Medium Risk
14220f3da916d4a0740f0b679b842962,2018-04-10 19:24:04,1,On Time,-13.0,Onetime,134.0,0.019120748640664598,Need Attention,Medium Risk
1428917cd397d4f9ac0fde76dd6f2266,2018-02-25 13:50:30,1,On Time,-17.0,Onetime,0.0,0.0,Need Attention,Medium Risk
143ac1358dbb2d185d4873965fcc28e4,2018-08-05 20:47:26,1,On Time,-1.0,Onetime,126.0,0.017979211408386115,Need Attention,Medium Risk
143b74c3413de432b8638a96853e1c9c,2018-07-18 10:05:02,1,On Time,-7.0,Onetime,39.99,0.00570625923985207,Need Attention,Medium Risk
144b22ba90f9b1cf5bf278f0db20a355,2018-01-27 20:36:58,1,On Time,-14.0,Onetime,21.9,0.0031249581733623485,Need Attention,Medium Risk
144b9f1cf244df05e042b5262ecf97d1,2017-05-23 08:18:32,1,On Time,-14.0,Onetime,65.0,0.009274990012262679,Need Attention,Medium Risk
1450a7cb6ba0bc92100a9a4a8a2f38e7,2018-05-08 10:05:26,1,On Time,-13.0,Onetime,0.0,0.0,Need Attention,Medium Risk
1450ca0539e1e64a77c08ba841c8be94,2018-07-16 23:40:37,1,On Time,0.0,Onetime,122.99,0.017549708024741335,Need Attention,Medium Risk
145e875a57ee60b324e31dd3d6b24a3d,2017-11-26 19:13:20,1,On Time,-6.0,Onetime,19.9,0.0028395738652927274,Lost Customers,High Risk
14650aba2993d5db931ecd1ff160714a,2018-08-20 20:28:26,1,On Time,-23.0,Onetime,77.0,0.010987295860680403,Need Attention,Medium Risk
14713b16a9e8f5b7732763d7f78d3220,2017-05-18 12:41:57,1,On Time,-11.0,Onetime,5.9,0.0008418837088053816,Lost Customers,High Risk
147324a07e96b3cfb515d94137b4a327,2017-12-12 20:54:42,1,On Time,-15.0,Onetime,79.0,0.011272680168750025,Need Attention,Medium Risk
1479d41bbd302e37d1316c996c1f55ae,2017-12-01 10:39:13,1,On Time,-13.0,Onetime,569.9,0.08132025858443846,Need Attention,Medium Risk
14885ec3a15ffa02b8dc0cb52748ef9e,2018-02-01 10:02:13,1,On Time,-9.0,Onetime,135.49,0.019333359950176467,Need Attention,Medium Risk
148ac6af2969e129456347e8d3dc64ea,2017-11-23 15:42:05,1,On Time,-17.0,Onetime,289.0,0.041238032516060216,Need Attention,Medium Risk
14a188558af6cd5bc222ca773d395a7f,2018-01-26 18:30:17,1,On Time,-21.0,Onetime,0.0,0.0,Need Attention,Medium Risk
14aa0f879bc9e1d191221462a5fce802,2017-08-23 13:58:50,1,On Time,-15.0,Onetime,119.8,0.01709452005337029,Need Attention,Medium Risk
14aad6719aabc250f03de3beb57ad2f5,2018-01-06 21:37:54,1,On Time,-16.0,Onetime,38.99,0.00556356708581726,Need Attention,Medium Risk
14b0be0b6d7e50e861943bf902bc7959,2017-02-08 11:04:56,1,On Time,-17.0,Onetime,242.0,0.034531501276424126,Need Attention,Medium Risk
14bca561bdb2901e80bb20800ba4bdc0,2018-02-06 09:20:04,1,On Time,-26.0,Onetime,149.0,0.021261130951186754,Need Attention,Medium Risk
14cf3e40a2b5076d2d0384a7e68ca06f,2018-08-06 16:41:44,1,On Time,-9.0,Onetime,1798.0,0.25656049295458916,Need Attention,Medium Risk
14d71f87f2c4ca429306d094a274dff0,2017-06-12 10:42:00,1,On Time,-11.0,Onetime,98.9,0.014112254034042752,Need Attention,Medium Risk
14d84d6f3da70b5d7c26a3f551b3f4b6,2018-01-07 12:47:22,1,On Time,-22.0,Onetime,29.99,0.0042793376995039645,Need Attention,Medium Risk
14d854939d199fb6b6e2b49f306bcf73,2018-02-04 18:28:36,1,On Time,-13.0,Onetime,0.0,0.0,Need Attention,Medium Risk
14df1afa12b13711303026db4a326a7b,2017-12-19 13:54:22,1,On Time,-19.0,Onetime,38.099999999999994,0.005436571068726277,Need Attention,Medium Risk
14e1bf91e4bb789e2bd29fc22f926742,2017-08-07 22:37:51,1,On Time,-21.0,Onetime,139.9,0.01996263234946998,Need Attention,Medium Risk
14eb8f180e208b9805e196fccbbcfd13,2017-11-20 12:49:35,1,Has Delays,1.0,Onetime,689.0,0.0983148941299844,Need Attention,Medium Risk
14f4ae28fc0e2d071f707dbe6daaf0e3,2017-08-05 16:53:32,1,On Time,-10.0,Onetime,59.9,0.008547260026685145,Need Attention,Medium Risk
14f7c220b4e0b529cb23021b2fb9284e,2018-08-18 18:30:33,1,On Time,-13.0,Onetime,49.9,0.007120338486337041,Need Attention,Medium Risk
15010a153e79bb2f1fe810486783f5dd,2018-01-17 16:49:02,1,On Time,-18.0,Onetime,25.9,0.0036957267895015903,Need Attention,Medium Risk
150eeedc7b46a9b7a77ad10e9083c250,2017-06-11 11:50:32,1,On Time,-22.0,Onetime,59.99,0.008560102320548277,Need Attention,Medium Risk
151e9edb34867eaece4d6e7ae188f261,2018-06-20 22:53:23,1,On Time,-17.0,Onetime,0.0,0.0,Need Attention,Medium Risk
1525aae38c4d7ce53540f783ec7b4d17,2018-03-30 10:45:33,1,On Time,-14.0,Onetime,42.9,0.006121493408093367,Need Attention,Medium Risk
1543abf070395977b2de5362138306a8,2018-04-15 22:48:48,1,On Time,-19.0,Onetime,129.0,0.018407287870490546,Need Attention,Medium Risk
154e1a18d4356adc890d517ae349146a,2017-11-24 23:12:50,1,On Time,-8.0,Onetime,0.0,0.0,Lost Customers,High Risk
1572056796a130cff3aac889df5e2939,2018-04-21 23:22:17,1,On Time,-13.0,Onetime,74.99,0.010700484631070433,Need Attention,Medium Risk
157a6a3e29ea1833d3630f3962ac903a,2017-11-28 14:31:04,1,Has Delays,13.0,Onetime,83.23,0.011876267980317273,Need Attention,Medium Risk
157b9d0c8b2328f814b5ee120d5e5914,2018-05-21 17:00:35,1,On Time,-1.0,Onetime,119.5,0.017051712407159848,Need Attention,Medium Risk
158172279ca3f33e15b8412116151ded,2018-05-02 18:19:06,1,On Time,-3.0,Onetime,0.0,0.0,Need Attention,Medium Risk
1581a918a58a11d99c69f86d9c0d2098,2018-04-11 10:48:09,1,On Time,-12.0,Onetime,51.9,0.007405722794406662,Need Attention,Medium Risk
1591182652360b5b62e59bc85d9dda79,2018-05-01 22:57:35,1,On Time,-12.0,Onetime,0.0,0.0,Need Attention,Medium Risk
159ba7a17c9179c96cb8a7ae43235ca9,2018-07-18 16:59:04,1,On Time,-16.0,Onetime,149.0,0.021261130951186754,Need Attention,Medium Risk
15a3524cd2406dccbecb1273c407165b,2018-01-24 12:34:55,1,On Time,-8.0,Onetime,97.49,0.01391105809685367,Need Attention,Medium Risk
15ace7e8f7a0cfb296fcfea489e2445a,2017-07-15 16:14:09,1,On Time,-9.0,Onetime,89.9,0.012828024647729459,Need Attention,Medium Risk
15bc2114da1fbf104a7caabd79ee87c6,2018-01-14 13:21:54,1,On Time,-5.0,Onetime,79.0,0.011272680168750025,Need Attention,Medium Risk
15c7b142c5ed84a1537ceb6d448818f7,2018-01-14 22:46:04,1,Has Delays,8.0,Onetime,317.99,0.04537467806152937,Need Attention,Medium Risk
15c9f1f3d32d5226f79571a100a8f7fe,2018-04-29 22:10:21,1,On Time,-8.0,Onetime,55.0,0.007848068471914575,Need Attention,Medium Risk
15ccaaaa2289afed8a5e40273330c13d,2017-02-20 13:51:20,1,Has Delays,16.0,Onetime,15.9,0.0022688052491534856,Lost Customers,High Risk
15d203babb74e0a9f7cb2bd5593ee188,2018-06-17 20:16:55,1,On Time,-35.0,Onetime,79.9,0.011401103107381355,Need Attention,Medium Risk
15d424086a0e39958d557a39b0638431,2018-05-04 16:08:55,1,On Time,-8.0,Onetime,0.0,0.0,Need Attention,Medium Risk
15e6d6a0a71179040ccfb0d3cd27487a,2017-07-25 16:56:59,1,On Time,-11.0,Onetime,0.0,0.0,Lost Customers,High Risk
15eaf7e40d5ff0687009b39f3da7861a,2018-03-24 07:30:17,1,On Time,-13.0,Onetime,0.0,0.0,Need Attention,Medium Risk
15eb6c5aa4aa23cbdb42e119220d23ec,2017-10-19 10:33:51,1,On Time,-8.0,Onetime,199.0,0.02839573865292728,Need Attention,Medium Risk
15ee900ec703c9a10082b12bcbdcb307,2017-08-28 23:13:30,1,On Time,-39.0,Onetime,999.9,0.14267788481940696,Need Attention,Medium Risk
15fe8224da740000cad6d128fed1a014,2018-04-06 21:05:52,1,On Time,-7.0,Onetime,34.99,0.0049927984696780175,Need Attention,Medium Risk
161b2eb506dd664bb5d23dc701a14b59,2017-07-19 18:44:39,2,On Time,-15.0,Repeated,517.8,0.07388599735922484,Need Attention,Medium Risk
161ee8b03cadfe7599ce809b1750a78d,2017-10-28 10:26:14,1,On Time,-23.0,Onetime,32.0,0.004566148929113934,Lost Customers,High Risk
161fd742f7217e46d7924d781e8705af,2017-02-17 17:37:52,1,On Time,-14.0,Onetime,0.0,0.0,Lost Customers,High Risk
1647c6dc2941bd075dc5dd3448807bed,2017-08-18 19:49:08,1,Has Delays,5.0,Onetime,96.0,0.013698446787341802,Need Attention,Medium Risk
16537a831ca74e633b94cfa47164c420,2017-10-01 13:57:15,1,On Time,-14.0,Onetime,0.0,0.0,Lost Customers,High Risk
1669674efe91cadffc28add980087c0e,2017-09-14 08:57:12,1,On Time,-14.0,Onetime,129.99,0.018548553102985012,Need Attention,Medium Risk
166c27d3c5c75d1f987d4f6cf885ab78,2017-05-30 20:44:31,1,On Time,-20.0,Onetime,39.7,0.005664878515181974,Lost Customers,High Risk
167d54cc2d1d8b157e9dcc360667d415,2018-03-23 22:48:12,1,On Time,-7.0,Onetime,269.9,0.038512612373995336,Need Attention,Medium Risk
1680c593cfe1d6c798df5bd696544a19,2018-08-10 20:18:50,1,On Time,-11.0,Onetime,79.99,0.011413945401244486,Need Attention,Medium Risk
1682bd1183762bcdff292a75f4523452,2018-01-04 11:32:40,1,On Time,-8.0,Onetime,0.0,0.0,Need Attention,Medium Risk
1686671c7c7da526814358fc22ccb8b6,2018-02-13 19:20:07,1,Has Delays,10.0,Onetime,49.9,0.007120338486337041,Need Attention,Medium Risk
1690121bc794fd89b85142934c781255,2018-01-01 21:38:26,1,On Time,-7.0,Onetime,45.0,0.00642114693156647,Need Attention,Medium Risk
169381f51e4c3e926ef199364aeced22,2017-01-28 23:45:53,1,On Time,-28.0,Onetime,589.9,0.08417410166513467,Need Attention,Medium Risk
169a96b0cee3f0ff7d95d697f10d5414,2018-08-20 18:55:21,1,On Time,-15.0,Onetime,759.9,0.10843176785105245,Need Attention,Medium Risk
16b19abad3a7a020ac59a70da5801dac,2018-07-06 07:20:14,1,On Time,-15.0,Onetime,95.0,0.013555754633306992,Need Attention,Medium Risk
16b2beb51d51f455428a8865562fc89e,2018-02-17 10:33:27,1,On Time,-10.0,Onetime,49.99,0.007133180780200174,Need Attention,Medium Risk
16bc2649f4feeba423feecb3279bd28f,2017-02-08 18:00:36,1,On Time,-25.0,Onetime,20.0,0.002853843080696209,Lost Customers,High Risk
16bef435dd734e2a623be5d7fb57b89b,2017-11-12 15:20:27,1,On Time,-16.0,Onetime,59.9,0.008547260026685145,Need Attention,Medium Risk
16c5ef9aad92e31e119f7a202272e6c7,2018-01-25 11:11:12,1,On Time,-21.0,Onetime,0.0,0.0,Need Attention,Medium Risk
16c76c75cc2f6312bc921309ee30ade8,2018-03-16 10:58:09,1,Has Delays,5.0,Onetime,0.0,0.0,Need Attention,Medium Risk
16cb37f0bf15408aa65d713ce4385ba2,2017-10-07 00:16:57,1,On Time,-31.0,Onetime,0.0,0.0,Lost Customers,High Risk
16d92ababe56c665936f0dab8da2fba8,2017-09-23 22:19:48,1,On Time,-12.0,Onetime,139.0,0.01983420941083865,Need Attention,Medium Risk
16e2049fb3bafcda8ae6c196df3be9a2,2018-06-16 13:50:09,1,On Time,-18.0,Onetime,500.0,0.07134607701740522,Need Attention,Medium Risk
16e6739f107fe11620beee49d20c2bd6,2018-04-23 10:59:47,1,On Time,-14.0,Onetime,0.0,0.0,Need Attention,Medium Risk
16ecae01d286ede5c22b963dc96f08ec,2018-01-25 19:46:47,1,Has Delays,2.0,Onetime,289.0,0.041238032516060216,Need Attention,Medium Risk
16fad3f895505b4d04cd5859f01aa23b,2017-08-06 19:22:51,1,On Time,-11.0,Onetime,139.99,0.019975474643333116,Need Attention,Medium Risk
1702d80f8f05bdc591f775bfff3c1684,2018-05-03 23:30:05,1,On Time,-12.0,Onetime,118.9,0.01696609711473896,Need Attention,Medium Risk
17030da4cff1fc639556306a1b0ab0c5,2018-08-16 13:50:48,1,On Time,-11.0,Onetime,56.1,0.008005029841352864,Need Attention,Medium Risk
170bdd7492c288bb1f788c1aff0f7503,2018-01-20 23:34:50,1,On Time,0.0,Onetime,19.9,0.0028395738652927274,Need Attention,Medium Risk
1714b9df17fa7bb77d7f045adadeb285,2018-05-02 09:36:22,1,On Time,-13.0,Onetime,89.9,0.012828024647729459,Need Attention,Medium Risk
1728dd0550caa51cce09523627ad45ef,2018-06-08 15:49:27,1,On Time,-6.0,Onetime,0.0,0.0,Need Attention,Medium Risk
1738c95dedba6054c89d4c3db87f6fd7,2018-06-24 08:21:25,1,On Time,-8.0,Onetime,12.9,0.0018407287870490546,Need Attention,Medium Risk
1749fd10291ef7242c1221a14f57cfb9,2017-12-09 09:29:19,1,On Time,-7.0,Onetime,21.99,0.0031378004672254814,Need Attention,Medium Risk
174f249b4817e23ef163ba88fff61278,2017-11-24 21:04:41,1,On Time,-8.0,Onetime,299.0,0.04266495405640832,Need Attention,Medium Risk
175be4309449118e7767d1560a0465fe,2018-02-19 21:53:30,1,On Time,0.0,Onetime,221.5,0.03160631211871051,Need Attention,Medium Risk
175fb6b5133abe30730dd6108d122b80,2018-01-19 16:33:57,1,On Time,-12.0,Onetime,139.8,0.0199483631340665,Need Attention,Medium Risk
17607d71527c1aeba58519710396a4bc,2017-05-05 22:10:14,1,On Time,-21.0,Onetime,132.7,0.018935248840419344,Need Attention,Medium Risk
177046a5910ce6dcbebb14997a36fb18,2018-07-19 18:01:16,1,On Time,-9.0,Onetime,129.99,0.018548553102985012,Need Attention,Medium Risk
177216eb4775562e57fb625ad8dfb242,2018-03-02 19:25:57,1,On Time,-12.0,Onetime,45.0,0.00642114693156647,Need Attention,Medium Risk
1772c0fbee58b154da028487de51b74c,2018-07-18 13:30:45,1,On Time,-3.0,Onetime,119.85,0.01710165466107203,Need Attention,Medium Risk
177c7ddf107acb626a4d68a243129fb0,2018-07-19 14:16:16,1,On Time,-14.0,Onetime,269.9,0.038512612373995336,Need Attention,Medium Risk
178517ea7fc752dbcbfcad925153cf94,2017-11-18 11:30:58,1,On Time,-10.0,Onetime,0.0,0.0,Lost Customers,High Risk
178abcae329614ef88c84a4f2d01b536,2018-08-21 10:19:27,1,On Time,-21.0,Onetime,132.0,0.018835364332594976,Need Attention,Medium Risk
179607d5aa7e47661b18cabcd7037ab5,2018-01-18 20:07:53,1,On Time,-14.0,Onetime,497.98,0.0710578388662549,Need Attention,Medium Risk
17aeb0f1c1dd5757f8aa0f4c098165f3,2018-07-15 12:57:04,1,On Time,-11.0,Onetime,59.9,0.008547260026685145,Need Attention,Medium Risk
17b83aab01ad7464bc016d72a928f3ea,2018-05-27 13:02:43,1,On Time,-20.0,Onetime,37.89,0.0054066057163789675,Need Attention,Medium Risk
17b929451040c8dd686aa13126abb3ac,2017-08-05 14:23:49,1,On Time,-18.0,Onetime,0.0,0.0,Lost Customers,High Risk
17bf374d6f406164b8674643564f3a10,2017-10-18 16:30:42,1,On Time,-11.0,Onetime,23.99,0.003423184775295102,Lost Customers,High Risk
17d1eac1c77bdc3c586bb9931cfc6da1,2017-03-11 21:54:43,1,On Time,-12.0,Onetime,0.0,0.0,Lost Customers,High Risk
17deef15f063b59eff8f9e440326dda3,2017-10-11 09:33:12,1,On Time,-13.0,Onetime,93.78,0.013381670205384522,Need Attention,Medium Risk
17e0f8c75b7598d7786a43f257e5453f,2017-08-31 05:31:43,1,On Time,-1.0,Onetime,88.6,0.012642524847484205,Need Attention,Medium Risk
17e2896de0a7da4861effe32a8c91900,2018-07-11 01:50:33,1,On Time,-7.0,Onetime,39.96,0.0057019784752310254,Need Attention,Medium Risk
17fcb505d2bba63a058d9ca292e7252a,2017-10-19 11:30:55,1,On Time,-11.0,Onetime,0.0,0.0,Lost Customers,High Risk
18080ed389c72ca4d0c4396edf0ecb37,2017-07-18 16:05:53,1,On Time,-15.0,Onetime,159.99,0.022829317724029324,Need Attention,Medium Risk
181fe5cb523664e70003f36f5ba01d23,2017-02-22 13:22:13,1,On Time,-9.0,Onetime,115.0,0.016409597714003202,Need Attention,Medium Risk
182e134f5a24ee479aa38749a5748cb0,2017-09-03 18:42:45,1,On Time,-10.0,Onetime,25.99,0.0037085690833647228,Lost Customers,High Risk
182ebbe49711dd49de4fbbdf4a999c10,2017-07-30 11:30:00,1,On Time,-15.0,Onetime,0.0,0.0,Lost Customers,High Risk
183694e413cc577ea63e277edb06d393,2018-07-28 14:31:27,1,On Time,-11.0,Onetime,56.1,0.008005029841352864,Need Attention,Medium Risk
18371062fe5ec3dd3f4f48d8011749d7,2018-02-28 15:11:27,1,On Time,-13.0,Onetime,58.99,0.008417410166513468,Need Attention,Medium Risk
1843cceebcc1e391249a2714facc8ba3,2018-05-08 19:32:00,1,On Time,-12.0,Onetime,79.9,0.011401103107381355,Need Attention,Medium Risk
1849e2814a680fd9e23e3c47f53ca85d,2017-05-04 20:37:29,1,On Time,-23.0,Onetime,99.99,0.014267788481940694,Need Attention,Medium Risk
1858eacbc8be35fe3b5dcfcd6d249462,2017-12-21 20:55:24,1,On Time,-33.0,Onetime,320.0,0.04566148929113934,Need Attention,Medium Risk
185dee501a0c28b9c799ff72a3e527c7,2018-08-01 16:54:38,1,On Time,-13.0,Onetime,40.0,0.005707686161392418,Need Attention,Medium Risk
18a2a03ff64c5d3a193b607e0cc72fed,2018-01-10 14:55:25,1,On Time,-17.0,Onetime,26.99,0.0038512612373995335,Need Attention,Medium Risk
18ad234ff8ab86b33af5664c97e0712a,2018-01-09 19:19:32,1,On Time,-13.0,Onetime,0.0,0.0,Need Attention,Medium Risk
18b0804c12cb4d5de0e81612a5af006a,2018-06-23 17:05:29,1,On Time,-15.0,Onetime,17.37,0.002478562715584657,Need Attention,Medium Risk
18bbfd7c77ff481bac5ae34fe5b8cc52,2017-09-13 17:53:28,1,On Time,-13.0,Onetime,45.95,0.00655670447789954,Lost Customers,High Risk
18bc87094128bbfe943cf88adcf72059,2018-06-25 12:06:07,1,On Time,-6.0,Onetime,29.89,0.004265068484100484,Need Attention,Medium Risk
18c2c869a8481e4ee1acdc5cbd8078e4,2017-06-27 10:58:32,1,On Time,-16.0,Onetime,34.9,0.004979956175814883,Lost Customers,High Risk
18c75282901f7db1fe38e8c9a3ce4c12,2018-06-15 21:45:12,1,On Time,-15.0,Onetime,0.0,0.0,Need Attention,Medium Risk
18cd06f52874ea5e5eeb41133113f761,2017-04-19 14:30:31,1,On Time,-9.0,Onetime,0.0,0.0,Lost Customers,High Risk
18f13a4030ea2c8f9faf14771f09d8f6,2018-07-30 19:46:51,1,On Time,-5.0,Onetime,29.0,0.004138072467009503,Need Attention,Medium Risk
18f1d76138f1b657ec314c617bb3842f,2018-02-01 17:15:54,1,On Time,-14.0,Onetime,65.0,0.009274990012262679,Need Attention,Medium Risk
1904191be8eb1c83bafa96fb36db8b6f,2017-04-21 10:10:08,1,On Time,-7.0,Onetime,117.3,0.016737789668283265,Need Attention,Medium Risk
191525912e1a31a97bf8b481ce852f75,2018-06-06 14:21:47,1,On Time,-27.0,Onetime,0.0,0.0,Need Attention,Medium Risk
191e184573cf04ed0a99a5250488a483,2017-08-16 23:37:36,1,On Time,-15.0,Onetime,59.9,0.008547260026685145,Need Attention,Medium Risk
192cebe1ce37dd56b81350bf2d371dbc,2018-04-07 00:49:37,1,On Time,-12.0,Onetime,0.0,0.0,Need Attention,Medium Risk
19473c6ffcf611d71a7ea7f03a17f6dc,2018-04-20 12:53:58,1,On Time,-27.0,Onetime,299.9,0.04279337699503965,Need Attention,Medium Risk
195499d29835ec5b94af4457c1c186e9,2017-11-24 19:51:55,1,On Time,-14.0,Onetime,21.6,0.0030821505271519055,Lost Customers,High Risk
19595c748b330b19286ae94092b6d900,2018-06-16 07:34:44,1,On Time,-13.0,Onetime,69.9,0.00997418156703325,Need Attention,Medium Risk
196fbfa6f817924c4e13687eef22fb30,2018-07-04 16:49:21,1,On Time,-16.0,Onetime,236.0,0.033675348352215265,Need Attention,Medium Risk
1974875b4a1d2e2ee6d586e3ba4d7602,2017-08-10 11:58:33,1,On Time,-5.0,Onetime,0.0,0.0,Lost Customers,High Risk
19799906f242be82caf8e374a7c4747d,2017-03-23 13:25:32,1,On Time,-15.0,Onetime,0.0,0.0,Lost Customers,High Risk
1988d7a1e4df97f78b2e81f091b8c429,2018-02-23 18:21:32,1,On Time,-4.0,Onetime,189.99,0.027110082345073633,Need Attention,Medium Risk
198fa73f9282fb46d9b5b5c25394b7e1,2018-08-20 18:24:30,1,On Time,-16.0,Onetime,43.0,0.006135762623496849,Need Attention,Medium Risk
19b865e3701d5403150575450d4a1c25,2017-07-21 10:09:02,1,On Time,-5.0,Onetime,39.9,0.005693416945988936,Lost Customers,High Risk
19cb50ca8ff9afe19ce39c5d9562f3bd,2018-03-14 13:28:44,1,On Time,-1.0,Onetime,27.99,0.003993953391434344,Need Attention,Medium Risk
19e5b71b7be85c9d54c418dfb4088614,2018-06-12 15:56:30,1,On Time,-21.0,Onetime,399.79,0.057046896261576864,Need Attention,Medium Risk
19edaf153484534b0d582195a5cd8ff8,2018-02-08 07:40:22,1,On Time,-18.0,Onetime,99.9,0.014254946188077563,Need Attention,Medium Risk
19f735a9a58a187253055f9d4bcc2bb6,2017-10-24 02:04:42,1,On Time,-7.0,Onetime,55.0,0.007848068471914575,Need Attention,Medium Risk
19fa462928b554091db0f210254ec2e1,2018-03-25 19:12:53,1,On Time,-9.0,Onetime,12.67,0.001807909591621048,Need Attention,Medium Risk
19fe66d478bfedfdcc743014d562b777,2018-06-12 23:05:15,1,On Time,-22.0,Onetime,44.0,0.006278454777531659,Need Attention,Medium Risk
1a2042f30f2a7ecefdde313fa0cf151b,2017-02-12 12:30:04,1,On Time,-24.0,Onetime,50.0,0.007134607701740522,Need Attention,Medium Risk
1a253bef0924d2e184d8c1de30d32d0d,2017-08-10 21:49:45,1,On Time,-11.0,Onetime,117.9,0.01682340496070415,Need Attention,Medium Risk
1a29b476fee25c95fbafc67c5ac95cf8,2018-04-07 15:48:17,1,On Time,-12.0,Onetime,74.9,0.010687642337207303,Need Attention,Medium Risk
1a2d84203a039be469e1e754f4b8b0b2,2018-04-10 16:22:27,1,On Time,-11.0,Onetime,0.0,0.0,Need Attention,Medium Risk
1a31f48887f7394353577d5d19aa0ec0,2018-04-19 23:24:21,1,On Time,-41.0,Onetime,0.0,0.0,Need Attention,Medium Risk
1a32f102c11b91156379253cb770aac3,2018-04-10 22:58:03,1,On Time,-20.0,Onetime,269.0,0.03838418943536401,Need Attention,Medium Risk
1a36d4ff0116a6903cfacce00fee523f,2018-04-22 23:01:22,1,On Time,-20.0,Onetime,49.9,0.007120338486337041,Need Attention,Medium Risk
1a3a962a15f8c6ee0178e1102387d3cc,2018-06-11 22:04:34,1,On Time,-13.0,Onetime,2139.99,0.30535978271295394,Need Attention,Medium Risk
1a3eefe727f7fb12267714f60060fa91,2018-07-24 18:52:42,1,On Time,-29.0,Onetime,0.0,0.0,Need Attention,Medium Risk
1a48d9b6db20bdb9846b71eaa2bee03b,2018-06-09 19:28:03,1,On Time,-13.0,Onetime,67.99,0.00970163955282676,Need Attention,Medium Risk
1a52e558853b943a04c7ff6285d6d328,2017-12-06 15:00:09,1,On Time,-20.0,Onetime,0.0,0.0,Need Attention,Medium Risk
1a5f53459ebb9f8a705378dc76f572b3,2018-07-30 11:22:32,1,On Time,-11.0,Onetime,25.9,0.0036957267895015903,Need Attention,Medium Risk
1a6b1ff8c6841f14b71040a070ad78df,2018-06-04 11:52:25,1,On Time,-38.0,Onetime,49.9,0.007120338486337041,Need Attention,Medium Risk
1a6bd2815ac4d675cef027a2a2359e3d,2017-11-02 16:17:52,1,On Time,-16.0,Onetime,225.98,0.03224557296878646,Need Attention,Medium Risk
1a732a4b42dc7c3b3710e04d65836995,2018-02-21 08:27:26,1,On Time,-4.0,Onetime,0.0,0.0,Need Attention,Medium Risk
1a7a10e9273fca58179bdd0d40843b0c,2017-09-01 15:02:24,1,On Time,-13.0,Onetime,0.0,0.0,Lost Customers,High Risk
1a922c593edc0c31a83d0fd32883bd62,2018-04-11 15:12:12,1,On Time,-14.0,Onetime,18.0,0.0025684587726265877,Need Attention,Medium Risk
1aa85a5b16073b73eb97183f2da3402c,2017-09-02 22:27:06,1,On Time,-14.0,Onetime,187.0,0.02668343280450955,Need Attention,Medium Risk
1ab6f51cbc59e795693aec988cc2906d,2017-08-05 09:52:20,1,On Time,-15.0,Onetime,69.9,0.00997418156703325,Need Attention,Medium Risk
1abd10e2bc0afe1bda7ee7ee280a6e9d,2017-08-27 20:42:33,1,On Time,-21.0,Onetime,23.99,0.003423184775295102,Lost Customers,High Risk
1acfddcc366d45e07b84eedc46282cdc,2018-08-11 20:58:44,1,On Time,-8.0,Onetime,249.0,0.0355303463546678,Need Attention,Medium Risk
1ae2ca057af5e68ed97bae308f089b16,2018-08-14 23:26:59,1,On Time,-21.0,Onetime,189.0,0.026968817112579174,Need Attention,Medium Risk
1aeda8a7a2736542b65f15a8ff8d0f5c,2018-06-12 21:00:18,1,Has Delays,21.0,Onetime,209.99,0.029963925425769842,Need Attention,Medium Risk
1afd7120075c414823b60625c776e6ea,2017-10-09 16:28:52,1,On Time,-4.0,Onetime,199.9,0.028524161591558603,Need Attention,Medium Risk
1b01a85652180f2620dfa1a1bc4f91dc,2018-05-11 17:14:26,1,On Time,-14.0,Onetime,0.0,0.0,Need Attention,Medium Risk
1b0843d4f653e7301b596757fed2179d,2018-04-05 14:18:32,1,On Time,-11.0,Onetime,120.0,0.017123058484177254,Need Attention,Medium Risk
1b0cc6f6f8dce1fb360b7eefc1a1b8ba,2018-05-15 10:46:21,1,On Time,-7.0,Onetime,149.9,0.021389553889818086,Need Attention,Medium Risk
1b1819e5da72c7a8c26b2e46aeeac553,2018-02-21 13:18:37,1,Has Delays,16.0,Onetime,0.0,0.0,Need Attention,Medium Risk
1b1afd436a6335100e1c8dc15a2b7922,2017-11-27 21:37:11,1,On Time,-15.0,Onetime,0.0,0.0,Lost Customers,High Risk
1b3b0b055ed21f7ce245c233772bb5d4,2017-06-02 10:18:35,1,On Time,-16.0,Onetime,219.9,0.031378004672254815,Need Attention,Medium Risk
1b3ca5f1c4db09255e55e10081735224,2018-03-18 14:24:33,1,Has Delays,2.0,Onetime,39.9,0.005693416945988936,Need Attention,Medium Risk
1b3f87983f51dc8069dbb2fa88d6303f,2017-11-08 22:54:00,1,On Time,-9.0,Onetime,59.99,0.008560102320548277,Need Attention,Medium Risk
1b4a29b662a69713ac6501b2877602ca,2017-06-17 11:16:11,1,On Time,-11.0,Onetime,19.9,0.0028395738652927274,Lost Customers,High Risk
1b4a777f2e6f3f24c024c533ea46418f,2017-12-20 12:25:46,1,On Time,-14.0,Onetime,23.4,0.0033389964044145642,Need Attention,Medium Risk
1b4df9eac3b620a7edbbd5e0ff34b7d4,2018-06-16 16:39:47,1,On Time,-35.0,Onetime,0.0,0.0,Need Attention,Medium Risk
1b542f810484d8c042aed33a7c61a218,2018-03-26 17:12:18,1,On Time,-7.0,Onetime,36.9,0.005265340483884505,Need Attention,Medium Risk
1b5908d160c0942cc1b26bc725536d42,2018-06-25 12:35:38,1,On Time,-20.0,Onetime,29.6,0.004223687759430389,Need Attention,Medium Risk
1b6b2d2bba18733ed541ebd0c2737e31,2017-10-17 22:15:35,1,On Time,-8.0,Onetime,0.0,0.0,Lost Customers,High Risk
1b6d29725255a77667a8c639eeb4ccc0,2018-08-13 21:56:21,1,On Time,-6.0,Onetime,50.0,0.007134607701740522,Need Attention,Medium Risk
1b6e96ed99cb8d135efe220d761bbd67,2018-08-15 19:50:32,1,On Time,-7.0,Onetime,35.8,0.005108379114446213,Need Attention,Medium Risk
1b735182e76aa01a60c544790d9c5efa,2018-05-30 12:58:00,1,On Time,-46.0,Onetime,39.9,0.005693416945988936,Need Attention,Medium Risk
1b7485f213b9168a29f3ef0c05a799a7,2017-03-13 14:49:49,1,On Time,-10.0,Onetime,64.8,0.009246451581455714,Need Attention,Medium Risk
1b76903617af13189607a36b0469f6f3,2018-05-22 13:43:23,1,On Time,-37.0,Onetime,3099.75,0.44231000446940366,Need Attention,Medium Risk
1b7ac802721f14d25a06a4fe3273a0ba,2017-03-20 21:54:34,1,On Time,-9.0,Onetime,152.72,0.02179194576419625,Need Attention,Medium Risk
1b86bd501d916b3c67a5dbfe7f49af47,2018-04-03 17:16:46,1,On Time,-13.0,Onetime,139.8,0.0199483631340665,Need Attention,Medium Risk
1b9c0951f6e51a50af8587aac775139b,2018-03-07 22:16:44,1,On Time,-11.0,Onetime,0.0,0.0,Need Attention,Medium Risk
1ba017d398d4fd2ad48fe28b0a9d94a1,2017-10-20 14:00:10,1,On Time,-10.0,Onetime,110.0,0.01569613694382915,Need Attention,Medium Risk
1ba3b514be1d70d320100d30b28034a0,2018-03-04 19:53:56,1,On Time,-13.0,Onetime,110.0,0.01569613694382915,Need Attention,Medium Risk
1ba9f0980fa83e3f8815eeb8c8afd14e,2017-05-16 18:59:44,1,On Time,-11.0,Onetime,0.0,0.0,Lost Customers,High Risk
1bb9912216b71d07521e925dfd0a70db,2018-07-17 17:38:01,1,On Time,-10.0,Onetime,109.9,0.01568186772842567,Need Attention,Medium Risk
1bc28b08fa28f7f12d4373d7ee73978b,2018-03-15 10:58:23,1,Has Delays,6.0,Onetime,119.9,0.017108789268773773,Need Attention,Medium Risk
1bcb0d37872e0be7a8dd956b475523dd,2018-06-04 20:59:42,1,On Time,-21.0,Onetime,109.0,0.015553444789794337,Need Attention,Medium Risk
1bcb517dc3cc80868d2fa941174f386c,2017-07-24 22:16:25,1,On Time,-7.0,Onetime,44.99,0.006419720010026121,Lost Customers,High Risk
1bd9a5bbb6bd58aff597ffaab9d16cb5,2018-01-12 21:59:20,1,On Time,-16.0,Onetime,79.0,0.011272680168750025,Need Attention,Medium Risk
1bdeec4c380b916acfc8143d53a2129e,2018-06-19 19:32:50,1,On Time,-21.0,Onetime,0.0,0.0,Need Attention,Medium Risk
1befc1536a31cfe58586bd008df9cb28,2017-07-17 08:44:24,1,On Time,-15.0,Onetime,0.0,0.0,Lost Customers,High Risk
1bf9fc7ffb95e625c1fd04937cf01892,2018-05-06 17:48:17,1,On Time,-8.0,Onetime,105.0,0.014982676173655096,Need Attention,Medium Risk
1c04efed77438ede570dee4612719c92,2018-06-17 21:59:24,1,On Time,-14.0,Onetime,25.0,0.003567303850870261,Need Attention,Medium Risk
1c065f2b3e2e84ae918fa40f18b6c77d,2017-10-07 20:37:26,1,On Time,-14.0,Onetime,27.99,0.003993953391434344,Lost Customers,High Risk
1c12fb820ab4fda07eb3d72f03c5ac3b,2018-08-25 23:32:01,1,On Time,-7.0,Onetime,249.0,0.0355303463546678,Need Attention,Medium Risk
1c13e7a690e418f5a133c8a219b5a124,2018-06-28 12:52:15,1,On Time,-13.0,Onetime,844.0,0.12043217800538002,Need Attention,Medium Risk
1c17656ec65029ae51ca6c7cb7f8288a,2018-08-09 11:21:58,1,On Time,-4.0,Onetime,78.5,0.011201334091732618,Need Attention,Medium Risk
1c23e9b21cc43e6f701683d23ab22360,2017-09-15 12:57:46,1,On Time,-1.0,Onetime,299.0,0.04266495405640832,Need Attention,Medium Risk
1c39144d899f035157a7761e319bc3ea,2018-05-12 12:33:03,1,On Time,-8.0,Onetime,18.99,0.00270972400512105,Need Attention,Medium Risk
1c4ad540c8c5c36be4a8b8ec08f79638,2017-10-09 15:55:37,1,On Time,-12.0,Onetime,294.99,0.042092758518728735,Need Attention,Medium Risk
1c5d44eafa7759924213b552d9c44443,2018-06-25 10:04:01,1,On Time,-14.0,Onetime,89.5,0.012770947786115535,Need Attention,Medium Risk
1c7260b99484b79c9e8adc2dabbdfc4f,2018-03-20 14:27:23,1,On Time,-6.0,Onetime,0.0,0.0,Need Attention,Medium Risk
1c7a472b0cadf146922d61c04276e55c,2017-06-24 00:58:39,1,On Time,-13.0,Onetime,89.0,0.012699601709098129,Need Attention,Medium Risk
1c8d56713e12f99df6c515b231ba4781,2018-01-12 15:23:34,1,On Time,-10.0,Onetime,13.7,0.001954882510276903,Need Attention,Medium Risk
1c96b00d7bad9cc71f6505a8e81d0c67,2018-06-10 19:41:52,1,On Time,-14.0,Onetime,0.0,0.0,Need Attention,Medium Risk
1c9ed81f7bb6e825a13612758cb4442e,2017-10-09 10:58:34,1,On Time,-17.0,Onetime,59.9,0.008547260026685145,Need Attention,Medium Risk
1c9fa27a4db6bf9c57a0062eee2e031e,2018-07-02 22:03:07,1,On Time,-12.0,Onetime,59.0,0.008418837088053816,Need Attention,Medium Risk
1cb8d194370a752d9879501072bd0328,2017-04-18 08:01:02,1,On Time,-9.0,Onetime,19.9,0.0028395738652927274,Lost Customers,High Risk
1cbaac6875e786630136369e019eae58,2017-03-18 12:23:46,1,On Time,-7.0,Onetime,54.0,0.007705376317879763,Need Attention,Medium Risk
1cc6ca3e40bc03bcd2e554fbe370433e,2017-10-01 15:33:50,1,On Time,-13.0,Onetime,0.0,0.0,Lost Customers,High Risk
1cdde99739da4d143d41c2a6ac81c82d,2017-12-11 23:18:51,1,On Time,-9.0,Onetime,0.0,0.0,Need Attention,Medium Risk
1cf5cc9fc5ae6351e8bb1d2b8fee0d48,2017-09-18 23:11:47,1,On Time,-12.0,Onetime,0.0,0.0,Lost Customers,High Risk
1cf96944b82b35e8e5e620208a66afa7,2017-08-04 17:15:21,1,On Time,-16.0,Onetime,55.0,0.007848068471914575,Need Attention,Medium Risk
1cfcda54cd798f92b3de0b0308b6c4be,2018-07-04 03:04:34,1,On Time,-17.0,Onetime,76.0,0.010844603706645592,Need Attention,Medium Risk
1d15c4b479b85b74daf5f6742dd3d05d,2017-02-06 22:47:03,1,On Time,-14.0,Onetime,89.18,0.012725286296824397,Need Attention,Medium Risk
1d15f7e108877a5588200e84345a9a68,2017-08-10 19:47:29,1,On Time,-11.0,Onetime,59.99,0.008560102320548277,Need Attention,Medium Risk
1d19831bc078c42de4b0fbc1d1dcd99a,2017-11-09 12:15:31,1,On Time,-10.0,Onetime,27.9,0.0039811110975712105,Lost Customers,High Risk
1d1ba2c41bab908a576c10f2f602626c,2018-03-29 22:32:39,1,On Time,-27.0,Onetime,94.0,0.013413062479272181,Need Attention,Medium Risk
1d2435aa3b858d45c707c9fc25e18779,2017-01-17 14:23:54,1,On Time,-22.0,Onetime,551.2,0.07865191530398752,Need Attention,Medium Risk
1d34beeda3b2d9a16c418c0d1419bdea,2018-08-07 22:03:27,1,On Time,-35.0,Onetime,179.4,0.025598972433844992,Need Attention,Medium Risk
1d3e82e030ccc817ea128b644d815a9a,2017-10-31 20:30:51,1,On Time,-11.0,Onetime,0.0,0.0,Lost Customers,High Risk
1d497b6ec01b42ac1e4c957bf8e8195a,2018-03-17 17:31:08,1,On Time,-13.0,Onetime,234.0,0.03338996404414564,Need Attention,Medium Risk
1d4f569ad299cc732521f6b76f661505,2018-03-24 13:13:31,1,On Time,-10.0,Onetime,15.0,0.0021403823105221567,Need Attention,Medium Risk
1d59e4eecfa206d206db45c317e78920,2017-07-31 17:06:00,1,On Time,-15.0,Onetime,109.89000000000001,0.01568044080688532,Need Attention,Medium Risk
1d6469215cc70a0e1512aceb14022644,2017-12-08 23:54:00,1,On Time,-9.0,Onetime,9.0,0.0012842293863132939,Need Attention,Medium Risk
1d69fcb75a5ae79f19d3607cda9cda2a,2018-06-28 23:20:15,1,On Time,-12.0,Onetime,39.99,0.00570625923985207,Need Attention,Medium Risk
1d6d7421fac2e0cc34a9636a58c38283,2017-07-18 18:19:55,1,On Time,-16.0,Onetime,0.0,0.0,Lost Customers,High Risk
1d74273c053909be057f50f65b48522f,2017-12-09 19:11:22,1,On Time,-19.0,Onetime,199.8,0.028509892376155126,Need Attention,Medium Risk
1d74b37a78cc3049e04f78b99ac73259,2017-08-02 13:00:21,1,On Time,-15.0,Onetime,299.8,0.04277910777963617,Need Attention,Medium Risk
1d76262324fb722af0b9f273278139a8,2018-04-14 16:20:24,1,On Time,-13.0,Onetime,0.0,0.0,Need Attention,Medium Risk
1d7f4a786618ec8e4aaa51733bc96dba,2017-09-11 17:58:12,1,On Time,-21.0,Onetime,0.0,0.0,Lost Customers,High Risk
1d84bb0eda369daff7786d9aebcd988d,2018-03-23 08:27:52,1,On Time,-9.0,Onetime,509.0,0.07263030640371851,Need Attention,Medium Risk
1d8dc0ddca15b95682905c326b2dbb20,2017-12-01 20:51:43,1,On Time,-21.0,Onetime,456.0,0.06506762223987356,Need Attention,Medium Risk
1d8f1ca82cf6c04de2391eb61b9ae364,2017-08-13 21:05:14,1,On Time,-17.0,Onetime,98.99,0.014125096327905883,Need Attention,Medium Risk
1d9131ab30ee96a923736b965c521a39,2018-02-08 09:24:47,1,Has Delays,1.0,Onetime,110.99,0.01583740217632361,Need Attention,Medium Risk
1d94328e99e3a20baebf58fbdf717dea,2018-08-01 17:57:54,1,On Time,-14.0,Onetime,42.99,0.006134335701956501,Need Attention,Medium Risk
1da7e0c16d2176c357472ed588c5c647,2018-06-08 09:11:49,1,Has Delays,17.0,Onetime,0.0,0.0,Need Attention,Medium Risk
1dacb145d464fb9673c38b1a13670af5,2018-04-08 19:22:17,1,On Time,-17.0,Onetime,51.5,0.007348645932792737,Need Attention,Medium Risk
1dc6e62032b47fb3dac4dd2bb44f806b,2017-11-20 11:45:29,1,Has Delays,5.0,Onetime,176.9,0.025242242048757968,Need Attention,Medium Risk
1dc7440f23e4c725d3795cdaff6fb994,2018-04-16 01:22:47,1,On Time,-10.0,Onetime,29.9,0.004266495405640831,Need Attention,Medium Risk
1dc848c11c2985635c268ff3dea707eb,2016-10-04 14:13:22,1,On Time,-50.0,Onetime,93.9,0.0133987932638687,Need Attention,Medium Risk
1de5850ca9f40f0dd5a13262b56223aa,2018-08-01 20:44:34,1,On Time,-34.0,Onetime,0.0,0.0,Need Attention,Medium Risk
1df745bea08a8a107db186724c8cd2a8,2018-03-10 20:39:19,1,On Time,-7.0,Onetime,0.0,0.0,Need Attention,Medium Risk
1df8409f01b714da94bfe0f74cf7dc4f,2017-11-28 19:15:34,1,Has Delays,28.0,Onetime,113.0,0.01612421340593358,Need Attention,Medium Risk
1e04143b08a65150330f4d2c3109eaea,2018-06-07 13:28:30,1,On Time,-13.0,Onetime,219.99,0.03139084696611795,Need Attention,Medium Risk
1e0ee6797ad27881a1775124505468ec,2018-04-03 15:29:57,1,On Time,-6.0,Onetime,13.3,0.001897805648662979,Need Attention,Medium Risk
1e17c906173cbf94c518102351573fac,2017-05-16 13:58:54,1,On Time,-26.0,Onetime,118.9,0.01696609711473896,Need Attention,Medium Risk
1e1ea717e5582112be81201874040e82,2017-07-12 15:17:36,1,On Time,-15.0,Onetime,799.0,0.11401103107381355,Need Attention,Medium Risk
1e2c7891e273489845ebabe0310029c3,2018-07-25 23:52:56,1,On Time,-5.0,Onetime,199.8,0.028509892376155126,Need Attention,Medium Risk
1e3bde65aa43e0c549d20b7acde4074a,2017-11-09 22:57:23,1,Has Delays,6.0,Onetime,24.99,0.0035658769293299124,Lost Customers,High Risk
1e3d5ec055904eea7d4e95d60a1ad2cf,2018-05-16 22:27:03,1,On Time,-15.0,Onetime,60.0,0.008561529242088627,Need Attention,Medium Risk
1e42daf0af58fb971d1598af1fd2497e,2017-07-31 16:57:33,1,On Time,-15.0,Onetime,690.0,0.0984575862840192,Need Attention,Medium Risk
1e57acebf9849b1d7af7c21c14c1b99f,2017-09-21 22:00:44,1,On Time,-8.0,Onetime,179.99,0.02568316080472553,Need Attention,Medium Risk
1e6d2ab66fdc23fe97ac091057970b6d,2017-07-11 21:23:14,1,On Time,-6.0,Onetime,0.0,0.0,Lost Customers,High Risk
1e7097be947ad5d0f7819bdc9d8d7d0e,2017-04-06 13:44:08,1,Has Delays,4.0,Onetime,0.0,0.0,Lost Customers,High Risk
1e75f52b3a8f44f54d133b711b883f93,2018-07-11 15:45:51,1,Has Delays,4.0,Onetime,64.99,0.00927356309072233,Need Attention,Medium Risk
1e7db3e12cc7ca34014fbc24ae190920,2018-01-16 16:56:12,1,On Time,-22.0,Onetime,259.9,0.03708569083364723,Need Attention,Medium Risk
1e81587ab2633b7b134efc91983f01bb,2018-01-16 17:02:33,1,On Time,-21.0,Onetime,54.9,0.007833799256511093,Need Attention,Medium Risk
1e85d1d3ecbe271f8410d13ce6bc189f,2017-11-16 14:32:06,1,On Time,-7.0,Onetime,37.99,0.005420874931782448,Lost Customers,High Risk
1e8ae2128137cd86fb6cc9d0445fcf7c,2018-01-03 17:27:00,1,On Time,-33.0,Onetime,0.0,0.0,Need Attention,Medium Risk
1e8b70cce882badaff158c24c2b9eb24,2017-05-09 20:57:22,1,On Time,-11.0,Onetime,109.9,0.01568186772842567,Need Attention,Medium Risk
1e8d38254b74212442ed7c9f40e71c26,2017-11-23 21:16:35,1,On Time,-6.0,Onetime,95.0,0.013555754633306992,Need Attention,Medium Risk
1e93052ca04eb5b8acffe45b9b6bb66c,2017-10-30 23:55:00,1,On Time,-7.0,Onetime,0.0,0.0,Lost Customers,High Risk
1ea68e64acf2c139dfb05f7f10783ca0,2017-10-28 15:55:01,1,On Time,-3.0,Onetime,122.0,0.017408442792246872,Need Attention,Medium Risk
1eaa53faf68bb4c2a2d95a56b63aa8b1,2018-03-15 15:57:24,1,On Time,-13.0,Onetime,39.9,0.005693416945988936,Need Attention,Medium Risk
1eae1cce4c03f0915482bc43c7427c75,2017-11-30 20:37:10,1,On Time,-15.0,Onetime,119.9,0.017108789268773773,Need Attention,Medium Risk
1eb10c8931ef3b01cd2cf7a6712809b2,2018-01-04 11:43:51,1,On Time,-19.0,Onetime,69.9,0.00997418156703325,Need Attention,Medium Risk
1ee38c48e009ccc32f5ab7fd7ee65650,2018-01-15 11:58:01,1,On Time,-14.0,Onetime,155.99,0.02225854910789008,Need Attention,Medium Risk
1ee68e5d9aee3ee39f6aab702de9d5c8,2018-04-02 10:08:40,1,On Time,-7.0,Onetime,39.0,0.005564994007357607,Need Attention,Medium Risk
1ee910b8be2fb6a731b54edf304e1b6f,2018-03-20 16:43:21,1,Has Delays,7.0,Onetime,185.0,0.026398048496439928,Need Attention,Medium Risk
1f1089f7fffedd740c72bed29ff77faa,2018-06-15 15:26:23,1,On Time,-27.0,Onetime,0.0,0.0,Need Attention,Medium Risk
1f411180ef22032e1bbf9ec7a94a6ebf,2018-07-19 17:24:35,1,On Time,-4.0,Onetime,250.0,0.03567303850870261,Need Attention,Medium Risk
1f4336c3226edc8d2c691509a44ac5d4,2017-04-26 21:02:59,1,On Time,-29.0,Onetime,0.0,0.0,Lost Customers,High Risk
1f46c0ce030634c7dada0593638d8ba5,2017-10-13 21:51:40,1,On Time,-19.0,Onetime,59.9,0.008547260026685145,Need Attention,Medium Risk
1f53ce3e279f1272b2fb964bb2ba25ed,2018-02-18 19:05:11,1,On Time,-11.0,Onetime,22.99,0.0032804926212602918,Need Attention,Medium Risk
1f577f9d2fc2b5baa6d19772989201f2,2018-02-06 11:04:45,1,On Time,-13.0,Onetime,35.99,0.005135490623712827,Need Attention,Medium Risk
1f586cd6aa79633f178634358bba566b,2018-02-14 22:40:28,1,On Time,-15.0,Onetime,0.0,0.0,Need Attention,Medium Risk
1f65b985510dd34cd39d7c91b7663c9d,2017-07-14 20:57:25,1,On Time,-15.0,Onetime,187.0,0.02668343280450955,Need Attention,Medium Risk
1f692e0c3081b4bcdb48b8b84e2359da,2018-06-12 20:30:43,1,On Time,-19.0,Onetime,14.95,0.0021332477028204156,Need Attention,Medium Risk
1f6d48610f32c723924f9af3e88f1c64,2017-09-21 13:22:26,1,On Time,-11.0,Onetime,0.0,0.0,Lost Customers,High Risk
1f6da708e9a7bd7314954d85603fc0ac,2017-07-20 23:51:43,1,On Time,-19.0,Onetime,121.9,0.017394173576843395,Need Attention,Medium Risk
1f7d9afd77ceacfa0b5b461a50818806,2018-05-08 19:48:01,1,On Time,-29.0,Onetime,0.0,0.0,Need Attention,Medium Risk
1f7dc38d123a145e63608b9825f615ba,2018-02-24 10:26:08,1,On Time,-14.0,Onetime,159.98,0.02282789080248897,Need Attention,Medium Risk
1f7f84f5a5c00fa9a6ddfaa02a3803bc,2017-03-09 21:01:06,1,On Time,-6.0,Onetime,30.0,0.0042807646210443135,Lost Customers,High Risk
1f98d2384ff7a372e6a2d3bb75cbcd54,2018-06-01 08:21:03,1,On Time,-29.0,Onetime,390.0,0.055649940073576064,Need Attention,Medium Risk
1fa0ace8e18156593acd36e3fb792922,2017-02-13 13:58:18,1,On Time,-17.0,Onetime,0.0,0.0,Lost Customers,High Risk
1fa9b1d14629ef237e0b2f570030df90,2017-10-01 14:39:43,1,On Time,-19.0,Onetime,149.8,0.021375284674414605,Need Attention,Medium Risk
1fc56d05a04891065dde262fbfec04b5,2017-04-17 14:48:17,1,On Time,-14.0,Onetime,0.0,0.0,Lost Customers,High Risk
1fd4f857b3f68f5622ebde22e2b328a6,2018-06-16 00:01:56,1,On Time,-15.0,Onetime,12.99,0.0018535710809121878,Need Attention,Medium Risk
1fe1ebaae0912c827a35e8a93c1c5ce7,2018-03-11 11:55:16,1,On Time,-7.0,Onetime,18.89,0.002695454789717569,Need Attention,Medium Risk
1fed83cc5a2835d406f832dbf55125ca,2017-11-10 01:12:15,1,On Time,-7.0,Onetime,59.9,0.008547260026685145,Need Attention,Medium Risk
1ff3b4e02a84ba7bd1bd2a65bc330514,2018-05-21 13:48:16,1,On Time,-13.0,Onetime,0.0,0.0,Need Attention,Medium Risk
1ffa1c8081e0965ad547cec0656e6883,2018-02-22 14:54:45,1,On Time,-9.0,Onetime,29.99,0.0042793376995039645,Need Attention,Medium Risk
2012b2a91b073059bd14c5ab78911e43,2018-07-02 23:19:21,1,On Time,-19.0,Onetime,0.0,0.0,Need Attention,Medium Risk
2015cd1d7aec90a593ba1aaa28440665,2018-06-28 02:01:20,1,On Time,-17.0,Onetime,28.56,0.004075287919234186,Need Attention,Medium Risk
2023d2b0225103036782dc7ebdefa443,2018-04-19 11:13:34,1,On Time,-8.0,Onetime,89.9,0.012828024647729459,Need Attention,Medium Risk
20262965ae07d2db3b197caaa56a623e,2017-03-04 14:03:59,1,On Time,-15.0,Onetime,39.9,0.005693416945988936,Lost Customers,High Risk
203be24e6117b285f1a0e57eab8d4b41,2018-01-12 20:00:28,1,On Time,-16.0,Onetime,179.9,0.025670318510862395,Need Attention,Medium Risk
20594fdc17c82450f53730cd72ce04c3,2018-05-18 12:22:08,1,On Time,-1.0,Onetime,125.9,0.017964942192982634,Need Attention,Medium Risk
205fea0ca71690b632ed095aaf2ad12e,2018-07-02 21:45:21,1,On Time,-16.0,Onetime,299.8,0.04277910777963617,Need Attention,Medium Risk
2062829df366557aaf33d5f28c84318a,2017-03-07 17:50:02,1,On Time,-11.0,Onetime,399.99,0.05707543469238383,Need Attention,Medium Risk
206e64e8af2633a2ebe158a7fcb860db,2017-05-15 17:42:38,1,On Time,-14.0,Onetime,89.9,0.012828024647729459,Need Attention,Medium Risk
20738507f8a57dbde7be8f66ce61a1b5,2018-07-19 18:32:43,1,On Time,-26.0,Onetime,299.0,0.04266495405640832,Need Attention,Medium Risk
207a5537c81aceaf5ef4f5b1ee4cd09c,2017-10-19 12:53:12,1,On Time,-14.0,Onetime,50.0,0.007134607701740522,Need Attention,Medium Risk
207ba0e71c642b6eda7d0f4d41673751,2018-08-07 14:12:05,1,On Time,-5.0,Onetime,0.0,0.0,Need Attention,Medium Risk
208fe9aa6033a77419f8f503b7698e03,2018-07-25 22:41:51,1,On Time,-9.0,Onetime,0.0,0.0,Need Attention,Medium Risk
208ff27cb49cb5f4cdbc72c014e184d7,2017-11-21 15:27:11,1,On Time,-10.0,Onetime,150.0,0.021403823105221566,Need Attention,Medium Risk
20917cee243e32974933fca49feb2829,2018-03-07 09:44:27,1,On Time,-10.0,Onetime,0.0,0.0,Need Attention,Medium Risk
2098c28fe80f222ed41eaa2171be6f01,2018-07-21 14:43:45,1,On Time,-6.0,Onetime,21.99,0.0031378004672254814,Need Attention,Medium Risk
209ac14596dfd6955aa74a21297d79d2,2018-02-06 22:52:39,1,On Time,-7.0,Onetime,24.99,0.0035658769293299124,Need Attention,Medium Risk
20a7b23991a3e7add72499c3a00061d4,2018-04-15 17:38:04,1,On Time,-14.0,Onetime,119.99,0.017121631562636904,Need Attention,Medium Risk
20afb5e47a145730fe9e8c081318e71c,2017-03-08 19:55:23,1,On Time,-11.0,Onetime,0.0,0.0,Lost Customers,High Risk
20bf09de7dee69430bf49c36c1d8426a,2018-05-25 12:02:47,1,On Time,-17.0,Onetime,13.77,0.0019648709610593394,Need Attention,Medium Risk
20d6573dac7f95308e037246c7c825f7,2017-11-24 15:42:02,1,On Time,-4.0,Onetime,59.89,0.008545833105144797,Need Attention,Medium Risk
20d8a6a96bd3f57a4d289c8166122c45,2017-11-26 15:47:51,1,On Time,-19.0,Onetime,0.0,0.0,Lost Customers,High Risk
20f63f201e5243070adec9b519194085,2018-08-06 12:27:47,1,On Time,-2.0,Onetime,0.0,0.0,Need Attention,Medium Risk
20fdad45aed5ae04cce21af8f56cc98f,2018-04-18 16:08:49,1,On Time,-14.0,Onetime,0.0,0.0,Need Attention,Medium Risk
21047388773cb249c4c1348fceaebd18,2018-03-16 21:22:05,1,On Time,-8.0,Onetime,39.9,0.005693416945988936,Need Attention,Medium Risk
211e4234ffca5cec9b0ab183a1009256,2018-05-08 11:22:48,1,On Time,-8.0,Onetime,109.99,0.0156947100222888,Need Attention,Medium Risk
2136a45b6c2f821dfdc5149c045b3fdd,2017-06-13 12:29:44,1,On Time,-9.0,Onetime,44.0,0.006278454777531659,Lost Customers,High Risk
21376c7cf3879b5e2119d39f1a596f9c,2018-06-23 15:15:35,1,On Time,-21.0,Onetime,69.9,0.00997418156703325,Need Attention,Medium Risk
213ce7ea2a0345a65b4045cf55be42d8,2018-01-18 09:30:54,1,On Time,-13.0,Onetime,52.39,0.0074756419498837184,Need Attention,Medium Risk
214629c0968df90a29892da7512fcf8a,2018-04-17 12:34:27,1,On Time,-7.0,Onetime,179.9,0.025670318510862395,Need Attention,Medium Risk
2147a5dfb665b52abe1fd1a0fa5326cf,2018-04-03 18:13:03,1,On Time,-1.0,Onetime,15.0,0.0021403823105221567,Need Attention,Medium Risk
214f7f00e0d787d65a822c8ed3e9c2a7,2017-09-13 07:46:02,1,On Time,-14.0,Onetime,0.0,0.0,Lost Customers,High Risk
215118d564888b05d0a93710f6717584,2017-11-19 13:57:09,1,On Time,-9.0,Onetime,0.0,0.0,Lost Customers,High Risk
21559d7ff0ebff720e5e160184338fed,2018-07-20 01:00:51,1,On Time,-13.0,Onetime,0.0,0.0,Need Attention,Medium Risk
215a9975430b79bfc8e836ca2dcffb92,2018-07-27 11:58:46,1,On Time,-13.0,Onetime,0.0,0.0,Need Attention,Medium Risk
215e0a9044344dca7820b462c60bd206,2017-12-08 09:32:48,1,On Time,-13.0,Onetime,0.0,0.0,Need Attention,Medium Risk
21642f939fc937f5b8ee999e362c4883,2017-08-19 20:30:07,1,On Time,-6.0,Onetime,139.8,0.0199483631340665,Need Attention,Medium Risk
217c1866bfdb122c1f068b1bbeeedb41,2017-07-14 11:27:40,1,On Time,-18.0,Onetime,39.0,0.005564994007357607,Lost Customers,High Risk
21a2d9dc71459dbd3dad219cb9681964,2017-08-06 03:21:58,1,On Time,-19.0,Onetime,239.0,0.034103424814319695,Need Attention,Medium Risk
21a5804a0e4279d2953a2f0067637905,2018-01-10 11:22:49,1,On Time,-14.0,Onetime,258.0,0.03681457574098109,Need Attention,Medium Risk
21ac2a805b374c2aa44d6a5301a1b4a9,2017-10-21 10:32:27,1,On Time,-19.0,Onetime,82.9,0.011829179569485785,Need Attention,Medium Risk
21af73f960a77885e91a806c06b0c1e3,2018-03-23 20:57:50,1,On Time,-8.0,Onetime,25.0,0.003567303850870261,Need Attention,Medium Risk
21b511802f46030f42df35d2d0705832,2017-03-29 07:03:56,1,On Time,-17.0,Onetime,10.99,0.0015681867728425667,Lost Customers,High Risk
21b890a8701db02f2107d0da119edc67,2018-04-04 12:47:34,1,On Time,-26.0,Onetime,349.9,0.04992798469678017,Need Attention,Medium Risk
21bcd9d85bbabdaac9f5d508d064b458,2017-11-24 20:50:36,1,On Time,-1.0,Onetime,25.9,0.0036957267895015903,Lost Customers,High Risk
21c933c8dd97d088e64c50988c90ccf5,2017-09-27 20:55:33,1,On Time,-13.0,Onetime,0.0,0.0,Lost Customers,High Risk
21dbe8eabd00b34492a939c540e2b1a7,2018-08-29 10:22:35,1,On Time,-5.0,Onetime,0.0,0.0,Need Attention,Medium Risk
2205452883526d0f4dfe5f23ba2fd6d7,2017-01-27 16:31:54,1,On Time,-17.0,Onetime,79.9,0.011401103107381355,Need Attention,Medium Risk
22062343697ed12f7c1d0cecd982b0c4,2018-03-01 16:51:27,1,Has Delays,17.0,Onetime,204.0,0.029109199423101327,Need Attention,Medium Risk
220d6d0b622a3b6f6bbe074ed9b7fdea,2017-06-29 15:59:14,1,On Time,-14.0,Onetime,87.0,0.012414217401028507,Need Attention,Medium Risk
221d59abddcd719f3ec72c50078b9e31,2018-07-25 09:23:57,1,On Time,-14.0,Onetime,56.1,0.008005029841352864,Need Attention,Medium Risk
22368ffd50b3053231db9241f9d3b1fb,2018-05-07 14:48:57,1,On Time,-8.0,Onetime,34.72,0.004954271588088618,Need Attention,Medium Risk
223695e4bcc4f7b660ae257524363af2,2018-08-27 15:04:59,1,On Time,-1.0,Onetime,21.99,0.0031378004672254814,Need Attention,Medium Risk
2246815f05219421500a868c4234c895,2017-07-14 17:24:41,1,On Time,-11.0,Onetime,29.9,0.004266495405640831,Lost Customers,High Risk
224f83318c1a2b83dd1d7beeeb9f0e30,2018-07-17 18:36:02,1,On Time,-14.0,Onetime,0.0,0.0,Need Attention,Medium Risk
227aab671ee7cda5c88bd91ef18d8bb1,2017-05-28 14:44:20,1,On Time,-13.0,Onetime,499.98,0.07134322317432452,Need Attention,Medium Risk
22922c14a63a020f04ee428cf5f2e995,2018-08-12 14:02:54,1,On Time,-21.0,Onetime,226.0,0.03224842681186716,Need Attention,Medium Risk
229d029f241c7e742bc0614d8113e4e2,2018-03-23 16:19:04,1,On Time,-14.0,Onetime,44.99,0.006419720010026121,Need Attention,Medium Risk
22a10db985bf635ffcb7eb3af7d33913,2018-04-01 19:50:42,1,On Time,-13.0,Onetime,19.9,0.0028395738652927274,Need Attention,Medium Risk
22abb23a37bf693f3f66fecb4232c136,2018-07-11 20:15:04,1,On Time,-14.0,Onetime,337.18,0.04811294049745739,Need Attention,Medium Risk
22b05429f5f6165b033dd8ee7cee1150,2018-03-08 19:37:45,1,On Time,-11.0,Onetime,0.0,0.0,Need Attention,Medium Risk
22b59a78fa7b501bdd7e72a076ec03c0,2018-03-06 13:44:31,1,On Time,-7.0,Onetime,49.89,0.007118911564796692,Need Attention,Medium Risk
22be41ad7d58c7774c6e036348a042d0,2017-04-30 22:43:56,1,On Time,-24.0,Onetime,119.9,0.017108789268773773,Need Attention,Medium Risk
22c8d7801061f27eff57f37ac4ef10e1,2018-05-07 21:43:48,1,On Time,-13.0,Onetime,48.989999999999995,0.006990488626165362,Need Attention,Medium Risk
22d3603496369abf02985be067ea26d9,2017-10-24 22:43:45,1,On Time,-11.0,Onetime,113.9,0.01625263634456491,Need Attention,Medium Risk
22e8b5bc5e81dfa4a832da8f0b1452da,2018-08-24 09:55:31,1,On Time,-2.0,Onetime,104.0,0.014839984019620285,Need Attention,Medium Risk
22ef5b7c597d6e1789a2c0ee5cf00878,2017-09-21 22:33:55,1,On Time,-20.0,Onetime,0.0,0.0,Lost Customers,High Risk
22f6af8201369f9eb96592db3142b9c2,2017-12-13 12:02:03,1,On Time,-2.0,Onetime,265.52,0.037887620739322864,Need Attention,Medium Risk
2306533ed96be8166f935a6061c2ff01,2017-05-15 16:58:49,1,On Time,-14.0,Onetime,49.0,0.006991915547705711,Need Attention,Medium Risk
23160a1a837a73b3fc048f8d37da60dc,2018-03-10 16:43:11,1,On Time,-14.0,Onetime,0.0,0.0,Need Attention,Medium Risk
23280ccfac94b7bc3fb94ae94adbca26,2017-12-07 21:37:21,1,Has Delays,1.0,Onetime,295.0,0.04209418544026908,Need Attention,Medium Risk
232ed142b4efa7b998358c405e9343da,2018-05-16 13:08:01,1,On Time,-11.0,Onetime,79.9,0.011401103107381355,Need Attention,Medium Risk
2332ad18bcdd2763999ec846fe8020fa,2018-04-11 10:45:45,1,On Time,-11.0,Onetime,0.0,0.0,Need Attention,Medium Risk
2349bbb558908e0955e98d47dacb7adb,2018-01-08 19:39:03,1,On Time,-13.0,Onetime,0.0,0.0,Need Attention,Medium Risk
236198ab615d09261ebbb64e82cd89a7,2017-11-17 10:26:28,1,On Time,-3.0,Onetime,179.94,0.02567602619702379,Need Attention,Medium Risk
23643c53099bde88bb77d5a199704035,2017-05-31 13:21:35,1,On Time,-13.0,Onetime,198.0,0.028253046498892466,Need Attention,Medium Risk
23686693b97e6a4b92c08e7ff87d4317,2017-05-25 16:20:36,1,On Time,-14.0,Onetime,0.0,0.0,Lost Customers,High Risk
237b5de0ef8f93ba5e0462378422dc70,2017-05-23 11:09:34,1,On Time,-20.0,Onetime,59.9,0.008547260026685145,Need Attention,Medium Risk
2380952657b113b50227e5f5e7c90005,2018-01-24 22:03:25,1,On Time,-10.0,Onetime,0.0,0.0,Need Attention,Medium Risk
239407ffc2db91f9b09951b93ce92c52,2018-05-31 16:14:26,1,On Time,-34.0,Onetime,114.0,0.01626690555996839,Need Attention,Medium Risk
2396ed0f849c195da124f55b4c17ee35,2017-01-31 11:54:14,1,On Time,-29.0,Onetime,59.9,0.008547260026685145,Need Attention,Medium Risk
23a77d53d020df90a645854f07cbd8ef,2017-11-22 20:40:31,1,On Time,-10.0,Onetime,51.96,0.007414284323648751,Need Attention,Medium Risk
23a9fb140ba870f4966fca4aa223e492,2018-01-27 10:02:59,1,On Time,-16.0,Onetime,0.0,0.0,Need Attention,Medium Risk
23c033f6c75a249727d9fdd366352b97,2018-08-06 22:25:10,1,On Time,-12.0,Onetime,170.0,0.024257666185917775,Need Attention,Medium Risk
23d4f3fb1c76162bd81ed379927ffae2,2018-06-12 10:10:25,1,On Time,-30.0,Onetime,35.0,0.004994225391218366,Need Attention,Medium Risk
23daf66dd86071f57d332fa5562afbe9,2018-05-23 16:37:35,1,On Time,-2.0,Onetime,12.88,0.0018378749439683585,Need Attention,Medium Risk
23dc3a062c6c097bcb3940a909e7730f,2017-04-10 14:29:16,1,On Time,-15.0,Onetime,39.9,0.005693416945988936,Lost Customers,High Risk
23dfc0699e210b827b44e6bad54e9b68,2017-08-15 21:23:38,1,On Time,-14.0,Onetime,99.0,0.014126523249446233,Need Attention,Medium Risk
23e5f7d84dad8339f627d75ac90e2d43,2018-01-31 00:04:39,1,On Time,-18.0,Onetime,179.9,0.025670318510862395,Need Attention,Medium Risk
23e7bcac2f3b067fe6ecb4ca8e130bf0,2018-03-30 09:24:16,1,On Time,-2.0,Onetime,152.0,0.021689207413291185,Need Attention,Medium Risk
23f5ef949f4f54d239cadd6aa0ca48ed,2018-05-07 15:38:06,1,On Time,-6.0,Onetime,40.8,0.005821839884620265,Need Attention,Medium Risk
2410195f6521688005612363835a2671,2017-09-06 22:07:43,1,On Time,-7.0,Onetime,50.0,0.007134607701740522,Need Attention,Medium Risk
241ef388359fe58ca1bf35112494dcb3,2017-11-13 11:06:57,1,On Time,-15.0,Onetime,24.99,0.0035658769293299124,Lost Customers,High Risk
2420662d39289d527ba8b94aaab3a281,2017-11-30 23:20:14,1,On Time,-12.0,Onetime,122.99,0.017549708024741335,Need Attention,Medium Risk
24481dfda3564e4b1f284c8b7ed9a41a,2018-07-15 17:19:23,1,On Time,-12.0,Onetime,149.0,0.021261130951186754,Need Attention,Medium Risk
244ffde1b09f71f6f43e03d989465ec5,2017-08-08 18:41:32,1,On Time,-12.0,Onetime,34.99,0.0049927984696780175,Lost Customers,High Risk
247abb2be98c7d9fc9190efb37097f51,2018-03-19 19:51:05,1,On Time,-9.0,Onetime,255.0,0.03638649927887666,Need Attention,Medium Risk
247e0dcd20596bee51bd2b07f633fa04,2017-11-08 00:35:46,1,Has Delays,11.0,Onetime,0.0,0.0,Lost Customers,High Risk
2486f0594797f4e9edc77f1867f25872,2017-08-08 13:24:36,1,On Time,-13.0,Onetime,69.9,0.00997418156703325,Need Attention,Medium Risk
249909f9236a3a49b9bc89689371aac0,2018-06-26 09:30:41,1,On Time,-18.0,Onetime,184.9,0.02638377928103645,Need Attention,Medium Risk
24a0683609e642fe0d86e5e2c97712f5,2018-08-10 14:54:25,1,On Time,-13.0,Onetime,102.9,0.014683022650181994,Need Attention,Medium Risk
24a25a70ff5e786e87f60400f5d43ccd,2017-04-24 11:36:41,1,On Time,-9.0,Onetime,0.0,0.0,Lost Customers,High Risk
24a67fa6d05d41fd74f03de873fc3ce1,2017-03-03 15:38:39,1,On Time,-6.0,Onetime,40.0,0.005707686161392418,Lost Customers,High Risk
24bde8b6cd83ccb8ee3fa91466be3b11,2017-06-12 15:20:54,1,On Time,-15.0,Onetime,28.0,0.003995380312974692,Lost Customers,High Risk
24c3b1f7de93a87ffe0506dd93ccaad8,2018-03-06 09:51:22,1,Has Delays,5.0,Onetime,269.0,0.03838418943536401,Need Attention,Medium Risk
24d2610d6b2605ba1fa5659b57f48205,2017-01-24 15:59:17,1,On Time,-20.0,Onetime,320.0,0.04566148929113934,Need Attention,Medium Risk
24ffbb655914998319377df431e3c47a,2018-08-21 10:38:28,1,On Time,-13.0,Onetime,56.9,0.008119183564580714,Need Attention,Medium Risk
25005ef67dd44bb53b64ab1ca6b98704,2017-12-27 19:37:13,1,On Time,-20.0,Onetime,49.9,0.007120338486337041,Need Attention,Medium Risk
25126926be8dbdb3264285caa7d0c40c,2017-06-17 12:46:11,1,On Time,-19.0,Onetime,39.9,0.005693416945988936,Lost Customers,High Risk
251e658613a224723f8a077946183b20,2017-11-19 20:06:12,1,On Time,-8.0,Onetime,19.9,0.0028395738652927274,Lost Customers,High Risk
251fe896b938a0b3a2892d5b6ce68cbe,2018-01-31 23:58:22,1,On Time,-21.0,Onetime,0.0,0.0,Need Attention,Medium Risk
25268e3786435da9df6302a94232b271,2018-03-27 11:13:28,1,On Time,-7.0,Onetime,0.0,0.0,Need Attention,Medium Risk
252c0dcac11ce99e1f06fc9fd4218fd7,2017-12-26 14:14:14,1,On Time,-16.0,Onetime,76.9,0.010973026645276922,Need Attention,Medium Risk
252e897731145fbfc65492446f59b28e,2018-01-28 22:52:05,1,On Time,-15.0,Onetime,108.0,0.015410752635759526,Need Attention,Medium Risk
25314849bf706df0e00da89ccff9bdc3,2018-07-21 21:41:25,1,On Time,-13.0,Onetime,0.0,0.0,Need Attention,Medium Risk
253316ac4ab3ccb4de332d3dc6d2223e,2017-05-28 19:17:48,1,On Time,-14.0,Onetime,0.0,0.0,Lost Customers,High Risk
253dd87d06a70cf96ef4c39c8fc646e1,2017-12-05 14:32:44,1,On Time,-16.0,Onetime,149.9,0.021389553889818086,Need Attention,Medium Risk
25448c9f3f3de9656ad76b07942ed84d,2017-10-02 21:11:56,1,On Time,-15.0,Onetime,116.0,0.01655228986803801,Need Attention,Medium Risk
256a24db42eee1f408d7c0591e6447e3,2018-06-29 15:27:05,1,On Time,-14.0,Onetime,58.99,0.008417410166513468,Need Attention,Medium Risk
2575b93f24ae722702825789254eaa1a,2018-02-23 13:12:12,1,On Time,-9.0,Onetime,59.9,0.008547260026685145,Need Attention,Medium Risk
25799bf6b79e82c19bd6d590c02cf821,2018-01-25 23:13:41,1,On Time,-13.0,Onetime,0.0,0.0,Need Attention,Medium Risk
2586fca3220b925aec835cce085fe64e,2017-04-18 16:00:31,1,On Time,-13.0,Onetime,79.8,0.011386833891977872,Need Attention,Medium Risk
25909109137a0ddcd2aa2e4c8cce912c,2017-06-22 19:53:09,1,On Time,-13.0,Onetime,13.5,0.0019263440794699408,Lost Customers,High Risk
25b703950d3e71b5a2943534a31ae2ba,2017-09-16 21:14:17,1,On Time,-13.0,Onetime,22.5,0.003210573465783235,Lost Customers,High Risk
25c8b790b3dfcacce54015fd1076f284,2018-07-30 17:38:07,1,Has Delays,12.0,Onetime,0.0,0.0,Need Attention,Medium Risk
25ceabcd8e79d50d5c4b252a250382ae,2017-05-25 11:32:14,1,On Time,-19.0,Onetime,458.0,0.06535300654794318,Need Attention,Medium Risk
25e0e9c50bbbb702165055bb4bb2f2f7,2018-05-29 11:02:48,1,On Time,-22.0,Onetime,64.99,0.00927356309072233,Need Attention,Medium Risk
25e5455484cf2ef3657b7808eb6012bb,2018-06-13 19:00:01,1,On Time,-17.0,Onetime,82.94,0.011834887255647178,Need Attention,Medium Risk
25ea8a0c2d364abc3bb96abb9a731cfd,2018-03-29 10:32:39,1,On Time,-4.0,Onetime,99.9,0.014254946188077563,Need Attention,Medium Risk
262c924976402a1e7bee227038057e51,2017-11-25 17:00:20,1,On Time,-10.0,Onetime,45.6,0.006506762223987357,Lost Customers,High Risk
2630602e9535f2b5347b3e9fc77eab65,2018-03-22 20:38:37,1,Has Delays,14.0,Onetime,21.99,0.0031378004672254814,Need Attention,Medium Risk
263c5426dd054f1975c09a1e8018bc7f,2018-06-25 01:14:24,1,On Time,-8.0,Onetime,109.99,0.0156947100222888,Need Attention,Medium Risk
26508b7c8910ff77b6f8f7ba21fdda26,2018-07-12 09:03:03,1,On Time,-14.0,Onetime,0.0,0.0,Need Attention,Medium Risk
26519785c800da52d3796667a222ecb0,2018-01-22 19:22:26,1,On Time,0.0,Onetime,59.99,0.008560102320548277,Need Attention,Medium Risk
2663a303bd9e9b360ebaa9e12aee0b98,2017-12-20 14:00:18,1,On Time,-15.0,Onetime,107.9,0.015396483420356046,Need Attention,Medium Risk
26738f46bcdeb6d82d07035f201b2e19,2017-09-06 13:08:36,1,On Time,-10.0,Onetime,52.0,0.0074199920098101425,Need Attention,Medium Risk
26a51783897b15933b10d66cdf77f577,2018-01-04 16:29:18,1,On Time,-19.0,Onetime,27.99,0.003993953391434344,Need Attention,Medium Risk
26ad164ad913649d86d05c20c3eaad57,2018-08-20 17:38:55,1,On Time,-2.0,Onetime,129.9,0.018535710809121878,Need Attention,Medium Risk
26b3e8ebfde4ad342ce964d0c7b9de1b,2018-07-18 14:47:24,1,On Time,-9.0,Onetime,179.91,0.025671745432402745,Need Attention,Medium Risk
26ba94dfa1455f35df98f0272823d02c,2017-11-02 19:39:24,1,On Time,-11.0,Onetime,48.9,0.00697764633230223,Need Attention,Medium Risk
26da4d1a73ee90cd60fb86fd4810c852,2018-07-18 11:02:18,1,On Time,-12.0,Onetime,43.0,0.006135762623496849,Need Attention,Medium Risk
26de9a7bf14c1c971f6b4364f34b938b,2017-10-21 11:29:06,1,On Time,-10.0,Onetime,0.0,0.0,Lost Customers,High Risk
26f0dc90a386a2375a109b6975dff3c7,2017-12-02 20:45:44,1,On Time,-15.0,Onetime,27.99,0.003993953391434344,Need Attention,Medium Risk
26f17bce4c85dfa04d493059fe609cd5,2018-07-28 21:37:46,1,On Time,-4.0,Onetime,0.0,0.0,Need Attention,Medium Risk
26f73dc50abd880d521de9e5bf07ae49,2018-03-04 22:24:47,1,Has Delays,6.0,Onetime,24.99,0.0035658769293299124,Need Attention,Medium Risk
26ff795fbd492eb47b06f47795134bff,2017-12-17 22:47:33,1,On Time,-15.0,Onetime,29.9,0.004266495405640831,Need Attention,Medium Risk
270a2cd191cd19898f8abd07c5c248fc,2017-05-18 10:54:12,1,On Time,-8.0,Onetime,79.9,0.011401103107381355,Need Attention,Medium Risk
2722e6b3a05b8ffb366a8f2a363b2e7f,2018-02-28 12:50:34,1,On Time,-6.0,Onetime,0.0,0.0,Need Attention,Medium Risk
273a1f5b9953aac34f2c846403614771,2017-03-01 21:44:15,1,On Time,-4.0,Onetime,0.0,0.0,Lost Customers,High Risk
2744066af4bd156c08ec0c0549e2a539,2018-08-15 20:02:06,1,On Time,-8.0,Onetime,26.99,0.0038512612373995335,Need Attention,Medium Risk
2760aef7bd977a44aabf53f656e92722,2016-10-05 15:17:57,1,On Time,-45.0,Onetime,649.0,0.09260720796859198,Need Attention,Medium Risk
276c6b10d49760263cc9d3250f695d47,2018-06-11 11:03:55,1,On Time,-8.0,Onetime,67.99,0.00970163955282676,Need Attention,Medium Risk
2778aca502ff9de17286ac235086a248,2017-12-22 00:50:48,1,On Time,-10.0,Onetime,39.0,0.005564994007357607,Need Attention,Medium Risk
27851b9f7f49b23878342fc8fcb0ae45,2018-07-09 18:27:41,1,On Time,-2.0,Onetime,45.0,0.00642114693156647,Need Attention,Medium Risk
278c30c4e97c3c218cc102eaa5da14a1,2017-11-29 10:03:32,1,On Time,-13.0,Onetime,49.9,0.007120338486337041,Need Attention,Medium Risk
27956b37edf38600f8631c7679daf9c2,2018-01-26 17:06:05,1,On Time,-12.0,Onetime,167.98,0.023969428034767457,Need Attention,Medium Risk
279bd194cc9790cf88fbd6442e3cf716,2018-08-03 13:32:54,1,On Time,-9.0,Onetime,55.9,0.007976491410545903,Need Attention,Medium Risk
279d9065b859d2c9caf96ce8b2d0c929,2017-06-14 13:40:50,1,On Time,-15.0,Onetime,49.9,0.007120338486337041,Need Attention,Medium Risk
27aede3a816dcbe05e0fc5bc5b72f311,2018-01-23 12:41:06,1,On Time,-21.0,Onetime,79.6,0.01135829546117091,Need Attention,Medium Risk
27aedee05bc8e9bcc4da2bae37fd4d78,2018-01-11 21:34:06,1,On Time,-16.0,Onetime,0.0,0.0,Need Attention,Medium Risk
27bf8bbbb413c6437c459c6f6f476dfa,2017-11-11 20:24:57,1,On Time,-8.0,Onetime,0.0,0.0,Lost Customers,High Risk
27c343002e49de073102bc1e24b6493c,2017-04-22 18:27:36,1,On Time,-18.0,Onetime,64.9,0.009260720796859197,Need Attention,Medium Risk
27c9fbc5854ca2ab9c51abdd4b520589,2017-09-10 09:30:28,1,On Time,-14.0,Onetime,219.99,0.03139084696611795,Need Attention,Medium Risk
27e86d2ae0db33b8d242c9251067d97e,2017-04-21 22:01:50,1,On Time,-15.0,Onetime,79.9,0.011401103107381355,Need Attention,Medium Risk
27f610da50d98eb94f1f0745606bc9f1,2017-04-24 22:09:33,1,On Time,-15.0,Onetime,139.9,0.01996263234946998,Need Attention,Medium Risk
27f69c274c36e70cc366c88f664a5537,2018-06-15 15:41:22,1,On Time,-26.0,Onetime,199.9,0.028524161591558603,Need Attention,Medium Risk
27f8888a8a8bb74ca84c998090dcb982,2018-04-11 10:45:08,1,On Time,-16.0,Onetime,256.2,0.036557729863718434,Need Attention,Medium Risk
280f5ea9dbaf92b0f6deb78d8551952f,2017-09-03 21:00:23,1,On Time,-8.0,Onetime,259.9,0.03708569083364723,Need Attention,Medium Risk
2822fb97bf696ca53a1ecb48ba91d288,2018-01-20 18:32:47,1,On Time,-12.0,Onetime,56.0,0.007990760625949384,Need Attention,Medium Risk
2825ce9bfc557b2f9e46019382c0ecf6,2017-08-17 17:03:31,1,On Time,-19.0,Onetime,28.9,0.004123803251606021,Lost Customers,High Risk
2838f9f0dab6f7621f3ac149ac0b7204,2018-06-18 16:28:35,1,On Time,-16.0,Onetime,0.0,0.0,Need Attention,Medium Risk
28474464ffc2a83a0680463c36e6dfd5,2018-04-11 10:49:26,1,On Time,-10.0,Onetime,25.77,0.0036771768094770647,Need Attention,Medium Risk
284f0533e6c79c3e3397c2b185573a78,2018-03-05 08:58:05,1,On Time,-12.0,Onetime,39.9,0.005693416945988936,Need Attention,Medium Risk
286cb34c005540e593bea6045b73bc5a,2018-07-11 17:22:56,1,On Time,-10.0,Onetime,64.99,0.00927356309072233,Need Attention,Medium Risk
28706b8dc0fe2a95fbcec1e53253d8e4,2016-10-04 15:07:21,1,On Time,-38.0,Onetime,249.9,0.03565876929329913,Need Attention,Medium Risk
287a7cdacbcda8f842d7719e77cb8457,2018-08-12 03:44:50,1,On Time,-13.0,Onetime,2150.0,0.30678813117484244,Need Attention,Medium Risk
287c23d81ea7fb3a3df3c852ee17dd2b,2017-03-24 10:27:25,1,On Time,-7.0,Onetime,34.99,0.0049927984696780175,Lost Customers,High Risk
2883fd7c3fadd0ad0611424020a381c6,2018-01-21 18:34:51,1,On Time,-12.0,Onetime,289.9,0.041366455454691545,Need Attention,Medium Risk
288fa431def32be70113edf2790985ab,2018-04-15 11:05:16,1,On Time,-13.0,Onetime,365.70000000000005,0.05218252073053018,Need Attention,Medium Risk
2899964371b6266b732cde11a74efbe6,2018-07-12 17:59:14,1,On Time,-13.0,Onetime,169.9,0.024243396970514294,Need Attention,Medium Risk
28a9545ffe21521e8fa3870135873d50,2018-03-17 15:21:11,1,On Time,-10.0,Onetime,79.97,0.011411091558163791,Need Attention,Medium Risk
28c7e3fb75d7ce1e496dc539443b71da,2017-07-28 09:35:08,1,On Time,-9.0,Onetime,199.97,0.028534150042341045,Need Attention,Medium Risk
28cb2105de0e24c2dd3e21e364510937,2018-08-01 19:18:06,1,On Time,-7.0,Onetime,96.8,0.013812600510569649,Need Attention,Medium Risk
28db4c7b77c89305b4729d65c20906c5,2017-03-28 09:43:17,1,On Time,-13.0,Onetime,0.0,0.0,Lost Customers,High Risk
28e2041c0f17e12da80a0146305c9259,2017-06-11 20:50:58,1,On Time,-15.0,Onetime,16.5,0.002354420541574372,Lost Customers,High Risk
28e42f3e120527d138764c5244f2bfb4,2017-07-15 09:23:55,1,On Time,-17.0,Onetime,69.99,0.009987023860896383,Need Attention,Medium Risk
2910d75e440fa3665195c16cefeb5618,2018-01-16 15:06:44,1,On Time,-13.0,Onetime,80.0,0.011415372322784835,Need Attention,Medium Risk
2912db6f8894dfa5aeea61325e2d5f08,2018-04-05 17:27:01,1,On Time,-9.0,Onetime,209.0,0.029822660193275383,Need Attention,Medium Risk
29193837afc61c50550bc1139e1d822b,2018-02-15 11:58:49,1,On Time,-4.0,Onetime,55.0,0.007848068471914575,Need Attention,Medium Risk
2939eb5c5bf062a54061a6b0790057b5,2018-08-04 21:26:44,1,On Time,-12.0,Onetime,0.0,0.0,Need Attention,Medium Risk
293c9db44b6588c4e52fbef455fccde8,2017-11-27 10:32:51,1,On Time,-13.0,Onetime,109.9,0.01568186772842567,Need Attention,Medium Risk
293e5ccf608a9ace023ea0e0f17c452e,2018-06-26 11:31:55,1,On Time,-20.0,Onetime,192.9,0.027525316513314933,Need Attention,Medium Risk
2948be030b49909f3eccb592b8315f89,2018-02-15 15:07:11,1,Has Delays,4.0,Onetime,44.9,0.006406877716162988,Need Attention,Medium Risk
2948c3e888f4d365e119132da9f95c27,2017-09-19 15:14:08,1,On Time,-6.0,Onetime,158.0,0.02254536033750005,Need Attention,Medium Risk
29518d17896d6a0902847dd45fc11516,2018-01-23 12:32:41,1,On Time,-16.0,Onetime,20.0,0.002853843080696209,Need Attention,Medium Risk
29607e7e09b983abf0027c079c05efb6,2017-01-17 18:57:58,1,On Time,-15.0,Onetime,0.0,0.0,Lost Customers,High Risk
29682242915a222580f388e3515672a4,2018-05-12 06:33:05,1,On Time,-16.0,Onetime,320.0,0.04566148929113934,Need Attention,Medium Risk
297871f85f3905d13eaa1afed708ca57,2018-08-02 12:25:18,1,On Time,-3.0,Onetime,123.47,0.017618200258678045,Need Attention,Medium Risk
298888cf6c1dc18e17e944817c30d579,2017-06-14 15:39:33,1,On Time,-19.0,Onetime,0.0,0.0,Lost Customers,High Risk
298c3e1a698283a45f1c94df3942bb3b,2018-03-03 19:39:54,1,On Time,0.0,Onetime,85.0,0.012128833092958887,Need Attention,Medium Risk
2990f218665832600f7180650703052d,2017-03-09 16:18:47,1,On Time,-21.0,Onetime,159.9,0.02281647543016619,Need Attention,Medium Risk
299905e3934e9e181bfb2e164dd4b4f8,2017-07-29 11:55:02,1,On Time,-7.0,Onetime,0.0,0.0,Lost Customers,High Risk
299b2d1bcebfb18807ad9185f5a1f058,2018-08-25 11:00:52,1,On Time,-1.0,Onetime,18.9,0.002696881711257917,Need Attention,Medium Risk
29bea95c72abb63bd9da0018a398b594,2018-08-19 14:10:29,1,On Time,-9.0,Onetime,32.9,0.0046945718677452635,Need Attention,Medium Risk
29cb098c6e774a2b42c7301e598649ef,2017-03-14 12:18:22,1,On Time,-11.0,Onetime,59.99,0.008560102320548277,Need Attention,Medium Risk
29d208881a7c8202ddd852afaefbb076,2017-11-07 23:05:11,1,Has Delays,1.0,Onetime,19.99,0.0028524161591558603,Lost Customers,High Risk
29d72fba272ad06ed0b2ac6351da042f,2018-05-22 09:20:02,1,On Time,-2.0,Onetime,147.9,0.021104169581748464,Need Attention,Medium Risk
29dc4aeff866d6a940c471a3ea4faef0,2017-05-01 16:12:39,1,On Time,-13.0,Onetime,0.0,0.0,Lost Customers,High Risk
29ed46c06126f174d4fbf76e310adbfd,2017-10-20 08:41:55,1,On Time,-15.0,Onetime,182.0,0.0259699720343355,Need Attention,Medium Risk
29fbb2801362f8857a80e4c1a0c74aa5,2017-12-24 17:34:12,1,On Time,-16.0,Onetime,49.99,0.007133180780200174,Need Attention,Medium Risk
2a151ec82fd8a1ca7c3e212651ab5b24,2017-07-17 21:55:56,1,On Time,-12.0,Onetime,31.9,0.004551879713710453,Lost Customers,High Risk
2a17afe1b10068ca48fa95d95b9d3e02,2018-05-24 19:04:17,1,On Time,-12.0,Onetime,150.0,0.021403823105221566,Need Attention,Medium Risk
2a34af7c4b1b83d78b14cf6b9c32c3b9,2017-11-08 02:07:46,1,On Time,-13.0,Onetime,75.0,0.010701911552610783,Need Attention,Medium Risk
2a3db31230ad9d133b382aff019cf148,2017-08-05 18:41:44,1,On Time,-17.0,Onetime,128.0,0.018264595716455737,Need Attention,Medium Risk
2a4f0eda78ff3506c9c4dda83bb996bf,2018-07-04 10:53:59,1,On Time,-6.0,Onetime,23.98,0.003421757853754754,Need Attention,Medium Risk
2a59d41f81e3acce1b25fac07ad68566,2018-01-30 14:33:07,1,On Time,-13.0,Onetime,0.0,0.0,Need Attention,Medium Risk
2a5a352188f018f8f0033a5c6f01d3f3,2018-04-02 12:30:02,1,On Time,-12.0,Onetime,191.47,0.027321266733045153,Need Attention,Medium Risk
2a658f1dceab1750b17286dbcdecdd02,2017-12-11 12:49:55,1,Has Delays,7.0,Onetime,45.9,0.006549569870197798,Need Attention,Medium Risk
2a6ef69674d6f28002c72b8d123b3a27,2018-03-23 16:25:13,1,On Time,-9.0,Onetime,19.9,0.0028395738652927274,Need Attention,Medium Risk
2a8e9a7b6d67b448707d0d7ac6110b9f,2017-06-11 00:04:07,1,On Time,-14.0,Onetime,89.9,0.012828024647729459,Need Attention,Medium Risk
2a910efc136042a1dd32dc916878be40,2017-12-10 11:29:28,1,On Time,-12.0,Onetime,69.99,0.009987023860896383,Need Attention,Medium Risk
2a914bdfae6c0cc612a51e479acc0128,2017-06-14 12:52:00,1,On Time,-11.0,Onetime,215.0,0.030678813117484244,Need Attention,Medium Risk
2a9740b80f4bf690a9f5bdece3b5fbc3,2017-02-05 12:18:08,1,On Time,-18.0,Onetime,104.9,0.014968406958251615,Need Attention,Medium Risk
2aa2c53b231eaec5b82d9e54056a0cc6,2017-07-07 17:16:39,1,On Time,-3.0,Onetime,572.0,0.08161991210791157,Need Attention,Medium Risk
2aa9325eab1676f4d62830f004d67a34,2018-01-26 16:09:11,1,On Time,-10.0,Onetime,12.77,0.0018221788070245293,Need Attention,Medium Risk
2ad3e60daba1700dc116ea525e842f28,2018-02-06 18:25:39,1,On Time,-22.0,Onetime,161.8,0.02308759052283233,Need Attention,Medium Risk
2ad3fd1a4a4c8dd70d848f625b27f4ed,2017-07-20 14:03:36,1,On Time,-12.0,Onetime,213.0,0.03039342880941462,Need Attention,Medium Risk
2ad53a13954ae9d3d8e30a7e3ba1de18,2018-01-16 14:19:32,1,On Time,-14.0,Onetime,199.89,0.028522734670018254,Need Attention,Medium Risk
2ad86ffb0cc867d8287247aae28cccec,2018-06-11 15:05:05,1,On Time,-9.0,Onetime,62.0,0.008846913550158247,Need Attention,Medium Risk
2adaff8e437d7153f3326cf14187d821,2017-11-24 20:09:33,1,On Time,-13.0,Onetime,258.0,0.03681457574098109,Need Attention,Medium Risk
2ae3c67452283d5a0d30b32e0d33296e,2017-12-22 00:17:37,1,On Time,-10.0,Onetime,45.0,0.00642114693156647,Need Attention,Medium Risk
2ae8fe87f03b04a0154ffa68276432fa,2017-10-13 10:15:28,1,On Time,-19.0,Onetime,51.8,0.0073914535790031806,Need Attention,Medium Risk
2aeecaf7cc80dcf343d70d88bfbcb062,2018-05-17 08:31:30,1,On Time,-15.0,Onetime,0.0,0.0,Need Attention,Medium Risk
2b09ef35e74a0c582c8d846bcb5b7665,2017-07-17 13:34:52,1,On Time,-14.0,Onetime,34.99,0.0049927984696780175,Lost Customers,High Risk
2b0d2a4ffe3906cd18019c2463cfeee9,2018-07-03 23:40:16,1,On Time,-14.0,Onetime,249.49,0.035600265510144856,Need Attention,Medium Risk
2b12aa72b942b60ca53b0eb533df5cf9,2017-05-19 16:28:13,1,On Time,-7.0,Onetime,109.99,0.0156947100222888,Need Attention,Medium Risk
2b18cd5c428106cc024ee2cc951a0b68,2018-08-14 14:49:15,1,Has Delays,9.0,Onetime,59.99,0.008560102320548277,Need Attention,Medium Risk
2b1a443295eb2104e29e060cfc7faf4b,2017-07-11 11:28:31,1,On Time,-8.0,Onetime,119.8,0.01709452005337029,Need Attention,Medium Risk
2b21acf35bb99e01d64acdf686ba9856,2017-09-25 22:22:18,1,On Time,-21.0,Onetime,0.0,0.0,Lost Customers,High Risk
2b2444f1324436d35fd4d96e0c865374,2017-12-18 16:00:07,1,On Time,-3.0,Onetime,179.99,0.02568316080472553,Need Attention,Medium Risk
2b36582948057afaf22d40843b540cf1,2018-02-13 10:44:31,1,Has Delays,9.0,Onetime,0.0,0.0,Need Attention,Medium Risk
2b4871f788b44ee004ec2c7fc7cd420b,2017-10-31 12:02:07,1,On Time,-8.0,Onetime,59.95,0.008554394634386887,Need Attention,Medium Risk
2b5810705ad2dc3a748d181a15996eb2,2017-12-11 07:50:11,1,On Time,-14.0,Onetime,13.65,0.0019477479025751625,Need Attention,Medium Risk
2b7af693337e3fb22615306dbe54432c,2018-02-07 14:16:13,1,On Time,-17.0,Onetime,98.0,0.013983831095411422,Need Attention,Medium Risk
2b815237a1c6cb549b7a44e1c522dfef,2018-04-20 11:16:37,1,On Time,-15.0,Onetime,58.0,0.008276144934019005,Need Attention,Medium Risk
2b85ec29465d3698c94e89a255767977,2017-06-14 19:52:30,1,On Time,-13.0,Onetime,71.82,0.010248150502780084,Need Attention,Medium Risk
2b8b340d292b5de57a5bd3f9ae6c0832,2018-02-11 19:18:20,1,On Time,-6.0,Onetime,0.0,0.0,Need Attention,Medium Risk
2bb77ab6d3b1f3e81e79f40dfe35becf,2018-05-23 11:48:01,1,On Time,-9.0,Onetime,44.0,0.006278454777531659,Need Attention,Medium Risk
2bb9b7e460ba29e236747a1959108097,2017-08-27 00:32:42,1,On Time,-22.0,Onetime,58.0,0.008276144934019005,Need Attention,Medium Risk
2bbd09d4d1fd7751420a920931100140,2017-10-03 00:20:58,1,On Time,-11.0,Onetime,59.9,0.008547260026685145,Need Attention,Medium Risk
2bcbb73032ee97a07a49d5c6683403bd,2018-07-07 16:39:55,1,On Time,-10.0,Onetime,75.0,0.010701911552610783,Need Attention,Medium Risk
2be9b3218064e818eb33659db22b3e8e,2017-12-08 17:03:24,1,On Time,-12.0,Onetime,180.0,0.02568458772626588,Need Attention,Medium Risk
2bf97f7ad0865d494796787cc7cf1fe8,2018-03-26 23:13:08,1,On Time,-4.0,Onetime,0.0,0.0,Need Attention,Medium Risk
2c08ea1522ea4bac42eb5dd9f5df21af,2018-06-13 09:46:14,1,On Time,-14.0,Onetime,99.9,0.014254946188077563,Need Attention,Medium Risk
2c14db46aee6245ff5a01f7f69544f73,2018-04-02 14:08:53,1,On Time,-10.0,Onetime,134.9,0.01924917157929593,Need Attention,Medium Risk
2c32927381d240d6ed1bb6ee1572f1e0,2017-11-26 23:38:25,1,Has Delays,4.0,Onetime,12.25,0.0017479788869264278,Lost Customers,High Risk
2c3a5fa3cac8eab6568cf47c4f7f6624,2017-07-11 12:41:24,1,On Time,-12.0,Onetime,89.0,0.012699601709098129,Need Attention,Medium Risk
2c4bcbb5a9a1b8ed1a4b05ddef43a888,2017-11-28 23:52:10,1,On Time,-9.0,Onetime,150.0,0.021403823105221566,Need Attention,Medium Risk
2c5100ebe43494cc2e7c912d5366f253,2018-02-28 09:40:36,1,On Time,-12.0,Onetime,0.0,0.0,Need Attention,Medium Risk
2c586ad47f2b790f4095f2d9eb8d508c,2017-09-16 09:00:56,1,On Time,-13.0,Onetime,119.4,0.017037443191756367,Need Attention,Medium Risk
2c613e1daa937ba2dda45140c410f48f,2017-06-25 19:30:09,1,On Time,-10.0,Onetime,59.9,0.008547260026685145,Need Attention,Medium Risk
2c6f62969907bc67dad42631fda31a53,2018-03-16 21:34:22,1,On Time,-21.0,Onetime,180.0,0.02568458772626588,Need Attention,Medium Risk
2c7df4496702560c973e5afa81fe9208,2017-12-04 15:12:16,1,On Time,-9.0,Onetime,179.8,0.025656049295458918,Need Attention,Medium Risk
2c85bc3b462b734ab70f4fc28ff5f727,2017-12-18 14:29:29,1,On Time,-16.0,Onetime,46.98,0.0067036773965553935,Need Attention,Medium Risk
2c87620a0cba3dc7cdaf2617928d15d7,2018-02-28 08:57:03,1,On Time,-13.0,Onetime,245.9,0.035088000677159885,Need Attention,Medium Risk
2c90fdbc33c7a6f301f4c63f0c962b3f,2017-11-23 22:27:55,1,Has Delays,29.0,Onetime,970.0,0.13841138941376613,Need Attention,Medium Risk
2ca59de5f065107ef5add18625776bdb,2017-11-27 20:31:23,1,On Time,-15.0,Onetime,58.0,0.008276144934019005,Need Attention,Medium Risk
2cac2c968d6e64f3d4dbc358ea518a8f,2018-05-10 13:08:19,1,On Time,-9.0,Onetime,59.98,0.008558675399007929,Need Attention,Medium Risk
2cbdd1cbe1695df917f0f720f4b6449c,2018-05-04 21:00:10,1,On Time,-11.0,Onetime,359.8,0.05134063702172479,Need Attention,Medium Risk
2cd68cd1b5bef221314ed99f32ad33f4,2017-06-02 12:57:15,1,On Time,-16.0,Onetime,79.5,0.011344026245767429,Need Attention,Medium Risk
2ce9755c84e47b391e5255ff3e41c34c,2018-07-14 18:23:39,1,On Time,-2.0,Onetime,0.0,0.0,Need Attention,Medium Risk
2cf1b13d236cbffe7a3e1857136982b1,2018-05-29 21:46:07,1,On Time,-23.0,Onetime,0.0,0.0,Need Attention,Medium Risk
2cf2aa79a6a7165ea380a4fcea303c0b,2018-08-11 16:52:23,1,On Time,-17.0,Onetime,29.99,0.0042793376995039645,Need Attention,Medium Risk
2cf5f400e1fe53d4ca5684d666491fe0,2017-04-10 10:00:25,1,On Time,-14.0,Onetime,259.9,0.03708569083364723,Need Attention,Medium Risk
2d2616826443ccc5be23aa13edf2fe23,2017-05-26 16:43:10,1,On Time,-13.0,Onetime,97.0,0.013841138941376611,Need Attention,Medium Risk
2d38e2e85540b22097d39f767c481d18,2017-12-12 12:04:43,1,On Time,0.0,Onetime,49.0,0.006991915547705711,Need Attention,Medium Risk
2d38f064a1ddd82c8c14beadb7bf0c38,2017-12-17 22:49:34,1,On Time,-8.0,Onetime,129.0,0.018407287870490546,Need Attention,Medium Risk
2d3c25ea3f9a4d5136a7ff272b1b0ab1,2018-03-07 15:37:22,1,On Time,-10.0,Onetime,59.9,0.008547260026685145,Need Attention,Medium Risk
2d415b8cfcec2aa6686bb9e74e3970c4,2018-05-06 12:20:12,1,On Time,-4.0,Onetime,99.9,0.014254946188077563,Need Attention,Medium Risk
2d55aacf7688e281b83de3ffaa61c058,2018-08-07 10:19:43,1,On Time,-7.0,Onetime,119.9,0.017108789268773773,Need Attention,Medium Risk
2d5c600f8cc7477dc616b9bd2d00a0fd,2018-07-29 12:47:00,1,On Time,-7.0,Onetime,44.9,0.006406877716162988,Need Attention,Medium Risk
2d5e5796e7901464c00407e69739c6db,2017-06-19 02:15:55,1,On Time,-15.0,Onetime,99.9,0.014254946188077563,Need Attention,Medium Risk
2d62f3a9748197a1e14719249eaaef03,2018-06-21 19:41:25,1,On Time,-24.0,Onetime,125.25,0.017872192292860006,Need Attention,Medium Risk
2d69de392ffdb5def80917230154351d,2017-05-05 13:48:37,1,On Time,-16.0,Onetime,208.9,0.0298083909778719,Need Attention,Medium Risk
2d6b7f961407874c0cfc9ac967cacd96,2017-07-21 13:26:25,1,On Time,-14.0,Onetime,29.9,0.004266495405640831,Lost Customers,High Risk
2d6e75f5a4a33d3a936f1ea68ac9bf01,2017-06-29 18:07:49,1,On Time,-13.0,Onetime,0.0,0.0,Lost Customers,High Risk
2d7730d34247040e79db147306415d8e,2018-07-19 17:24:12,1,On Time,-10.0,Onetime,0.0,0.0,Need Attention,Medium Risk
2d7c2087a16245e57129072202956761,2018-07-13 14:40:19,1,On Time,-9.0,Onetime,93.0,0.01327037032523737,Need Attention,Medium Risk
2d82802eb43a9c6bcdb057573f8e0b19,2018-03-16 14:33:37,1,On Time,-17.0,Onetime,93.5,0.013341716402254775,Need Attention,Medium Risk
2d8c53115afe41713433269302e68bc6,2018-07-04 19:19:21,1,On Time,-21.0,Onetime,315.79999999999995,0.04506218224419313,Need Attention,Medium Risk
2d9611203b229e9cb67f2233522eb915,2018-01-04 15:31:25,1,On Time,-18.0,Onetime,69.9,0.00997418156703325,Need Attention,Medium Risk
2d9decde68108c2233c662aeb3310a64,2018-02-09 10:47:01,1,On Time,-13.0,Onetime,158.0,0.02254536033750005,Need Attention,Medium Risk
2da15ef83ce8831c824aa43f2af3eff1,2018-01-09 10:47:10,1,Has Delays,5.0,Onetime,47.49,0.006776450395113147,Need Attention,Medium Risk
2daa09f922fad73e8c273da266ab8366,2018-05-14 00:31:59,1,On Time,-13.0,Onetime,69.9,0.00997418156703325,Need Attention,Medium Risk
2db405cc6d4123953d36594dbff12a73,2017-12-16 15:29:46,1,Has Delays,1.0,Onetime,230.0,0.032819195428006404,Need Attention,Medium Risk
2db7f214cad74f77bf16ddd07ec20b35,2018-04-18 20:13:31,1,On Time,-15.0,Onetime,428.0,0.06107224192689886,Need Attention,Medium Risk
2dc92af471496ca347e530172e0979e7,2018-02-22 15:12:28,1,On Time,-16.0,Onetime,878.0,0.12528371124256354,Need Attention,Medium Risk
2dcbfb99d95c7ba6eb992a98627f45b8,2017-11-28 01:16:27,1,On Time,-16.0,Onetime,139.89000000000001,0.019961205427929632,Need Attention,Medium Risk
2dd5d907b9acbb6c573a11a1d8979358,2018-02-23 20:36:44,1,On Time,-5.0,Onetime,0.0,0.0,Need Attention,Medium Risk
2ddaeeb8948d70423c3326843412fccf,2018-06-15 15:13:15,1,On Time,-9.0,Onetime,64.0,0.009132297858227868,Need Attention,Medium Risk
2de521d3fd097acfbd5bed9c7b9ed0d0,2018-07-22 10:28:14,1,On Time,-20.0,Onetime,169.85000000000002,0.024236262362812556,Need Attention,Medium Risk
2deeacd4088ed129cde8cdeccdd46261,2018-08-21 08:52:46,1,On Time,-4.0,Onetime,119.0,0.01698036633014244,Need Attention,Medium Risk
2df79c0c80c225d537833abb01a1a8ca,2017-06-27 23:11:57,1,On Time,-11.0,Onetime,59.9,0.008547260026685145,Need Attention,Medium Risk
2dfa6bc8c7ffb458e399e69233352dbc,2017-03-15 18:53:36,1,On Time,-11.0,Onetime,0.0,0.0,Lost Customers,High Risk
2dfb47f553da7cc2a4b874efa420822f,2018-01-09 14:25:50,1,On Time,-26.0,Onetime,0.0,0.0,Need Attention,Medium Risk
2dfcf246b58dae24a063c8e0cc3cf309,2017-08-25 16:39:36,1,On Time,-15.0,Onetime,0.0,0.0,Lost Customers,High Risk
2e0cd6f7d34ce42c5a047fdffcf275b9,2018-05-20 21:48:53,1,On Time,-14.0,Onetime,29.99,0.0042793376995039645,Need Attention,Medium Risk
2e15bb92fa33e06e35287ea4d1cafe05,2017-09-11 09:40:11,1,On Time,-20.0,Onetime,0.0,0.0,Lost Customers,High Risk
2e1f94c41e4eb045becefe63ea5e426e,2018-05-16 19:50:22,1,On Time,-7.0,Onetime,19.99,0.0028524161591558603,Need Attention,Medium Risk
2e2184d1356da6b014de1af7efb0f093,2018-05-10 22:39:19,1,On Time,-11.0,Onetime,72.0,0.010273835090506351,Need Attention,Medium Risk
2e235c20dbbb4ff8df5506f0c3592c78,2017-03-28 05:56:01,1,On Time,-11.0,Onetime,0.0,0.0,Lost Customers,High Risk
2e3c051a9f6e30c8e6d7d45feb4be118,2017-03-28 23:13:25,1,Has Delays,13.0,Onetime,43.9,0.006264185562128178,Lost Customers,High Risk
2e3c3bce0bc8cca5d8e987d047e64d8b,2017-04-22 19:26:47,1,On Time,-17.0,Onetime,37.99,0.005420874931782448,Lost Customers,High Risk
2e471b8b0ebd8aeb029d78917c3961d0,2017-09-09 19:37:39,1,On Time,-8.0,Onetime,60.0,0.008561529242088627,Need Attention,Medium Risk
2e4c7fbec4fdb54f1cf04c1446dccf12,2017-11-28 16:47:41,1,On Time,-17.0,Onetime,59.9,0.008547260026685145,Need Attention,Medium Risk
2e5a6bbafe6b67eb00feca4e33001c27,2018-06-06 13:36:53,1,On Time,-25.0,Onetime,790.0,0.11272680168750025,Need Attention,Medium Risk
2e61a8d70f5bd8fa8dd742ed198aceaa,2017-02-08 12:55:23,1,On Time,-31.0,Onetime,178.0,0.025399203418196258,Need Attention,Medium Risk
2e6a42a9b5cbb0da62988694f18ee295,2017-05-15 17:58:25,1,On Time,-18.0,Onetime,29.99,0.0042793376995039645,Lost Customers,High Risk
2e70bb026bb9a192d6cf9e91486c412c,2018-08-07 17:27:35,1,On Time,-3.0,Onetime,23.99,0.003423184775295102,Need Attention,Medium Risk
2e729c60d6081c9eae481aad8aa9edf9,2017-11-16 18:15:43,1,On Time,-8.0,Onetime,190.9,0.027239932205245312,Need Attention,Medium Risk
2e8451f99c0515636908ff1f6ba45449,2018-01-05 11:53:02,1,On Time,-14.0,Onetime,0.0,0.0,Need Attention,Medium Risk
2e8561bf8b43a8b182c53dfb53fc9a7f,2017-01-23 20:35:00,1,On Time,-35.0,Onetime,299.8,0.04277910777963617,Need Attention,Medium Risk
2e88baab9c2ef8e9e915a90d0c7fb5ae,2017-11-06 23:01:26,1,On Time,-2.0,Onetime,119.8,0.01709452005337029,Need Attention,Medium Risk
2e941e4b7eb84a81f26149b0d70a6722,2018-01-11 22:51:26,1,On Time,-10.0,Onetime,69.9,0.00997418156703325,Need Attention,Medium Risk
2e9cdecaa137e8ba2084bbde28c85105,2017-11-28 22:50:22,1,Has Delays,7.0,Onetime,597.9,0.08531563889741316,Need Attention,Medium Risk
2e9fa6156ef798653e721237123f372b,2017-09-06 10:15:27,1,On Time,-7.0,Onetime,57.0,0.008133452779984195,Need Attention,Medium Risk
2ea138252e398496437ad1596662e56b,2017-08-16 13:12:14,1,On Time,-13.0,Onetime,0.0,0.0,Lost Customers,High Risk
2ecb072c40df1c0e01f07c88f55d6c2e,2018-01-26 09:28:49,1,On Time,-10.0,Onetime,58.9,0.008404567872650334,Need Attention,Medium Risk
2ed568220c373f8941bdfac8f464e66e,2017-03-13 17:47:09,1,On Time,-15.0,Onetime,45.0,0.00642114693156647,Lost Customers,High Risk
2ed58d0567a2839599b85957ee02bca9,2018-01-30 07:51:17,1,On Time,-1.0,Onetime,0.0,0.0,Need Attention,Medium Risk
2ee0d7587a1a04de482c6211ea2988bc,2017-05-09 17:42:45,1,On Time,-2.0,Onetime,219.9,0.031378004672254815,Need Attention,Medium Risk
2ee123fe846467308b514a15717df930,2018-01-29 21:34:59,1,On Time,-23.0,Onetime,0.0,0.0,Need Attention,Medium Risk
2efbff41b13fe600095d4b41e38bd9ba,2017-07-20 13:58:31,1,On Time,-12.0,Onetime,144.94,0.020681800805805426,Need Attention,Medium Risk
2f0efa6c35f7a04c0ccb3f78d1df660a,2017-11-26 12:40:46,1,On Time,-8.0,Onetime,15.9,0.0022688052491534856,Lost Customers,High Risk
2f1c76c2bc1797d9f84853404f4e20ed,2017-11-17 19:53:32,1,On Time,-8.0,Onetime,210.0,0.02996535234731019,Need Attention,Medium Risk
2f293b442348c20d12aa4537bd3d7234,2018-04-19 19:34:08,1,On Time,-15.0,Onetime,149.9,0.021389553889818086,Need Attention,Medium Risk
2f30a830c2791853a80645df3213eab7,2017-08-02 15:36:19,1,On Time,-1.0,Onetime,0.0,0.0,Lost Customers,High Risk
2f38d11d1609db1fc9003a0cc495cb30,2018-08-12 22:48:32,1,On Time,-9.0,Onetime,0.0,0.0,Need Attention,Medium Risk
2f4c7a8dd55979a2bfc661b2c866d9e6,2017-12-17 19:30:21,1,On Time,-28.0,Onetime,0.0,0.0,Need Attention,Medium Risk
2f4caaa523ad6f3d695a5e698263cd05,2017-12-11 08:19:59,1,On Time,-20.0,Onetime,58.0,0.008276144934019005,Need Attention,Medium Risk
2f5f9356cfae0215286f7daa363aa062,2017-12-04 21:01:36,1,On Time,-21.0,Onetime,59.9,0.008547260026685145,Need Attention,Medium Risk
2f60c4dcfff37b23ad4c31f5d0bfa9c3,2017-11-24 22:46:46,1,On Time,-3.0,Onetime,0.0,0.0,Lost Customers,High Risk
2f7040ff8e20664c0856a138a97eecce,2018-08-22 02:28:35,1,On Time,-14.0,Onetime,34.39,0.004907183177257131,Need Attention,Medium Risk
2f774604b1d18f77ddd477c67bfc2240,2017-12-16 13:48:46,1,On Time,-13.0,Onetime,144.9,0.020676093119644034,Need Attention,Medium Risk
2f7920af5858f8f73ae5af711c28471a,2018-08-27 17:32:01,1,On Time,-1.0,Onetime,0.0,0.0,Need Attention,Medium Risk
2f8552b3c0fd59f1bd0f0821a136a9ae,2017-02-07 17:03:30,1,On Time,-25.0,Onetime,550.99,0.0786219499516402,Need Attention,Medium Risk
2f8dab36f4adff0c2cea0b850d72b8ca,2017-11-23 18:23:19,1,On Time,-2.0,Onetime,34.78,0.0049628331173307075,Lost Customers,High Risk
2f97fb04ba09cfa05b9e3b3af4e8e247,2017-11-17 21:14:42,1,On Time,-15.0,Onetime,109.98,0.01569328310074845,Need Attention,Medium Risk
2fafff68ec29779e3b19a41f71fba0bb,2018-02-05 13:51:27,1,On Time,-10.0,Onetime,19.9,0.0028395738652927274,Need Attention,Medium Risk
2fc9a64ae672512016acd52bb0d59c61,2017-10-27 16:44:14,1,On Time,-19.0,Onetime,199.0,0.02839573865292728,Need Attention,Medium Risk
2fca924c90ac599f416173f496dbdfa6,2018-02-16 20:16:34,1,On Time,-1.0,Onetime,28.0,0.003995380312974692,Need Attention,Medium Risk
2fd07dc5dbae616986e00fb72e7a779b,2018-05-06 15:46:21,1,On Time,-6.0,Onetime,0.0,0.0,Need Attention,Medium Risk
2fe074ea3cc24b8fd57d29effc995f8b,2017-12-01 07:15:07,1,On Time,-12.0,Onetime,0.0,0.0,Lost Customers,High Risk
2fe5884cad682fbcf82de3ffd522fdaf,2017-06-19 12:15:39,1,On Time,-15.0,Onetime,89.9,0.012828024647729459,Need Attention,Medium Risk
2fe8b7ce9d111a6f3c7b75a9c0f6eabe,2017-03-10 22:43:47,1,On Time,-17.0,Onetime,14.9,0.0021261130951186757,Lost Customers,High Risk
2feb8402ee618f141168787b76e58103,2018-03-29 13:43:22,1,On Time,-8.0,Onetime,47.6,0.006792146532056977,Need Attention,Medium Risk
301a17ed23b8bb5bfce2df8604c06cfd,2018-02-27 16:17:02,1,On Time,-10.0,Onetime,119.0,0.01698036633014244,Need Attention,Medium Risk
303b9294d757fabfe261bcf99cf819a0,2018-01-23 14:54:28,1,On Time,-9.0,Onetime,11.55,0.0016480943791020608,Need Attention,Medium Risk
3046b0bd43b0ea4bc6d0aec70bc96e9c,2018-02-07 18:35:22,1,On Time,-1.0,Onetime,115.0,0.016409597714003202,Need Attention,Medium Risk
30480b4ef6a45083f99de41f24eccb44,2018-01-19 15:00:59,1,On Time,-11.0,Onetime,410.0,0.05850378315427228,Need Attention,Medium Risk
3058f1cb6f29801c908499b888b1cd0b,2018-08-13 14:18:44,1,On Time,-9.0,Onetime,0.0,0.0,Need Attention,Medium Risk
305a9e2b49169ced55bdd09fed23cda0,2018-03-10 16:15:17,1,On Time,-7.0,Onetime,199.0,0.02839573865292728,Need Attention,Medium Risk
30601ff4bc10bc566c995c703a463866,2018-07-25 10:10:53,1,On Time,-5.0,Onetime,0.0,0.0,Need Attention,Medium Risk
30656f1a6f4ef8d3286f02090232d105,2018-02-05 23:08:11,1,On Time,-13.0,Onetime,215.0,0.030678813117484244,Need Attention,Medium Risk
306604a290dba7c17d47b4fe32db82c2,2018-07-09 10:56:32,1,On Time,-6.0,Onetime,58.99,0.008417410166513468,Need Attention,Medium Risk
306ca0d858edef9af39b998960923222,2018-03-21 12:06:28,1,On Time,-12.0,Onetime,59.9,0.008547260026685145,Need Attention,Medium Risk
3084108ab6a05c325f137b7cbaf6e283,2018-07-19 13:03:38,1,On Time,-26.0,Onetime,29.99,0.0042793376995039645,Need Attention,Medium Risk
30888fabbe35d54b5dcef294496af86b,2018-08-04 12:49:06,1,On Time,-13.0,Onetime,0.0,0.0,Need Attention,Medium Risk
308dfe5168e217902973b27e7c91f27e,2018-07-16 19:40:09,1,On Time,-15.0,Onetime,99.0,0.014126523249446233,Need Attention,Medium Risk
308f0a729f3440afc0b59c38f133a8f5,2017-07-29 12:18:53,1,On Time,-11.0,Onetime,0.0,0.0,Lost Customers,High Risk
309035839d0c04859125d39311145941,2018-06-09 18:56:00,1,On Time,-17.0,Onetime,139.0,0.01983420941083865,Need Attention,Medium Risk
309a2dd508063b66704ebdd088d35586,2017-12-04 16:54:08,1,On Time,-13.0,Onetime,69.9,0.00997418156703325,Need Attention,Medium Risk
30b03f32a9ab981472ef15782f5a0071,2017-03-29 15:06:02,1,On Time,-13.0,Onetime,0.0,0.0,Lost Customers,High Risk
30b6fe5fb355877c7bded1817219d96c,2017-12-04 21:30:05,1,On Time,-7.0,Onetime,89.9,0.012828024647729459,Need Attention,Medium Risk
30b782a79466007756f170cb5bd6bbd8,2017-02-20 19:58:47,2,On Time,-6.0,Repeated,107.56,0.01534796808798421,Need Attention,Medium Risk
30be4b936437873fb4a6fb64fb54a81e,2018-01-23 01:38:01,1,On Time,-24.0,Onetime,225.0,0.03210573465783235,Need Attention,Medium Risk
30c5afe4a2db74f859bba633686399f1,2018-01-04 01:49:03,1,On Time,-11.0,Onetime,149.0,0.021261130951186754,Need Attention,Medium Risk
30cf132fa42d1d4434e6b51827b81491,2018-03-01 12:43:37,1,Has Delays,3.0,Onetime,117.0,0.01669498202207282,Need Attention,Medium Risk
30d600f278c689c07360b4124cb9a73d,2018-06-24 13:38:07,1,On Time,-26.0,Onetime,217.55,0.03104267811027301,Need Attention,Medium Risk
30ddfb9397deaa2700181ca7fab1260b,2018-05-23 14:51:24,1,On Time,-17.0,Onetime,429.9,0.061343357019565004,Need Attention,Medium Risk
30e4588900a8ceade11dbe60525d107e,2018-02-15 23:27:21,1,On Time,-6.0,Onetime,89.18,0.012725286296824397,Need Attention,Medium Risk
30ee451beee0f5463a987c36584df9ce,2018-05-06 21:42:44,1,On Time,-21.0,Onetime,135.0,0.01926344079469941,Need Attention,Medium Risk
30f26a52896033a63b34125e91ce5c59,2017-06-10 22:04:51,1,On Time,-16.0,Onetime,195.98,0.02796480834774215,Need Attention,Medium Risk
30fe3910a6e920e98fdf5daf5e2a48a8,2018-06-26 10:52:43,1,On Time,-21.0,Onetime,99.9,0.014254946188077563,Need Attention,Medium Risk
310647380793836bfa5b7b6b3f518423,2017-08-25 08:58:52,1,On Time,-14.0,Onetime,105.6,0.015068291466075981,Need Attention,Medium Risk
311dff8c3112b3ea255ec4871cabaf03,2017-11-27 19:24:52,1,On Time,-19.0,Onetime,281.99,0.04023776051627619,Need Attention,Medium Risk
312c9b7a4b792683db76a547c722486b,2017-04-17 07:42:23,1,Has Delays,8.0,Onetime,12.98,0.0018521441593718393,Lost Customers,High Risk
314d498639a7a7e9b8f135a0e9d138c0,2017-10-17 10:42:30,1,On Time,-17.0,Onetime,64.99,0.00927356309072233,Need Attention,Medium Risk
314e67684fb54502d819d66c0e3beb9b,2018-06-16 10:02:52,1,On Time,-21.0,Onetime,58.9,0.008404567872650334,Need Attention,Medium Risk
3160d045339a86518702dd3aa75d7b78,2017-10-11 11:05:30,1,Has Delays,2.0,Onetime,22.9,0.003267650327397159,Lost Customers,High Risk
3168dc37da92585ed2bf29058b0cc143,2017-07-17 18:19:50,1,On Time,-19.0,Onetime,56.99,0.008132025858443848,Need Attention,Medium Risk
316d6ccdf24ac783b5e4ccdff8506af9,2017-10-16 17:27:35,1,On Time,-7.0,Onetime,9.99,0.0014254946188077564,Lost Customers,High Risk
317316ce918b51c2d4e1e7f9af54c434,2017-09-26 18:04:37,1,On Time,-19.0,Onetime,99.0,0.014126523249446233,Need Attention,Medium Risk
319df3f4e38c4bcf9e3bccd1bb504bdc,2018-06-10 19:01:57,1,On Time,-20.0,Onetime,22.49,0.0032091465442428864,Need Attention,Medium Risk
319fb7408d85ca7902baa71df1dd7045,2017-09-01 14:26:24,1,On Time,-12.0,Onetime,58.0,0.008276144934019005,Need Attention,Medium Risk
31a6cf9e22c6b10a4706a9d2aa9ee302,2017-11-28 00:34:52,1,Has Delays,9.0,Onetime,224.9,0.03209146544242887,Need Attention,Medium Risk
31a9f3ea5883e3fa0e6ec685504251e2,2017-11-24 22:21:21,1,Has Delays,16.0,Onetime,0.0,0.0,Lost Customers,High Risk
31b8fa2573bde01af4737e8ed29c348b,2017-09-13 14:27:11,1,On Time,-9.0,Onetime,50.0,0.007134607701740522,Need Attention,Medium Risk
31b9951a97199d0d5fa7b5f02453265f,2017-12-11 23:18:07,1,On Time,-15.0,Onetime,109.9,0.01568186772842567,Need Attention,Medium Risk
31c014df5bd50caf330d47c60a7b485c,2017-08-03 13:00:11,1,On Time,-26.0,Onetime,399.9,0.057062592398520684,Need Attention,Medium Risk
31c9713476a117a44e586a3e6cae3a17,2017-08-21 10:23:21,1,On Time,-14.0,Onetime,0.0,0.0,Lost Customers,High Risk
31cb8b5ae4d65859af8fc33b14cde233,2017-11-30 15:27:05,1,On Time,-21.0,Onetime,110.0,0.01569613694382915,Need Attention,Medium Risk
31d0b55cfd9a400a5786b5de885bba7e,2018-08-25 23:39:08,1,On Time,-13.0,Onetime,45.0,0.00642114693156647,Need Attention,Medium Risk
31d29e85e904e0b8ffa2af37319cb8a9,2018-08-10 13:14:02,1,On Time,-9.0,Onetime,0.0,0.0,Need Attention,Medium Risk
31d345dc7e57dbc9843ac70d4d88e6f5,2018-01-22 18:25:04,1,On Time,-7.0,Onetime,20.3,0.002896650726906652,Need Attention,Medium Risk
31e0594ceb5bcb2f0ab698a5ed2bb0ff,2017-12-27 14:02:43,1,On Time,-11.0,Onetime,29.9,0.004266495405640831,Need Attention,Medium Risk
31e05a4807105bb6f6ced59da6b113de,2017-09-09 16:03:59,1,Has Delays,1.0,Onetime,409.99,0.05850235623273193,Need Attention,Medium Risk
31ec7f874ddf3354271c86d59e90b801,2017-02-13 00:18:48,1,On Time,-30.0,Onetime,19.9,0.0028395738652927274,Lost Customers,High Risk
31f49e069c399db9c3a0bdf8653e4e8f,2017-09-08 16:38:17,1,On Time,-10.0,Onetime,0.0,0.0,Lost Customers,High Risk
31f587e5afb9ca5efad537ab69de67d6,2018-08-14 01:13:48,1,On Time,-4.0,Onetime,0.0,0.0,Need Attention,Medium Risk
320c8ec376e4f189744a18ef6027db89,2017-06-27 17:58:14,1,On Time,-6.0,Onetime,89.9,0.012828024647729459,Need Attention,Medium Risk
321a3e8cd267a0eda1010b26e921731b,2018-02-26 08:51:17,1,On Time,-10.0,Onetime,139.8,0.0199483631340665,Need Attention,Medium Risk
321aa4705a6597b7bb5a0c42ee121d3e,2017-11-24 10:49:07,1,On Time,-3.0,Onetime,99.9,0.014254946188077563,Need Attention,Medium Risk
323333d54ee35f33103ab7cce7408e6b,2018-04-27 10:38:39,1,On Time,-17.0,Onetime,99.9,0.014254946188077563,Need Attention,Medium Risk
323630f1bddac4dc06bf3bdeb90dbe36,2018-03-16 15:49:44,1,On Time,-9.0,Onetime,22.99,0.0032804926212602918,Need Attention,Medium Risk
323b82df3d9616926c9eb5a0924abfbe,2018-01-19 18:07:37,1,On Time,-13.0,Onetime,55.8,0.007962222195142421,Need Attention,Medium Risk
323c4e9d78f774df9255793377ce636e,2018-04-09 22:02:30,1,On Time,-15.0,Onetime,120.0,0.017123058484177254,Need Attention,Medium Risk
3248d94dedca7507cbe8d17075b39081,2018-02-07 08:04:29,1,On Time,-19.0,Onetime,65.99,0.00941625524475714,Need Attention,Medium Risk
324ac53c3fc280401366b7c197dba28d,2018-05-11 12:38:02,1,On Time,-13.0,Onetime,0.0,0.0,Need Attention,Medium Risk
325149f3fd67b6e44a634ca8524e75f6,2018-08-11 22:10:44,1,On Time,-37.0,Onetime,119.8,0.01709452005337029,Need Attention,Medium Risk
3255f7be2750bb6add3dd7c38ad43f48,2018-01-13 16:47:31,1,On Time,-24.0,Onetime,19.9,0.0028395738652927274,Need Attention,Medium Risk
3256049f46589ca9ddb1dd86043f3948,2017-02-13 09:35:10,1,On Time,-13.0,Onetime,22.0,0.0031392273887658295,Lost Customers,High Risk
326a9c3ca94e3d9ae9328537fac9ae00,2017-03-01 20:50:51,1,On Time,-15.0,Onetime,64.9,0.009260720796859197,Need Attention,Medium Risk
327978477aaf5662dc82512c9f63e5f5,2017-10-14 19:33:54,1,On Time,-15.0,Onetime,107.61,0.015355102695685949,Need Attention,Medium Risk
3281635afcc7bd82aca4782e4f0fba8d,2018-02-16 16:54:07,1,On Time,-13.0,Onetime,0.0,0.0,Need Attention,Medium Risk
328ecf4ae1638481b5fd47a3d4f10501,2017-11-24 16:40:41,1,On Time,-6.0,Onetime,31.9,0.004551879713710453,Lost Customers,High Risk
329aad6fa941f787358a07e787be91e8,2018-08-12 07:40:00,1,On Time,-10.0,Onetime,134.89,0.01924774465775558,Need Attention,Medium Risk
32a390ed1539022cd7a0f20df2954bd5,2017-10-26 17:00:27,1,On Time,-21.0,Onetime,430.0,0.06135762623496849,Need Attention,Medium Risk
32b3af6c5548b794f1924e7dc83f9e00,2018-07-19 23:13:29,1,On Time,-7.0,Onetime,120.0,0.017123058484177254,Need Attention,Medium Risk
32b736144958de0748fcfa294ef0b207,2017-10-15 01:57:18,1,On Time,-15.0,Onetime,79.9,0.011401103107381355,Need Attention,Medium Risk
32bd7fa6d305e3c9a073ec9f2c5a49ad,2017-04-25 21:33:39,1,On Time,-7.0,Onetime,0.0,0.0,Lost Customers,High Risk
32c7250e535d4b3c5b294c9606706b51,2018-01-13 21:44:25,1,On Time,-21.0,Onetime,194.99,0.02782354311524769,Need Attention,Medium Risk
32d36db8ff4b40b4349f0ebec623be72,2018-03-02 09:30:33,1,On Time,-14.0,Onetime,18.9,0.002696881711257917,Need Attention,Medium Risk
32d935537fb268d349d5d14d7e778a2d,2018-03-16 18:05:28,1,On Time,-7.0,Onetime,0.0,0.0,Need Attention,Medium Risk
32de2a7a93dbfc527b3f584744b9c6ce,2017-02-20 11:45:39,1,On Time,-12.0,Onetime,69.9,0.00997418156703325,Need Attention,Medium Risk
32e798e44d5d6847c29700f4fd81c67f,2017-10-01 21:55:31,1,On Time,-12.0,Onetime,39.0,0.005564994007357607,Lost Customers,High Risk
32ec4cc78ff1333feca4aa96ef95bb74,2018-06-27 10:25:10,1,On Time,-20.0,Onetime,37.47,0.005346675011684347,Need Attention,Medium Risk
32fac75226dbbce057b8a9f2a1b1997b,2017-09-04 19:01:29,1,On Time,-14.0,Onetime,89.0,0.012699601709098129,Need Attention,Medium Risk
32feb5b7a73eee84aec157fcef63bd15,2018-01-21 22:39:40,1,On Time,-12.0,Onetime,139.9,0.01996263234946998,Need Attention,Medium Risk
3300d15602bbdfa988f7f5958cbd7457,2017-05-22 11:43:01,1,On Time,-11.0,Onetime,0.0,0.0,Lost Customers,High Risk
33047a883dab6ab720ed2269d31891a1,2018-05-09 13:06:51,1,On Time,-33.0,Onetime,189.9,0.0270972400512105,Need Attention,Medium Risk
331fd4bbcc3082979ac9595762358cba,2018-07-13 19:38:58,1,On Time,-3.0,Onetime,19.3,0.0027539585728718415,Need Attention,Medium Risk
3333f0287d8a19d37985d4920dac1ddd,2018-08-01 23:24:08,1,Has Delays,7.0,Onetime,0.0,0.0,Need Attention,Medium Risk
333f6b9777069c0e20d81f6cea06c631,2017-03-06 08:02:11,1,On Time,-19.0,Onetime,105.8,0.015096829896882942,Need Attention,Medium Risk
334d0235ca6f2f09dd55804a26efe952,2018-06-05 21:12:32,1,On Time,-30.0,Onetime,47.9,0.006834954178267419,Need Attention,Medium Risk
3353f4c5877c92dabf4068661b4564fd,2018-07-23 10:21:28,1,On Time,-12.0,Onetime,34.9,0.004979956175814883,Need Attention,Medium Risk
337b2ad5e2840cafc74a90bca5a4a643,2017-02-20 00:34:48,1,On Time,-25.0,Onetime,117.0,0.01669498202207282,Need Attention,Medium Risk
337bf0efbf9e5ba67461d2e5b4e5c2b1,2018-08-22 16:10:29,1,On Time,-8.0,Onetime,99.8,0.014240676972674083,Need Attention,Medium Risk
3385d3ca16a8ea8e2124294ac08b1814,2018-02-09 21:13:06,1,On Time,-5.0,Onetime,144.99,0.020688935413507168,Need Attention,Medium Risk
33874761fef19ddc1089150eb89b3d5d,2017-05-03 12:57:41,1,On Time,-8.0,Onetime,52.0,0.0074199920098101425,Need Attention,Medium Risk
33b08ff5fcb0b5bc8d8b9f106bbeca89,2017-11-28 00:06:53,1,On Time,-12.0,Onetime,21.49,0.003066454390208076,Lost Customers,High Risk
33b141e373b4f251b033f9ed33d6974d,2017-10-11 17:31:49,1,On Time,-14.0,Onetime,154.9,0.022103014659992138,Need Attention,Medium Risk
33b239671c1c878914ed922a0dacd607,2017-06-06 21:33:06,1,On Time,-16.0,Onetime,41.99,0.00599164354792169,Lost Customers,High Risk
33d5f77e44abcb42cdfc86854e5fce8c,2017-05-08 14:59:40,1,On Time,-5.0,Onetime,677.9399999999999,0.09673671890635938,Need Attention,Medium Risk
33dc85cfdc3b4c5fe951512e9b426f78,2018-08-07 12:06:54,1,On Time,-9.0,Onetime,29.7,0.00423795697483387,Need Attention,Medium Risk
33e156bda7e4550b1c7714b0cd34ceb7,2017-08-31 12:44:50,1,On Time,-15.0,Onetime,59.9,0.008547260026685145,Need Attention,Medium Risk
33e2ec99a0b818a86def54a73031892a,2018-03-04 02:25:53,1,Has Delays,15.0,Onetime,229.9,0.03280492621260292,Need Attention,Medium Risk
33e608856217dd0b34bf69e313470406,2018-08-01 14:58:41,1,On Time,-12.0,Onetime,54.9,0.007833799256511093,Need Attention,Medium Risk
33eb82333797c42ebb80bcc4aa337943,2017-11-08 11:15:57,1,On Time,-6.0,Onetime,41.5,0.005921724392444633,Lost Customers,High Risk
33f92c3d64fe0986abe1c5f40baf0165,2017-12-12 22:34:44,1,On Time,-19.0,Onetime,99.98,0.014266361560400348,Need Attention,Medium Risk
34115d5fc0c83f38f79c68c8edcdc1dc,2018-05-26 00:14:44,1,On Time,-21.0,Onetime,109.9,0.01568186772842567,Need Attention,Medium Risk
3411eba8bec9143a5c999f80226aaa5e,2018-03-28 11:29:44,1,On Time,-20.0,Onetime,116.0,0.01655228986803801,Need Attention,Medium Risk
341b6946aa6278284d3986112c43def4,2018-05-16 12:43:12,1,On Time,-6.0,Onetime,0.0,0.0,Need Attention,Medium Risk
3421619a31e48bcac1cc2e40707f0978,2017-09-28 17:34:38,1,On Time,-14.0,Onetime,159.6,0.022773667783955745,Need Attention,Medium Risk
3438b8441c857ae2e12fb185b58ec074,2018-05-01 19:14:15,1,Has Delays,15.0,Onetime,0.0,0.0,Need Attention,Medium Risk
343a7a9382091ae4d0b150c52c86aa19,2017-03-22 08:40:31,1,On Time,-13.0,Onetime,59.0,0.008418837088053816,Need Attention,Medium Risk
3443aa1df045d475ffb79648c36494e7,2017-08-29 12:36:36,1,On Time,-14.0,Onetime,59.9,0.008547260026685145,Need Attention,Medium Risk
344fecfc1b158f40bd95550e62547fda,2018-02-03 10:51:17,1,On Time,-18.0,Onetime,129.97,0.018545699259904312,Need Attention,Medium Risk
3462632a621a8362bf4d3149b2432842,2017-03-15 16:25:29,1,On Time,-12.0,Onetime,129.0,0.018407287870490546,Need Attention,Medium Risk
346396cf7ea625170715c7d1e97dc405,2017-12-21 11:27:57,1,On Time,-14.0,Onetime,0.0,0.0,Need Attention,Medium Risk
3489a2afde268cc8e832c33bbd7261d5,2018-05-06 10:07:19,1,On Time,-15.0,Onetime,0.0,0.0,Need Attention,Medium Risk
34a7a16320425b76238d17b877418323,2018-01-06 17:55:03,1,On Time,-14.0,Onetime,86.9,0.012399948185625028,Need Attention,Medium Risk
34a9803943df6b2eba0a322e63886be4,2017-12-23 18:41:40,1,On Time,-6.0,Onetime,24.9,0.00355303463546678,Need Attention,Medium Risk
34aac96d64fc005f6a378efdae534788,2018-07-18 12:19:12,1,On Time,-17.0,Onetime,0.0,0.0,Need Attention,Medium Risk
34ad8eecb58cca3f3fdc65e91c3ccd81,2017-08-11 21:01:02,1,On Time,-8.0,Onetime,265.99,0.03795468605171923,Need Attention,Medium Risk
34be8fa07e63708f818e10e2096c83d1,2017-05-17 11:07:52,1,On Time,-28.0,Onetime,21.9,0.0031249581733623485,Lost Customers,High Risk
34c13cd5451e9a2b8dcd0a2260ad631b,2018-08-01 16:37:54,1,On Time,-9.0,Onetime,0.0,0.0,Need Attention,Medium Risk
34c58672601f2c6d29db7efd1f6bf958,2018-01-27 22:04:34,1,On Time,-17.0,Onetime,27.3,0.003895495805150325,Need Attention,Medium Risk
34c7808de01a015e9c5165f6b44d7985,2017-04-13 21:06:23,1,On Time,-13.0,Onetime,0.0,0.0,Lost Customers,High Risk
34d9d4be6e7d5d9dfb87ff6fc9455b59,2017-10-30 15:55:01,1,On Time,-11.0,Onetime,0.0,0.0,Lost Customers,High Risk
34e19eb83a7ca102c1dd4ee4264d889e,2017-06-10 00:43:02,1,On Time,-13.0,Onetime,69.0,0.00984575862840192,Need Attention,Medium Risk
34e9218036622d21dadebbfade12537f,2017-04-11 13:23:05,1,On Time,-20.0,Onetime,55.8,0.007962222195142421,Need Attention,Medium Risk
35052a34c8cddade15549afde5580e83,2018-07-03 20:52:04,1,On Time,-11.0,Onetime,0.0,0.0,Potential Loyalists,Low Risk
3506768c1d316482dc13c4848d0a7aa1,2017-08-27 20:44:40,1,On Time,-19.0,Onetime,37.49,0.0053495288547650436,Lost Customers,High Risk
350b4f552289d46cd2a225f9a5f9d869,2018-07-28 19:40:29,1,On Time,-16.0,Onetime,459.8,0.06560985242520584,Potential Loyalists,Low Risk
350e8172d9a1ed3cea31f50e09de726f,2017-10-04 11:31:15,1,On Time,-22.0,Onetime,59.99,0.008560102320548277,Need Attention,Medium Risk
351853efbf1da247efad7b002971072d,2018-04-27 01:10:50,1,On Time,-15.0,Onetime,59.9,0.008547260026685145,Potential Loyalists,Low Risk
352fd235c6e516d78f7481b9dae3eead,2018-07-10 17:49:08,1,On Time,-9.0,Onetime,51.9,0.007405722794406662,Potential Loyalists,Low Risk
35473cbe40102cc697f12d9c6da90d9c,2017-08-18 00:12:37,1,On Time,-10.0,Onetime,32.9,0.0046945718677452635,Lost Customers,High Risk
3556987e5b22d5372214fb48fc9fe02a,2018-01-15 09:15:37,1,On Time,-13.0,Onetime,16.0,0.002283074464556967,Need Attention,Medium Risk
355c8e5dd7ea03b291a4057c4a8b7a4f,2017-05-17 23:39:36,1,On Time,-17.0,Onetime,0.0,0.0,Lost Customers,High Risk
3565906973c459aa065d735bc52ac2b9,2017-11-23 16:21:25,1,On Time,-18.0,Onetime,479.98,0.06848938009362832,Need Attention,Medium Risk
357482c4e5b9b6200cc2b37b8a7b46b9,2017-04-23 13:25:43,1,On Time,-13.0,Onetime,125.0,0.017836519254351306,Need Attention,Medium Risk
35946f04caff0b0dfe7096c7ee125cc7,2017-11-26 21:56:25,1,Has Delays,10.0,Onetime,13.7,0.001954882510276903,Lost Customers,High Risk
359bacb2b5c52b4287667a7bc6c7bc63,2017-05-15 17:13:19,1,On Time,-7.0,Onetime,177.0,0.025256511264161445,Need Attention,Medium Risk
35a1bc3b10285bac477591a09cf7abed,2017-11-10 17:54:06,1,On Time,-19.0,Onetime,5.99,0.0008547260026685146,Lost Customers,High Risk
35a5139d64a17f2d5336aabace88cf87,2017-08-30 14:52:57,1,On Time,-22.0,Onetime,0.0,0.0,Lost Customers,High Risk
35aabace9e8c8f00fad6099760de33e0,2018-03-30 20:14:37,1,On Time,-22.0,Onetime,55.989999999999995,0.007989333704409036,Potential Loyalists,Low Risk
35b45b906d1450b3540dc96692f58583,2017-06-10 18:08:15,1,On Time,-11.0,Onetime,207.94,0.029671406509998482,Need Attention,Medium Risk
35c35bdbac58000618164427d550a8e7,2017-12-10 14:21:21,1,On Time,-21.0,Onetime,77.89,0.011114291877771385,Need Attention,Medium Risk
35cd47c762d9677a58dbe27d5e6c5630,2017-01-26 18:19:42,1,On Time,-24.0,Onetime,40.0,0.005707686161392418,Lost Customers,High Risk
35d760b49a4d1184ef286325917758f1,2017-09-29 08:52:41,1,On Time,-8.0,Onetime,51.8,0.0073914535790031806,Need Attention,Medium Risk
35e410adc25fe96c55082bd4bb2daba2,2018-06-18 23:30:33,1,On Time,-9.0,Onetime,129.99,0.018548553102985012,Potential Loyalists,Low Risk
35ecdf6858edc6427223b64804cf028e,2017-08-05 14:55:19,1,On Time,-34.0,Onetime,63.980000000000004,0.009129444015147172,Need Attention,Medium Risk
35f6bc9b5c9f8790b3ab9d66f91cccd6,2017-12-29 11:47:28,1,On Time,-20.0,Onetime,115.9,0.01653802065263453,Need Attention,Medium Risk
35fca3f6ddeef1e13faef28751981a69,2017-10-10 20:07:44,1,On Time,-7.0,Onetime,148.0,0.021118438797151945,Need Attention,Medium Risk
3603d5e336b125a3f5f659a1252a29c3,2018-05-25 09:54:34,1,On Time,-15.0,Onetime,189.9,0.0270972400512105,Potential Loyalists,Low Risk
362f74c1d6e7015625b8464d05a8a149,2018-07-31 21:51:41,1,On Time,-14.0,Onetime,69.9,0.00997418156703325,Potential Loyalists,Low Risk
363f980585bf04c1a88fdb986011c52e,2018-01-01 18:56:38,1,On Time,-41.0,Onetime,100.0,0.014269215403481044,Need Attention,Medium Risk
36580bf41e01fe07a72d6e9b4a8d4dfc,2018-02-12 22:48:49,1,Has Delays,10.0,Onetime,0.0,0.0,Need Attention,Medium Risk
365d66c606b6e733626ce65064911238,2017-10-23 19:51:02,1,On Time,-9.0,Onetime,18.9,0.002696881711257917,Lost Customers,High Risk
366122ec4e27dba7770f9913cf5931c2,2018-03-17 19:59:25,1,On Time,-19.0,Onetime,55.9,0.007976491410545903,Potential Loyalists,Low Risk
366f4743154ff26fa1743ae7854b5e44,2017-02-15 09:41:08,1,On Time,-22.0,Onetime,99.0,0.014126523249446233,Need Attention,Medium Risk
367f4686d7112d69feed92b02a1775ed,2017-05-19 18:13:54,1,On Time,-8.0,Onetime,26.0,0.0037099960049050713,Lost Customers,High Risk
367f810d77e192e1440edd2afa6b07cd,2017-02-06 22:02:37,1,On Time,-35.0,Onetime,209.99,0.029963925425769842,Need Attention,Medium Risk
368dd77e48ff41c5a1a9d0c2d942c1eb,2018-07-06 18:37:58,1,On Time,-18.0,Onetime,238.0,0.03396073266028488,Potential Loyalists,Low Risk
3690d0117cd4ddfe0f635c3cfae03ac5,2017-10-27 14:39:49,1,Has Delays,7.0,Onetime,55.0,0.007848068471914575,Need Attention,Medium Risk
369356185e190dbcc4ea472ef050dbbc,2018-01-07 15:20:44,1,On Time,-15.0,Onetime,32.9,0.0046945718677452635,Need Attention,Medium Risk
36acff9ce2bc2f3456d427eb0200a8aa,2018-05-17 19:06:09,1,On Time,-9.0,Onetime,0.0,0.0,Potential Loyalists,Low Risk
36b070a7ce61be43443f1f608fa56201,2018-08-13 12:36:19,1,On Time,-9.0,Onetime,29.9,0.004266495405640831,Potential Loyalists,Low Risk
36b84fe3ccce72dce0d08b9388fdc6e6,2017-08-05 19:55:05,1,On Time,-10.0,Onetime,0.0,0.0,Lost Customers,High Risk
36c2f8a28196fc5987d669d8e043178a,2017-09-06 22:41:34,1,On Time,-16.0,Onetime,55.0,0.007848068471914575,Need Attention,Medium Risk
36c5770cc8e136abf9b1e5e149f75fb2,2017-11-27 15:56:53,1,On Time,-9.0,Onetime,49.0,0.006991915547705711,Need Attention,Medium Risk
36e06ca722231b14a75e6a33ffaa5f37,2018-06-27 19:51:02,1,On Time,-13.0,Onetime,0.0,0.0,Potential Loyalists,Low Risk
36edbb3fb164b1f16485364b6fb04c73,2017-04-11 12:22:08,1,On Time,-13.0,Onetime,49.9,0.007120338486337041,Need Attention,Medium Risk
36f9e46454f8819f18b8cc1694c21a62,2018-04-13 18:01:03,1,On Time,-1.0,Onetime,129.79,0.018520014672178044,Potential Loyalists,Low Risk
36fecee96b47a599e59f6ac3565b1fab,2018-06-12 16:38:43,1,On Time,-12.0,Onetime,196.0,0.027967662190822844,Potential Loyalists,Low Risk
3702265e16e5246cff7462ea675f6d90,2017-04-03 19:07:32,1,On Time,-34.0,Onetime,69.8,0.009959912351629767,Need Attention,Medium Risk
370f54b7e98dc8ba4cf2b0cfb96ab01d,2018-02-23 14:09:39,1,On Time,-9.0,Onetime,129.9,0.018535710809121878,Need Attention,Medium Risk
37130c6869ec1d517e07637dff2e90e3,2017-12-04 09:47:00,1,On Time,-1.0,Onetime,145.0,0.020690362335047514,Need Attention,Medium Risk
37266d5c6bf5cb0700372d16599a9b21,2017-10-08 21:38:21,1,On Time,-21.0,Onetime,0.0,0.0,Lost Customers,High Risk
372b41e8faa2819e0b6346b16cdf402b,2018-07-25 15:19:48,1,On Time,-14.0,Onetime,12.88,0.0018378749439683585,Potential Loyalists,Low Risk
372e0fc66eacb8698e4f9997d366d961,2018-05-17 16:59:11,1,On Time,-4.0,Onetime,69.9,0.00997418156703325,Potential Loyalists,Low Risk
37363700139c1aef873bbcd916e57dfd,2017-12-12 13:56:04,1,On Time,-5.0,Onetime,49.0,0.006991915547705711,Need Attention,Medium Risk
373786bde5ab151a86c6c3f4446f9b10,2017-06-09 15:12:46,1,On Time,-7.0,Onetime,143.8,0.02051913175020574,Need Attention,Medium Risk
373cdc681e007b7c4acb534daaa265da,2017-05-14 19:00:05,1,On Time,-6.0,Onetime,89.97,0.012838013098511895,Need Attention,Medium Risk
374ad33a8b3ec3e6fac9cbceaeb727ec,2017-11-26 15:50:34,1,On Time,0.0,Onetime,115.96,0.01654658218187662,Need Attention,Medium Risk
374f6f36f49399403bb170eb8d4cd468,2018-08-14 07:44:12,1,On Time,-14.0,Onetime,69.9,0.00997418156703325,Potential Loyalists,Low Risk
375a32d7f2515e310be13b1ac1692545,2017-05-14 12:36:54,1,On Time,-19.0,Onetime,133.9,0.019106479425261117,Need Attention,Medium Risk
37669671d35808111ab0d229e546221f,2018-04-13 14:37:55,1,On Time,-13.0,Onetime,0.0,0.0,Potential Loyalists,Low Risk
376c6321c9b503efcd9614adb8cc0d30,2018-08-11 16:38:20,1,On Time,-5.0,Onetime,49.7,0.0070918000555300785,Potential Loyalists,Low Risk
37786449dafa435ecd01ff5595f018b7,2017-12-05 10:29:44,1,On Time,-7.0,Onetime,49.9,0.007120338486337041,Need Attention,Medium Risk
3778cf859fc4f14eec06ae45b48b4ad8,2017-05-17 22:16:39,1,On Time,-18.0,Onetime,45.9,0.006549569870197798,Lost Customers,High Risk
377bdfb2197d3b83c9e3f9502deabcfb,2017-12-02 14:28:03,1,On Time,-24.0,Onetime,89.99,0.01284086694159259,Need Attention,Medium Risk
379222d9312a6f61a9b401c289cac564,2018-01-30 17:04:07,1,Has Delays,10.0,Onetime,58.0,0.008276144934019005,Need Attention,Medium Risk
3798afca0bdbf833d43d27ba3211d3a5,2018-06-11 10:26:21,1,On Time,-13.0,Onetime,19.9,0.0028395738652927274,Potential Loyalists,Low Risk
37a425cd3ed7c1d390590dac75dc89fb,2017-11-24 00:07:16,1,On Time,0.0,Onetime,116.9,0.016680712806669343,Need Attention,Medium Risk
37a7034bb342bbbebdc03187fe8720ed,2018-05-14 12:36:50,1,On Time,-12.0,Onetime,55.99,0.007989333704409036,Potential Loyalists,Low Risk
37ae7c58b4be022ce76874059d56d998,2018-06-19 18:05:41,1,On Time,-9.0,Onetime,0.0,0.0,Potential Loyalists,Low Risk
37cc3e75e39bb11d75a1982ac0d07c17,2017-02-24 15:46:49,1,Has Delays,1.0,Onetime,44.9,0.006406877716162988,Lost Customers,High Risk
37cf7c94e4f9624b4507713dc6a58fab,2017-11-28 13:05:16,1,On Time,-8.0,Onetime,299.70000000000005,0.042764838564232695,Need Attention,Medium Risk
37d2d1ac62901f9a36cff32ca86c9337,2017-11-26 12:50:56,1,On Time,-12.0,Onetime,0.0,0.0,Lost Customers,High Risk
37d3dfcbb848287358251bcb27953cbc,2018-03-14 15:15:19,1,On Time,-22.0,Onetime,0.0,0.0,Potential Loyalists,Low Risk
37e17edc107a2e3feecf9514f555b5c3,2018-08-02 12:06:58,1,On Time,-11.0,Onetime,105.0,0.014982676173655096,Potential Loyalists,Low Risk
37fbcc2dc516c4c9e5201a938d5e8f3c,2018-06-25 11:08:17,1,On Time,-21.0,Onetime,34.9,0.004979956175814883,Potential Loyalists,Low Risk
3809587a22b5a1a56b173ac0ed0e9e7d,2018-05-14 15:42:44,1,On Time,-4.0,Onetime,89.0,0.012699601709098129,Potential Loyalists,Low Risk
381f82b43b6124efe6c3d50fbeb1156c,2017-11-11 13:33:10,1,On Time,-11.0,Onetime,59.9,0.008547260026685145,Need Attention,Medium Risk
383a19352a66cf815661a4e2863f28c4,2018-02-17 16:39:44,1,On Time,-3.0,Onetime,96.0,0.013698446787341802,Need Attention,Medium Risk
384a8e41b65b0f4bb086437412842c1c,2018-05-15 13:42:15,1,On Time,-1.0,Onetime,94.99,0.013554327711766642,Potential Loyalists,Low Risk
384ffc528dd30fd49eff3dda9f00ce86,2018-04-27 15:42:08,1,On Time,-14.0,Onetime,48.9,0.00697764633230223,Potential Loyalists,Low Risk
3856822a82996dad2607aaa95811551b,2018-02-03 22:36:03,1,On Time,-22.0,Onetime,779.94,0.11129131861791007,Need Attention,Medium Risk
385c9b924a87df624e37ece47e89cbe9,2018-06-10 20:02:09,1,On Time,-14.0,Onetime,0.0,0.0,Potential Loyalists,Low Risk
3867198d50d68da57284e0cfec9d1902,2017-11-24 19:47:58,1,Has Delays,7.0,Onetime,68.98,0.009842904785321224,Need Attention,Medium Risk
387a2c73644bd2b3b3e919bc4b4baee4,2018-07-16 15:53:49,1,On Time,-2.0,Onetime,19.9,0.0028395738652927274,Potential Loyalists,Low Risk
3880e5d2f60f032c3cb60de95f5d952a,2018-06-12 13:30:00,1,On Time,-26.0,Onetime,89.9,0.012828024647729459,Potential Loyalists,Low Risk
3891570de9631660881e981ca3286252,2017-03-24 18:16:43,1,On Time,-20.0,Onetime,520.2,0.0742284585289084,Need Attention,Medium Risk
3894c7d8e29573e308ebc285ecd61d39,2017-04-18 23:33:17,1,On Time,-13.0,Onetime,219.8,0.03136373545685134,Need Attention,Medium Risk
38a8b05798967480ac1ca6ce6c5cbd6a,2017-10-26 18:29:04,1,On Time,-11.0,Onetime,59.9,0.008547260026685145,Need Attention,Medium Risk
38af56df02d66ad92f55b4430c2af9ca,2017-09-12 15:49:52,1,On Time,-3.0,Onetime,109.99,0.0156947100222888,Need Attention,Medium Risk
38bfe8e3b53678fc301fcb2282176ab1,2017-12-25 22:56:51,1,On Time,-3.0,Onetime,150.0,0.021403823105221566,Need Attention,Medium Risk
38c87e296e4df51efb00bbd07cd662a2,2017-12-15 22:24:06,1,On Time,-9.0,Onetime,0.0,0.0,Need Attention,Medium Risk
38cad70d154a4dcc42b598d5c01f7ef1,2017-12-15 00:06:10,1,On Time,-13.0,Onetime,369.0,0.05265340483884505,Need Attention,Medium Risk
38db00b16cca3306392a0651a9a6b21c,2018-05-03 11:57:49,1,On Time,-13.0,Onetime,99.49,0.01419644240492329,Potential Loyalists,Low Risk
38eb5d4dcd39b971746632c47a4eb123,2018-07-18 13:39:54,1,On Time,-4.0,Onetime,110.32,0.015741798433120287,Potential Loyalists,Low Risk
38fb5f8b5cffb733ba60c32cbb6e80f3,2018-01-17 09:57:13,1,On Time,-17.0,Onetime,109.9,0.01568186772842567,Need Attention,Medium Risk
3906f8113531d94413a0b6b7cbe11bef,2017-11-05 15:52:26,1,On Time,-5.0,Onetime,112.99,0.01612278648439323,Need Attention,Medium Risk
39104edef5e46d7b8c61848cc95e6d97,2017-10-01 10:11:40,1,On Time,-13.0,Onetime,0.0,0.0,Lost Customers,High Risk
391d6062da3dd65b4de4524f28c478de,2018-08-09 14:54:47,1,On Time,-13.0,Onetime,0.0,0.0,Potential Loyalists,Low Risk
39382392765b6dc74812866ee5ee92a7,2017-01-23 18:29:09,1,On Time,-32.0,Onetime,19.9,0.0028395738652927274,Lost Customers,High Risk
393c2ace23a135d0bcc7e70167448e16,2018-07-20 09:42:40,1,On Time,-18.0,Onetime,145.9,0.020818785273678843,Potential Loyalists,Low Risk
39406d5888ebe67839dc26b348c0d12f,2018-07-25 23:21:47,1,On Time,-11.0,Onetime,18.9,0.002696881711257917,Potential Loyalists,Low Risk
394126d51adc8f16458ead97ff594058,2017-10-16 12:04:59,1,On Time,-16.0,Onetime,789.0,0.11258410953346543,Need Attention,Medium Risk
39455b91bff049736190e059162ba61f,2017-12-11 11:27:52,1,On Time,-4.0,Onetime,12.9,0.0018407287870490546,Need Attention,Medium Risk
394b2ce444baae9ae609f5d32000de0f,2018-08-04 23:25:30,1,On Time,-31.0,Onetime,0.0,0.0,Potential Loyalists,Low Risk
3961601c287bdf0fe34304b40c5692d4,2017-12-03 16:06:11,1,Has Delays,2.0,Onetime,1058.0,0.15096829896882943,Need Attention,Medium Risk
39669467dedbe4a650046a0ec8859aae,2018-05-13 18:02:41,1,On Time,-9.0,Onetime,500.0,0.07134607701740522,Potential Loyalists,Low Risk
396e89f9a8b20de569b4f649539028db,2018-03-15 20:23:45,1,On Time,-8.0,Onetime,299.0,0.04266495405640832,Potential Loyalists,Low Risk
397567bb88c56e494c4b4173b676266e,2018-08-21 11:21:23,1,On Time,-9.0,Onetime,122.99,0.017549708024741335,Potential Loyalists,Low Risk
3984338a848b2858b7d4049a5d66f26c,2018-02-12 12:39:57,1,On Time,-8.0,Onetime,0.0,0.0,Need Attention,Medium Risk
398957fce766920db4c4b206d7c9aa85,2018-01-30 09:43:45,1,On Time,-14.0,Onetime,0.0,0.0,Need Attention,Medium Risk
3989cfd14391b8644422c0b34a5d3939,2018-05-20 16:01:20,1,On Time,-1.0,Onetime,289.0,0.041238032516060216,Potential Loyalists,Low Risk
3991c41c2de37fb418cbfd8938aead3d,2017-03-08 16:49:01,1,On Time,-10.0,Onetime,49.0,0.006991915547705711,Need Attention,Medium Risk
399a778f5be153d30884026d52e5313b,2017-05-29 12:35:44,1,On Time,-17.0,Onetime,159.99,0.022829317724029324,Need Attention,Medium Risk
39a4355f6aa228bdd1dfbc642952aec3,2018-03-21 12:26:15,1,On Time,-15.0,Onetime,125.0,0.017836519254351306,Potential Loyalists,Low Risk
39aa99192278d43812a46c69c1f2443e,2017-10-27 19:00:02,1,On Time,-8.0,Onetime,27.98,0.003992526469893996,Lost Customers,High Risk
39d130b9509b4e9f0f5740fdf1efd679,2018-07-13 15:32:27,1,On Time,-7.0,Onetime,0.0,0.0,Potential Loyalists,Low Risk
39d16bf578308ba63a7e52b4e3dccd24,2017-08-19 21:29:49,1,On Time,-15.0,Onetime,109.9,0.01568186772842567,Need Attention,Medium Risk
39d28c99c5382bfc238c047203595443,2017-10-17 19:31:12,1,On Time,-9.0,Onetime,12.9,0.0018407287870490546,Lost Customers,High Risk
39d6e50625a51a618c2cf02a026231c1,2017-08-10 07:06:33,1,On Time,-7.0,Onetime,0.0,0.0,Lost Customers,High Risk
39e16ad9a306c8729696f7732acde86f,2018-08-04 19:48:47,1,On Time,-12.0,Onetime,292.37,0.04171890507515753,Potential Loyalists,Low Risk
3a03c18e57b25beb04fab567f3a38153,2018-08-12 15:27:19,1,On Time,-19.0,Onetime,0.0,0.0,Potential Loyalists,Low Risk
3a1a5bba121ea1fc98060d58d3c812de,2018-06-29 15:09:58,1,On Time,-10.0,Onetime,14.9,0.0021261130951186757,Potential Loyalists,Low Risk
3a1cfe3d5de2dab1db203bb8efb9d553,2017-12-02 17:12:18,1,On Time,-6.0,Onetime,0.0,0.0,Need Attention,Medium Risk
3a39827c3cc7d748d1c32909273f7e7b,2017-12-02 00:25:01,1,On Time,-13.0,Onetime,299.0,0.04266495405640832,Need Attention,Medium Risk
3a3b40b98ddd1bdfda2e37add94ab5b5,2017-07-08 11:00:36,1,On Time,-8.0,Onetime,39.99,0.00570625923985207,Lost Customers,High Risk
3a3bf14f1678d2dbfb886a2dc94331d2,2017-07-26 20:10:09,1,On Time,-6.0,Onetime,129.49,0.018477207025967606,Need Attention,Medium Risk
3a3cb373edfed9973ae634f8ef6084ed,2018-03-16 11:13:44,1,On Time,-15.0,Onetime,279.0,0.03981111097571211,Potential Loyalists,Low Risk
3a43af6775cec872d9a3c80707eb3336,2018-02-01 22:12:14,1,On Time,-16.0,Onetime,0.0,0.0,Need Attention,Medium Risk
3a4b5e843a09cdf9127f43e157966016,2018-05-12 20:22:29,1,On Time,-2.0,Onetime,44.9,0.006406877716162988,Potential Loyalists,Low Risk
3a5043db9792c257505acee177400c5f,2018-02-16 15:19:06,1,On Time,-8.0,Onetime,93.98,0.013410208636191486,Need Attention,Medium Risk
3a5a79efb563dc2615fa9f92706c8133,2018-06-04 14:34:15,1,On Time,-22.0,Onetime,8.99,0.0012828024647729458,Potential Loyalists,Low Risk
3a5af37b62b6d963e8813dbac7763416,2017-11-30 10:14:09,1,On Time,-18.0,Onetime,55.9,0.007976491410545903,Need Attention,Medium Risk
3a653a41f6f9fc3d2a113cf8398680e8,2018-08-08 08:38:49,1,On Time,-18.0,Onetime,159.9,0.02281647543016619,Potential Loyalists,Low Risk
3a811ceb8ca7e789b007aa8177aacb3f,2017-11-24 09:25:39,1,Has Delays,14.0,Onetime,104.0,0.014839984019620285,Need Attention,Medium Risk
3aa71d539bb760f054b280604391602a,2017-12-02 08:50:34,1,Has Delays,13.0,Onetime,55.0,0.007848068471914575,Need Attention,Medium Risk
3ab2f8203c5f8d73a1260109eb82eb20,2018-08-12 15:54:57,1,Has Delays,2.0,Onetime,1240.0,0.17693827100316495,Potential Loyalists,Low Risk
3abdf4f27efce96f8573a88343a4084e,2017-02-20 21:31:59,1,Has Delays,4.0,Onetime,160.8,0.02294489836879752,Need Attention,Medium Risk
3abf2523709d41f3b0138931a1b7c0cc,2018-05-31 15:31:29,1,On Time,-13.0,Onetime,38.0,0.005422301853322796,Potential Loyalists,Low Risk
3ac7a309b670de83219c488edd4faa72,2018-05-17 14:08:35,1,On Time,-9.0,Onetime,71.0,0.01013114293647154,Potential Loyalists,Low Risk
3ac85ec3c4d4071a896eb175c9c2e495,2018-04-20 17:11:26,1,On Time,-11.0,Onetime,0.0,0.0,Potential Loyalists,Low Risk
3ac9e42b05329a4f0fc229648ca4bd86,2017-11-10 20:39:54,1,On Time,-13.0,Onetime,39.9,0.005693416945988936,Lost Customers,High Risk
3aca8565700b61f9bb335017f98aeb0f,2018-02-26 09:42:02,1,On Time,-13.0,Onetime,0.0,0.0,Need Attention,Medium Risk
3acf448d2e4314d2dc51be31606767d6,2018-07-18 09:45:43,1,On Time,-13.0,Onetime,254.0,0.03624380712484185,Potential Loyalists,Low Risk
3ae383d89ca3d362ef616a364c3e94fb,2018-04-22 14:36:43,1,On Time,-15.0,Onetime,195.0,0.027824970036788032,Potential Loyalists,Low Risk
3ae4609bbfef1141b4e343f263c4b793,2018-05-12 01:04:09,1,On Time,-14.0,Onetime,29.99,0.0042793376995039645,Potential Loyalists,Low Risk
3ae748b0c0cf7d473b7acac5e07a05ca,2017-11-03 12:56:49,1,On Time,-8.0,Onetime,283.02,0.04038473343493205,Need Attention,Medium Risk
3b0777b4115e9b40426db87ddf80903f,2018-05-15 22:11:51,1,On Time,-14.0,Onetime,77.99,0.011128561093174864,Potential Loyalists,Low Risk
3b1b3e09530fc5f1b3d99b638d9175a2,2017-07-15 06:41:01,1,On Time,-12.0,Onetime,0.0,0.0,Lost Customers,High Risk
3b1e4f4bcff27703174c882bd33a099a,2018-05-08 18:54:35,1,On Time,-10.0,Onetime,99.0,0.014126523249446233,Potential Loyalists,Low Risk
3b2ae38156cf022ebdaf8a4ead16d30a,2017-11-03 10:57:36,1,On Time,-8.0,Onetime,58.0,0.008276144934019005,Need Attention,Medium Risk
3b3839fba53bd347e707043fe02825e5,2017-06-27 10:36:44,1,On Time,-19.0,Onetime,82.9,0.011829179569485785,Need Attention,Medium Risk
3b572bb8915409b6023b2b72973d942d,2018-06-15 19:51:01,1,On Time,-8.0,Onetime,109.8,0.015667598513022185,Potential Loyalists,Low Risk
3b6a95ff6ae21a2d161f91f0339caacd,2018-02-14 21:52:16,1,On Time,-10.0,Onetime,0.0,0.0,Need Attention,Medium Risk
3b80d2592c113d689c05232eb90db0ff,2017-06-14 19:49:48,1,On Time,-14.0,Onetime,29.9,0.004266495405640831,Lost Customers,High Risk
3b81f91785d9ea36cf5177991962baba,2018-05-20 10:33:47,1,On Time,-11.0,Onetime,0.0,0.0,Potential Loyalists,Low Risk
3b8bd7043b1c683055e5f4ee7907c607,2018-04-01 14:44:33,1,On Time,-10.0,Onetime,0.0,0.0,Potential Loyalists,Low Risk
3b9de7fdd14fc3a254f14c1e28f236e4,2018-04-24 22:18:53,1,On Time,-11.0,Onetime,120.0,0.017123058484177254,Potential Loyalists,Low Risk
3b9e2937de55d40ff1f7539bee704b40,2017-02-23 08:03:00,1,On Time,-32.0,Onetime,65.69999999999999,0.009374874520087043,Need Attention,Medium Risk
3bbc2cf672d1657ccd9d89c10b5a9feb,2017-11-24 13:41:16,1,On Time,-8.0,Onetime,49.0,0.006991915547705711,Need Attention,Medium Risk
3bd08ce268152ada1de9eccd7d7e0911,2018-03-04 11:13:39,1,Has Delays,6.0,Onetime,89.9,0.012828024647729459,Potential Loyalists,Low Risk
3be6efa57f52f871582d516717da77d0,2018-06-18 18:46:35,1,On Time,-8.0,Onetime,47.33,0.006753619650467577,Potential Loyalists,Low Risk
3be6f224efc657da0b17bf5d287c20eb,2018-01-11 21:28:50,1,On Time,-14.0,Onetime,239.6,0.03418904010674058,Need Attention,Medium Risk
3beff2bbe2c00e9da692082224f0f770,2018-01-07 11:07:34,1,On Time,-16.0,Onetime,60.0,0.008561529242088627,Need Attention,Medium Risk
3bf5a7cbb004806cd6c8955f1b116703,2018-04-04 09:54:42,1,On Time,-7.0,Onetime,34.9,0.004979956175814883,Potential Loyalists,Low Risk
3bf80ff2a823018c425de5658057cc5d,2018-07-02 15:38:53,1,On Time,-19.0,Onetime,119.0,0.01698036633014244,Potential Loyalists,Low Risk
3bf9a44ef770ac450177ebc53c1445e0,2018-08-04 18:39:02,1,Has Delays,11.0,Onetime,59.99,0.008560102320548277,Potential Loyalists,Low Risk
3c0402bcc3ec3b33fc4430eb6c08720a,2018-07-15 08:33:19,1,On Time,-9.0,Onetime,0.0,0.0,Potential Loyalists,Low Risk
3c1cede1be4ddd48d683880f48cb8754,2017-05-22 15:12:29,1,On Time,-15.0,Onetime,129.9,0.018535710809121878,Need Attention,Medium Risk
3c5e1130694632f44051b23fd86ad9e2,2018-04-16 10:50:38,1,On Time,-14.0,Onetime,299.0,0.04266495405640832,Potential Loyalists,Low Risk
3c71562cddbc170e33af13e6ad51ff16,2017-11-24 13:25:13,1,On Time,-17.0,Onetime,19.9,0.0028395738652927274,Lost Customers,High Risk
3c935625a561031d835d79d8167cd2e3,2017-10-10 09:00:43,1,Has Delays,5.0,Onetime,24.9,0.00355303463546678,Lost Customers,High Risk
3ca06f660aba198ce035bbc3f525eeab,2018-05-18 12:11:33,1,On Time,-7.0,Onetime,0.0,0.0,Potential Loyalists,Low Risk
3ca6405c95cbb86f2d01dfa86d5ae5b9,2017-03-21 21:14:13,1,On Time,-11.0,Onetime,28.49,0.004065299468451748,Lost Customers,High Risk
3cba4ab951d8cbc4e3d814ac1d7d6402,2018-06-08 23:38:33,1,On Time,-25.0,Onetime,110.0,0.01569613694382915,Potential Loyalists,Low Risk
3cc6f2e1b9199837fabb35ff4bf24884,2018-01-22 12:02:21,1,On Time,-15.0,Onetime,139.99,0.019975474643333116,Need Attention,Medium Risk
3cc7b3b67ab1db1f14ff7eb7ad6f1ed1,2018-02-16 17:15:53,1,On Time,-14.0,Onetime,139.8,0.0199483631340665,Need Attention,Medium Risk
3cc9ea3ffe189981b9a8b2b92b99271b,2018-07-03 09:00:42,1,On Time,-12.0,Onetime,49.0,0.006991915547705711,Potential Loyalists,Low Risk
3cd8a4523dd9a286b3d3d6ab7d7f6f16,2018-05-07 21:34:52,1,On Time,-8.0,Onetime,104.9,0.014968406958251615,Potential Loyalists,Low Risk
3cdb33be843c8a89687a70a43deeb1a7,2018-04-03 17:24:44,1,On Time,-7.0,Onetime,54.4,0.007762453179493688,Potential Loyalists,Low Risk
3cdb97c7026f8956cc2211db2b19f270,2017-05-25 13:50:11,1,On Time,-9.0,Onetime,89.99,0.01284086694159259,Need Attention,Medium Risk
3cedce8d574ecec6c8043a8cf200d19d,2018-08-05 14:47:24,1,On Time,-13.0,Onetime,66.99,0.00955894739879195,Potential Loyalists,Low Risk
3cf14101fc0207e827130e8fdfc0da25,2018-05-02 22:17:41,1,On Time,-14.0,Onetime,72.0,0.010273835090506351,Potential Loyalists,Low Risk
3cf33b6177767b9488f1abc46baab374,2017-08-25 10:04:15,1,On Time,-19.0,Onetime,79.9,0.011401103107381355,Need Attention,Medium Risk
3d18156a1dff6d57e215431e45574371,2018-02-16 14:01:29,1,On Time,-14.0,Onetime,0.0,0.0,Need Attention,Medium Risk
3d1b3afea75cda0162624725b2f53148,2018-06-18 19:57:15,1,On Time,-14.0,Onetime,0.0,0.0,Potential Loyalists,Low Risk
3d304df5973262bf91bd0d197571e4b9,2018-06-29 09:59:10,1,On Time,-20.0,Onetime,101.4,0.01446898441912978,Potential Loyalists,Low Risk
3d3162c248f84fc1ef4636b83bf097fe,2017-09-13 18:28:59,1,On Time,-11.0,Onetime,254.9,0.036372230063473183,Need Attention,Medium Risk
3d364a7768fae99678635c4370295d20,2017-03-22 09:56:29,1,On Time,-45.0,Onetime,259.9,0.03708569083364723,Need Attention,Medium Risk
3d4ec1f3f781e8244b18998a4cc86212,2017-11-25 16:49:00,1,On Time,-14.0,Onetime,0.0,0.0,Lost Customers,High Risk
3d5af65316fc29ef1244b3e8fc395e0a,2018-06-12 12:51:41,1,On Time,-20.0,Onetime,0.0,0.0,Potential Loyalists,Low Risk
3d5e14abd47ad7ae589af619b8d2489e,2018-08-07 18:45:30,1,On Time,-7.0,Onetime,59.9,0.008547260026685145,Potential Loyalists,Low Risk
3d5fe73f9b69a86cd2a719a049e42da2,2018-05-16 13:40:17,1,On Time,-9.0,Onetime,750.0,0.10701911552610784,Potential Loyalists,Low Risk
3d6ccc45f51d061c0632fb284770be14,2017-11-25 13:31:25,1,On Time,-8.0,Onetime,49.0,0.006991915547705711,Need Attention,Medium Risk
3d71bc3ae0c9f857ffe17636e0d59aab,2017-05-25 01:04:34,2,On Time,-23.0,Repeated,16.99,0.002424339697051429,Lost Customers,High Risk
3d7b5cfc78529ca32eea645f2dee555a,2017-12-19 14:43:59,1,On Time,-18.0,Onetime,0.0,0.0,Need Attention,Medium Risk
3d83e5ef875fbe2b372eb472a6528146,2017-12-28 18:40:56,1,On Time,-15.0,Onetime,45.99,0.0065624121640609325,Need Attention,Medium Risk
3d850129935d047bc6fc1fed1022641a,2018-03-26 23:50:49,1,On Time,0.0,Onetime,61.99,0.0088454866286179,Potential Loyalists,Low Risk
3d8614b1f25530eca12661dc8b10a2fb,2017-09-27 12:07:22,1,On Time,-16.0,Onetime,19.9,0.0028395738652927274,Lost Customers,High Risk
3d8a51057b28b7b5172c8bc46cb6a7f5,2018-07-22 20:04:02,1,On Time,-12.0,Onetime,0.0,0.0,Potential Loyalists,Low Risk
3d9eefabcc18173795e8cdb0b5644386,2018-06-18 17:35:29,1,On Time,-25.0,Onetime,29.9,0.004266495405640831,Potential Loyalists,Low Risk
3d9f7bdb0b7ba4c2373ecd9a8bcf5574,2018-05-03 15:51:53,1,On Time,-10.0,Onetime,99.9,0.014254946188077563,Potential Loyalists,Low Risk
3da62858003c2363f45c8d14b3a33464,2017-10-20 13:15:37,1,On Time,-11.0,Onetime,23.99,0.003423184775295102,Lost Customers,High Risk
3db3c93c3b1b7e297d823753b18e1faa,2018-04-01 13:54:37,1,On Time,-11.0,Onetime,11.6,0.001655228986803801,Potential Loyalists,Low Risk
3dbeb69914c13ee89785281a876f5924,2017-12-08 00:54:23,1,On Time,-21.0,Onetime,70.0,0.009988450782436731,Need Attention,Medium Risk
3dc950be1edf22b0ad33af44837df4e7,2017-03-16 13:08:05,1,On Time,-15.0,Onetime,299.99,0.04280621928890278,Need Attention,Medium Risk
3dd0b7853e24d84f3f18f035c7d0ebb0,2017-07-14 22:46:48,1,On Time,-15.0,Onetime,69.9,0.00997418156703325,Need Attention,Medium Risk
3deefd795808c47f79519d9461a5cbe4,2018-07-26 20:37:12,1,On Time,-15.0,Onetime,139.8,0.0199483631340665,Potential Loyalists,Low Risk
3df4899f61ce017d60b180c1dedc278e,2018-05-21 13:31:41,1,On Time,-6.0,Onetime,34.99,0.0049927984696780175,Potential Loyalists,Low Risk
3e026dabdf68f6b9957ed741f364f1be,2018-07-07 08:46:56,1,On Time,-14.0,Onetime,119.8,0.01709452005337029,Potential Loyalists,Low Risk
3e0a8e2f767f96b047452d0eb7c7f76e,2017-12-14 17:38:47,1,On Time,-18.0,Onetime,209.9,0.029951083131906708,Need Attention,Medium Risk
3e2157f91502458bc58455fd798ed58a,2017-03-07 06:35:43,1,On Time,-18.0,Onetime,0.0,0.0,Lost Customers,High Risk
3e323b291cb138aafc038becb865d171,2017-11-29 16:14:04,1,On Time,-6.0,Onetime,190.9,0.027239932205245312,Need Attention,Medium Risk
3e34c4d5834e6206ef8e4a5d4343f7ee,2018-07-15 11:31:23,1,On Time,-10.0,Onetime,52.9,0.007548414948441471,Potential Loyalists,Low Risk
3e36d59a55c36aeb0c4c974c3c506246,2018-08-17 14:10:38,1,On Time,-1.0,Onetime,39.0,0.005564994007357607,Potential Loyalists,Low Risk
3e3a2579dd1f91141d907f3355ae466c,2017-12-27 16:02:37,1,On Time,-23.0,Onetime,30.0,0.0042807646210443135,Need Attention,Medium Risk
3e43e6105506432c953e165fb2acf44c,2017-12-01 22:37:42,1,On Time,-21.0,Onetime,336.9,0.048072986694327635,Need Attention,Medium Risk
3e45a109987cde39a119cd1a7eade7ea,2017-08-29 19:04:05,1,On Time,-25.0,Onetime,1200.0,0.17123058484177253,Need Attention,Medium Risk
3e45b1d69bfaf0b7963cbb9dd00196f7,2017-03-06 00:14:28,1,On Time,-22.0,Onetime,39.9,0.005693416945988936,Lost Customers,High Risk
3e4d0419daf434e0d8bcb9fcbc9b0f3d,2018-07-17 23:35:22,1,On Time,-10.0,Onetime,99.9,0.014254946188077563,Potential Loyalists,Low Risk
3e4ef963d1c04ababbd4cf03c4d034a6,2018-06-19 17:00:22,1,On Time,-22.0,Onetime,91.8,0.013099139740395596,Potential Loyalists,Low Risk
3e4f7d082101e1bb55fe8a7115049625,2018-05-02 13:54:46,1,On Time,-10.0,Onetime,105.25,0.015018349212163797,Potential Loyalists,Low Risk
3e4fd73f1e86b135b9b121d6abbe9597,2017-11-24 21:27:48,1,Has Delays,7.0,Onetime,339.0,0.04837264021780074,Need Attention,Medium Risk
3e50896cd4e9d3eaede04fd6af331632,2017-12-15 09:08:24,1,On Time,-26.0,Onetime,179.99,0.02568316080472553,Need Attention,Medium Risk
3e6af1676898a625a1b774da1532c4cc,2017-10-16 20:29:14,1,On Time,-17.0,Onetime,54.89,0.007832372334970744,Need Attention,Medium Risk
3e874b23b6b46a0a50dffce68e61a56b,2017-08-01 21:27:25,1,On Time,-7.0,Onetime,114.97,0.016405316949382156,Need Attention,Medium Risk
3e9694dfd41149b35e4a78f8a6cccb49,2018-01-04 19:22:12,1,On Time,-9.0,Onetime,129.99,0.018548553102985012,Need Attention,Medium Risk
3e9c6b78c5f04621fa3efb18433e0df3,2017-10-04 10:45:25,1,On Time,-17.0,Onetime,33.49,0.004778760238625801,Lost Customers,High Risk
3eaddcc07264924ce9663cbd01b0fcf3,2018-01-14 09:06:06,1,On Time,-26.0,Onetime,49.9,0.007120338486337041,Need Attention,Medium Risk
3eb3fa840d4e664cfb1aaed1112df226,2018-03-30 16:27:56,1,On Time,-12.0,Onetime,34.36,0.0049029024126360865,Potential Loyalists,Low Risk
3ed6263b3fdb5ddbb4bd8c42fd817a4d,2017-11-06 16:59:28,1,On Time,-15.0,Onetime,144.99,0.020688935413507168,Need Attention,Medium Risk
3ed766ba830792bcc9ad889d2607eab7,2018-03-07 23:00:33,1,On Time,-10.0,Onetime,59.9,0.008547260026685145,Potential Loyalists,Low Risk
3edb4054ab915a9e3ff74ec855f40c41,2018-01-21 08:10:23,1,On Time,-6.0,Onetime,49.9,0.007120338486337041,Need Attention,Medium Risk
3eddcc05abf2cf434aae2a9662597353,2017-06-27 23:44:39,1,On Time,-20.0,Onetime,99.0,0.014126523249446233,Need Attention,Medium Risk
3ee4fae0862a2163c65481a46fd3469a,2017-11-16 13:20:26,1,On Time,-15.0,Onetime,257.8,0.03678603731017413,Need Attention,Medium Risk
3eebbd3c1444c745692459cca841462b,2018-04-11 23:34:58,1,On Time,-5.0,Onetime,129.0,0.018407287870490546,Potential Loyalists,Low Risk
3eec5203b4af0fbcf6cac3498538cb86,2018-03-03 09:57:04,1,On Time,-16.0,Onetime,0.0,0.0,Need Attention,Medium Risk
3efe8677ea2d8eb0634c53ff5812f75a,2018-07-23 15:48:01,1,Has Delays,8.0,Onetime,0.0,0.0,Potential Loyalists,Low Risk
3eff47149425984172e11e18a974e80e,2018-03-28 12:37:51,1,On Time,-6.0,Onetime,19.99,0.0028524161591558603,Potential Loyalists,Low Risk
3f00548d480f59bdac5e1ad8a68dcfe1,2017-10-16 14:55:52,1,On Time,-9.0,Onetime,99.9,0.014254946188077563,Need Attention,Medium Risk
3f1ae9854823f7c0a8027bd994b2ce64,2018-04-03 17:00:04,1,On Time,-19.0,Onetime,139.8,0.0199483631340665,Potential Loyalists,Low Risk
3f29c19532c5b77b04513b4cb14e7364,2018-02-06 20:59:17,1,On Time,-19.0,Onetime,92.0,0.01312767817120256,Need Attention,Medium Risk
3f39d2ea588a0e5899aaa6b6418d3d05,2018-08-08 14:40:51,1,On Time,-7.0,Onetime,115.98,0.016549436024957315,Potential Loyalists,Low Risk
3f505a4179debd8a891c070933325247,2018-02-08 11:37:22,1,On Time,-18.0,Onetime,0.0,0.0,Need Attention,Medium Risk
3f51ff993f1cf25a9101463bf5ebe6b1,2018-03-04 20:20:27,1,On Time,-12.0,Onetime,200.99,0.02867969603945655,Potential Loyalists,Low Risk
3f59da3cb710cc2853609980e1b820d3,2018-07-27 15:22:53,1,On Time,-8.0,Onetime,114.9,0.01639532849859972,Potential Loyalists,Low Risk
3f6930582cac6bec9a9533a44e00b69b,2018-06-09 10:09:57,1,On Time,-7.0,Onetime,37.9,0.005408032637919316,Potential Loyalists,Low Risk
3f806ddc608d1246cd93c6a750884016,2018-02-19 16:04:42,1,On Time,-8.0,Onetime,149.9,0.021389553889818086,Need Attention,Medium Risk
3f8f42bd3277d3483aafe9b39cf930a1,2018-06-08 10:06:43,1,On Time,-22.0,Onetime,141.4,0.020176670580522197,Potential Loyalists,Low Risk
3f912e65396ae2aa2ea4fda9b6b4b4d1,2017-11-24 10:26:27,1,Has Delays,29.0,Onetime,0.0,0.0,Lost Customers,High Risk
3f96ad6e136439eaf4e575561067a196,2018-01-28 11:47:10,1,On Time,-16.0,Onetime,122.99,0.017549708024741335,Need Attention,Medium Risk
3f97fa38eb164cf852487312f1c72b26,2017-06-10 13:07:03,1,On Time,-8.0,Onetime,99.9,0.014254946188077563,Need Attention,Medium Risk
3fa626c46f413742865a2cbfa914bb80,2017-11-08 12:09:31,1,On Time,-14.0,Onetime,0.0,0.0,Lost Customers,High Risk
3fae5c023cb95af9fe32d14b52bc14a6,2017-10-01 14:47:56,1,On Time,-19.0,Onetime,25.0,0.003567303850870261,Lost Customers,High Risk
3fba55633dfddf07245c270abb82519f,2017-09-14 12:32:50,1,On Time,-7.0,Onetime,149.9,0.021389553889818086,Need Attention,Medium Risk
3fbdb765b8e1d5608f2621ef4b8ab863,2018-08-19 11:28:11,1,On Time,-1.0,Onetime,44.9,0.006406877716162988,Potential Loyalists,Low Risk
3fdf793a17d8931a76a0aab637ca318a,2018-02-27 07:37:02,1,On Time,-11.0,Onetime,274.0,0.039097650205538056,Need Attention,Medium Risk
400cf532ea26ce3c6c44ddea44202ab6,2017-08-27 13:14:04,1,On Time,-11.0,Onetime,0.0,0.0,Lost Customers,High Risk
401f0aa41e779f38bf9cf13356a6e631,2018-02-18 19:22:11,1,On Time,-10.0,Onetime,39.0,0.005564994007357607,Need Attention,Medium Risk
4026f7d0145275eb838ef552b889c0ec,2017-12-06 13:39:32,1,On Time,-20.0,Onetime,258.0,0.03681457574098109,Need Attention,Medium Risk
402a9b2b56cef00317f59368398222bc,2018-02-27 15:06:05,1,On Time,-7.0,Onetime,0.0,0.0,Need Attention,Medium Risk
4032ffc3b3b744f6c292d862cea3fca2,2017-07-11 16:48:05,1,On Time,-11.0,Onetime,0.0,0.0,Lost Customers,High Risk
4034aa08d48695a538b7030910aae5d5,2017-10-18 23:22:31,1,On Time,-17.0,Onetime,216.0,0.030821505271519053,Need Attention,Medium Risk
40386918bff25787189628d04176f7bb,2018-03-21 21:50:46,1,On Time,-13.0,Onetime,149.9,0.021389553889818086,Potential Loyalists,Low Risk
4049ac72de67031ce1c0c59e281ef897,2017-12-28 10:54:18,1,On Time,-19.0,Onetime,109.99,0.0156947100222888,Need Attention,Medium Risk
404cff864766c22ae5918af70c2d15e4,2018-08-04 17:01:32,1,On Time,-2.0,Onetime,98.99,0.014125096327905883,Potential Loyalists,Low Risk
404e415d2dc63f769916d23ba8040386,2018-03-03 20:15:00,1,On Time,-1.0,Onetime,85.9,0.012257256031590218,Potential Loyalists,Low Risk
40610ee696b6cef76765f5dba81cca16,2017-04-09 13:47:43,1,On Time,-15.0,Onetime,55.8,0.007962222195142421,Need Attention,Medium Risk
406369948f16d70aaebad59a87541dba,2017-11-25 21:45:35,1,On Time,-3.0,Onetime,189.9,0.0270972400512105,Need Attention,Medium Risk
406c403a3a24a8ab043b84bca52eb343,2018-03-10 11:24:11,1,Has Delays,6.0,Onetime,151.9,0.021674938197887707,Potential Loyalists,Low Risk
406f6e67573dcb7b81325409778a1116,2017-05-28 02:08:13,1,On Time,-15.0,Onetime,0.0,0.0,Lost Customers,High Risk
4077fcb87fb654d7fcb5c96b649415c4,2018-07-04 11:05:34,1,On Time,-15.0,Onetime,99.99,0.014267788481940694,Potential Loyalists,Low Risk
4084df7fe43c4c85d4ea20cc422eb630,2017-11-12 00:00:45,1,On Time,-5.0,Onetime,125.0,0.017836519254351306,Need Attention,Medium Risk
408aee96c75632a92e5079eee61da399,2017-01-31 14:38:27,1,On Time,-28.0,Onetime,349.99,0.049940826990643304,Need Attention,Medium Risk
40aa675201863fe2a78cc40c3ab74609,2017-08-17 14:09:53,1,On Time,-11.0,Onetime,23.99,0.003423184775295102,Lost Customers,High Risk
40b5e9eed4db7f956359145971056f5d,2018-08-11 22:06:23,1,On Time,0.0,Onetime,25.0,0.003567303850870261,Potential Loyalists,Low Risk
40bfd379bd349f89e737a4c5ef8ae52a,2018-08-03 15:34:58,1,Has Delays,1.0,Onetime,55.0,0.007848068471914575,Potential Loyalists,Low Risk
40c1a702053d8618481f681873de0f41,2017-12-03 11:51:41,1,On Time,-12.0,Onetime,47.9,0.006834954178267419,Need Attention,Medium Risk
40c225da749a4006dc53d3fd2eb5b2f9,2018-06-29 19:37:28,1,On Time,-6.0,Onetime,94.9,0.013541485417903511,Potential Loyalists,Low Risk
40d028e5e7fc571cabebc613e805ce8e,2018-03-27 17:14:24,1,On Time,-15.0,Onetime,0.0,0.0,Potential Loyalists,Low Risk
40d2c60699feb0f855b666366f8274ff,2018-04-04 10:40:21,1,On Time,-16.0,Onetime,150.0,0.021403823105221566,Potential Loyalists,Low Risk
40d306efe27702bd8ecabd6c35f32ddb,2018-07-03 19:34:23,1,On Time,-19.0,Onetime,124.17,0.017718084766502412,Potential Loyalists,Low Risk
40e110f621ab9641c7a7b7f9c39f44bf,2018-04-26 14:44:51,1,On Time,-16.0,Onetime,110.0,0.01569613694382915,Potential Loyalists,Low Risk
40e76904901b914e63faa41ba28e54c8,2018-03-14 20:31:40,1,Has Delays,4.0,Onetime,54.99,0.007846641550374225,Potential Loyalists,Low Risk
40f8c65b3ef65fefe1ab5ea61b6e0ab0,2018-03-31 06:19:08,1,Has Delays,14.0,Onetime,0.0,0.0,Potential Loyalists,Low Risk
41013aa51f66c28ff9d2c9d9d8340db5,2018-04-27 08:52:11,1,On Time,-19.0,Onetime,220.0,0.0313922738876583,Potential Loyalists,Low Risk
4104af1a51c2001eb1b444a8b55751e5,2017-12-18 12:55:41,1,On Time,-22.0,Onetime,99.9,0.014254946188077563,Need Attention,Medium Risk
41054d3e7201dd301c73f493decb6806,2018-05-13 11:48:19,1,On Time,-11.0,Onetime,27.9,0.0039811110975712105,Potential Loyalists,Low Risk
4105645a2e9d4e2452957b11df3a2a04,2017-06-17 08:57:25,1,On Time,-7.0,Onetime,59.99,0.008560102320548277,Need Attention,Medium Risk
410979f3cfd34e467d4fad78bd0f0219,2017-08-26 16:53:30,1,On Time,-13.0,Onetime,0.0,0.0,Lost Customers,High Risk
410e1f5d1ba42846c5be7a0c9789b65f,2018-06-02 00:36:12,1,On Time,-27.0,Onetime,349.97,0.04993797314756262,Potential Loyalists,Low Risk
41415f9d98446c12f76c9c4d5af62b03,2017-10-29 18:18:53,1,On Time,-13.0,Onetime,139.99,0.019975474643333116,Need Attention,Medium Risk
4147a5e98be4bff92386986284b08c87,2018-03-28 19:30:57,1,On Time,-18.0,Onetime,69.0,0.00984575862840192,Potential Loyalists,Low Risk
414c84ad495003b943019c464580f531,2017-11-26 12:15:07,1,On Time,-6.0,Onetime,355.79,0.050768441484045204,Need Attention,Medium Risk
415b15ac3d454f2f09088c34d5982469,2017-10-11 13:57:07,1,On Time,-20.0,Onetime,92.9,0.01325610110983389,Need Attention,Medium Risk
41678bd77f241a2270d0a5d905b22020,2018-07-04 20:50:40,1,On Time,-5.0,Onetime,899.9,0.1284086694159259,Potential Loyalists,Low Risk
4168fcd194ff2e9b969498157e49b24c,2018-02-13 19:16:22,1,On Time,-23.0,Onetime,345.0,0.0492287931420096,Need Attention,Medium Risk
416e6088ae45421d02c8ef8799e412fa,2018-03-16 09:13:59,1,Has Delays,5.0,Onetime,0.0,0.0,Potential Loyalists,Low Risk
417021b1b4553c55daa22f17dbf37cdc,2018-03-29 13:40:53,1,On Time,-24.0,Onetime,99.9,0.014254946188077563,Potential Loyalists,Low Risk
41736e3b886b3c89ea3c21f41c46bd1d,2017-07-20 13:35:29,1,Has Delays,7.0,Onetime,0.0,0.0,Lost Customers,High Risk
4173a58ff83790b84c371f56879b5227,2017-09-28 08:54:23,1,On Time,-9.0,Onetime,159.99,0.022829317724029324,Need Attention,Medium Risk
417b909c0962b2610f1cfeb1c1478986,2017-02-24 11:24:17,1,On Time,-11.0,Onetime,0.0,0.0,Lost Customers,High Risk
4182d20f129b3679e6808317f1e95567,2017-01-22 13:04:20,1,On Time,-43.0,Onetime,11.5,0.00164095977140032,Lost Customers,High Risk
4193eae4d05551143c0bf70f2eb1be77,2017-12-01 18:40:44,1,On Time,-13.0,Onetime,48.0,0.006849223393670901,Need Attention,Medium Risk
41a1e8124bbc0d73734103301fdd4115,2018-01-13 08:19:23,1,On Time,-23.0,Onetime,80.0,0.011415372322784835,Need Attention,Medium Risk
41a2e8b346e23a9fa13f49a651717c62,2017-08-30 15:29:05,1,On Time,-14.0,Onetime,100.0,0.014269215403481044,Need Attention,Medium Risk
41a77aa9a080384631eb2ab3f1ae24c6,2017-09-18 17:40:22,1,On Time,-10.0,Onetime,130.0,0.018549980024525358,Need Attention,Medium Risk
41ad638a2d5176da0eb0de9e177f880a,2018-01-08 19:30:02,1,On Time,-15.0,Onetime,0.0,0.0,Need Attention,Medium Risk
41ae3e6c714d29506b9b6c747b0c97ce,2018-04-30 20:42:07,1,On Time,-35.0,Onetime,419.98,0.059927850851539684,Potential Loyalists,Low Risk
41b75ed52acfa208903915c459a5e3fd,2018-04-21 15:10:45,1,On Time,-20.0,Onetime,0.0,0.0,Potential Loyalists,Low Risk
41bc11922a49c47bed46280d317c4cdf,2017-12-07 19:15:18,1,On Time,-15.0,Onetime,69.9,0.00997418156703325,Need Attention,Medium Risk
41c9b35f67c54295f3dc8f3932596421,2018-04-17 12:05:48,1,On Time,-8.0,Onetime,299.0,0.04266495405640832,Potential Loyalists,Low Risk
41cb33fa84fbf65c71995e5f6d9564ab,2018-01-30 21:28:31,1,On Time,-17.0,Onetime,16.9,0.002411497403188296,Need Attention,Medium Risk
41d425e9074bd07de94859fa74a2f0bf,2018-06-11 20:19:30,1,On Time,-16.0,Onetime,0.0,0.0,Potential Loyalists,Low Risk
41db2509d2fd3e2fe68e88deedaa0c1b,2017-08-31 20:47:58,1,Has Delays,5.0,Onetime,174.0,0.024828434802057014,Need Attention,Medium Risk
41e815eba2977f6db0bc60d0a9ea8adb,2018-06-16 11:46:49,1,On Time,-20.0,Onetime,18.9,0.002696881711257917,Potential Loyalists,Low Risk
41fc647b8c6bd979b1b6364b60471b50,2017-11-16 15:09:28,1,On Time,-13.0,Onetime,0.0,0.0,Lost Customers,High Risk
4211dcafb715e60bb929a44d3e4951a2,2018-04-26 23:10:33,1,On Time,-16.0,Onetime,148.0,0.021118438797151945,Potential Loyalists,Low Risk
42129a3aa44a6075ec29b758d483b8a0,2018-06-25 11:18:12,1,On Time,-13.0,Onetime,330.0,0.047088410831487446,Potential Loyalists,Low Risk
421fb8b8a68656b2eed1ef9389014a7c,2018-04-18 11:06:48,1,Has Delays,9.0,Onetime,25.0,0.003567303850870261,Potential Loyalists,Low Risk
422ca11325b9bce3304a87758c2a4bdf,2017-12-11 23:38:11,1,On Time,-10.0,Onetime,85.0,0.012128833092958887,Need Attention,Medium Risk
425697ce3d3fac914952c34f43c9dece,2018-05-20 14:26:45,1,On Time,-17.0,Onetime,113.89,0.016251209423024562,Potential Loyalists,Low Risk
425ae15f1593918f06d9a2ce9222e614,2017-06-02 16:17:33,1,On Time,-10.0,Onetime,802.14,0.11445908443748283,Need Attention,Medium Risk
4268ba27ab73c81466d3068e501223a3,2018-06-05 19:53:27,1,On Time,-12.0,Onetime,19.9,0.0028395738652927274,Potential Loyalists,Low Risk
426fe5ac8fe33148bc4fe8a9b96fd0c6,2018-05-14 11:56:00,1,On Time,-6.0,Onetime,19.9,0.0028395738652927274,Potential Loyalists,Low Risk
4279dc495a38ef8fb0ea0a9201c6ee30,2017-09-09 19:56:19,1,On Time,-10.0,Onetime,0.0,0.0,Lost Customers,High Risk
427c1afb29a173e377616eb612718d6d,2017-12-19 19:50:18,1,On Time,-17.0,Onetime,69.0,0.00984575862840192,Need Attention,Medium Risk
42ae5fc8e51ccabaa26d6d7392263020,2018-07-26 17:13:14,1,On Time,-8.0,Onetime,19.9,0.0028395738652927274,Potential Loyalists,Low Risk
42af2a3708bad9dd1125cbe504af770b,2017-07-12 19:58:21,1,On Time,-14.0,Onetime,16.9,0.002411497403188296,Lost Customers,High Risk
42bb902a6bb8846bd157d39bccc2fd68,2018-08-11 16:13:27,1,On Time,-30.0,Onetime,25.99,0.0037085690833647228,Potential Loyalists,Low Risk
42c16349869fd971353f0349209de869,2018-07-17 20:00:31,1,On Time,-10.0,Onetime,70.0,0.009988450782436731,Potential Loyalists,Low Risk
42e3510968b9442349d383ea0c98ccac,2018-04-04 21:40:03,1,On Time,-5.0,Onetime,0.0,0.0,Potential Loyalists,Low Risk
42f80af2e6c585667e4eb416859ae153,2018-01-22 19:22:22,1,On Time,-4.0,Onetime,89.18,0.012725286296824397,Need Attention,Medium Risk
430205ab3bd4700f1934a49b0f6c610e,2017-09-05 18:24:22,1,On Time,-8.0,Onetime,179.9,0.025670318510862395,Need Attention,Medium Risk
4306ae87bca0dc6f2fb4eaecdabdfc96,2018-05-29 16:12:48,1,On Time,-42.0,Onetime,29.9,0.004266495405640831,Potential Loyalists,Low Risk
43088e9ae1468ae7f8f6bd222b6a7329,2017-06-04 10:05:59,1,On Time,-14.0,Onetime,89.9,0.012828024647729459,Need Attention,Medium Risk
43103ed378c67d1df45d3028173f68f7,2017-12-10 16:46:22,1,On Time,-10.0,Onetime,0.0,0.0,Need Attention,Medium Risk
4313fa5484249473621c67c84fd0af94,2018-04-02 12:49:12,1,Has Delays,3.0,Onetime,0.0,0.0,Potential Loyalists,Low Risk
431af5c5638973ed6e431618f318a0a2,2018-01-23 13:57:55,1,On Time,-19.0,Onetime,637.9,0.09102332505880557,Need Attention,Medium Risk
43255e3df6cda368809baa2fc72872c8,2018-02-10 09:25:05,1,On Time,-13.0,Onetime,69.9,0.00997418156703325,Need Attention,Medium Risk
4329304379be864816803affb61e678b,2018-03-28 12:27:21,1,On Time,-8.0,Onetime,118.0,0.016837674176107632,Potential Loyalists,Low Risk
432c102302fd43b0b749e60c6ba520fd,2018-03-27 11:19:27,1,On Time,-6.0,Onetime,0.0,0.0,Potential Loyalists,Low Risk
432c8bda4f47f4131605f8edbaf3c6fb,2017-10-25 19:48:02,1,On Time,-8.0,Onetime,99.99,0.014267788481940694,Need Attention,Medium Risk
43332d1b15ebe1dc139153cb9ed113da,2017-08-23 17:20:02,1,On Time,-16.0,Onetime,130.0,0.018549980024525358,Need Attention,Medium Risk
4349311ed52d9cf8918d3ad57c7ad1b7,2017-02-06 14:56:42,1,On Time,-21.0,Onetime,0.0,0.0,Lost Customers,High Risk
43530b76a9af5622fdbfd36db13b3556,2017-03-10 09:52:21,1,On Time,-24.0,Onetime,14.9,0.0021261130951186757,Lost Customers,High Risk
435615550ef4aa0b8e484c055a42808b,2018-01-14 11:38:15,1,On Time,-13.0,Onetime,129.99,0.018548553102985012,Need Attention,Medium Risk
4363e6fae67bd586b97c117e50f953dc,2018-03-31 01:11:46,1,On Time,-9.0,Onetime,27.5,0.003924034235957287,Potential Loyalists,Low Risk
437377ad0f9e456982709a56a513640f,2018-02-20 14:06:04,1,On Time,-18.0,Onetime,118.0,0.016837674176107632,Need Attention,Medium Risk
437415d3e8456d9c62280fb2c0da0458,2018-06-17 21:03:46,1,On Time,-15.0,Onetime,0.0,0.0,Potential Loyalists,Low Risk
4377c22228de511d013c6a7560d58a2d,2017-11-14 16:57:27,1,On Time,-16.0,Onetime,105.0,0.014982676173655096,Need Attention,Medium Risk
4387c856607a91376446da32e4a2012d,2017-10-16 18:26:48,1,On Time,-14.0,Onetime,45.0,0.00642114693156647,Lost Customers,High Risk
43968dac726b3b0b8d896a758308d75a,2018-04-08 13:20:21,1,On Time,-20.0,Onetime,53.99,0.007703949396339416,Potential Loyalists,Low Risk
4399f1c9b351d4c09e167b8ce3d8da76,2018-07-22 20:33:06,1,On Time,-23.0,Onetime,0.0,0.0,Potential Loyalists,Low Risk
439c2008fd12459f1259b8d0d733e083,2018-06-18 14:42:50,1,On Time,-21.0,Onetime,169.0,0.024114974031882966,Potential Loyalists,Low Risk
439ced9aafa171a1ac88efa951c7db0a,2018-06-05 09:10:34,1,On Time,-35.0,Onetime,99.2,0.014155061680253196,Potential Loyalists,Low Risk
439f0525481a44b09ae940effded2fd7,2017-11-07 17:30:39,1,On Time,-7.0,Onetime,39.0,0.005564994007357607,Lost Customers,High Risk
43a549267000aab7a3773f5e6f97d1c6,2017-08-08 16:39:19,1,On Time,-16.0,Onetime,0.0,0.0,Lost Customers,High Risk
43ad764728d69e55df3d2c75ab2b33c7,2017-11-20 13:05:07,1,On Time,-12.0,Onetime,388.0,0.055364555765506446,Need Attention,Medium Risk
43b1465a233a9c1c822dbc043a864e2b,2017-01-23 18:34:12,1,On Time,-25.0,Onetime,129.99,0.018548553102985012,Need Attention,Medium Risk
43b1c17ee4ef2824f6f81af9bbb0a0ac,2017-10-28 08:28:41,1,On Time,-14.0,Onetime,133.4,0.01903513334824371,Need Attention,Medium Risk
43b74cf6f2f3c0de4af0bfce0e57a9eb,2017-05-21 09:02:27,1,On Time,-12.0,Onetime,0.0,0.0,Lost Customers,High Risk
43b843bd189abfd2fee8c8cdd796e798,2017-07-17 20:15:39,1,On Time,-16.0,Onetime,59.9,0.008547260026685145,Need Attention,Medium Risk
43d651349d2f0bc6a32e49de5c30c919,2017-08-04 12:44:35,1,On Time,-17.0,Onetime,52.9,0.007548414948441471,Need Attention,Medium Risk
43da534e5e6c052df9993df486f342b6,2018-05-13 22:50:32,1,On Time,-14.0,Onetime,79.82,0.011389687735058569,Potential Loyalists,Low Risk
43ecbcf019723aba3a855565a0f27cba,2018-07-04 17:15:18,1,On Time,-10.0,Onetime,49.9,0.007120338486337041,Potential Loyalists,Low Risk
43edb5e13058ed02b2828267451ae295,2018-07-19 08:45:23,1,On Time,-15.0,Onetime,48.99,0.006990488626165364,Potential Loyalists,Low Risk
43f0b8fa25a050c02dc18e166ed574ef,2017-07-25 20:20:26,1,On Time,-15.0,Onetime,130.0,0.018549980024525358,Need Attention,Medium Risk
43f17abb82aa3e528eb5fbacc9b92c77,2017-11-29 08:33:06,1,On Time,-13.0,Onetime,117.0,0.01669498202207282,Need Attention,Medium Risk
43f9d5ace80c6d3c5c09544bc2fa8484,2017-11-25 10:02:21,2,Has Delays,14.0,Repeated,59.0,0.008418837088053816,Need Attention,Medium Risk
43fb7cd074b0c8b373505d1e46b30a07,2017-09-14 10:29:33,1,Has Delays,5.0,Onetime,358.99,0.051225056376956596,Need Attention,Medium Risk
441e8f48725c241d92e07ef7d7cabe68,2017-12-03 20:22:53,1,On Time,-9.0,Onetime,0.0,0.0,Need Attention,Medium Risk
4435c4547dca4cc6909b5f9b513c7993,2018-02-21 13:48:55,1,On Time,-1.0,Onetime,380.0,0.05422301853322797,Need Attention,Medium Risk
443ab4f989f1ee12c26f675dea465bb4,2017-11-07 15:52:19,1,On Time,-16.0,Onetime,31.62,0.004511925910580706,Lost Customers,High Risk
4441264fd8b29e9fb8bc6cba8b5dea9f,2017-06-05 11:44:22,1,On Time,-12.0,Onetime,14.99,0.0021389553889818082,Lost Customers,High Risk
44434a963fa4b4012dfd754e817de54e,2018-05-05 20:55:21,1,On Time,-16.0,Onetime,219.0,0.031249581733623487,Potential Loyalists,Low Risk
445303938ffc592a9c9db7dacb942a25,2018-05-06 11:40:23,1,On Time,-7.0,Onetime,122.9,0.017536865730878204,Potential Loyalists,Low Risk
445419b1327cc8f5219514a87d043e8c,2018-03-07 22:03:04,1,On Time,-12.0,Onetime,0.0,0.0,Potential Loyalists,Low Risk
4455e8f6fe30a164efb0265370000dd3,2018-08-01 23:28:16,1,On Time,-12.0,Onetime,179.0,0.02554189557223107,Potential Loyalists,Low Risk
447d2dbb488202b49beb8d6473fcf17f,2017-06-02 11:59:53,1,On Time,-13.0,Onetime,27.9,0.0039811110975712105,Lost Customers,High Risk
449ba149df652b663c8a8605eacb146d,2018-07-20 12:25:03,1,On Time,-7.0,Onetime,219.0,0.031249581733623487,Potential Loyalists,Low Risk
449ba3232212cc2b6459e3fcef52dee6,2018-01-31 17:08:13,1,Has Delays,5.0,Onetime,29.99,0.0042793376995039645,Need Attention,Medium Risk
449cc26294cc2d6e2e88a82cea3e42c0,2018-06-25 11:57:12,1,On Time,-13.0,Onetime,184.0,0.02625535634240512,Potential Loyalists,Low Risk
44b931de0be80ba9ae9c61a3d4fe339e,2017-05-05 13:35:44,1,On Time,-8.0,Onetime,5.99,0.0008547260026685146,Lost Customers,High Risk
44d5ead0073d7c53c3f0503d9f847de0,2018-03-21 14:15:20,1,On Time,-7.0,Onetime,119.9,0.017108789268773773,Potential Loyalists,Low Risk
44d988342c9755f3e54fb3ae7fe6f0c9,2017-06-17 22:17:36,1,On Time,-18.0,Onetime,79.9,0.011401103107381355,Need Attention,Medium Risk
44df1ea61bcd2dc37c167d6be5b4ee11,2018-04-11 16:01:04,1,Has Delays,14.0,Onetime,69.9,0.00997418156703325,Potential Loyalists,Low Risk
44e64b7162915525578f601e73e72b16,2018-04-23 17:41:34,1,On Time,-19.0,Onetime,35.5,0.00506557146823577,Potential Loyalists,Low Risk
44f4b8254709fb130159912889ae1ba4,2018-01-21 11:13:57,1,On Time,-11.0,Onetime,139.9,0.01996263234946998,Need Attention,Medium Risk
4509c8f5e9f3c62a7fe74eca06996bad,2017-10-24 14:23:58,1,On Time,-13.0,Onetime,350.0,0.04994225391218365,Need Attention,Medium Risk
45167dabf29a055f7c1208a69dc95586,2017-11-12 11:43:17,1,Has Delays,3.0,Onetime,89.9,0.012828024647729459,Need Attention,Medium Risk
451c36d15ca9729da50f130f5c0f1c59,2016-10-05 12:44:09,1,On Time,-8.0,Onetime,169.9,0.024243396970514294,Need Attention,Medium Risk
451e48381edab7f1f6dbfa6d728616ff,2018-01-08 07:55:29,1,On Time,-26.0,Onetime,129.99,0.018548553102985012,Need Attention,Medium Risk
4521ca49d47fa50f2b98f0c71cbf5ae7,2017-05-15 16:29:03,1,On Time,-16.0,Onetime,119.0,0.01698036633014244,Need Attention,Medium Risk
4525508b1e5d83e659510e670d906aeb,2017-05-15 13:34:32,1,On Time,-18.0,Onetime,207.3,0.029580083531416206,Need Attention,Medium Risk
452fab1c62b178922fc011b0eb89c1b9,2018-01-11 16:47:03,1,On Time,-15.0,Onetime,253.98,0.036240953281761155,Need Attention,Medium Risk
454c6584341c73204ed4f795e2946f56,2017-12-09 06:52:09,1,On Time,-16.0,Onetime,0.0,0.0,Need Attention,Medium Risk
454db3b8ab5e556358e87fe7df1be2d6,2017-07-20 18:11:59,1,On Time,-18.0,Onetime,349.0,0.04979956175814884,Need Attention,Medium Risk
4557896ca8d8cb9fa93fe60ea0b37262,2018-03-01 20:39:11,1,On Time,-3.0,Onetime,350.0,0.04994225391218365,Need Attention,Medium Risk
4559f926bbedad3e79b1bce8ace698c7,2018-02-18 17:02:17,1,On Time,-7.0,Onetime,25.9,0.0036957267895015903,Need Attention,Medium Risk
4562ce3c359dc100034c8a493e2669a5,2017-09-03 08:38:24,1,On Time,-1.0,Onetime,143.35,0.020454920280890073,Need Attention,Medium Risk
4563fe24c126728dd232a6f0cba6445d,2018-04-15 17:15:57,1,Has Delays,21.0,Onetime,0.0,0.0,Potential Loyalists,Low Risk
45677f94e9a07652cc2eb351dd542476,2017-11-03 11:29:00,1,On Time,-8.0,Onetime,248.0,0.03538765420063299,Need Attention,Medium Risk
4577881f7a6c10d8eb6bd7f7a82ffa86,2018-07-19 17:22:40,1,On Time,-8.0,Onetime,692.0,0.09874297059208881,Potential Loyalists,Low Risk
4578c59d3730444c9221fb635f7af881,2018-04-05 11:39:33,1,On Time,-13.0,Onetime,99.0,0.014126523249446233,Potential Loyalists,Low Risk
457b1706d1ae54956aa3f8357ae96fe4,2018-05-19 16:18:48,1,On Time,-12.0,Onetime,39.97,0.005703405396771373,Potential Loyalists,Low Risk
457c16a2301237e613a1299777585d80,2018-04-21 01:04:55,1,On Time,-9.0,Onetime,39.99,0.00570625923985207,Potential Loyalists,Low Risk
4587ce0af6eee0e9b8d0d75fabd30c2a,2018-01-31 10:51:27,1,On Time,-18.0,Onetime,29.99,0.0042793376995039645,Need Attention,Medium Risk
458ab992ed2dd296f40f94838cf284cb,2018-04-03 15:16:00,1,On Time,-13.0,Onetime,47.0,0.0067065312396360904,Potential Loyalists,Low Risk
459750d77f1b60728d05658220c0fa04,2018-01-13 14:57:54,1,On Time,-7.0,Onetime,124.99,0.017835092332810956,Need Attention,Medium Risk
45b1948a7554a397cc42c2ea55c54ab6,2017-11-30 07:48:24,1,On Time,-13.0,Onetime,0.0,0.0,Lost Customers,High Risk
45ca2b8a047054e858fa92a2a09bdd59,2018-05-14 15:18:23,1,On Time,-20.0,Onetime,138.0,0.01969151725680384,Potential Loyalists,Low Risk
45f5c15d1dee0f06786c548f44268c95,2017-05-31 11:02:39,1,On Time,-8.0,Onetime,0.0,0.0,Lost Customers,High Risk
4604bef2f7091a97d534af2a62c65952,2018-07-31 14:31:45,1,On Time,0.0,Onetime,20.9,0.002982266019327538,Potential Loyalists,Low Risk
4608a4839f4a4999c7a4fe2b498d6573,2018-05-04 22:48:55,1,On Time,-7.0,Onetime,0.0,0.0,Potential Loyalists,Low Risk
4626807d07906818ef7f102b1b250691,2017-02-04 20:09:10,1,On Time,-29.0,Onetime,163.9,0.02338724404630543,Need Attention,Medium Risk
46276637ad6a208abe2d21eac707c73a,2017-09-17 11:53:52,1,On Time,-15.0,Onetime,199.9,0.028524161591558603,Need Attention,Medium Risk
4637341cc744f926465ae19c6a45b05a,2018-03-12 10:59:12,1,On Time,-13.0,Onetime,97.9,0.013969561880007942,Potential Loyalists,Low Risk
463bea4a9035546dc7f2c4c1ab82b5a7,2018-05-01 13:44:06,1,On Time,-14.0,Onetime,119.69999999999999,0.017080250837966805,Potential Loyalists,Low Risk
463d8425827e81d905edf86f9c231eef,2018-06-06 13:48:42,1,On Time,-31.0,Onetime,149.65,0.021353880851309383,Potential Loyalists,Low Risk
46450c74a0d8c5ca9395da1daac6c120,2018-08-07 16:33:59,1,On Time,-13.0,Onetime,0.0,0.0,Potential Loyalists,Low Risk
465213418e5f34776c10da6c25583be5,2017-12-18 21:38:35,1,On Time,-9.0,Onetime,49.9,0.007120338486337041,Need Attention,Medium Risk
46587168f28103639ae8249f19b53043,2017-05-21 16:31:12,1,On Time,-5.0,Onetime,124.99,0.017835092332810956,Need Attention,Medium Risk
4658b26bcea972ed0b86a5f8c61718be,2017-02-06 14:02:03,1,On Time,0.0,Onetime,299.99,0.04280621928890278,Need Attention,Medium Risk
4669d94e1e35f2493af76862ff85beba,2018-06-24 18:02:34,1,On Time,-17.0,Onetime,137.99,0.01969009033526349,Potential Loyalists,Low Risk
467975aa01ded053ddd770ac6d11abf8,2017-09-15 21:27:45,1,On Time,-10.0,Onetime,189.98,0.027108655423533284,Need Attention,Medium Risk
46799d0831910f2c477c49a994961510,2018-05-05 16:36:29,1,On Time,-9.0,Onetime,130.0,0.018549980024525358,Potential Loyalists,Low Risk
467f2ac77aed108600b9ed0be16c990e,2018-08-03 17:40:27,1,On Time,-26.0,Onetime,13.47,0.0019220633148488966,Potential Loyalists,Low Risk
469356420bccdecae3c5a3f9d8089ddd,2018-02-12 20:06:39,1,On Time,-10.0,Onetime,59.99,0.008560102320548277,Need Attention,Medium Risk
46958f708ade6b6a88b2e5aca1e66de5,2017-08-30 06:22:58,1,On Time,-20.0,Onetime,35.9,0.005122648329849695,Lost Customers,High Risk
4696c723485c37a1f5fb926165372f76,2017-09-19 23:40:58,1,On Time,-12.0,Onetime,0.0,0.0,Lost Customers,High Risk
46a3729194f6f9d113c57f7f87bb89d9,2018-03-23 08:49:19,1,On Time,-14.0,Onetime,255.0,0.03638649927887666,Potential Loyalists,Low Risk
46a5335f5fe2f04744ec3535fc6e36f7,2018-03-23 11:43:13,1,On Time,-2.0,Onetime,243.37,0.03472698952745182,Potential Loyalists,Low Risk
46ab1191da6a216e86ad5a3c0a5d770e,2017-12-06 22:54:33,1,On Time,-3.0,Onetime,56.99,0.008132025858443848,Need Attention,Medium Risk
46baaa8dc89052125448d2e07445809e,2017-07-18 10:12:26,1,On Time,-7.0,Onetime,0.0,0.0,Lost Customers,High Risk
46bb23c415d5b0b35c04df0fe2e4dbaf,2018-01-08 16:58:35,1,On Time,-17.0,Onetime,38.9,0.0055507247919541255,Need Attention,Medium Risk
46c21d0f3e1d250a9f04e3fa064e8fef,2017-06-12 10:26:36,1,On Time,-13.0,Onetime,99.99,0.014267788481940694,Need Attention,Medium Risk
46c59f112858ee897d46f8e43af4a336,2017-06-06 13:17:50,1,On Time,-8.0,Onetime,89.5,0.012770947786115535,Need Attention,Medium Risk
46dd28b3f7e33b789acf42d3093b7773,2017-01-21 18:37:21,1,On Time,-43.0,Onetime,59.9,0.008547260026685145,Need Attention,Medium Risk
46e277a4bd2d4bf3e0e8cfaf4ea3c41b,2017-07-31 18:47:11,1,On Time,-20.0,Onetime,0.0,0.0,Lost Customers,High Risk
46e3f78405802e5bc311e5b31588d8ed,2017-02-07 21:24:48,1,On Time,-20.0,Onetime,99.9,0.014254946188077563,Need Attention,Medium Risk
47241156f53adb201a393df4569ed484,2018-07-25 17:11:06,1,On Time,-18.0,Onetime,0.0,0.0,Potential Loyalists,Low Risk
4725b6ad059bb1a8bffc3de7dba595eb,2017-04-07 20:27:57,1,On Time,-6.0,Onetime,0.0,0.0,Lost Customers,High Risk
472a149da00ab76966375b76601af3e3,2017-08-09 21:49:32,1,On Time,-8.0,Onetime,0.0,0.0,Lost Customers,High Risk
472eae247a25ee1529d03002eb740637,2018-01-13 12:41:19,1,On Time,-14.0,Onetime,32.2,0.004594687359920897,Need Attention,Medium Risk
473089b23876b579b3ca154c3d4a0309,2018-02-01 19:55:53,1,On Time,-9.0,Onetime,43.8,0.006249916346724697,Need Attention,Medium Risk
474a9bd593c96f177e663536da52feec,2017-12-16 20:06:22,1,On Time,-17.0,Onetime,118.0,0.016837674176107632,Need Attention,Medium Risk
4754e3b66497719a91b36268ed9c5718,2017-12-08 09:42:43,1,On Time,-15.0,Onetime,544.0,0.07762453179493688,Need Attention,Medium Risk
4757513bdcbe18dc733da74607fd85a7,2018-06-13 20:20:59,1,On Time,-25.0,Onetime,29.99,0.0042793376995039645,Potential Loyalists,Low Risk
4766fb51c287a3a3a67eae04ed0e75a4,2016-10-08 08:25:32,1,On Time,-35.0,Onetime,54.99,0.007846641550374225,Need Attention,Medium Risk
476d2a8557b63e068870877925589f40,2018-07-30 13:47:40,1,On Time,-6.0,Onetime,0.0,0.0,Potential Loyalists,Low Risk
47702cb199856e6509979e5623160f04,2018-04-06 09:04:13,1,On Time,-14.0,Onetime,39.99,0.00570625923985207,Potential Loyalists,Low Risk
47778d96d007a0dc79616bbf9c719166,2018-05-02 09:02:58,1,On Time,-13.0,Onetime,110.0,0.01569613694382915,Potential Loyalists,Low Risk
47799677c386885704b9844bc4c840e6,2018-05-07 14:33:53,1,On Time,-11.0,Onetime,124.0,0.017693827100316493,Potential Loyalists,Low Risk
477f817873a453385bde447535ceeb3d,2018-04-22 20:13:58,1,On Time,-7.0,Onetime,0.0,0.0,Potential Loyalists,Low Risk
4786095d5d01fa91f67a87184280f6ff,2017-03-05 16:46:02,1,On Time,-14.0,Onetime,29.99,0.0042793376995039645,Lost Customers,High Risk
478a0a8d25ca79847ce2ff79ac2433b5,2018-07-30 10:00:40,1,On Time,-3.0,Onetime,22.44,0.0032020119365411466,Potential Loyalists,Low Risk
479cc370a1fdb7d10dfe46016182a1c5,2018-02-05 08:33:27,1,On Time,-19.0,Onetime,0.0,0.0,Need Attention,Medium Risk
479d6a0c8b13debeddbe4129756c6c68,2018-05-04 00:12:31,1,On Time,-27.0,Onetime,199.9,0.028524161591558603,Potential Loyalists,Low Risk
47b22f6eef47620586ac43f2660bcc82,2018-02-09 13:46:13,1,On Time,-1.0,Onetime,49.9,0.007120338486337041,Need Attention,Medium Risk
47c46a8bf15ec7bd0d166ada892bb358,2017-04-25 15:33:12,1,On Time,-3.0,Onetime,13.98,0.00199483631340665,Lost Customers,High Risk
47c89a36acb8a73127ec91d0542289b5,2017-10-25 13:39:20,2,On Time,-8.0,Repeated,124.8,0.01780798082354434,Champions,Low Risk
47cff09989eac12c2878e964ae59d34e,2017-11-15 13:43:11,1,On Time,-7.0,Onetime,49.99,0.007133180780200174,Need Attention,Medium Risk
47d54ad7f6c7400ebf1649d056830c27,2017-07-30 22:57:22,1,On Time,-7.0,Onetime,219.99,0.03139084696611795,Need Attention,Medium Risk
47d794d3b9191cca973e14771f951dc4,2017-05-07 10:19:33,1,On Time,-20.0,Onetime,17.99,0.0025670318510862397,Lost Customers,High Risk
47e8ef9d4dbc59ab98422f3a07f6865a,2018-08-03 11:46:40,1,On Time,-23.0,Onetime,129.49,0.018477207025967606,Potential Loyalists,Low Risk
47f0359649e2dc0ea37c1c5c277b8ca8,2018-03-23 09:52:45,1,On Time,-8.0,Onetime,86.99,0.01241279047948816,Potential Loyalists,Low Risk
47fff67d165b79e36024db4b82d041c6,2017-08-08 17:45:00,1,On Time,-14.0,Onetime,129.99,0.018548553102985012,Need Attention,Medium Risk
4805c944b7235f559e0056dab6bc43f4,2018-04-20 14:47:55,1,On Time,-13.0,Onetime,59.98,0.008558675399007929,Potential Loyalists,Low Risk
48109d2c6b2edba91c3146a83ba631ac,2017-11-01 14:08:32,1,On Time,-14.0,Onetime,38.99,0.00556356708581726,Lost Customers,High Risk
4813f603025d7a3956daf0846add6330,2018-03-07 22:17:27,1,On Time,-10.0,Onetime,0.0,0.0,Potential Loyalists,Low Risk
4820478e8cb6198530212821746419e9,2018-02-01 16:22:58,1,On Time,-6.0,Onetime,139.9,0.01996263234946998,Need Attention,Medium Risk
482749eee2cc3b294f4000e3e839c247,2018-02-16 09:17:44,1,On Time,-16.0,Onetime,79.9,0.011401103107381355,Need Attention,Medium Risk
4829d76fd44a6f080411fdd7d81df23e,2017-11-24 22:09:42,1,On Time,-9.0,Onetime,69.9,0.00997418156703325,Need Attention,Medium Risk
483bc92f963bbc90c3006e11f9ac552a,2017-11-24 00:31:33,1,On Time,-10.0,Onetime,49.0,0.006991915547705711,Need Attention,Medium Risk
483ccebb9c42ae89d35740fadc153835,2017-08-19 21:22:17,1,On Time,-10.0,Onetime,182.0,0.0259699720343355,Need Attention,Medium Risk
484b801bef4112442e63b89d8c3b32af,2017-10-01 19:01:48,1,On Time,-14.0,Onetime,0.0,0.0,Lost Customers,High Risk
4852ba4cb09d03a665c840db8e61a749,2017-10-07 10:55:54,1,On Time,-12.0,Onetime,897.0,0.12799486216922498,Need Attention,Medium Risk
4854e9b3feff728c13ee5fc7d1547e92,2016-09-05 00:15:34,1,On Time,-13.0,Onetime,0.0,0.0,Lost Customers,High Risk
4859987c60ae8e304bb98146180152ae,2018-07-20 16:35:57,1,On Time,-18.0,Onetime,69.9,0.00997418156703325,Potential Loyalists,Low Risk
48625b68a29dcfc3aba4b5147e0625aa,2018-02-05 17:27:54,1,On Time,-16.0,Onetime,120.0,0.017123058484177254,Need Attention,Medium Risk
48770182fa1f6631dc831cb4a99ca859,2017-02-10 21:12:19,1,On Time,-23.0,Onetime,64.99,0.00927356309072233,Need Attention,Medium Risk
48a91a904cbb4f4f4de08f6c74f39407,2018-03-16 18:06:44,1,On Time,-19.0,Onetime,170.3,0.02430047383212822,Potential Loyalists,Low Risk
48adfec5c9744635baaf82b0da1d5185,2018-07-04 17:03:12,1,On Time,-13.0,Onetime,189.0,0.026968817112579174,Potential Loyalists,Low Risk
48bbd473ddd17309b40a941962591360,2018-03-18 16:30:18,1,On Time,-8.0,Onetime,17.99,0.0025670318510862397,Potential Loyalists,Low Risk
48bfb0e7bc39f3d4dbd5b242179be1e3,2018-08-22 10:59:51,1,On Time,-11.0,Onetime,117.9,0.01682340496070415,Potential Loyalists,Low Risk
48d1dced151a0925eadb3614f732f220,2017-01-26 20:44:49,1,On Time,-27.0,Onetime,379.9,0.054208749317824476,Need Attention,Medium Risk
48d4bf53229ec530405b4e461ae6adb0,2017-10-19 15:08:48,1,On Time,-7.0,Onetime,78.98,0.011269826325669328,Need Attention,Medium Risk
48d6dca7397a3995908aabf1eea373e5,2018-05-10 13:49:40,1,On Time,-5.0,Onetime,114.99,0.016408170792462852,Potential Loyalists,Low Risk
48e14578ccade39106a4c595eabc0e7a,2017-09-01 00:18:40,1,On Time,-8.0,Onetime,84.9,0.012114563877555407,Need Attention,Medium Risk
48e4b7f31748195c4df64113e2fa7330,2018-06-24 14:58:03,1,On Time,-14.0,Onetime,35.0,0.004994225391218366,Potential Loyalists,Low Risk
48e765b31aa7359bdc26fb32b1b6825f,2017-03-02 11:20:23,1,Has Delays,17.0,Onetime,326.66,0.04661181903701118,Need Attention,Medium Risk
48e8d93c6ed6a8df94e24f4cd188d154,2018-05-15 12:48:11,1,On Time,-11.0,Onetime,90.0,0.01284229386313294,Potential Loyalists,Low Risk
48f8c279f6e0dd1931c8cb6d572cc99b,2017-11-08 16:46:11,1,On Time,-8.0,Onetime,599.0,0.08547260026685145,Need Attention,Medium Risk
490365d9f683dc347884bd697db83052,2017-05-17 23:58:42,1,On Time,-13.0,Onetime,135.9,0.01939186373333074,Need Attention,Medium Risk
490aaedd703d157551ba484dbf0ec17c,2018-06-16 19:05:54,1,On Time,-16.0,Onetime,383.5,0.054722441072349796,Potential Loyalists,Low Risk
490affd54728ccc9f08528e60f7f5ffe,2017-12-11 17:06:43,1,On Time,-14.0,Onetime,51.8,0.0073914535790031806,Need Attention,Medium Risk
4918ead333ab6c7c2c341eac81c13120,2017-10-06 13:11:31,1,On Time,-18.0,Onetime,0.0,0.0,Lost Customers,High Risk
4919652599408c4cdb93218f74137435,2018-04-04 00:33:47,1,On Time,-13.0,Onetime,0.0,0.0,Potential Loyalists,Low Risk
4924386ba057ca5bb978f15e72bdead6,2018-02-07 09:27:34,1,On Time,-18.0,Onetime,129.9,0.018535710809121878,Need Attention,Medium Risk
49257d143ec6384f53a6648062252966,2018-03-18 14:49:40,1,On Time,-8.0,Onetime,110.0,0.01569613694382915,Potential Loyalists,Low Risk
49342c395ab145b1716b1dc861c090f2,2018-06-09 16:27:22,1,On Time,-21.0,Onetime,230.0,0.032819195428006404,Potential Loyalists,Low Risk
4947413e68f4df49eb40aa65881befa1,2017-08-21 19:10:44,1,On Time,-9.0,Onetime,86.8,0.012385678970221544,Need Attention,Medium Risk
494a52654366a12455cd9a81c6fdf542,2018-01-16 18:19:20,1,On Time,-8.0,Onetime,39.9,0.005693416945988936,Need Attention,Medium Risk
496b46fb2c8d864ed645954dc6a57945,2017-12-06 08:29:35,1,On Time,-28.0,Onetime,189.0,0.026968817112579174,Need Attention,Medium Risk
498011a635721ea1682b150ec0d1494e,2018-03-15 09:38:31,1,Has Delays,1.0,Onetime,149.9,0.021389553889818086,Potential Loyalists,Low Risk
4985c56eccae71866a8582e6d624c8f8,2017-07-23 21:24:59,1,On Time,-6.0,Onetime,79.9,0.011401103107381355,Need Attention,Medium Risk
4985c6f86aaf1460d9b6fdc74465a5a5,2018-08-02 12:06:56,1,Has Delays,4.0,Onetime,0.0,0.0,Potential Loyalists,Low Risk
49a99633e0192d5ed775b6084c49771e,2017-11-20 19:38:16,1,On Time,-13.0,Onetime,0.0,0.0,Lost Customers,High Risk
49b87b6248b8e97cf8e0be1d073e6ea1,2017-04-15 17:06:36,1,On Time,-25.0,Onetime,134.9,0.01924917157929593,Need Attention,Medium Risk
49c530e0eda65a04bc0b39dce0b305f3,2018-04-11 23:03:54,1,On Time,-12.0,Onetime,0.0,0.0,Potential Loyalists,Low Risk
49e30036e0a9b1d35c61e3095d05e263,2018-08-12 19:28:01,1,On Time,-6.0,Onetime,1045.0,0.1491133009663769,Potential Loyalists,Low Risk
49eb55b407f86a1e87d7898594e65c90,2017-05-20 02:48:00,1,Has Delays,7.0,Onetime,135.0,0.01926344079469941,Need Attention,Medium Risk
49ec3b730bc59d1053305e7d20c5828e,2017-01-31 17:14:07,1,On Time,-21.0,Onetime,59.9,0.008547260026685145,Need Attention,Medium Risk
4a0609545eef5585a0abbd61a9262afa,2017-07-12 15:11:49,1,On Time,-16.0,Onetime,0.0,0.0,Lost Customers,High Risk
4a0eed40063695c28f67f468dd5776f8,2018-05-11 13:30:58,1,On Time,-20.0,Onetime,79.9,0.011401103107381355,Potential Loyalists,Low Risk
4a1545a7ca1e830eae5ea745b5338eb5,2018-02-22 13:38:10,1,On Time,-11.0,Onetime,29.99,0.0042793376995039645,Need Attention,Medium Risk
4a17a49c025e9cfe067bca2ca537387c,2018-06-20 09:45:24,1,On Time,-24.0,Onetime,158.0,0.02254536033750005,Potential Loyalists,Low Risk
4a1857ed6d79eb215ed4805b853e1356,2018-03-11 14:24:19,1,On Time,-14.0,Onetime,44.9,0.006406877716162988,Potential Loyalists,Low Risk
4a1d554430a67cc48fc8f2d4d3173867,2017-06-01 10:52:29,1,On Time,-13.0,Onetime,102.9,0.014683022650181994,Need Attention,Medium Risk
4a3b6233269f211111508c801117a357,2018-03-23 14:03:30,1,On Time,-8.0,Onetime,0.0,0.0,Potential Loyalists,Low Risk
4a3d9f978c0f7d1c8cd6461d1f8f291b,2017-07-02 13:17:23,1,On Time,-13.0,Onetime,0.0,0.0,Lost Customers,High Risk
4a523acb002d650ef0738916f939df50,2018-03-26 14:48:56,1,On Time,-12.0,Onetime,144.99,0.020688935413507168,Potential Loyalists,Low Risk
4a56c5864ec9c27869d80d07115ff36c,2018-06-20 22:36:01,1,On Time,-11.0,Onetime,159.49,0.022757971647011918,Potential Loyalists,Low Risk
4a6fff622461f273bb0403682367d059,2017-12-15 13:05:55,1,On Time,-12.0,Onetime,24.5,0.0034959577738528556,Need Attention,Medium Risk
4a81df1304069878473990ba8bc10d1e,2018-06-12 00:41:26,1,On Time,-23.0,Onetime,49.9,0.007120338486337041,Potential Loyalists,Low Risk
4a85d946b1fa8dda8a8f0b0651b6c912,2017-04-20 21:17:02,1,On Time,-14.0,Onetime,134.9,0.01924917157929593,Need Attention,Medium Risk
4a875173bfb6a79bc80ade998b70132e,2017-11-13 21:29:03,1,On Time,-4.0,Onetime,58.9,0.008404567872650334,Need Attention,Medium Risk
4a87e667294a7e8c18a5656a3813e24a,2017-12-22 09:36:53,1,On Time,-12.0,Onetime,41.3,0.005893185961637671,Need Attention,Medium Risk
4a8c8f751984985cd49f74249da95aae,2018-04-22 23:23:18,1,On Time,-7.0,Onetime,0.0,0.0,Potential Loyalists,Low Risk
4aa1f32110cbeb6c40b0c0f368557803,2018-08-16 00:40:20,1,On Time,-7.0,Onetime,89.99,0.01284086694159259,Potential Loyalists,Low Risk
4aa3bb0f92691d2cc5fc6cec735c0c01,2017-12-03 14:18:57,1,On Time,-19.0,Onetime,64.9,0.009260720796859197,Need Attention,Medium Risk
4aa7f7811fa2ee7f7966c87232e073b3,2018-02-11 13:34:44,1,On Time,-28.0,Onetime,99.99,0.014267788481940694,Need Attention,Medium Risk
4aa8a66122568f63b9873e610b4d1d1d,2018-03-17 15:49:23,1,On Time,-16.0,Onetime,88.89,0.0126839055721543,Potential Loyalists,Low Risk
4aab13ab7f6f9109fa6a996ff4b2cf4e,2018-04-02 20:34:22,1,On Time,-10.0,Onetime,0.0,0.0,Potential Loyalists,Low Risk
4ab50a59734294a04f717d8ce2122c34,2017-07-10 21:36:55,1,On Time,-9.0,Onetime,69.99,0.009987023860896383,Need Attention,Medium Risk
4abe169ffe947fd9a577e51e6c19e7b6,2017-07-22 17:43:05,1,On Time,-21.0,Onetime,151.8,0.021660668982484227,Need Attention,Medium Risk
4ac6ef708fd5507a56c7f24f21a8c6cc,2017-08-09 17:08:30,1,On Time,-11.0,Onetime,0.0,0.0,Lost Customers,High Risk
4ac899cf4188a7f69cde48d82e0309c3,2017-10-29 23:11:52,1,On Time,-14.0,Onetime,146.99,0.020974319721576786,Need Attention,Medium Risk
4acce2834231e13b1514915adda5ec2b,2017-05-18 13:55:47,1,On Time,-11.0,Onetime,139.0,0.01983420941083865,Need Attention,Medium Risk
4aceb8c7e323505487fb7ad6775f177b,2017-11-05 22:06:17,1,On Time,-6.0,Onetime,599.9,0.08560102320548278,Need Attention,Medium Risk
4ad24023bdc79038ec5799f650ecc0bc,2018-08-16 14:46:01,1,On Time,-7.0,Onetime,39.9,0.005693416945988936,Potential Loyalists,Low Risk
4aedd3b77829688ccf04a794212d375c,2018-06-22 16:07:51,1,On Time,-20.0,Onetime,97.9,0.013969561880007942,Potential Loyalists,Low Risk
4af8183e991931155d9315609e41e2ab,2018-02-06 01:03:08,1,On Time,-21.0,Onetime,165.0,0.023544205415743723,Need Attention,Medium Risk
4af923ab1facb0d2b0511746cffa138d,2017-02-21 10:53:34,1,On Time,-14.0,Onetime,29.9,0.004266495405640831,Lost Customers,High Risk
4b154e0720d0923cee4489015af0f662,2018-07-24 12:45:26,1,On Time,-9.0,Onetime,144.9,0.020676093119644034,Potential Loyalists,Low Risk
4b1d45d33877174c0fca2cece1f8f2c1,2017-09-27 07:11:08,1,On Time,-12.0,Onetime,49.9,0.007120338486337041,Need Attention,Medium Risk
4b256de10191200af4161c5d0d51da48,2018-01-10 21:12:16,1,On Time,-28.0,Onetime,229.99,0.032817768506466054,Need Attention,Medium Risk
4b256efb7d2b602ca8d8a070db7cd4ae,2018-01-20 17:34:11,1,On Time,-14.0,Onetime,28.99,0.004136645545469155,Need Attention,Medium Risk
4b2a90f97fb6d4022044367a62d2aa0f,2018-03-16 09:46:00,1,On Time,0.0,Onetime,101.49,0.014481826712992911,Potential Loyalists,Low Risk
4b3dd3033a20633f3bc5e43145899d4a,2017-06-18 21:01:07,1,On Time,-12.0,Onetime,26.69,0.0038084535911890906,Lost Customers,High Risk
4b3f881316f66630e2dc4868efd08e55,2017-10-24 14:48:29,1,On Time,-21.0,Onetime,193.8,0.027653739451946265,Need Attention,Medium Risk
4b40745dcdd2de6de0af5e206d8ecf8b,2018-04-25 16:06:04,1,On Time,-16.0,Onetime,59.98,0.008558675399007929,Potential Loyalists,Low Risk
4b52b581adde85cafdb0b04a130e5d6d,2018-07-03 20:16:20,1,On Time,-6.0,Onetime,24.99,0.0035658769293299124,Potential Loyalists,Low Risk
4b61b1aa8bb2f7dc1bb6e81b6fce88b7,2018-03-02 15:06:54,1,On Time,-4.0,Onetime,112.0,0.015981521251898768,Need Attention,Medium Risk
4b6cbf21433bdded5ea3fad432d707e5,2017-11-24 00:16:09,1,On Time,-11.0,Onetime,27.9,0.0039811110975712105,Lost Customers,High Risk
4b79e4b6db0bcfb76c85b5d88649fa45,2017-05-23 10:24:45,1,On Time,-20.0,Onetime,169.0,0.024114974031882966,Need Attention,Medium Risk
4b86049cb99e4aa774031daa9cd18f18,2018-01-31 18:55:36,1,On Time,-6.0,Onetime,248.0,0.03538765420063299,Need Attention,Medium Risk
4b8d2c20253a3dc25770c9cb06232a69,2018-04-26 14:56:40,1,On Time,-21.0,Onetime,154.0,0.021974591721360806,Potential Loyalists,Low Risk
4b96021dd080de09f50154101eba1987,2017-04-09 19:56:36,1,On Time,-17.0,Onetime,0.0,0.0,Lost Customers,High Risk
4b9d5d97bd2fe143891cf91ac7ca1116,2017-06-08 11:06:12,1,Has Delays,3.0,Onetime,34.9,0.004979956175814883,Lost Customers,High Risk
4ba951eaaf83957d36fa3de46820754c,2017-08-21 15:54:53,1,On Time,-15.0,Onetime,53.6,0.007648299456265839,Need Attention,Medium Risk
4badd97df3e4ad6d64508b5c25d4dca9,2018-04-14 20:31:48,1,On Time,-12.0,Onetime,28.0,0.003995380312974692,Potential Loyalists,Low Risk
4bb4001bb156c7e4cf2f096e9c5c20f7,2017-07-27 12:16:29,1,On Time,-10.0,Onetime,189.99,0.027110082345073633,Need Attention,Medium Risk
4bb97ff40d9e2fecefaa62fbce588e34,2018-05-29 15:45:20,1,On Time,-35.0,Onetime,19.9,0.0028395738652927274,Potential Loyalists,Low Risk
4bc3c13133d65130fe13def33ed39eff,2017-12-03 20:03:22,1,On Time,-16.0,Onetime,99.9,0.014254946188077563,Need Attention,Medium Risk
4bd3154555b2d1d19fed1ccf31aa33f7,2018-03-24 11:58:06,1,On Time,0.0,Onetime,0.0,0.0,Potential Loyalists,Low Risk
4bd7f188edf5bda0c155c8460457d76b,2017-01-21 11:43:35,1,On Time,-13.0,Onetime,89.9,0.012828024647729459,Need Attention,Medium Risk
4bd91035db69402af2402d830849b4df,2018-04-15 11:59:06,1,On Time,-14.0,Onetime,99.9,0.014254946188077563,Potential Loyalists,Low Risk
4bdaaab3c645dd18eed3c3bb8ddcd6cf,2018-02-02 09:32:53,1,Has Delays,8.0,Onetime,1320.0,0.18835364332594978,Need Attention,Medium Risk
4bdc96c9e8db57f4cdc94e59eeb987a8,2017-11-30 11:34:22,1,On Time,-38.0,Onetime,56.0,0.007990760625949384,Need Attention,Medium Risk
4beb171d402535985ed8f5843bcc8dd0,2018-07-21 07:18:52,1,On Time,-12.0,Onetime,29.0,0.004138072467009503,Potential Loyalists,Low Risk
4bf3d072dcf303280e82dc697b516c6f,2017-12-07 16:17:15,1,On Time,-17.0,Onetime,45.0,0.00642114693156647,Need Attention,Medium Risk
4bf4cdbd2db7a58bec527ea23ccbeb26,2018-05-16 13:24:11,1,On Time,-6.0,Onetime,94.9,0.013541485417903511,Potential Loyalists,Low Risk
4bf9358b618236ea203ef23a0ea9a791,2018-05-17 19:22:11,1,On Time,-5.0,Onetime,0.0,0.0,Potential Loyalists,Low Risk
4bfb2458768dbee0e7e1e04164a58abe,2018-06-18 17:35:18,1,On Time,-16.0,Onetime,17.0,0.0024257666185917774,Potential Loyalists,Low Risk
4c0031f9334248a4d3c675b527c67b88,2018-02-21 12:22:01,1,On Time,-26.0,Onetime,0.0,0.0,Need Attention,Medium Risk
4c0aa4a0808110794130a1735a751aea,2018-05-14 09:01:31,1,On Time,-14.0,Onetime,149.9,0.021389553889818086,Potential Loyalists,Low Risk
4c0c0aaace4f4f653104ae52e4811ec6,2018-07-16 08:45:31,1,On Time,-10.0,Onetime,39.9,0.005693416945988936,Potential Loyalists,Low Risk
4c1cacfc081ddc8593a27c9d3c88be49,2018-06-04 23:59:23,1,On Time,-34.0,Onetime,329.94,0.047079849302245354,Potential Loyalists,Low Risk
4c20c0ee3e142218ffbb29ea05d6efa3,2018-03-02 10:01:27,1,On Time,-8.0,Onetime,49.9,0.007120338486337041,Need Attention,Medium Risk
4c302f270df7e2504744b098d013b0e3,2018-05-20 20:09:00,1,On Time,-12.0,Onetime,110.0,0.01569613694382915,Potential Loyalists,Low Risk
4c4019424201b623e1aa1a7fa822d326,2017-08-13 20:31:03,1,On Time,-14.0,Onetime,104.9,0.014968406958251615,Need Attention,Medium Risk
4c49f71bf9f69f1396223ee87e07f726,2018-01-13 13:26:35,1,On Time,-14.0,Onetime,150.0,0.021403823105221566,Need Attention,Medium Risk
4c57fdb260556efeb98a8e09ce74c4d0,2017-12-11 18:30:26,1,On Time,-6.0,Onetime,23.1,0.0032961887582041217,Need Attention,Medium Risk
4c78e1b1723e4144f76a00609f312fc2,2018-03-10 20:03:59,1,On Time,-8.0,Onetime,19.9,0.0028395738652927274,Potential Loyalists,Low Risk
4c7ddb7b5d196b2967554adca4964542,2018-05-20 12:10:07,1,Has Delays,5.0,Onetime,49.9,0.007120338486337041,Potential Loyalists,Low Risk
4c7e61a1faa0d4745bca0164648b3ddd,2018-03-14 17:24:47,1,Has Delays,2.0,Onetime,0.0,0.0,Potential Loyalists,Low Risk
4c9d7a522155c04c8a1ef4c76ea68998,2017-07-19 14:48:00,1,On Time,-10.0,Onetime,59.9,0.008547260026685145,Need Attention,Medium Risk
4ca5f90433afb5493247f0bafb583483,2017-08-04 17:10:39,1,On Time,-20.0,Onetime,69.9,0.00997418156703325,Need Attention,Medium Risk
4ca8854dd8e7df762fdaa3141840c47a,2018-02-26 09:57:21,1,Has Delays,15.0,Onetime,119.9,0.017108789268773773,Need Attention,Medium Risk
4ccacf05f1c687822fc379cec1a70493,2017-06-29 23:08:50,1,On Time,-9.0,Onetime,73.9,0.010544950183172492,Need Attention,Medium Risk
4cdcedeadb2f9aeb0ba2ef5f2ebfd042,2017-09-11 15:39:11,1,On Time,-15.0,Onetime,0.0,0.0,Lost Customers,High Risk
4cf926be7c4508b256de872d8de17979,2018-03-16 13:32:49,1,Has Delays,5.0,Onetime,129.0,0.018407287870490546,Potential Loyalists,Low Risk
4cfa5155cf7cff8eb15e0b12041d058e,2017-08-04 15:24:44,2,On Time,-7.0,Repeated,189.89000000000001,0.027095813129670156,Potential Loyalists,Low Risk
4cfcf39c95ad546b0b18e931bc3e6d6a,2017-11-27 11:05:38,1,Has Delays,34.0,Onetime,0.0,0.0,Lost Customers,High Risk
4d024a9c22e0d1232091ee9915499719,2017-05-29 18:10:06,1,On Time,-13.0,Onetime,180.0,0.02568458772626588,Need Attention,Medium Risk
4d08ce189da9a10f9fd5e90918de54e0,2017-08-23 16:17:41,1,On Time,-20.0,Onetime,159.9,0.02281647543016619,Need Attention,Medium Risk
4d094dfd23064797e35aab51f129fda4,2018-05-18 18:46:54,1,Has Delays,1.0,Onetime,99.0,0.014126523249446233,Potential Loyalists,Low Risk
4d0d481f5a938ec64900b4e0b317e15c,2018-08-06 13:26:46,1,On Time,0.0,Onetime,59.99,0.008560102320548277,Potential Loyalists,Low Risk
4d2e06feac9e7556570da81b6b1a1423,2018-03-05 13:15:26,1,On Time,-5.0,Onetime,124.99,0.017835092332810956,Potential Loyalists,Low Risk
4d42230cfc4f53bf3340d0ae9bbe620a,2018-01-22 17:51:50,1,On Time,-13.0,Onetime,49.9,0.007120338486337041,Need Attention,Medium Risk
4d44daa2056990a8c1cb947a19c626b0,2018-02-21 18:47:50,1,On Time,-9.0,Onetime,110.99,0.01583740217632361,Need Attention,Medium Risk
4d62a023211df06c5649d5bb1bf699e0,2018-05-03 21:35:33,1,On Time,-15.0,Onetime,29.45,0.004202283936325167,Potential Loyalists,Low Risk
4d76d18a3c2a23f3610de21232fc8bf1,2018-02-19 10:29:23,1,On Time,-10.0,Onetime,29.98,0.0042779107779636165,Need Attention,Medium Risk
4d789786872da7d638b9ca3be9e6e405,2018-01-23 12:53:16,1,On Time,-3.0,Onetime,13.65,0.0019477479025751625,Need Attention,Medium Risk
4d85336a73fdb043292adfffbeb80486,2018-01-30 20:52:21,1,Has Delays,12.0,Onetime,122.99,0.017549708024741335,Need Attention,Medium Risk
4dc97210cddbf67b977de29abd35eece,2018-06-10 19:54:44,1,On Time,-5.0,Onetime,119.9,0.017108789268773773,Potential Loyalists,Low Risk
4dcabe94c61f202327839a734955b0cf,2018-03-07 22:26:43,1,On Time,-1.0,Onetime,69.9,0.00997418156703325,Potential Loyalists,Low Risk
4dd1c231ef57f033021044544dc5836d,2018-01-11 03:57:34,1,On Time,-13.0,Onetime,45.9,0.006549569870197798,Need Attention,Medium Risk
4dd1fb5dc901ff9a6077edf5b8572e5a,2017-07-19 16:45:17,1,On Time,-14.0,Onetime,0.0,0.0,Lost Customers,High Risk
4ddf638d30917fc90e69fa4294fec79f,2018-03-02 14:16:43,1,On Time,-6.0,Onetime,49.0,0.006991915547705711,Need Attention,Medium Risk
4dea07b5dd15f4087a2b00984f3755f8,2018-02-08 01:34:00,1,On Time,-14.0,Onetime,99.9,0.014254946188077563,Need Attention,Medium Risk
4dfcad2550d5a550b707ea167f33ae8c,2018-01-19 12:33:36,1,On Time,-5.0,Onetime,0.0,0.0,Need Attention,Medium Risk
4e012ebff739bde041e02fcabd42d3d0,2018-08-09 08:16:06,1,On Time,-26.0,Onetime,1376.55,0.1964228846366183,Potential Loyalists,Low Risk
4e0e2c55be4484ff485141aa1ae03bdd,2017-09-08 10:57:39,1,On Time,-16.0,Onetime,19.9,0.0028395738652927274,Lost Customers,High Risk
4e1e21d422058c75922a29548f43479d,2018-04-10 14:58:16,1,On Time,-14.0,Onetime,178.99,0.02554046865069072,Potential Loyalists,Low Risk
4e20c9717b355a95e60353197235b58c,2017-05-10 20:47:02,1,On Time,-6.0,Onetime,199.99,0.028537003885421738,Need Attention,Medium Risk
4e21dec7323ad0b039b139d47fae3374,2017-08-09 21:43:53,1,On Time,-17.0,Onetime,0.0,0.0,Lost Customers,High Risk
4e2270e45010f34f7308e7fd0ba18b48,2017-11-02 22:41:18,1,On Time,-7.0,Onetime,62.8,0.008961067273386095,Need Attention,Medium Risk
4e23846da97b99c1b02724f5509f2518,2017-10-19 10:17:42,1,On Time,-13.0,Onetime,32.9,0.0046945718677452635,Lost Customers,High Risk
4e27e7b9f149bcd4ea5ec0dc251b11b4,2018-04-15 21:57:36,1,On Time,-21.0,Onetime,164.99,0.023542778494203376,Potential Loyalists,Low Risk
4e2ba5e5df861d65422db3b6f7a253b4,2017-06-27 11:04:36,1,On Time,-11.0,Onetime,0.0,0.0,Lost Customers,High Risk
4e3c149b4f38ba13a692fe975d1c48c6,2018-01-27 06:38:11,1,On Time,-12.0,Onetime,99.0,0.014126523249446233,Need Attention,Medium Risk
4e40f88729018a8129193dc0223912d4,2018-05-17 16:44:40,1,On Time,-3.0,Onetime,0.0,0.0,Potential Loyalists,Low Risk
4e52868ca801ed63098753335c0ff17b,2018-06-12 13:42:31,1,On Time,-13.0,Onetime,49.99,0.007133180780200174,Potential Loyalists,Low Risk
4e5e69a95bea47fa026e3bbdc386f55c,2018-03-28 08:33:16,1,On Time,-14.0,Onetime,0.0,0.0,Potential Loyalists,Low Risk
4e65032f1f574189fb793bac5a867bbc,2017-06-02 09:35:21,1,On Time,-17.0,Onetime,329.0,0.04694571867745263,Need Attention,Medium Risk
4e6588068c000d6f539cf24c66a96816,2018-02-19 09:23:33,1,On Time,-3.0,Onetime,179.9,0.025670318510862395,Need Attention,Medium Risk
4e67c7eee347c5f4ad6da21c8ab385ce,2017-08-12 09:51:12,1,On Time,-20.0,Onetime,44.99,0.006419720010026121,Lost Customers,High Risk
4e6f6ed96c6bf5701e889301565361c7,2018-06-07 20:42:19,1,On Time,-20.0,Onetime,0.0,0.0,Potential Loyalists,Low Risk
4e7b44775e9dfd6a7ad38006221ba740,2018-06-16 20:11:37,1,On Time,-15.0,Onetime,97.99,0.013982404173871074,Potential Loyalists,Low Risk
4e7da8460a307b63a7a4d98750f3a95a,2018-06-04 22:44:24,1,On Time,-23.0,Onetime,99.8,0.014240676972674083,Potential Loyalists,Low Risk
4e80ecf05e726d3b9ec3cd93577f5a1a,2017-10-13 11:07:59,1,On Time,-11.0,Onetime,50.0,0.007134607701740522,Need Attention,Medium Risk
4e95c3db873ad0daa03d9a233362396d,2017-12-10 13:55:22,1,On Time,-16.0,Onetime,122.99,0.017549708024741335,Need Attention,Medium Risk
4ea910b8d63f40bd6b598ca7ff64be3e,2017-11-28 14:56:51,1,Has Delays,1.0,Onetime,13.45,0.0019192094717682003,Lost Customers,High Risk
4eaa7b320f62557958f289a09f1cf919,2017-12-02 13:53:36,1,On Time,-15.0,Onetime,59.9,0.008547260026685145,Need Attention,Medium Risk
4eaf709a63916717d9f464d05beabfb5,2017-10-12 13:48:31,1,On Time,-8.0,Onetime,149.99,0.02140239618368122,Need Attention,Medium Risk
4eba70ec999c67251d9bd44141e39f4a,2017-06-09 09:29:29,1,On Time,-18.0,Onetime,180.9,0.025813010664897208,Need Attention,Medium Risk
4ec3e8baff65069114a2cb9fc2f9ff9f,2017-11-28 12:34:35,1,On Time,-8.0,Onetime,53.99,0.007703949396339416,Need Attention,Medium Risk
4ece0ab94505340f9f8c39f09d5c1280,2018-06-21 20:55:41,1,On Time,-22.0,Onetime,129.9,0.018535710809121878,Potential Loyalists,Low Risk
4edb41f4555044def164944f4bc31c3c,2018-08-13 13:31:05,1,On Time,-8.0,Onetime,29.0,0.004138072467009503,Potential Loyalists,Low Risk
4eddf89504662ec9c357158c59863254,2017-05-26 23:17:06,1,On Time,-29.0,Onetime,15.9,0.0022688052491534856,Lost Customers,High Risk
4ee4abbc3054d7f0b3f4acdaf74073e7,2017-10-08 10:47:54,1,On Time,-9.0,Onetime,120.0,0.017123058484177254,Need Attention,Medium Risk
4eeb95332592e4401c91ffb9d689cd14,2017-11-22 09:18:48,1,On Time,-7.0,Onetime,232.56,0.03318448734233551,Need Attention,Medium Risk
4efe54e3e336d3e4c68e5ce66ced75c8,2017-12-10 19:29:20,1,On Time,-13.0,Onetime,89.0,0.012699601709098129,Need Attention,Medium Risk
4f062c0635aa5c593636b9500e21b99b,2017-07-10 18:12:09,1,On Time,-23.0,Onetime,39.6,0.005650609299778493,Lost Customers,High Risk
4f114ef058f9d3a854fec64219e8d91f,2018-08-16 15:35:40,1,On Time,-1.0,Onetime,159.9,0.02281647543016619,Potential Loyalists,Low Risk
4f262a3ca91e56d568fd13240c3c3652,2017-05-17 08:36:11,1,On Time,-14.0,Onetime,0.0,0.0,Lost Customers,High Risk
4f2b39545ebc1f7457d44249f8d7fc7a,2017-10-12 10:25:23,1,On Time,-6.0,Onetime,158.0,0.02254536033750005,Need Attention,Medium Risk
4f30c12cd0b6830b37fe2b29ecfa25de,2018-04-03 17:06:59,1,On Time,-10.0,Onetime,129.9,0.018535710809121878,Potential Loyalists,Low Risk
4f35078a5117c6420a4f93cfa3be14f6,2017-12-02 10:43:56,1,Has Delays,15.0,Onetime,0.0,0.0,Need Attention,Medium Risk
4f42bd047403d725c47c10d46d2075eb,2018-07-24 16:05:58,1,On Time,-15.0,Onetime,24.0,0.0034246116968354506,Potential Loyalists,Low Risk
4f477c554c5bd165f95d62b409ac6425,2017-07-26 17:46:02,1,On Time,-16.0,Onetime,84.9,0.012114563877555407,Need Attention,Medium Risk
4f51543860db95f9b98c1ce29a000d68,2017-08-24 09:19:16,1,On Time,-5.0,Onetime,40.9,0.005836109100023747,Lost Customers,High Risk
4f6d635ff2fd4e30ff5369a7b943eb22,2018-02-14 10:26:22,1,On Time,-10.0,Onetime,66.0,0.009417682166297488,Need Attention,Medium Risk
4f7ded99cebf4c1ec505f71ef6580bba,2017-04-28 18:25:16,1,On Time,-13.0,Onetime,0.0,0.0,Lost Customers,High Risk
4f853e8ca227c6f7fd20adcd785ba0a9,2017-08-21 20:49:53,1,On Time,-14.0,Onetime,74.69999999999999,0.010659103906400338,Need Attention,Medium Risk
4f8602e886ab87a176e8f0a2c2e06069,2018-06-03 16:44:31,1,On Time,-21.0,Onetime,330.0,0.047088410831487446,Potential Loyalists,Low Risk
4f8cce1447c785e1b70e866daec425a1,2017-05-03 09:01:56,1,On Time,-20.0,Onetime,225.0,0.03210573465783235,Need Attention,Medium Risk
4f922e1a973e7a72b422022f4aabfd47,2018-05-15 06:24:03,1,On Time,-8.0,Onetime,65.9,0.00940341295089401,Potential Loyalists,Low Risk
4f928a6270233d6c7c4e73919fa12295,2018-02-05 01:06:09,1,On Time,-15.0,Onetime,49.0,0.006991915547705711,Need Attention,Medium Risk
4fa4365000c7090fcb8cad5713c6d3db,2018-08-28 15:26:39,1,On Time,-13.0,Onetime,0.0,0.0,Potential Loyalists,Low Risk
4fa62147a0294ea8e717288b6615d2a5,2018-08-24 14:30:31,1,On Time,0.0,Onetime,48.9,0.00697764633230223,Potential Loyalists,Low Risk
4fa93ce17fd5c9868466a49cc823188e,2018-06-28 13:21:15,1,On Time,-18.0,Onetime,21.0,0.002996535234731019,Potential Loyalists,Low Risk
4fabe276b1e63a047b87cf7d79af884e,2018-08-13 10:46:55,1,On Time,-5.0,Onetime,18.9,0.002696881711257917,Potential Loyalists,Low Risk
4fbfb381b20a1ce72ed57f3c49895954,2017-08-31 08:02:55,1,On Time,-9.0,Onetime,26.9,0.0038384189435364006,Lost Customers,High Risk
4fc8594d4bd9b2157025e4bb48c2d30c,2017-11-08 21:11:17,1,On Time,-15.0,Onetime,59.9,0.008547260026685145,Need Attention,Medium Risk
4fd1beb4e95a893ae955635ffaa1a861,2017-12-18 15:35:10,1,On Time,-13.0,Onetime,35.0,0.004994225391218366,Need Attention,Medium Risk
4fe67915d44791a5deab2957c2641048,2017-03-04 09:55:08,1,On Time,-9.0,Onetime,7.8,0.0011129988014715213,Lost Customers,High Risk
4fefe0e53334d2252f3b920db8df4776,2018-08-12 19:57:00,1,On Time,-2.0,Onetime,48.5,0.006920569470688306,Potential Loyalists,Low Risk
4ff0c5bf5ff939d3ed476462c42d431e,2018-02-23 11:55:55,1,On Time,-14.0,Onetime,187.2,0.026711971235316514,Need Attention,Medium Risk
4ff376209add6152358ad7ae10a6f6c1,2017-06-22 19:29:40,1,Has Delays,5.0,Onetime,59.9,0.008547260026685145,Need Attention,Medium Risk
4fff725d93ad8b018de71bc3466cccd3,2018-01-17 11:07:59,1,On Time,-14.0,Onetime,23.7,0.0033818040506250076,Need Attention,Medium Risk
5014640d3efef58a7b050e3af74bbcec,2018-03-11 14:33:24,1,On Time,-14.0,Onetime,79.99,0.011413945401244486,Potential Loyalists,Low Risk
50160b006ccda0a52d2cb6e170251a0b,2018-05-21 16:33:10,1,On Time,-5.0,Onetime,0.0,0.0,Potential Loyalists,Low Risk
50343a5529a9ab46eacfd1fdc387cf0a,2018-01-13 15:43:58,1,On Time,-16.0,Onetime,49.0,0.006991915547705711,Need Attention,Medium Risk
5035394f5af1b31d7c536f2bff8e5c46,2017-11-24 14:05:22,1,Has Delays,2.0,Onetime,125.02,0.017839373097432,Need Attention,Medium Risk
503f8e014d74b09cfe772d0279c361b9,2017-11-30 11:05:02,1,On Time,-3.0,Onetime,89.9,0.012828024647729459,Need Attention,Medium Risk
5044faf2c6865d65a710642acbb21ee3,2017-05-30 17:31:27,1,On Time,-25.0,Onetime,0.0,0.0,Lost Customers,High Risk
504b0dfeddc2a12fcc71773e0eb7b9b2,2017-11-11 17:38:40,1,On Time,-6.0,Onetime,190.83,0.027229943754462877,Need Attention,Medium Risk
5063d70a88d82aab39d8a197036aaf2a,2017-03-20 17:01:26,1,On Time,-15.0,Onetime,49.0,0.006991915547705711,Need Attention,Medium Risk
506e2ff6b5a02a479e1f12b2a37deee4,2017-09-20 15:26:33,1,On Time,-10.0,Onetime,299.9,0.04279337699503965,Need Attention,Medium Risk
5076366c05f3f8a857f811397338c6ac,2017-03-09 19:38:22,1,On Time,-8.0,Onetime,69.9,0.00997418156703325,Need Attention,Medium Risk
5078b16249b55c1b790a5756a02ddfe5,2018-05-07 12:39:10,1,On Time,-18.0,Onetime,99.9,0.014254946188077563,Potential Loyalists,Low Risk
507bd1aec5cf7244d6f0f61a0cd4136e,2017-11-24 12:03:10,1,On Time,-13.0,Onetime,46.9,0.006692262024232609,Lost Customers,High Risk
507c84a12a163fa17b7d875eb0f80bb1,2018-05-15 19:30:49,1,On Time,-13.0,Onetime,79.0,0.011272680168750025,Potential Loyalists,Low Risk
50881a1a7cf12940a91d1f5738e373df,2017-10-13 13:10:42,1,On Time,-32.0,Onetime,285.0,0.04066726389992097,Need Attention,Medium Risk
508cae50c5c1e72079d266a513bca9ae,2018-01-08 20:56:09,1,On Time,-30.0,Onetime,81.5,0.01162941055383705,Need Attention,Medium Risk
509148592c66d4ea7e26e63c131cd980,2017-08-16 17:41:35,1,On Time,-20.0,Onetime,10.0,0.0014269215403481044,Lost Customers,High Risk
5098a0313c0a6e4566a3d17151d54ebc,2018-04-25 22:01:26,1,On Time,-21.0,Onetime,0.0,0.0,Potential Loyalists,Low Risk
50b8f1b2deb925b4dcf09ac30eb85db7,2018-05-30 11:57:15,1,On Time,-27.0,Onetime,106.9,0.015253791266321237,Potential Loyalists,Low Risk
50bcf3c27a375da1f5d33ab1798b38a4,2018-03-27 22:14:59,1,On Time,-11.0,Onetime,259.9,0.03708569083364723,Potential Loyalists,Low Risk
50d27e12b7d28f9c61ff09d5e9429684,2018-02-12 14:44:15,1,On Time,-8.0,Onetime,67.9,0.009688797258963629,Need Attention,Medium Risk
50d59756373a395d180aa6414fcb99c2,2017-11-24 10:28:38,1,On Time,-14.0,Onetime,0.0,0.0,Lost Customers,High Risk
50d7ffe26d9b0c27900c2b197e66bde4,2018-02-14 00:16:24,1,On Time,-10.0,Onetime,25.5,0.003638649927887666,Need Attention,Medium Risk
50f99f56ab935ac45c6f1cd4c0bfbe2a,2018-06-24 19:01:52,1,On Time,-29.0,Onetime,49.1,0.0070061847631091925,Potential Loyalists,Low Risk
51180e62ded56ca8c72aee493a902ff3,2017-08-17 18:21:17,1,On Time,-14.0,Onetime,0.0,0.0,Lost Customers,High Risk
512951e75fedf5e5cea649d6868631df,2017-09-13 20:23:41,1,On Time,-10.0,Onetime,0.0,0.0,Lost Customers,High Risk
513716fd55dc94ade4802ea4f73a3dab,2017-05-18 11:18:16,1,On Time,-12.0,Onetime,169.9,0.024243396970514294,Need Attention,Medium Risk
51372d3b504e405b6fd5f94b0bb362c7,2017-07-11 10:37:24,1,On Time,-20.0,Onetime,0.0,0.0,Lost Customers,High Risk
5143bcc6bc4a69be5dfd6db38f2c1bb3,2018-06-27 16:11:38,1,On Time,-16.0,Onetime,22.9,0.003267650327397159,Potential Loyalists,Low Risk
51601e58354758c975c5e878a11b4352,2018-01-25 11:03:37,1,On Time,-15.0,Onetime,122.99,0.017549708024741335,Need Attention,Medium Risk
516aae6b5114b40f0c423bcec3f73bc3,2018-07-20 16:24:23,1,On Time,-13.0,Onetime,0.0,0.0,Potential Loyalists,Low Risk
5179541696b879141c1f0bb532f988c9,2017-11-21 12:08:32,1,On Time,-16.0,Onetime,146.0,0.020833054489082323,Need Attention,Medium Risk
517a35f625b57d7c8533adfefb2d1b98,2018-04-11 08:54:56,1,On Time,-14.0,Onetime,499.99,0.07134465009586487,Potential Loyalists,Low Risk
51838d41add414a0b1b989b7d251d9ee,2017-03-13 18:14:36,1,Has Delays,7.0,Onetime,84.9,0.012114563877555407,Need Attention,Medium Risk
51869783d1306df1fbf37a111670cc65,2017-08-21 12:52:36,1,On Time,-13.0,Onetime,19.9,0.0028395738652927274,Lost Customers,High Risk
5188090bf12661971a81f523d5b42f35,2018-05-17 16:47:12,1,Has Delays,4.0,Onetime,0.0,0.0,Potential Loyalists,Low Risk
518bd6dc8b398a069309bc013fbc43a8,2018-06-06 08:41:33,1,On Time,-28.0,Onetime,249.9,0.03565876929329913,Potential Loyalists,Low Risk
518ff151056410cc1e01e1dc3711a1a9,2018-02-01 11:32:12,1,On Time,-14.0,Onetime,61.5,0.008775567473140842,Need Attention,Medium Risk
51ac8560948d44d4ffa33f2680569a20,2018-02-01 07:47:34,1,Has Delays,49.0,Onetime,0.0,0.0,Need Attention,Medium Risk
51bb00d04d164d61ffd05a7284d5a44e,2018-04-26 13:31:13,1,On Time,-14.0,Onetime,110.32,0.015741798433120287,Potential Loyalists,Low Risk
51be608e99a9d07f3dc157ab3f984f2b,2017-08-21 19:33:15,1,On Time,-12.0,Onetime,44.9,0.006406877716162988,Lost Customers,High Risk
51bfbaee00332bc4b92c8fb31a931948,2018-02-01 18:09:49,1,Has Delays,4.0,Onetime,598.99,0.08547117334531111,Need Attention,Medium Risk
51c2f039f08424330a6bbba4c9949d98,2017-06-25 16:16:00,1,On Time,-9.0,Onetime,229.99,0.032817768506466054,Need Attention,Medium Risk
51c71e07d4ffb31ee4286c41a71ff23f,2018-04-02 11:23:53,1,On Time,-9.0,Onetime,30.0,0.0042807646210443135,Potential Loyalists,Low Risk
51cbfa44126505de7a55fb99ba49648b,2018-04-16 21:07:16,1,On Time,-21.0,Onetime,139.8,0.0199483631340665,Potential Loyalists,Low Risk
51dc56123336c573f2977f5da81b17b9,2017-04-27 09:09:44,1,On Time,-33.0,Onetime,209.9,0.029951083131906708,Need Attention,Medium Risk
51e32dbab59f703df32796cb616dc90d,2017-08-14 18:54:04,1,On Time,-27.0,Onetime,18.9,0.002696881711257917,Lost Customers,High Risk
51faedd966942d2541bb83c4a7499531,2017-11-09 19:40:27,1,On Time,-7.0,Onetime,0.0,0.0,Lost Customers,High Risk
520adcb308fd7bce64069bcacbeb2f55,2018-01-22 20:28:04,1,On Time,-17.0,Onetime,30.6,0.004366379913465199,Need Attention,Medium Risk
52152ab824fe738e8230950c5edbafdb,2018-03-25 13:42:17,1,Has Delays,1.0,Onetime,21.99,0.0031378004672254814,Potential Loyalists,Low Risk
5229b8e4d7d2b9b676c2083c17b1ecd0,2017-08-09 18:32:47,1,On Time,-15.0,Onetime,438.0,0.062499163467246974,Need Attention,Medium Risk
5232c4dbb62f99ca1c7847a96821e5f6,2017-09-21 22:15:27,1,On Time,-10.0,Onetime,0.0,0.0,Lost Customers,High Risk
52343fcfb4c1fbb0f91f9752d850d5fc,2018-03-09 02:40:19,1,On Time,-8.0,Onetime,318.0,0.045376104983069716,Potential Loyalists,Low Risk
525eb1a84ca6c1c0df03dcafaf9c0afc,2018-08-06 05:20:01,1,On Time,-5.0,Onetime,59.6,0.008504452380474703,Potential Loyalists,Low Risk
526ccb7139b463143e46b919bcfe3bac,2017-09-16 12:40:49,1,On Time,-8.0,Onetime,69.0,0.00984575862840192,Need Attention,Medium Risk
5287bb98e3da27fddfa3c3b13993f04f,2018-08-16 16:19:13,1,On Time,-3.0,Onetime,49.9,0.007120338486337041,Potential Loyalists,Low Risk
528b011eb7fab3d59c336cc7248eed3a,2018-01-10 11:33:07,1,On Time,-13.0,Onetime,53.99,0.007703949396339416,Need Attention,Medium Risk
52a2f316baf6921a49770363ec6b1268,2018-03-20 17:18:09,1,On Time,-9.0,Onetime,39.99,0.00570625923985207,Potential Loyalists,Low Risk
52a7fb2dfa60628b04619fa279d3e27c,2017-12-02 14:08:33,1,On Time,-14.0,Onetime,98.7,0.01408371560323579,Need Attention,Medium Risk
52b7e40d53b336e18d6346d2236a5ede,2018-07-30 18:54:21,1,On Time,-20.0,Onetime,350.0,0.04994225391218365,Potential Loyalists,Low Risk
52b8fc428690f8974a3d3ff3a162f7b7,2018-08-26 13:23:23,1,On Time,-11.0,Onetime,169.9,0.024243396970514294,Potential Loyalists,Low Risk
52ba13556336e0643d5af3b1a94ea82b,2018-05-13 19:57:13,1,On Time,-8.0,Onetime,13.65,0.0019477479025751625,Potential Loyalists,Low Risk
52c247722e2351bcf25b1d759a8a58ae,2018-01-15 14:12:49,1,On Time,-15.0,Onetime,0.0,0.0,Need Attention,Medium Risk
52cea49a6eabf8b641b7546bc1fc17ab,2017-12-04 19:43:16,1,On Time,-23.0,Onetime,99.9,0.014254946188077563,Need Attention,Medium Risk
52d3c9e72091eca915f7e71c457ed368,2017-12-26 15:02:43,1,On Time,-16.0,Onetime,24.99,0.0035658769293299124,Need Attention,Medium Risk
52f7c5236c70dde7f062d5f93e79920e,2017-12-13 19:56:25,1,On Time,-16.0,Onetime,79.9,0.011401103107381355,Need Attention,Medium Risk
52f8d257481183eb874e5ab0558227f8,2017-03-02 21:58:35,1,On Time,0.0,Onetime,0.0,0.0,Lost Customers,High Risk
52fc446155bc2a278dbaa6695e3c06c6,2018-08-01 00:54:05,1,On Time,-18.0,Onetime,142.0,0.02026228587294308,Potential Loyalists,Low Risk
52fd49a9e404c6a5aecd183430698b63,2017-12-13 17:00:56,1,On Time,-11.0,Onetime,99.8,0.014240676972674083,Need Attention,Medium Risk
5313d6ca5d25744acf9877f61c01c189,2017-11-21 17:54:26,1,On Time,-13.0,Onetime,479.0,0.06834954178267419,Need Attention,Medium Risk
5340888f5f7415514d6e02a9293938c0,2018-03-22 11:40:10,1,On Time,-20.0,Onetime,115.0,0.016409597714003202,Potential Loyalists,Low Risk
53478cb7851907e7343dbf818c273455,2017-04-18 22:38:59,1,On Time,0.0,Onetime,23.9,0.003410342481431969,Lost Customers,High Risk
535c1bc29b3f8a2a5060ff4792665e3d,2018-02-11 11:13:55,1,On Time,-5.0,Onetime,144.99,0.020688935413507168,Need Attention,Medium Risk
5362cb1d9a156cc6edbe69eed9f78752,2017-12-28 17:40:18,1,On Time,-20.0,Onetime,99.0,0.014126523249446233,Need Attention,Medium Risk
5385c8288fcff00b5480d11379651558,2017-07-16 13:08:37,1,On Time,-13.0,Onetime,0.0,0.0,Lost Customers,High Risk
538f20c5da86daf31ec285792b8b603f,2017-07-06 16:18:52,1,On Time,-14.0,Onetime,59.4,0.00847591394966774,Need Attention,Medium Risk
5399c9213ca365a480537a1b21423d2c,2017-05-14 09:36:36,1,On Time,-10.0,Onetime,95.0,0.013555754633306992,Need Attention,Medium Risk
539b33228e119bcaedd098baba88d06b,2017-04-17 21:09:46,1,On Time,-6.0,Onetime,143.8,0.02051913175020574,Need Attention,Medium Risk
53a52be3ec8e43d7be46b037d58ff145,2017-05-08 15:15:49,1,On Time,-13.0,Onetime,109.6,0.015639060082215224,Need Attention,Medium Risk
53a9a392c03c3d428c6cc5f6bd753f16,2018-06-23 10:23:25,1,On Time,-20.0,Onetime,129.0,0.018407287870490546,Potential Loyalists,Low Risk
53af1cb6dfe5bb4d37657200449e9134,2017-05-26 14:36:30,1,On Time,-7.0,Onetime,0.0,0.0,Lost Customers,High Risk
53b2aa3aafb865f1c2c681804b8eb3b9,2017-11-02 22:46:35,1,On Time,-10.0,Onetime,59.9,0.008547260026685145,Need Attention,Medium Risk
53c26d4cc00e6fe479057e894b7c1805,2018-04-20 13:07:56,1,On Time,-14.0,Onetime,104.9,0.014968406958251615,Potential Loyalists,Low Risk
53d2157e6fb6608f117084f05aaf4bd2,2017-08-23 05:29:43,1,On Time,-21.0,Onetime,45.9,0.006549569870197798,Lost Customers,High Risk
53e59bf8386630311c1a630e0aa7e92b,2018-06-21 13:17:24,1,On Time,-19.0,Onetime,0.0,0.0,Potential Loyalists,Low Risk
53f83d958a9f00d0e7913a0e6261885d,2018-08-02 23:14:00,1,On Time,-11.0,Onetime,0.0,0.0,Potential Loyalists,Low Risk
5403c5708577d72afc5c4783bad43280,2018-02-19 14:16:27,1,On Time,-12.0,Onetime,0.0,0.0,Need Attention,Medium Risk
540f5d9fc63ff82ceecb2dc3bc105071,2017-09-28 20:08:41,1,On Time,-13.0,Onetime,50.0,0.007134607701740522,Need Attention,Medium Risk
54155ef7f24e55d09b694293e41702f3,2017-08-04 18:26:41,1,On Time,-1.0,Onetime,31.9,0.004551879713710453,Lost Customers,High Risk
544d68d25e9cbb63c5ee29345185fbd9,2017-08-30 10:46:15,1,On Time,-6.0,Onetime,89.9,0.012828024647729459,Need Attention,Medium Risk
54532e3c45ab2b031cfee59f0ecd6f8c,2017-04-25 09:29:07,1,On Time,-12.0,Onetime,0.0,0.0,Lost Customers,High Risk
5457ae2c352c18e3bf5cba68301d96a8,2018-02-28 02:46:13,1,Has Delays,1.0,Onetime,24.9,0.00355303463546678,Need Attention,Medium Risk
545d52845f89fb2a0069f8af963812de,2017-04-25 13:35:09,1,On Time,-13.0,Onetime,29.9,0.004266495405640831,Lost Customers,High Risk
5468c19d0df121d47a5d3dc792f6cf52,2017-09-09 11:35:10,1,On Time,-7.0,Onetime,39.9,0.005693416945988936,Lost Customers,High Risk
54875f4b4cc6b4c3b0608fbfd64c39a2,2018-06-23 20:23:47,1,On Time,-33.0,Onetime,152.0,0.021689207413291185,Potential Loyalists,Low Risk
548a09978548d2e347d494793e34c797,2018-07-05 18:40:47,1,On Time,-8.0,Onetime,0.0,0.0,Potential Loyalists,Low Risk
5493b0c34dc1481b67a6365a6c3ff174,2018-07-18 10:44:11,1,On Time,-14.0,Onetime,19.9,0.0028395738652927274,Potential Loyalists,Low Risk
54a4d076947c8f0e3de1e6eb3bab9dc5,2018-07-15 00:05:51,1,On Time,-13.0,Onetime,0.0,0.0,Potential Loyalists,Low Risk
54a6fac091f0d157752db7bb34a6d838,2018-04-08 12:49:53,1,On Time,-13.0,Onetime,59.99,0.008560102320548277,Potential Loyalists,Low Risk
54ac170f384b3ca08d8ea2aa6389c483,2017-01-22 17:43:23,1,On Time,-37.0,Onetime,238.0,0.03396073266028488,Need Attention,Medium Risk
54c665eb48d502792c20af5ed9166359,2017-11-15 11:45:28,1,On Time,-15.0,Onetime,0.0,0.0,Lost Customers,High Risk
54c7b4f48fb9e911bf328bf9884ca61d,2017-08-01 22:25:27,1,Has Delays,11.0,Onetime,0.0,0.0,Lost Customers,High Risk
54d7a15160876f86860fd741b906a742,2018-07-04 16:05:56,1,On Time,-13.0,Onetime,219.0,0.031249581733623487,Potential Loyalists,Low Risk
54d97c70f72815eae0f2538364774a7a,2018-01-28 15:50:29,1,On Time,-16.0,Onetime,0.0,0.0,Need Attention,Medium Risk
54dfac2adf924cfba07091efb3d1b5ee,2018-01-14 17:59:52,1,On Time,-15.0,Onetime,399.0,0.05693416945988936,Need Attention,Medium Risk
54e585d73c89a6aff19a1557eb5e9d16,2018-02-16 13:34:34,1,On Time,-7.0,Onetime,0.0,0.0,Need Attention,Medium Risk
54eb010282ed1c4a38e101aa8b9aca37,2018-08-13 16:34:43,2,On Time,-1.0,Repeated,79.9,0.011401103107381355,Potential Loyalists,Low Risk
54f2711f2fa5fa43b63e30c4092e1b0b,2018-08-07 14:10:05,1,On Time,-4.0,Onetime,212.0,0.030250736655379813,Potential Loyalists,Low Risk
55020cb68ae358a51969695657a54e9c,2018-06-11 14:59:24,1,On Time,-16.0,Onetime,316.05,0.04509785528270184,Potential Loyalists,Low Risk
551a09ef128e5436c555ecc43cfca103,2017-11-27 11:05:58,1,On Time,-14.0,Onetime,45.9,0.006549569870197798,Lost Customers,High Risk
551bf3cd63555513dd3dfdaba9b7541a,2017-11-27 19:41:55,1,On Time,-4.0,Onetime,24.5,0.0034959577738528556,Lost Customers,High Risk
5523da98302d120b592f376ef5b3766f,2017-08-28 11:44:24,1,On Time,-15.0,Onetime,130.0,0.018549980024525358,Need Attention,Medium Risk
55310366b1116f6cf157b304213b24e7,2018-05-14 16:47:26,1,On Time,-8.0,Onetime,53.79,0.007675410965532454,Potential Loyalists,Low Risk
5533b6863859076febafeed9a35bb6c2,2017-12-09 17:13:50,1,On Time,-30.0,Onetime,0.0,0.0,Need Attention,Medium Risk
553b07cb90e5a17d748dbcf842c00118,2018-02-01 05:41:35,1,On Time,-3.0,Onetime,54.9,0.007833799256511093,Need Attention,Medium Risk
553ddce64bc3802244fe88160fbdbd34,2017-07-05 11:56:09,1,On Time,-16.0,Onetime,195.66000000000003,0.027919146858451014,Need Attention,Medium Risk
555789ba02ce5b47f71981657177b7e0,2017-11-24 21:04:24,1,On Time,-16.0,Onetime,21.99,0.0031378004672254814,Lost Customers,High Risk
5567ff09b0607b9546948fec46fe15ad,2018-08-03 13:37:28,1,On Time,-15.0,Onetime,33.99,0.004850106315643208,Potential Loyalists,Low Risk
55689f96a555bccd0dc2d1786f2b833f,2017-08-31 20:46:59,1,On Time,-14.0,Onetime,54.9,0.007833799256511093,Need Attention,Medium Risk
557cd07fbd892abdb1dc537a91ac9f00,2018-05-11 09:53:14,1,On Time,-8.0,Onetime,99.0,0.014126523249446233,Potential Loyalists,Low Risk
558e8c5c045f205b5b9ca29ec2d281b3,2017-07-13 18:26:10,1,On Time,-21.0,Onetime,113.0,0.01612421340593358,Need Attention,Medium Risk
559df1e714566692202143c82bf531ca,2018-03-30 15:47:50,1,Has Delays,1.0,Onetime,49.9,0.007120338486337041,Potential Loyalists,Low Risk
55a269f324455e78349e7b9b7e7e5911,2017-11-24 19:19:18,1,Has Delays,8.0,Onetime,99.0,0.014126523249446233,Need Attention,Medium Risk
55a2d38a48216287f07c360037b1955b,2018-02-18 21:52:42,1,Has Delays,21.0,Onetime,0.0,0.0,Need Attention,Medium Risk
55ada0c8e02119e570b002a700dac03f,2018-07-19 09:22:39,1,On Time,-18.0,Onetime,157.9,0.02253109112209657,Potential Loyalists,Low Risk
55bbbcb4a9186186167ee9043b98510c,2018-01-31 13:39:42,1,On Time,-14.0,Onetime,29.99,0.0042793376995039645,Need Attention,Medium Risk
55c00c8a161d2e6d7d731dd87341ad2f,2018-08-08 01:15:06,1,On Time,-1.0,Onetime,14.9,0.0021261130951186757,Potential Loyalists,Low Risk
55c5a2d985619aa0a36d724e52468dfc,2017-05-06 15:20:06,1,On Time,-15.0,Onetime,0.0,0.0,Lost Customers,High Risk
55dfea89540867cbe96091b82db0cb06,2017-10-05 03:54:42,1,On Time,-11.0,Onetime,58.0,0.008276144934019005,Need Attention,Medium Risk
55e3628de0f0fc02c8cd3eb79de3b739,2018-01-25 15:48:44,1,On Time,-18.0,Onetime,475.6,0.06786438845895584,Need Attention,Medium Risk
55f3d52c6aaf964de0cc0f595c9a5750,2018-07-04 12:51:22,1,On Time,-21.0,Onetime,99.99,0.014267788481940694,Potential Loyalists,Low Risk
55f8517e3e572aa06923169cf5d0b011,2017-12-01 09:21:49,1,On Time,-13.0,Onetime,81.99,0.011699329709314107,Need Attention,Medium Risk
56139a11fd758105e9df4db3a0fed099,2018-07-31 17:07:16,1,On Time,-8.0,Onetime,0.0,0.0,Potential Loyalists,Low Risk
5616f75d22507069b5383854a1d8c414,2018-01-08 20:40:57,1,On Time,-16.0,Onetime,199.9,0.028524161591558603,Need Attention,Medium Risk
561a0a309b05a99917702086e451acce,2018-06-16 19:54:24,1,On Time,-20.0,Onetime,66.99,0.00955894739879195,Potential Loyalists,Low Risk
561cfc00b430b16ff8e8d36429d709e7,2017-05-05 22:34:48,1,On Time,-13.0,Onetime,99.9,0.014254946188077563,Need Attention,Medium Risk
562b3bca5a8903b7451462b6e7aa6082,2018-08-12 16:08:03,1,On Time,-11.0,Onetime,34.9,0.004979956175814883,Potential Loyalists,Low Risk
562dc4d7d8e2434726725aeca74da6e6,2018-01-23 14:52:06,1,On Time,0.0,Onetime,0.0,0.0,Need Attention,Medium Risk
563bf685b8426233585285851fa03881,2017-03-09 16:43:40,1,On Time,-17.0,Onetime,792.0,0.11301218599556986,Need Attention,Medium Risk
564ab8ca31faaf89e0ce856cfd7472a6,2017-05-02 07:08:01,1,On Time,-20.0,Onetime,51.9,0.007405722794406662,Need Attention,Medium Risk
56509f7bc43892a0da09ee14f50a6f84,2018-01-16 22:34:16,1,On Time,-15.0,Onetime,199.0,0.02839573865292728,Need Attention,Medium Risk
56546b71f8bf254f860014fae431af6d,2018-02-14 10:48:33,1,On Time,-12.0,Onetime,116.99,0.016693555100532474,Need Attention,Medium Risk
5654780522c8bd0731cc276d2e7185d9,2018-02-01 14:44:21,1,On Time,-20.0,Onetime,52.0,0.0074199920098101425,Need Attention,Medium Risk
565fb68ac5d1fdf1721f544362f46c35,2018-03-24 18:25:24,1,On Time,-17.0,Onetime,30.0,0.0042807646210443135,Potential Loyalists,Low Risk
5663350f41f9077e7c27f2ab1131bd13,2018-07-17 09:01:49,1,Has Delays,5.0,Onetime,66.99,0.00955894739879195,Potential Loyalists,Low Risk
566f5414c232319e9941d53b560f9f73,2017-12-14 18:33:18,1,On Time,-13.0,Onetime,0.0,0.0,Need Attention,Medium Risk
56741af99968c78688e558b5551c68ec,2018-08-01 21:23:20,1,On Time,-9.0,Onetime,72.0,0.010273835090506351,Potential Loyalists,Low Risk
5674ba4c78cc9a00b85be9af1f954e3b,2017-12-21 00:01:51,1,On Time,-19.0,Onetime,59.0,0.008418837088053816,Need Attention,Medium Risk
567cce4e47a422c4e6e2021a46c979e7,2018-01-04 13:14:34,1,Has Delays,7.0,Onetime,124.9,0.017822250038947825,Need Attention,Medium Risk
5691b0e6c602efe860beab0017c4d12b,2017-11-23 22:16:20,1,On Time,-9.0,Onetime,139.99,0.019975474643333116,Need Attention,Medium Risk
569f382854736533e0f4ec490fb5154d,2017-05-17 17:38:51,1,On Time,-20.0,Onetime,39.9,0.005693416945988936,Lost Customers,High Risk
56b088f218c6c02cd6e86bb9814271cb,2017-08-30 10:56:21,1,On Time,-16.0,Onetime,85.9,0.012257256031590218,Need Attention,Medium Risk
56c355e615aa216a8c404c4f3d22383c,2018-05-23 08:35:19,1,Has Delays,7.0,Onetime,15.0,0.0021403823105221567,Potential Loyalists,Low Risk
56e3a984ef5040797608df8afcba3d75,2018-02-02 09:16:20,1,On Time,-13.0,Onetime,27.99,0.003993953391434344,Need Attention,Medium Risk
56e674dd2fe123d7ddd38e34b53163ac,2018-07-20 17:57:42,1,On Time,-7.0,Onetime,49.99,0.007133180780200174,Potential Loyalists,Low Risk
571fa8594059e717187533599bd0c1c4,2018-03-10 00:33:50,1,On Time,-9.0,Onetime,24.95,0.0035601692431685207,Potential Loyalists,Low Risk
5722e0ac013a86507a09e7b8d4b1d668,2017-06-02 08:48:11,1,On Time,-20.0,Onetime,39.9,0.005693416945988936,Lost Customers,High Risk
5729c597c0f53d54a91b45f64461a958,2018-01-14 17:17:56,1,On Time,-21.0,Onetime,25.0,0.003567303850870261,Need Attention,Medium Risk
572e9e13a44a5e4ac5c42e74b324244f,2017-06-13 11:13:38,1,On Time,-15.0,Onetime,73.9,0.010544950183172492,Need Attention,Medium Risk
574241537a24a10ba4219b4a7c308b4e,2018-08-05 03:49:18,1,On Time,-13.0,Onetime,123.51,0.017623907944839437,Potential Loyalists,Low Risk
5744cb545c3e8137a49e4078190dcb2c,2018-08-06 19:31:50,1,On Time,-12.0,Onetime,0.0,0.0,Potential Loyalists,Low Risk
574f64be1db70c360fbf347751d344aa,2017-12-03 22:09:23,1,On Time,-20.0,Onetime,0.0,0.0,Need Attention,Medium Risk
5759e41ba42319bf0af03ea488526df8,2017-11-18 20:19:18,1,On Time,-17.0,Onetime,0.0,0.0,Lost Customers,High Risk
575e8735ac3203bfb92c7d52919faf70,2018-07-30 21:54:34,1,On Time,-6.0,Onetime,0.0,0.0,Potential Loyalists,Low Risk
57676a65c7de0eef9c74222d306f8fdb,2017-05-23 08:51:27,1,On Time,-15.0,Onetime,0.0,0.0,Lost Customers,High Risk
57687546c853c106a30036e7c483dc7d,2017-11-07 02:55:51,1,On Time,-5.0,Onetime,49.9,0.007120338486337041,Need Attention,Medium Risk
576ea0cab426cd8a00fad9a9c90a4494,2018-06-04 00:00:13,1,On Time,-32.0,Onetime,130.4,0.01860705688613928,Potential Loyalists,Low Risk
577782f64db1967ca343d0515ba9b1d7,2018-03-10 19:54:28,1,On Time,-2.0,Onetime,49.0,0.006991915547705711,Potential Loyalists,Low Risk
57779657370185613aa69cf2dfd6553a,2017-11-26 09:32:58,1,On Time,-15.0,Onetime,139.0,0.01983420941083865,Need Attention,Medium Risk
577a55f3f16b2ac437efb677258f317c,2017-06-03 19:59:55,1,Has Delays,7.0,Onetime,0.0,0.0,Lost Customers,High Risk
577b248d5f425930ca27a980977bbdcf,2017-05-13 15:28:28,1,On Time,-13.0,Onetime,89.9,0.012828024647729459,Need Attention,Medium Risk
577f115bcda2b2d4448620beaa01f8bc,2018-03-14 15:55:57,1,Has Delays,7.0,Onetime,104.0,0.014839984019620285,Potential Loyalists,Low Risk
578a719055f199cc37fc781c943a51dd,2018-04-27 12:03:22,1,On Time,-3.0,Onetime,52.98,0.007559830320764256,Potential Loyalists,Low Risk
5790eb0a154162bb308fa4e642c20585,2018-05-21 08:20:00,1,On Time,-10.0,Onetime,277.8,0.03963988039087034,Potential Loyalists,Low Risk
57a00f215e83a19190f6a5dded389806,2017-02-01 23:33:27,1,On Time,-24.0,Onetime,94.99,0.013554327711766642,Need Attention,Medium Risk
57ab82e6903e4b2b6dfb2664186a7997,2017-07-28 05:34:42,1,On Time,-12.0,Onetime,0.0,0.0,Lost Customers,High Risk
57aee1a8b40587831ca79a06bf0df5f7,2018-02-04 19:34:05,1,On Time,-12.0,Onetime,28.0,0.003995380312974692,Need Attention,Medium Risk
57b0b8c2c522feda58822ffc4f680375,2017-03-15 08:19:58,1,On Time,-16.0,Onetime,259.8,0.037071421618243755,Need Attention,Medium Risk
57bb2889dd7a0bc0cc733019ec8dcf41,2017-08-01 00:02:01,1,On Time,-14.0,Onetime,129.99,0.018548553102985012,Need Attention,Medium Risk
57c3cb7f6511f6f53b8f4180531406ca,2018-02-02 10:06:20,1,On Time,-17.0,Onetime,120.0,0.017123058484177254,Need Attention,Medium Risk
57e2b4ad2d77ceb7034ddaf45564600d,2018-03-07 14:07:47,1,Has Delays,3.0,Onetime,0.0,0.0,Potential Loyalists,Low Risk
57f66dc16e5edbe9417e1e21c783b5a9,2018-08-08 10:25:10,1,On Time,-3.0,Onetime,69.0,0.00984575862840192,Potential Loyalists,Low Risk
57fa50f976b8be14eddbbbe51dcc5cef,2018-02-03 00:18:09,1,On Time,-11.0,Onetime,25.9,0.0036957267895015903,Need Attention,Medium Risk
57fa681a2a71d179145d8029343f8d29,2017-09-25 21:50:22,1,On Time,-17.0,Onetime,69.0,0.00984575862840192,Need Attention,Medium Risk
58042c9e927cb9148140e40a7f431dd4,2018-07-18 08:41:45,1,On Time,-4.0,Onetime,95.0,0.013555754633306992,Potential Loyalists,Low Risk
5805f02470aa5a345996c6cf1eae5be1,2017-08-26 10:26:53,1,On Time,-15.0,Onetime,599.0,0.08547260026685145,Need Attention,Medium Risk
580c099f915e21cb689d394438b087af,2018-02-28 09:57:14,1,On Time,-8.0,Onetime,69.9,0.00997418156703325,Need Attention,Medium Risk
581641ee64988e2cb6569a5370073038,2018-08-16 19:55:53,1,On Time,-7.0,Onetime,91.9,0.01311340895579908,Potential Loyalists,Low Risk
5818716896e61882c80b6044380c0795,2018-04-10 17:25:19,1,On Time,-6.0,Onetime,19.9,0.0028395738652927274,Potential Loyalists,Low Risk
581c85ba0bfacbdb3f21e5ac6fd2187a,2017-11-06 13:48:10,1,On Time,-10.0,Onetime,24.9,0.00355303463546678,Lost Customers,High Risk
5824772f55a94d6c06cbd5df136f5ba4,2018-05-04 10:29:14,1,On Time,-7.0,Onetime,220.64,0.031483596866240575,Potential Loyalists,Low Risk
583973d1d74829deaaff6709f318737f,2018-07-20 17:07:51,1,On Time,-5.0,Onetime,29.0,0.004138072467009503,Potential Loyalists,Low Risk
583fb3ee33cf172db8eedc575ad88d0a,2017-10-22 12:55:42,1,On Time,-13.0,Onetime,0.0,0.0,Lost Customers,High Risk
5840f5f059bef65fc6f3bf1f4eb48e98,2017-11-22 19:18:21,1,On Time,-5.0,Onetime,91.8,0.013099139740395596,Need Attention,Medium Risk
584bb2bc20695e10db1ddc15d027b8b4,2017-10-22 16:53:20,1,On Time,-10.0,Onetime,119.99,0.017121631562636904,Need Attention,Medium Risk
58669aa114ba65257f8f5b8e1a32bcce,2017-05-08 12:20:41,1,On Time,-9.0,Onetime,19.99,0.0028524161591558603,Lost Customers,High Risk
58704dbb44acbec0448a215ac2871320,2017-10-03 19:29:06,1,On Time,-11.0,Onetime,58.99,0.008417410166513468,Need Attention,Medium Risk
587e8e16ce36e70fcf8aff3270177a29,2017-08-17 12:04:48,1,On Time,-13.0,Onetime,110.0,0.01569613694382915,Need Attention,Medium Risk
5882d9af214f8e2acb3e74b94a109c62,2017-11-23 22:44:09,1,On Time,-13.0,Onetime,32.99,0.004707414161608396,Lost Customers,High Risk
5895fc39fdbecc7f650ad561eb1f877d,2018-04-08 11:23:06,1,On Time,-19.0,Onetime,79.0,0.011272680168750025,Potential Loyalists,Low Risk
5898ff704517d3dcae16ca666b5f225a,2017-05-12 22:50:56,1,On Time,-19.0,Onetime,79.9,0.011401103107381355,Need Attention,Medium Risk
589e8441e1957f2c027af0f7b11a2da3,2018-05-03 07:24:46,1,On Time,-20.0,Onetime,159.9,0.02281647543016619,Potential Loyalists,Low Risk
589ee29a3decf9bd5cd8492da02efb2e,2017-03-31 22:28:39,1,On Time,-12.0,Onetime,109.7,0.015653329297618705,Need Attention,Medium Risk
58aa424ba24df5dc745e1a3941abc5a3,2017-01-13 11:06:56,2,On Time,-13.0,Repeated,69.9,0.00997418156703325,At Risk,High Risk
58b54a7b92d168cb5b3edfd435aac721,2017-10-15 15:28:52,1,On Time,-1.0,Onetime,325.0,0.04637495006131339,Need Attention,Medium Risk
58d10d80f3f3dc2d549e0c1f9c63b2c2,2018-05-12 20:52:24,1,On Time,-3.0,Onetime,230.0,0.032819195428006404,Potential Loyalists,Low Risk
58d711f2c39c1043d41d4594e0b5eaf5,2018-06-19 11:44:05,1,On Time,-26.0,Onetime,122.99,0.017549708024741335,Potential Loyalists,Low Risk
58ebb0cdff831dccd8b4009111506f80,2017-09-04 09:26:19,1,On Time,-12.0,Onetime,379.98,0.05422016469014727,Need Attention,Medium Risk
58f20748b5ef303f21ad24e74b8eaa42,2018-01-30 11:51:07,1,On Time,-22.0,Onetime,258.0,0.03681457574098109,Need Attention,Medium Risk
58f58e001ee9414b521c2dc29632f0de,2017-11-16 18:46:37,1,On Time,-9.0,Onetime,79.99,0.011413945401244486,Need Attention,Medium Risk
58fba8b579123690f22f1e0a8cbb8152,2018-03-12 10:05:10,1,On Time,-7.0,Onetime,19.9,0.0028395738652927274,Potential Loyalists,Low Risk
59140aa3bcfa73f0763d85370926b4fa,2018-02-14 17:35:53,1,On Time,-19.0,Onetime,80.98,0.011555210633738948,Need Attention,Medium Risk
59151e2a23ba2273271860147a7ab68d,2018-02-03 10:17:33,1,On Time,-6.0,Onetime,53.99,0.007703949396339416,Need Attention,Medium Risk
591caa52421a11f48900563773d0a188,2018-06-29 17:25:43,1,On Time,-14.0,Onetime,109.99,0.0156947100222888,Potential Loyalists,Low Risk
59213e6a25258039405a711ff8dac4f1,2017-11-24 19:05:35,1,On Time,-12.0,Onetime,59.99,0.008560102320548277,Need Attention,Medium Risk
5925dfa8cd87ab4d852383f7039c8bc2,2018-03-29 12:00:11,1,On Time,-8.0,Onetime,115.0,0.016409597714003202,Potential Loyalists,Low Risk
5936fabf5dfeaa6c31d9f649b5794e2c,2018-07-28 20:07:49,1,On Time,-9.0,Onetime,106.9,0.015253791266321237,Potential Loyalists,Low Risk
593744560cc76cf8dd5b6bac6fdb0cd5,2017-06-23 22:04:36,1,On Time,-15.0,Onetime,0.0,0.0,Lost Customers,High Risk
5945e5712b7d951088ce6d5e13d972e7,2017-11-27 14:53:37,1,On Time,-7.0,Onetime,62.9,0.008975336488789575,Need Attention,Medium Risk
595e38fad1949e25468ad1c7c06924d0,2018-05-12 22:27:38,1,On Time,-19.0,Onetime,563.0,0.08033568272159827,Potential Loyalists,Low Risk
5962b3d00e5c411c4939c732442af00b,2017-11-20 13:53:01,1,On Time,-7.0,Onetime,454.0,0.06478223793180393,Need Attention,Medium Risk
59654be810cae5761b11ae6b37ba187b,2017-06-16 15:16:41,1,On Time,-22.0,Onetime,80.0,0.011415372322784835,Need Attention,Medium Risk
596ed6d7a35890b3fbac54ec01f69685,2017-08-14 17:38:02,1,On Time,-13.0,Onetime,0.0,0.0,Lost Customers,High Risk
596ef1de0dbc8272ca72cfca3b3d871e,2018-08-11 22:25:58,1,On Time,-2.0,Onetime,439.9,0.0627702785599131,Potential Loyalists,Low Risk
597684fc02296fb0a8980e31965ee6c9,2017-02-17 16:23:11,1,On Time,-15.0,Onetime,279.98,0.03995094928666623,Need Attention,Medium Risk
5977d1e8a56fbc27e8675758c2ef7b81,2017-08-29 17:06:45,1,On Time,-10.0,Onetime,25.99,0.0037085690833647228,Lost Customers,High Risk
598303f52e054ede6c3b5d53ba72ff65,2018-03-01 08:47:19,1,On Time,-9.0,Onetime,109.8,0.015667598513022185,Need Attention,Medium Risk
5992a50227b3fba205b0dc1dab14bafb,2017-07-21 07:31:26,1,On Time,-8.0,Onetime,56.99,0.008132025858443848,Need Attention,Medium Risk
5994b30cf00d1fa01b52e85a243cd175,2018-01-03 16:29:43,1,On Time,-20.0,Onetime,194.9,0.027810700821384555,Need Attention,Medium Risk
59bb10015afb7afabc67252dbbf21985,2018-08-14 11:16:44,1,On Time,-15.0,Onetime,24.9,0.00355303463546678,Potential Loyalists,Low Risk
59bf40d8d661b01628706ada5ca977a8,2018-06-17 19:26:51,1,On Time,-16.0,Onetime,89.99,0.01284086694159259,Potential Loyalists,Low Risk
59d8d1ea35c02a6a070ee29944b0ea86,2018-03-13 19:10:37,1,Has Delays,10.0,Onetime,0.0,0.0,Potential Loyalists,Low Risk
59db2660a96eaad61dc5d9787ba6886c,2017-03-16 12:39:35,1,On Time,-3.0,Onetime,69.9,0.00997418156703325,Need Attention,Medium Risk
59f72bd03edfc6d071ee1091ea4dbaa6,2017-03-22 17:25:28,1,On Time,-19.0,Onetime,68.9,0.00983148941299844,Need Attention,Medium Risk
59fb2024ddd74c34d16e3d51ed2960a1,2017-12-12 12:25:26,1,On Time,-14.0,Onetime,49.0,0.006991915547705711,Need Attention,Medium Risk
5a014dabe8de0cc29621e8c8d5ebfd8e,2017-08-31 17:46:40,1,On Time,-15.0,Onetime,174.9,0.024956857740688346,Need Attention,Medium Risk
5a063c05a1aa4b43a9682184e6ab50c8,2018-04-20 11:35:24,1,On Time,-18.0,Onetime,99.9,0.014254946188077563,Potential Loyalists,Low Risk
5a08097006a04f95acc3c2501d0df29b,2018-01-16 13:25:36,1,On Time,-16.0,Onetime,19.9,0.0028395738652927274,Need Attention,Medium Risk
5a0ff93cfaa09dab931deb90247502b5,2018-08-14 10:03:27,1,On Time,-26.0,Onetime,110.65,0.015788886843951775,Potential Loyalists,Low Risk
5a1f6104fa0a124fe00c9bd42048b0c8,2017-08-30 21:21:00,1,On Time,-10.0,Onetime,39.49,0.005634913162834664,Lost Customers,High Risk
5a2cb558cd7a1f5ff0a0c9014a8022e4,2018-06-26 14:00:04,1,On Time,-18.0,Onetime,119.4,0.017037443191756367,Potential Loyalists,Low Risk
5a343a06c98ea19d963edfc4a0126e76,2018-01-02 14:54:52,1,On Time,-13.0,Onetime,68.99,0.00984433170686157,Need Attention,Medium Risk
5a49397fc3ccea61283f726e9b1b813e,2018-04-17 13:07:55,1,On Time,-22.0,Onetime,429.0,0.06121493408093368,Potential Loyalists,Low Risk
5a494c648fde2d1ec4eb614274ea7159,2018-03-08 19:06:05,1,Has Delays,7.0,Onetime,225.0,0.03210573465783235,Potential Loyalists,Low Risk
5a4ac8dc137c5010a2845fc89f2ccd67,2018-05-17 07:39:35,1,On Time,-8.0,Onetime,55.0,0.007848068471914575,Potential Loyalists,Low Risk
5a4d11d56c3c62e630300b2e98a4c195,2017-04-01 17:11:03,1,On Time,-7.0,Onetime,175.3,0.025013934602302272,Need Attention,Medium Risk
5a4fa1e501791e36c757683e9fd20c1b,2018-07-31 22:29:45,1,On Time,-12.0,Onetime,299.0,0.04266495405640832,Potential Loyalists,Low Risk
5a5d23db7ec2b28b8735f7319d528dbe,2017-12-18 20:42:14,1,On Time,-27.0,Onetime,120.0,0.017123058484177254,Need Attention,Medium Risk
5a6d092525ea183026c9b405b903fe0c,2018-04-01 18:27:01,1,On Time,-8.0,Onetime,1099.0,0.15681867728425666,Potential Loyalists,Low Risk
5a99dae4c9606abe29dc96573cdf9356,2018-01-29 19:49:57,1,On Time,-4.0,Onetime,39.99,0.00570625923985207,Need Attention,Medium Risk
5aa053b724a30bb7f32ba18267be3f5a,2018-07-03 14:07:10,1,On Time,-22.0,Onetime,97.5,0.013912485018394016,Potential Loyalists,Low Risk
5ab63a2b407c27ca68d825930de62ae4,2018-01-17 17:50:10,1,On Time,-15.0,Onetime,127.0,0.018121903562420924,Need Attention,Medium Risk
5abb229ffc19bcdf38b5a988fd6886fd,2017-08-24 01:40:27,1,On Time,-16.0,Onetime,69.9,0.00997418156703325,Need Attention,Medium Risk
5ad755f2bc4d98be17d9f42b3c1f0c4b,2018-04-13 12:10:45,1,On Time,-25.0,Onetime,0.0,0.0,Potential Loyalists,Low Risk
5ad96d7a95788923e8ff455366a90015,2017-06-17 21:09:49,1,On Time,-20.0,Onetime,528.0,0.0753414573303799,Need Attention,Medium Risk
5adbbdc3ad3fdea440538bb612c3bf3d,2017-10-10 22:17:59,1,On Time,-7.0,Onetime,169.0,0.024114974031882966,Need Attention,Medium Risk
5adcde68f0d0cfd95225aea102dd0167,2017-06-29 16:38:51,1,On Time,-16.0,Onetime,39.9,0.005693416945988936,Lost Customers,High Risk
5ae08af8f3515283b1828222edcb9aea,2018-07-25 04:46:10,1,On Time,-17.0,Onetime,36.5,0.005208263622270581,Potential Loyalists,Low Risk
5aea5fc896e4a5d9c6b62ee0d4865995,2017-11-16 12:29:37,1,On Time,-8.0,Onetime,73.35,0.010466469498453345,Need Attention,Medium Risk
5aee9c41242adc68d09a0bab4aecd7ff,2018-01-31 13:32:39,1,On Time,-11.0,Onetime,29.9,0.004266495405640831,Need Attention,Medium Risk
5af9e3c7acac75b674e2a7510bf32f69,2018-03-03 17:11:33,1,On Time,-6.0,Onetime,35.0,0.004994225391218366,Potential Loyalists,Low Risk
5afd3be8c186cc3c4bd4886d3d402473,2018-04-29 10:56:37,1,On Time,-15.0,Onetime,60.0,0.008561529242088627,Potential Loyalists,Low Risk
5afde1c9bba8add22daf7930d6c8fd83,2018-08-12 18:31:46,1,On Time,-16.0,Onetime,199.9,0.028524161591558603,Potential Loyalists,Low Risk
5b1be9ec4d6e0f2e3eb073aa560344f5,2018-03-07 19:01:13,1,On Time,-7.0,Onetime,53.49,0.007632603319322011,Potential Loyalists,Low Risk
5b26618da34612cc4947bbf6ef4fb67c,2018-02-17 11:16:54,1,On Time,-14.0,Onetime,129.0,0.018407287870490546,Need Attention,Medium Risk
5b2f88631e76ec357578704f3a123737,2017-10-26 11:22:23,1,On Time,-15.0,Onetime,37.25,0.0053152827377966885,Lost Customers,High Risk
5b3186d7cf904f2f9369aec26faba4d2,2017-09-20 17:12:10,1,On Time,-17.0,Onetime,159.9,0.02281647543016619,Need Attention,Medium Risk
5b3701e58aad8913eee15daaf03c0a9b,2017-07-28 17:03:33,1,On Time,-21.0,Onetime,54.06,0.007713937847121852,Need Attention,Medium Risk
5b393d31d0c95acec0bc78472596d668,2017-10-27 15:12:49,1,On Time,-23.0,Onetime,139.0,0.01983420941083865,Need Attention,Medium Risk
5b586399e94f316df6602acbe6d80f70,2018-08-20 23:06:39,1,On Time,-6.0,Onetime,59.0,0.008418837088053816,Potential Loyalists,Low Risk
5b93d204e1d3130dd6ede5da588c0bcb,2018-02-18 11:02:12,1,Has Delays,1.0,Onetime,92.0,0.01312767817120256,Need Attention,Medium Risk
5b9a423471efacaa2b6d3ff74db0a572,2018-05-06 20:41:19,1,On Time,-9.0,Onetime,44.9,0.006406877716162988,Potential Loyalists,Low Risk
5ba20615a231459a4120721fec77e635,2018-03-23 16:39:38,1,On Time,-14.0,Onetime,0.0,0.0,Potential Loyalists,Low Risk
5bae40c0db261997972f0fe5ff3fd680,2018-02-28 13:15:20,1,Has Delays,4.0,Onetime,42.79,0.006105797271149538,Need Attention,Medium Risk
5bb9ad6df9af9994190955a8b9b5b7c1,2018-07-09 14:31:00,1,On Time,-10.0,Onetime,0.0,0.0,Potential Loyalists,Low Risk
5bbc03d010ac4dbcfdfa2018349c8f6e,2018-05-09 18:27:00,1,On Time,-7.0,Onetime,199.0,0.02839573865292728,Potential Loyalists,Low Risk
5bc01c59a5e53b65fe0cef8f493dbde6,2018-05-02 09:27:02,1,On Time,-24.0,Onetime,99.9,0.014254946188077563,Potential Loyalists,Low Risk
5bc4d654dc4eb95cbd977eafadb38383,2018-01-11 21:42:30,1,On Time,-8.0,Onetime,0.0,0.0,Need Attention,Medium Risk
5bd6c03585f70d7c822c736ccaa053ad,2017-03-11 00:05:55,1,On Time,-11.0,Onetime,123.9,0.017679557884913013,Need Attention,Medium Risk
5bf05b782061b0bd881a17616f9833ac,2018-06-08 18:43:32,1,On Time,-16.0,Onetime,106.0,0.015125368327689907,Potential Loyalists,Low Risk
5bf4ea2d98005b960eea0dbf652ef4e7,2018-05-15 10:27:01,1,Has Delays,10.0,Onetime,120.0,0.017123058484177254,Potential Loyalists,Low Risk
5bf9347f1623a50060ce723051f47f0d,2018-01-02 16:02:11,1,On Time,-14.0,Onetime,34.99,0.0049927984696780175,Need Attention,Medium Risk
5c00e849b56a56ea31560d5d66f933e9,2018-08-12 12:04:03,1,On Time,-8.0,Onetime,0.0,0.0,Potential Loyalists,Low Risk
5c0916024bf8ac6780aa07dce317aaf6,2017-12-17 11:25:52,1,On Time,-15.0,Onetime,885.0,0.12628255632080723,Need Attention,Medium Risk
5c172742a150b58f4407bc5f87adaa00,2017-03-22 22:47:42,1,On Time,-12.0,Onetime,279.99,0.039952376208206575,Need Attention,Medium Risk
5c258f7c0ff4f829eec200d6b9ed6994,2017-09-03 15:21:44,1,On Time,-15.0,Onetime,299.9,0.04279337699503965,Need Attention,Medium Risk
5c3381a3f2f32b5085807b0807169501,2017-05-26 09:19:13,1,On Time,-15.0,Onetime,69.9,0.00997418156703325,Need Attention,Medium Risk
5c338a1f817634937de82b48141a62a3,2017-08-05 16:00:56,1,On Time,-13.0,Onetime,104.9,0.014968406958251615,Need Attention,Medium Risk
5c3914b94ee76459cbcc768f1bd2dd0a,2018-07-26 13:59:29,1,On Time,-4.0,Onetime,499.9,0.07133180780200173,Potential Loyalists,Low Risk
5c418501b87e13cd0dfdb50fe6f1d96d,2017-10-01 15:17:41,1,On Time,-12.0,Onetime,0.0,0.0,Lost Customers,High Risk
5c41a21d4f964c189c2ad704dd18d11f,2018-03-04 15:30:14,1,On Time,-14.0,Onetime,174.56,0.024908342408316513,Potential Loyalists,Low Risk
5c47a11698cdcede9a8b2335e5a71d9f,2018-01-18 23:40:46,1,On Time,-11.0,Onetime,0.0,0.0,Need Attention,Medium Risk
5c54682e89c9fbd2d29d2efde2601b88,2017-08-25 20:57:41,1,On Time,-12.0,Onetime,172.33,0.024590138904818884,Need Attention,Medium Risk
5c585e7a98e329454ba75d494a0019be,2017-10-23 17:11:15,1,On Time,-13.0,Onetime,64.99,0.00927356309072233,Need Attention,Medium Risk
5c74db72c1cdc37dc37c27542ec62542,2017-07-14 16:49:26,1,On Time,-2.0,Onetime,12.5,0.0017836519254351305,Lost Customers,High Risk
5c76d8bdec8e69f3bf4bcc379e72a865,2018-06-11 11:17:59,1,On Time,-13.0,Onetime,0.0,0.0,Potential Loyalists,Low Risk
5c8a8ede9e5ca9d3276b26d56e7de37d,2017-11-27 17:19:58,1,On Time,-7.0,Onetime,159.9,0.02281647543016619,Need Attention,Medium Risk
5c8b41ba21631ca0432de4a10a56fcf1,2017-03-20 10:44:52,1,On Time,-10.0,Onetime,116.0,0.01655228986803801,Need Attention,Medium Risk
5c91001431c31b0b355a154d4f498177,2017-08-20 11:07:39,1,On Time,-7.0,Onetime,75.0,0.010701911552610783,Need Attention,Medium Risk
5c9ce64e6f59daa383b4b3cf25d393d3,2018-03-28 16:57:56,1,On Time,0.0,Onetime,179.49,0.025611814727708127,Potential Loyalists,Low Risk
5c9f880e50f2b098a6e4fb396205b27e,2017-03-26 20:55:07,1,On Time,-10.0,Onetime,48.9,0.00697764633230223,Need Attention,Medium Risk
5c9f8b7abc2b49d75a2f6711deada9a1,2018-08-17 08:47:03,1,On Time,-18.0,Onetime,104.0,0.014839984019620285,Potential Loyalists,Low Risk
5cac520e0d32fbde17b1eec2eed08f37,2018-08-02 12:06:27,1,On Time,0.0,Onetime,22.35,0.003189169642678013,Potential Loyalists,Low Risk
5cbb48126229b0f4f6f000dd00c8b698,2018-02-19 17:46:18,1,On Time,-20.0,Onetime,99.9,0.014254946188077563,Need Attention,Medium Risk
5cbf29b2dcf212a6a5d864b887238c72,2017-09-13 09:18:50,1,On Time,-4.0,Onetime,110.0,0.01569613694382915,Need Attention,Medium Risk
5cce1bd373a2348ab2b6f52f594ef6d2,2017-02-15 09:50:18,1,On Time,-62.0,Onetime,0.0,0.0,Lost Customers,High Risk
5cdc02ef57bf0f8500c2876200c620ec,2018-06-21 19:00:44,1,On Time,-16.0,Onetime,130.0,0.018549980024525358,Potential Loyalists,Low Risk
5cdd235f266a268a095324c53c446396,2017-11-24 14:27:49,1,Has Delays,3.0,Onetime,119.9,0.017108789268773773,Need Attention,Medium Risk
5cedf45c32b109d617232373027a8959,2018-02-04 18:11:58,1,On Time,-20.0,Onetime,139.91,0.019964059271010328,Need Attention,Medium Risk
5cf21d69d40b50119524be327a12ed7b,2018-01-21 22:20:52,1,On Time,-3.0,Onetime,0.0,0.0,Need Attention,Medium Risk
5d0a025a2f2bd75a48de87b18228e67a,2017-10-28 12:09:57,1,On Time,-14.0,Onetime,280.0,0.039953803129746925,Need Attention,Medium Risk
5d0f9e059b388d11c92560a0031b97d2,2017-11-15 16:18:30,1,Has Delays,8.0,Onetime,217.8,0.031078351148781713,Need Attention,Medium Risk
5d2da9cc2b6e9a3091833386fccad629,2017-09-04 19:27:44,1,On Time,-6.0,Onetime,109.9,0.01568186772842567,Need Attention,Medium Risk
5d3e6a61592164c2924ccec5c7f56058,2018-04-25 01:03:27,1,On Time,-23.0,Onetime,274.9,0.039226073144169385,Potential Loyalists,Low Risk
5d4860175560b328f70a058bf6fa2278,2017-12-06 13:07:22,1,On Time,-11.0,Onetime,37.9,0.005408032637919316,Need Attention,Medium Risk
5d5829e2a0b08bcad7b3606381d7c11f,2017-11-16 19:37:21,1,On Time,-11.0,Onetime,184.0,0.02625535634240512,Need Attention,Medium Risk
5d6ebee8a8bd2d5012d04e7be94ea5e6,2018-07-04 10:15:33,1,On Time,-3.0,Onetime,34.9,0.004979956175814883,Potential Loyalists,Low Risk
5d710d9a48ebb7fe5ffc2940ff29f346,2018-02-10 13:26:59,1,On Time,-20.0,Onetime,24.89,0.003551607713926432,Need Attention,Medium Risk
5d81094365fbd7cb0e548f4508fa5e62,2018-03-10 23:24:50,1,Has Delays,15.0,Onetime,149.9,0.021389553889818086,Potential Loyalists,Low Risk
5d86e4c7d9e944ebaab065f2588f45f9,2017-07-13 14:01:21,1,On Time,-2.0,Onetime,258.9,0.03694299867961242,Need Attention,Medium Risk
5d9a8a6c059280f7d8dab99e2d025a28,2017-12-29 11:02:33,1,On Time,-14.0,Onetime,157.77,0.022512541142072046,Need Attention,Medium Risk
5db263994edb3b2ca1efe7474793bf82,2017-05-20 02:38:23,1,On Time,-15.0,Onetime,11.9,0.0016980366330142443,Lost Customers,High Risk
5db7217aca46713f098e62c6e33990ca,2018-04-16 10:37:51,1,On Time,-17.0,Onetime,78.9,0.011258410953346544,Potential Loyalists,Low Risk
5dcae475de267e3304949b772a368008,2018-02-08 11:26:09,1,On Time,-26.0,Onetime,0.0,0.0,Need Attention,Medium Risk
5dda09ed137461608be539348c1dac39,2018-02-10 15:13:12,1,On Time,-10.0,Onetime,67.9,0.009688797258963629,Need Attention,Medium Risk
5ddb4fdd9cef2450d17ae20639815885,2017-03-30 07:50:33,1,On Time,-16.0,Onetime,0.0,0.0,Lost Customers,High Risk
5df8710e0e69a1b21ec96bca50cc6c64,2017-07-19 21:09:11,1,On Time,-12.0,Onetime,65.7,0.009374874520087046,Need Attention,Medium Risk
5e065c2ae315b9c4549a30b40277d6ad,2018-08-09 16:53:00,1,On Time,-12.0,Onetime,61.9,0.008832644334754766,Potential Loyalists,Low Risk
5e380d3468af33b77e184046b8061a2c,2018-01-11 09:46:16,1,On Time,-20.0,Onetime,64.8,0.009246451581455714,Need Attention,Medium Risk
5e595be768fd3dc726cfb9022af58bb3,2018-07-18 11:55:47,1,On Time,-7.0,Onetime,115.0,0.016409597714003202,Potential Loyalists,Low Risk
5e631f0a317ae2d8919e83a94b0b51f8,2018-07-02 18:42:38,1,Has Delays,2.0,Onetime,89.9,0.012828024647729459,Potential Loyalists,Low Risk
5e702aef56ab73d6c6e7b870277edec9,2018-04-22 17:13:22,1,On Time,-14.0,Onetime,120.0,0.017123058484177254,Potential Loyalists,Low Risk
5e76cb6542fa7e072916af1effd97f36,2017-08-10 09:18:48,1,On Time,-19.0,Onetime,56.99,0.008132025858443848,Need Attention,Medium Risk
5e809f39163aadeda694b51606b02d49,2018-02-06 17:01:53,1,On Time,-35.0,Onetime,99.99,0.014267788481940694,Need Attention,Medium Risk
5e84fa91d1c2807746b36bdb389c7087,2017-12-06 09:16:12,1,On Time,-8.0,Onetime,13.65,0.0019477479025751625,Need Attention,Medium Risk
5e8a37a9db66531212450e6bd9a3c9ad,2018-05-10 17:48:41,1,On Time,-14.0,Onetime,0.0,0.0,Potential Loyalists,Low Risk
5e8daf8c56e7ea57b7b508ea39d345c6,2018-06-23 18:19:04,1,On Time,-19.0,Onetime,75.96,0.0108388960204842,Potential Loyalists,Low Risk
5e965d35ef2083367ff713df75fa6f16,2018-02-28 17:00:28,1,On Time,-11.0,Onetime,0.0,0.0,Need Attention,Medium Risk
5ea8ee291160002ea22b11f2c54a6c00,2017-09-13 00:33:15,1,On Time,-13.0,Onetime,69.9,0.00997418156703325,Need Attention,Medium Risk
5eb26be6d23fe97220a9333113b0e45a,2017-09-29 21:38:55,1,On Time,-14.0,Onetime,18.5,0.002639804849643993,Lost Customers,High Risk
5ebb4b34c5aeed7ddda4fefe8e38f64a,2018-08-22 21:26:03,1,On Time,-20.0,Onetime,95.38,0.01360997765184022,Potential Loyalists,Low Risk
5ec6ec6338fe161e42b765f5ded9d69c,2017-07-12 18:45:24,1,On Time,-20.0,Onetime,150.0,0.021403823105221566,Need Attention,Medium Risk
5ed53f77ca69273ec06bcf3967a270db,2017-12-20 19:06:19,1,On Time,-19.0,Onetime,29.9,0.004266495405640831,Need Attention,Medium Risk
5ee57c2c09a8207dd889ca527f27bc39,2017-09-08 10:32:20,1,On Time,-12.0,Onetime,69.9,0.00997418156703325,Need Attention,Medium Risk
5eeb4fb67e6d3276ba73e4cf2f584fa6,2018-01-21 22:03:00,1,On Time,-21.0,Onetime,59.0,0.008418837088053816,Need Attention,Medium Risk
5ef3e5d1f29c98aeda2d09225be21d8f,2018-03-24 16:14:29,1,On Time,-3.0,Onetime,0.0,0.0,Potential Loyalists,Low Risk
5ef5ee5db0d3088844b10293c5535a95,2018-05-07 13:59:25,1,On Time,-3.0,Onetime,51.81,0.0073928805005435295,Potential Loyalists,Low Risk
5efcc46e1fee22373a28eb2b0f26a6fc,2017-05-16 12:28:32,2,On Time,-16.0,Repeated,117.80000000000001,0.01680913574530067,Need Attention,Medium Risk
5efe3bb2ff056a6a0f2370818502daed,2017-10-15 17:27:14,1,On Time,-6.0,Onetime,278.0,0.0396684188216773,Need Attention,Medium Risk
5efea094993d7cad5dcf720125dbf199,2018-07-05 21:41:51,1,On Time,-9.0,Onetime,44.9,0.006406877716162988,Potential Loyalists,Low Risk
5f03b965e26e79a371d229cfeeb578d7,2017-06-20 13:08:17,1,On Time,-9.0,Onetime,39.9,0.005693416945988936,Lost Customers,High Risk
5f204b6a83d8d323d4c2935f71cbbbbb,2018-06-25 22:45:23,1,On Time,-14.0,Onetime,50.49,0.007204526857217579,Potential Loyalists,Low Risk
5f241b7659042015a3c45005ef37c0ec,2018-04-27 21:12:02,1,On Time,-10.0,Onetime,116.9,0.016680712806669343,Potential Loyalists,Low Risk
5f28e0db75ddc9aec85f8c30533b95ba,2017-12-19 15:55:46,1,On Time,-13.0,Onetime,89.9,0.012828024647729459,Need Attention,Medium Risk
5f2a213343d506264f78cb82dd914434,2017-02-14 15:39:32,1,On Time,-23.0,Onetime,195.0,0.027824970036788032,Need Attention,Medium Risk
5f349193a205124186b7433d20ac52e6,2018-08-07 10:11:54,1,On Time,-15.0,Onetime,44.0,0.006278454777531659,Potential Loyalists,Low Risk
5f38cc36e507c4d880489be38964af19,2018-01-02 19:20:35,1,On Time,-9.0,Onetime,168.9,0.024100704816479482,Need Attention,Medium Risk
5f46ee96a6c1d425dceafdf4bfa695cd,2017-11-24 20:40:42,1,On Time,-10.0,Onetime,82.9,0.011829179569485785,Need Attention,Medium Risk
5f55955ddaecbb08c84de1fabef864f1,2018-02-23 23:33:40,1,On Time,-12.0,Onetime,39.9,0.005693416945988936,Need Attention,Medium Risk
5f57fbe4dbe536ba08c38e0cc55a16b6,2017-06-25 21:33:03,1,On Time,-20.0,Onetime,59.8,0.008532990811281662,Need Attention,Medium Risk
5f5c98eeb7493cc2ba1a27b73207ea6b,2017-09-21 15:10:47,1,On Time,-19.0,Onetime,0.0,0.0,Lost Customers,High Risk
5f625106b926dd7fe59fc55a87023068,2018-01-09 19:59:13,1,On Time,-27.0,Onetime,0.0,0.0,Need Attention,Medium Risk
5f7776426b25da9e5d212c3de7102003,2018-06-26 14:00:54,1,On Time,-21.0,Onetime,104.71,0.014941295448985,Potential Loyalists,Low Risk
5f7d7732b351ce851a158528581af05f,2018-06-01 12:23:13,1,On Time,-29.0,Onetime,445.0,0.06349800854549065,Potential Loyalists,Low Risk
5f804c4f73397c6b7d0643012d788c83,2018-07-15 18:48:15,1,On Time,-7.0,Onetime,100.99,0.014410480635975505,Potential Loyalists,Low Risk
5f94af52aef02c968a2e0f01f430864e,2017-06-05 21:14:52,1,On Time,-10.0,Onetime,0.0,0.0,Lost Customers,High Risk
5f96ec83805d059fcff96db83a407338,2018-06-04 13:25:25,1,On Time,-37.0,Onetime,145.9,0.020818785273678843,Potential Loyalists,Low Risk
5f9d0a2d1cbdc542a46b46a8b3511701,2018-06-10 15:01:09,1,On Time,-15.0,Onetime,132.0,0.018835364332594976,Potential Loyalists,Low Risk
5fa1f56316f4154109ceb42651385b7c,2018-04-25 22:18:10,1,On Time,-17.0,Onetime,129.9,0.018535710809121878,Potential Loyalists,Low Risk
5faabfe6772088c4d906b63fa81ac63d,2017-07-18 12:35:54,1,On Time,-9.0,Onetime,84.9,0.012114563877555407,Need Attention,Medium Risk
5fbd0db43d845f806db24e5ef013b81e,2018-08-10 17:15:07,1,On Time,-1.0,Onetime,0.0,0.0,Potential Loyalists,Low Risk
5fc3d50ea403c13924c8abd94c29e343,2017-08-06 10:29:08,1,On Time,-7.0,Onetime,49.5,0.0070632616247231165,Need Attention,Medium Risk
5fd0cae43a6002e194fe471367ee22d2,2018-01-23 23:59:03,1,On Time,-20.0,Onetime,79.8,0.011386833891977872,Need Attention,Medium Risk
5fe52c2b0468fc25bba30f41035c4540,2018-04-23 13:22:32,1,On Time,-35.0,Onetime,20.9,0.002982266019327538,Potential Loyalists,Low Risk
5ff5ee62ebd03a9ade4bb576f7f1e483,2018-08-07 13:40:51,1,On Time,-1.0,Onetime,49.49,0.007061834703182769,Potential Loyalists,Low Risk
601d7421c2ded8c1caffb014b9f19d79,2018-03-17 03:08:01,1,On Time,-10.0,Onetime,79.99,0.011413945401244486,Potential Loyalists,Low Risk
602517e0d22bad1e86ec4cc2fa58a147,2017-11-17 05:56:03,1,Has Delays,9.0,Onetime,169.9,0.024243396970514294,Need Attention,Medium Risk
603101e05adcd4cc4ade66118784ddae,2018-06-11 22:00:28,1,On Time,-10.0,Onetime,79.9,0.011401103107381355,Potential Loyalists,Low Risk
60389b9628af3e1ed0b3d14226b77994,2018-03-23 11:20:04,1,On Time,-9.0,Onetime,46.9,0.006692262024232609,Potential Loyalists,Low Risk
603cefd1ec4a18c001bab386bdae59f2,2018-02-15 08:13:47,1,On Time,-10.0,Onetime,389.0,0.05550724791954126,Need Attention,Medium Risk
605ae81a185108a9c8192bae163c27db,2018-01-23 17:33:09,1,On Time,-16.0,Onetime,19.9,0.0028395738652927274,Need Attention,Medium Risk
607eabaa3707bbcbb4313d9d3c81d385,2018-02-20 18:03:43,1,Has Delays,20.0,Onetime,224.9,0.03209146544242887,Need Attention,Medium Risk
608573e503c6ac065f5910426e6cac4e,2018-01-04 21:00:25,1,On Time,-14.0,Onetime,0.0,0.0,Need Attention,Medium Risk
6087cfc70fd833cf2db637a5e6e9d76b,2017-12-26 23:41:31,1,On Time,-21.0,Onetime,27.99,0.003993953391434344,Need Attention,Medium Risk
608b221bbdb07cb279018c0dd04cc730,2018-04-30 09:38:14,1,On Time,-15.0,Onetime,1499.0,0.21389553889818083,Potential Loyalists,Low Risk
609854a129474911451a1f000a125c3b,2017-09-30 09:20:02,1,On Time,-16.0,Onetime,59.9,0.008547260026685145,Need Attention,Medium Risk
609adc68db390a15fd21648c496f50b7,2017-03-12 14:02:57,1,On Time,-17.0,Onetime,69.9,0.00997418156703325,Need Attention,Medium Risk
60a22f2188cd2b544c45f103d0e00539,2017-09-14 20:27:07,1,On Time,-6.0,Onetime,0.0,0.0,Lost Customers,High Risk
60af18e2b219938a9c9755aa018cd46c,2018-04-01 20:18:06,1,On Time,-9.0,Onetime,79.0,0.011272680168750025,Potential Loyalists,Low Risk
60b1b4c715a06c7120279bc8da388fd2,2017-04-11 13:37:00,1,On Time,-8.0,Onetime,18.16,0.0025912895172721575,Lost Customers,High Risk
60cf7bedff25cf587405fb4eceab96cd,2017-01-26 22:15:22,1,On Time,-16.0,Onetime,89.99,0.01284086694159259,Need Attention,Medium Risk
60d08ee77b56c753e9931670118dd31a,2017-08-31 09:05:03,1,On Time,-9.0,Onetime,152.22,0.021720599687178845,Need Attention,Medium Risk
60e2c1c1b1d94d1a3f157741545ffc39,2018-08-01 13:52:56,1,On Time,-13.0,Onetime,16.29,0.002324455189227062,Potential Loyalists,Low Risk
60e6fe581610db699ac03fec61f4d53f,2017-01-26 15:37:27,1,On Time,-22.0,Onetime,65.0,0.009274990012262679,Need Attention,Medium Risk
60fc4b9636e847212b8c69cc13f4da82,2018-02-19 11:11:12,1,On Time,-14.0,Onetime,149.0,0.021261130951186754,Need Attention,Medium Risk
611009570f605781020550bff8c0d7a5,2017-11-03 21:54:45,1,On Time,-2.0,Onetime,95.0,0.013555754633306992,Need Attention,Medium Risk
6110fc2216f14d1efaa683050a262e90,2017-06-16 00:22:49,1,On Time,-22.0,Onetime,359.5,0.05129782937551436,Need Attention,Medium Risk
611110d26326c28456ebe437516be00e,2017-01-25 11:45:19,1,On Time,-23.0,Onetime,0.0,0.0,Lost Customers,High Risk
61159604e28034ef05a1a8591317e4b6,2017-11-13 23:27:02,1,Has Delays,9.0,Onetime,154.9,0.022103014659992138,Need Attention,Medium Risk
61181b9bc9188678b5991d89064dd961,2017-02-24 23:39:21,1,On Time,-13.0,Onetime,0.0,0.0,Lost Customers,High Risk
6143af65fa3b3ba78098b7117ef00d23,2018-06-21 20:23:43,1,On Time,-23.0,Onetime,0.0,0.0,Potential Loyalists,Low Risk
6143fffd88e5596d56beab1eb8b1c5ee,2018-01-26 21:27:53,1,On Time,-5.0,Onetime,53.0,0.007562684163844953,Need Attention,Medium Risk
6146f341573c3d49d52cb007c14796e2,2018-08-01 21:22:16,1,Has Delays,2.0,Onetime,34.9,0.004979956175814883,Potential Loyalists,Low Risk
616309b2eeb7bd9c05b0fdfbab28e6c6,2018-06-20 09:46:53,1,On Time,-11.0,Onetime,134.9,0.01924917157929593,Potential Loyalists,Low Risk
616ec2f13ea3c1ec4582808ab05f3251,2017-03-27 19:57:16,1,On Time,-13.0,Onetime,299.0,0.04266495405640832,Need Attention,Medium Risk
6172bd5b7f52ade8c6c4548b448ff54f,2017-07-06 14:51:37,1,On Time,-14.0,Onetime,2999.89,0.42806076596748743,Need Attention,Medium Risk
617fef83062c1fcccd20798268cb6199,2018-03-29 06:43:10,1,On Time,-10.0,Onetime,45.0,0.00642114693156647,Potential Loyalists,Low Risk
6189b291a65a3209d34b330f8f0e8373,2017-10-24 11:34:33,1,On Time,-13.0,Onetime,298.0,0.04252226190237351,Need Attention,Medium Risk
618ab23cb329ac11c84bc092ddb4bf09,2018-01-24 14:19:05,1,On Time,-21.0,Onetime,179.89000000000001,0.025668891589322052,Need Attention,Medium Risk
6194f8cda70a2a8a3eb91467b04a6fae,2018-06-20 08:57:50,1,On Time,-17.0,Onetime,60.0,0.008561529242088627,Potential Loyalists,Low Risk
619971e88ce09faa7047a97feb887755,2018-06-26 09:43:53,1,On Time,-5.0,Onetime,114.9,0.01639532849859972,Potential Loyalists,Low Risk
61b262310a6e93c6b63efa804ce63a7a,2018-01-29 13:38:02,1,On Time,-5.0,Onetime,159.98,0.02282789080248897,Need Attention,Medium Risk
61bc6c4a059f69ea37ec1fc5abfca27f,2018-03-09 16:41:08,1,On Time,-16.0,Onetime,0.0,0.0,Potential Loyalists,Low Risk
61bf8e4656ece5791021786c756f1894,2018-07-04 14:45:20,1,On Time,-21.0,Onetime,189.9,0.0270972400512105,Potential Loyalists,Low Risk
61cd1aa2c24f2dde3e451da8d049fd81,2018-06-28 00:27:12,1,On Time,-12.0,Onetime,0.0,0.0,Potential Loyalists,Low Risk
61d35cbf1edc461d853a4401e5212ef7,2018-01-06 13:40:59,1,On Time,-24.0,Onetime,139.99,0.019975474643333116,Need Attention,Medium Risk
61e65a8282833fe8aa8d7be296a1fabf,2018-02-05 17:40:34,1,Has Delays,4.0,Onetime,153.0,0.021831899567325997,Need Attention,Medium Risk
61ed6dbae0e47f36937a930897a9afa7,2018-08-17 07:59:51,1,On Time,-12.0,Onetime,66.0,0.009417682166297488,Potential Loyalists,Low Risk
61f2b8785cd7055928661d8279a55d6a,2018-02-10 13:18:14,1,On Time,-8.0,Onetime,19.99,0.0028524161591558603,Need Attention,Medium Risk
620123772a3dcba2bd22515fb40e1fb3,2017-12-07 15:40:14,1,On Time,-20.0,Onetime,33.5,0.004780187160166149,Need Attention,Medium Risk
6219e27197bb69d46b4df3fcc2325edf,2018-03-08 21:36:23,1,On Time,-12.0,Onetime,14.9,0.0021261130951186757,Potential Loyalists,Low Risk
62234bde75e95fb025e2499a0a3bbc2d,2018-01-25 08:43:46,1,On Time,-9.0,Onetime,14.6,0.0020833054489082323,Need Attention,Medium Risk
622ab02b1f004f1b9a11fee1634bd1c7,2017-08-03 19:48:22,1,On Time,-7.0,Onetime,39.9,0.005693416945988936,Lost Customers,High Risk
622ad62f1ec148052d38f7b1cf3245dd,2017-06-03 10:47:56,1,On Time,-14.0,Onetime,24.9,0.00355303463546678,Lost Customers,High Risk
6243e6aedca8bf97d0e619c5eed532be,2018-03-10 13:39:36,1,On Time,-13.0,Onetime,159.0,0.022688052491534858,Potential Loyalists,Low Risk
624ddea0a7efc078dcb7d99117f55769,2017-08-16 22:34:10,1,On Time,-26.0,Onetime,32.64,0.004657471907696212,Lost Customers,High Risk
626495d0fb14f39da07290bb8d984ebf,2017-04-20 16:18:26,1,On Time,-7.0,Onetime,17.5,0.002497112695609183,Lost Customers,High Risk
6271a931d9d3071a8777ca5be52771a4,2018-03-04 18:31:38,1,Has Delays,11.0,Onetime,149.9,0.021389553889818086,Potential Loyalists,Low Risk
628bdd93abd27fbdd50f4e2e91ec64b3,2018-01-02 09:45:15,2,On Time,-14.0,Repeated,39.9,0.005693416945988936,Need Attention,Medium Risk
629fb99609e4613c746af4eaa455c91a,2018-05-16 20:57:48,1,Has Delays,8.0,Onetime,18.0,0.0025684587726265877,Potential Loyalists,Low Risk
62b9dc37369a8f35376fd855473dd86c,2017-11-26 20:36:27,1,On Time,-19.0,Onetime,0.0,0.0,Lost Customers,High Risk
62bc80a87f8fd6a0ec196436009e0f8b,2017-05-02 22:36:47,1,On Time,-13.0,Onetime,129.99,0.018548553102985012,Need Attention,Medium Risk
62d824384528b8f24550482f6f1dd751,2018-02-05 20:31:24,1,On Time,-21.0,Onetime,0.0,0.0,Need Attention,Medium Risk
62dbf95632be2b7c3a8b0ee94abd4cf8,2017-11-24 11:56:51,1,Has Delays,7.0,Onetime,249.0,0.0355303463546678,Need Attention,Medium Risk
62e539dbae33b2188f41136488f334fe,2017-11-17 13:10:42,1,On Time,-8.0,Onetime,194.0,0.027682277882753223,Need Attention,Medium Risk
6300bc55fc0edb7f2623cddf51ba7502,2018-01-11 08:30:28,1,On Time,-18.0,Onetime,29.9,0.004266495405640831,Need Attention,Medium Risk
630e7d4236d6daef990ce5cced20ad12,2017-05-25 21:45:54,1,On Time,-13.0,Onetime,0.0,0.0,Lost Customers,High Risk
6320304c0bed4ea461d256379a65d231,2018-04-03 11:53:18,1,On Time,-7.0,Onetime,48.9,0.00697764633230223,Potential Loyalists,Low Risk
63386c87125fd15ae6798a09856e9eff,2017-06-26 07:04:39,1,On Time,-13.0,Onetime,33.8,0.004822994806376592,Lost Customers,High Risk
633bd93d8ea8d1b21a3c03a466862f35,2018-06-14 18:37:58,1,On Time,-13.0,Onetime,127.5,0.01819324963943833,Potential Loyalists,Low Risk
634c7fe1285068fb2dd1437f76270037,2018-06-16 18:30:30,1,On Time,-20.0,Onetime,34.9,0.004979956175814883,Potential Loyalists,Low Risk
634f09f6075fe9032e6c19609ffe995a,2017-10-26 15:54:26,1,On Time,-15.0,Onetime,228.0,0.03253381111993678,Need Attention,Medium Risk
6366dc709d3d45f3fb76d56ded95f9ca,2017-05-16 17:48:36,1,On Time,-9.0,Onetime,64.99,0.00927356309072233,Need Attention,Medium Risk
637083b346bff4660523a74fc4fa8b73,2017-12-05 15:24:25,1,On Time,-8.0,Onetime,29.99,0.0042793376995039645,Need Attention,Medium Risk
638b18c123d3a826c0df0e677ad76f0e,2018-05-11 12:27:18,1,On Time,-8.0,Onetime,64.9,0.009260720796859197,Potential Loyalists,Low Risk
638c740ca54108e59dfd571ab7c0b764,2017-03-06 13:56:19,1,On Time,-14.0,Onetime,26.99,0.0038512612373995335,Lost Customers,High Risk
639c0608dce3b89a89bb5a9077dfec48,2017-03-27 14:04:58,1,Has Delays,3.0,Onetime,99.0,0.014126523249446233,Need Attention,Medium Risk
63ac99abec6ae9397c61293badd8a268,2018-03-07 17:53:30,1,On Time,-9.0,Onetime,179.99,0.02568316080472553,Potential Loyalists,Low Risk
63b4253e688c57bdaa18741b3fea5a01,2018-03-11 18:52:10,1,On Time,-8.0,Onetime,80.49,0.01148529147826189,Potential Loyalists,Low Risk
63e7b3101c55297369f3141cf91532be,2018-03-09 22:35:23,1,On Time,-2.0,Onetime,0.0,0.0,Potential Loyalists,Low Risk
63ec63a5ac5958fcbaf5bcee2fb460c6,2017-12-05 17:10:46,1,On Time,-16.0,Onetime,92.9,0.01325610110983389,Need Attention,Medium Risk
63ec7aee579f48f776b3fefa90d0a4d9,2017-08-04 09:00:00,1,On Time,-9.0,Onetime,29.6,0.004223687759430389,Lost Customers,High Risk
63fa3dad6bde01314fc7e125df83fd00,2017-06-15 20:23:00,1,On Time,-20.0,Onetime,59.9,0.008547260026685145,Need Attention,Medium Risk
6409bccd4062c7105e9fd94c9a72082c,2017-07-07 09:14:09,1,On Time,-23.0,Onetime,0.0,0.0,Lost Customers,High Risk
641159b01ed966201b10aeb55df19208,2018-01-30 09:31:18,1,On Time,-4.0,Onetime,69.9,0.00997418156703325,Need Attention,Medium Risk
64200c9fa459662885c44d8a58d8bdbf,2017-08-09 22:34:04,1,On Time,-8.0,Onetime,89.99,0.01284086694159259,Need Attention,Medium Risk
6424423121df7517efd1fa700283c47f,2017-11-11 12:10:02,1,On Time,-16.0,Onetime,19.9,0.0028395738652927274,Lost Customers,High Risk
6447bed5e7c9aa59a6c62a5c4a0e1188,2018-08-15 21:36:41,1,On Time,-5.0,Onetime,28.8,0.004109534036202541,Potential Loyalists,Low Risk
6457b2cb5462c1217e8e6d36b0ff39d2,2017-11-18 14:33:04,1,On Time,-6.0,Onetime,77.2,0.011015834291487366,Need Attention,Medium Risk
645b0d36848d2c3425707aeeb87cd8b4,2017-11-12 09:43:54,1,On Time,-15.0,Onetime,14.9,0.0021261130951186757,Lost Customers,High Risk
645d54fc2f9c61166cdac23242542979,2017-10-24 17:39:10,1,Has Delays,6.0,Onetime,108.9,0.015539175574390857,Need Attention,Medium Risk
646d643b4ac1184e383341f8896c3dc8,2017-11-20 16:21:04,1,Has Delays,9.0,Onetime,139.98,0.019974047721792766,Need Attention,Medium Risk
64727e2399d0c91e33dd71179e449069,2018-06-29 22:06:25,1,On Time,-14.0,Onetime,88.9,0.012685332493694648,Potential Loyalists,Low Risk
647603966855f7046a23e805ef8f1e4e,2018-04-08 14:03:56,1,On Time,-9.0,Onetime,89.9,0.012828024647729459,Potential Loyalists,Low Risk
647834fa9bee90050574fb5a00b8f0c1,2018-08-26 09:22:44,1,On Time,-6.0,Onetime,79.9,0.011401103107381355,Potential Loyalists,Low Risk
64812f554a1e0ae09babcc0ee08715a0,2018-05-05 17:11:21,1,On Time,-9.0,Onetime,59.9,0.008547260026685145,Potential Loyalists,Low Risk
6491c7db55287e7f4e3ab56919742153,2017-08-26 22:55:05,1,On Time,-11.0,Onetime,49.5,0.0070632616247231165,Need Attention,Medium Risk
64970391496ff28e4fd847493f589287,2017-09-26 00:51:00,1,Has Delays,3.0,Onetime,70.9,0.010116873721068061,Need Attention,Medium Risk
6497ed50b6c370d8ac59bfc3ddb0775d,2018-07-22 20:27:10,1,On Time,-16.0,Onetime,109.0,0.015553444789794337,Potential Loyalists,Low Risk
6499986b00d14fa984d68727de0c2a17,2018-02-25 16:14:47,1,On Time,-13.0,Onetime,0.0,0.0,Need Attention,Medium Risk
64a61ea4f9986df7a3078f93e75f75de,2017-12-13 15:36:43,1,On Time,-17.0,Onetime,0.0,0.0,Need Attention,Medium Risk
64a6440ee0731b29560508a3dfa71f9a,2018-04-04 12:35:08,1,On Time,-9.0,Onetime,37.0,0.005279609699287986,Potential Loyalists,Low Risk
64b576fb70d441e8f1b2d7d446e483c5,2017-02-04 13:57:51,1,On Time,-16.0,Onetime,199.9,0.028524161591558603,Need Attention,Medium Risk
64be1085f459ad4720cd416c386d3e51,2018-02-19 15:16:15,1,Has Delays,6.0,Onetime,224.9,0.03209146544242887,Need Attention,Medium Risk
64d6e417275b4d99214428b330b07b81,2018-01-26 18:16:08,1,On Time,-10.0,Onetime,0.0,0.0,Need Attention,Medium Risk
64df076fb557552498049bb07ed1cd5f,2018-04-25 10:52:10,1,On Time,-29.0,Onetime,179.97,0.025680306961644833,Potential Loyalists,Low Risk
64e0a2c0c237ffa49416d01334384f7b,2018-01-11 16:58:28,1,On Time,-18.0,Onetime,0.0,0.0,Need Attention,Medium Risk
64ea136678f37fcf4fffdc65f80ecf69,2018-02-28 23:04:05,1,On Time,-18.0,Onetime,99.0,0.014126523249446233,Need Attention,Medium Risk
64ea785aa93e3b55a36b028e1331d3a1,2017-11-09 20:41:12,1,On Time,-9.0,Onetime,79.0,0.011272680168750025,Need Attention,Medium Risk
64f478ef975b39a86f5a453375158ae4,2017-10-27 12:18:37,1,On Time,-6.0,Onetime,0.0,0.0,Lost Customers,High Risk
6501e5470f5d8d0ed1b7f4c67bb40711,2018-04-16 22:51:31,1,On Time,-13.0,Onetime,0.0,0.0,Potential Loyalists,Low Risk
65084018146e778ef88e167df944f9b7,2018-06-10 22:27:15,1,On Time,-16.0,Onetime,43.0,0.006135762623496849,Potential Loyalists,Low Risk
650d655f572ad6a213c0f6619f6913cf,2017-10-16 21:39:31,1,On Time,-7.0,Onetime,139.99,0.019975474643333116,Need Attention,Medium Risk
6510bac816ba1d1c15b13ecd2fde78a1,2018-02-22 09:43:00,1,On Time,-17.0,Onetime,0.0,0.0,Need Attention,Medium Risk
6517822823bf509a5dd294d5cd69a829,2018-03-29 16:17:53,1,On Time,-6.0,Onetime,135.0,0.01926344079469941,Potential Loyalists,Low Risk
651cd1b09c19982ff7e2174ff41ff18c,2018-07-16 08:52:35,1,On Time,-14.0,Onetime,0.0,0.0,Potential Loyalists,Low Risk
6522a1d436415b898aef068ba68e81fb,2017-04-25 11:30:33,1,On Time,-18.0,Onetime,59.9,0.008547260026685145,Need Attention,Medium Risk
652da2f7c852a3269dc6d7262b0b8f4d,2017-08-13 09:11:38,1,On Time,-23.0,Onetime,179.0,0.02554189557223107,Need Attention,Medium Risk
6559758afffee923186f307d048d75cf,2017-03-26 21:42:57,1,On Time,-21.0,Onetime,26.69,0.0038084535911890906,Lost Customers,High Risk
6559799a5cf53662f7979eeb4a8b800f,2017-10-31 13:51:13,1,On Time,-5.0,Onetime,124.49,0.01776374625579355,Need Attention,Medium Risk
655e1a53d7b00597d4e1d54d6e92d39e,2017-10-27 14:57:21,1,Has Delays,5.0,Onetime,38.9,0.0055507247919541255,Lost Customers,High Risk
65667e216c27cfa1960a832578b8ef47,2017-08-08 15:14:17,1,Has Delays,15.0,Onetime,99.0,0.014126523249446233,Need Attention,Medium Risk
656d81ab7f30a1be5709ff381e3f91f6,2017-11-24 21:53:34,1,On Time,-17.0,Onetime,129.9,0.018535710809121878,Need Attention,Medium Risk
657ad7b3b7a1c9c9bc3fb26bca5b6738,2017-07-06 14:42:02,1,On Time,-13.0,Onetime,114.9,0.01639532849859972,Need Attention,Medium Risk
657b9acae4845d34e8766e84be3de88b,2017-06-27 10:45:08,1,On Time,-11.0,Onetime,89.0,0.012699601709098129,Need Attention,Medium Risk
65a944ed12c066780cdfeac5a417d32d,2017-12-27 22:37:02,1,On Time,-19.0,Onetime,0.0,0.0,Need Attention,Medium Risk
65ba82fb5dcc72c5c6fc38343a915798,2018-04-13 08:27:25,1,On Time,-6.0,Onetime,0.0,0.0,Potential Loyalists,Low Risk
65be6248a39942f9ab10da91280e2576,2018-07-16 18:21:13,1,On Time,-14.0,Onetime,41.47,0.005917443627823589,Potential Loyalists,Low Risk
65c1c2f858a33b3ff79f436724c4c79a,2018-04-07 13:26:51,1,On Time,-17.0,Onetime,109.9,0.01568186772842567,Potential Loyalists,Low Risk
65c6f2611ebf8f84429aaa89f749b17c,2017-10-08 12:54:49,1,On Time,-13.0,Onetime,50.0,0.007134607701740522,Need Attention,Medium Risk
65ceb15a2636b04807d38a677d6877c1,2018-06-06 22:58:31,1,On Time,-13.0,Onetime,6.9,0.000984575862840192,Potential Loyalists,Low Risk
65d7c0904b51f5b432e71a14b25121dc,2017-11-08 15:52:49,1,On Time,-8.0,Onetime,58.99,0.008417410166513468,Need Attention,Medium Risk
65daa8af71675f5b6e90b235f029438c,2017-12-21 04:59:55,1,On Time,-16.0,Onetime,59.99,0.008560102320548277,Need Attention,Medium Risk
65dc7b434112b1871ffba93a74a65b5d,2018-07-05 18:57:13,1,On Time,-16.0,Onetime,119.0,0.01698036633014244,Potential Loyalists,Low Risk
65e5aaf9f721945f29cdba45c206cb83,2018-07-28 16:52:55,1,On Time,-2.0,Onetime,24.99,0.0035658769293299124,Potential Loyalists,Low Risk
65ee274b862c5c053367be8a70dbc029,2018-05-25 08:54:21,1,On Time,-13.0,Onetime,89.49,0.012769520864575183,Potential Loyalists,Low Risk
65f09b1e943693e398708c009e3da512,2018-07-02 20:34:51,1,On Time,-29.0,Onetime,69.9,0.00997418156703325,Potential Loyalists,Low Risk
65f72a9364d44ebbd405299568002138,2017-09-08 14:56:50,1,On Time,-13.0,Onetime,159.9,0.02281647543016619,Need Attention,Medium Risk
65fb17c692327dfef891bef8b7f33c2a,2017-08-02 13:18:30,1,On Time,-11.0,Onetime,0.0,0.0,Lost Customers,High Risk
65ff65476364f61bb41f6c7fb47d623c,2018-03-19 19:37:39,1,On Time,-11.0,Onetime,79.99,0.011413945401244486,Potential Loyalists,Low Risk
6608c37202accfe3cda3fca4c8a16062,2018-08-08 19:54:44,1,On Time,-17.0,Onetime,320.0,0.04566148929113934,Potential Loyalists,Low Risk
661a5e18a28b34880ccc60112f2b8e8e,2018-02-21 18:15:12,1,On Time,-16.0,Onetime,39.9,0.005693416945988936,Need Attention,Medium Risk
663cb908e7dfa34193fa1bbfe3a193e4,2018-08-12 20:18:08,1,On Time,-8.0,Onetime,0.0,0.0,Potential Loyalists,Low Risk
663d5a1d3fccfad3a3c4574072794a8d,2017-09-13 20:30:02,1,On Time,-10.0,Onetime,179.9,0.025670318510862395,Need Attention,Medium Risk
663f43c4f46c289ff6c0f11b9ced3751,2017-11-21 21:24:19,1,On Time,-1.0,Onetime,80.0,0.011415372322784835,Need Attention,Medium Risk
664770508f06c0c2fa1c37fed04a6dd7,2018-07-13 20:58:24,1,On Time,-15.0,Onetime,0.0,0.0,Potential Loyalists,Low Risk
664f7107c351f24b16b68919398730a0,2016-10-05 15:08:00,1,On Time,-47.0,Onetime,294.9,0.04207991622486559,Need Attention,Medium Risk
6654462d0d3266165aaa7028d4d35005,2018-02-20 17:37:20,1,Has Delays,48.0,Onetime,159.9,0.02281647543016619,Need Attention,Medium Risk
6659cdf2397f169f0887c503fdacd408,2018-06-07 22:14:39,1,On Time,-27.0,Onetime,89.9,0.012828024647729459,Potential Loyalists,Low Risk
665f8bbe2cf428657aeb0572c27fef58,2018-01-15 10:33:44,1,On Time,-24.0,Onetime,299.74,0.04277054625039408,Need Attention,Medium Risk
666181047fa23359ca19d03abc679e18,2017-10-22 18:50:04,1,On Time,-8.0,Onetime,0.0,0.0,Lost Customers,High Risk
666735967444a5c5e671f9515fe23ab1,2017-09-08 09:22:24,1,On Time,-13.0,Onetime,59.9,0.008547260026685145,Need Attention,Medium Risk
66675a0970f32bf9dc0d97a79a19ea2c,2018-01-07 13:21:41,1,On Time,-12.0,Onetime,55.49,0.007917987627391631,Need Attention,Medium Risk
6667649dc575c65058507349be078d4f,2017-12-14 09:06:34,1,On Time,-13.0,Onetime,149.99,0.02140239618368122,Need Attention,Medium Risk
667c838d8f300a813a0059fc8b46ab29,2018-04-07 22:17:55,1,On Time,-14.0,Onetime,45.0,0.00642114693156647,Potential Loyalists,Low Risk
6682581c8fa800c2b0de2b735bb07a5e,2018-08-16 06:00:25,1,On Time,-2.0,Onetime,39.97,0.005703405396771373,Potential Loyalists,Low Risk
668a97d6246427dbd84719e055c7c2f6,2017-11-09 08:55:21,1,On Time,-14.0,Onetime,75.0,0.010701911552610783,Need Attention,Medium Risk
668f76ea8fa5d0f459e6a15d8d55ac63,2018-03-18 17:31:21,1,On Time,-8.0,Onetime,139.8,0.0199483631340665,Potential Loyalists,Low Risk
66980c3775537536f77b434d74e520f5,2018-03-31 15:08:21,1,On Time,-21.0,Onetime,40.0,0.005707686161392418,Potential Loyalists,Low Risk
66a2199c05159203014883cc0d3cf33f,2018-04-26 15:01:37,1,On Time,-4.0,Onetime,110.0,0.01569613694382915,Potential Loyalists,Low Risk
66afa2376b0e4599e420694f53eae80a,2018-02-22 19:22:04,1,On Time,-13.0,Onetime,0.0,0.0,Need Attention,Medium Risk
66b1d7f471c8c9e8d9f9f624d6962aff,2018-08-05 11:05:53,1,On Time,-1.0,Onetime,0.0,0.0,Potential Loyalists,Low Risk
66b4a441fa95efb527240f103e4182d4,2017-02-04 23:28:25,1,On Time,-14.0,Onetime,110.0,0.01569613694382915,Need Attention,Medium Risk
66c70ed7726abccfbee61a9a39de15c5,2018-04-30 02:18:32,1,On Time,-16.0,Onetime,0.0,0.0,Potential Loyalists,Low Risk
66cb29267e1bdc78dd85b30452251579,2017-10-16 13:30:58,1,On Time,-9.0,Onetime,33.9,0.004837264021780073,Lost Customers,High Risk
66d7c05de70168738de8f6f8b5adce82,2017-11-15 13:47:34,1,On Time,-8.0,Onetime,117.3,0.016737789668283265,Need Attention,Medium Risk
66dd7b48d24397d554c2af2b30cbd407,2017-11-26 01:05:59,1,On Time,-12.0,Onetime,29.0,0.004138072467009503,Lost Customers,High Risk
66e1f83376794a26466b8aff77e4a5d0,2017-08-04 10:31:58,1,On Time,-50.0,Onetime,189.8,0.027082970835807022,Need Attention,Medium Risk
66f4cacdd688fc56e58a33287fe822cf,2017-12-30 13:46:14,1,On Time,-19.0,Onetime,0.0,0.0,Need Attention,Medium Risk
670985cbdebdcec66895cb9945fc3de1,2018-04-04 14:36:46,1,On Time,-10.0,Onetime,832.4100000000001,0.11877837594011656,Potential Loyalists,Low Risk
6716a47d23270d65d123d9d148899102,2017-06-21 16:40:23,1,On Time,-10.0,Onetime,89.99,0.01284086694159259,Need Attention,Medium Risk
67172368edf401478f187d09180a1671,2018-07-18 18:42:47,1,On Time,-10.0,Onetime,94.95,0.01354862002560525,Potential Loyalists,Low Risk
671e951533c86366cf6325bcc8a02ff4,2018-02-03 19:00:16,1,On Time,-12.0,Onetime,89.9,0.012828024647729459,Need Attention,Medium Risk
672057ab52ecdb1cf905095ea17ccd85,2017-03-15 19:48:58,1,On Time,-18.0,Onetime,35.99,0.005135490623712827,Lost Customers,High Risk
67228461aa3f91b2511b439d74ad353d,2018-05-22 11:32:20,1,On Time,-2.0,Onetime,0.0,0.0,Potential Loyalists,Low Risk
6726866c9e7dbbac4a4954417a5e6149,2018-08-14 21:22:46,1,On Time,-7.0,Onetime,108.9,0.015539175574390857,Potential Loyalists,Low Risk
67290cb3c52701d36b0864decde52e26,2018-06-13 21:17:39,1,On Time,-21.0,Onetime,55.0,0.007848068471914575,Potential Loyalists,Low Risk
6739f82be7fe556dedf82e16f0566ea6,2017-09-25 13:51:01,1,On Time,-10.0,Onetime,28.99,0.004136645545469155,Lost Customers,High Risk
673afc05fa081ebe870d2490a39c17e7,2017-12-05 11:47:17,1,On Time,-17.0,Onetime,59.98,0.008558675399007929,Need Attention,Medium Risk
6740f8899f3c70b5b08b2e0bad37e567,2018-07-17 21:25:29,1,Has Delays,11.0,Onetime,67.99,0.00970163955282676,Potential Loyalists,Low Risk
674b8bca7cdaac71777cd026ebb31c43,2017-04-08 13:01:30,1,On Time,-22.0,Onetime,39.9,0.005693416945988936,Lost Customers,High Risk
6752250a97692ea4e4375a1e6c11a64f,2018-07-30 17:25:37,1,On Time,-2.0,Onetime,28.99,0.004136645545469155,Potential Loyalists,Low Risk
6752e46d4f28ebc4d783b203b9cc232d,2018-08-11 20:39:16,1,On Time,-9.0,Onetime,379.99,0.054221591611687624,Potential Loyalists,Low Risk
6753845f8bc48b027c01c90f13d41f3b,2017-08-06 23:40:08,1,On Time,-27.0,Onetime,18.99,0.00270972400512105,Lost Customers,High Risk
675a8d2a984ea6f86cc5c2d1a45211b0,2018-05-07 19:19:26,1,On Time,-7.0,Onetime,0.0,0.0,Potential Loyalists,Low Risk
67697f1ef23332d4be711eba56d04b4c,2017-06-05 14:15:53,1,On Time,-15.0,Onetime,0.0,0.0,Lost Customers,High Risk
6770e2d6c610fd5a6567c313790b34df,2017-03-07 15:13:01,1,On Time,-14.0,Onetime,103.99,0.014838557098079935,Need Attention,Medium Risk
6776ae9432a76cace1d54a6fd1abcc57,2018-04-30 14:06:12,1,On Time,-13.0,Onetime,0.0,0.0,Potential Loyalists,Low Risk
677e8fb8d35d03be1fd8fd461c60a1cf,2018-08-10 13:42:06,1,On Time,-10.0,Onetime,64.99,0.00927356309072233,Potential Loyalists,Low Risk
677f15bcada4a99f87e743927803a3a4,2018-05-24 13:13:40,1,On Time,-16.0,Onetime,0.0,0.0,Potential Loyalists,Low Risk
67864845a751540781a1bb2dd2e1ab1c,2018-08-18 11:30:57,1,On Time,-5.0,Onetime,49.99,0.007133180780200174,Potential Loyalists,Low Risk
6788c2de733d940f2a56920fd7054a9c,2018-02-19 22:50:37,1,On Time,-24.0,Onetime,65.0,0.009274990012262679,Need Attention,Medium Risk
67913e95e07035bc67dcaa79ecd70cc9,2017-10-12 01:05:34,1,On Time,-17.0,Onetime,759.96,0.10844032938029453,Need Attention,Medium Risk
67a055e65bcf75362f81b7141ac2eed2,2018-03-10 20:50:37,1,On Time,-6.0,Onetime,45.0,0.00642114693156647,Potential Loyalists,Low Risk
67a2730155a56d30a1f643127dce6cc6,2017-11-30 23:24:15,1,On Time,-20.0,Onetime,69.98,0.009985596939356035,Need Attention,Medium Risk
67afc527d425b15d2430bc63ae211f1e,2018-06-12 09:46:19,1,On Time,-24.0,Onetime,149.9,0.021389553889818086,Potential Loyalists,Low Risk
67b05b597a66b5c449025000b9430abb,2018-05-08 21:04:16,1,On Time,-15.0,Onetime,0.0,0.0,Potential Loyalists,Low Risk
67bddde1844b238fe25995cde1612b4e,2018-04-26 22:47:26,1,On Time,-17.0,Onetime,53.9,0.007691107102476282,Potential Loyalists,Low Risk
67c069b1347ff0bfea48b5035a0153da,2018-08-23 13:48:07,1,On Time,-21.0,Onetime,179.9,0.025670318510862395,Potential Loyalists,Low Risk
67c92485fa38cdd999e4b72a6e347663,2017-06-16 10:32:52,1,On Time,-17.0,Onetime,279.9,0.03993953391434344,Need Attention,Medium Risk
67cb90a67c8f7b5e3a886f4fd859d2f8,2018-01-05 16:09:43,1,On Time,-33.0,Onetime,249.5,0.035601692431685206,Need Attention,Medium Risk
67e01e8409e5b0735a24e54759195613,2018-04-22 18:05:20,1,On Time,-10.0,Onetime,79.99,0.011413945401244486,Potential Loyalists,Low Risk
67f4b6b9207056736278adddf407f417,2018-04-14 18:24:57,1,On Time,-18.0,Onetime,69.9,0.00997418156703325,Potential Loyalists,Low Risk
68015dfc16e47eb1c0e8c52e7b6f1f06,2017-12-26 10:24:59,1,On Time,-20.0,Onetime,18.9,0.002696881711257917,Need Attention,Medium Risk
68041dc76662fa5c940d7869f110b844,2018-08-16 20:02:31,1,On Time,-14.0,Onetime,39.89,0.005691990024448588,Potential Loyalists,Low Risk
68086630405120fd049f0d41aaee9a68,2017-03-03 00:14:01,1,On Time,-2.0,Onetime,38.9,0.0055507247919541255,Lost Customers,High Risk
680a09be81a7680c1845c2342d8c33ea,2017-02-24 09:13:49,1,On Time,-14.0,Onetime,26.9,0.0038384189435364006,Lost Customers,High Risk
682c852f2cb77efab552e07564d6dba4,2018-04-06 14:07:11,1,On Time,-17.0,Onetime,169.99,0.02425623926437743,Potential Loyalists,Low Risk
682dff0e9050d37ddd64e2ffc53bcbbe,2018-01-24 11:40:28,1,On Time,-5.0,Onetime,109.0,0.015553444789794337,Need Attention,Medium Risk
6845b26cd877899e09fe743ab15c1a63,2018-08-09 14:34:56,1,On Time,-4.0,Onetime,0.0,0.0,Potential Loyalists,Low Risk
68493c02b683379ffe0c1cca19af6889,2018-06-24 22:14:32,1,On Time,-21.0,Onetime,155.0,0.02211728387539562,Potential Loyalists,Low Risk
684fda5905aa430123c7b293106a337b,2018-01-20 15:35:01,1,On Time,-14.0,Onetime,49.9,0.007120338486337041,Need Attention,Medium Risk
68519bc41532d0f1a6613d278f86a5bd,2018-01-15 09:30:55,1,On Time,-18.0,Onetime,13.65,0.0019477479025751625,Need Attention,Medium Risk
6858ce30f88a81273fb705a2fcc52aa7,2017-10-18 08:45:41,1,On Time,-17.0,Onetime,249.9,0.03565876929329913,At Risk,High Risk
685bec4bfe814f798ac29b3590134b38,2018-04-22 09:34:54,1,On Time,-20.0,Onetime,0.0,0.0,Potential Loyalists,Low Risk
6862e7a7283767e68fb14c52a110f6d1,2017-11-21 18:35:19,1,On Time,-5.0,Onetime,38.0,0.005422301853322796,At Risk,High Risk
68667861acbf4ec0e980b6a3933d489c,2018-07-04 20:58:14,1,On Time,-11.0,Onetime,348.0,0.04965686960411403,Potential Loyalists,Low Risk
6869d6527fe0004e8a9ec53cbf220531,2018-06-27 10:15:36,1,On Time,-16.0,Onetime,279.8,0.03992526469893996,Potential Loyalists,Low Risk
6875cdbe14f4e09791825d53465788d9,2018-02-09 17:42:05,1,On Time,-20.0,Onetime,0.0,0.0,Need Attention,Medium Risk
687d9299d0ff57790aa49a28d7240b93,2018-08-20 20:30:09,1,On Time,-18.0,Onetime,169.0,0.024114974031882966,Potential Loyalists,Low Risk
687e023f28ba71f085104c1339b798fe,2018-08-22 10:38:51,1,On Time,-5.0,Onetime,28.0,0.003995380312974692,Potential Loyalists,Low Risk
6883d579dacefc2301eea23d7855a8aa,2017-06-14 20:22:18,1,On Time,-10.0,Onetime,214.99,0.030677386195943897,At Risk,High Risk
688bb6776d5f885e4b46d4c4bac240c2,2018-07-01 18:07:57,1,On Time,-13.0,Onetime,42.99,0.006134335701956501,Potential Loyalists,Low Risk
688f5342ea5ff47d612126908c38f7f0,2017-11-05 18:34:14,1,On Time,-16.0,Onetime,59.9,0.008547260026685145,At Risk,High Risk
68954feaafe4dd638f3bd3e2afa174ec,2018-03-15 08:52:40,1,On Time,-10.0,Onetime,0.0,0.0,Potential Loyalists,Low Risk
6898b2273c4c2e9f697bb597c7df0837,2017-04-27 11:08:59,1,On Time,-32.0,Onetime,0.0,0.0,At Risk,High Risk
68a5590b9926689be4e10f4ae2db21a8,2018-01-11 15:30:49,1,On Time,-16.0,Onetime,370.0,0.052796096992879855,Need Attention,Medium Risk
68ab9bfe2388b0b36614c7000b8b1cf8,2017-11-23 18:41:44,1,On Time,-9.0,Onetime,24.99,0.0035658769293299124,At Risk,High Risk
68ba0fa3c02bfada4ebd0f37d1aee37f,2017-04-24 09:37:26,1,On Time,-5.0,Onetime,23.9,0.003410342481431969,At Risk,High Risk
68bce5b75e8dd23c39daeffa0aa28732,2018-05-06 21:06:39,1,On Time,-12.0,Onetime,34.9,0.004979956175814883,Potential Loyalists,Low Risk
68e9aca85421a3dc655325bcdf9c9912,2017-11-24 09:23:33,1,On Time,-13.0,Onetime,85.0,0.012128833092958887,At Risk,High Risk
68f04becbd320e5837a2df880095bb04,2018-02-09 21:38:41,1,On Time,-8.0,Onetime,0.0,0.0,Need Attention,Medium Risk
68f9f23ba578b597c5ae0573a2a72b02,2018-06-25 21:13:29,1,On Time,-13.0,Onetime,259.0,0.036957267895015904,Potential Loyalists,Low Risk
6903f2c210906ee7731be7bc8360a036,2017-08-10 19:25:35,1,On Time,-8.0,Onetime,61.49,0.008774140551600494,At Risk,High Risk
6908e4e7bfeb7c99bc98f93ead3528cb,2018-04-25 11:30:10,1,On Time,-14.0,Onetime,0.0,0.0,Potential Loyalists,Low Risk
690c7559d9d62f2464c47042a655bf57,2017-08-30 16:03:26,1,On Time,-7.0,Onetime,349.9,0.04992798469678017,At Risk,High Risk
690ec510bf4201426e227f92a5581725,2018-06-15 08:26:16,1,On Time,-28.0,Onetime,112.99,0.01612278648439323,Potential Loyalists,Low Risk
690f0991927602fa4dbe5cb1fea83794,2018-06-27 12:49:21,1,On Time,-12.0,Onetime,45.9,0.006549569870197798,Potential Loyalists,Low Risk
691c66d5f2b54a03a95e2fb59c83ef18,2018-03-02 15:57:44,1,On Time,-12.0,Onetime,499.9,0.07133180780200173,Need Attention,Medium Risk
69265054c8f3bbe54909219e9b2e6af7,2017-05-07 13:17:56,1,On Time,-27.0,Onetime,449.0,0.06406877716162988,At Risk,High Risk
6926bce378918c0796934a2403ed36b2,2018-02-05 20:25:11,1,Has Delays,12.0,Onetime,0.0,0.0,Need Attention,Medium Risk
6927dac0fa9c5c972d388e6a77ce7d93,2017-10-05 05:23:47,1,On Time,-21.0,Onetime,60.0,0.008561529242088627,At Risk,High Risk
6935b767c9c3c6d8c27c9a840bc5c238,2017-04-03 23:09:50,1,On Time,-24.0,Onetime,30.9,0.004409187559675643,At Risk,High Risk
69396490c66383feb185b18b41e94bfb,2018-03-26 18:21:01,1,On Time,-3.0,Onetime,0.0,0.0,Potential Loyalists,Low Risk
693d4dc072a4cbdfa19501dbab1c7ad1,2017-07-01 16:25:53,1,On Time,-14.0,Onetime,129.99,0.018548553102985012,At Risk,High Risk
6940ba069c2c25350ea9e059b35d7d23,2018-04-18 15:40:36,1,On Time,-15.0,Onetime,1148.0,0.1638105928319624,Potential Loyalists,Low Risk
695950596e3d02cb9a663acae75bf98b,2017-07-22 19:05:18,1,On Time,-7.0,Onetime,205.0,0.02925189157713614,At Risk,High Risk
6963fcaa55875dfdc09d7faee1a6f445,2017-09-05 19:16:50,1,On Time,-15.0,Onetime,23.99,0.003423184775295102,At Risk,High Risk
69773615cfc64f54d36fbe95621b2590,2017-11-25 12:44:35,1,On Time,-17.0,Onetime,313.08,0.044674059585218445,At Risk,High Risk
6979b81e6b16100f6a5213030d2c8f82,2018-02-05 16:15:05,1,On Time,-22.0,Onetime,116.94,0.01668642049283073,Need Attention,Medium Risk
6985e81d9007fa0eac3c04a9752efd6c,2018-08-08 10:49:59,1,On Time,-1.0,Onetime,0.0,0.0,Potential Loyalists,Low Risk
698a9cafcc15cac8cdbaee64adc6efbe,2018-01-29 13:09:31,1,Has Delays,8.0,Onetime,89.49,0.012769520864575183,Need Attention,Medium Risk
699ed48250faf9f3d41e91f4ede36364,2018-02-09 07:51:33,1,On Time,-9.0,Onetime,49.9,0.007120338486337041,Need Attention,Medium Risk
69a67928e55cbef75ba434ab0a4ff540,2017-10-15 19:47:30,1,On Time,-10.0,Onetime,0.0,0.0,At Risk,High Risk
69a7f37355617e699081e1a1db826691,2018-02-19 01:42:20,1,On Time,-13.0,Onetime,129.0,0.018407287870490546,Need Attention,Medium Risk
69aab61687fa416ef601af332bd0ff0d,2018-01-11 22:57:36,1,On Time,-2.0,Onetime,70.0,0.009988450782436731,Need Attention,Medium Risk
69ae560f1f5448b1c3b9ae3e619808af,2018-08-18 10:33:27,1,On Time,-10.0,Onetime,99.8,0.014240676972674083,Potential Loyalists,Low Risk
69b9220777c7f961f1d60a96c007c9fd,2017-12-17 23:56:57,1,On Time,-6.0,Onetime,69.9,0.00997418156703325,Need Attention,Medium Risk
69eee323aa549b444026553c25e378ba,2018-07-24 19:26:30,1,On Time,-12.0,Onetime,97.5,0.013912485018394016,Potential Loyalists,Low Risk
69f2934ad8b50cc05587a94cc7d68fc9,2018-03-05 18:15:17,1,Has Delays,6.0,Onetime,99.9,0.014254946188077563,Potential Loyalists,Low Risk
69fbe1ef33ee18593788e655e348b954,2017-10-17 18:22:05,1,On Time,-9.0,Onetime,72.0,0.010273835090506351,At Risk,High Risk
6a04c8339c44b23e189446216a494569,2018-02-19 19:48:52,1,Has Delays,12.0,Onetime,29.99,0.0042793376995039645,Need Attention,Medium Risk
6a0a549e7d20a02c112dc6be0c395a51,2018-08-10 08:35:14,1,On Time,-7.0,Onetime,199.0,0.02839573865292728,Potential Loyalists,Low Risk
6a0c925299476ef8ee879d9bb10da5ca,2018-02-06 18:50:45,1,Has Delays,14.0,Onetime,169.9,0.024243396970514294,Need Attention,Medium Risk
6a0e43f0d7e1b5539e4c58a26ebe35da,2018-01-07 21:44:54,1,On Time,-28.0,Onetime,0.0,0.0,Need Attention,Medium Risk
6a140ba4cf08e0d893b81b5ec7264d86,2018-06-19 18:38:34,1,On Time,-21.0,Onetime,0.0,0.0,Potential Loyalists,Low Risk
6a16af5086aa0454d0547bad1bddd793,2018-01-19 11:37:49,1,On Time,-11.0,Onetime,0.0,0.0,Need Attention,Medium Risk
6a1b5e68e0f74bc265df1d9f30d0a7d2,2018-02-21 00:30:48,1,On Time,-7.0,Onetime,48.9,0.00697764633230223,Need Attention,Medium Risk
6a1bd3531227937b0bf249d29fbf9901,2017-06-19 08:15:40,1,On Time,-13.0,Onetime,17.0,0.0024257666185917774,At Risk,High Risk
6a4060fb7ba4fdab5ca85e0d7ac38e00,2018-03-31 11:48:59,1,On Time,-13.0,Onetime,120.0,0.017123058484177254,Potential Loyalists,Low Risk
6a40f754c2e8908ff6d13430e6342c29,2018-04-03 13:55:48,1,On Time,-13.0,Onetime,44.8,0.006392608500759508,Potential Loyalists,Low Risk
6a43f6511976bd65d1080f1b647689f2,2017-11-25 03:10:32,1,On Time,-9.0,Onetime,35.0,0.004994225391218366,At Risk,High Risk
6a49832514ecee6c741ea8e7308a3f09,2018-02-08 10:30:24,1,On Time,-20.0,Onetime,13.7,0.001954882510276903,Need Attention,Medium Risk
6a68ebea4927947caaadf455351f3dda,2018-02-16 17:05:29,1,On Time,0.0,Onetime,102.0,0.014554599711550664,Need Attention,Medium Risk
6a6a7141119ceaeca4dfbae7a580a515,2018-05-14 12:37:33,1,On Time,-14.0,Onetime,24.6,0.0035102269892563365,Potential Loyalists,Low Risk
6a875e0207d93e4c06f193810c6c2cd0,2018-04-17 14:31:45,1,On Time,-11.0,Onetime,0.0,0.0,Potential Loyalists,Low Risk
6a9df708d47e061c4c4c8d955a93cb81,2018-05-28 16:15:22,1,On Time,-18.0,Onetime,69.8,0.009959912351629767,Potential Loyalists,Low Risk
6aaf63fde5ca8cd6d38424243590d439,2017-02-27 19:54:25,1,On Time,-15.0,Onetime,99.9,0.014254946188077563,At Risk,High Risk
6ab2c51644e62c63bbfe914fd945adce,2017-11-24 23:30:13,1,On Time,-14.0,Onetime,315.0,0.044948028520965286,At Risk,High Risk
6ab78dc229fab798332870a06388a1b6,2017-07-08 11:58:18,1,On Time,-15.0,Onetime,97.9,0.013969561880007942,At Risk,High Risk
6ac343dfa1f2e45a71fd588c764ff8e5,2018-04-27 15:58:41,1,On Time,-24.0,Onetime,99.9,0.014254946188077563,Potential Loyalists,Low Risk
6ac3687282ae6cf1976b4cc39677f95c,2017-11-13 16:23:17,1,On Time,-10.0,Onetime,130.0,0.018549980024525358,At Risk,High Risk
6ac52814155aa5b8da64bb30a14c6b3b,2018-05-19 14:06:06,1,On Time,-13.0,Onetime,25.0,0.003567303850870261,Potential Loyalists,Low Risk
6ad430c5fac5e72b42f74af4ad7e98f3,2018-03-20 09:25:27,1,On Time,-23.0,Onetime,199.6,0.028481353945348165,Potential Loyalists,Low Risk
6ad46014a4203440c38e3dbf7aedf51c,2017-01-25 15:47:27,1,On Time,-37.0,Onetime,168.0,0.023972281877848153,At Risk,High Risk
6adb43365bd88fd6b87a63fe174f42ed,2018-02-09 13:48:50,1,On Time,-17.0,Onetime,116.91,0.016682139728209686,Need Attention,Medium Risk
6ae6f0cf986be1adaf148eca6ab1dd53,2018-02-25 21:32:20,1,Has Delays,2.0,Onetime,139.0,0.01983420941083865,Need Attention,Medium Risk
6af40347f5dd7bdd65437a35e1b2fa7b,2018-06-02 16:58:03,1,On Time,-43.0,Onetime,175.99,0.02511239218858629,Potential Loyalists,Low Risk
6b0c568efa39d9923961096ab40d3ed9,2018-04-05 07:23:57,1,On Time,-18.0,Onetime,13.99,0.001996263234946998,Potential Loyalists,Low Risk
6b11061762a537f7775a5a6bca7d000c,2018-05-30 23:21:15,1,On Time,-19.0,Onetime,109.9,0.01568186772842567,Potential Loyalists,Low Risk
6b1accda38fc6c15f411ddcdd8a109ac,2018-03-13 21:15:56,1,On Time,-2.0,Onetime,270.0,0.03852688158939882,Potential Loyalists,Low Risk
6b2a5ca1951e2192b2605cbf45b29892,2018-01-26 16:45:03,1,On Time,-11.0,Onetime,42.0,0.005993070469462038,Need Attention,Medium Risk
6b33b395518a499e9f9900bcd6fa971c,2017-06-04 20:04:31,1,On Time,-13.0,Onetime,37.9,0.005408032637919316,At Risk,High Risk
6b37d47561c8e97bd313b89215e0ae88,2017-06-14 16:29:40,1,On Time,-7.0,Onetime,36.0,0.0051369175452531755,At Risk,High Risk
6b4e8c5f7ca346e38498de7c1a96564e,2018-06-19 13:22:15,1,On Time,-24.0,Onetime,0.0,0.0,Potential Loyalists,Low Risk
6b595d38cb0d0c5dca0ca4de1b97b116,2017-09-17 23:00:57,1,On Time,-7.0,Onetime,209.99,0.029963925425769842,At Risk,High Risk
6b6b815f43f5bb5de08a22bfd1826357,2018-08-06 13:52:52,1,On Time,-17.0,Onetime,0.0,0.0,Potential Loyalists,Low Risk
6b7aef98835928c0e5483ff155dfbe59,2018-04-25 08:38:18,1,On Time,-8.0,Onetime,110.32,0.015741798433120287,Potential Loyalists,Low Risk
6b80cc7d77cb61e543f86463c3437a96,2018-03-16 17:55:29,1,Has Delays,7.0,Onetime,0.0,0.0,Potential Loyalists,Low Risk
6b84645f298f7887a23a74d91771a9e7,2018-07-19 08:40:59,1,On Time,-6.0,Onetime,105.0,0.014982676173655096,Potential Loyalists,Low Risk
6b9afcb17cc0d97ebb20f7fc4e3a25c7,2018-02-09 15:26:21,1,On Time,-9.0,Onetime,115.52,0.0164837976341013,Need Attention,Medium Risk
6ba3c687055589c6271f660f1fbf6595,2017-04-19 13:45:55,1,On Time,-16.0,Onetime,65.9,0.00940341295089401,At Risk,High Risk
6ba5b2dcb81470882212da717a171539,2018-08-09 11:22:34,1,On Time,-1.0,Onetime,268.96,0.038378481749202616,Potential Loyalists,Low Risk
6bb3958ca870c584b84bba1673bdec0e,2018-03-04 20:22:48,1,On Time,-8.0,Onetime,54.9,0.007833799256511093,Potential Loyalists,Low Risk
6bbcae37cb10b3110fcb123680e08eca,2018-02-27 12:17:08,1,On Time,-6.0,Onetime,57.99,0.008274718012478657,Need Attention,Medium Risk
6bc9e749760ecb1daa33144baf3eee9e,2017-06-06 00:11:09,1,On Time,-4.0,Onetime,16.5,0.002354420541574372,At Risk,High Risk
6bd06f958324c634ad8995ed4a17701b,2018-08-01 13:56:24,1,On Time,-19.0,Onetime,0.0,0.0,Potential Loyalists,Low Risk
6bd4f06d5599d085d7a367cf49626155,2017-01-16 14:24:22,1,On Time,-32.0,Onetime,34.9,0.004979956175814883,At Risk,High Risk
6bfc0d51218c164f5d11916e1a102931,2018-04-27 01:41:23,1,On Time,-15.0,Onetime,63.9,0.009118028642824386,Potential Loyalists,Low Risk
6bfccb019f3da909ef21a2803daf87e5,2017-05-29 09:28:35,1,On Time,-28.0,Onetime,49.8,0.00710606927093356,At Risk,High Risk
6c16357cbf6bf0accb997cbff9030507,2018-04-09 15:14:31,1,On Time,-2.0,Onetime,39.8,0.005679147730585455,Potential Loyalists,Low Risk
6c1c9f70f7743f3a6201d8d7d5db7f6f,2018-02-21 11:43:10,1,On Time,-7.0,Onetime,64.49,0.009202217013704925,Need Attention,Medium Risk
6c1dd46ea7d3dd06eccc8adc584795ec,2017-03-04 19:32:47,1,On Time,0.0,Onetime,71.8,0.01024529665969939,At Risk,High Risk
6c1e77450766afe18d4a99135d322d89,2018-04-03 22:54:22,1,On Time,-15.0,Onetime,0.0,0.0,Potential Loyalists,Low Risk
6c20a0d058797463344295d2df549503,2018-05-20 13:52:02,1,On Time,-7.0,Onetime,199.0,0.02839573865292728,Potential Loyalists,Low Risk
6c2164340dc1c8dc89bf7b71d22b384b,2018-06-16 13:37:17,1,On Time,-16.0,Onetime,49.99,0.007133180780200174,Potential Loyalists,Low Risk
6c272e38c324a5850751500bf116dbe4,2017-02-16 09:42:48,1,On Time,-15.0,Onetime,0.0,0.0,At Risk,High Risk
6c2f6983a60ac0dc8a9ee65579959538,2017-10-17 12:39:00,1,On Time,0.0,Onetime,0.0,0.0,At Risk,High Risk
6c3974f2a296fbcb0aa071279dbf6f24,2018-07-23 19:25:17,1,On Time,-13.0,Onetime,0.0,0.0,Potential Loyalists,Low Risk
6c4e5fafa5368d585420a705b9582df5,2018-07-02 12:06:33,1,On Time,-20.0,Onetime,158.9,0.022673783276131378,Potential Loyalists,Low Risk
6c5c77a50c55187a74295b4aee84b778,2018-05-07 21:49:08,1,On Time,-7.0,Onetime,44.9,0.006406877716162988,Potential Loyalists,Low Risk
6c5ce6b9d419df2b111d90a6e85a10d6,2018-06-19 00:26:23,1,On Time,-17.0,Onetime,108.9,0.015539175574390857,Potential Loyalists,Low Risk
6c69905245a109e523848de29386e0ff,2017-11-24 23:44:45,1,On Time,-12.0,Onetime,650.0,0.09274990012262678,At Risk,High Risk
6c734067f6c8d999e1a32f368fd70f13,2018-03-08 12:49:36,1,On Time,-8.0,Onetime,59.8,0.008532990811281662,Potential Loyalists,Low Risk
6cbc5455e3a1b9e6daa771ef6f03b0a5,2018-01-16 13:15:36,1,On Time,-18.0,Onetime,199.6,0.028481353945348165,Need Attention,Medium Risk
6cbe8a392b76916e84c2faf69d0d0da0,2018-07-29 23:34:51,1,On Time,-6.0,Onetime,179.0,0.02554189557223107,Potential Loyalists,Low Risk
6cbfcc29787035834a40a46f5898436a,2018-05-14 10:33:04,1,On Time,-10.0,Onetime,180.0,0.02568458772626588,Potential Loyalists,Low Risk
6ccbb05bf38d868e2a997d0dcf1c32ad,2017-11-03 03:03:15,1,On Time,-13.0,Onetime,85.9,0.012257256031590218,At Risk,High Risk
6cefc29085fbf53d5721acb4fe4c0c7e,2018-02-26 15:18:18,1,On Time,-17.0,Onetime,0.0,0.0,Need Attention,Medium Risk
6d107617e509701446292309521f1c22,2017-12-03 15:57:22,1,On Time,-12.0,Onetime,1058.0,0.15096829896882943,Need Attention,Medium Risk
6d1213d0a8cccfa5cdb1b693fd388055,2017-11-19 13:23:27,1,Has Delays,10.0,Onetime,28.78,0.004106680193121845,At Risk,High Risk
6d27e708580f5c26ca2282eaf9b9d7c0,2018-06-13 15:04:36,1,Has Delays,15.0,Onetime,389.99,0.05564851315203572,Potential Loyalists,Low Risk
6d365ab4dcdb48ff5d4aa90305671388,2018-06-10 00:26:20,1,On Time,-24.0,Onetime,159.9,0.02281647543016619,Potential Loyalists,Low Risk
6d40ddd2f86fe4f7bdba4622912e772c,2017-07-31 08:08:14,1,On Time,-8.0,Onetime,0.0,0.0,At Risk,High Risk
6d443b75cff956bb73dce7385033e266,2017-09-05 09:29:17,1,On Time,-20.0,Onetime,2105.4,0.3004240611048899,At Risk,High Risk
6d47c2341b395b7e0294d8692016f6de,2018-06-12 09:56:21,1,On Time,-11.0,Onetime,49.9,0.007120338486337041,Potential Loyalists,Low Risk
6d5445cddf56ea4edb5a2540c6fa1d71,2017-07-31 16:05:43,1,On Time,-14.0,Onetime,0.0,0.0,At Risk,High Risk
6d5e4477b9757cc918e0ead36a80643e,2017-09-29 11:08:33,1,On Time,-12.0,Onetime,0.0,0.0,At Risk,High Risk
6d6c7bcba410b2206fb3cb9c33c3707f,2018-01-11 16:01:23,1,On Time,-20.0,Onetime,297.0,0.0423795697483387,Need Attention,Medium Risk
6d7dcece246bf88e8ee4b1654441749f,2017-05-28 23:57:50,1,On Time,-16.0,Onetime,95.9,0.013684177571938322,At Risk,High Risk
6d89c322686666680193afa698c29134,2018-01-31 20:50:59,1,On Time,-22.0,Onetime,29.9,0.004266495405640831,Need Attention,Medium Risk
6d9760d712a88a72d89fe864701f1797,2017-12-09 22:28:07,1,On Time,-11.0,Onetime,49.9,0.007120338486337041,Need Attention,Medium Risk
6da92ae920ab16fc4eceb8fcd7bd43ce,2017-11-30 22:02:15,1,On Time,-13.0,Onetime,79.9,0.011401103107381355,At Risk,High Risk
6db7adf9e39b611244585ce6e23994fd,2017-10-09 17:58:37,1,On Time,-14.0,Onetime,26.9,0.0038384189435364006,At Risk,High Risk
6dbcc57be1cead7be989aa72dc7f44ca,2018-04-23 00:14:16,1,On Time,-2.0,Onetime,49.9,0.007120338486337041,Potential Loyalists,Low Risk
6dcb0c21a4e1e207bc0b9c83cec17550,2018-04-11 22:47:02,1,On Time,-22.0,Onetime,69.9,0.00997418156703325,Potential Loyalists,Low Risk
6dd6e77a98003996c7fd7afb70be95c4,2017-10-03 21:10:45,1,On Time,-20.0,Onetime,74.9,0.010687642337207303,At Risk,High Risk
6de77ffc3e5e321221ec0c1740a0503e,2018-05-08 20:34:15,1,On Time,-5.0,Onetime,35.9,0.005122648329849695,Potential Loyalists,Low Risk
6df5bd0023cfd06d7b55bcece550e1f2,2017-03-11 17:50:16,1,On Time,-14.0,Onetime,34.9,0.004979956175814883,At Risk,High Risk
6dfa1ddc7f7e7d7930de326f34c16f53,2017-11-17 13:12:47,1,On Time,-15.0,Onetime,24.9,0.00355303463546678,At Risk,High Risk
6e084dee07052768ae655712771e6b2b,2018-01-04 23:09:53,1,On Time,-19.0,Onetime,0.0,0.0,Need Attention,Medium Risk
6e0d94e83bae00a64c12c9497158ee1c,2017-09-24 14:47:42,1,On Time,-11.0,Onetime,20.3,0.002896650726906652,At Risk,High Risk
6e0e3c6485417542b5e5dc80dd6139d4,2018-03-06 15:16:43,1,On Time,-12.0,Onetime,109.9,0.01568186772842567,Potential Loyalists,Low Risk
6e0f2c0fc90a81d749a08d92c584d746,2018-06-04 18:40:03,1,On Time,-21.0,Onetime,119.0,0.01698036633014244,Potential Loyalists,Low Risk
6e1190edde834ca84ba216d13627e85c,2017-03-10 17:33:50,1,On Time,-12.0,Onetime,52.9,0.007548414948441471,At Risk,High Risk
6e1ad40c11dd6aa516c24963c470d9a6,2017-12-14 01:30:04,1,Has Delays,7.0,Onetime,58.0,0.008276144934019005,Need Attention,Medium Risk
6e2064e4da450befb0b70bb2f0c68f64,2017-04-17 19:32:46,1,On Time,-17.0,Onetime,16.9,0.002411497403188296,At Risk,High Risk
6e26bbeaa107ec34112c64e1ee31c0f5,2018-01-02 19:00:43,1,On Time,-17.0,Onetime,1299.0,0.18535710809121875,Need Attention,Medium Risk
6e29598e4a23df8fd26eabe98846719d,2017-06-17 16:54:26,1,On Time,-4.0,Onetime,64.9,0.009260720796859197,At Risk,High Risk
6e333942859ee2b644a75f42da7b1c5a,2017-09-22 11:08:46,1,On Time,-2.0,Onetime,99.9,0.014254946188077563,At Risk,High Risk
6e3a167b6908386aaff774280e6eb1cb,2018-07-23 14:27:37,1,On Time,-6.0,Onetime,45.95,0.00655670447789954,Potential Loyalists,Low Risk
6e4df650faf2c070fc5cbc95efd6c01a,2018-08-24 14:59:37,1,On Time,0.0,Onetime,49.0,0.006991915547705711,Potential Loyalists,Low Risk
6e51ea75bd6da3501b562b9342ab1be9,2018-03-20 13:20:53,1,On Time,-8.0,Onetime,21.9,0.0031249581733623485,Potential Loyalists,Low Risk
6e5c0e412f8b74a1c29aa945757dfc46,2017-06-03 10:33:55,1,On Time,-27.0,Onetime,89.5,0.012770947786115535,At Risk,High Risk
6e620488162fe1129d32f26b751d770a,2017-09-28 21:07:47,1,On Time,-16.0,Onetime,119.8,0.01709452005337029,At Risk,High Risk
6e6c1d33697978556243175000662c81,2017-11-24 20:19:02,1,On Time,-7.0,Onetime,89.99,0.01284086694159259,At Risk,High Risk
6e7a7fc98051aec20afe0f4559e3c114,2018-06-28 22:11:43,1,On Time,-39.0,Onetime,91.99,0.013126251249662211,Potential Loyalists,Low Risk
6e890959de98f57e7db8fbf22d3f5697,2017-06-27 22:14:25,1,On Time,-18.0,Onetime,0.0,0.0,At Risk,High Risk
6e8f22264f42c5c1993803e739260ecf,2017-12-23 22:03:24,1,On Time,-20.0,Onetime,58.9,0.008404567872650334,Need Attention,Medium Risk
6e94cdf4b593972f9d558b3d0c036851,2018-05-17 16:37:03,1,On Time,-16.0,Onetime,0.0,0.0,Potential Loyalists,Low Risk
6ea03cf508c8426284b647626ae5dafd,2018-05-26 23:52:17,1,On Time,-21.0,Onetime,149.9,0.021389553889818086,Potential Loyalists,Low Risk
6eb9314151358fa3229b370c00fa289d,2018-04-27 21:28:24,1,On Time,-13.0,Onetime,72.5,0.010345181167523757,Potential Loyalists,Low Risk
6ec75d7e0032c13ab96440fa90cab1fe,2018-08-20 00:11:37,1,On Time,-1.0,Onetime,84.0,0.011986140938924077,Potential Loyalists,Low Risk
6ecae395621d20aca9711709fedacade,2018-02-26 08:38:32,2,On Time,-8.0,Repeated,153.9,0.021960322505957326,Need Attention,Medium Risk
6ed6a41250b1e99e3bd5e6ecc297dfaf,2017-11-22 11:04:05,1,On Time,-1.0,Onetime,0.0,0.0,At Risk,High Risk
6eda0eb687a3f22e2031dae74269da91,2018-01-16 21:29:47,1,On Time,-19.0,Onetime,49.9,0.007120338486337041,Need Attention,Medium Risk
6ee9dd7a3a539c1ae0b9ee5c9a29961c,2018-06-09 12:33:46,1,On Time,-21.0,Onetime,0.0,0.0,Potential Loyalists,Low Risk
6eff1cd9cc7f4dde6e1cbb679e219a50,2017-11-07 09:23:40,1,On Time,-14.0,Onetime,199.8,0.028509892376155126,At Risk,High Risk
6f070c196a22f70ff35e9a2fb5f94b47,2018-07-30 12:41:54,1,On Time,-2.0,Onetime,139.0,0.01983420941083865,Potential Loyalists,Low Risk
6f0b3c0824512f9e29805095537bd68d,2017-09-14 23:20:35,1,On Time,-11.0,Onetime,0.0,0.0,At Risk,High Risk
6f19cd82c9d4d5b80bd8fbd24e600576,2017-12-20 12:30:40,1,On Time,-10.0,Onetime,24.99,0.0035658769293299124,Need Attention,Medium Risk
6f2013debda201c8ffa9b4a783ef1622,2017-11-04 17:01:40,1,On Time,-17.0,Onetime,0.0,0.0,At Risk,High Risk
6f232f2f5c7f33b7bd9d794d2afacadd,2017-07-26 11:44:28,1,On Time,-13.0,Onetime,0.0,0.0,At Risk,High Risk
6f271277858b64b0630d6ca16f16721f,2018-03-06 13:40:40,1,Has Delays,2.0,Onetime,86.9,0.012399948185625028,Potential Loyalists,Low Risk
6f3f49fc855f386bf0f737c9d84995dc,2018-04-03 19:04:17,1,On Time,-29.0,Onetime,58.99,0.008417410166513468,Potential Loyalists,Low Risk
6f4102ac174b0bf17f1495f81a6f27a3,2017-11-06 14:17:00,1,On Time,-7.0,Onetime,19.9,0.0028395738652927274,At Risk,High Risk
6f5b9e28a0abfb51e391191320d33a56,2017-06-05 08:45:30,1,On Time,-17.0,Onetime,32.64,0.004657471907696212,At Risk,High Risk
6f6700b18880238014937d470e8f5f6f,2018-02-22 15:04:08,1,On Time,-8.0,Onetime,99.0,0.014126523249446233,Need Attention,Medium Risk
6f7c6c8b6f6589599907dae484d21d54,2018-08-11 18:52:46,1,On Time,-10.0,Onetime,139.9,0.01996263234946998,Potential Loyalists,Low Risk
6f8372e7ca5f2963296df89e916cd08f,2017-11-27 13:38:46,1,On Time,-10.0,Onetime,99.0,0.014126523249446233,At Risk,High Risk
6f84cddaa35e02a852f6c6435b384dd2,2017-09-20 16:58:40,1,On Time,-15.0,Onetime,0.0,0.0,At Risk,High Risk
6f90f04011f53535e2ed7add0e6e9775,2018-08-14 17:48:09,1,On Time,-9.0,Onetime,18.0,0.0025684587726265877,Potential Loyalists,Low Risk
6f9fe132662ed65ec152e96b16afe7c0,2018-05-07 15:23:10,1,On Time,-22.0,Onetime,0.0,0.0,Potential Loyalists,Low Risk
6fb19bc711864c90334ba37b2148d4dd,2017-10-17 09:04:12,1,On Time,-16.0,Onetime,28.9,0.004123803251606021,At Risk,High Risk
6fc4be26d93f94de084b9a929664c52f,2017-04-29 23:40:45,1,On Time,-12.0,Onetime,16.99,0.002424339697051429,At Risk,High Risk
6fd9de387d337ad313a16b4c591ca753,2017-02-25 14:34:40,1,On Time,-17.0,Onetime,0.0,0.0,At Risk,High Risk
6fddad01fc95963a667e3d96d751d051,2018-07-21 20:26:41,1,On Time,-9.0,Onetime,189.96,0.027105801580452588,Potential Loyalists,Low Risk
6fdea157b64e36e7d70e7c4676e093fb,2018-08-18 12:25:09,1,On Time,-4.0,Onetime,0.0,0.0,Potential Loyalists,Low Risk
700e0d1f54a4261d5c8f5a310585cb23,2018-07-19 20:19:17,1,On Time,-1.0,Onetime,59.99,0.008560102320548277,Potential Loyalists,Low Risk
70167d9510c6f54bd29bbffd0f4d9e90,2017-05-28 22:52:54,1,On Time,-33.0,Onetime,64.89,0.009259293875318849,At Risk,High Risk
701a19d561fa7884b12c229759819698,2018-01-19 21:07:32,1,On Time,-2.0,Onetime,79.0,0.011272680168750025,Need Attention,Medium Risk
701cc8b09ef60639fe6a1ae73521bdbd,2018-04-25 22:12:49,1,On Time,-2.0,Onetime,49.0,0.006991915547705711,Potential Loyalists,Low Risk
701ea1ff7120fa56b1e4ef945dd5cf19,2017-09-21 01:05:07,1,On Time,-17.0,Onetime,45.9,0.006549569870197798,At Risk,High Risk
7030164c13386d397107bfdf15f3814f,2018-08-05 13:33:17,1,On Time,-6.0,Onetime,78.0,0.011129988014715214,Potential Loyalists,Low Risk
703de7778ea5cd9833cb1b06ab6d0b7d,2018-03-23 16:49:08,1,On Time,-8.0,Onetime,0.0,0.0,Potential Loyalists,Low Risk
7042a2786e6151b47cfb7696fe87cfc8,2018-02-25 18:53:53,1,On Time,0.0,Onetime,0.0,0.0,Need Attention,Medium Risk
705748b59cffa9d676c096f44a227476,2017-05-09 15:22:24,1,On Time,-13.0,Onetime,119.99,0.017121631562636904,At Risk,High Risk
705c9e29830d26e888d395a7f0d4ab87,2017-02-05 15:48:26,1,On Time,-19.0,Onetime,0.0,0.0,At Risk,High Risk
706c6cfe5101366f274a332a11671fa2,2018-04-19 09:43:15,1,On Time,-22.0,Onetime,76.32,0.010890265195936732,Potential Loyalists,Low Risk
70734fd0582006e6fb57918f2610f818,2018-06-14 19:41:46,1,On Time,-22.0,Onetime,35.0,0.004994225391218366,Potential Loyalists,Low Risk
708976af642e89528bcb19b3e72b4152,2018-07-31 14:01:47,1,On Time,-8.0,Onetime,149.9,0.021389553889818086,Potential Loyalists,Low Risk
709c4c5ec8924ff8c85de5801b65458b,2018-08-17 09:46:01,1,On Time,-6.0,Onetime,44.64,0.006369777756113937,Potential Loyalists,Low Risk
709ff5911edcc0d227a46699d7842e66,2017-06-20 20:40:27,1,On Time,-14.0,Onetime,135.5,0.019334786871716816,At Risk,High Risk
70a2aece5345a514bf960b01975aaa60,2017-03-23 22:03:43,1,On Time,-13.0,Onetime,23.99,0.003423184775295102,At Risk,High Risk
70c0cd25ecddaa0802c169b32c311822,2017-08-26 12:43:02,1,On Time,-24.0,Onetime,199.0,0.02839573865292728,At Risk,High Risk
70c7b03f4fedb3c92e18025f9bc5822f,2017-10-27 05:32:38,1,On Time,-14.0,Onetime,63.0,0.008989605704193058,At Risk,High Risk
70c8e7826c40ea4a5824b23c80e71aa0,2018-04-06 20:46:51,1,On Time,-13.0,Onetime,122.99,0.017549708024741335,Potential Loyalists,Low Risk
70d396f72bac7521d4546cb16cf4358b,2017-02-23 10:06:46,1,On Time,-15.0,Onetime,79.9,0.011401103107381355,At Risk,High Risk
70d559655397ff9db9bb31dbaf5a7b5a,2017-11-24 10:21:50,1,On Time,-18.0,Onetime,69.0,0.00984575862840192,At Risk,High Risk
70f009722a7cd15568c58cb753ff4399,2017-06-06 11:38:15,1,On Time,-27.0,Onetime,18.9,0.002696881711257917,At Risk,High Risk
70f0622ab3555dc6e637a48684e331e3,2017-12-26 23:32:04,1,On Time,-13.0,Onetime,597.9,0.08531563889741316,Need Attention,Medium Risk
71150730b022797afd6a487820125da0,2018-07-20 10:32:03,1,On Time,-30.0,Onetime,1450.0,0.20690362335047513,Potential Loyalists,Low Risk
713e7f4511e7c790a743897d3ea47c08,2017-05-21 23:42:14,1,On Time,-13.0,Onetime,65.0,0.009274990012262679,At Risk,High Risk
7141f12f335b30c6d8ca881d9f330c69,2018-07-18 16:16:28,1,On Time,-13.0,Onetime,480.65,0.06858498383683162,Potential Loyalists,Low Risk
71570c9b76f11df814726260cf634fb8,2018-07-27 12:45:51,1,On Time,-11.0,Onetime,679.0,0.09688797258963629,Potential Loyalists,Low Risk
715f90d43334e54a29bb233e7687f65c,2017-08-01 00:22:08,1,On Time,-15.0,Onetime,99.99,0.014267788481940694,At Risk,High Risk
71692b73230707ce0f95d8a6091c22b4,2018-08-09 17:36:47,1,On Time,-20.0,Onetime,330.0,0.047088410831487446,Potential Loyalists,Low Risk
718035a1435a427d46fd383caa59feb2,2018-08-05 18:13:11,1,On Time,-3.0,Onetime,78.9,0.011258410953346544,Potential Loyalists,Low Risk
71a6706498b96147ee2493568ab46432,2018-02-17 10:31:09,1,On Time,-13.0,Onetime,0.0,0.0,Need Attention,Medium Risk
71cc49dcc859ef150badb7ae623b6b96,2017-08-15 11:40:46,1,On Time,-7.0,Onetime,175.0,0.024971126956091824,At Risk,High Risk
71df4133a5dbdc2f6db175f7cd3f8d10,2018-08-09 12:44:54,1,On Time,-1.0,Onetime,59.9,0.008547260026685145,Potential Loyalists,Low Risk
71e06f5053f893d3417e747f534e14fe,2017-03-31 05:28:57,1,On Time,-19.0,Onetime,0.0,0.0,At Risk,High Risk
71e324d4444cbd2ce5e61fa48dd434cf,2017-09-19 08:38:23,1,On Time,-16.0,Onetime,159.9,0.02281647543016619,At Risk,High Risk
71e44a3c0131f63b658da791bbeeba1c,2018-04-18 18:59:42,1,On Time,-14.0,Onetime,109.9,0.01568186772842567,Potential Loyalists,Low Risk
71f545b9f6343c56082214728419c637,2018-08-06 16:59:58,1,On Time,-1.0,Onetime,128.7,0.0183644802242801,Potential Loyalists,Low Risk
71f63b438b7f08f55cf7afc5e4eda1b7,2018-04-18 08:21:28,1,On Time,-15.0,Onetime,92.34,0.013176193503574397,Potential Loyalists,Low Risk
71f93416aba3c29ee0929275f545b506,2017-05-08 12:22:44,1,On Time,0.0,Onetime,131.0,0.018692672178560167,At Risk,High Risk
71fc6a8faee5a414d80feac6ea0e7976,2018-08-08 17:41:10,1,On Time,-11.0,Onetime,535.6999999999999,0.07644018691644794,Potential Loyalists,Low Risk
71fd4b8ba810c0b2bcddcebf0fbd159c,2017-11-24 10:19:23,1,On Time,-7.0,Onetime,0.0,0.0,At Risk,High Risk
720d85b7b02bc0505d82fcd0e6010490,2017-12-07 20:38:37,1,On Time,-22.0,Onetime,84.99,0.012127406171418538,Need Attention,Medium Risk
721753e3cd58abfc617b532d19ee7ea8,2018-08-06 00:52:30,1,On Time,-1.0,Onetime,54.9,0.007833799256511093,Potential Loyalists,Low Risk
721d1092e1a6460c67e6a0e691d899a3,2017-05-13 13:16:20,1,On Time,-17.0,Onetime,16.9,0.002411497403188296,At Risk,High Risk
72257c3a06b3f5851d40c70240f4e322,2017-07-18 19:42:26,1,On Time,-12.0,Onetime,0.0,0.0,At Risk,High Risk
723760306f7a15ad72dac1b300eccbee,2017-12-17 13:11:36,1,Has Delays,8.0,Onetime,187.0,0.02668343280450955,Need Attention,Medium Risk
7247c7024156fa355889f76ce22b3d2c,2018-05-05 13:56:03,1,On Time,-12.0,Onetime,118.0,0.016837674176107632,Potential Loyalists,Low Risk
7249a976b68003a30adc1203a467cf6c,2018-01-11 12:20:07,1,On Time,-1.0,Onetime,0.0,0.0,Need Attention,Medium Risk
7254d91ed781ba8af6038fc53529dd38,2017-09-30 11:00:12,1,On Time,-13.0,Onetime,55.0,0.007848068471914575,At Risk,High Risk
725d8f8fdfc93484d063c1244d62ba95,2018-01-22 11:39:08,1,On Time,-17.0,Onetime,128.26,0.018301695676504783,Need Attention,Medium Risk
72632f0f9dd73dfee390c9b22eb56dd6,2018-02-13 21:18:39,1,On Time,-10.0,Onetime,19.9,0.0028395738652927274,Need Attention,Medium Risk
72635a55dfa99b570cb2d2e3e6477737,2018-05-02 11:09:22,1,On Time,-12.0,Onetime,89.9,0.012828024647729459,Potential Loyalists,Low Risk
727fd1637068f738000769f328ccbe4c,2018-07-01 14:44:27,1,On Time,-20.0,Onetime,198.0,0.028253046498892466,Potential Loyalists,Low Risk
72802a20641f4dd46e6d3ce18af50cf8,2017-07-23 21:16:53,1,On Time,-19.0,Onetime,49.95,0.007127473094038782,At Risk,High Risk
729a2696f78da805198eb9b531775daf,2017-05-17 15:08:18,1,On Time,-11.0,Onetime,0.0,0.0,At Risk,High Risk
72b1f9e1b8aa00c0be1d47006c3ab5f7,2018-04-02 23:31:13,1,Has Delays,7.0,Onetime,0.0,0.0,Potential Loyalists,Low Risk
72b74e3ab8b2f7da203dbb50344879bb,2017-08-30 16:59:19,1,On Time,-13.0,Onetime,195.0,0.027824970036788032,At Risk,High Risk
72d27a31eca277b1cb06534d631e3392,2017-03-04 12:39:50,1,On Time,-5.0,Onetime,0.0,0.0,At Risk,High Risk
72db16a48d2efe7052acbcd2ec0b209e,2018-07-22 14:30:01,1,On Time,-7.0,Onetime,18.9,0.002696881711257917,Potential Loyalists,Low Risk
72e1dc93036a4285eecdd76ae6465ef8,2018-05-16 13:38:49,1,On Time,-23.0,Onetime,0.0,0.0,Potential Loyalists,Low Risk
72eaaf7ab48bd234c4ccab3d894b874d,2018-03-12 10:47:46,1,On Time,-5.0,Onetime,0.0,0.0,Potential Loyalists,Low Risk
73001c351ae67a6b093462ce7a643b57,2017-08-15 20:40:16,1,On Time,-18.0,Onetime,34.99,0.0049927984696780175,At Risk,High Risk
730bc97df4e3bb36de63041f329b9e87,2018-04-14 22:10:20,1,On Time,-7.0,Onetime,47.9,0.006834954178267419,Potential Loyalists,Low Risk
731ea3afd190908a9cbed04f42aa51e2,2017-11-27 18:39:50,1,On Time,-10.0,Onetime,89.9,0.012828024647729459,At Risk,High Risk
7321fa632feb9f59860bd048524ed14a,2018-07-06 18:21:45,1,On Time,-18.0,Onetime,199.8,0.028509892376155126,Potential Loyalists,Low Risk
732267f7c7fc6f66cb66c383824954a5,2017-08-15 16:00:04,1,On Time,-10.0,Onetime,61.9,0.008832644334754766,At Risk,High Risk
732517445a23f14603d5683d8c0e7b37,2017-02-26 17:33:51,1,On Time,-3.0,Onetime,143.99,0.020546243259472356,At Risk,High Risk
7329425efe29caeb8c292b725579bd50,2017-12-15 12:57:19,1,On Time,-14.0,Onetime,0.0,0.0,Need Attention,Medium Risk
7330a3475a2c65878c2c9b95266bef04,2018-03-03 10:01:19,1,Has Delays,1.0,Onetime,199.0,0.02839573865292728,Need Attention,Medium Risk
733f89dbe1cd8580321aacd8766dd437,2017-11-24 21:45:13,1,On Time,-6.0,Onetime,0.0,0.0,At Risk,High Risk
7353be07ce9cac1da115dcc3a29c8794,2018-08-27 20:47:15,1,On Time,-11.0,Onetime,0.0,0.0,Potential Loyalists,Low Risk
7353e7e5f2f32af3228d688d12ceef48,2017-11-29 10:07:56,1,On Time,-11.0,Onetime,49.0,0.006991915547705711,At Risk,High Risk
735dde9dccd9ec72098a553c6af2198e,2018-06-24 15:02:52,1,On Time,-17.0,Onetime,149.9,0.021389553889818086,Potential Loyalists,Low Risk
73621cf8bb2f92f40419b7cf89a5eb2b,2017-11-24 08:28:50,1,On Time,-22.0,Onetime,89.58,0.012782363158438318,At Risk,High Risk
738ee47ca7799ec680527c31c73b7ef5,2018-05-11 10:49:39,1,Has Delays,12.0,Onetime,169.0,0.024114974031882966,Potential Loyalists,Low Risk
73a1d7ac09a1e29703738e7e633f01e4,2017-12-19 23:15:17,1,On Time,-22.0,Onetime,0.0,0.0,Need Attention,Medium Risk
73a99c7a2c8a5a9bd05bf0c2b88f6bbe,2018-07-04 07:14:25,1,On Time,-34.0,Onetime,0.0,0.0,Potential Loyalists,Low Risk
73b8cd05f8b04f402a513776ed53f5e0,2018-04-19 07:24:54,1,On Time,-18.0,Onetime,0.0,0.0,Potential Loyalists,Low Risk
73cb5bd8850865a23fc9c1593c17ce6c,2018-05-03 12:49:12,1,On Time,-8.0,Onetime,189.9,0.0270972400512105,Potential Loyalists,Low Risk
73d44418367f9efcd7069592789bd0f5,2017-03-20 11:52:44,1,On Time,-11.0,Onetime,129.99,0.018548553102985012,At Risk,High Risk
73d53d2124cce660dc5165c7cce823d7,2018-01-06 21:39:08,1,On Time,-21.0,Onetime,89.9,0.012828024647729459,Need Attention,Medium Risk
73d7c87d44af686f20f4c826c19f73bc,2017-10-30 19:03:45,1,Has Delays,1.0,Onetime,219.0,0.031249581733623487,At Risk,High Risk
73da78eda27f160f2ed111e2916d162d,2018-01-07 10:24:26,1,On Time,-19.0,Onetime,199.9,0.028524161591558603,Need Attention,Medium Risk
73f90b219c69253bddd6d6111783f47b,2018-02-19 22:35:48,1,On Time,-13.0,Onetime,23.99,0.003423184775295102,Need Attention,Medium Risk
740a097a2a05f072116ab70a9e8feca2,2018-03-19 23:38:24,1,On Time,-2.0,Onetime,139.9,0.01996263234946998,Potential Loyalists,Low Risk
740ece7e8cdb4ee5eeb95dc76a4e578a,2017-04-27 14:17:37,1,On Time,-30.0,Onetime,29.9,0.004266495405640831,At Risk,High Risk
7416c044781d8b5e4de31e7d52d9f85d,2018-02-04 21:23:54,1,On Time,-24.0,Onetime,49.0,0.006991915547705711,Need Attention,Medium Risk
74182c655b0270d9dde23ca43bb16a2e,2017-09-13 15:07:45,1,On Time,-12.0,Onetime,0.0,0.0,At Risk,High Risk
7418458c86b91f0322f91e7145a02bd7,2017-02-11 10:53:48,1,On Time,-21.0,Onetime,119.6,0.017065981622563325,At Risk,High Risk
7419850411a470c611c1a6d398c853aa,2018-07-24 15:35:42,1,On Time,-7.0,Onetime,0.0,0.0,Potential Loyalists,Low Risk
74436a334d42f9516826a7c3c6d5b226,2018-07-14 09:19:17,1,On Time,-17.0,Onetime,1280.0,0.18264595716455737,Potential Loyalists,Low Risk
745e1490d4eb16895c8556c44973f64a,2018-07-20 10:46:14,1,On Time,-13.0,Onetime,59.9,0.008547260026685145,Potential Loyalists,Low Risk
745e5855c89063226a0b8d895d4aacde,2017-10-21 18:47:03,1,On Time,-18.0,Onetime,120.9,0.017251481422808582,At Risk,High Risk
747ea65052566eba93f2b81c6ca1a14e,2018-03-23 17:22:23,1,On Time,-15.0,Onetime,166.94,0.023821028194571253,Potential Loyalists,Low Risk
747f7686c38242845e7b40790ad94705,2017-12-04 15:18:06,1,On Time,-17.0,Onetime,0.0,0.0,Need Attention,Medium Risk
74838cafa70beaff741b6f16a4564080,2017-09-01 22:52:49,1,On Time,-11.0,Onetime,180.0,0.02568458772626588,At Risk,High Risk
748cf0cff0c8565b3bf64c24661017d4,2017-11-24 23:51:54,1,Has Delays,1.0,Onetime,38.99,0.00556356708581726,At Risk,High Risk
748e84169ace592af7a9bd3d01b47b4c,2018-07-31 13:23:40,1,On Time,-4.0,Onetime,0.0,0.0,Potential Loyalists,Low Risk
7492a411232f7dd4b1adb8b335cd1983,2017-05-21 21:10:35,1,On Time,-12.0,Onetime,29.99,0.0042793376995039645,At Risk,High Risk
74a68c138e3220107add702b3777948c,2017-08-03 09:38:26,1,On Time,-15.0,Onetime,105.0,0.014982676173655096,At Risk,High Risk
74bb35834cc90f8b98adc9da1c4c8556,2017-06-05 15:51:51,1,On Time,-9.0,Onetime,167.99,0.023970854956307807,At Risk,High Risk
74cb1ad7e6d5674325c1f99b5ea30d82,2018-04-03 01:16:22,1,On Time,-2.0,Onetime,169.0,0.024114974031882966,Potential Loyalists,Low Risk
74d9f662860f35a9b368151421f05fef,2018-05-07 14:21:03,1,On Time,-11.0,Onetime,14.49,0.0020676093119644033,Potential Loyalists,Low Risk
74f1c30f52f68f07d9e83ca5a5bc444d,2018-01-15 10:16:23,1,On Time,-12.0,Onetime,89.99,0.01284086694159259,Need Attention,Medium Risk
74f62172da3c6cdbda0e80017f6f5cf4,2017-11-23 13:18:06,1,On Time,-16.0,Onetime,99.0,0.014126523249446233,At Risk,High Risk
74f6539658a10da4f67bd4f9d8ea5c04,2017-07-11 17:46:45,1,On Time,-6.0,Onetime,119.9,0.017108789268773773,At Risk,High Risk
74f8bf53fadec7ea8e08cf119d0fa4da,2017-08-26 08:51:18,1,On Time,-17.0,Onetime,79.0,0.011272680168750025,At Risk,High Risk
74fe4e106702770ef728399ce5da503a,2018-06-02 11:51:00,1,On Time,-23.0,Onetime,259.9,0.03708569083364723,Potential Loyalists,Low Risk
74ffea658fa22ea2788b68b244e2a9de,2018-06-29 06:53:08,1,On Time,-15.0,Onetime,46.99,0.006705104318095743,Potential Loyalists,Low Risk
750550f1fbf777d9383acb856bc593dd,2018-02-18 16:36:52,1,On Time,-22.0,Onetime,171.0,0.024400358339952584,Need Attention,Medium Risk
7508fcee150d3d55a1f0f2f590232de2,2018-08-08 22:21:23,1,On Time,-22.0,Onetime,170.0,0.024257666185917775,Potential Loyalists,Low Risk
75190022751fc37ea481648582f29503,2017-11-01 19:01:18,1,On Time,-10.0,Onetime,227.14,0.03241109586746684,At Risk,High Risk
7542698921c5856de2ce737b2f0b57d8,2017-09-13 22:21:07,1,Has Delays,1.0,Onetime,0.0,0.0,At Risk,High Risk
75537a427ceae945e3a4bf1fcb81445e,2017-05-17 22:58:25,1,On Time,-12.0,Onetime,160.0,0.02283074464556967,At Risk,High Risk
755751fa93cd2d53adcd3f55b2fcab3a,2018-08-21 20:36:22,1,On Time,-4.0,Onetime,179.9,0.025670318510862395,Potential Loyalists,Low Risk
757921c3d0047781031e9bcbaf2c393c,2017-11-24 14:15:53,1,Has Delays,3.0,Onetime,0.0,0.0,At Risk,High Risk
7580e539c3d74ce5ff3946877db01dd2,2018-08-14 20:38:23,1,On Time,-15.0,Onetime,0.0,0.0,Potential Loyalists,Low Risk
7582c4e0a81c88f5ea0ead98b083b876,2017-04-26 11:48:47,1,On Time,-7.0,Onetime,79.9,0.011401103107381355,At Risk,High Risk
7585fac6723f6d9fd6ad21c70ceadb70,2017-10-24 09:13:05,1,On Time,-13.0,Onetime,0.0,0.0,At Risk,High Risk
75c9d9286f420028ef73062dee65da94,2017-05-08 17:51:05,1,On Time,-21.0,Onetime,49.9,0.007120338486337041,At Risk,High Risk
75e9ca5fea78afa5f2fb324d58593d64,2018-06-13 09:16:20,1,On Time,-15.0,Onetime,175.99,0.02511239218858629,Potential Loyalists,Low Risk
75ecb9c8cdcf92cb5d6eced1ed5dc44f,2017-03-15 21:25:00,1,Has Delays,1.0,Onetime,139.0,0.01983420941083865,At Risk,High Risk
75f15790b1852b42b1dbf645d98ffa1c,2018-05-15 08:48:44,1,On Time,-17.0,Onetime,99.0,0.014126523249446233,Potential Loyalists,Low Risk
76021f22e28fcda7ededf39e2ca5a155,2017-06-03 16:52:47,1,On Time,-13.0,Onetime,56.99,0.008132025858443848,At Risk,High Risk
76265a1cb8a13604fda3632daf9db6c7,2017-12-10 22:51:43,1,On Time,-13.0,Onetime,1199.9,0.17121631562636908,Need Attention,Medium Risk
763c66ad3f778d7c060e34325e036cf6,2017-07-19 17:27:37,1,On Time,-7.0,Onetime,79.0,0.011272680168750025,At Risk,High Risk
76415e22ee395842dd2428a274776e94,2017-09-07 21:52:13,1,On Time,-12.0,Onetime,0.0,0.0,At Risk,High Risk
7665839401a56c050110d34a0d86809f,2018-07-14 18:14:12,1,On Time,-28.0,Onetime,149.0,0.021261130951186754,Potential Loyalists,Low Risk
766c363986fc269b65ca0bd173b39691,2017-11-06 16:24:03,1,On Time,-9.0,Onetime,27.99,0.003993953391434344,At Risk,High Risk
7671178c592895e5beed747367b4a54b,2018-01-19 00:48:30,1,Has Delays,47.0,Onetime,38.0,0.005422301853322796,Need Attention,Medium Risk
7688b172eb5a86c7470f5928e02d6e48,2018-07-05 10:30:20,1,On Time,-12.0,Onetime,49.9,0.007120338486337041,Potential Loyalists,Low Risk
768bbd3f7d68a84720367283e65ebaac,2017-12-15 16:52:44,1,On Time,-36.0,Onetime,0.0,0.0,Need Attention,Medium Risk
768e9ed92dd4fe880672c8e90dc4f74c,2018-03-12 16:20:32,1,Has Delays,21.0,Onetime,161.7,0.023073321307428847,Potential Loyalists,Low Risk
769c0ea95d3febeee4fed19038785cbf,2018-06-06 17:10:26,1,On Time,-35.0,Onetime,39.99,0.00570625923985207,Potential Loyalists,Low Risk
76a5a50d60701cb6feca23fe2f1fac40,2018-05-14 19:23:56,1,On Time,-5.0,Onetime,0.0,0.0,Potential Loyalists,Low Risk
76a667726ee3009489d90d856bd8361c,2018-06-29 10:32:33,1,Has Delays,1.0,Onetime,0.0,0.0,Potential Loyalists,Low Risk
76b449ccab9149ae827c02c4c96704f1,2018-01-15 15:43:09,1,On Time,-13.0,Onetime,192.99,0.027538158807178068,Need Attention,Medium Risk
76b7e0e8329b419ae445e9254a62b9a8,2017-12-01 18:14:34,1,Has Delays,8.0,Onetime,0.0,0.0,Need Attention,Medium Risk
76bf559b3b17a29c539449167daeef6a,2017-04-29 20:57:27,1,On Time,-18.0,Onetime,0.0,0.0,At Risk,High Risk
76c9a12722537319e44c31e70b7815c3,2018-06-03 18:24:33,1,On Time,-33.0,Onetime,28.9,0.004123803251606021,Potential Loyalists,Low Risk
76cf4cc60c7b6d6469c49e11e9b714dc,2018-04-26 09:49:09,1,On Time,-34.0,Onetime,0.0,0.0,Potential Loyalists,Low Risk
76d4b39c8b588b307ded0d2952d82d3e,2017-08-06 11:45:26,1,On Time,-15.0,Onetime,38.99,0.00556356708581726,At Risk,High Risk
76d996ef3f2fdebeb51eed26bb06aee7,2017-07-19 15:14:19,1,On Time,-15.0,Onetime,32.9,0.0046945718677452635,At Risk,High Risk
76ef492abb3414d73c62f104e7b179e3,2017-11-28 00:37:52,1,On Time,-12.0,Onetime,109.97,0.015691856179208104,At Risk,High Risk
76f283349c070c1520b14b89a6e00b7d,2018-04-03 15:03:21,1,On Time,-4.0,Onetime,359.0,0.051226483298496946,Potential Loyalists,Low Risk
76fe97f554dca5a3d157ee7ce9ccd414,2018-03-03 23:19:47,1,On Time,-18.0,Onetime,13.9,0.0019834209410838654,Potential Loyalists,Low Risk
76ffb5b3f1186c6c8022f6047ae9ead5,2018-01-14 22:48:28,2,On Time,-15.0,Repeated,169.8,0.024229127755110814,Need Attention,Medium Risk
7704b4ee92be4fc9b92ec80163c45272,2018-08-21 18:02:44,1,On Time,-5.0,Onetime,36.99,0.005278182777747638,Potential Loyalists,Low Risk
77338b259868d54b539b0296b01fc635,2018-08-27 22:12:59,1,On Time,-5.0,Onetime,22.6,0.003224842681186716,Potential Loyalists,Low Risk
773be09978771b203928da3b2091ec2d,2018-08-04 20:54:31,1,On Time,-6.0,Onetime,95.8,0.013669908356534838,Potential Loyalists,Low Risk
773d6a126278eaa169f2daeb9cc23ef9,2018-01-05 11:04:11,1,On Time,-22.0,Onetime,55.0,0.007848068471914575,Need Attention,Medium Risk
7747420e46d7fcad1d2fb2931e9a9da0,2017-12-21 22:50:13,1,Has Delays,2.0,Onetime,122.0,0.017408442792246872,Need Attention,Medium Risk
77478d54ce0ee01c276292d8579f478b,2017-12-27 09:47:05,1,On Time,-15.0,Onetime,98.0,0.013983831095411422,Need Attention,Medium Risk
7755ab0ce3d764fb730609e400db20cd,2017-12-09 23:17:50,1,On Time,-20.0,Onetime,209.99,0.029963925425769842,Need Attention,Medium Risk
7759c54d34055599a186594e01b57af1,2018-06-16 20:31:37,1,On Time,-21.0,Onetime,187.0,0.02668343280450955,Potential Loyalists,Low Risk
776f97a51344626338b5eefded4d3a98,2018-03-11 11:11:51,1,On Time,-9.0,Onetime,21.49,0.003066454390208076,Potential Loyalists,Low Risk
77722ed28b37c30bc7d25319b0a14b73,2017-05-19 20:13:23,1,On Time,-14.0,Onetime,467.0,0.06663723593425648,At Risk,High Risk
7775761e92837b8c5fd964d725264313,2018-01-08 20:16:33,1,On Time,-16.0,Onetime,150.0,0.021403823105221566,Need Attention,Medium Risk
77938defe8452824069b39bc37934a81,2017-10-23 14:35:53,1,On Time,-16.0,Onetime,259.8,0.037071421618243755,At Risk,High Risk
77a4b149542d3a21a4a8c02b9441220b,2018-04-30 16:02:54,1,On Time,-13.0,Onetime,12.9,0.0018407287870490546,Potential Loyalists,Low Risk
77c213e10acbd145d50fcb035d0e86d9,2018-03-27 09:08:33,1,On Time,-9.0,Onetime,88.0,0.012556909555063318,Potential Loyalists,Low Risk
77c47b5fef16741999450430f66d39fd,2017-04-07 10:07:39,1,Has Delays,7.0,Onetime,0.0,0.0,At Risk,High Risk
77d0352364404b096ab0509d4c841def,2018-06-13 19:47:40,1,On Time,-14.0,Onetime,89.99,0.01284086694159259,Potential Loyalists,Low Risk
77e4a907ae533160f3e5220d9d9084e9,2018-08-03 19:00:56,1,On Time,-11.0,Onetime,127.5,0.01819324963943833,Potential Loyalists,Low Risk
78130fb0014a1ecce98e7faa41b6f06e,2018-07-20 11:28:33,1,On Time,-13.0,Onetime,150.0,0.021403823105221566,Potential Loyalists,Low Risk
781686ab28fa4aa5816b213c5a7d2a5b,2017-08-25 11:59:24,1,On Time,-8.0,Onetime,310.0,0.04423456775079124,At Risk,High Risk
781ae350edb16842380e81d7c7feb431,2017-11-22 11:32:22,1,Has Delays,17.0,Onetime,83.9,0.011971871723520596,At Risk,High Risk
7828a4a1ee004bbe6665cbffbc4bf2d9,2018-02-12 11:08:58,1,On Time,-9.0,Onetime,86.0,0.012271525246993698,Need Attention,Medium Risk
782987b81c92239d922aa49d6bd4200b,2017-07-13 19:58:11,1,On Time,-20.0,Onetime,98.0,0.013983831095411422,At Risk,High Risk
7839f50558d5b6c21331887939c0f414,2018-08-20 14:16:16,1,On Time,-10.0,Onetime,289.0,0.041238032516060216,Potential Loyalists,Low Risk
7842fedad651fb80cd89f428e34e83e9,2017-12-04 22:10:16,1,On Time,-7.0,Onetime,190.14,0.027131486168178853,Need Attention,Medium Risk
784934fd0ef7f0acb22a535b08ccecac,2017-03-10 10:01:13,1,On Time,-9.0,Onetime,22.37,0.0031920234857587093,At Risk,High Risk
785a8a410d6fc9661d66f7218a87229d,2017-07-06 17:11:14,1,On Time,-10.0,Onetime,300.0,0.04280764621044313,At Risk,High Risk
78619698bdaf96e23374133380aad18f,2017-05-23 16:32:06,1,On Time,-28.0,Onetime,0.0,0.0,At Risk,High Risk
78791713501b5a7de9d65ff42dcdb016,2017-06-06 18:10:19,1,On Time,-28.0,Onetime,0.0,0.0,At Risk,High Risk
788dec250d1d6b67eeb6e09a0fc69389,2018-05-30 17:38:11,1,On Time,-31.0,Onetime,113.85,0.016245501736863167,Potential Loyalists,Low Risk
789821d5e65b233b2986b190868b6cb7,2018-03-29 11:27:48,1,On Time,-14.0,Onetime,412.0,0.0587891674623419,Potential Loyalists,Low Risk
78b47e917e6732e91b9fd5e23205b830,2017-10-26 22:54:02,1,On Time,-14.0,Onetime,29.979999999999997,0.0042779107779636165,At Risk,High Risk
78c29e3657617fa139ce31b9d7ae46a4,2017-02-28 18:47:03,1,On Time,-7.0,Onetime,74.25,0.010594892437084676,At Risk,High Risk
78dac225c9b06836121cb53fd0084ccb,2018-05-21 12:21:48,1,On Time,-21.0,Onetime,79.9,0.011401103107381355,Potential Loyalists,Low Risk
78f40d39d4a401c047c0c26559e7775a,2017-12-01 13:01:47,1,On Time,-7.0,Onetime,0.0,0.0,At Risk,High Risk
78fab739f967caf7f60c97a320f23261,2018-07-29 20:00:34,1,On Time,-5.0,Onetime,38.0,0.005422301853322796,Potential Loyalists,Low Risk
78fb70b5aa609b4b55c6ef3d0cb51faf,2017-07-26 09:09:01,1,On Time,-7.0,Onetime,0.0,0.0,At Risk,High Risk
79093f1f5356ceced1473035e849be7c,2018-04-08 20:38:47,1,Has Delays,16.0,Onetime,99.9,0.014254946188077563,Potential Loyalists,Low Risk
790cc14129e4d076d124aafd2b9f7caa,2018-01-07 11:11:03,1,On Time,-13.0,Onetime,129.99,0.018548553102985012,Need Attention,Medium Risk
7912478cc830e7e59f8dda8b2712b555,2018-06-19 20:01:02,1,On Time,-13.0,Onetime,364.0,0.051939944068671,Potential Loyalists,Low Risk
79377f2dd1a1b92c1c06fba32f1bc1eb,2018-03-20 11:42:25,1,On Time,-20.0,Onetime,19.9,0.0028395738652927274,Potential Loyalists,Low Risk
7937be50771f5a064440463094da5820,2018-04-24 14:23:18,1,On Time,-9.0,Onetime,18.98,0.0027082970835807024,Potential Loyalists,Low Risk
793b11a5b927a84255954ed767754d1e,2018-03-12 23:29:35,1,On Time,-17.0,Onetime,37.9,0.005408032637919316,Potential Loyalists,Low Risk
793cd0b1c9da05e084cd9e3bb474de83,2018-02-12 20:41:50,1,On Time,-4.0,Onetime,23.99,0.003423184775295102,Need Attention,Medium Risk
794a542461efefc5e9f0aed3254cbba0,2018-07-20 21:09:11,1,On Time,-16.0,Onetime,0.0,0.0,Potential Loyalists,Low Risk
79538aee569d709ed810606a5eab6f72,2017-04-04 19:04:10,1,On Time,-8.0,Onetime,199.0,0.02839573865292728,At Risk,High Risk
795e2dd34c208200aed85b3f44dc2a4b,2017-12-01 21:39:03,1,On Time,-5.0,Onetime,0.0,0.0,Need Attention,Medium Risk
795ec127906a9e161109399a70f5826d,2017-04-27 10:24:22,1,On Time,-14.0,Onetime,39.9,0.005693416945988936,At Risk,High Risk
796af4fac93296428070925a8a78aaa1,2017-07-26 07:54:12,1,On Time,-17.0,Onetime,69.9,0.00997418156703325,At Risk,High Risk
7973a6ba9c81ecaeb3d628c33c7c7c48,2017-09-19 22:17:15,1,On Time,-3.0,Onetime,0.0,0.0,At Risk,High Risk
798521769d378407b587dcee426d9f56,2017-03-05 17:56:53,1,On Time,-18.0,Onetime,19.9,0.0028395738652927274,At Risk,High Risk
79859e9f052a65854540f5ef5d4dbe6a,2018-05-18 19:17:14,1,On Time,-9.0,Onetime,0.0,0.0,Potential Loyalists,Low Risk
799bbad94152e4bf5946b21e97d6f566,2018-01-26 16:15:02,1,On Time,-9.0,Onetime,34.9,0.004979956175814883,Need Attention,Medium Risk
79a4fa88711e09a102e206befef01bda,2017-08-04 21:44:43,1,On Time,-15.0,Onetime,355.9,0.050784137620989024,At Risk,High Risk
79aaa40216d464f6571c1ade510d094d,2017-09-09 19:36:44,1,On Time,-8.0,Onetime,59.9,0.008547260026685145,At Risk,High Risk
79c3ef46b89f10777f5604a5e1ee22b5,2017-08-16 16:24:17,1,On Time,-10.0,Onetime,109.4,0.015610521651408263,At Risk,High Risk
79e12483f9b14c3254db94bd137a4b70,2018-08-06 18:45:01,1,On Time,-12.0,Onetime,1349.0,0.19249171579295926,Potential Loyalists,Low Risk
79f6bb4f638b4214ad8d62d60148a280,2018-03-09 19:41:23,1,Has Delays,7.0,Onetime,53.9,0.007691107102476282,Potential Loyalists,Low Risk
7a058fb903db07aea7cad4ed26301dd1,2018-02-26 12:47:29,1,On Time,-5.0,Onetime,0.0,0.0,Need Attention,Medium Risk
7a08dd88ce7a21d946f60896cf937b83,2017-11-09 17:37:49,1,On Time,-14.0,Onetime,399.99,0.05707543469238383,At Risk,High Risk
7a0a841d2fc8561c75cf26923e1ab48a,2017-11-14 09:22:00,1,On Time,-12.0,Onetime,0.0,0.0,At Risk,High Risk
7a19f3fff09616cbb1cf8fdaa05ae032,2018-01-29 17:09:54,1,On Time,-14.0,Onetime,89.9,0.012828024647729459,Need Attention,Medium Risk
7a2679d6c164f6b6a2f36daf1b2fbc9d,2016-10-06 11:05:43,1,On Time,-32.0,Onetime,40.9,0.005836109100023747,At Risk,High Risk
7a350426024a624cef97f797c408db97,2018-01-11 14:56:58,1,On Time,-14.0,Onetime,0.0,0.0,Need Attention,Medium Risk
7a380cb5434e6b6b5b37d45bb99dbe8a,2018-05-16 23:45:47,2,On Time,-13.0,Repeated,412.79,0.0589018942640294,Champions,Low Risk
7a43947421cb96e7abe1e0572ccac62b,2018-04-06 14:11:27,1,On Time,-12.0,Onetime,0.0,0.0,Potential Loyalists,Low Risk
7a4593fd994912c840cf26a0ded104be,2018-07-31 21:04:45,1,On Time,-7.0,Onetime,14.9,0.0021261130951186757,Potential Loyalists,Low Risk
7a4c7a21fd3aad6cc3dbffa5743d7b70,2018-07-24 20:14:28,1,On Time,-16.0,Onetime,198.9,0.028381469437523798,Potential Loyalists,Low Risk
7a53ba76258617f396248d5d2de031db,2017-12-04 12:44:45,1,On Time,-13.0,Onetime,79.0,0.011272680168750025,Need Attention,Medium Risk
7a548eb1c21b3a533989d19aecb7cb80,2018-05-20 22:11:23,1,On Time,-2.0,Onetime,119.0,0.01698036633014244,Potential Loyalists,Low Risk
7a5531cd96b9def6bd36bc530f317381,2017-12-06 22:34:32,1,On Time,-6.0,Onetime,618.0,0.08818375119351285,Need Attention,Medium Risk
7a58b4b37ece4d202545b0bf98a18efd,2018-05-18 14:14:10,1,On Time,-11.0,Onetime,80.0,0.011415372322784835,Potential Loyalists,Low Risk
7a60f3a8db817e4f5f33a1b19248be80,2017-11-11 07:38:45,1,On Time,-14.0,Onetime,44.99,0.006419720010026121,At Risk,High Risk
7a670b6b2b72139db36206362bbf5140,2018-04-24 23:08:40,1,On Time,-12.0,Onetime,69.9,0.00997418156703325,Potential Loyalists,Low Risk
7a71ca03472864732dfcb00aa70b42f3,2017-09-15 08:28:52,1,On Time,-4.0,Onetime,155.0,0.02211728387539562,At Risk,High Risk
7a944cacdbf306b47bf62fcc183c8944,2017-08-10 18:20:18,1,On Time,-14.0,Onetime,0.0,0.0,At Risk,High Risk
7aa123fb08cb845c66e2d2bb3dee879c,2017-12-02 07:55:59,1,On Time,-21.0,Onetime,25.0,0.003567303850870261,Need Attention,Medium Risk
7aa4cc10b75fde631908e6ae1066db23,2017-11-28 10:50:26,1,On Time,-9.0,Onetime,58.99,0.008417410166513468,At Risk,High Risk
7aab2467f56023de6dfb7f80edcf746c,2017-07-26 19:44:03,1,On Time,-14.0,Onetime,0.0,0.0,At Risk,High Risk
7ab9d668d61c5b781832f05972a365a5,2018-06-21 16:29:41,1,On Time,-19.0,Onetime,0.0,0.0,Potential Loyalists,Low Risk
7ac26eac431c6848694a2de6f0327524,2017-03-23 12:21:17,1,On Time,-13.0,Onetime,109.9,0.01568186772842567,At Risk,High Risk
7ac3e91ede8dfce385f63bb7f6967383,2018-04-05 18:20:39,1,On Time,-16.0,Onetime,35.0,0.004994225391218366,Potential Loyalists,Low Risk
7adb8d1197f85b403246c5c03fd3d221,2018-06-10 15:35:52,1,On Time,-14.0,Onetime,148.0,0.021118438797151945,Potential Loyalists,Low Risk
7adc15c4b9311265f52ff75519301a23,2018-04-05 20:15:38,1,On Time,-16.0,Onetime,0.0,0.0,Potential Loyalists,Low Risk
7ade0a53f402457e6553c68ee945cfef,2018-08-14 19:39:04,1,On Time,-19.0,Onetime,78.9,0.011258410953346544,Potential Loyalists,Low Risk
7ae7c0233394d6bb5f0e2d1ad7ac87fa,2017-05-22 21:19:41,1,On Time,-44.0,Onetime,252.0,0.03595842281677223,At Risk,High Risk
7aedba48051dfe957b59e5d052c16f71,2018-04-28 22:02:50,1,On Time,-12.0,Onetime,299.0,0.04266495405640832,Potential Loyalists,Low Risk
7af00c004c96e4c6ba8ce54c4adcbe87,2017-10-22 18:16:11,1,On Time,-14.0,Onetime,19.99,0.0028524161591558603,At Risk,High Risk
7af9180714aa1b1b4ac52586022c6f0a,2017-10-04 15:47:48,1,On Time,-20.0,Onetime,10.0,0.0014269215403481044,At Risk,High Risk
7afcfd9fcdc57bc2266528bbfe55afbb,2018-05-15 16:14:42,1,Has Delays,6.0,Onetime,157.0,0.022402668183465237,Potential Loyalists,Low Risk
7b0bf5b484f4bf4669e858ace1d451eb,2017-07-16 13:01:17,1,On Time,-9.0,Onetime,205.0,0.02925189157713614,At Risk,High Risk
7b23dca3f650878cf0a0257b192a7a96,2017-09-20 08:54:17,1,On Time,-14.0,Onetime,0.0,0.0,At Risk,High Risk
7b24ce24de1cd6537bb9cf370a8f05f1,2017-05-23 08:19:07,1,On Time,-9.0,Onetime,0.0,0.0,At Risk,High Risk
7b254c5fd79d511ce28932ebc1e6c257,2017-11-24 11:11:43,1,On Time,-7.0,Onetime,14.99,0.0021389553889818082,At Risk,High Risk
7b2b0d6f9c01012c6b6c054020b896a4,2018-01-11 12:06:33,1,On Time,-14.0,Onetime,0.0,0.0,Need Attention,Medium Risk
7b2ce0e7101fcb721cc7e85d7f410520,2018-03-26 12:06:58,1,On Time,-8.0,Onetime,59.9,0.008547260026685145,Potential Loyalists,Low Risk
7b2f661532726780d00fa5288d857219,2017-07-16 22:47:11,1,On Time,-1.0,Onetime,59.9,0.008547260026685145,At Risk,High Risk
7b32049d8495d56c8b27eae575921a60,2017-09-09 03:24:18,1,On Time,-24.0,Onetime,23.99,0.003423184775295102,At Risk,High Risk
7b40b097c17fee289fc269d272768133,2018-01-19 19:23:27,1,On Time,-14.0,Onetime,0.0,0.0,Need Attention,Medium Risk
7b43a1dfc3298b54c74ffe3631161475,2018-01-07 12:39:20,1,On Time,-23.0,Onetime,18.99,0.00270972400512105,Need Attention,Medium Risk
7b577b8beeca5c17d88511a4c0cf6152,2017-10-09 20:23:13,1,On Time,-21.0,Onetime,197.99,0.028251619577352123,At Risk,High Risk
7b59df9ee77a19f488a09acbcd5a67a1,2017-09-01 15:33:09,1,On Time,0.0,Onetime,449.9,0.06419720010026121,At Risk,High Risk
7b6ac9f73f821832a2271276076d5c04,2018-03-17 12:39:10,1,On Time,-4.0,Onetime,90.9,0.01297071680176427,Potential Loyalists,Low Risk
7b7605b5797e73a668d8b55424f883f0,2017-11-08 16:43:35,1,On Time,-8.0,Onetime,422.0,0.06021608900269001,At Risk,High Risk
7b7617a110435f0f5212a57af745bee0,2017-03-15 15:54:53,1,On Time,-8.0,Onetime,76.49,0.01091452286212265,At Risk,High Risk
7b7f11928e2451cb0ec7cd2e23a22f79,2017-09-29 01:56:43,1,On Time,-18.0,Onetime,179.9,0.025670318510862395,At Risk,High Risk
7b7f2abc7254900b25a419804ba82a30,2018-05-19 22:43:35,1,On Time,-12.0,Onetime,75.0,0.010701911552610783,Potential Loyalists,Low Risk
7b871ce95712547231108ebbbd4eceaf,2018-01-21 20:44:54,1,On Time,-13.0,Onetime,0.0,0.0,Need Attention,Medium Risk
7b908adf902011a2d10cd9dfa41202d7,2017-09-15 18:18:35,1,On Time,-11.0,Onetime,65.99,0.00941625524475714,At Risk,High Risk
7b9c999cbf57b46a5f0f2cf8f652c3f4,2018-05-15 16:13:39,1,On Time,-17.0,Onetime,245.0,0.034959577738528556,Potential Loyalists,Low Risk
7ba1117f6db163e3bab9c57f8b2f08a4,2018-07-30 14:00:47,1,On Time,-1.0,Onetime,29.9,0.004266495405640831,Potential Loyalists,Low Risk
7ba26610e7bab91dd883e16865d6ea67,2018-07-02 14:43:25,1,On Time,-4.0,Onetime,129.9,0.018535710809121878,Potential Loyalists,Low Risk
7baac76b8ecd2581992afa42a7544934,2017-11-02 11:45:23,1,On Time,-12.0,Onetime,49.0,0.006991915547705711,At Risk,High Risk
7bad183933c2afc589ac4f9e6b2537e1,2018-07-26 13:25:14,1,On Time,-10.0,Onetime,69.5,0.009917104705419325,Potential Loyalists,Low Risk
7bd29d20a3652dd52bcf8c29f858709c,2017-08-31 10:45:07,1,On Time,-9.0,Onetime,39.99,0.00570625923985207,At Risk,High Risk
7bdf68ccc25fb82d8fa0dc1b6235cc75,2018-08-15 00:46:23,1,On Time,-4.0,Onetime,109.0,0.015553444789794337,Potential Loyalists,Low Risk
7be63f0ed4d9c76ed55844021da8d5e5,2018-03-27 16:27:51,1,On Time,-12.0,Onetime,149.9,0.021389553889818086,Potential Loyalists,Low Risk
7bea9fd3f21a7a4c2907a11d03f67deb,2018-03-08 16:07:39,1,On Time,-22.0,Onetime,104.9,0.014968406958251615,Potential Loyalists,Low Risk
7bf1c59401206e31a78523077f3a1144,2017-10-19 15:13:31,1,On Time,-13.0,Onetime,0.0,0.0,At Risk,High Risk
7bf8aae1f297a6cf8573f9da5286435d,2018-07-11 18:19:48,1,On Time,-13.0,Onetime,110.0,0.01569613694382915,Potential Loyalists,Low Risk
7bff4fff725edd40fde6f0ac1eb0e2dc,2017-11-24 10:38:00,1,On Time,-1.0,Onetime,269.70000000000005,0.03848407394318838,At Risk,High Risk
7c020cb518b4fdcf5c50fa717d0fdca8,2018-02-19 19:18:16,1,On Time,-19.0,Onetime,50.0,0.007134607701740522,Need Attention,Medium Risk
7c0e2a8adb00075cb0e0bbc19175c878,2018-04-12 20:45:16,1,On Time,-13.0,Onetime,69.0,0.00984575862840192,Potential Loyalists,Low Risk
7c142cf63193a1473d2e66489a9ae977,2017-11-18 19:28:06,1,On Time,-13.0,Onetime,45.0,0.00642114693156647,At Risk,High Risk
7c16801645ee95153e17bb6e061b57f1,2018-05-29 19:34:33,1,On Time,-20.0,Onetime,0.0,0.0,Potential Loyalists,Low Risk
7c18bfb5f489ea04f8781758940b7798,2018-06-13 09:58:52,1,On Time,-17.0,Onetime,222.3,0.03172046584193836,Potential Loyalists,Low Risk
7c1b664bbfb23001b560f3fbcb49b8ae,2017-09-09 11:00:18,1,On Time,-9.0,Onetime,40.5,0.005779032238409822,At Risk,High Risk
7c2077547e0d1560517823d9b30315c2,2018-07-24 09:09:25,1,On Time,-15.0,Onetime,39.5,0.005636340084375012,Potential Loyalists,Low Risk
7c396fd4830fd04220f754e42b4e5bff,2017-10-02 10:56:33,1,On Time,-8.0,Onetime,0.0,0.0,At Risk,High Risk
7c5a8a93978fdb0ee0fe385f1fb7a596,2017-08-14 15:30:22,1,On Time,-11.0,Onetime,56.99,0.008132025858443848,At Risk,High Risk
7c64114d404c93f2c4305a9f2e7dc3eb,2017-07-02 15:00:51,1,On Time,-19.0,Onetime,91.8,0.013099139740395596,At Risk,High Risk
7c72a48460762de7efe57efe71dd2324,2017-06-06 10:03:27,1,On Time,-21.0,Onetime,29.0,0.004138072467009503,At Risk,High Risk
7c74eafe37979f7cad43c4cae0769b74,2018-04-11 14:59:05,1,On Time,-14.0,Onetime,159.9,0.02281647543016619,Potential Loyalists,Low Risk
7c9413ff10fed052fb495b0ad0cec637,2018-03-04 08:56:57,1,Has Delays,21.0,Onetime,59.99,0.008560102320548277,Potential Loyalists,Low Risk
7ca7d05c3739c2094a9e6d508877cd12,2018-03-21 21:44:40,1,Has Delays,4.0,Onetime,110.99,0.01583740217632361,Potential Loyalists,Low Risk
7cab4e7f573b9a8884cfd1c325b38067,2017-12-13 11:49:03,1,On Time,-42.0,Onetime,79.9,0.011401103107381355,Need Attention,Medium Risk
7cb06ad872b656ba082615bfbc6cc0af,2017-12-29 20:50:35,1,On Time,-13.0,Onetime,0.0,0.0,Need Attention,Medium Risk
7cb86a4e8ed957f7cd2a1205c3c04c92,2017-12-02 00:01:21,1,On Time,-13.0,Onetime,0.0,0.0,Need Attention,Medium Risk
7cc17d0bf42c09b78ee39fa4c3520633,2018-01-16 16:57:33,1,On Time,-16.0,Onetime,67.87,0.009684516494342585,Need Attention,Medium Risk
7cd747a15b6eb374e2706259c27e96a8,2018-05-13 14:53:33,1,On Time,-8.0,Onetime,0.0,0.0,Potential Loyalists,Low Risk
7cd82b098982a246bc758a0241267b80,2017-08-16 08:36:41,1,On Time,-15.0,Onetime,35.9,0.005122648329849695,At Risk,High Risk
7cdeefc6dd2959cb9202287174ca09ad,2018-05-10 12:06:38,1,On Time,-20.0,Onetime,598.0,0.08532990811281664,Potential Loyalists,Low Risk
7ce437bd982d7e69bae09a055b564893,2018-03-14 10:15:23,1,On Time,-6.0,Onetime,370.0,0.052796096992879855,Potential Loyalists,Low Risk
7cecee7f130941c470e112c8c9234e4e,2018-08-02 16:24:47,1,On Time,-8.0,Onetime,89.9,0.012828024647729459,Potential Loyalists,Low Risk
7ceef56a99bac51a85332ec4e0659ac7,2017-10-12 14:49:04,1,On Time,-8.0,Onetime,104.9,0.014968406958251615,At Risk,High Risk
7cefed48f155073afe33b11d943adeef,2018-04-16 13:44:10,1,Has Delays,7.0,Onetime,19.9,0.0028395738652927274,Potential Loyalists,Low Risk
7cfba6e55439cae3fd2479d62fafe67f,2018-06-11 10:25:52,1,On Time,-27.0,Onetime,119.9,0.017108789268773773,Potential Loyalists,Low Risk
7d158f949f1660ed53bbd1a670a9eab4,2017-07-18 07:10:37,1,On Time,-15.0,Onetime,54.99,0.007846641550374225,At Risk,High Risk
7d15b5b3609f450652ddc385d624a2cc,2017-09-17 18:52:44,1,On Time,-15.0,Onetime,89.88999999999999,0.01282659772618911,At Risk,High Risk
7d185d821a11c769636247766f1fd45e,2017-11-26 17:49:46,1,Has Delays,32.0,Onetime,109.9,0.01568186772842567,At Risk,High Risk
7d23932bed18bb15fea519d84389c3a3,2018-07-29 11:12:28,1,On Time,-6.0,Onetime,49.0,0.006991915547705711,Potential Loyalists,Low Risk
7d23ca9b9d5f41298ec3ccbb2ff637d8,2018-02-09 21:41:44,1,Has Delays,16.0,Onetime,49.95,0.007127473094038782,Need Attention,Medium Risk
7d3af805295c05f0b9379b88a779e6c1,2017-10-12 10:35:26,1,On Time,-14.0,Onetime,119.8,0.01709452005337029,At Risk,High Risk
7d46e00d5460d09dba085073c0873c35,2017-03-10 22:01:34,1,On Time,-10.0,Onetime,37.99,0.005420874931782448,At Risk,High Risk
7d4c8f6ad946c29d7fe6500d6e7179ef,2018-03-08 16:00:56,1,On Time,-21.0,Onetime,0.0,0.0,Potential Loyalists,Low Risk
7d742fad5711f2905335c7129b63a718,2017-12-19 21:19:38,1,On Time,-14.0,Onetime,30.9,0.004409187559675643,Need Attention,Medium Risk
7d7614482b7a72d2226a280f1d3c180c,2018-08-21 18:24:35,1,On Time,-5.0,Onetime,39.99,0.00570625923985207,Potential Loyalists,Low Risk
7d7f16a95cab713f553bd92a80d3e10e,2017-09-14 19:12:49,1,On Time,-13.0,Onetime,249.9,0.03565876929329913,At Risk,High Risk
7d8299b25701f2676b473d4dd409283d,2018-05-10 08:40:32,1,On Time,-23.0,Onetime,36.5,0.005208263622270581,Potential Loyalists,Low Risk
7d8a9ef4f0a615254877794fbcad3daf,2018-02-04 21:43:29,1,On Time,-12.0,Onetime,0.0,0.0,Need Attention,Medium Risk
7d9d637ca00bcc10eaa49e3483a256ef,2018-01-26 16:47:34,1,On Time,-9.0,Onetime,27.98,0.003992526469893996,Need Attention,Medium Risk
7da121617fb1854d7deaae5e49d7fd94,2018-02-28 16:40:24,1,On Time,-13.0,Onetime,29.9,0.004266495405640831,Need Attention,Medium Risk
7daa7f83ef0ca0a09558509d899dc092,2017-07-30 10:01:10,1,On Time,-15.0,Onetime,29.9,0.004266495405640831,At Risk,High Risk
7db1dd56aeb565eb3b144f4ade4d7e0e,2018-01-17 09:55:37,1,On Time,-9.0,Onetime,39.9,0.005693416945988936,Need Attention,Medium Risk
7dcb5dc118b501f403aceeb6d438f33f,2018-01-21 13:28:36,1,Has Delays,9.0,Onetime,0.0,0.0,Need Attention,Medium Risk
7dd77892175c704aab875ba11e9d9948,2018-07-03 15:26:45,1,On Time,-21.0,Onetime,48.0,0.006849223393670901,Potential Loyalists,Low Risk
7dddd924d92a307ffa2261b855b4ac27,2018-03-29 12:43:22,1,On Time,-4.0,Onetime,53.9,0.007691107102476282,Potential Loyalists,Low Risk
7e10101903281ff2e9f358f9dcb37418,2017-12-18 13:47:48,1,On Time,-22.0,Onetime,0.0,0.0,Need Attention,Medium Risk
7e1681f9bb31800364869a2cdbe289db,2017-11-21 21:31:09,1,Has Delays,11.0,Onetime,89.99,0.01284086694159259,At Risk,High Risk
7e251bdcd9072568271fe5b5b824b6be,2017-09-03 13:39:06,1,On Time,-7.0,Onetime,1499.99,0.21403680413067527,At Risk,High Risk
7e2a8ae1e36400f3da3f99af72023648,2017-02-22 10:37:41,1,On Time,-20.0,Onetime,49.99,0.007133180780200174,At Risk,High Risk
7e2f83fa75de1dc850d9a9d755a5ddbc,2018-06-22 15:59:42,1,On Time,-20.0,Onetime,78.0,0.011129988014715214,Potential Loyalists,Low Risk
7e30d2336a1f1182766cf6fb863d5554,2018-05-15 15:33:29,2,On Time,-6.0,Repeated,0.0,0.0,Loyal Customers,Low Risk
7e3baefc30c4c3a12ee54e079f48eacb,2017-09-01 08:56:21,1,On Time,-4.0,Onetime,89.9,0.012828024647729459,At Risk,High Risk
7e53be3b41e7986cd63505b7d577b9af,2018-01-22 10:12:17,1,On Time,-11.0,Onetime,229.99,0.032817768506466054,Need Attention,Medium Risk
7e5641367b72c03fbc85a214e150060f,2018-03-08 09:26:27,1,Has Delays,9.0,Onetime,159.0,0.022688052491534858,Potential Loyalists,Low Risk
7e64f6ec6e52ccf5e45509b9949e0a28,2018-06-01 22:35:25,1,On Time,-28.0,Onetime,24.9,0.00355303463546678,Potential Loyalists,Low Risk
7e676e17afba65f46a52fdfb9f382d72,2018-06-14 19:21:17,1,On Time,-21.0,Onetime,91.3,0.013027793663378192,Potential Loyalists,Low Risk
7e69734dad7cfcbe95aa59f38095057d,2017-06-29 00:10:49,1,On Time,-9.0,Onetime,179.8,0.025656049295458918,At Risk,High Risk
7e7730c025f8195d40ac4d0050fcf37f,2018-03-07 16:59:34,1,On Time,-2.0,Onetime,55.9,0.007976491410545903,Potential Loyalists,Low Risk
7e77d2206e1198060426893237e14964,2018-07-25 10:04:44,1,On Time,-13.0,Onetime,68.5,0.009774412551384514,Potential Loyalists,Low Risk
7e8ec368d51d96e6507e6cca6953dedb,2017-06-25 13:54:11,1,On Time,-9.0,Onetime,24.75,0.0035316308123615582,At Risk,High Risk
7e951ae967a7acd00fbb3159346ad0f4,2017-07-30 22:16:09,1,On Time,-3.0,Onetime,0.0,0.0,At Risk,High Risk
7ea3dc64a652d699ace3048e904c561b,2017-12-06 12:33:21,1,On Time,-12.0,Onetime,219.9,0.031378004672254815,Need Attention,Medium Risk
7eb01375acdb31f459378ee720ab1121,2018-07-23 15:08:01,1,On Time,-6.0,Onetime,74.99,0.010700484631070433,Potential Loyalists,Low Risk
7eb01c1ef439cd15ed3a4cc601d15dd8,2018-07-23 20:50:50,1,On Time,-11.0,Onetime,0.0,0.0,Potential Loyalists,Low Risk
7eb6b25c03556dfd2a2ee982f42074c2,2017-11-17 19:53:21,1,On Time,-13.0,Onetime,199.9,0.028524161591558603,At Risk,High Risk
7eb98c8ac32bd7ba702254f3aca26274,2017-04-24 13:03:55,1,Has Delays,2.0,Onetime,49.99,0.007133180780200174,At Risk,High Risk
7ebd452b586a9c80f3b3f02ad10b0fbb,2018-04-08 13:05:27,1,On Time,-10.0,Onetime,0.0,0.0,Potential Loyalists,Low Risk
7ebe00e01c4656d609e1ca0f7e566999,2017-09-21 15:43:41,1,On Time,-15.0,Onetime,69.99,0.009987023860896383,At Risk,High Risk
7ed8d1247cda7ef2b3a12039f941194e,2018-03-25 00:57:28,1,On Time,-13.0,Onetime,19.9,0.0028395738652927274,Potential Loyalists,Low Risk
7edcbf8f82a009e1dbc9bb7d288fe1e8,2017-03-20 11:23:37,1,On Time,-14.0,Onetime,99.0,0.014126523249446233,At Risk,High Risk
7edcd431e5217e39f6d9aed45385d3cd,2018-05-12 09:58:38,1,On Time,-17.0,Onetime,40.0,0.005707686161392418,Potential Loyalists,Low Risk
7ee317fb77d0482937ddf05062f3d5df,2017-08-18 23:15:23,1,On Time,-2.0,Onetime,219.99,0.03139084696611795,At Risk,High Risk
7ee9e6c80bf1b7ec4a52639eab6c128c,2017-02-26 19:51:31,1,On Time,-15.0,Onetime,0.0,0.0,At Risk,High Risk
7efa5eed041889e5244fabf58cfd7261,2017-11-20 18:11:59,1,On Time,-12.0,Onetime,91.0,0.01298498601716775,At Risk,High Risk
7efe82de6f73c5310774575c3065409a,2018-07-16 14:00:31,1,On Time,-15.0,Onetime,35.9,0.005122648329849695,Potential Loyalists,Low Risk
7f0b669932ffd8ac97d38b4dec098e47,2018-02-22 09:09:51,1,On Time,-4.0,Onetime,149.9,0.021389553889818086,Need Attention,Medium Risk
7f14bee9eea922025f59bf605488435f,2017-08-03 22:50:55,1,On Time,-14.0,Onetime,0.0,0.0,At Risk,High Risk
7f1652269d7ca3afaec1263781f389ae,2017-08-25 16:11:53,1,On Time,-10.0,Onetime,0.0,0.0,At Risk,High Risk
7f1a0526c7adce7aa7930bf2e34fa3c8,2017-09-21 15:30:39,1,On Time,-13.0,Onetime,99.0,0.014126523249446233,At Risk,High Risk
7f2293fcdddb291f4e23e0f5d94bc2b6,2017-07-05 13:51:35,1,On Time,-13.0,Onetime,0.0,0.0,At Risk,High Risk
7f27ed07f4f3806ca9ae65b97f1e9ef2,2017-05-26 02:28:47,1,On Time,-15.0,Onetime,130.0,0.018549980024525358,At Risk,High Risk
7f2a3bcef7f1ac62f0020784d1986eea,2017-09-10 22:32:14,1,On Time,-10.0,Onetime,0.0,0.0,At Risk,High Risk
7f2c153050a43c7990f09dc3bb301a76,2017-11-24 17:52:52,1,On Time,-9.0,Onetime,45.9,0.006549569870197798,At Risk,High Risk
7f2eb9cf900070f2e7a7f0e95719f85b,2018-04-13 08:44:17,1,On Time,-19.0,Onetime,0.0,0.0,Potential Loyalists,Low Risk
7f2f31754009560fbc58a01c26abb5a7,2018-07-19 14:25:01,1,On Time,-15.0,Onetime,159.9,0.02281647543016619,Potential Loyalists,Low Risk
7f3e5bfe3c5927b987d875d005af1934,2017-10-07 10:38:35,1,On Time,-12.0,Onetime,179.49,0.025611814727708127,At Risk,High Risk
7f40151ffb4924687a0204e9af47b04f,2018-02-14 13:48:55,1,On Time,-14.0,Onetime,0.0,0.0,Need Attention,Medium Risk
7f48c2671dde965a4017d66d1f8ef9b2,2018-08-19 23:05:53,1,On Time,0.0,Onetime,0.0,0.0,Potential Loyalists,Low Risk
7f4f709af2fd8fea44aacd30bca46264,2017-11-17 19:49:17,1,On Time,-18.0,Onetime,369.4,0.05271048170045898,At Risk,High Risk
7f5bd56f922fc14c92bfa3491f6b2705,2017-09-14 12:01:29,1,On Time,-11.0,Onetime,75.0,0.010701911552610783,At Risk,High Risk
7f5fd837ad25b075bd3b583481e11df6,2017-10-04 21:45:01,1,On Time,-20.0,Onetime,119.99,0.017121631562636904,At Risk,High Risk
7f6611fcb714cdefe7b41d8d7ff793d6,2018-06-22 21:39:34,1,On Time,-21.0,Onetime,14.9,0.0021261130951186757,Potential Loyalists,Low Risk
7f7495ab31271fa1bc8423b7db5ea274,2017-12-05 15:26:00,1,On Time,-18.0,Onetime,89.99,0.01284086694159259,Need Attention,Medium Risk
7f78ef49a3ec6ff5ca63eb05bf82fefc,2018-07-23 09:31:16,1,On Time,0.0,Onetime,0.0,0.0,Potential Loyalists,Low Risk
7f8727dbee61eb0badcc8b6010aa46bd,2018-04-27 08:22:03,1,On Time,-8.0,Onetime,0.0,0.0,Potential Loyalists,Low Risk
7fa7ba885b03d2c06982d96ecbcddb0d,2018-07-05 14:59:58,1,On Time,-24.0,Onetime,49.9,0.007120338486337041,Potential Loyalists,Low Risk
7fbb6d8f1f76288d32ab1a4e74da34c5,2017-01-23 16:57:22,1,On Time,-46.0,Onetime,0.0,0.0,At Risk,High Risk
7fc2c421252081c686b320d8755ca82c,2017-07-28 21:03:52,1,On Time,-11.0,Onetime,56.9,0.008119183564580714,At Risk,High Risk
7fc951e458a48c2688486469e267a004,2017-12-07 18:38:48,1,On Time,-5.0,Onetime,54.0,0.007705376317879763,Need Attention,Medium Risk
7fcba42041eaec8f0b20ea6afdfe15df,2018-04-26 14:44:05,1,On Time,-34.0,Onetime,56.99,0.008132025858443848,Potential Loyalists,Low Risk
7fe369a374dba4f97910c97f42cd6d6c,2017-10-31 09:59:07,1,On Time,-1.0,Onetime,49.9,0.007120338486337041,At Risk,High Risk
7fef4de812315967e0c7b699e88c5753,2017-05-20 12:41:12,1,On Time,-19.0,Onetime,0.0,0.0,At Risk,High Risk
7ff0197ba562b5d83bfe9cc3e64dec79,2017-05-02 21:57:18,1,On Time,-14.0,Onetime,121.99,0.017407015870706526,At Risk,High Risk
7fffdbfdb2ad76e8b7e3555c6520e0eb,2018-03-29 18:08:00,1,On Time,-15.0,Onetime,17.0,0.0024257666185917774,Potential Loyalists,Low Risk
80172250f4b01859c09d7308e3090a5f,2017-05-25 10:27:40,1,On Time,-19.0,Onetime,28.18,0.004021064900700958,At Risk,High Risk
80282a1a77281692a0339c2a08d0e6af,2018-01-21 17:32:02,1,Has Delays,20.0,Onetime,18.9,0.002696881711257917,Need Attention,Medium Risk
802fc620c605578d990d6adee0138983,2017-05-15 13:52:08,1,On Time,-17.0,Onetime,0.0,0.0,At Risk,High Risk
8031dbaed180f63387289db3223406f5,2018-06-19 17:33:51,1,On Time,-28.0,Onetime,95.0,0.013555754633306992,Potential Loyalists,Low Risk
8033f408bcb75134075db3eb60b49937,2017-08-11 23:23:53,1,On Time,-14.0,Onetime,198.0,0.028253046498892466,At Risk,High Risk
803745e28953d4e624617873448f2118,2018-07-01 22:27:13,1,On Time,-25.0,Onetime,299.0,0.04266495405640832,Potential Loyalists,Low Risk
803c79929e84a92a233e3a619b021e3f,2017-04-22 09:37:55,1,On Time,-6.0,Onetime,369.0,0.05265340483884505,At Risk,High Risk
803cf2051fccfd1c128910329ecc6968,2017-12-15 11:49:34,1,On Time,-14.0,Onetime,138.0,0.01969151725680384,Need Attention,Medium Risk
8047663cc2501e282cbabfca268ecd60,2018-07-27 23:06:37,1,On Time,-2.0,Onetime,39.99,0.00570625923985207,Potential Loyalists,Low Risk
8051546e4730145100f73eb919000a81,2017-10-04 23:02:21,1,On Time,-20.0,Onetime,159.99,0.022829317724029324,At Risk,High Risk
805363c3cdfb04fca106609664537903,2017-11-24 16:27:29,1,On Time,-2.0,Onetime,19.9,0.0028395738652927274,At Risk,High Risk
806208e553859c0d15bfad9869b82ab6,2018-06-11 08:14:20,1,On Time,-8.0,Onetime,23.99,0.003423184775295102,Potential Loyalists,Low Risk
806b0845600ffa2d9291fe036eb4caf3,2018-05-12 06:33:18,1,On Time,-13.0,Onetime,90.0,0.01284229386313294,Potential Loyalists,Low Risk
8070421f2403a1c13d1b4f38e4a76914,2018-03-19 21:26:45,1,On Time,-2.0,Onetime,68.99,0.00984433170686157,Potential Loyalists,Low Risk
807241193998f88941b5e369c762b9b7,2017-11-15 11:07:52,1,On Time,-9.0,Onetime,133.2,0.019006594917436746,At Risk,High Risk
807296d62da788dec65e395496233222,2018-02-16 20:28:41,1,On Time,-17.0,Onetime,16.5,0.002354420541574372,Need Attention,Medium Risk
8082996e039c772b71d8df530f5fea4f,2017-06-09 13:14:12,1,On Time,-22.0,Onetime,0.0,0.0,At Risk,High Risk
80877462f1e8e7f01d9f953846dace4d,2018-04-13 21:16:20,1,On Time,-8.0,Onetime,95.0,0.013555754633306992,Potential Loyalists,Low Risk
808942bbefc6f873eddfc7821ef89a6a,2018-01-24 17:53:23,1,On Time,-15.0,Onetime,58.0,0.008276144934019005,Need Attention,Medium Risk
809315a1949aaa03742fd32f417e05ca,2017-06-08 17:30:42,1,On Time,-18.0,Onetime,134.9,0.01924917157929593,At Risk,High Risk
809ce1ac1085b68cba28dcc31e08ac22,2017-11-10 16:16:24,1,Has Delays,8.0,Onetime,0.0,0.0,At Risk,High Risk
809ef7517bef25761d1d8595dbd9db0b,2018-05-14 19:24:10,1,On Time,-11.0,Onetime,25.99,0.0037085690833647228,Potential Loyalists,Low Risk
80b5c70d20058c553d662a56cbff22e5,2017-11-26 21:48:38,1,On Time,-11.0,Onetime,98.0,0.013983831095411422,At Risk,High Risk
80b6a368bb78dea2539249804957a779,2017-09-03 19:29:50,1,On Time,-9.0,Onetime,89.99,0.01284086694159259,At Risk,High Risk
80bb27c7c16e8f973207a5086ab329e2,2017-07-09 21:57:05,1,On Time,-6.0,Onetime,147.9,0.021104169581748464,At Risk,High Risk
80c005e764b7eb039df094f0c3e22c70,2018-03-04 22:59:50,1,Has Delays,15.0,Onetime,59.9,0.008547260026685145,Potential Loyalists,Low Risk
80c90ad8b349c3d26dc554492c280448,2018-01-31 00:08:55,1,On Time,-17.0,Onetime,679.0,0.09688797258963629,Need Attention,Medium Risk
80d1acba72cc1dd62e91c5858bed0ef2,2017-11-03 17:44:50,1,On Time,-9.0,Onetime,0.0,0.0,At Risk,High Risk
80e92ac8980c0466b0e312d53fdda748,2018-06-11 11:17:23,1,On Time,-24.0,Onetime,0.0,0.0,Potential Loyalists,Low Risk
80ea9b35f8854abb863d90d42261c8fd,2017-07-13 19:47:14,1,On Time,-21.0,Onetime,20.9,0.002982266019327538,At Risk,High Risk
80f57b3b7146982298ace38333bc7361,2018-06-05 21:54:42,1,On Time,-25.0,Onetime,20.0,0.002853843080696209,Potential Loyalists,Low Risk
810c710aa4f69da0a93dbc4932e3556f,2017-09-13 23:19:22,1,Has Delays,11.0,Onetime,39.9,0.005693416945988936,At Risk,High Risk
810def6bb8f8c33be446269adcb3400c,2017-09-26 15:15:34,1,On Time,-12.0,Onetime,89.99,0.01284086694159259,At Risk,High Risk
810e3ae74920002d70c093edc274de56,2017-02-11 16:11:15,1,On Time,-18.0,Onetime,43.9,0.006264185562128178,At Risk,High Risk
811eb213107b867d8040702972f180fb,2018-01-29 00:32:29,1,On Time,-24.0,Onetime,105.0,0.014982676173655096,Need Attention,Medium Risk
8130a5b332a233457aad5d824b9df2cb,2016-10-05 17:11:49,1,On Time,-29.0,Onetime,128.9,0.018393018655087065,At Risk,High Risk
8131bd36a12397d16fdc61fb8cdb0132,2017-12-18 18:37:30,1,On Time,-20.0,Onetime,139.9,0.01996263234946998,Need Attention,Medium Risk
81337c15685ad8f9c5fec9ce8762d064,2017-11-23 21:52:43,1,Has Delays,6.0,Onetime,132.8,0.018949518055822828,At Risk,High Risk
813585153cd8b4b6c06e576d818ec985,2017-09-21 22:00:36,1,On Time,-17.0,Onetime,59.99,0.008560102320548277,At Risk,High Risk
8141b3314eae4933d7029781cd8ee1c5,2018-07-26 16:55:46,1,On Time,-33.0,Onetime,33.9,0.004837264021780073,Potential Loyalists,Low Risk
8166ab68030fd04c8dc0de68122091ac,2018-04-30 11:18:47,1,On Time,-7.0,Onetime,0.0,0.0,Potential Loyalists,Low Risk
8174995fcbfc9db5d3b92df3afdf04a8,2017-09-30 19:19:56,1,On Time,-11.0,Onetime,49.99,0.007133180780200174,At Risk,High Risk
8176dcb6bfd2aeb26c35863d2cdf5c54,2017-12-09 18:48:27,1,On Time,-15.0,Onetime,49.0,0.006991915547705711,Need Attention,Medium Risk
81823f8c0aac243529e583ef9eee3676,2017-06-01 14:58:11,1,On Time,-13.0,Onetime,37.9,0.005408032637919316,At Risk,High Risk
81b133c3f4e30a14a6585a2f20ff150f,2017-06-23 08:45:21,1,On Time,-7.0,Onetime,69.9,0.00997418156703325,At Risk,High Risk
81c32144b6a09db6afb39476c7fa1bef,2017-10-24 19:11:35,1,On Time,-10.0,Onetime,182.0,0.0259699720343355,At Risk,High Risk
81cfe11d1b667c768e77b6a9db5fe9b3,2018-03-26 09:14:26,1,On Time,-22.0,Onetime,129.9,0.018535710809121878,Potential Loyalists,Low Risk
81d45f2cb2b1bd8fb94d5ea3fbbfd612,2017-12-20 14:29:02,1,On Time,-18.0,Onetime,64.9,0.009260720796859197,Need Attention,Medium Risk
81db097ffce4bd958cfffeca7c41e301,2018-01-26 10:59:39,1,On Time,-12.0,Onetime,178.98,0.025539041729150367,Need Attention,Medium Risk
81def1193ae82b7a35da05d0565767fa,2017-02-10 16:37:55,1,On Time,-20.0,Onetime,0.0,0.0,At Risk,High Risk
81e76bec3ed10f1142ddd6ceec03718a,2017-10-15 17:02:07,1,On Time,-7.0,Onetime,38.9,0.0055507247919541255,At Risk,High Risk
81ec83db6df37d3fb8dea9143e1688a8,2018-03-15 16:31:03,1,On Time,-11.0,Onetime,56.0,0.007990760625949384,Potential Loyalists,Low Risk
8232307186e5914a3bcf85d23e5f447a,2018-06-11 13:00:02,1,On Time,-18.0,Onetime,180.0,0.02568458772626588,Potential Loyalists,Low Risk
8234ef6394990aa58bc7078911f82f1b,2017-07-24 17:19:00,1,On Time,-3.0,Onetime,119.0,0.01698036633014244,At Risk,High Risk
82380b485ec5234cdd668f5531791200,2018-03-19 22:58:15,1,On Time,-7.0,Onetime,590.0,0.08418837088053815,Potential Loyalists,Low Risk
8249686a806918848deca8e070f8995e,2017-08-09 13:27:11,1,On Time,-43.0,Onetime,81.0,0.011558064476819644,At Risk,High Risk
8251ed483369858c120beaede24c5ff6,2017-06-29 12:31:55,1,On Time,-12.0,Onetime,52.9,0.007548414948441471,At Risk,High Risk
825cc36c0efad99b50473d8d29e9e33b,2017-10-15 11:34:39,1,On Time,-18.0,Onetime,119.99,0.017121631562636904,At Risk,High Risk
825d3949166e60c38be0fa30394176a0,2017-10-22 13:39:48,1,On Time,-16.0,Onetime,689.4000000000001,0.09837197099159833,At Risk,High Risk
826303f32007dc49ba0fbf597caf80ec,2018-05-05 09:22:24,1,On Time,-13.0,Onetime,110.0,0.01569613694382915,Potential Loyalists,Low Risk
826c449cf40b8267142abd5c6e753ae2,2017-03-24 15:50:46,1,On Time,-20.0,Onetime,18.99,0.00270972400512105,At Risk,High Risk
8279be4e9b2fbb615ace365178b785a0,2018-07-06 23:36:15,1,On Time,-28.0,Onetime,84.99,0.012127406171418538,Potential Loyalists,Low Risk
828a8eb27198a85e88b5bd7721a550b4,2017-07-28 13:10:53,1,On Time,-11.0,Onetime,109.9,0.01568186772842567,At Risk,High Risk
82ab8d779ce526b08d6b92769be44c49,2018-01-10 14:18:40,1,On Time,-7.0,Onetime,126.99,0.018120476640880578,Need Attention,Medium Risk
82af14f8016b232e088146dc208b60af,2018-03-13 11:53:42,1,On Time,-13.0,Onetime,0.0,0.0,Potential Loyalists,Low Risk
82b6a2e2d907efea9282dc7aeff94c79,2018-04-26 21:24:03,1,On Time,-11.0,Onetime,0.0,0.0,Potential Loyalists,Low Risk
82cb8c783b1700af07ae77355cc81c70,2017-06-25 17:54:26,1,On Time,-13.0,Onetime,14.9,0.0021261130951186757,At Risk,High Risk
82cf026d2029de6c690c1248f63962d4,2017-06-30 20:48:51,1,On Time,-8.0,Onetime,87.96,0.012551201868901926,At Risk,High Risk
82d328834d8318d50237978464defb0e,2018-03-06 13:02:23,1,Has Delays,15.0,Onetime,0.0,0.0,Potential Loyalists,Low Risk
82d3e8adcc5eaecb0594f0b20a105d93,2018-05-17 07:17:54,1,On Time,-4.0,Onetime,249.0,0.0355303463546678,Potential Loyalists,Low Risk
82e16480f3404a46a30cd9976acdb161,2017-07-28 14:20:19,1,On Time,-15.0,Onetime,75.0,0.010701911552610783,At Risk,High Risk
82e234f722a0424865f264e825423f24,2017-06-07 21:13:15,1,On Time,-11.0,Onetime,42.9,0.006121493408093367,At Risk,High Risk
82e96180bc6414637a1c25c69d36037e,2017-02-24 15:28:22,1,On Time,-21.0,Onetime,114.9,0.01639532849859972,At Risk,High Risk
82f522761f4f6458b850c7ebaafee1ea,2017-11-25 12:01:33,1,On Time,0.0,Onetime,39.99,0.00570625923985207,At Risk,High Risk
82f63f26a9137f4d215a3f9a7a62977e,2018-01-23 18:36:21,1,On Time,-15.0,Onetime,119.0,0.01698036633014244,Need Attention,Medium Risk
82fb46292a999e7db9e2391c407f76e4,2017-05-11 13:14:01,1,On Time,-9.0,Onetime,26.89,0.0038369920219960526,At Risk,High Risk
831a032a3327e2b8325faf9d37953870,2018-05-11 16:35:19,1,On Time,-6.0,Onetime,270.0,0.03852688158939882,Potential Loyalists,Low Risk
8337b30c655f04397bf9d00091475419,2017-11-02 11:23:14,1,On Time,-9.0,Onetime,25.99,0.0037085690833647228,At Risk,High Risk
833921e810f165ecd4d84c15c656bd98,2018-03-03 09:33:15,1,On Time,-14.0,Onetime,369.9,0.05278182777747638,Need Attention,Medium Risk
833974ee91dd452c264e016409614690,2017-11-30 08:37:41,1,On Time,-27.0,Onetime,59.0,0.008418837088053816,At Risk,High Risk
833aa52735ad47163e479b4684b0f82e,2017-12-01 09:05:03,1,On Time,-17.0,Onetime,49.9,0.007120338486337041,At Risk,High Risk
8341951b6f798010a018acbb7ef8f0e2,2018-06-15 19:24:37,1,On Time,-1.0,Onetime,36.9,0.005265340483884505,Potential Loyalists,Low Risk
83450bc87c9135bf76eccb936c559f8b,2017-08-23 14:18:28,1,On Time,-11.0,Onetime,68.0,0.00970306647436711,At Risk,High Risk
83476105a4e9a12fcddd09081dc6cefe,2018-06-28 09:35:48,2,On Time,-5.0,Repeated,199.6,0.028481353945348165,Potential Loyalists,Low Risk
835118867c6782d84b62ed6c3c9db455,2018-02-18 12:41:01,1,On Time,-11.0,Onetime,60.0,0.008561529242088627,Need Attention,Medium Risk
83588092e958b8f322c1bb40c20a8428,2018-01-16 10:02:20,1,On Time,-22.0,Onetime,32.0,0.004566148929113934,Need Attention,Medium Risk
8376b5530eac9f3fceb2ae8f7c58947e,2018-02-17 20:54:11,1,On Time,-19.0,Onetime,90.0,0.01284229386313294,Need Attention,Medium Risk
8381bb7c1a0fac1247790fff95b56df6,2018-07-28 14:57:50,1,On Time,-6.0,Onetime,319.5,0.045590143214121935,Potential Loyalists,Low Risk
839c363922615cf40c8fe20a1fe505b6,2018-07-26 12:10:31,1,On Time,-14.0,Onetime,177.67000000000002,0.025352115007364773,Potential Loyalists,Low Risk
83a5ba30a932fa199f0bb83557d3c1c4,2018-05-06 11:54:25,1,On Time,-10.0,Onetime,0.0,0.0,Potential Loyalists,Low Risk
83aba9785dbb2e81044c9da5fa9e740c,2018-03-23 11:07:13,1,On Time,-5.0,Onetime,118.0,0.016837674176107632,Potential Loyalists,Low Risk
83abd11daa7c9c89e248e0ac8806d296,2017-11-26 23:47:31,1,Has Delays,2.0,Onetime,90.0,0.01284229386313294,At Risk,High Risk
83bf39384884016d6218c5cee2dca7e7,2018-01-12 09:24:46,1,On Time,-13.0,Onetime,198.7,0.02835293100671683,Need Attention,Medium Risk
83ccefd1c66a787e7bd1be2601b558e4,2018-06-18 08:28:44,1,On Time,-20.0,Onetime,93.9,0.0133987932638687,Potential Loyalists,Low Risk
83d1d424c386ddd0ee98407d038bcdb2,2017-11-28 21:07:26,1,On Time,-6.0,Onetime,64.9,0.009260720796859197,At Risk,High Risk
83e4c3f55854c0fff86e25063f1c427e,2018-01-27 19:06:52,1,On Time,-22.0,Onetime,99.0,0.014126523249446233,Need Attention,Medium Risk
83f6b0c43f9281884da6fb400b587207,2018-07-14 09:47:09,1,On Time,-9.0,Onetime,39.8,0.005679147730585455,Potential Loyalists,Low Risk
83fa3228f0ecdbe2e332db90357ce16d,2018-02-09 14:38:25,1,On Time,-11.0,Onetime,74.9,0.010687642337207303,Need Attention,Medium Risk
83faa5fb102b850f97c0496302cf67ed,2017-11-29 12:24:45,1,On Time,-16.0,Onetime,0.0,0.0,At Risk,High Risk
84032c13e75382a35c99ae73156b30b9,2017-09-05 10:54:17,1,On Time,-6.0,Onetime,135.0,0.01926344079469941,At Risk,High Risk
841088947a30cfa375e8a39161760234,2018-02-17 21:28:39,1,On Time,-11.0,Onetime,0.0,0.0,Need Attention,Medium Risk
843091dadcbbc401bff7450c81ae48f5,2017-11-29 13:05:20,1,On Time,-9.0,Onetime,120.0,0.017123058484177254,At Risk,High Risk
8435888e6fe36391280b28b89412fabf,2017-07-17 13:51:31,1,On Time,-6.0,Onetime,145.0,0.020690362335047514,At Risk,High Risk
84394f56850c9f22ebf0013c1476cfb0,2017-10-03 23:44:39,1,On Time,-20.0,Onetime,83.9,0.011971871723520596,At Risk,High Risk
8446991c51b227e838433187acbd1181,2018-01-23 20:45:31,1,On Time,-17.0,Onetime,24.95,0.0035601692431685207,Need Attention,Medium Risk
844f54c49898195cea2b5ce2f541b586,2017-05-22 23:20:39,1,On Time,-12.0,Onetime,199.99,0.028537003885421738,At Risk,High Risk
8463acc278a8687036190453074efb4c,2018-03-20 15:20:59,1,On Time,-15.0,Onetime,69.0,0.00984575862840192,Potential Loyalists,Low Risk
84719028dec21814e9a26fbfc82f3633,2018-02-22 23:29:03,1,On Time,-8.0,Onetime,249.95000000000002,0.03566590390100087,Need Attention,Medium Risk
84821d3b23078095ceaa4bd87a95caa5,2017-03-01 16:41:19,1,On Time,-23.0,Onetime,169.9,0.024243396970514294,At Risk,High Risk
8489c1cdbf5c5090f9a8bbf5f280c395,2018-02-12 01:18:21,1,On Time,-28.0,Onetime,28.45,0.004059591782290357,Need Attention,Medium Risk
84b30a3911cd816a291e320ec074edc8,2018-03-21 23:25:50,1,On Time,-2.0,Onetime,199.8,0.028509892376155126,Potential Loyalists,Low Risk
84b5012d933ff251917aa48ff80739f0,2018-03-15 18:28:28,1,On Time,-4.0,Onetime,269.0,0.03838418943536401,Potential Loyalists,Low Risk
84b73c5705b4ab02fc6556e377ccef05,2018-01-23 18:31:03,1,On Time,-9.0,Onetime,28.9,0.004123803251606021,Need Attention,Medium Risk
84d33b66fe100b491fa20d4ff2887849,2017-03-24 15:02:23,1,On Time,-8.0,Onetime,25.98,0.0037071421618243756,At Risk,High Risk
84d416694948fd681e59f5c6fb216999,2018-08-21 09:28:11,1,On Time,-7.0,Onetime,155.7,0.022217168383219982,Potential Loyalists,Low Risk
84e0688353bf674f564e79eafc025b5b,2017-01-30 19:25:23,1,On Time,-32.0,Onetime,170.0,0.024257666185917775,At Risk,High Risk
84e15d7bf7388e7c3b6233f4076c3f43,2018-06-27 17:52:31,1,On Time,-28.0,Onetime,399.0,0.05693416945988936,Potential Loyalists,Low Risk
84e905ad975d5d2149146731168b5d65,2017-04-26 01:01:39,1,On Time,-10.0,Onetime,279.9,0.03993953391434344,At Risk,High Risk
84fb1a23195812de513cead8d4d8e679,2017-10-04 10:56:57,1,On Time,-20.0,Onetime,0.0,0.0,At Risk,High Risk
84fd4953e8dc540fd9dc1593a2361e2e,2017-12-18 21:00:29,1,On Time,-10.0,Onetime,12.49,0.0017822250038947822,Need Attention,Medium Risk
8503a6f694706c9dd1c3b567ab0e3a19,2018-01-18 20:30:36,1,On Time,-4.0,Onetime,109.9,0.01568186772842567,Need Attention,Medium Risk
850e8006b4f239916012dfd4f9bdeb0e,2018-05-24 16:43:06,1,On Time,-26.0,Onetime,0.0,0.0,Potential Loyalists,Low Risk
85234917cd71e079f2cb073da6f28fdb,2017-09-11 11:50:32,1,On Time,-15.0,Onetime,59.9,0.008547260026685145,At Risk,High Risk
8533fef411165ea5df3fe583670a76cf,2018-03-14 21:15:33,1,On Time,-14.0,Onetime,109.99,0.0156947100222888,Potential Loyalists,Low Risk
855e730893171da01614bf6347acaa9c,2017-08-14 16:23:54,1,On Time,-11.0,Onetime,199.99,0.028537003885421738,At Risk,High Risk
857104e1bfb81cb14e88ff07d1b22c70,2017-03-15 13:31:01,1,On Time,-18.0,Onetime,169.9,0.024243396970514294,At Risk,High Risk
85844faa46c21288b566e98c30d4cd6b,2018-01-17 06:17:02,1,On Time,-9.0,Onetime,89.0,0.012699601709098129,Need Attention,Medium Risk
85a3d153f16a1f00c32905725d1e3b81,2018-03-16 06:19:20,1,On Time,-6.0,Onetime,529.0,0.07548414948441472,Potential Loyalists,Low Risk
85ac3e23bde65bd5628fdd6f15db5295,2018-04-19 11:28:09,1,On Time,-18.0,Onetime,107.8,0.015382214204952564,Potential Loyalists,Low Risk
85b8e57bd6da1c3c8d360436213b9a9b,2017-11-09 09:40:08,1,On Time,-17.0,Onetime,109.0,0.015553444789794337,At Risk,High Risk
85c8172f9352ed5b515ae8cfe0315bfa,2018-03-28 11:26:34,1,On Time,-16.0,Onetime,138.5,0.019762863333821247,Potential Loyalists,Low Risk
85d234692f7bee8d6fea586e237334b6,2018-05-09 13:01:24,1,On Time,-9.0,Onetime,45.0,0.00642114693156647,Potential Loyalists,Low Risk
85dcde3d41cbff3399a2592475e254e8,2018-02-13 23:42:02,1,On Time,-10.0,Onetime,29.99,0.0042793376995039645,Need Attention,Medium Risk
85e315c0f8586e7c418345f113072d67,2018-03-13 20:28:43,1,On Time,0.0,Onetime,0.0,0.0,Potential Loyalists,Low Risk
85e80b64242ae28f803b4b1151f0f209,2018-02-18 19:48:26,1,On Time,-9.0,Onetime,37.9,0.005408032637919316,Need Attention,Medium Risk
85eb32c3333fdecda3039791ed23c56d,2017-08-16 22:06:10,1,On Time,-3.0,Onetime,99.99,0.014267788481940694,At Risk,High Risk
85f577ceedf143eb1f3248c42e7c52f3,2017-01-27 10:52:15,1,On Time,-19.0,Onetime,49.99,0.007133180780200174,At Risk,High Risk
8603ccc4afbcfab372c4b04d061502f7,2017-08-25 11:28:46,1,Has Delays,14.0,Onetime,349.9,0.04992798469678017,At Risk,High Risk
8634c5c43008d9ce2a96eecaca8fe2fe,2018-04-10 08:13:03,1,On Time,-26.0,Onetime,34.99,0.0049927984696780175,Potential Loyalists,Low Risk
8639374fa74fade3b0f3f5381297b88d,2018-05-16 18:29:24,1,On Time,-2.0,Onetime,83.99,0.011984714017383729,Potential Loyalists,Low Risk
8645dee8ea3f9ebc5d35d265f7d5564b,2018-02-01 14:45:43,1,On Time,-19.0,Onetime,0.0,0.0,Need Attention,Medium Risk
864a5b24e1ab37fc69e0c35fbe4caed3,2018-04-14 18:58:28,1,On Time,-29.0,Onetime,93.0,0.01327037032523737,Potential Loyalists,Low Risk
864f8cca797b7b408151e0d723f14e54,2018-04-28 08:58:33,1,On Time,-9.0,Onetime,59.58,0.008501598537394005,Potential Loyalists,Low Risk
865beeccce9e5e942d09075165302d8d,2017-11-24 16:40:20,1,On Time,-4.0,Onetime,18.0,0.0025684587726265877,At Risk,High Risk
8662cfd7c896db5d197d2df12ae06bd6,2018-02-12 18:10:07,1,On Time,-20.0,Onetime,198.0,0.028253046498892466,Need Attention,Medium Risk
86669cc06c6e824b3f2edfc2daef762e,2018-06-28 23:30:01,1,On Time,-9.0,Onetime,49.99,0.007133180780200174,Potential Loyalists,Low Risk
86856cc8c9e2e86be64b9d4c905777c4,2018-02-13 09:15:52,1,On Time,-18.0,Onetime,0.0,0.0,Need Attention,Medium Risk
8687a77031ee88331877a7094106865d,2018-03-16 11:47:36,1,Has Delays,4.0,Onetime,0.0,0.0,Potential Loyalists,Low Risk
8689753ac05594f16b97e8bd556b50b0,2017-12-04 17:24:57,1,On Time,-24.0,Onetime,257.6,0.036757498879367176,Need Attention,Medium Risk
86b0aa3acd7e8f7427c8915780f5cd27,2018-02-05 10:36:40,1,On Time,-7.0,Onetime,369.95,0.05278896238517811,Need Attention,Medium Risk
86b166f19d82cd55747a81a7e811198f,2018-02-05 19:29:06,1,On Time,-7.0,Onetime,18.9,0.002696881711257917,Need Attention,Medium Risk
86b34f555a5037aabc714c718f8e2af9,2018-02-23 12:20:20,1,On Time,-15.0,Onetime,59.99,0.008560102320548277,Need Attention,Medium Risk
86badf62319a7671b78a73b6b1e69fbf,2017-03-15 10:30:17,1,On Time,-13.0,Onetime,0.0,0.0,At Risk,High Risk
86c784df61be3f1ad4d8d152011b956f,2018-04-13 20:57:58,1,On Time,-6.0,Onetime,22.99,0.0032804926212602918,Potential Loyalists,Low Risk
86c7f24cd4a516836d36d9cd6eb43aac,2017-08-02 11:31:34,1,On Time,-18.0,Onetime,27.9,0.0039811110975712105,At Risk,High Risk
86c8e33d547eea8ff5008a3a65a4aba2,2018-04-21 15:10:55,1,On Time,-20.0,Onetime,100.0,0.014269215403481044,Potential Loyalists,Low Risk
86d665d743ac6fc7a69c5f97c1264ea9,2018-06-09 11:02:51,1,On Time,-15.0,Onetime,394.65,0.05631345858983794,Potential Loyalists,Low Risk
86eeac369ea14ddf7a454a0ce003e5c6,2017-09-22 19:17:04,1,On Time,-6.0,Onetime,149.7,0.02136101545901112,At Risk,High Risk
86f23d17b5a5127c1aba5087edd533d8,2018-02-16 20:01:32,1,On Time,-9.0,Onetime,0.0,0.0,Need Attention,Medium Risk
86f5ea139f5fb8d91a5a340d85b128e4,2017-08-15 11:14:25,1,On Time,-15.0,Onetime,115.97,0.01654800910341697,At Risk,High Risk
870178bb663b22666c8baedee31cbabe,2018-03-14 11:32:24,1,On Time,-9.0,Onetime,189.9,0.0270972400512105,Potential Loyalists,Low Risk
870ae8be0413853f9fd9249043f82ba6,2018-06-22 17:42:02,1,On Time,-3.0,Onetime,65.5,0.009346336089280084,Potential Loyalists,Low Risk
8718d37e3e19a80c134708dbe5815732,2017-11-13 10:07:36,1,On Time,-11.0,Onetime,84.9,0.012114563877555407,At Risk,High Risk
87294fce1514370610fffed59eae5e97,2018-01-18 14:40:57,1,On Time,-14.0,Onetime,29.78,0.004249372347156655,Need Attention,Medium Risk
872c12589f34508f4df8c0dbcc0988c0,2018-04-10 17:22:26,1,On Time,-24.0,Onetime,28.49,0.004065299468451748,Potential Loyalists,Low Risk
8731e1c5aa27eced509f47d8012ff81e,2017-11-24 21:55:22,1,On Time,-14.0,Onetime,63.6,0.009075220996613943,At Risk,High Risk
87373d8de65291713976177daa06690b,2018-01-07 12:26:36,1,Has Delays,15.0,Onetime,53.99,0.007703949396339416,Need Attention,Medium Risk
873955fc322cc2bb2ddbbdfaae0698bb,2018-02-12 19:26:15,1,Has Delays,2.0,Onetime,80.0,0.011415372322784835,Need Attention,Medium Risk
87405287e4eacd8bb0c09052e9c8ab73,2018-07-17 17:47:23,1,On Time,-14.0,Onetime,25.0,0.003567303850870261,Potential Loyalists,Low Risk
875a8799fbbac7a0f209714bebde4f1e,2017-12-07 09:40:04,1,On Time,-22.0,Onetime,49.9,0.007120338486337041,Need Attention,Medium Risk
877841f6f8d1b6c71af462de5fd6011b,2018-04-24 10:08:21,1,On Time,-14.0,Onetime,29.99,0.0042793376995039645,Potential Loyalists,Low Risk
878f5506271924443c6b5d51625cb18b,2017-08-30 16:43:44,1,On Time,-20.0,Onetime,110.0,0.01569613694382915,At Risk,High Risk
8795d6c023a372a74a502635cc05bdb2,2018-03-02 09:47:12,1,On Time,-5.0,Onetime,13.99,0.001996263234946998,Need Attention,Medium Risk
8799f1721988d333cdf9c17cc5345c43,2017-10-26 21:52:33,1,On Time,-9.0,Onetime,219.99,0.03139084696611795,At Risk,High Risk
87a309826a8cbca2e5cdc9c0e60a0129,2017-09-01 10:42:58,1,On Time,-15.0,Onetime,79.0,0.011272680168750025,At Risk,High Risk
87a6eb7172c457864c9b98079bc4d19e,2017-03-27 20:01:30,1,On Time,-10.0,Onetime,29.74,0.004243664660995261,At Risk,High Risk
87ae4c644c15d9c6b6f826dfec33b340,2017-11-14 00:52:49,1,On Time,-14.0,Onetime,114.9,0.01639532849859972,At Risk,High Risk
87b5114bcbdfd51bcf0b350282b16b2b,2017-02-08 06:48:03,1,On Time,-23.0,Onetime,167.7,0.023929474231637708,At Risk,High Risk
87c8720dd653d75e513555291ab6e4aa,2018-02-13 12:50:33,1,On Time,-14.0,Onetime,299.9,0.04279337699503965,Need Attention,Medium Risk
87d406e4698a66118241f1f4a407ee03,2018-06-25 15:36:18,1,On Time,-14.0,Onetime,99.9,0.014254946188077563,Potential Loyalists,Low Risk
87dff19086a1aa321cf06195ab40631c,2017-06-22 19:53:24,1,On Time,-7.0,Onetime,177.9,0.02538493420279278,At Risk,High Risk
87e4174511608b3c3c252e87fd74c0de,2017-11-07 12:31:49,1,On Time,-11.0,Onetime,35.9,0.005122648329849695,At Risk,High Risk
87e843365700cec571278edea904be15,2018-06-04 12:43:30,1,On Time,-31.0,Onetime,99.0,0.014126523249446233,Potential Loyalists,Low Risk
87f48948d0e70bba2df3ac0bf3358269,2017-10-16 20:22:17,1,Has Delays,11.0,Onetime,159.99,0.022829317724029324,At Risk,High Risk
87f4ace763b404bb5ca765639d873a0c,2018-08-16 16:13:40,1,On Time,-11.0,Onetime,16.99,0.002424339697051429,Potential Loyalists,Low Risk
87fcf527091245e44cd837c06fe0e0ce,2017-09-18 15:41:27,1,On Time,-3.0,Onetime,66.29,0.009459062890967585,At Risk,High Risk
88011e4997978a92a1d851b267f0038d,2018-03-27 14:58:31,1,On Time,-13.0,Onetime,98.9,0.014112254034042752,Potential Loyalists,Low Risk
88045334fb959b5d4424ac3483259825,2018-02-11 15:36:19,1,On Time,-28.0,Onetime,99.99,0.014267788481940694,Need Attention,Medium Risk
8810ba9ddbf9f21e12e7ddac3ce887da,2017-05-23 17:02:02,1,On Time,-15.0,Onetime,229.99,0.032817768506466054,At Risk,High Risk
8816ea7c1592bcab312eae9352996067,2017-05-26 14:23:57,1,On Time,-14.0,Onetime,19.9,0.0028395738652927274,At Risk,High Risk
8818fd7d9ba28c959d5e5a3e2abebb54,2018-02-09 20:03:05,1,Has Delays,35.0,Onetime,38.0,0.005422301853322796,Need Attention,Medium Risk
8819be7d0039db445ba2f771034bb1c4,2018-08-24 14:28:38,1,On Time,-13.0,Onetime,0.0,0.0,Potential Loyalists,Low Risk
88209a02297aae6f114b143f8cfed278,2018-04-16 11:37:23,1,On Time,-15.0,Onetime,48.9,0.00697764633230223,Potential Loyalists,Low Risk
88279a2e6481f3d4ebcc364aae7986fc,2018-04-30 13:54:32,1,On Time,-11.0,Onetime,33.9,0.004837264021780073,Potential Loyalists,Low Risk
882a0803e178b947070fc52b14965102,2017-09-14 13:25:35,1,On Time,-8.0,Onetime,113.0,0.01612421340593358,At Risk,High Risk
8837a3d0a8c6ca2e5db6316ff8685128,2018-08-15 09:48:31,1,On Time,-9.0,Onetime,108.9,0.015539175574390857,Potential Loyalists,Low Risk
883dc2fe8283fed1edf48c2f571d0aca,2018-08-06 19:11:34,1,On Time,-12.0,Onetime,0.0,0.0,Potential Loyalists,Low Risk
883df49734fcf0ed18d2b8f29383a31e,2018-01-07 15:20:00,1,On Time,-3.0,Onetime,0.0,0.0,Need Attention,Medium Risk
885bde6cd101f111ebd417241a95230a,2018-05-04 15:02:52,1,On Time,-12.0,Onetime,210.0,0.02996535234731019,Potential Loyalists,Low Risk
88607ce3a266c48ee56db9695bff9dd6,2017-08-30 20:15:19,1,On Time,-17.0,Onetime,139.9,0.01996263234946998,At Risk,High Risk
8864fcd75870a545f2d3ee3008f2bf74,2018-05-02 23:21:16,1,On Time,-14.0,Onetime,74.99,0.010700484631070433,Potential Loyalists,Low Risk
8868399bd5c6eaf593c73f29ff6bb1e2,2017-06-18 14:46:51,1,On Time,-22.0,Onetime,0.0,0.0,At Risk,High Risk
8887cbd11065809b4530e2d25b51e856,2018-05-12 13:46:56,1,Has Delays,5.0,Onetime,108.9,0.015539175574390857,Potential Loyalists,Low Risk
88894f059c62f3b3030445e7a73323c0,2018-04-20 17:36:11,1,On Time,-1.0,Onetime,50.0,0.007134607701740522,Potential Loyalists,Low Risk
888bbf8be9eaceefedd820af2ddfb90f,2017-11-30 11:04:45,1,On Time,-13.0,Onetime,0.0,0.0,At Risk,High Risk
88914c85d547b274bd1829fc04a06ac1,2018-01-16 13:33:04,1,On Time,-12.0,Onetime,89.9,0.012828024647729459,Need Attention,Medium Risk
889ca357651222fc08560aa20b75f59b,2017-12-06 23:15:45,1,On Time,-18.0,Onetime,201.0,0.0286811229609969,Need Attention,Medium Risk
88b88849a236b3f007be551d5c10daf8,2018-05-16 16:38:10,1,On Time,-8.0,Onetime,39.9,0.005693416945988936,Potential Loyalists,Low Risk
88bde8f40f39641387aa05e675d23395,2018-05-16 09:38:21,1,On Time,-9.0,Onetime,399.0,0.05693416945988936,Potential Loyalists,Low Risk
88dce1db26fb77cc2651c243c8205dd0,2017-05-07 14:06:45,1,On Time,-13.0,Onetime,236.52,0.033749548272313364,At Risk,High Risk
88e3d3541666f7f462d24e9aadeb5ecd,2018-04-11 12:56:01,1,On Time,-10.0,Onetime,119.9,0.017108789268773773,Potential Loyalists,Low Risk
88e435343ab7c7ef2f1d4a751a6c8a2b,2017-03-09 21:17:43,1,On Time,-5.0,Onetime,76.49,0.01091452286212265,At Risk,High Risk
88ed5da9b610ed59feb01e4eed5e4c2c,2017-08-11 13:30:14,1,On Time,-14.0,Onetime,629.0,0.08975336488789577,At Risk,High Risk
88fbad05557cbc2d2f5fee59d6966716,2017-11-16 13:54:08,1,On Time,-12.0,Onetime,0.0,0.0,At Risk,High Risk
88fbae9cab186bb2bd7540d7fbaf6831,2018-03-16 21:17:17,1,On Time,-6.0,Onetime,59.9,0.008547260026685145,Potential Loyalists,Low Risk
8904db4793f88ea3508c678371f2dc70,2017-03-15 16:34:04,1,On Time,-8.0,Onetime,0.0,0.0,At Risk,High Risk
892b22658ba1feaddb220b7627d32194,2017-04-20 21:03:10,1,On Time,-5.0,Onetime,24.9,0.00355303463546678,At Risk,High Risk
892c5eac38f00a803fdd39e805f2944f,2018-04-24 15:55:40,1,On Time,-19.0,Onetime,120.0,0.017123058484177254,Potential Loyalists,Low Risk
8941047a0d54f59366a66ba79806ae9b,2017-12-04 18:26:12,1,On Time,-16.0,Onetime,64.89,0.009259293875318849,Need Attention,Medium Risk
8944ddfaf0d834d65a45fd1997847b28,2017-10-01 20:04:21,1,On Time,-25.0,Onetime,89.99,0.01284086694159259,At Risk,High Risk
894a22f97a7bc517f8d2c0e19ace239c,2017-11-02 18:46:17,1,On Time,-11.0,Onetime,59.9,0.008547260026685145,At Risk,High Risk
894a2fac1dcb705a1e4097b8a9131e90,2017-12-04 16:28:25,1,On Time,-7.0,Onetime,177.0,0.025256511264161445,Need Attention,Medium Risk
895617ab63a9ad8881d9470f7427cd25,2017-10-05 19:23:16,1,On Time,-20.0,Onetime,2999.99,0.428075035182891,At Risk,High Risk
897df847354833789262d872ee1062d1,2018-04-17 11:53:36,1,Has Delays,4.0,Onetime,53.9,0.007691107102476282,Potential Loyalists,Low Risk
8980ffc6947c84b3bee412e396bdc1f8,2018-06-05 12:36:00,1,On Time,-36.0,Onetime,49.99,0.007133180780200174,Potential Loyalists,Low Risk
898106ec3d6efd802c031b7e7bbcc1fb,2017-11-27 10:29:23,1,On Time,-1.0,Onetime,249.9,0.03565876929329913,At Risk,High Risk
8987373b21c23e2e911dcfae64a72f6f,2017-08-27 02:41:09,1,On Time,-10.0,Onetime,39.8,0.005679147730585455,At Risk,High Risk
898762bd9712febb89b2c54c50eee30a,2018-03-12 11:55:42,1,Has Delays,1.0,Onetime,21.9,0.0031249581733623485,Potential Loyalists,Low Risk
8990154c8645a3efadc9b01e1891d255,2017-11-26 13:24:33,1,On Time,-10.0,Onetime,24.9,0.00355303463546678,At Risk,High Risk
89995a85ec4c21db428413aed387c451,2017-11-17 15:28:17,1,On Time,-19.0,Onetime,143.0,0.020404978026977893,At Risk,High Risk
899cf723953922db9e04a8a6d4107041,2018-03-25 16:19:04,1,On Time,-5.0,Onetime,0.0,0.0,Potential Loyalists,Low Risk
899e389a3cbc0dce0d5df23b9b64679c,2018-08-22 00:07:15,1,On Time,-6.0,Onetime,44.9,0.006406877716162988,Potential Loyalists,Low Risk
899f643cc5cac51380894b9bcea1787b,2018-08-08 14:47:01,1,On Time,-8.0,Onetime,119.0,0.01698036633014244,Potential Loyalists,Low Risk
89a1e0a84aba551138fef6fcf098964b,2017-11-25 12:47:46,1,On Time,-16.0,Onetime,160.0,0.02283074464556967,At Risk,High Risk
89a70a556b3bcb25ed26720f08450bf4,2017-01-26 11:51:38,1,On Time,-33.0,Onetime,49.99,0.007133180780200174,At Risk,High Risk
89a9eed110ce632160e5b1a47ebe4a80,2018-02-28 22:34:44,1,Has Delays,32.0,Onetime,379.9,0.054208749317824476,Need Attention,Medium Risk
89b18d4332a8a52b9ead9a7cb82d1f70,2017-07-31 23:33:34,1,On Time,-11.0,Onetime,59.9,0.008547260026685145,At Risk,High Risk
89c82207f5240b591e568b72beab9337,2018-06-12 13:09:12,1,On Time,-24.0,Onetime,22.5,0.003210573465783235,Potential Loyalists,Low Risk
89d71ed92d56420f3db4b26099e2cf03,2018-02-28 22:26:55,1,On Time,-13.0,Onetime,0.0,0.0,Need Attention,Medium Risk
89dedfe3145383ccc0d7be54ba4da961,2017-08-27 21:04:23,1,On Time,-18.0,Onetime,130.0,0.018549980024525358,At Risk,High Risk
89e28a7f526e236bfdd3a48fb35998f7,2017-09-19 23:12:15,1,On Time,-3.0,Onetime,269.0,0.03838418943536401,At Risk,High Risk
89f3135f01d627ec02dd14cd9b9e7af3,2017-10-03 12:53:56,1,On Time,-11.0,Onetime,79.9,0.011401103107381355,At Risk,High Risk
89f999ca4a3527965db76038ffd4bcdd,2018-08-01 07:19:59,1,On Time,-10.0,Onetime,812.99,0.11600729430876054,Potential Loyalists,Low Risk
8a024c6ea16ad84e67bdc2bf5bd625c2,2017-11-30 13:34:43,1,On Time,-12.0,Onetime,0.0,0.0,At Risk,High Risk
8a11981cadf7feaab34826f59a3185c6,2017-11-30 08:13:06,1,On Time,-10.0,Onetime,95.0,0.013555754633306992,At Risk,High Risk
8a2530b1bf32235ed2636468ea0b1582,2017-03-09 22:17:49,1,On Time,-12.0,Onetime,289.9,0.041366455454691545,At Risk,High Risk
8a4002923e801e3120a11070fd31c9e2,2018-03-22 17:23:21,1,On Time,-10.0,Onetime,199.8,0.028509892376155126,Potential Loyalists,Low Risk
8a423f7294c6e79cc5884ef518deda5c,2017-07-19 20:42:33,1,On Time,-10.0,Onetime,54.9,0.007833799256511093,At Risk,High Risk
8a568e5fc88727e82abe997bb4da3857,2017-02-10 09:20:49,1,On Time,-27.0,Onetime,159.9,0.02281647543016619,At Risk,High Risk
8a6ba6b413007e4b09dbc526503cb9d4,2017-05-24 13:48:28,1,On Time,-21.0,Onetime,50.0,0.007134607701740522,At Risk,High Risk
8a6f91a57c40b447d9814c5027108194,2018-07-28 13:09:32,1,On Time,-11.0,Onetime,26.85,0.0038312843358346608,Potential Loyalists,Low Risk
8a7e2716ec5ffb45ddb789c96c86d4bd,2017-04-23 21:14:56,1,On Time,-2.0,Onetime,35.9,0.005122648329849695,At Risk,High Risk
8a8107952ac2366f408acf3e4d7e31dd,2018-05-14 23:18:21,1,On Time,-6.0,Onetime,27.9,0.0039811110975712105,Potential Loyalists,Low Risk
8a9a08c7ca8900a200d83cf838a07e0b,2017-02-18 14:40:00,1,On Time,-16.0,Onetime,0.0,0.0,At Risk,High Risk
8a9b30182d557a7b44a8543c9f2fe931,2017-09-26 18:35:35,1,Has Delays,109.0,Onetime,33.0,0.004708841083148744,At Risk,High Risk
8a9cd20ef841095e7c0ebc28889670df,2017-06-24 01:01:40,1,On Time,-18.0,Onetime,129.99,0.018548553102985012,At Risk,High Risk
8ac03172dc8e36a4c5e0b694ef3235aa,2018-05-24 00:52:36,1,On Time,-17.0,Onetime,0.0,0.0,Potential Loyalists,Low Risk
8acea88c0237a5493e2cff1c14e1fca5,2018-02-19 21:23:03,1,Has Delays,1.0,Onetime,0.0,0.0,Need Attention,Medium Risk
8ad7b8a0718ec3b848f73a9406b8cc7f,2017-03-03 14:24:08,1,On Time,-14.0,Onetime,79.0,0.011272680168750025,At Risk,High Risk
8adce5effe5d3b90e0ff802544d649ea,2017-07-20 11:56:35,1,On Time,-11.0,Onetime,0.0,0.0,At Risk,High Risk
8ae522c29c27dddb527854a9255c7dee,2017-12-21 14:45:24,1,On Time,-18.0,Onetime,0.0,0.0,Need Attention,Medium Risk
8ae6abc914f89e000c298ce7e6324fec,2018-03-26 18:01:40,1,On Time,-13.0,Onetime,0.0,0.0,Potential Loyalists,Low Risk
8af7c3e9ec5825a574bf03b2813eea29,2018-07-01 20:21:03,1,On Time,-8.0,Onetime,89.0,0.012699601709098129,Potential Loyalists,Low Risk
8b09aa1a501dd6ce1425b3d610d4e06f,2017-06-28 20:19:51,1,On Time,0.0,Onetime,32.99,0.004707414161608396,At Risk,High Risk
8b1ae0abe817918d427c11e7885d5ebd,2017-12-31 19:28:24,1,On Time,-31.0,Onetime,56.99,0.008132025858443848,Need Attention,Medium Risk
8b37f67cf9db5f1af2a42f64e41e45d2,2017-12-09 20:39:25,1,On Time,-14.0,Onetime,137.99,0.01969009033526349,Need Attention,Medium Risk
8b3f917f4307d3e5cf34c0b43d6e6f50,2018-06-25 07:38:14,1,On Time,-13.0,Onetime,149.0,0.021261130951186754,Potential Loyalists,Low Risk
8b4c19edf2c5859dd525115ef29ff41a,2017-11-25 08:10:50,1,On Time,-9.0,Onetime,89.99,0.01284086694159259,At Risk,High Risk
8b4e378f85633a53f78340e5692b8ba7,2018-04-09 13:56:45,1,On Time,-17.0,Onetime,99.9,0.014254946188077563,Potential Loyalists,Low Risk
8b66d8d6eecf85ba83bdc29383d636b6,2018-06-26 12:15:07,1,On Time,-21.0,Onetime,169.99,0.02425623926437743,Potential Loyalists,Low Risk
8b789c08cf290e40475d63308dafa12e,2017-11-24 12:33:11,1,On Time,-9.0,Onetime,98.0,0.013983831095411422,At Risk,High Risk
8b79c4656d14b2c341d6daa6637b5918,2018-04-27 14:22:26,1,On Time,-21.0,Onetime,37.9,0.005408032637919316,Potential Loyalists,Low Risk
8b7aa344740a3550cb5265ad33544964,2018-04-08 11:42:18,1,On Time,-13.0,Onetime,0.0,0.0,Potential Loyalists,Low Risk
8b8028d453a01986b48c4271cc341475,2018-08-09 11:37:35,1,On Time,-8.0,Onetime,116.9,0.016680712806669343,Potential Loyalists,Low Risk
8b859020674c38cf9f33f795e7a88ff1,2017-11-18 14:42:28,1,On Time,-7.0,Onetime,391.8,0.055906785950838735,At Risk,High Risk
8b9341478dbb9d5b44c0c33cb212009b,2018-02-08 08:46:56,1,On Time,-10.0,Onetime,27.3,0.003895495805150325,Need Attention,Medium Risk
8bab3162259edfaadd1ea2e1fe7f58dc,2017-10-29 11:59:50,1,On Time,-18.0,Onetime,39.9,0.005693416945988936,At Risk,High Risk
8bb74a9108cb059d9dd4fcfcf9035b97,2018-05-20 18:16:54,1,On Time,-13.0,Onetime,35.9,0.005122648329849695,Potential Loyalists,Low Risk
8bb85b9ac76770501b8207d0e95b74c8,2018-02-02 11:14:39,1,On Time,-15.0,Onetime,59.7,0.008518721595878184,Need Attention,Medium Risk
8bb9834649210152e6fb0a01c201651c,2018-05-12 18:02:57,1,Has Delays,8.0,Onetime,128.75,0.018371614831981842,Potential Loyalists,Low Risk
8bba2fac2cb38bfb0a323272f63d5f75,2017-05-31 20:57:49,1,On Time,-4.0,Onetime,243.0,0.03467419343045893,At Risk,High Risk
8bc24a5f6aff334bacfd46f24430380d,2017-02-03 21:44:34,1,On Time,-21.0,Onetime,46.0,0.00656383908560128,At Risk,High Risk
8bc3d44aa4dd9ed3829ce1fb6633ef13,2017-11-24 23:51:56,1,On Time,-20.0,Onetime,39.99,0.00570625923985207,At Risk,High Risk
8bcc84e0763714d1d9609f2047aaa93a,2018-03-01 16:55:33,1,Has Delays,5.0,Onetime,30.0,0.0042807646210443135,Need Attention,Medium Risk
8be158f05b793cd72d5fde01365b5d2c,2017-11-28 22:46:02,1,On Time,-11.0,Onetime,299.5,0.04273630013342573,At Risk,High Risk
8c12687aad88863f160627aa762e5422,2018-05-20 17:07:44,1,On Time,-18.0,Onetime,199.9,0.028524161591558603,Potential Loyalists,Low Risk
8c19ee0688ec7a7c51715a0eb189388d,2017-09-05 11:07:35,1,On Time,-14.0,Onetime,0.0,0.0,At Risk,High Risk
8c1a9f0c17eb22e956dcb66dde60f9d3,2018-05-03 14:31:13,1,On Time,-13.0,Onetime,335.0,0.047801871601661494,Potential Loyalists,Low Risk
8c2c7fb3be4fc1669b8c1c6059db1207,2017-05-13 15:45:59,1,On Time,-17.0,Onetime,23.99,0.003423184775295102,At Risk,High Risk
8c36d7644f5966816dcdd2d70b606eba,2017-03-13 16:12:24,1,On Time,-13.0,Onetime,129.99,0.018548553102985012,At Risk,High Risk
8c3ff6ad9360189ef57d625d044d7c19,2018-01-30 16:16:45,1,On Time,-7.0,Onetime,0.0,0.0,Need Attention,Medium Risk
8c60a63f751a4c744a3629ebf560041f,2018-06-02 09:23:01,1,On Time,-17.0,Onetime,0.0,0.0,Potential Loyalists,Low Risk
8c6957aedc2947857ce35de20f665290,2017-10-05 12:39:24,1,On Time,-20.0,Onetime,119.99,0.017121631562636904,At Risk,High Risk
8c710aad587dc8dac58e65611e625c62,2018-05-02 00:41:13,1,On Time,-13.0,Onetime,110.0,0.01569613694382915,Potential Loyalists,Low Risk
8c7161f8aa1d6fd17947ff43ae9704eb,2018-01-12 15:10:26,1,On Time,-13.0,Onetime,49.0,0.006991915547705711,Need Attention,Medium Risk
8c71b6aff280a474128f3e3f06b1d277,2018-01-21 19:25:41,1,On Time,-8.0,Onetime,79.99,0.011413945401244486,Need Attention,Medium Risk
8c7a12d87bfd2f5ad0a1f5c573f0d960,2017-09-19 11:08:41,1,On Time,-13.0,Onetime,0.0,0.0,At Risk,High Risk
8c81d87b1a876ac44f968c7f112501f5,2017-09-19 18:05:34,1,On Time,-9.0,Onetime,143.54,0.020482031790156688,At Risk,High Risk
8c91e8afd08b46578668f58c6f28745b,2018-01-24 18:33:34,1,On Time,-14.0,Onetime,140.0,0.019976901564873462,Need Attention,Medium Risk
8c9878027fc2b1d4ab0d641b76ca7010,2017-08-14 21:13:44,1,On Time,-11.0,Onetime,107.0,0.015268060481724716,At Risk,High Risk
8ca577639091122b3c581bc89d11da3b,2017-07-17 09:29:02,1,On Time,-24.0,Onetime,50.0,0.007134607701740522,At Risk,High Risk
8cad83eb2c96c92f1c57c2a250d99855,2017-08-15 22:45:17,1,On Time,-17.0,Onetime,48.0,0.006849223393670901,At Risk,High Risk
8cd6e198e22093b0bfcd95e3e67cb77f,2018-02-04 21:25:23,1,On Time,-8.0,Onetime,69.9,0.00997418156703325,Need Attention,Medium Risk
8cd6f80d3c3994e2060d46ec07ff0b0a,2018-07-01 21:12:33,1,On Time,-24.0,Onetime,0.0,0.0,Potential Loyalists,Low Risk
8cda1c465f7a60605d4441dd8276d03b,2017-12-17 11:18:41,1,On Time,-17.0,Onetime,92.65,0.013220428071325188,Need Attention,Medium Risk
8ce10399d5a3b5d565a348ba4cdfad9c,2018-08-05 16:57:29,1,On Time,-4.0,Onetime,51.89,0.007404295872866313,Potential Loyalists,Low Risk
8ce1466844e91c831b7ceaefff65b18a,2017-10-21 12:35:40,1,On Time,-14.0,Onetime,149.9,0.021389553889818086,At Risk,High Risk
8ce7dc6285c8e719260ecca92512265d,2018-01-26 19:00:49,1,On Time,-12.0,Onetime,79.43,0.011334037794984993,Need Attention,Medium Risk
8ceb794ddc239eded512a791fc6a1fb9,2018-06-01 18:57:37,1,On Time,-21.0,Onetime,48.0,0.006849223393670901,Potential Loyalists,Low Risk
8cf1bdf074a4a6e5fc61800a219dfb08,2017-06-05 16:53:50,1,On Time,-20.0,Onetime,75.0,0.010701911552610783,At Risk,High Risk
8cfc5350efe3bce6a0d6f96fbaf2c3b4,2018-08-05 12:39:54,1,On Time,-6.0,Onetime,0.0,0.0,Potential Loyalists,Low Risk
8cfecfbbdad82f1281686a54caf46dbb,2017-03-06 21:15:37,1,On Time,-2.0,Onetime,0.0,0.0,At Risk,High Risk
8d0615e684b7967c26746909cfe2c6ac,2017-11-23 21:49:37,1,On Time,-12.0,Onetime,69.0,0.00984575862840192,At Risk,High Risk
8d06f1dd7e1ca6a1837e24c304b2726d,2018-07-11 13:32:41,1,On Time,-6.0,Onetime,222.0,0.03167765819572792,Potential Loyalists,Low Risk
8d0a8db3a4f4813a2226d5abccbea87e,2017-10-23 11:33:12,1,On Time,-1.0,Onetime,38.9,0.0055507247919541255,At Risk,High Risk
8d11f32a56d967b7e09d3a5ed6cf9991,2017-02-05 17:07:34,1,On Time,-12.0,Onetime,599.0,0.08547260026685145,At Risk,High Risk
8d2fa65d968da66afc05f2e28250c9dc,2018-03-06 09:30:25,1,On Time,-14.0,Onetime,122.99,0.017549708024741335,Potential Loyalists,Low Risk
8d334e0b3cc9d89e724e409759fb5a1b,2018-01-26 14:08:25,1,On Time,-16.0,Onetime,0.0,0.0,Need Attention,Medium Risk
8d391fbb0d67f85692e14f81e9b6d956,2018-03-12 09:48:20,1,On Time,-24.0,Onetime,110.0,0.01569613694382915,Potential Loyalists,Low Risk
8d3a01dad8496e7c850d5b3d580c8e90,2018-04-16 14:21:41,1,On Time,-14.0,Onetime,349.3,0.04984236940435929,Potential Loyalists,Low Risk
8d4579526cbb0bf83069597c9c27533d,2018-06-19 14:04:13,1,On Time,-10.0,Onetime,449.9,0.06419720010026121,Potential Loyalists,Low Risk
8d46223c91cbeb93e0930ca8bd8ffca2,2017-11-26 11:43:57,1,On Time,-13.0,Onetime,0.0,0.0,At Risk,High Risk
8d4d3f218fc6a54644a4c03a56e52f0e,2017-11-26 18:36:07,1,On Time,-7.0,Onetime,0.0,0.0,At Risk,High Risk
8d50f5eadf50201ccdcedfb9e2ac8455,2017-09-05 22:14:52,4,On Time,-3.0,Repeated,72.97999999999999,0.010413673401460464,Loyal Customers,Low Risk
8d813623d087eb606d41369887bfe0d3,2018-01-04 10:03:16,1,On Time,-12.0,Onetime,0.0,0.0,Need Attention,Medium Risk
8d83eaf05879f1f71dfb26f7027f1b74,2018-04-10 21:18:14,1,On Time,-17.0,Onetime,198.0,0.028253046498892466,Potential Loyalists,Low Risk
8d8c91f2c4344c8f57793e8e210d73bf,2017-11-16 17:42:52,1,On Time,-7.0,Onetime,0.0,0.0,At Risk,High Risk
8d93b59df92e34fa6fd2d9fc421b2119,2018-01-12 16:45:36,1,On Time,-8.0,Onetime,80.0,0.011415372322784835,Need Attention,Medium Risk
8d98676709c5683e69a10ff87c84f58b,2018-02-18 21:43:25,1,On Time,-4.0,Onetime,14.99,0.0021389553889818082,Need Attention,Medium Risk
8d9a36e63029e760088d444d560f15ed,2018-03-29 16:15:11,1,On Time,-6.0,Onetime,0.0,0.0,Potential Loyalists,Low Risk
8da4257624e455b4ade5076f589bf3c3,2018-07-01 14:28:04,1,On Time,-26.0,Onetime,0.0,0.0,Potential Loyalists,Low Risk
8da796b2a21c4f0bfbcae79c8507bb1a,2018-08-08 13:33:11,1,On Time,-6.0,Onetime,149.0,0.021261130951186754,Potential Loyalists,Low Risk
8dad6af578ac943d81e66f4f788200c8,2017-08-15 16:58:08,1,On Time,-9.0,Onetime,58.9,0.008404567872650334,At Risk,High Risk
8dafb82f687e3b0dc9e97b4198b92128,2017-07-30 17:48:59,2,On Time,-13.0,Repeated,131.8,0.01880682590178802,At Risk,High Risk
8dc0d32543012e70ca0c0bc5535205f8,2018-08-13 14:16:15,1,On Time,-5.0,Onetime,95.28,0.013595708436436737,Potential Loyalists,Low Risk
8dd26bfb2f0afd35e9f26f9704da080f,2017-05-14 14:56:41,1,On Time,-14.0,Onetime,89.9,0.012828024647729459,At Risk,High Risk
8dd9fc55fe6833c01cdff8986174b83d,2017-08-14 12:45:58,1,On Time,-16.0,Onetime,309.9,0.04422029853538775,At Risk,High Risk
8ddc88814f92ad699db061cc9eb59f0c,2017-10-03 22:07:48,1,On Time,-29.0,Onetime,199.0,0.02839573865292728,At Risk,High Risk
8de0e7de3b9206260785e2801ad4174c,2017-08-21 22:28:57,1,On Time,-7.0,Onetime,56.99,0.008132025858443848,At Risk,High Risk
8deb4c668d9240fe03720ba1c8767db4,2018-01-06 16:26:49,1,On Time,-13.0,Onetime,64.9,0.009260720796859197,Need Attention,Medium Risk
8decf6ceb73bc478acf5e4e3c041e962,2018-01-02 17:33:07,1,On Time,-9.0,Onetime,228.38,0.03258803413847,Need Attention,Medium Risk
8df948efd5c903f51e2b7353430700c3,2018-07-30 07:00:26,1,On Time,-7.0,Onetime,120.0,0.017123058484177254,Potential Loyalists,Low Risk
8dff0ffd4d3901995f7bb2c3ebe30608,2018-06-11 18:18:36,1,On Time,-8.0,Onetime,378.0,0.05393763422515835,Potential Loyalists,Low Risk
8e0726aea097e932a69690bb2e372c2e,2018-02-19 06:54:22,1,On Time,-8.0,Onetime,79.9,0.011401103107381355,Need Attention,Medium Risk
8e0b3f06cbb3a040d8861e8e74627c33,2017-04-21 17:49:46,1,Has Delays,14.0,Onetime,447.0,0.06378339285356027,At Risk,High Risk
8e189d068ef04b5a5100820fcf317000,2018-08-06 09:12:33,1,On Time,-8.0,Onetime,170.0,0.024257666185917775,Potential Loyalists,Low Risk
8e2256168ae549437d667b583fd0be28,2018-03-15 17:33:38,1,On Time,-19.0,Onetime,139.99,0.019975474643333116,Potential Loyalists,Low Risk
8e23478d59ab253ef04d4d2056ebeb93,2018-01-25 13:53:06,1,On Time,-10.0,Onetime,188.0,0.026826124958544362,Need Attention,Medium Risk
8e4404700874036dbb2c606039875e1a,2018-02-06 21:09:10,1,On Time,-19.0,Onetime,69.9,0.00997418156703325,Need Attention,Medium Risk
8e456c2e55b5e95118d3cef6320898f2,2017-02-05 11:58:04,1,On Time,-16.0,Onetime,64.5,0.009203643935245273,At Risk,High Risk
8e5b6612569e488462298e3eb4ecbed9,2018-02-06 09:43:31,1,On Time,-16.0,Onetime,122.99,0.017549708024741335,Need Attention,Medium Risk
8e617bc91e317b75f97f298bf526ecad,2018-05-05 09:13:56,1,On Time,-4.0,Onetime,74.7,0.01065910390640034,Potential Loyalists,Low Risk
8e6b5c75948260e7bd1ae31974379f7b,2018-05-02 12:02:02,1,On Time,-12.0,Onetime,112.2,0.01601005968270573,Potential Loyalists,Low Risk
8e83e406970bbb2ac55b2951bb855d32,2018-04-17 20:31:30,1,On Time,-13.0,Onetime,199.0,0.02839573865292728,Potential Loyalists,Low Risk
8ea097b1824dbd4d17af71b0afe04301,2018-08-04 14:29:27,1,On Time,-13.0,Onetime,25.0,0.003567303850870261,Potential Loyalists,Low Risk
8ec31beb5c890497f1872b5986d3cc26,2018-05-04 16:32:18,1,On Time,-13.0,Onetime,175.0,0.024971126956091824,Potential Loyalists,Low Risk
8ec49be0447d11c4deb5fcdcf43407cc,2017-11-06 17:51:51,1,On Time,-7.0,Onetime,143.8,0.02051913175020574,At Risk,High Risk
8ee4fb8d09197a94094f4161e1f2dd2c,2017-09-06 15:36:32,1,On Time,-4.0,Onetime,0.0,0.0,At Risk,High Risk
8ee6a26c817c3600f866d0bbd6ae4065,2018-07-23 02:44:13,1,Has Delays,1.0,Onetime,56.99,0.008132025858443848,Potential Loyalists,Low Risk
8ef22961d84439c4f1f9f3d656c5c3d9,2018-03-23 15:16:34,1,On Time,-8.0,Onetime,60.0,0.008561529242088627,Potential Loyalists,Low Risk
8efe2ca61964c32fcd3d794ba929c10d,2018-06-09 11:03:36,1,On Time,-7.0,Onetime,26.9,0.0038384189435364006,Potential Loyalists,Low Risk
8f0273ca8405a143a3b7feeea9be23b5,2018-05-01 20:58:47,1,On Time,-11.0,Onetime,0.0,0.0,Potential Loyalists,Low Risk
8f06048163e14e8ed0613397b8f4b2e5,2018-02-11 19:51:24,1,On Time,-16.0,Onetime,358.0,0.05108379114446214,Need Attention,Medium Risk
8f060d52f9c6e9244dc0cba5951bb6ff,2017-09-01 14:01:04,1,On Time,-21.0,Onetime,35.9,0.005122648329849695,At Risk,High Risk
8f0d8cb981650f6d9dbcaf4de337a666,2017-10-12 10:06:07,1,On Time,-7.0,Onetime,97.9,0.013969561880007942,At Risk,High Risk
8f1c1b28cf191abb48fca6ec32155e93,2018-02-06 07:02:11,1,On Time,-21.0,Onetime,0.0,0.0,Need Attention,Medium Risk
8f24365a46f82ddd0cef7893319a40d5,2017-10-03 08:34:54,1,On Time,-22.0,Onetime,149.9,0.021389553889818086,At Risk,High Risk
8f3383572884881b2925587225fea755,2018-05-07 08:55:18,1,On Time,-10.0,Onetime,99.9,0.014254946188077563,Potential Loyalists,Low Risk
8f8091461440c0b33061e07bce1ccf4c,2017-07-14 13:10:50,1,On Time,-14.0,Onetime,22.5,0.003210573465783235,At Risk,High Risk
8f8447f07ee76dbba29670a88b650e0e,2017-05-29 10:01:22,1,On Time,-21.0,Onetime,89.81,0.012815182353866325,At Risk,High Risk
8f9803fd3ad8ea0dc070cd6c12552d2f,2017-08-09 10:48:15,1,On Time,-14.0,Onetime,29.0,0.004138072467009503,At Risk,High Risk
8f9d4a5f98697f8b905a7eb0a1352a81,2017-12-02 12:22:42,1,On Time,-19.0,Onetime,114.9,0.01639532849859972,Need Attention,Medium Risk
8fa5249534fd9822b86bcf2bd14318cc,2018-04-12 14:37:29,1,On Time,-17.0,Onetime,117.7,0.016794866529897187,Potential Loyalists,Low Risk
8fa9794287d53baf3d08e2fd2d73a44f,2017-09-19 00:19:17,1,On Time,-18.0,Onetime,59.9,0.008547260026685145,At Risk,High Risk
8faed9f9905a7647bb40da044ebcd769,2017-03-23 14:42:05,1,On Time,-17.0,Onetime,29.5,0.004209418544026908,At Risk,High Risk
8fb49ea1ad7041840fae00d1d771a3e8,2017-08-21 10:33:13,1,On Time,-13.0,Onetime,73.6,0.010502142536962049,At Risk,High Risk
8fbdbbd660038497768d62fe719a7919,2017-11-28 08:02:38,1,On Time,-4.0,Onetime,29.9,0.004266495405640831,At Risk,High Risk
8fbeb42e8fa02b1b0eeb50462bb017c5,2017-05-11 14:20:51,1,On Time,-22.0,Onetime,140.9,0.02010532450350479,At Risk,High Risk
8fbfbef81eb19dbfa1f6ba6bf5924e4b,2018-04-15 22:11:11,1,On Time,-14.0,Onetime,148.0,0.021118438797151945,Potential Loyalists,Low Risk
8fc1b266e54db64c474e6c7909e58dc0,2018-02-08 22:22:54,1,On Time,-9.0,Onetime,0.0,0.0,Need Attention,Medium Risk
8fd5fbfc9ee434a4fc3a5814953b0e08,2018-06-20 11:46:06,1,On Time,-15.0,Onetime,50.0,0.007134607701740522,Potential Loyalists,Low Risk
8fd802004eab9c8e3b1ad745f1a1ec16,2017-09-21 14:09:26,1,On Time,-17.0,Onetime,0.0,0.0,At Risk,High Risk
8fe805d171f920bf0ae393368aad5316,2017-09-26 01:25:02,1,On Time,-48.0,Onetime,23.99,0.003423184775295102,At Risk,High Risk
8ff97d7c368d3815ee0d62687cd1f934,2018-02-15 17:57:12,1,On Time,-14.0,Onetime,0.0,0.0,Need Attention,Medium Risk
8fff3b532485857c98657608571d25b9,2017-11-26 21:02:09,1,On Time,-14.0,Onetime,67.5,0.009631720397349705,At Risk,High Risk
90004c3fa8ebffdf4817be64731af364,2018-04-26 06:16:35,1,On Time,-11.0,Onetime,29.9,0.004266495405640831,Potential Loyalists,Low Risk
900cd19b12a13a27ae64bf2d4f1271ec,2018-01-12 19:27:08,1,On Time,-14.0,Onetime,49.0,0.006991915547705711,Need Attention,Medium Risk
900d83525fd22c97abcefbfd657d8c24,2018-05-08 12:49:26,1,On Time,-9.0,Onetime,59.0,0.008418837088053816,Potential Loyalists,Low Risk
9011b2e0f1e26f56cbeef0be6a5f3a66,2017-10-30 10:44:32,1,Has Delays,1.0,Onetime,250.0,0.03567303850870261,At Risk,High Risk
90149dae3857b44597744541030794a3,2018-07-23 14:37:05,1,On Time,-8.0,Onetime,19.9,0.0028395738652927274,Potential Loyalists,Low Risk
901958bfdcc5d716ad357c6cdba5244a,2018-03-07 14:50:20,1,On Time,-7.0,Onetime,429.9,0.061343357019565004,Potential Loyalists,Low Risk
901d27d10636296091d72776b42cd545,2017-08-27 20:47:17,1,On Time,-14.0,Onetime,389.0,0.05550724791954126,At Risk,High Risk
9039374bda410ee8513eca78503e2ab3,2018-04-08 20:12:30,1,On Time,-19.0,Onetime,49.3,0.0070347231939161545,Potential Loyalists,Low Risk
903da68ad12a13ea58f14a292c0c50c6,2018-02-25 14:13:44,1,On Time,-21.0,Onetime,349.9,0.04992798469678017,Need Attention,Medium Risk
903fccb1294b588a6c82921ca23acd0d,2017-01-29 22:14:49,1,On Time,-40.0,Onetime,129.99,0.018548553102985012,At Risk,High Risk
9041aaf6094cf78b32f85afbdcdc9721,2017-12-07 15:57:15,1,On Time,-15.0,Onetime,389.9,0.05563567085817259,Need Attention,Medium Risk
905d91d27b7c99c5e69a9eb734c129ae,2017-11-30 19:56:14,1,On Time,-13.0,Onetime,299.99,0.04280621928890278,At Risk,High Risk
9062d3e575a476f5f3ffa8abf125fd42,2017-09-29 20:10:50,1,On Time,-15.0,Onetime,17.99,0.0025670318510862397,At Risk,High Risk
90693e7acfb7f48d03fe61e2a0002543,2017-12-05 08:48:23,1,Has Delays,8.0,Onetime,29.9,0.004266495405640831,Need Attention,Medium Risk
9075f7211578ba5165cbd7fb49947eba,2018-08-22 18:52:29,1,On Time,-13.0,Onetime,0.0,0.0,Potential Loyalists,Low Risk
909bd964acc70a899c3804414f5fa70d,2018-06-21 15:42:55,1,On Time,-18.0,Onetime,0.0,0.0,Potential Loyalists,Low Risk
90b3f19a7060f7e29ab16675b106230d,2018-01-04 09:29:24,1,On Time,-8.0,Onetime,69.9,0.00997418156703325,Need Attention,Medium Risk
90b425894699f50755dc01dc7a3fcdec,2018-01-31 12:54:58,1,On Time,-11.0,Onetime,18.99,0.00270972400512105,Need Attention,Medium Risk
90b69fcf7c294886b054fec2fe0e1605,2017-04-24 22:57:16,1,On Time,-7.0,Onetime,195.0,0.027824970036788032,At Risk,High Risk
90c2607a022b5434ceda7bce15da1fd6,2017-08-30 14:19:37,1,On Time,-13.0,Onetime,196.36,0.028019031366275378,At Risk,High Risk
90d252896f5ec316079467e97daf46c9,2017-10-17 16:28:28,1,On Time,-8.0,Onetime,0.0,0.0,At Risk,High Risk
90ddf4aaf6b0a83d203958f14dfd8234,2018-05-09 02:19:25,1,On Time,-7.0,Onetime,39.99,0.00570625923985207,Potential Loyalists,Low Risk
90df730a12d231d7e596d2f0f314b86d,2017-11-29 18:09:37,1,On Time,-8.0,Onetime,68.8,0.009817220197594958,At Risk,High Risk
90e1f0d98aa33c74e43fb62004a829dd,2018-04-05 22:08:31,1,Has Delays,3.0,Onetime,149.0,0.021261130951186754,Potential Loyalists,Low Risk
90e7187871a4e357daa425dc50d9b79b,2018-06-06 14:49:38,1,On Time,-24.0,Onetime,33.9,0.004837264021780073,Potential Loyalists,Low Risk
90fa7ad937baca6ece1dc81746af6adb,2018-04-15 20:56:35,1,On Time,-21.0,Onetime,0.0,0.0,Potential Loyalists,Low Risk
9107708e80782c0f6ccc2b607f5f2a6c,2018-08-01 13:30:12,1,On Time,-11.0,Onetime,0.0,0.0,Potential Loyalists,Low Risk
910928b04ad1ac577b9c81554ae01b05,2018-07-13 16:49:46,1,On Time,-2.0,Onetime,0.0,0.0,Potential Loyalists,Low Risk
9159c04b88895d995741dd5b9b7a5f1d,2017-12-01 16:13:05,1,Has Delays,15.0,Onetime,169.9,0.024243396970514294,Need Attention,Medium Risk
915e50464c2b4b6b7958209ab141719b,2018-02-12 07:28:18,1,On Time,-12.0,Onetime,0.0,0.0,Need Attention,Medium Risk
9160831db912b9fb5f89d075588d68a7,2018-05-21 13:16:36,1,On Time,-16.0,Onetime,625.0,0.08918259627175652,Potential Loyalists,Low Risk
916264d8ad4f14f096a33c663343178c,2018-01-22 15:54:09,1,On Time,-18.0,Onetime,8.99,0.0012828024647729458,Need Attention,Medium Risk
917aaf420bc9836da7af3ea67743c3b2,2017-12-01 14:32:31,1,On Time,-17.0,Onetime,109.9,0.01568186772842567,Need Attention,Medium Risk
9181f2d98576cd50d07143f36fbf3845,2018-06-25 14:34:45,1,On Time,-22.0,Onetime,499.89,0.07133038088046138,Potential Loyalists,Low Risk
918c23fd6877b15e6a327ec6db648c53,2017-08-28 21:10:40,1,On Time,-15.0,Onetime,0.0,0.0,At Risk,High Risk
918defbde32da786dc3e8a2fc90d6a2f,2018-02-26 14:09:33,1,Has Delays,11.0,Onetime,349.9,0.04992798469678017,Need Attention,Medium Risk
9192e9abd35fd0d8d7a4c2e12464c277,2017-10-03 09:08:42,1,On Time,-9.0,Onetime,39.99,0.00570625923985207,At Risk,High Risk
9197e6b3e505cbb066f5bf87ee49df7d,2018-01-17 19:40:55,1,On Time,-14.0,Onetime,175.0,0.024971126956091824,Need Attention,Medium Risk
919a862b7515e8ad7dc8bfe5f9b327fa,2018-02-24 17:02:37,1,On Time,-5.0,Onetime,156.0,0.022259976029430428,Need Attention,Medium Risk
919bf2617845a0f73acc0361cba58267,2018-01-25 08:26:22,1,On Time,-6.0,Onetime,90.0,0.01284229386313294,Need Attention,Medium Risk
91a3e33161ed95452fcd6fbd08472c69,2018-01-01 20:22:49,1,On Time,-17.0,Onetime,29.99,0.0042793376995039645,Need Attention,Medium Risk
91a7366b39d3620ce44f85fa5d116896,2018-01-23 10:32:39,1,On Time,-14.0,Onetime,42.9,0.006121493408093367,Need Attention,Medium Risk
91a8b965bb2d34b3e586844dc4a40d1b,2018-04-12 21:42:13,1,On Time,-13.0,Onetime,19.6,0.002796766219082285,Potential Loyalists,Low Risk
91abcfdbb59010e2836be302cea49bb9,2018-04-18 19:17:18,1,On Time,-13.0,Onetime,49.9,0.007120338486337041,Potential Loyalists,Low Risk
91b79823141cfe7ee5c66acb0b48aff0,2018-08-04 19:25:09,1,On Time,-8.0,Onetime,0.0,0.0,Potential Loyalists,Low Risk
91bf75e59fcf67ee0dcf6c76f80948fa,2017-11-26 17:34:14,1,On Time,-12.0,Onetime,699.0,0.0997418156703325,At Risk,High Risk
91cc64efdc8300db4eae42e836e9e148,2018-03-01 11:28:05,1,On Time,-12.0,Onetime,19.9,0.0028395738652927274,Need Attention,Medium Risk
91d4f8b0aec5e3c3fb6e9cb4be401617,2017-02-23 22:03:07,1,On Time,-15.0,Onetime,99.99,0.014267788481940694,At Risk,High Risk
91dd3e913cf5d632ce605a3689a5126a,2018-08-02 20:52:16,1,On Time,-4.0,Onetime,0.0,0.0,Potential Loyalists,Low Risk
91efc249c62720440837bcc4954de645,2018-05-03 21:44:32,1,On Time,-16.0,Onetime,0.0,0.0,Potential Loyalists,Low Risk
9202421110f6a19ddcf0b9b93602a0a1,2018-05-31 17:47:23,1,On Time,-20.0,Onetime,109.9,0.01568186772842567,Potential Loyalists,Low Risk
9226c66cd4f63455591508fe5157a0b7,2017-10-01 11:46:12,1,On Time,-10.0,Onetime,19.9,0.0028395738652927274,At Risk,High Risk
923bbadc05e0de833a6ea5e3d546c4d0,2018-04-17 21:01:58,1,On Time,-16.0,Onetime,280.0,0.039953803129746925,Potential Loyalists,Low Risk
925d26d2589c983d6e2c33ca7da030d0,2018-02-13 20:10:23,1,Has Delays,5.0,Onetime,385.0,0.054936479303402015,Need Attention,Medium Risk
9263a6fc47a37b8b71cecfeb1defda4a,2018-07-21 13:16:37,1,On Time,-16.0,Onetime,0.0,0.0,Potential Loyalists,Low Risk
926e3ac6b8dece3ece38d28f18d15bfd,2018-07-17 17:57:28,1,On Time,-9.0,Onetime,39.9,0.005693416945988936,Potential Loyalists,Low Risk
928c822f6eb7267fe1669503d1a24c89,2018-08-08 23:22:13,1,Has Delays,7.0,Onetime,0.0,0.0,Potential Loyalists,Low Risk
9290e3b0f0fe3e660c4de619c1640ac9,2017-09-08 16:59:15,1,On Time,-14.0,Onetime,319.98,0.04565863544805865,At Risk,High Risk
9295d6a619a0b00cc7e1904d19a1558f,2017-10-25 10:03:39,1,On Time,-28.0,Onetime,31.9,0.004551879713710453,At Risk,High Risk
9295fc2f2f8647c5b79752e79826f628,2017-12-15 14:08:08,1,On Time,-18.0,Onetime,13.3,0.001897805648662979,Need Attention,Medium Risk
929c7ed1a0ca1152275bdcf4e6f0fbce,2018-07-26 23:41:14,1,On Time,-2.0,Onetime,32.0,0.004566148929113934,Potential Loyalists,Low Risk
929cca0da005b90ff84064609a25b805,2018-06-15 20:02:54,1,On Time,-21.0,Onetime,209.99,0.029963925425769842,Potential Loyalists,Low Risk
92af805fe5fb8c37dc920eb1a6e23a19,2017-11-19 13:23:06,1,On Time,-7.0,Onetime,79.9,0.011401103107381355,At Risk,High Risk
92b0c5698b3008fd30c5230b2504df71,2017-12-05 12:19:36,1,Has Delays,7.0,Onetime,0.0,0.0,Need Attention,Medium Risk
92c1a23b2c64ce441ee42b3299aca206,2017-11-16 21:48:09,1,On Time,-5.0,Onetime,166.99,0.023828162802272995,At Risk,High Risk
92c6a8e312c4323a536b0775c339af22,2017-11-11 17:22:19,1,On Time,-9.0,Onetime,59.4,0.00847591394966774,At Risk,High Risk
92ea66675d0557a6ededd9af85a9e758,2017-07-09 20:42:32,1,On Time,-11.0,Onetime,104.99,0.014981249252114746,At Risk,High Risk
92ebffe3693a39d55ca83ba631db6d39,2017-12-02 20:09:30,1,On Time,-3.0,Onetime,125.5,0.017907865331368712,Need Attention,Medium Risk
92f5fadb37b942ea07696a7355b8d6a1,2017-12-15 11:15:25,1,On Time,-7.0,Onetime,120.0,0.017123058484177254,Need Attention,Medium Risk
92f65b75e3c4a45c14f410b4aac4db69,2017-07-05 09:16:49,1,On Time,-21.0,Onetime,90.0,0.01284229386313294,At Risk,High Risk
92fd8aa5948e20c43a014c44c025c5e1,2018-02-17 15:59:46,1,On Time,0.0,Onetime,78.0,0.011129988014715214,Need Attention,Medium Risk
93027a697145bb67a134f56e9a3f0d9a,2017-01-27 00:34:10,1,On Time,-27.0,Onetime,39.9,0.005693416945988936,At Risk,High Risk
930c4390af58f67334447c3a1cf2ba36,2017-03-08 15:13:03,1,On Time,-13.0,Onetime,0.0,0.0,At Risk,High Risk
930dfe46b364af81db0fb4828bce74c9,2017-11-02 14:51:11,1,Has Delays,4.0,Onetime,189.0,0.026968817112579174,At Risk,High Risk
93294dc7b6fa1da27bc28d1a8db5e8a4,2018-02-24 00:25:13,1,On Time,-13.0,Onetime,89.9,0.012828024647729459,Need Attention,Medium Risk
932afa1e708222e5821dac9cd5db4cae,2017-05-16 13:10:30,1,On Time,-12.0,Onetime,59.99,0.008560102320548277,At Risk,High Risk
932be2b0f01a39dfb24c2af8299a6e80,2018-07-22 17:32:59,1,On Time,-6.0,Onetime,100.0,0.014269215403481044,Potential Loyalists,Low Risk
932fdea469902e1012e36c4510356e66,2018-03-08 11:38:27,1,Has Delays,15.0,Onetime,0.0,0.0,Potential Loyalists,Low Risk
93300278f15871e42b218ed723754fc9,2018-02-03 00:34:36,1,On Time,-1.0,Onetime,56.99,0.008132025858443848,Need Attention,Medium Risk
93306f34527f7d6cd7d0b98cfeb04c12,2017-11-21 08:54:33,1,Has Delays,1.0,Onetime,109.9,0.01568186772842567,At Risk,High Risk
933185e32d51964d714e6cf19af7c9d1,2018-07-04 16:36:37,1,On Time,-6.0,Onetime,0.0,0.0,Potential Loyalists,Low Risk
93345700f0e852aa904fae18cec8437c,2018-01-02 17:31:02,1,On Time,-13.0,Onetime,0.0,0.0,Need Attention,Medium Risk
93360190b9375a40b65720ee99387a4a,2018-03-30 20:27:16,1,On Time,-16.0,Onetime,97.0,0.013841138941376611,Potential Loyalists,Low Risk
935b9c5a3162185f88dac06d8d08d623,2018-05-04 11:09:54,1,On Time,-20.0,Onetime,102.0,0.014554599711550664,Potential Loyalists,Low Risk
9361f66eb5cc5b3ae26947ad3363cbd2,2018-08-06 10:11:21,1,On Time,-6.0,Onetime,197.38,0.028164577363390886,Potential Loyalists,Low Risk
9362389b0141a14ba2ae3c5878abd9fe,2018-07-26 16:55:40,1,On Time,-8.0,Onetime,82.99,0.011842021863348916,Potential Loyalists,Low Risk
937c0e5ed5ad1aff057e91d1803bb9d0,2017-04-04 12:20:47,1,On Time,-15.0,Onetime,18.99,0.00270972400512105,At Risk,High Risk
937f16b584dd395ce455ef468322b27f,2017-09-05 11:29:20,1,On Time,-7.0,Onetime,45.33,0.0064682353423979565,At Risk,High Risk
93805ba8be262fe253c4284751762866,2018-05-17 16:46:58,1,On Time,-10.0,Onetime,49.9,0.007120338486337041,Potential Loyalists,Low Risk
93912813ad240dc44785cf76e5250fa7,2017-10-23 11:38:18,1,On Time,0.0,Onetime,259.9,0.03708569083364723,At Risk,High Risk
939ca75cff8baa5ad59c798097fdc81a,2018-07-04 11:38:50,1,On Time,-11.0,Onetime,199.0,0.02839573865292728,Potential Loyalists,Low Risk
93a6881526f5213eacfe7e057fcb38a0,2018-03-24 11:41:24,1,On Time,-16.0,Onetime,530.0,0.07562684163844953,Potential Loyalists,Low Risk
93b4c8bdafa9877757c77b519415d274,2017-04-27 08:26:54,1,On Time,-14.0,Onetime,44.0,0.006278454777531659,At Risk,High Risk
93b592cbb89abbda7dc554c39add344e,2018-08-20 11:06:46,1,On Time,-12.0,Onetime,48.9,0.00697764633230223,Potential Loyalists,Low Risk
93b6131ab9ec17f66ed8d5104307acb9,2018-02-06 20:37:41,1,On Time,-15.0,Onetime,25.9,0.0036957267895015903,Need Attention,Medium Risk
93e2f0058eaec3d5ec8ac7788e7580ea,2017-09-29 14:44:31,1,On Time,-17.0,Onetime,69.99,0.009987023860896383,At Risk,High Risk
93ee2943387bb64b98d15c1843c65503,2018-02-06 16:17:58,1,On Time,-16.0,Onetime,47.9,0.006834954178267419,Need Attention,Medium Risk
93ef6d0d094718bcd554c569e61b2271,2017-11-18 12:28:07,1,On Time,-15.0,Onetime,0.0,0.0,At Risk,High Risk
93f420e37d92cd7518e2b6c5db4cd95c,2017-09-23 10:46:05,1,On Time,-4.0,Onetime,101.99,0.014553172790010315,At Risk,High Risk
93fa0e4424cb0c27cf32da8068c19b0d,2018-02-24 17:59:00,1,On Time,-20.0,Onetime,28.14,0.004015357214539566,Need Attention,Medium Risk
940479e512430562ff270c006915e19d,2017-11-26 14:08:44,1,Has Delays,19.0,Onetime,80.99,0.011556637555279296,At Risk,High Risk
94066c043a965ce8a9b413e7e3fa8692,2018-06-28 10:55:54,1,On Time,-17.0,Onetime,0.0,0.0,Potential Loyalists,Low Risk
94066d7cd0c170e588e28030789bff1c,2017-12-10 16:20:49,1,On Time,-18.0,Onetime,120.0,0.017123058484177254,Need Attention,Medium Risk
94093e4a8945e283282180e6aaae4fc3,2017-12-03 19:38:53,1,On Time,-8.0,Onetime,0.0,0.0,Need Attention,Medium Risk
940a6d4dabbb99c70905981432242887,2017-07-05 13:08:23,1,On Time,-14.0,Onetime,56.9,0.008119183564580714,At Risk,High Risk
941254873ba3ece63e297277436e4c36,2017-11-23 10:22:04,1,On Time,-16.0,Onetime,35.0,0.004994225391218366,At Risk,High Risk
941590fb8aef66b3a8352fe7c691879e,2018-06-11 15:32:06,1,On Time,-27.0,Onetime,149.98,0.021400969262140867,Potential Loyalists,Low Risk
9438aac4d0e7d43bf01d7c06b704c286,2018-02-23 14:59:08,1,On Time,-8.0,Onetime,30.5,0.004352110698061718,Need Attention,Medium Risk
943f97d1d9328970b78dbb3202a605ce,2017-10-08 11:39:39,1,On Time,-22.0,Onetime,188.0,0.026826124958544362,At Risk,High Risk
944ebaf47533d6dea79235f8a6553f6c,2018-02-27 12:30:35,1,On Time,-14.0,Onetime,0.0,0.0,Need Attention,Medium Risk
9459c6a0c2fac25ee571ab4d9f18757b,2017-06-30 21:48:50,1,On Time,-13.0,Onetime,55.13,0.0078666184519391,At Risk,High Risk
945c243464dad8e6b0d9d04ac9a03b7f,2018-02-15 12:21:20,1,On Time,-14.0,Onetime,100.0,0.014269215403481044,Need Attention,Medium Risk
94712531d11aaf8c9dd6732d10e46a7d,2018-08-03 01:10:33,1,On Time,-6.0,Onetime,27.9,0.0039811110975712105,Potential Loyalists,Low Risk
947a5da60e834a0492f55ad6e139a9d3,2017-09-18 13:46:42,1,On Time,-10.0,Onetime,34.9,0.004979956175814883,At Risk,High Risk
947e93a9bb28256adebe49f78cff07ad,2017-05-31 17:06:39,1,On Time,-19.0,Onetime,34.9,0.004979956175814883,At Risk,High Risk
94819c1119bcbb29d414ac33b904e82d,2018-04-04 08:39:50,1,On Time,-16.0,Onetime,109.9,0.01568186772842567,Potential Loyalists,Low Risk
9498e44851963cbd2eec39bb80e3f33e,2018-06-09 13:22:37,1,On Time,-10.0,Onetime,0.0,0.0,Potential Loyalists,Low Risk
949921a7831eb8901f75baf57d1853bf,2017-05-25 12:51:37,1,On Time,-5.0,Onetime,0.0,0.0,At Risk,High Risk
949b75abf6fdda78201547bf5f4c07f5,2018-08-02 22:09:44,1,On Time,-4.0,Onetime,0.0,0.0,Potential Loyalists,Low Risk
94a19681bf6faa3c6ce3e2df1c2d97cb,2017-09-24 20:25:49,1,On Time,-14.0,Onetime,239.6,0.03418904010674058,At Risk,High Risk
94b39f740e201c88cd840c953ec4b48e,2018-01-26 17:36:28,1,On Time,-18.0,Onetime,59.7,0.008518721595878184,Need Attention,Medium Risk
94ba28dc43c39def8999885a3672a0d7,2017-04-29 17:19:05,1,On Time,-24.0,Onetime,0.0,0.0,At Risk,High Risk
94c8b4de468c39e3e5f5ceb05345b166,2017-07-29 11:14:49,1,Has Delays,2.0,Onetime,0.0,0.0,At Risk,High Risk
94e024f6fbb931bf320b49b2827d10f7,2017-06-01 21:09:51,1,On Time,-7.0,Onetime,59.99,0.008560102320548277,At Risk,High Risk
94e1021adca360fa21be9b9f5b18bd24,2017-08-28 18:04:17,1,On Time,-10.0,Onetime,79.9,0.011401103107381355,At Risk,High Risk
94e3e2f4ff1bd3ba83d94f830df75ab4,2018-06-14 15:46:27,1,On Time,-17.0,Onetime,190.0,0.027111509266613983,Potential Loyalists,Low Risk
94e5ea5a8c1bf546db2739673060c43f,2016-10-05 21:10:56,1,On Time,-29.0,Onetime,54.9,0.007833799256511093,At Risk,High Risk
94e89532396b3c02f648b2bc7f93f528,2017-12-15 23:33:32,1,On Time,-13.0,Onetime,159.9,0.02281647543016619,Need Attention,Medium Risk
94f3234a77f2f5b239ab74865a193724,2018-06-21 09:22:11,1,On Time,-38.0,Onetime,124.9,0.017822250038947825,Potential Loyalists,Low Risk
94f48c018010de09d9c471e5d819ea05,2018-02-12 23:11:00,1,On Time,-9.0,Onetime,24.99,0.0035658769293299124,Need Attention,Medium Risk
94fd3be3efb7f99e4b29fbc55faa7a11,2018-08-15 21:08:32,1,On Time,-6.0,Onetime,105.99,0.015123941406149557,Potential Loyalists,Low Risk
94fdafcf69db6416119442dede9c2c87,2017-12-15 13:09:39,1,On Time,-14.0,Onetime,76.89,0.010971599723736574,Need Attention,Medium Risk
9506d0f37838eb6943346ba4874834b7,2017-08-10 21:05:20,1,On Time,-12.0,Onetime,69.9,0.00997418156703325,At Risk,High Risk
950756be397d0fc73e96b1a32287cd38,2017-09-09 21:21:11,1,On Time,-14.0,Onetime,234.0,0.03338996404414564,At Risk,High Risk
9508ac36eb0d09bf42d525bd6c5980e9,2017-10-03 13:05:20,1,On Time,-7.0,Onetime,39.9,0.005693416945988936,At Risk,High Risk
950de1bbee57641b7bda4d938a44d3bc,2017-08-14 12:11:55,1,On Time,-8.0,Onetime,79.9,0.011401103107381355,At Risk,High Risk
9511a8b6963aabf3f8c18a4963176fc0,2017-09-21 20:55:09,1,On Time,-21.0,Onetime,36.9,0.005265340483884505,At Risk,High Risk
95160caf14611a705759de6bf13555b6,2017-07-16 22:46:54,1,Has Delays,2.0,Onetime,119.9,0.017108789268773773,At Risk,High Risk
9526faf43eb079ae6eb94cd2fd8982c6,2017-01-22 16:10:09,1,On Time,-17.0,Onetime,0.0,0.0,At Risk,High Risk
952c5cea601c077ed3c16fd51c7ab7e6,2017-03-22 09:57:27,1,On Time,-14.0,Onetime,0.0,0.0,At Risk,High Risk
9532739f71e34aebe8bb016543c78d86,2017-08-02 12:57:27,1,On Time,-10.0,Onetime,365.8,0.05219678994593366,At Risk,High Risk
95376669d92be6a7dcf0494e0b1d9917,2018-06-17 20:32:45,1,On Time,-9.0,Onetime,0.0,0.0,Potential Loyalists,Low Risk
95491ff89ba2c7099a1ecb4464310169,2017-02-11 14:45:06,1,On Time,-9.0,Onetime,0.0,0.0,At Risk,High Risk
955889da75fd1eccaa3eeffe1adc034f,2018-01-09 14:08:12,1,On Time,-16.0,Onetime,105.9,0.015111099112286426,Need Attention,Medium Risk
9565b6eb599caea334238cf517c2408b,2018-07-29 00:48:48,1,On Time,-6.0,Onetime,85.0,0.012128833092958887,Potential Loyalists,Low Risk
956abc21591ba4a89d91989597554b77,2018-04-11 12:34:56,1,On Time,-16.0,Onetime,915.0,0.13056332094185155,Potential Loyalists,Low Risk
956ea737391c0ca027592dd7aeeae027,2017-11-27 17:19:45,1,On Time,-7.0,Onetime,379.8,0.054194480102421,At Risk,High Risk
956eadf2280a25c360ccfc7b42b21313,2018-05-02 15:56:29,1,On Time,-27.0,Onetime,0.0,0.0,Potential Loyalists,Low Risk
9579b888e112b9bd13772b6ee70112e4,2018-02-25 14:17:14,1,On Time,-18.0,Onetime,69.9,0.00997418156703325,Need Attention,Medium Risk
957ba98dc871622946f935de75343edc,2018-05-08 13:37:09,1,On Time,-10.0,Onetime,64.0,0.009132297858227868,Potential Loyalists,Low Risk
959557dbcae7a894d8f61d484efc279d,2018-07-05 11:41:36,1,On Time,-8.0,Onetime,27.9,0.0039811110975712105,Potential Loyalists,Low Risk
95a1b49d1b137fb8ee99a551369363d3,2018-06-07 08:36:30,1,On Time,-38.0,Onetime,19.99,0.0028524161591558603,Potential Loyalists,Low Risk
95a1e94b0e816bb748d75ae1da8013e1,2018-03-15 22:13:17,1,On Time,-2.0,Onetime,45.99,0.0065624121640609325,Potential Loyalists,Low Risk
95ae9ff17e664d7e83d3d685e78935da,2017-05-24 10:11:27,1,On Time,-21.0,Onetime,109.9,0.01568186772842567,At Risk,High Risk
95aec963a6193f24401417870b648031,2018-07-22 22:30:05,1,On Time,-7.0,Onetime,102.0,0.014554599711550664,Potential Loyalists,Low Risk
95b4e09df0e2b9e4a38eb934dc81e51d,2018-01-10 16:47:56,1,On Time,-16.0,Onetime,97.9,0.013969561880007942,Need Attention,Medium Risk
95b621869cf337eac6bd9d42bf59c0c9,2018-07-27 13:32:22,1,On Time,-4.0,Onetime,49.91,0.0071217654078773885,Potential Loyalists,Low Risk
95c673245afd9e175e46590ea80fd159,2017-10-21 21:53:48,1,On Time,-12.0,Onetime,34.9,0.004979956175814883,At Risk,High Risk
95cc7f48ae7cfa0afebd560092cdc92e,2018-01-27 22:09:48,1,On Time,-8.0,Onetime,49.9,0.007120338486337041,Need Attention,Medium Risk
95cdf97b27ee968c78c00f794fba1adf,2018-08-12 14:52:42,1,Has Delays,2.0,Onetime,50.0,0.007134607701740522,Potential Loyalists,Low Risk
95cfb39a7e263160308a934e42cfc4e0,2017-11-19 16:12:34,1,On Time,-13.0,Onetime,59.9,0.008547260026685145,At Risk,High Risk
95d1bde8cd74ef80c3680d189531d1f9,2018-03-02 23:52:13,1,On Time,-8.0,Onetime,399.98,0.057074007770843475,Need Attention,Medium Risk
95e854450814c0600dbd930cc927a83e,2018-05-26 18:41:31,1,On Time,-22.0,Onetime,36.0,0.0051369175452531755,Potential Loyalists,Low Risk
95ef05d23244420ca3b63723517bf60d,2018-04-27 20:41:03,1,On Time,-13.0,Onetime,99.9,0.014254946188077563,Potential Loyalists,Low Risk
95f153d8bb0e8f8fe581b91d39c3aa4e,2017-11-25 12:09:38,1,On Time,-16.0,Onetime,120.0,0.017123058484177254,At Risk,High Risk
95f270e7d1d60bde8031dc0c058558e0,2017-03-21 11:33:31,1,On Time,-13.0,Onetime,30.0,0.0042807646210443135,At Risk,High Risk
96061eae11cddc402d00e19b38507268,2017-10-13 12:37:49,1,On Time,-14.0,Onetime,55.6,0.007933683764335462,At Risk,High Risk
96210b5e060ddc56b30d2625dbade4cc,2018-07-10 15:26:07,1,On Time,-5.0,Onetime,28.9,0.004123803251606021,Potential Loyalists,Low Risk
9625dbb5638f8509d01ce8a4e5708395,2017-03-04 10:37:13,1,On Time,-9.0,Onetime,72.9,0.010402258029137681,At Risk,High Risk
9627e55290c60f562fa06f399ec6b82f,2018-03-15 12:40:16,1,On Time,-9.0,Onetime,105.0,0.014982676173655096,Potential Loyalists,Low Risk
9629571615597f3820713e054a195387,2018-03-27 00:23:35,1,On Time,-12.0,Onetime,16.99,0.002424339697051429,Potential Loyalists,Low Risk
962d26025128e8e5ca4406d754e5c25f,2017-05-20 15:38:28,1,On Time,-15.0,Onetime,42.99,0.006134335701956501,At Risk,High Risk
962fad01db45c4983ba990180181894f,2018-01-10 19:19:51,1,On Time,-15.0,Onetime,0.0,0.0,Need Attention,Medium Risk
9630f071c42911730039a7e04fcea49b,2017-12-15 19:18:59,1,On Time,-7.0,Onetime,38.9,0.0055507247919541255,Need Attention,Medium Risk
963b5a699e9bba3b80c664365386e69d,2018-06-12 20:54:25,1,On Time,-13.0,Onetime,60.0,0.008561529242088627,Potential Loyalists,Low Risk
9655822fce78843a1c9fa79e6180346c,2018-08-20 20:10:03,1,On Time,-14.0,Onetime,0.0,0.0,Potential Loyalists,Low Risk
966c7d4c0641a84e8385e7344018e3bd,2018-05-28 19:15:19,1,On Time,-20.0,Onetime,65.0,0.009274990012262679,Potential Loyalists,Low Risk
9676b88a7dd5de3db5ded00d7d36f1b0,2017-05-10 14:03:27,1,Has Delays,5.0,Onetime,292.0,0.04166610897816465,At Risk,High Risk
967a0b2176d10e4fff035035b224ee04,2018-04-04 22:14:05,1,Has Delays,6.0,Onetime,569.0,0.08119183564580715,Potential Loyalists,Low Risk
967d0981ea01782db4e75741ce4c9061,2018-01-25 21:36:42,1,On Time,-11.0,Onetime,179.49,0.025611814727708127,Need Attention,Medium Risk
967eb85deeab5124df2165cdada917f3,2017-12-06 09:39:37,1,On Time,-24.0,Onetime,72.99,0.010415100323000812,Need Attention,Medium Risk
968436577c1e2073b28031261cb45a24,2018-01-04 16:54:54,1,On Time,-21.0,Onetime,73.5,0.010487873321558566,Need Attention,Medium Risk
968ca7d54afbf973815b9d332584b825,2018-03-21 15:18:40,1,On Time,-16.0,Onetime,20.0,0.002853843080696209,Potential Loyalists,Low Risk
969cdc8af5b07074766e79c1e6d76c24,2018-05-07 20:57:42,1,On Time,-18.0,Onetime,98.2,0.014012369526218385,Potential Loyalists,Low Risk
96a9a44255930061d8f6a93d4893d986,2017-12-01 11:10:55,1,On Time,-9.0,Onetime,27.19,0.003879799668206496,At Risk,High Risk
96af463b7f8aac5426aad0db88d95274,2017-10-03 10:00:51,1,On Time,-14.0,Onetime,34.2,0.004880071667990518,At Risk,High Risk
96b9e8f4f6d0a7376c9ee9e954e40897,2017-10-16 13:01:48,1,On Time,-8.0,Onetime,56.99,0.008132025858443848,At Risk,High Risk
96cdc1ea3aa898de11cf8823cf6e1524,2017-11-28 19:24:34,1,On Time,0.0,Onetime,21.15,0.0030179390578362404,At Risk,High Risk
96d0f06710800d0c4defd88cd710ceb5,2017-08-07 09:25:20,1,On Time,-18.0,Onetime,152.15,0.021710611236396407,At Risk,High Risk
96d46a4d4732662278058f25829de976,2017-11-24 19:47:22,1,On Time,-8.0,Onetime,0.0,0.0,At Risk,High Risk
96e047d0f9de88ca34c9005565fbe03e,2017-09-01 10:50:42,1,On Time,-9.0,Onetime,23.8,0.0033960732660284886,At Risk,High Risk
96e7c164f57fe5210f73c9ab17da3080,2017-04-14 11:42:19,1,On Time,-15.0,Onetime,0.0,0.0,At Risk,High Risk
96fd69e8b0df76a9a807b01dc82bef5b,2018-04-03 17:38:12,1,On Time,-12.0,Onetime,122.99,0.017549708024741335,Potential Loyalists,Low Risk
9704398cbe84e5bff3a4f84534d401b5,2017-11-03 10:58:53,1,On Time,-7.0,Onetime,45.0,0.00642114693156647,At Risk,High Risk
9705a67d7c80c572399ed29b112b3295,2018-07-07 14:45:56,1,On Time,-5.0,Onetime,107.9,0.015396483420356046,Potential Loyalists,Low Risk
9716aa0359703cd7753c5696c45823e0,2017-11-06 18:34:03,1,On Time,-8.0,Onetime,45.04,0.006426854617727862,At Risk,High Risk
971a20d854409a87231b42d25a84e08e,2018-01-26 13:47:09,1,On Time,-17.0,Onetime,25.9,0.0036957267895015903,Need Attention,Medium Risk
972982ede3727673962ae6e5ae515166,2017-10-12 20:26:33,1,On Time,-13.0,Onetime,85.0,0.012128833092958887,At Risk,High Risk
973f2fba63a7eb540f8860b0c75b63cb,2018-06-28 22:30:08,1,On Time,-12.0,Onetime,149.0,0.021261130951186754,Potential Loyalists,Low Risk
9743725ca6404a6e62af8588bd833c3b,2018-06-24 17:49:20,1,On Time,-36.0,Onetime,24.9,0.00355303463546678,Potential Loyalists,Low Risk
974444820df2071adf9a67db0a5a29d9,2017-11-02 11:01:12,1,On Time,-21.0,Onetime,37.98,0.0054194480102421,At Risk,High Risk
97486266dbd1e557a24a5044981c5a9e,2018-07-27 10:44:02,1,On Time,-14.0,Onetime,0.0,0.0,Potential Loyalists,Low Risk
9749e3b7d02a7194473d5a6784071186,2017-09-04 11:39:25,1,On Time,-11.0,Onetime,0.0,0.0,At Risk,High Risk
975da430d73b2d8b52bdb335a32b5a3f,2017-11-15 12:30:19,1,On Time,-9.0,Onetime,34.99,0.0049927984696780175,At Risk,High Risk
9767fb7a2413384345496c4ba8420ec3,2017-08-15 11:19:37,1,On Time,-22.0,Onetime,49.9,0.007120338486337041,At Risk,High Risk
976e9c3a12631871a0f102cfa256dd75,2018-08-11 13:55:18,1,On Time,-13.0,Onetime,0.0,0.0,Potential Loyalists,Low Risk
977136c10acb01bd9cecb7d18ff7d1a0,2017-02-12 18:48:56,1,On Time,-15.0,Onetime,69.98,0.009985596939356035,At Risk,High Risk
9776ff05fe105b6c7e4008a0eb87092e,2017-12-02 17:28:08,1,On Time,-21.0,Onetime,0.0,0.0,Need Attention,Medium Risk
97890020fca3adcc29f8daa54701e0dc,2017-05-05 11:11:25,1,On Time,-15.0,Onetime,34.76,0.0049599792742500105,At Risk,High Risk
978b2c4adaf76833873cf3f16c08882a,2017-07-15 12:41:12,1,On Time,-15.0,Onetime,54.9,0.007833799256511093,At Risk,High Risk
979243d8d465d002397d1e5febd19a31,2018-07-13 22:22:57,1,On Time,-6.0,Onetime,0.0,0.0,Potential Loyalists,Low Risk
97a32508ed4a9c806147d223a4e790da,2018-02-02 20:15:41,1,On Time,-20.0,Onetime,0.0,0.0,Need Attention,Medium Risk
97a3b28926cd362da0d9d395c349a35a,2018-05-11 16:59:46,1,On Time,-21.0,Onetime,0.0,0.0,Potential Loyalists,Low Risk
97a502d1eddd99e0765df4eebc950f31,2017-02-24 15:50:47,1,On Time,-14.0,Onetime,119.69999999999999,0.017080250837966805,At Risk,High Risk
97a8c192968ddbded45b8fc64563ac3e,2018-07-30 18:34:42,1,On Time,-6.0,Onetime,139.9,0.01996263234946998,Potential Loyalists,Low Risk
97ac5fe4d72f6aaca9ec00719a576068,2018-04-02 09:12:17,1,On Time,-8.0,Onetime,49.0,0.006991915547705711,Potential Loyalists,Low Risk
97cce9cfd565d0c7710a453ee93e220d,2018-08-11 23:30:33,1,On Time,-15.0,Onetime,0.0,0.0,Potential Loyalists,Low Risk
97d25181e5b9212f6b4c9c92c94dc120,2018-05-21 13:54:10,1,On Time,-4.0,Onetime,150.0,0.021403823105221566,Potential Loyalists,Low Risk
97d5a3c222d46b035442bcbcd810d54d,2017-04-09 17:54:27,1,On Time,-27.0,Onetime,54.98,0.007845214628833877,At Risk,High Risk
97dd5524d445fd04185c13245af4e173,2018-06-04 13:27:48,1,On Time,-29.0,Onetime,15.19,0.0021674938197887707,Potential Loyalists,Low Risk
97de814c468893e08c96ec1575ff80f1,2017-11-17 13:12:46,1,On Time,-13.0,Onetime,0.0,0.0,At Risk,High Risk
97e00e9db261b8a8d4ae6aebca9b7af9,2018-06-28 21:05:58,1,On Time,-21.0,Onetime,34.9,0.004979956175814883,Potential Loyalists,Low Risk
97e1761b97da48fb11d3c8e1ed9be8dc,2018-08-24 14:37:50,1,On Time,-11.0,Onetime,39.0,0.005564994007357607,Potential Loyalists,Low Risk
97e4680fd417043d7572a032e5cad15e,2018-02-08 10:50:20,1,On Time,-19.0,Onetime,89.9,0.012828024647729459,Need Attention,Medium Risk
97f104e8e54ef4147d17fc1536a1482c,2018-03-01 22:14:26,1,On Time,-17.0,Onetime,535.9,0.0764687253472549,Need Attention,Medium Risk
97f7109a3e97ce0599ed97792845e21b,2017-05-15 11:20:05,1,On Time,-4.0,Onetime,0.0,0.0,At Risk,High Risk
980097869b622b2054accc551ed1c86f,2017-11-20 12:49:02,1,On Time,-10.0,Onetime,119.6,0.017065981622563325,At Risk,High Risk
980bce54f940bb95618bad4f0734f7dc,2018-06-18 15:20:40,1,On Time,-20.0,Onetime,91.55,0.013063466701886895,Potential Loyalists,Low Risk
98104cabacc1799825ebdd3932df84d3,2017-04-09 15:50:04,1,On Time,-28.0,Onetime,0.0,0.0,At Risk,High Risk
981146523d8e000b77f1b136643bb776,2018-08-25 22:17:18,1,On Time,-23.0,Onetime,155.0,0.02211728387539562,Potential Loyalists,Low Risk
982f532d3e8e8177c57361a39d1b1492,2018-04-12 14:05:08,1,On Time,0.0,Onetime,49.99,0.007133180780200174,Potential Loyalists,Low Risk
9835179d41a3cd33cf230e728fe85798,2018-04-10 22:48:52,1,On Time,-8.0,Onetime,79.0,0.011272680168750025,Potential Loyalists,Low Risk
983a8046e2c04b5b3afb5ff0faf19c29,2017-03-24 12:59:22,1,On Time,-14.0,Onetime,84.99,0.012127406171418538,At Risk,High Risk
9849752e9f7a2aa67acc5ec6a5eb4725,2017-08-24 19:35:00,1,On Time,-13.0,Onetime,89.9,0.012828024647729459,At Risk,High Risk
985193cef819fb723765f65bb2cb0379,2018-02-12 14:04:30,1,On Time,-25.0,Onetime,29.9,0.004266495405640831,Need Attention,Medium Risk
985af5bb63fa1d56ea5558469a527048,2018-03-08 12:51:13,1,Has Delays,12.0,Onetime,83.7,0.011943333292713633,Potential Loyalists,Low Risk
9862ce221e3e2761a216c537d75d0256,2018-06-03 09:59:42,1,On Time,-28.0,Onetime,399.0,0.05693416945988936,Potential Loyalists,Low Risk
986ce405ebbdc4183571a1e297e54460,2018-02-25 13:02:15,1,Has Delays,4.0,Onetime,59.9,0.008547260026685145,Need Attention,Medium Risk
986d4433885f533fdcde85845bb9a39f,2018-06-14 09:54:22,1,On Time,-19.0,Onetime,135.0,0.01926344079469941,Potential Loyalists,Low Risk
9873d2120338fb542090bc123fe5c47f,2017-12-13 21:00:47,1,On Time,-2.0,Onetime,69.2,0.009874297059208881,Need Attention,Medium Risk
987b693e3cf5a2dcd21f362a50d8f1b7,2018-05-04 16:43:30,1,On Time,-14.0,Onetime,64.99,0.00927356309072233,Potential Loyalists,Low Risk
9883b261732b8f3e389e6b2e66e3898c,2017-05-11 20:29:29,1,On Time,-21.0,Onetime,145.0,0.020690362335047514,At Risk,High Risk
98913af5f5f0060d8cf2f25f5bc8d767,2018-06-20 21:03:59,1,On Time,-11.0,Onetime,0.0,0.0,Potential Loyalists,Low Risk
989678100dbad0f75fedaa8719e17009,2017-11-24 00:43:01,1,Has Delays,30.0,Onetime,0.0,0.0,At Risk,High Risk
989f190ff791de092cea2eab70bdd2af,2017-07-16 13:16:45,1,On Time,-8.0,Onetime,0.0,0.0,At Risk,High Risk
98af3235f3dc55bc74cb8932c64b3523,2018-04-22 14:26:17,1,On Time,-4.0,Onetime,102.9,0.014683022650181994,Potential Loyalists,Low Risk
98b69c34f0422d2e025280b55531166e,2017-08-20 20:11:55,1,On Time,-21.0,Onetime,0.0,0.0,At Risk,High Risk
98c119f8f9c3bc5cce350b820bca3d43,2018-08-01 14:42:31,1,On Time,-1.0,Onetime,35.0,0.004994225391218366,Potential Loyalists,Low Risk
98cc69c83f043dde125b693786c0a7d8,2018-01-14 11:54:03,1,On Time,-8.0,Onetime,13.65,0.0019477479025751625,Need Attention,Medium Risk
98d609d0160c8510c762a70ca0ed4c8e,2018-06-28 10:56:25,1,On Time,-13.0,Onetime,66.0,0.009417682166297488,Potential Loyalists,Low Risk
98ebd9f03682fedae27483d82a18f4f4,2017-09-26 17:20:07,1,On Time,-14.0,Onetime,85.9,0.012257256031590218,At Risk,High Risk
98f314d32dfef1780dcb6a6dc3d81413,2018-07-16 21:37:24,1,On Time,-14.0,Onetime,117.9,0.01682340496070415,Potential Loyalists,Low Risk
98fc5953df36cdfa978a40098b8589e3,2017-03-21 21:40:41,1,On Time,-7.0,Onetime,249.99,0.03567161158716226,At Risk,High Risk
98fe78f31c97fe5bea79c47254f5d13e,2017-05-03 16:07:37,1,On Time,-9.0,Onetime,49.0,0.006991915547705711,At Risk,High Risk
99017f566137456809aa814be29cfe2f,2018-06-25 14:09:03,1,On Time,-21.0,Onetime,47.9,0.006834954178267419,Potential Loyalists,Low Risk
990302c82284e848fd5985e4f0c917ad,2018-07-11 19:25:07,1,On Time,-7.0,Onetime,53.99,0.007703949396339416,Potential Loyalists,Low Risk
9906d68107dde940843a1f3bbd3716ef,2018-06-28 20:25:25,1,On Time,-18.0,Onetime,89.7,0.012799486216922496,Potential Loyalists,Low Risk
9915eb9f74b6c11aaf04833f65b00e93,2017-10-12 13:33:22,1,On Time,-13.0,Onetime,895.0,0.12770947786115533,At Risk,High Risk
991b34b2a28841c492dd1f8567935ced,2017-11-16 23:40:17,1,On Time,-14.0,Onetime,35.9,0.005122648329849695,At Risk,High Risk
99295d295510266e4145b6c536cac816,2017-06-02 14:00:19,1,On Time,-23.0,Onetime,149.99,0.02140239618368122,At Risk,High Risk
9935b7e2683de890a208026f020e54d3,2018-01-07 22:52:49,1,On Time,-15.0,Onetime,109.9,0.01568186772842567,Need Attention,Medium Risk
993d9a0e5fd88247da657a4c85fe72b0,2017-10-09 18:47:07,1,On Time,-16.0,Onetime,0.0,0.0,At Risk,High Risk
993ee523f5ef786892a3d1166ba05238,2018-05-10 12:34:52,1,On Time,-16.0,Onetime,145.0,0.020690362335047514,Potential Loyalists,Low Risk
9949e007c1f037474a3423372cccb701,2017-06-17 13:16:44,1,On Time,-15.0,Onetime,0.0,0.0,At Risk,High Risk
995fe9426f030109b1614044edaf46d9,2018-03-29 14:29:44,1,On Time,-12.0,Onetime,159.99,0.022829317724029324,Potential Loyalists,Low Risk
9976a6eff003bbc0280a428ed781f0e1,2018-07-17 09:42:13,1,On Time,-8.0,Onetime,0.0,0.0,Potential Loyalists,Low Risk
99aa844e1dfbb94ee8ea9301de8cbe25,2018-06-27 10:20:51,1,On Time,-15.0,Onetime,0.0,0.0,Potential Loyalists,Low Risk
99b8ee09d642ffedf091951a7235faa0,2017-06-19 16:11:57,1,On Time,-20.0,Onetime,39.8,0.005679147730585455,At Risk,High Risk
99bd83b8cefdaa2b4b9e24df303999e5,2017-11-24 11:54:58,1,On Time,-13.0,Onetime,19.99,0.0028524161591558603,At Risk,High Risk
99be275a1517effe1613cc37360c2b9a,2018-03-26 22:44:01,1,On Time,-36.0,Onetime,32.9,0.0046945718677452635,Potential Loyalists,Low Risk
99d088ea6bb01bd16675ea4fab8a753a,2018-04-26 08:42:36,1,On Time,-16.0,Onetime,71.3,0.010173950582681984,Potential Loyalists,Low Risk
99d697dd68fad729283560abe0adae43,2018-01-10 09:04:09,1,On Time,-22.0,Onetime,119.0,0.01698036633014244,Need Attention,Medium Risk
99da07e0f4c905ababa637f19e0840e0,2017-05-07 19:13:36,1,On Time,-14.0,Onetime,53.8,0.007676837887072801,At Risk,High Risk
99ecf7e96d410a094bc95f5d3cb9d98f,2017-11-26 03:42:06,1,On Time,-17.0,Onetime,99.0,0.014126523249446233,At Risk,High Risk
99f4235bb5deb521b806dc9e5d30e163,2018-08-13 10:55:44,1,On Time,-14.0,Onetime,107.99,0.01540932571421918,Potential Loyalists,Low Risk
99f8895e8d1d341a655d0800cb5590f9,2018-01-10 13:58:09,1,On Time,-15.0,Onetime,89.0,0.012699601709098129,Need Attention,Medium Risk
9a319f1eb77772538793b60e5834c1ca,2018-03-11 21:03:00,1,On Time,-7.0,Onetime,0.0,0.0,Potential Loyalists,Low Risk
9a401204217ee04e12b8f097f80bbfd8,2018-01-28 19:45:40,1,On Time,-19.0,Onetime,0.0,0.0,Need Attention,Medium Risk
9a47f3ac5c51599a24bb848c16ece5f4,2017-01-22 14:09:03,1,On Time,-17.0,Onetime,636.0,0.09075220996613943,At Risk,High Risk
9a481c845f8bf3fb0b9f4520f11c353e,2018-03-26 17:29:38,1,On Time,-34.0,Onetime,149.9,0.021389553889818086,Potential Loyalists,Low Risk
9a58c55c10b4eb6c69fb0874d8beb466,2017-08-01 18:17:41,1,On Time,-13.0,Onetime,29.99,0.0042793376995039645,At Risk,High Risk
9a6032bc6bbfbf84eb4d55660786ce17,2018-03-06 14:21:57,1,On Time,-11.0,Onetime,49.9,0.007120338486337041,Potential Loyalists,Low Risk
9a84c5a0f9cc7cf180789ceb14b11770,2018-03-10 20:42:39,1,On Time,-2.0,Onetime,0.0,0.0,Potential Loyalists,Low Risk
9a8744d068311f65b559ae7a2ebbdeae,2018-07-12 00:07:11,1,On Time,-7.0,Onetime,0.0,0.0,Potential Loyalists,Low Risk
9a9badb989982a799ee01e6ae061c19a,2018-04-12 20:51:03,1,On Time,-19.0,Onetime,58.0,0.008276144934019005,Potential Loyalists,Low Risk
9a9ca2ba7c7df7918e058df64a36c739,2018-06-24 11:32:26,1,On Time,-18.0,Onetime,119.99,0.017121631562636904,Potential Loyalists,Low Risk
9aa5b032a9157594cda43b16a832f738,2018-02-02 15:26:38,1,On Time,-17.0,Onetime,179.49,0.025611814727708127,Need Attention,Medium Risk
9aaa6812e0daefa1f7edd5f772297d2e,2018-05-01 18:10:20,1,On Time,-12.0,Onetime,0.0,0.0,Potential Loyalists,Low Risk
9aace06a372bf894a10503c19033c2ec,2017-10-09 08:49:32,1,On Time,-15.0,Onetime,388.9,0.055492978704137774,At Risk,High Risk
9aae8213ff9bc04cc3ce48b85f43a173,2018-05-27 18:21:21,1,On Time,-17.0,Onetime,158.0,0.02254536033750005,Potential Loyalists,Low Risk
9abcde7f53b638ba7990754105e300a0,2018-02-08 23:20:32,1,On Time,-8.0,Onetime,109.8,0.015667598513022185,Need Attention,Medium Risk
9ac15e6f0d402baa3170705de3d4590f,2017-12-14 12:29:18,1,On Time,-7.0,Onetime,27.99,0.003993953391434344,Need Attention,Medium Risk
9ad4f9335cac4ef80ebf85ce93dee011,2017-04-06 10:21:23,1,On Time,-21.0,Onetime,69.0,0.00984575862840192,At Risk,High Risk
9ae6321b0e75c59cbac8fade4ef69544,2018-04-30 21:19:21,1,On Time,-15.0,Onetime,189.99,0.027110082345073633,Potential Loyalists,Low Risk
9af22c5b50d36322428116c8be953928,2018-03-27 12:43:20,1,On Time,-17.0,Onetime,0.0,0.0,Potential Loyalists,Low Risk
9af5c954a7ab7b453446a4dceaa18de7,2017-09-19 16:44:34,1,On Time,-17.0,Onetime,0.0,0.0,At Risk,High Risk
9b11e010850a4045d2da80c7783fdbd1,2018-06-07 13:53:52,1,On Time,-32.0,Onetime,3198.0,0.4563295086033238,Potential Loyalists,Low Risk
9b1b3039181a4ab244ef97c27a825a26,2018-04-15 15:25:22,1,On Time,-24.0,Onetime,89.99,0.01284086694159259,Potential Loyalists,Low Risk
9b390e923bbf7e3edc2bcb93d8707355,2018-03-29 20:53:48,1,On Time,0.0,Onetime,112.0,0.015981521251898768,Potential Loyalists,Low Risk
9b4496ef27f4b987ed84d49a0386c28b,2018-04-06 18:05:05,1,On Time,-19.0,Onetime,99.0,0.014126523249446233,Potential Loyalists,Low Risk
9b475216704f39cb18ce448648b995e1,2018-08-10 12:48:28,1,On Time,-10.0,Onetime,92.9,0.01325610110983389,Potential Loyalists,Low Risk
9b4f9870718fc9f864d7d5494d91f477,2017-12-08 14:14:16,1,On Time,-8.0,Onetime,0.0,0.0,Need Attention,Medium Risk
9b63dad3d78b17032fe82c25b368be51,2017-04-26 14:43:21,1,On Time,-8.0,Onetime,89.0,0.012699601709098129,At Risk,High Risk
9b74eb2e52bbbb88985c2fb43e02beae,2018-08-17 15:22:25,1,On Time,-36.0,Onetime,102.88,0.014680168807101296,Potential Loyalists,Low Risk
9b76c588a7a8d495bce4f71d2559d3ee,2017-04-13 08:45:32,1,On Time,-19.0,Onetime,99.9,0.014254946188077563,At Risk,High Risk
9b7c8e3942cbe4bbd22debbb13c2199b,2017-12-12 14:41:34,1,On Time,-14.0,Onetime,50.9,0.00726303064037185,Need Attention,Medium Risk
9b82602fc3e9a153752f16553752d58d,2018-07-25 10:16:15,1,On Time,-23.0,Onetime,238.1,0.03397500187568836,Potential Loyalists,Low Risk
9b953c95d48d666d4a7da3aec936f1ab,2018-01-23 10:15:38,1,On Time,-24.0,Onetime,293.5,0.041880147209216866,Need Attention,Medium Risk
9ba6f0967ff9aede8d95fba7c2ac54ef,2017-03-30 21:59:17,1,On Time,-12.0,Onetime,34.9,0.004979956175814883,At Risk,High Risk
9ba98a3b2aa42ee6dcb06da4ef7733c5,2018-01-22 19:19:21,1,On Time,-19.0,Onetime,79.0,0.011272680168750025,Need Attention,Medium Risk
9bb0ec72e0fc4088b5eacfeec3dd3bc7,2017-12-05 00:06:40,1,On Time,-21.0,Onetime,75.0,0.010701911552610783,Loyal Customers,Low Risk
9bde5e93c160f40d85e89f0279a23a29,2018-05-02 22:55:12,1,On Time,-8.0,Onetime,39.99,0.00570625923985207,Loyal Customers,Low Risk
9be157b99745700816546b2595668259,2018-02-11 19:47:15,1,On Time,-6.0,Onetime,0.0,0.0,Loyal Customers,Low Risk
9be795e932593ec0c21cdfa19799b5cf,2017-09-27 11:50:27,1,On Time,-8.0,Onetime,43.0,0.006135762623496849,At Risk,High Risk
9be9d6e41cd2cc9833c427f13ac6bdda,2018-01-26 11:21:04,1,On Time,-18.0,Onetime,124.99,0.017835092332810956,Loyal Customers,Low Risk
9bed676175d3561a1610ac36f878be37,2017-10-13 11:59:28,1,On Time,-12.0,Onetime,0.0,0.0,At Risk,High Risk
9bee7cfdef5ae8cc38f95568d8aaa499,2017-10-23 21:44:36,1,On Time,-13.0,Onetime,0.0,0.0,At Risk,High Risk
9bef45d7ac9f669b72c4360f2e4bc4c1,2018-03-20 13:03:41,1,On Time,-5.0,Onetime,109.9,0.01568186772842567,Champions,Low Risk
9bff67cbd491a775eb1e262b778da4e6,2017-12-28 11:27:49,1,On Time,0.0,Onetime,149.0,0.021261130951186754,Loyal Customers,Low Risk
9c1c77b7686a68db196d382910e75d10,2018-08-02 20:27:24,1,On Time,-9.0,Onetime,0.0,0.0,Loyal Customers,Low Risk
9c215284b65ecf4f6c88edaa22cf1eb0,2018-03-07 14:31:46,1,On Time,-9.0,Onetime,193.0,0.02753958572871841,Champions,Low Risk
9c24e88d9c048db2933562f4457dae3a,2017-11-26 17:58:43,1,On Time,-16.0,Onetime,99.0,0.014126523249446233,At Risk,High Risk
9c33af5031131ab2acbc8fe5619340d4,2018-01-18 11:15:02,1,On Time,-20.0,Onetime,89.0,0.012699601709098129,Loyal Customers,Low Risk
9c36eedc9de64614cf76d7212fe1c919,2018-02-22 12:45:26,1,Has Delays,45.0,Onetime,100.0,0.014269215403481044,Loyal Customers,Low Risk
9c3b8b30a6b28a14aa21e3ecaf2fadf8,2017-07-25 17:28:52,1,On Time,-5.0,Onetime,0.0,0.0,At Risk,High Risk
9c4220872289f4e0239410f49e02e189,2018-05-27 03:04:57,1,On Time,-8.0,Onetime,79.9,0.011401103107381355,Loyal Customers,Low Risk
9c626519e11c8495151eebbb6849cae5,2018-03-18 19:47:29,1,On Time,-5.0,Onetime,0.0,0.0,Loyal Customers,Low Risk
9c69d28b1246f9a2d39c641bb4074544,2018-06-16 20:30:14,1,On Time,-21.0,Onetime,105.0,0.014982676173655096,Champions,Low Risk
9c6f374501444b54a26449766b9ac301,2018-01-29 11:24:25,1,On Time,-7.0,Onetime,0.0,0.0,Loyal Customers,Low Risk
9c726dd74d402358614b097f18aa4a69,2018-06-25 21:15:58,1,On Time,-13.0,Onetime,55.0,0.007848068471914575,Loyal Customers,Low Risk
9c799fbb60c13bcd545925514dcfcbad,2017-06-12 23:00:43,1,On Time,-11.0,Onetime,69.9,0.00997418156703325,At Risk,High Risk
9c7bc34fa4b2fd8e3f132a6337ba8828,2017-11-15 11:41:07,1,On Time,-8.0,Onetime,119.8,0.01709452005337029,At Risk,High Risk
9c7e7551b620fca261fa19ba196fd97c,2018-04-04 15:08:43,1,On Time,-26.0,Onetime,0.0,0.0,Loyal Customers,Low Risk
9c7e78f00bcba203b8a9d4fc5be7fb72,2018-04-16 10:16:00,1,On Time,-12.0,Onetime,59.99,0.008560102320548277,Loyal Customers,Low Risk
9c9242ad7f1b52d926ea76778e1c0c57,2018-08-09 11:44:40,1,On Time,-4.0,Onetime,0.0,0.0,Loyal Customers,Low Risk
9c9ac56ba685050163c38688a26ba66b,2017-05-24 15:41:44,1,On Time,-12.0,Onetime,269.9,0.038512612373995336,At Risk,High Risk
9c9c09ee9270bcacbcf4adec6aa1452c,2017-12-14 09:36:10,1,On Time,-14.0,Onetime,45.9,0.006549569870197798,Loyal Customers,Low Risk
9c9cef121cb812cb301babddc2d8331e,2018-02-19 20:31:09,1,On Time,-4.0,Onetime,27.9,0.0039811110975712105,Loyal Customers,Low Risk
9c9db9057b02a4a1eb0d79e7caa1120f,2017-07-28 19:45:50,1,On Time,-10.0,Onetime,69.9,0.00997418156703325,At Risk,High Risk
9ca1922fbd76be0c0045625cf3f04daa,2017-02-12 15:12:12,1,On Time,-26.0,Onetime,0.0,0.0,At Risk,High Risk
9cc4ffe9017eb8c8a33ec9b04d573f15,2017-05-26 15:26:26,1,On Time,-13.0,Onetime,240.0,0.03424611696835451,At Risk,High Risk
9cc5a07f169a1606fd347a56683e6ea6,2017-12-13 21:34:31,2,On Time,-14.0,Repeated,135.9,0.01939186373333074,Champions,Low Risk
9ccff5067614ac5510320fed6e4dda46,2017-01-25 16:57:30,1,On Time,-18.0,Onetime,59.9,0.008547260026685145,At Risk,High Risk
9cddd5e19cf32df589743ca041498b8f,2018-07-08 11:10:22,1,On Time,-4.0,Onetime,114.9,0.01639532849859972,Champions,Low Risk
9ce65b8b5abf4f8eb9c36d54903bf746,2017-12-04 17:49:44,1,On Time,-2.0,Onetime,0.0,0.0,Loyal Customers,Low Risk
9cf09239ed6ade14a7a589a75c3e0706,2018-01-24 15:55:19,1,On Time,-20.0,Onetime,45.9,0.006549569870197798,Loyal Customers,Low Risk
9d0755875c89125946b738c348527509,2017-08-30 14:24:18,1,On Time,-17.0,Onetime,29.9,0.004266495405640831,At Risk,High Risk
9d24f678ee98bb5e947d54918a6447f6,2018-08-16 10:27:30,1,On Time,-1.0,Onetime,199.08,0.028407154025250063,Champions,Low Risk
9d493b6fed36dd8659da595caf65f112,2018-08-11 16:42:36,1,On Time,-14.0,Onetime,0.0,0.0,Loyal Customers,Low Risk
9d4ed7a07028101c01a9c4f9c11ee26b,2018-05-15 13:01:12,1,On Time,-15.0,Onetime,166.0,0.023686897569778532,Champions,Low Risk
9d62781deeb1060adc0f47a86d4a2ef3,2017-05-05 23:41:13,1,On Time,-13.0,Onetime,104.9,0.014968406958251615,At Risk,High Risk
9d687a1e1a93c3d1788eaf38b05e0040,2017-05-23 15:28:58,1,On Time,-11.0,Onetime,99.9,0.014254946188077563,At Risk,High Risk
9d7a7819f035595c50c85e4ec22308d0,2017-11-03 12:45:33,1,On Time,-17.0,Onetime,0.0,0.0,At Risk,High Risk
9d88bce9ca826ebe1fd91212f8eab138,2018-06-19 14:58:03,1,On Time,-21.0,Onetime,246.0,0.03510226989256337,Champions,Low Risk
9d8f733fc90d46cc6aaf3252cfcb1545,2018-02-12 11:14:40,1,Has Delays,4.0,Onetime,65.99,0.00941625524475714,Loyal Customers,Low Risk
9d962709ced8c31f3b89ac1cadab00ba,2017-07-16 15:21:38,1,On Time,-6.0,Onetime,149.99,0.02140239618368122,At Risk,High Risk
9d9ab3b77f0416765b3fbedf94a942a4,2017-08-31 08:15:24,1,On Time,-16.0,Onetime,0.0,0.0,At Risk,High Risk
9d9e66e0aa0c3e3679f222b49308ef46,2018-06-03 10:28:43,1,On Time,-31.0,Onetime,23.9,0.003410342481431969,Loyal Customers,Low Risk
9da098e9a3edd7f640205f03a340a821,2018-05-23 14:21:17,1,On Time,-16.0,Onetime,149.99,0.02140239618368122,Champions,Low Risk
9da3069306d3a92c5c835bcfa0610d27,2017-02-02 09:23:41,1,On Time,-20.0,Onetime,79.9,0.011401103107381355,At Risk,High Risk
9dadf198dd249e1f37323eab5c877c20,2017-08-11 08:41:43,1,On Time,-20.0,Onetime,49.95,0.007127473094038782,At Risk,High Risk
9db1efe7f18219fb291bbd05354d5ccc,2018-02-25 12:13:36,1,On Time,-13.0,Onetime,29.0,0.004138072467009503,Loyal Customers,Low Risk
9db9c8afd749185bdf80b8875b526ac7,2017-08-02 14:17:13,1,On Time,-9.0,Onetime,45.9,0.006549569870197798,At Risk,High Risk
9dc44558922ff57d14d99f20d37f440f,2017-06-18 22:03:52,1,On Time,-18.0,Onetime,0.0,0.0,At Risk,High Risk
9dc8eb1c074074a8bbb0f812d00d9875,2018-04-11 12:44:12,1,On Time,-15.0,Onetime,65.9,0.00940341295089401,Loyal Customers,Low Risk
9dd4d52032202084a2937f867ece4dba,2018-02-03 23:27:28,1,On Time,-13.0,Onetime,84.9,0.012114563877555407,Loyal Customers,Low Risk
9dddffdd447ab3aa654122a6a1049906,2017-01-26 16:25:36,1,On Time,-14.0,Onetime,0.0,0.0,At Risk,High Risk
9df377601c20eda92b30f91d76204900,2018-02-25 19:10:41,1,On Time,-15.0,Onetime,60.0,0.008561529242088627,Loyal Customers,Low Risk
9dfb7929049455ca5ecd4b7d154b84f7,2018-06-20 02:49:42,1,On Time,-19.0,Onetime,189.0,0.026968817112579174,Champions,Low Risk
9e0c06f4607e8d1c8b1bb5419446c5b9,2018-07-02 12:54:20,1,On Time,-19.0,Onetime,66.39,0.009473332106371066,Loyal Customers,Low Risk
9e1a887900d571126078e1c10e3d9cf1,2018-04-24 10:44:01,1,On Time,-19.0,Onetime,95.0,0.013555754633306992,Champions,Low Risk
9e1fb6b16c75bcaecc2ee20b775ef613,2017-02-20 20:20:06,1,On Time,-23.0,Onetime,39.9,0.005693416945988936,At Risk,High Risk
9e212e7b5a0904360d7c0b1378e8ad38,2017-07-20 10:11:42,1,On Time,-16.0,Onetime,279.0,0.03981111097571211,At Risk,High Risk
9e31af3a959762dbcb33efebc315745e,2017-05-28 13:55:44,1,On Time,-21.0,Onetime,89.9,0.012828024647729459,At Risk,High Risk
9e3240b06a61c22ca74a37f945a3c21d,2018-02-26 16:50:02,1,On Time,-10.0,Onetime,54.0,0.007705376317879763,Loyal Customers,Low Risk
9e59404a9868b5fdfe293667404c9a40,2018-02-26 10:30:52,1,On Time,-13.0,Onetime,54.9,0.007833799256511093,Loyal Customers,Low Risk
9e5e6c3acbc7ee451dd52c0cddb575f4,2018-01-29 21:03:16,1,On Time,-15.0,Onetime,74.89,0.010686215415666953,Loyal Customers,Low Risk
9e651745bfd1fd007bed5a7053561a82,2017-11-24 09:38:22,1,On Time,-2.0,Onetime,74.9,0.010687642337207303,At Risk,High Risk
9e669f3ab89dd4e2fd37ae56ee419623,2018-06-05 20:29:13,1,On Time,-28.0,Onetime,180.4,0.025741664587879805,Champions,Low Risk
9e68775971541ca8a79b6fce848e7aee,2017-11-05 19:54:45,1,On Time,-10.0,Onetime,121.9,0.017394173576843395,At Risk,High Risk
9e7a39dbb0cf16617bd4bf207c32989f,2017-03-01 18:29:06,1,On Time,-25.0,Onetime,110.0,0.01569613694382915,At Risk,High Risk
9e8876439507a7c603809927dd6ef09d,2017-09-25 09:48:34,1,On Time,-9.0,Onetime,59.9,0.008547260026685145,At Risk,High Risk
9e89d2232df792cde636a47212a9f2bb,2017-06-25 17:27:43,1,On Time,-12.0,Onetime,109.9,0.01568186772842567,At Risk,High Risk
9ea65227cfac84dd2778bc0315dd8f10,2018-08-23 20:38:24,1,On Time,-6.0,Onetime,99.9,0.014254946188077563,Champions,Low Risk
9eb2218c0035fc7d6c62ae7e0c384c46,2018-03-23 13:40:32,1,On Time,-9.0,Onetime,0.0,0.0,Loyal Customers,Low Risk
9eb98592b8f2aad88bc937c857ea9a35,2017-04-15 23:53:50,1,On Time,-18.0,Onetime,26.9,0.0038384189435364006,At Risk,High Risk
9ed19e34d278749a58db6f4659f679b1,2018-04-26 11:59:05,1,On Time,-4.0,Onetime,35.9,0.005122648329849695,Loyal Customers,Low Risk
9edaed9eaaeea0e318664dbff81e2cb3,2018-05-04 08:47:06,1,On Time,-25.0,Onetime,129.8,0.018521441593718393,Champions,Low Risk
9edff4c2e973f86cb82c45cc33485a75,2018-01-16 17:55:45,1,On Time,-14.0,Onetime,0.0,0.0,Loyal Customers,Low Risk
9eeaf54f02f98c43be6b0d01e3978660,2017-11-09 21:08:01,1,On Time,-13.0,Onetime,169.88,0.024240543127433598,At Risk,High Risk
9eed794c3e994632e1d60d9983f2cbe6,2018-03-27 15:55:38,1,On Time,-7.0,Onetime,115.0,0.016409597714003202,Champions,Low Risk
9eeffd87f2e7056cd68c3896802919b5,2017-07-08 20:31:56,1,On Time,-8.0,Onetime,269.0,0.03838418943536401,At Risk,High Risk
9ef9c875e34ad30210f77d54154614ac,2018-04-11 07:47:55,1,On Time,-7.0,Onetime,49.9,0.007120338486337041,Loyal Customers,Low Risk
9f132e9deb8acae2b60d132499bba0b5,2018-05-01 22:42:32,1,On Time,-10.0,Onetime,94.95,0.01354862002560525,Champions,Low Risk
9f209af49a8a6e3383f55c0eda2e705b,2018-07-20 21:19:31,1,On Time,-18.0,Onetime,129.9,0.018535710809121878,Champions,Low Risk
9f25bf3abc2308165affa650cd99d5a8,2017-11-13 17:04:41,1,On Time,-8.0,Onetime,25.9,0.0036957267895015903,At Risk,High Risk
9f269af9c49244f6ba4a46985a3cfc2e,2017-09-03 14:22:03,1,On Time,-13.0,Onetime,125.9,0.017964942192982634,At Risk,High Risk
9f2f5021076171f0efcf196eb7695ef4,2017-12-18 12:40:46,1,On Time,-16.0,Onetime,0.0,0.0,Loyal Customers,Low Risk
9f3421bef3e901d5e45f6f1e54662442,2018-05-08 19:42:13,1,On Time,-6.0,Onetime,990.0,0.14126523249446232,Champions,Low Risk
9f361680cc2a1398c1156b77b38d1754,2018-03-27 12:10:05,1,On Time,-13.0,Onetime,69.99,0.009987023860896383,Loyal Customers,Low Risk
9f41be4770ba8418526ed3773650314c,2017-07-10 09:41:36,1,On Time,-22.0,Onetime,99.7,0.0142264077572706,At Risk,High Risk
9f54b233b9ad5b53537a0eea4b718ed6,2017-10-22 21:02:25,1,On Time,-10.0,Onetime,76.8,0.010958757429873442,At Risk,High Risk
9f557659e6b5c18b6ef2e9abaf80fe84,2018-01-28 23:13:55,1,On Time,-18.0,Onetime,0.0,0.0,Loyal Customers,Low Risk
9f5c219d3a2c143182670f3f363ac039,2017-05-12 15:01:20,1,On Time,-6.0,Onetime,31.8,0.004537610498306971,At Risk,High Risk
9f65b22046ff3281527d2c66debd30c3,2017-06-12 13:55:51,1,On Time,-15.0,Onetime,397.9,0.056777208090451066,At Risk,High Risk
9f65c47cdfb0d8bd59d31c6881759086,2018-02-15 11:59:37,1,On Time,-7.0,Onetime,149.0,0.021261130951186754,Loyal Customers,Low Risk
9f67aa18a87ea9a76854deeb9385c011,2018-08-03 10:41:12,1,On Time,-7.0,Onetime,46.9,0.006692262024232609,Loyal Customers,Low Risk
9f6aec2e1d2373c0533bb0302cb79c0e,2017-10-03 09:53:38,1,On Time,-12.0,Onetime,99.0,0.014126523249446233,At Risk,High Risk
9f71041667decc88f2ca7f8c2189fa1c,2018-02-22 16:21:49,1,Has Delays,14.0,Onetime,47.0,0.0067065312396360904,Loyal Customers,Low Risk
9f80e8ee4b2fe8150988be49a42f30ad,2018-05-06 19:27:01,1,On Time,-14.0,Onetime,92.0,0.01312767817120256,Champions,Low Risk
9fa091c9a55e4a6dcb8d2c009bade5c5,2017-04-22 15:50:30,1,On Time,-13.0,Onetime,89.9,0.012828024647729459,At Risk,High Risk
9fa87261e8ee721c46b398362db72a5e,2018-03-26 14:55:06,1,On Time,-11.0,Onetime,0.0,0.0,Loyal Customers,Low Risk
9fb86d78b0db13b64af3089329149fd5,2018-03-07 16:42:57,1,On Time,-17.0,Onetime,0.0,0.0,Loyal Customers,Low Risk
9fc8316f4c0d0601664216e0a9327ed5,2018-01-26 13:32:22,1,Has Delays,15.0,Onetime,1695.0,0.24186320108900367,Loyal Customers,Low Risk
9fd78e7df3488fd8e24ccc627acc38ef,2018-04-23 10:50:18,1,On Time,-16.0,Onetime,0.0,0.0,Loyal Customers,Low Risk
9fdda3b176806e4447ead693e25ee82a,2017-10-25 13:32:46,1,On Time,-10.0,Onetime,25.99,0.0037085690833647228,At Risk,High Risk
9fe43a8003212045cfc073c5fcfece09,2017-11-25 12:31:59,1,On Time,-8.0,Onetime,79.99,0.011413945401244486,At Risk,High Risk
9fea70e31334be94bc66a683ceeea2f7,2017-03-16 17:11:49,1,On Time,-16.0,Onetime,34.9,0.004979956175814883,At Risk,High Risk
9febc9f07c093eff66ee9dae0dba9aa8,2018-08-15 15:26:10,1,On Time,-2.0,Onetime,70.0,0.009988450782436731,Loyal Customers,Low Risk
9fec5bf436533b92a3f6e2c8d974ab5f,2017-07-06 14:25:00,1,On Time,-7.0,Onetime,659.0,0.09403412950894008,At Risk,High Risk
9fee5c4674933153365209149efdded7,2017-10-06 08:52:38,1,On Time,-11.0,Onetime,64.9,0.009260720796859197,At Risk,High Risk
9ff8343bb1b75defb17c8c2337733aa6,2018-04-07 12:05:46,1,On Time,-24.0,Onetime,109.9,0.01568186772842567,Champions,Low Risk
a00e38794a6b0c88f86ebedb6b68c8b9,2018-07-24 15:43:53,1,On Time,-10.0,Onetime,34.89,0.004978529254274536,Loyal Customers,Low Risk
a012820fbbced38a03331716e231e0ba,2018-04-24 09:31:55,1,On Time,-6.0,Onetime,57.99,0.008274718012478657,Loyal Customers,Low Risk
a029899dd8534557a81c369475ff80c8,2018-04-13 13:19:27,1,On Time,-19.0,Onetime,105.0,0.014982676173655096,Champions,Low Risk
a03bed47efff02de7b59d0da789f0dcf,2017-11-06 20:23:42,1,On Time,-11.0,Onetime,759.99,0.10844461014491559,At Risk,High Risk
a052affc7a7b3ec84ee042f41a1239a1,2018-03-01 22:12:11,1,Has Delays,17.0,Onetime,29.98,0.0042779107779636165,Loyal Customers,Low Risk
a05e40352c8b77d9b06426ee54764a5b,2017-07-03 23:03:25,1,On Time,-4.0,Onetime,0.0,0.0,At Risk,High Risk
a06d94b5d758fbc36c8f679d98ae1fc5,2018-03-16 23:03:38,1,On Time,-3.0,Onetime,55.8,0.007962222195142421,Loyal Customers,Low Risk
a06f91da0bcf4f2ba635ee92ba3c33c6,2018-01-30 21:33:10,1,On Time,-5.0,Onetime,0.0,0.0,Loyal Customers,Low Risk
a073c8fcbfa7ae775d613d19816f2b1d,2017-12-03 11:51:39,1,On Time,-16.0,Onetime,170.0,0.024257666185917775,Loyal Customers,Low Risk
a0ad307305859d93985e5c19f4aa6393,2018-07-31 19:39:47,1,On Time,-7.0,Onetime,19.9,0.0028395738652927274,Loyal Customers,Low Risk
a0bb13c6e9da8e2d1af6d0b8d5b61cd1,2017-07-27 23:29:11,1,On Time,-15.0,Onetime,0.0,0.0,At Risk,High Risk
a0c02e30e19b2d276b746bfbfd36cd1e,2018-05-13 13:35:03,1,On Time,-11.0,Onetime,97.0,0.013841138941376611,Champions,Low Risk
a0c241dec798f1624d120b0be72d7377,2017-08-28 22:47:13,1,On Time,-12.0,Onetime,89.69999999999999,0.012799486216922494,At Risk,High Risk
a0d44d593fe455c0ec7ed8f4715190cb,2018-04-02 17:34:41,1,On Time,-9.0,Onetime,0.0,0.0,Loyal Customers,Low Risk
a0d58c3abf0bc947e39f72976db72428,2018-07-18 00:08:34,1,On Time,-6.0,Onetime,118.99,0.01697893940860209,Champions,Low Risk
a0ed9938ec568e99c00e526d4edddeb7,2017-12-13 22:46:56,1,On Time,-13.0,Onetime,0.0,0.0,Loyal Customers,Low Risk
a0f13a6ab11c5be53644b09057728707,2018-06-16 11:12:18,1,On Time,-8.0,Onetime,13.99,0.001996263234946998,Loyal Customers,Low Risk
a0f1a379d9aa6e79e14fc5ee5fcac940,2018-03-19 21:50:14,1,On Time,0.0,Onetime,47.65,0.0067992811397587175,Loyal Customers,Low Risk
a0fc8744b3c29be388149ee2bbccb79e,2018-01-15 23:32:57,1,On Time,-7.0,Onetime,38.9,0.0055507247919541255,Loyal Customers,Low Risk
a1037cdfc5b17d41ac68e20a1c4ec4fd,2018-06-08 16:11:43,1,On Time,-27.0,Onetime,64.99,0.00927356309072233,Loyal Customers,Low Risk
a107ddd0b7ad33c60c34603fac4fef37,2018-04-19 13:58:05,1,On Time,-11.0,Onetime,129.0,0.018407287870490546,Champions,Low Risk
a1093bee1795c50b44d4e8d8a44c8b77,2018-07-26 22:42:46,1,On Time,-7.0,Onetime,18.0,0.0025684587726265877,Loyal Customers,Low Risk
a10be7ed9e8d0fa2f17d0f8504485194,2018-08-18 18:56:33,1,On Time,-13.0,Onetime,0.0,0.0,Loyal Customers,Low Risk
a10de9d953278e90b352cb3def7f2b12,2017-03-29 12:31:39,1,On Time,-23.0,Onetime,0.0,0.0,At Risk,High Risk
a126181f98c5f1ec6e3d8740f47832d6,2018-03-10 17:20:00,1,Has Delays,4.0,Onetime,151.9,0.021674938197887707,Champions,Low Risk
a127d16055b7a1530476349068e3a64b,2017-08-26 19:56:13,1,On Time,-19.0,Onetime,59.9,0.008547260026685145,At Risk,High Risk
a12c1a57e3db5b14554ced648dc06f9a,2018-06-10 22:06:29,1,On Time,-13.0,Onetime,44.5,0.006349800854549064,Loyal Customers,Low Risk
a12fc54cae982f13145a7c826cce10a1,2018-06-12 12:21:41,1,On Time,-15.0,Onetime,1099.0,0.15681867728425666,Champions,Low Risk
a14097347c4af120bca0ec1c6c7d5577,2018-06-12 21:41:59,1,On Time,-11.0,Onetime,0.0,0.0,Loyal Customers,Low Risk
a141cad9daad0a5e00543b930e249b48,2017-11-11 21:04:48,1,On Time,-14.0,Onetime,0.0,0.0,At Risk,High Risk
a15127e427282f07bbcc3c5da3fc9370,2018-01-30 21:10:13,1,On Time,-8.0,Onetime,48.9,0.00697764633230223,Loyal Customers,Low Risk
a152c44fe84bce34a61421260f371192,2018-06-01 01:20:55,1,On Time,-20.0,Onetime,899.0,0.12828024647729458,Champions,Low Risk
a15566e9efa4b19be06852de74f31970,2018-07-24 19:19:18,1,On Time,-31.0,Onetime,890.0,0.1269960170909813,Champions,Low Risk
a160f2a63e7a2d7daa27f7e23c5a7d8e,2017-04-25 14:56:04,1,On Time,-10.0,Onetime,89.9,0.012828024647729459,At Risk,High Risk
a171cd85387e8a90aa715cb562a939d8,2018-08-15 09:01:23,1,On Time,-8.0,Onetime,45.0,0.00642114693156647,Loyal Customers,Low Risk
a176838867d89ed62981cdf02b7ca3e1,2018-03-04 15:58:09,1,On Time,-1.0,Onetime,89.99,0.01284086694159259,Champions,Low Risk
a1a60b6cdb7de4b7251eab4f0ca8878e,2017-09-07 22:30:39,1,On Time,-14.0,Onetime,0.0,0.0,At Risk,High Risk
a1c7e4cc4341714f3ffac74ae7f909b4,2018-03-10 18:18:24,1,On Time,-10.0,Onetime,55.9,0.007976491410545903,Loyal Customers,Low Risk
a1c9e5540f59e21afbdf91685f5ca791,2018-01-12 18:14:41,1,On Time,-17.0,Onetime,52.0,0.0074199920098101425,Loyal Customers,Low Risk
a1c9e7522405de9c5067d4bf53fd627c,2018-06-29 11:19:19,1,On Time,-14.0,Onetime,104.99,0.014981249252114746,Champions,Low Risk
a1d02d8e96f1691603036bfcad4df844,2018-06-02 11:03:09,1,On Time,-33.0,Onetime,0.0,0.0,Loyal Customers,Low Risk
a1e9a193ccd1e020f61f4ffeb0d20efe,2018-01-06 13:44:18,1,On Time,-8.0,Onetime,149.9,0.021389553889818086,Loyal Customers,Low Risk
a1eff3d942844ab95a77d78f8c4900c5,2018-05-10 12:31:24,1,On Time,-6.0,Onetime,0.0,0.0,Loyal Customers,Low Risk
a1fdca07add1ff66dda1ccc4de576050,2018-08-24 19:01:02,1,On Time,-12.0,Onetime,69.0,0.00984575862840192,Loyal Customers,Low Risk
a1ff94cf446464cb8e9f3b5b60309eeb,2018-04-26 10:42:21,1,On Time,-16.0,Onetime,0.0,0.0,Loyal Customers,Low Risk
a20cdc29893c82874d8609df52228828,2018-07-17 22:44:42,1,On Time,-8.0,Onetime,119.0,0.01698036633014244,Champions,Low Risk
a22b61bc4027dbae0e9f26fb76e06b58,2017-03-31 18:38:27,1,On Time,-6.0,Onetime,49.9,0.007120338486337041,At Risk,High Risk
a240a9655aafa0ae6a34aa75822e6d98,2017-08-20 13:13:37,1,On Time,-7.0,Onetime,34.6,0.004937148529604441,At Risk,High Risk
a2580d4b7f5471bf5e8352446ba6628e,2017-09-13 11:14:46,1,On Time,-15.0,Onetime,349.9,0.04992798469678017,At Risk,High Risk
a25d5f94840d3c6a1a49f271ed83f4ec,2018-02-20 23:46:53,1,Has Delays,9.0,Onetime,0.0,0.0,Loyal Customers,Low Risk
a25d8eacf021a69ae692e8546a4ef677,2017-12-19 10:55:08,1,On Time,-21.0,Onetime,74.0,0.010559219398575972,Loyal Customers,Low Risk
a26120ec5834b1430157835a1814c372,2017-08-26 20:27:56,1,On Time,-1.0,Onetime,26.9,0.0038384189435364006,At Risk,High Risk
a2649503b92028291f011a976619b322,2018-02-03 12:38:58,1,On Time,-13.0,Onetime,0.0,0.0,Loyal Customers,Low Risk
a26dbad393f0b90afd1675b027730df0,2018-04-16 16:47:33,1,On Time,-21.0,Onetime,97.5,0.013912485018394016,Champions,Low Risk
a26e07ee73082b847d16239481de39be,2017-07-26 11:29:35,1,On Time,-18.0,Onetime,69.0,0.00984575862840192,At Risk,High Risk
a26f0c0f1bfad5d305a5351ee3638b09,2017-11-24 01:44:28,1,On Time,-24.0,Onetime,179.0,0.02554189557223107,At Risk,High Risk
a275786a4b5cfa8599c673460cabc855,2018-02-02 15:40:59,1,On Time,-12.0,Onetime,230.0,0.032819195428006404,Loyal Customers,Low Risk
a278e5ab3d212b2c8285bdfa911b25a7,2018-02-27 12:19:10,1,On Time,-13.0,Onetime,165.0,0.023544205415743723,Loyal Customers,Low Risk
a27b4653c3c45bbb1b1c9f12c91e6c9f,2018-07-18 16:20:25,1,On Time,0.0,Onetime,64.99,0.00927356309072233,Loyal Customers,Low Risk
a27e975561b1ef329059939171c34394,2017-11-26 22:51:05,1,Has Delays,12.0,Onetime,0.0,0.0,At Risk,High Risk
a28a526b7c924991893bbbd2c5d6b0f8,2018-08-17 14:04:16,1,On Time,-7.0,Onetime,57.9,0.008261875718615523,Loyal Customers,Low Risk
a28d638176b676da7764c544dd335cbb,2017-10-26 14:21:25,1,On Time,-15.0,Onetime,8.5,0.0012128833092958887,At Risk,High Risk
a28f925403b733be252893d297ffcd69,2017-11-26 00:22:41,1,Has Delays,1.0,Onetime,84.99,0.012127406171418538,At Risk,High Risk
a2b764e7f5dfa8a8a21bac51aec9c1c8,2018-08-04 17:00:12,1,On Time,-7.0,Onetime,195.0,0.027824970036788032,Champions,Low Risk
a2b769288a2aaa41e38702fcbf9205bd,2017-04-28 12:15:56,1,On Time,-13.0,Onetime,49.0,0.006991915547705711,At Risk,High Risk
a2b7cc06bc8ec4c9fda046dc4e344201,2017-04-07 13:27:27,1,On Time,-15.0,Onetime,59.9,0.008547260026685145,At Risk,High Risk
a2cca46dd02d0fd48d837526fae3a16e,2018-01-09 21:25:42,1,On Time,-16.0,Onetime,13.65,0.0019477479025751625,Loyal Customers,Low Risk
a2ccc2257b3da3b2411007336ee17e09,2018-04-19 19:26:39,1,On Time,-14.0,Onetime,0.0,0.0,Loyal Customers,Low Risk
a2dfb6300b6b54d58dd005d415dde92b,2018-07-26 17:49:11,1,On Time,-15.0,Onetime,149.0,0.021261130951186754,Champions,Low Risk
a2eefe752c732b4960a85852029a89e2,2018-07-25 13:25:20,1,On Time,-15.0,Onetime,58.32,0.008321806423310145,Loyal Customers,Low Risk
a2fa707edeeca30a8b657bac78e368b7,2018-02-20 22:22:10,1,Has Delays,3.0,Onetime,127.49,0.018191822717897984,Loyal Customers,Low Risk
a30be234246fed38afe084a19a6cc015,2017-05-06 11:48:53,1,On Time,-28.0,Onetime,22.9,0.003267650327397159,At Risk,High Risk
a30fdaec97e8d86a018588f72937957d,2018-04-26 11:30:58,1,On Time,-13.0,Onetime,45.9,0.006549569870197798,Loyal Customers,Low Risk
a31841afa2eb3a0400c4531b816b4486,2017-12-08 14:33:20,1,On Time,-18.0,Onetime,56.89,0.008117756643040364,Loyal Customers,Low Risk
a31bb581ee0192bd2e1976819384d4a5,2017-06-21 09:02:30,1,On Time,-15.0,Onetime,699.0,0.0997418156703325,At Risk,High Risk
a32ab6ed820d51b18cfb895038f68220,2018-08-05 21:48:40,1,On Time,-8.0,Onetime,149.9,0.021389553889818086,Champions,Low Risk
a34bc8498e794dc67ab208a47d38bf79,2018-01-31 13:59:19,1,On Time,-13.0,Onetime,177.98,0.025396349575115558,Loyal Customers,Low Risk
a356b4c64b0eb294b0c8b31e85867f65,2018-03-24 17:18:28,1,On Time,-29.0,Onetime,0.0,0.0,Loyal Customers,Low Risk
a35bc409f07cc07686483f116ec40002,2018-07-25 20:51:07,1,On Time,-5.0,Onetime,24.99,0.0035658769293299124,Loyal Customers,Low Risk
a3715422134e4c66bae42366fba591e5,2018-05-10 16:04:42,1,On Time,-8.0,Onetime,208.0,0.02967996803924057,Champions,Low Risk
a3784be0a99a72cf41fe1b05298673dd,2017-11-27 11:07:56,1,On Time,-24.0,Onetime,49.9,0.007120338486337041,At Risk,High Risk
a38acbb1f0ca4266b66805e1350f346d,2017-10-25 18:57:29,1,On Time,-5.0,Onetime,114.94,0.01640103618476111,At Risk,High Risk
a39fd8580a18106b255d59465955e149,2017-12-08 23:41:49,1,On Time,-17.0,Onetime,471.84,0.06732786595978496,Loyal Customers,Low Risk
a3a53af62bbe94c89dd9f99b63283e6b,2018-01-13 18:32:59,1,On Time,-13.0,Onetime,0.0,0.0,Loyal Customers,Low Risk
a3bde85f64f8d689916f7b44f199d874,2017-11-30 11:23:03,1,On Time,-7.0,Onetime,139.0,0.01983420941083865,At Risk,High Risk
a3d335d8dd759126b58367c6053bb20a,2017-11-26 09:32:06,1,On Time,-8.0,Onetime,60.0,0.008561529242088627,At Risk,High Risk
a3dedd8b913d5035ddbdcee236a23280,2018-06-12 15:01:11,1,On Time,-25.0,Onetime,124.9,0.017822250038947825,Champions,Low Risk
a3e76c12f64a3b204cb536c3ca332ed5,2018-01-13 13:16:40,1,On Time,-13.0,Onetime,84.0,0.011986140938924077,Loyal Customers,Low Risk
a3ec5731f802c5fdcdc174cc448218e2,2018-06-10 20:41:15,1,On Time,-12.0,Onetime,0.0,0.0,Loyal Customers,Low Risk
a3f90ba3fa24d9ec5cee857de2f2e92b,2018-03-19 19:35:39,1,Has Delays,6.0,Onetime,0.0,0.0,Loyal Customers,Low Risk
a40096fc0a3862e9e12bc55b5f8e6ab2,2017-10-11 14:49:49,1,On Time,-17.0,Onetime,0.0,0.0,At Risk,High Risk
a4030b5e97ffc14114e66d82df860f6f,2017-03-20 10:48:56,1,On Time,-1.0,Onetime,19.9,0.0028395738652927274,At Risk,High Risk
a4031c5f35399c228a1cd7ed7431fd02,2018-07-03 01:17:32,1,On Time,-28.0,Onetime,139.99,0.019975474643333116,Champions,Low Risk
a416c14685637d33e7a250d6be3daec2,2018-05-17 21:13:16,1,On Time,-7.0,Onetime,12.9,0.0018407287870490546,Loyal Customers,Low Risk
a41b86830f14039dc56fb5a1879879e9,2017-09-22 12:22:40,1,On Time,-6.0,Onetime,35.97,0.005132636780632131,At Risk,High Risk
a41edae49cb4cc536dcb71057d582185,2017-03-24 21:27:35,1,On Time,-13.0,Onetime,84.99,0.012127406171418538,At Risk,High Risk
a43bd8c4ff5e6e3ce37bd3fd797a439d,2018-06-04 11:45:52,1,On Time,-35.0,Onetime,130.99,0.01869124525701982,Champions,Low Risk
a442ab74d50458525ff87fa21abd7624,2018-01-17 23:48:52,1,On Time,-4.0,Onetime,139.99,0.019975474643333116,Loyal Customers,Low Risk
a464a2040584feb990c2e3bef55cfc9a,2018-01-08 16:44:57,1,On Time,-13.0,Onetime,91.5,0.013056332094185153,Loyal Customers,Low Risk
a464f750556546a0989d9326ec003ccf,2018-06-18 16:02:23,1,On Time,-21.0,Onetime,339.6,0.04845825551022163,Champions,Low Risk
a4824a25ac982bd0b5f784649c49fd3c,2018-05-11 21:59:22,1,On Time,0.0,Onetime,118.0,0.016837674176107632,Champions,Low Risk
a48dc9ff5e16f55336756967c43d7431,2017-03-07 11:47:20,1,On Time,-11.0,Onetime,0.0,0.0,At Risk,High Risk
a48eb10c9faec2e9c92f701b864dab5e,2018-06-20 22:07:30,1,On Time,-13.0,Onetime,14.33,0.0020447785673188335,Loyal Customers,Low Risk
a490d5875edefe9bb8f5101ec2f6b56f,2017-08-28 09:48:01,1,On Time,-14.0,Onetime,0.0,0.0,At Risk,High Risk
a4ab5f34ede13ac71145acd2fe5447d5,2017-07-28 10:29:15,1,On Time,-12.0,Onetime,45.33,0.0064682353423979565,At Risk,High Risk
a4c1aba425cd815fecc83edd16972068,2018-05-11 10:49:37,1,On Time,-21.0,Onetime,59.0,0.008418837088053816,Loyal Customers,Low Risk
a4c2513ade4ce36faa973d4bcb9a0206,2018-04-28 16:49:16,1,On Time,-30.0,Onetime,18.9,0.002696881711257917,Loyal Customers,Low Risk
a4d6f5e61e07e006e41e7ec382f3db1b,2017-11-06 12:09:21,1,On Time,-7.0,Onetime,0.0,0.0,At Risk,High Risk
a4e456eca4b667dc31e1881a4b56b319,2018-06-08 08:26:57,1,On Time,-28.0,Onetime,0.0,0.0,Loyal Customers,Low Risk
a4f95f05ed4ec25d67125811b5c78e2f,2017-07-27 17:18:21,1,On Time,-16.0,Onetime,29.9,0.004266495405640831,At Risk,High Risk
a4ff7f3161bd56ef7518647f4e14ca9e,2017-07-14 22:18:39,1,On Time,-8.0,Onetime,389.9,0.05563567085817259,At Risk,High Risk
a50062ee8cafa20668d7fb68e3cdb3cf,2017-03-25 19:13:03,1,On Time,-14.0,Onetime,49.9,0.007120338486337041,At Risk,High Risk
a50a18d0f932c1cf1dec68cc1d281d8a,2017-08-07 21:41:19,1,On Time,-20.0,Onetime,14.9,0.0021261130951186757,At Risk,High Risk
a51589a7867758392e3f88400221baf6,2018-03-03 21:12:51,1,Has Delays,15.0,Onetime,119.9,0.017108789268773773,Champions,Low Risk
a518759d7c1ff063778c623c80a3d14d,2018-03-02 08:46:17,1,On Time,-10.0,Onetime,510.0,0.07277299855775332,Loyal Customers,Low Risk
a51c9e87de4b204e26e777faa7116b97,2017-11-11 14:35:26,1,On Time,-7.0,Onetime,379.8,0.054194480102421,At Risk,High Risk
a51f282d520ef1c581594da3b04f6aa9,2018-04-12 18:25:52,1,On Time,-16.0,Onetime,59.33,0.008465925498885304,Loyal Customers,Low Risk
a5314ac290a8b141491e987ae37aa7cc,2018-07-21 12:49:32,1,On Time,-6.0,Onetime,27.9,0.0039811110975712105,Loyal Customers,Low Risk
a5383a6d51465659e9153a2a6045e3b1,2017-07-04 10:24:45,1,On Time,-11.0,Onetime,658.9,0.0940198602935366,At Risk,High Risk
a53c5bbb7be8b7a0f586d31c2bc499ef,2018-08-09 19:36:11,2,On Time,-1.0,Repeated,338.9,0.04835837100239725,Loyal Customers,Low Risk
a53eb9109f4268d6fd8c215a2bbd1938,2018-04-25 09:18:10,1,On Time,-18.0,Onetime,129.0,0.018407287870490546,Champions,Low Risk
a54334127fc03ecd25d634d4be01027b,2018-07-04 17:27:56,1,On Time,-28.0,Onetime,0.0,0.0,Loyal Customers,Low Risk
a54a1749bd03dfe0d3642b7fbd888b47,2018-03-19 16:22:05,2,On Time,-13.0,Repeated,99.9,0.014254946188077563,Champions,Low Risk
a54ac085fc21d6fee207ddc23554a93e,2017-11-26 11:38:04,1,On Time,-10.0,Onetime,49.39,0.007047565487779287,At Risk,High Risk
a54ff9cb5691f3de0ad67974bbb905fd,2017-12-06 15:26:09,1,On Time,-14.0,Onetime,25.9,0.0036957267895015903,Loyal Customers,Low Risk
a55224aa1cafc8d10ab7af526a4cf0dc,2018-03-18 17:34:34,1,On Time,-13.0,Onetime,129.0,0.018407287870490546,Champions,Low Risk
a55964e9744ba2f8e5911ff221b5de47,2017-12-11 21:43:24,1,On Time,-17.0,Onetime,129.9,0.018535710809121878,Loyal Customers,Low Risk
a561f142361b777a01a7f554685adafb,2018-01-17 14:42:28,1,On Time,-8.0,Onetime,55.3,0.007890876118125017,Loyal Customers,Low Risk
a5738ff6026ddeee2cb18beb0aeabeb2,2018-07-24 18:10:05,1,On Time,-21.0,Onetime,63.99,0.00913087093668752,Loyal Customers,Low Risk
a577a200a23467257794210152357aab,2017-11-06 18:41:25,1,Has Delays,63.0,Onetime,0.0,0.0,At Risk,High Risk
a577a79cf9dde79841a2b42bc7d0e6c3,2017-04-14 22:06:32,1,On Time,-10.0,Onetime,79.9,0.011401103107381355,At Risk,High Risk
a5784dce0bb434ba849e0c85d2c52899,2018-07-31 21:17:50,1,On Time,-16.0,Onetime,527.9,0.07532718811497643,Champions,Low Risk
a57919929c3b9dc956290623e67fa917,2018-07-22 22:04:24,1,On Time,-8.0,Onetime,79.8,0.011386833891977872,Loyal Customers,Low Risk
a58f644f46a601e9799151f14abd9ea6,2018-08-17 19:10:14,1,On Time,-10.0,Onetime,109.99,0.0156947100222888,Champions,Low Risk
a5931be4783e1a1dfbda5c6e145d96bb,2018-08-03 16:29:05,1,On Time,-27.0,Onetime,0.0,0.0,Loyal Customers,Low Risk
a599645f6c37e9a5dc2d1d48e6cfb9b8,2018-06-30 19:46:13,1,On Time,-19.0,Onetime,0.0,0.0,Loyal Customers,Low Risk
a59a677187d1abced1c2c926364c76c4,2018-07-20 18:59:48,1,On Time,-9.0,Onetime,249.99,0.03567161158716226,Champions,Low Risk
a5a169a9ce0d3f227bffba6810abb8b3,2018-05-05 09:42:51,1,On Time,-18.0,Onetime,23.0,0.00328191954280064,Loyal Customers,Low Risk
a5a768a369279102b048fb1a0a6462b8,2018-02-24 12:43:45,1,On Time,-8.0,Onetime,53.9,0.007691107102476282,Loyal Customers,Low Risk
a5ab54f360315caf862b190789e3c4b5,2018-01-14 18:39:27,1,On Time,-12.0,Onetime,0.0,0.0,Loyal Customers,Low Risk
a5afb1cd8d3b8126d2d39a7a29880c09,2018-05-30 18:01:22,1,On Time,-33.0,Onetime,449.0,0.06406877716162988,Champions,Low Risk
a5baa76c04eea8a1a3c199cb05abc4a2,2017-05-02 21:03:22,1,On Time,-28.0,Onetime,229.9,0.03280492621260292,At Risk,High Risk
a5c06fe695471f91fec7c41754645061,2017-02-03 11:05:08,1,On Time,-11.0,Onetime,59.9,0.008547260026685145,At Risk,High Risk
a5c806ebe5b25d0ab1e7f0da0e17d6bc,2017-04-13 20:08:10,1,On Time,-19.0,Onetime,0.0,0.0,At Risk,High Risk
a5cad0a33504fb5b9725ac33ed686359,2016-10-06 20:15:20,1,On Time,-37.0,Onetime,59.9,0.008547260026685145,At Risk,High Risk
a5d3bfee5b23b430b95c4ae295e1028a,2017-01-23 13:31:26,1,On Time,-29.0,Onetime,49.5,0.0070632616247231165,At Risk,High Risk
a5da7637d11ba152cd56fe66d82cf39a,2017-08-05 12:55:39,1,On Time,-27.0,Onetime,0.0,0.0,At Risk,High Risk
a5dfe1ead2966c2523a57096d8611171,2018-07-30 19:57:21,1,On Time,-13.0,Onetime,0.0,0.0,Loyal Customers,Low Risk
a5e0ad284b56e1ff925d76689048062c,2017-03-19 16:19:49,1,On Time,-5.0,Onetime,39.0,0.005564994007357607,At Risk,High Risk
a5fe57d105a5ce9b3a36196a69c61b6c,2018-08-13 18:03:59,1,On Time,-30.0,Onetime,66.99,0.00955894739879195,Loyal Customers,Low Risk
a6168cd79131e64acef92e3c74d6cc43,2017-11-25 01:40:30,1,On Time,-8.0,Onetime,27.9,0.0039811110975712105,At Risk,High Risk
a61c0dd1c6585331dddfa81976d59cb7,2017-04-06 10:52:51,1,On Time,-2.0,Onetime,59.9,0.008547260026685145,At Risk,High Risk
a61e803335a6c833fe734447bf120104,2018-03-20 20:45:12,1,On Time,-7.0,Onetime,136.9,0.01953455588736555,Champions,Low Risk
a620d8d041bb2d82707eaba9f669d861,2017-04-19 16:38:00,1,On Time,-13.0,Onetime,29.9,0.004266495405640831,At Risk,High Risk
a622d011cb10060dd3ea9132c44f405f,2017-12-03 17:04:39,1,On Time,-12.0,Onetime,118.0,0.016837674176107632,Loyal Customers,Low Risk
a62cda00aad21580d0c58e1f8d92692c,2017-09-23 18:20:57,1,On Time,-12.0,Onetime,0.0,0.0,At Risk,High Risk
a62d2ca7ae7396cf26c0593a7629b341,2017-11-29 09:12:25,1,On Time,-2.0,Onetime,309.56,0.044171783203015916,At Risk,High Risk
a62e2e770d7cbb665e0620b17dea2d5f,2017-12-06 00:06:51,1,On Time,-11.0,Onetime,98.63,0.014073727152453353,Loyal Customers,Low Risk
a633794cb45ebc2c0aad497a9441c724,2018-08-11 16:39:54,1,On Time,-6.0,Onetime,45.0,0.00642114693156647,Loyal Customers,Low Risk
a63a604179f2fecfdb7bc4a23ea78e37,2017-08-06 11:51:24,1,On Time,-7.0,Onetime,6.0,0.0008561529242088627,At Risk,High Risk
a63a8455ffde297045a6d401a48ce79c,2017-07-18 19:01:54,1,On Time,-19.0,Onetime,95.15,0.013577158456412214,At Risk,High Risk
a655539d1946324cc7a22fd0085cc384,2017-08-09 18:20:16,1,On Time,-9.0,Onetime,45.8,0.006535300654794318,At Risk,High Risk
a658ea557e4a20a93cef77c26bf3811a,2018-01-30 20:45:50,1,On Time,-17.0,Onetime,79.99,0.011413945401244486,Loyal Customers,Low Risk
a65b62328b640dec0c6054199018fe2b,2018-06-13 22:54:20,1,On Time,-19.0,Onetime,0.0,0.0,Loyal Customers,Low Risk
a661d43970d1e807044cd5a3b43bd7db,2017-10-24 21:38:09,1,On Time,-11.0,Onetime,169.98,0.024254812342837075,At Risk,High Risk
a66ef26cbab754cef9bd1fd7643813a4,2018-02-01 19:58:21,1,On Time,-11.0,Onetime,59.9,0.008547260026685145,Loyal Customers,Low Risk
a670b3a4c5a4977353746e8f504898d5,2017-07-24 22:15:59,1,On Time,-16.0,Onetime,266.9,0.038084535911890906,At Risk,High Risk
a68740c8c404205075f2e4c589b63d72,2018-06-04 20:54:32,1,On Time,-31.0,Onetime,219.99,0.03139084696611795,Champions,Low Risk
a68d6423acbccbd710490c25327f1fdc,2017-11-18 13:16:48,1,On Time,-6.0,Onetime,169.9,0.024243396970514294,At Risk,High Risk
a692e44c6c28b092fcdbda898ec15965,2017-11-27 09:22:59,1,On Time,-5.0,Onetime,139.99,0.019975474643333116,At Risk,High Risk
a69774cf9758fc590d8cd63a1192f717,2018-08-01 00:29:18,1,On Time,-3.0,Onetime,26.68,0.0038070266696487425,Loyal Customers,Low Risk
a69d87507bf91f13a28d0f058ec7dcdf,2018-02-16 01:32:33,1,On Time,-2.0,Onetime,176.99,0.025255084342621102,Loyal Customers,Low Risk
a6a0c8dce941954d5db099a5f472a1f9,2017-08-22 13:04:49,1,On Time,-10.0,Onetime,39.9,0.005693416945988936,At Risk,High Risk
a6b40a99291a67fecea4485e66957acb,2018-03-05 14:35:12,1,On Time,-7.0,Onetime,0.0,0.0,Loyal Customers,Low Risk
a6ba026e341252f5e41461043458bf61,2017-11-16 17:01:14,1,On Time,-22.0,Onetime,299.99,0.04280621928890278,At Risk,High Risk
a6cba42f65ca310f74bcee5d8708819d,2017-03-15 09:41:22,1,On Time,0.0,Onetime,34.9,0.004979956175814883,At Risk,High Risk
a6ccdaa678f87c99610b6767570a0bce,2018-05-26 17:57:44,1,On Time,-25.0,Onetime,332.57,0.047455129667356905,Champions,Low Risk
a6dc60809996163bd50c7ee4316b5707,2017-07-20 10:36:22,1,On Time,-9.0,Onetime,0.0,0.0,At Risk,High Risk
a6dcd259d020f1abbda77f4d33f9922b,2018-03-27 10:35:40,1,On Time,-4.0,Onetime,117.3,0.016737789668283265,Champions,Low Risk
a6ddea592cbc5da9970a9a9803c07347,2017-08-04 10:46:33,1,On Time,-13.0,Onetime,179.8,0.025656049295458918,At Risk,High Risk
a6e10bbbfb7af7122f5feb0f19268baa,2017-11-06 18:20:00,1,On Time,-3.0,Onetime,0.0,0.0,At Risk,High Risk
a6ea57f856565adf869941339028fa05,2018-01-24 22:46:55,1,On Time,-21.0,Onetime,121.0,0.017265750638212063,Loyal Customers,Low Risk
a6ecedfb81724dfa96774f35c0aba2f2,2018-02-15 16:26:48,1,On Time,-12.0,Onetime,0.0,0.0,Loyal Customers,Low Risk
a6f05f77ad475fa43a454923be0c97e8,2016-10-05 22:39:46,1,On Time,-43.0,Onetime,22.9,0.003267650327397159,At Risk,High Risk
a6f5c8508826807c40ac30fcf62c1a49,2017-08-17 08:11:18,1,On Time,-13.0,Onetime,0.0,0.0,At Risk,High Risk
a6fefcd9f434474cf6fcd8ed1102fd63,2018-04-16 21:15:39,1,On Time,-10.0,Onetime,186.9,0.026669163589106072,Champions,Low Risk
a712a430955027da5bc257a10073a390,2018-08-28 21:56:30,1,On Time,-6.0,Onetime,0.0,0.0,Loyal Customers,Low Risk
a71cac9f356cfeb9db35061020806212,2018-08-26 22:04:34,1,On Time,-1.0,Onetime,186.0,0.02654074065047474,Champions,Low Risk
a725f9b4c552a95b981d51435ec1cd43,2017-06-11 22:11:23,1,On Time,-15.0,Onetime,39.9,0.005693416945988936,At Risk,High Risk
a72dc4d599f84d18327c83df876c3460,2017-07-06 15:11:41,1,On Time,-27.0,Onetime,56.9,0.008119183564580714,At Risk,High Risk
a72f685c4420b26892fe72bfcca9341b,2018-08-14 15:45:12,1,On Time,-9.0,Onetime,69.9,0.00997418156703325,Loyal Customers,Low Risk
a74057eb042b356fed179ed2a6d2311d,2017-05-17 10:45:24,1,On Time,-8.0,Onetime,17.38,0.0024799896371250052,At Risk,High Risk
a748aca2d90096157cad166dbfd7b4b1,2017-02-13 21:18:03,1,On Time,-25.0,Onetime,18.99,0.00270972400512105,At Risk,High Risk
a753abf624ce896d0afd0618b8708aa5,2018-04-19 11:17:13,1,On Time,-6.0,Onetime,0.0,0.0,Loyal Customers,Low Risk
a75aa5d4850de07bb3cee8e9db5ea229,2017-12-04 11:57:38,1,On Time,-16.0,Onetime,79.49,0.011342599324227081,Loyal Customers,Low Risk
a75e134e7eb6f96e2b0c716ac2a82efb,2018-04-11 22:08:44,1,On Time,-10.0,Onetime,245.0,0.034959577738528556,Champions,Low Risk
a7657330b1c135f3acd420326e335b2c,2017-05-18 20:51:06,1,On Time,-7.0,Onetime,239.95999999999998,0.03424040928219311,At Risk,High Risk
a776783bcff11151d51eb829677eba05,2018-07-31 11:38:56,1,On Time,-7.0,Onetime,0.0,0.0,Loyal Customers,Low Risk
a7879b28606781a1488676b860e5b46a,2018-01-27 14:00:16,1,Has Delays,10.0,Onetime,0.0,0.0,Loyal Customers,Low Risk
a78c7a68877d33bacf81b01bc4a4d2f2,2017-05-01 18:58:53,1,On Time,-14.0,Onetime,47.99,0.006847796472130553,At Risk,High Risk
a79678c360b11a982dfdb55a42778e88,2017-08-21 00:01:31,1,On Time,-23.0,Onetime,59.9,0.008547260026685145,At Risk,High Risk
a7986e0208cca640dd67c245525231b2,2018-02-24 17:49:16,1,Has Delays,8.0,Onetime,419.0,0.05978801254058557,Loyal Customers,Low Risk
a79c62e50e66e1036ba2cb2e5e00aff3,2018-04-02 13:01:06,1,On Time,-11.0,Onetime,75.9,0.010830334491242113,Loyal Customers,Low Risk
a79f018f214e99a7551fd6efea6e2c4d,2017-10-25 13:44:05,1,On Time,-18.0,Onetime,40.0,0.005707686161392418,At Risk,High Risk
a7a6d8b62390ec8014d5a46ee36644c4,2017-03-25 18:02:36,1,On Time,-14.0,Onetime,8.5,0.0012128833092958887,At Risk,High Risk
a7a72b5517a675e63ddb9f0f58c4fd33,2018-02-20 10:45:27,1,On Time,-10.0,Onetime,321.0,0.04580418144517415,Loyal Customers,Low Risk
a7acd7f8aefc1d48f618e3f15c5e327b,2018-05-10 14:49:26,1,On Time,-8.0,Onetime,1859.97,0.26540312574012637,Champions,Low Risk
a7b4c690609bea24107020ae85cc5aed,2018-08-02 14:43:34,1,On Time,-2.0,Onetime,0.0,0.0,Loyal Customers,Low Risk
a7bebc53acf7b2c31550f06a58076d17,2018-07-20 11:46:49,1,On Time,-4.0,Onetime,27.9,0.0039811110975712105,Loyal Customers,Low Risk
a7d29dfb07d2919cbf9fe67fd6da6b37,2018-05-20 11:09:06,1,On Time,0.0,Onetime,26.9,0.0038384189435364006,Loyal Customers,Low Risk
a7d455cd9a8491ada2404b1dbcb00181,2017-02-22 09:47:07,1,On Time,-16.0,Onetime,0.0,0.0,At Risk,High Risk
a7d4cb9ba936ebc0eb30b73c5d3a62d8,2018-04-22 19:36:08,1,On Time,-20.0,Onetime,95.0,0.013555754633306992,Champions,Low Risk
a7e7b19ff34ab885f7b7331de2417cf3,2017-09-15 09:19:48,1,On Time,-16.0,Onetime,113.98,0.016264051716887697,At Risk,High Risk
a7efaafa37906b32b972672b8f844271,2018-04-30 13:32:47,1,On Time,-7.0,Onetime,118.0,0.016837674176107632,Champions,Low Risk
a7f45c1961dbd98e7a14f3d38ea11c06,2018-07-18 15:03:36,2,On Time,-11.0,Repeated,228.0,0.03253381111993678,Champions,Low Risk
a7ff34c63e34b438ff4b1789b8ab23a1,2017-11-24 06:49:43,1,On Time,-13.0,Onetime,239.99,0.03424469004681416,At Risk,High Risk
a80a15cc7984d350d36af32d10866143,2018-01-16 11:27:24,1,On Time,-15.0,Onetime,199.98,0.028535576963881388,Loyal Customers,Low Risk
a80a62e34918bede10b7db4c44339cba,2018-05-02 16:19:48,1,On Time,-9.0,Onetime,92.49,0.013197597326679618,Champions,Low Risk
a813e96ecd044395587037a8314a4151,2018-07-01 20:54:21,1,On Time,-16.0,Onetime,1999.0,0.28524161591558606,Champions,Low Risk
a81a403c9b43458bb1535fe88d3e40c1,2018-08-05 20:01:03,1,On Time,-11.0,Onetime,79.9,0.011401103107381355,Loyal Customers,Low Risk
a826e92cf1530ad8a2e0e2f1350ac1be,2017-11-20 11:44:11,1,On Time,-8.0,Onetime,419.0,0.05978801254058557,At Risk,High Risk
a82935ceae6a61cc7536e9ef4b98b245,2017-10-01 16:12:05,1,On Time,-11.0,Onetime,0.0,0.0,At Risk,High Risk
a83f900d3642ed994cf95b2e6092f0e1,2017-06-16 21:09:41,1,On Time,-12.0,Onetime,215.0,0.030678813117484244,At Risk,High Risk
a8536e72851311b3102b544254fdac0b,2018-07-08 19:12:15,1,On Time,-10.0,Onetime,78.0,0.011129988014715214,Loyal Customers,Low Risk
a85fe8e2dad4dad74c7cc3f0801e8de4,2017-08-11 18:11:14,1,On Time,-24.0,Onetime,14.9,0.0021261130951186757,At Risk,High Risk
a8600e0beda4face16b2425a76e1ffab,2018-02-19 19:43:38,1,On Time,-13.0,Onetime,24.99,0.0035658769293299124,Loyal Customers,Low Risk
a865635310622e60dd303e4128fc09c8,2018-03-12 15:12:33,1,Has Delays,5.0,Onetime,179.0,0.02554189557223107,Champions,Low Risk
a878bffe9626b823794c9c2176a125d4,2018-04-02 11:15:28,1,On Time,-21.0,Onetime,299.9,0.04279337699503965,Champions,Low Risk
a87e9657be1c58f418a0e3de07ae6a71,2018-02-21 14:54:42,1,On Time,-8.0,Onetime,0.0,0.0,Loyal Customers,Low Risk
a8a5dafb6ee0d2f70241b74f6123374c,2018-03-21 22:37:09,1,On Time,-10.0,Onetime,0.0,0.0,Loyal Customers,Low Risk
a8bdc0d9ea28636ee0ada5b9ccb430c9,2017-12-25 20:14:34,1,On Time,-5.0,Onetime,0.0,0.0,Loyal Customers,Low Risk
a8d1e9936a5361e2547acf93dd4b8bc3,2018-01-31 20:45:16,1,On Time,-8.0,Onetime,880.0,0.1255690955506332,Loyal Customers,Low Risk
a8d64e57b4807a004f1ff59dc4211061,2018-02-01 10:04:20,1,On Time,-13.0,Onetime,149.9,0.021389553889818086,Loyal Customers,Low Risk
a8d9996df2746151fe72bc5beca5ae24,2018-04-24 18:39:22,1,On Time,-15.0,Onetime,24.0,0.0034246116968354506,Loyal Customers,Low Risk
a8db13fe94d879cce68b7b852789fc03,2018-06-22 19:21:40,1,On Time,-12.0,Onetime,0.0,0.0,Loyal Customers,Low Risk
a8dd81392e5eee5d979c629a76abec2a,2018-08-29 16:27:49,1,On Time,-13.0,Onetime,0.0,0.0,Loyal Customers,Low Risk
a8e7fb5fe211f44e99406f12c2c2a1ef,2017-06-14 17:15:36,1,On Time,-15.0,Onetime,219.99,0.03139084696611795,At Risk,High Risk
a8ee33e35637322a81a8c26592f6ce36,2017-07-01 15:42:32,1,On Time,-13.0,Onetime,0.0,0.0,At Risk,High Risk
a8f2d0c982dc7985992fa2b93fdb7863,2018-08-21 16:45:44,1,On Time,-4.0,Onetime,132.0,0.018835364332594976,Champions,Low Risk
a8f99afaf1e6db5d6ab8d43d4f5b18df,2018-01-05 19:24:31,1,On Time,-60.0,Onetime,49.9,0.007120338486337041,Loyal Customers,Low Risk
a8fe0c0e9818794f48fb0379ee3ff206,2017-09-12 17:49:55,1,On Time,-10.0,Onetime,149.9,0.021389553889818086,At Risk,High Risk
a900fb9252593c059112316866aa6e6b,2018-05-15 10:46:28,1,On Time,-9.0,Onetime,0.0,0.0,Loyal Customers,Low Risk
a9088d439d83c94aef38ee4846e31559,2017-07-18 07:17:50,1,On Time,-15.0,Onetime,89.25,0.01273527474760683,At Risk,High Risk
a908f7551bf4ad06732bd84eff560037,2017-01-26 18:27:04,1,On Time,-9.0,Onetime,30.97,0.004419176010458079,At Risk,High Risk
a917c56ddf872625b041ef6521cd06a9,2018-08-13 15:55:29,1,On Time,-10.0,Onetime,29.9,0.004266495405640831,Loyal Customers,Low Risk
a918cb24d1e85182ffa5200ea39efbef,2017-08-09 23:09:39,1,On Time,-14.0,Onetime,239.9,0.034231847752951024,At Risk,High Risk
a91e80fbe80ddc07de66a5cf9270293c,2017-09-13 10:06:35,1,On Time,-15.0,Onetime,283.0,0.04038187959185135,At Risk,High Risk
a925c3e5df82fdc6082f1383d2834998,2018-04-15 16:50:27,1,On Time,-20.0,Onetime,22.14,0.003159204290330703,Loyal Customers,Low Risk
a93b7ffb96986b7ae5bef50b9f789ed8,2016-10-10 11:08:53,1,On Time,-40.0,Onetime,45.89,0.006548142948657451,At Risk,High Risk
a946faf63af327d1dd0362b3fa3882a3,2017-07-18 23:36:55,1,On Time,-13.0,Onetime,0.0,0.0,At Risk,High Risk
a955261f6d0390e5b5a6d0b2698d0918,2018-01-31 10:24:01,1,On Time,-7.0,Onetime,220.0,0.0313922738876583,Loyal Customers,Low Risk
a961e198a1d400e99c02e8f4520f763c,2017-11-23 21:18:14,1,On Time,-15.0,Onetime,45.9,0.006549569870197798,At Risk,High Risk
a9635dae6e36a36a2985b4d083986219,2017-11-25 19:48:52,1,On Time,-13.0,Onetime,91.5,0.013056332094185153,At Risk,High Risk
a975496624b578358d2f33cf43d8ba4d,2017-03-17 18:21:51,1,On Time,-9.0,Onetime,27.99,0.003993953391434344,At Risk,High Risk
a97d43b24d76819903192611aca17914,2017-12-17 19:40:26,1,On Time,-28.0,Onetime,64.9,0.009260720796859197,Loyal Customers,Low Risk
a995d70d9935a4624429e4ded23bbc73,2018-07-02 14:20:11,1,On Time,-14.0,Onetime,132.2,0.018863902763401937,Champions,Low Risk
a9a7ad094e7f664ee17a02d45257ddfd,2018-05-08 14:38:14,1,On Time,-7.0,Onetime,68.0,0.00970306647436711,Loyal Customers,Low Risk
a9d4b651be558c6f80e64aeaf73651b0,2018-03-08 15:59:32,1,On Time,-21.0,Onetime,59.9,0.008547260026685145,Loyal Customers,Low Risk
a9d7b1930b1726fae8b6bd573b7dcb11,2018-01-02 08:33:33,1,On Time,-23.0,Onetime,64.49,0.009202217013704925,Loyal Customers,Low Risk
a9e132df86d3c56b21d5255375dee380,2017-11-20 14:31:13,1,On Time,-15.0,Onetime,138.0,0.01969151725680384,At Risk,High Risk
a9e30a7260591d7af904d38ec41d449b,2018-02-19 18:15:37,1,On Time,-14.0,Onetime,288.82,0.04121234792833395,Loyal Customers,Low Risk
a9e4348b76f85861ada324e72dc92aca,2017-12-11 20:47:16,1,On Time,-40.0,Onetime,79.9,0.011401103107381355,Loyal Customers,Low Risk
aa1dad17da0400e391f5eabb98dd5d23,2017-07-26 13:47:20,1,On Time,-12.0,Onetime,32.7,0.0046660334369383015,At Risk,High Risk
aa2511d870f9323a51307961b1030a5a,2018-05-04 21:40:39,1,On Time,-8.0,Onetime,0.0,0.0,Loyal Customers,Low Risk
aa2630ebac79aa0c7749370b705121bc,2017-10-03 11:27:21,1,On Time,-7.0,Onetime,198.0,0.028253046498892466,At Risk,High Risk
aa296e5d37360fb5fcff6dc7dd8d2256,2018-05-03 13:49:39,1,On Time,-13.0,Onetime,18.9,0.002696881711257917,Loyal Customers,Low Risk
aa2ca40652b784ea8e309f01611e4ab6,2017-11-28 07:50:35,1,Has Delays,8.0,Onetime,69.99,0.009987023860896383,At Risk,High Risk
aa35650a86af4216f8a8a5c90339bdd7,2017-03-05 23:21:34,1,On Time,-15.0,Onetime,69.9,0.00997418156703325,At Risk,High Risk
aa3bf249b773d47a88cd191c16152086,2018-06-28 12:22:47,1,On Time,-15.0,Onetime,129.9,0.018535710809121878,Champions,Low Risk
aa4baf893fa81bf5c57a380869bb4cdb,2018-07-20 19:23:21,1,On Time,-9.0,Onetime,0.0,0.0,Loyal Customers,Low Risk
aa53cf1e7f6ecf44d9ecd0fbc1efb059,2017-11-30 15:47:28,1,On Time,-14.0,Onetime,0.0,0.0,At Risk,High Risk
aa59e23a1fdb544008529f635be3f8cf,2018-01-17 10:50:09,1,Has Delays,73.0,Onetime,89.0,0.012699601709098129,Loyal Customers,Low Risk
aa6a39ce5535496e6ca5d80498515216,2017-02-17 00:29:34,1,On Time,-19.0,Onetime,0.0,0.0,At Risk,High Risk
aa75aabc388e5d825562397365e0ac61,2018-06-20 16:44:28,1,On Time,-23.0,Onetime,68.0,0.00970306647436711,Loyal Customers,Low Risk
aa811a75ef9003dec42385049372c22e,2018-05-01 11:20:00,1,On Time,-14.0,Onetime,64.9,0.009260720796859197,Loyal Customers,Low Risk
aa811dd4c5b1ca28de6db905ec51ad5e,2017-01-05 16:05:07,1,On Time,-28.0,Onetime,8.9,0.0012699601709098129,At Risk,High Risk
aa89b22a058fdde1a1bd73270cfb7b74,2017-09-27 23:06:21,1,On Time,-20.0,Onetime,19.98,0.0028509892376155127,At Risk,High Risk
aa8c932576d8ba562f48505a9f25a2be,2017-03-10 10:05:43,1,On Time,-12.0,Onetime,158.0,0.02254536033750005,At Risk,High Risk
aaa1c67c77562ad0d99806a54088fc9e,2017-01-23 07:33:11,1,On Time,-23.0,Onetime,59.9,0.008547260026685145,At Risk,High Risk
aaa606a7a5be91c8779edcfab22c1689,2018-07-29 18:42:41,1,On Time,-11.0,Onetime,114.9,0.01639532849859972,Champions,Low Risk
aaad3653532dded28b92de15ebf3ac5c,2017-10-13 09:59:35,1,On Time,-11.0,Onetime,75.0,0.010701911552610783,At Risk,High Risk
aabc3cb2442d5fde20de031b717eee8b,2018-07-27 15:25:51,1,On Time,-6.0,Onetime,119.9,0.017108789268773773,Champions,Low Risk
aac6c5c4314e4c2721df1440f0ede0fd,2017-06-27 19:49:20,1,On Time,-15.0,Onetime,119.49,0.017050285485619498,At Risk,High Risk
aad99270bc43606a7af9647b7a7de9e4,2018-08-12 22:56:51,1,On Time,-15.0,Onetime,704.6700000000001,0.10055088018370989,Champions,Low Risk
aae2cacd213190a4428cb5975023d603,2018-07-22 20:05:18,1,On Time,-21.0,Onetime,183.38,0.026166887206903536,Champions,Low Risk
aae57465413417f890866a044a7e378d,2018-04-19 16:12:10,1,On Time,-20.0,Onetime,67.0,0.009560374320332299,Loyal Customers,Low Risk
aae57739c16a460e0fbde4243ab139d3,2017-12-08 12:22:58,1,On Time,-2.0,Onetime,419.0,0.05978801254058557,Loyal Customers,Low Risk
aaec5bd8971bcff98276f504acb38929,2017-10-22 20:17:18,1,On Time,-10.0,Onetime,30.0,0.0042807646210443135,At Risk,High Risk
aaed343de3aa22691c00d669d59a37e8,2018-02-18 19:21:55,1,On Time,-9.0,Onetime,0.0,0.0,Loyal Customers,Low Risk
aaf304dbc088e84a44f92917d87f6d0a,2018-06-02 11:14:30,1,On Time,-23.0,Onetime,169.9,0.024243396970514294,Champions,Low Risk
aaff146bd210808c7d004a05966472a7,2017-11-08 17:08:56,1,On Time,-20.0,Onetime,179.8,0.025656049295458918,At Risk,High Risk
ab1ab390f31be556889e96b7d19bc610,2017-11-26 17:47:17,1,On Time,-21.0,Onetime,79.0,0.011272680168750025,At Risk,High Risk
ab2cb7bb06f35fc8568291b0ca36ef82,2017-02-24 15:13:02,1,On Time,-10.0,Onetime,0.0,0.0,At Risk,High Risk
ab451b486278ea9f8e30f3eff137ebd4,2018-08-20 22:15:07,1,On Time,-6.0,Onetime,295.0,0.04209418544026908,Champions,Low Risk
ab51e24e022fa42d70c04ab4fb4770f4,2018-05-20 14:17:22,1,On Time,0.0,Onetime,0.0,0.0,Loyal Customers,Low Risk
ab652e677e82ebb2f1617988d70f9f6c,2018-05-11 22:49:21,1,On Time,-9.0,Onetime,19.9,0.0028395738652927274,Loyal Customers,Low Risk
ab65c8033f3f79397b23ae75b3944d15,2018-08-12 11:41:14,1,On Time,-7.0,Onetime,48.9,0.00697764633230223,Loyal Customers,Low Risk
ab727a18f23821f22e4e41da686a62c3,2018-04-03 18:21:15,1,On Time,-18.0,Onetime,98.44,0.014046615643186738,Champions,Low Risk
ab7bed4092cc3dadbaefba86cb45f37f,2017-10-28 21:26:26,1,On Time,-9.0,Onetime,39.9,0.005693416945988936,At Risk,High Risk
ab93bfed86e2417198d66cf58945442e,2018-06-01 11:26:06,1,On Time,-29.0,Onetime,0.0,0.0,Loyal Customers,Low Risk
aba9ce09a4b04f3e70e16ae18ca1cb1e,2017-12-04 14:37:42,1,Has Delays,11.0,Onetime,0.0,0.0,Loyal Customers,Low Risk
abb30df339614118b0728ba40e31780e,2017-09-12 20:38:53,1,On Time,-4.0,Onetime,95.0,0.013555754633306992,At Risk,High Risk
abc164f170bda3e76317237679b356b5,2017-06-01 10:42:34,1,On Time,-3.0,Onetime,0.0,0.0,At Risk,High Risk
abcc989c63277cbc664c1f13e1350892,2017-02-07 22:03:42,1,On Time,-34.0,Onetime,19.7,0.0028110354344857654,At Risk,High Risk
abd8527d80fe223ffa5c47e09e325fd0,2018-01-11 14:59:27,1,On Time,-24.0,Onetime,66.9,0.00954610510492882,Loyal Customers,Low Risk
abe351201e61437f658332cdce4c3c52,2018-03-04 13:53:47,1,On Time,-28.0,Onetime,14.0,0.001997690156487346,Loyal Customers,Low Risk
abf1d6bd1161f2d55493942abb8c1402,2018-02-01 15:10:56,1,On Time,-9.0,Onetime,99.9,0.014254946188077563,Loyal Customers,Low Risk
abf410b2ca80a64cc2836e9f2d5d2ee5,2018-03-27 23:53:33,1,Has Delays,5.0,Onetime,695.0,0.09917104705419325,Champions,Low Risk
ac163d5daa3ed7728989d4049eb6fbfc,2018-03-13 19:06:38,1,On Time,-14.0,Onetime,24.99,0.0035658769293299124,Loyal Customers,Low Risk
ac307db9d15fc5bb19b61298bd6bd1ed,2018-07-13 15:45:51,1,On Time,-16.0,Onetime,336.49,0.04801448291117336,Champions,Low Risk
ac3d0170d3ca79e7512a06a516f4621d,2018-05-16 14:15:12,1,On Time,-12.0,Onetime,139.2,0.01986274784164561,Champions,Low Risk
ac4aeb840ae2987076143c45d465e8a5,2017-11-29 17:43:34,1,On Time,-14.0,Onetime,74.9,0.010687642337207303,At Risk,High Risk
ac4bb8d4eaa1e1de3d75271ffd538d61,2018-08-16 12:18:45,1,On Time,-3.0,Onetime,0.0,0.0,Loyal Customers,Low Risk
ac5825d0d9072b54d4dcb8540b1699cb,2018-07-13 19:00:27,1,On Time,-6.0,Onetime,59.0,0.008418837088053816,Loyal Customers,Low Risk
ac5a446b6eb92f59a152ae107604868f,2017-09-13 12:24:18,1,On Time,-19.0,Onetime,7.48,0.0010673373121803823,At Risk,High Risk
ac655882b54449ebf0a37d604d15cb74,2018-04-03 09:40:44,1,Has Delays,49.0,Onetime,120.0,0.017123058484177254,Champions,Low Risk
ac7d4fa6770970725c1a4cf26aba43cd,2017-03-22 16:58:07,1,On Time,-16.0,Onetime,0.0,0.0,At Risk,High Risk
ac90d7e8cf52394b28d880b4f174d113,2017-05-26 16:12:07,1,On Time,-8.0,Onetime,399.99,0.05707543469238383,At Risk,High Risk
ac96769b758dad3bd572bc5e3fcb8511,2017-11-05 11:12:52,1,On Time,-15.0,Onetime,299.9,0.04279337699503965,At Risk,High Risk
ac9ec8cf5ffa30efdb78abc6c2239e88,2018-07-05 21:00:10,1,On Time,-24.0,Onetime,449.9,0.06419720010026121,Champions,Low Risk
aca1aef6f605cadc149aaccefd3764b5,2017-09-06 22:12:52,1,On Time,-11.0,Onetime,69.9,0.00997418156703325,At Risk,High Risk
acc0e3b063cb014e3ef92b08b5836bcf,2018-08-14 10:41:49,1,On Time,-8.0,Onetime,98.0,0.013983831095411422,Champions,Low Risk
acc6272ca5228177e324bd704e24488f,2017-05-19 15:20:58,1,On Time,-13.0,Onetime,42.9,0.006121493408093367,At Risk,High Risk
acfc41e34b586a5d6850f2a6b3ae0183,2017-11-27 22:23:47,1,On Time,-11.0,Onetime,120.9,0.017251481422808582,At Risk,High Risk
ad1cb06f09b27e4773870d1f76a68557,2016-10-08 13:54:03,1,On Time,-46.0,Onetime,69.99,0.009987023860896383,At Risk,High Risk
ad1e1401517d0c579608a2eeec740c41,2018-06-18 10:40:20,1,On Time,-8.0,Onetime,56.0,0.007990760625949384,Loyal Customers,Low Risk
ad24f43435c874a9a198b3a461d7e155,2018-07-04 16:02:31,1,On Time,-5.0,Onetime,98.6,0.014069446387832309,Champions,Low Risk
ad27d4cdc2ccb277c7360e35093b4d2b,2017-12-22 16:44:28,1,On Time,-15.0,Onetime,89.9,0.012828024647729459,Loyal Customers,Low Risk
ad28944afc91824e30366a595654aaa4,2018-05-15 09:10:20,1,On Time,-8.0,Onetime,0.0,0.0,Loyal Customers,Low Risk
ad2b6d1d30e0997f9fe324199b93144f,2017-08-14 09:13:30,1,On Time,-11.0,Onetime,30.0,0.0042807646210443135,At Risk,High Risk
ad2bbf8d4d2af0537f9f5ff6f3ad8192,2018-06-10 20:08:36,1,On Time,-7.0,Onetime,0.0,0.0,Loyal Customers,Low Risk
ad30bc0453a6553d7fe530b1b822d124,2018-07-27 22:23:49,1,On Time,-8.0,Onetime,29.99,0.0042793376995039645,Loyal Customers,Low Risk
ad358ba52e3e3327a83f607f1a4bec6c,2018-08-15 21:15:58,1,On Time,0.0,Onetime,35.7,0.005094109899042733,Loyal Customers,Low Risk
ad364a72320b9cc9fa436bce66ef8184,2017-09-19 19:46:11,1,On Time,-6.0,Onetime,0.0,0.0,At Risk,High Risk
ad38c335f3fe3a43c7d28c227953b9e5,2018-06-21 19:03:23,1,On Time,-11.0,Onetime,167.0,0.02382958972381334,Champions,Low Risk
ad517903c87df3a6c1e8b5fd4edfc521,2018-01-08 22:32:31,1,On Time,-9.0,Onetime,49.9,0.007120338486337041,Loyal Customers,Low Risk
ad81e59315d4f51885bc0dab4753d45a,2018-06-11 22:28:26,1,On Time,-20.0,Onetime,99.06,0.014135084778688323,Champions,Low Risk
ad85f34e57e670a213885286b6a6a93f,2018-06-23 19:29:12,1,On Time,-23.0,Onetime,14.0,0.001997690156487346,Loyal Customers,Low Risk
ad8afaa36c68da1bb75598c756c1148e,2018-08-16 10:39:48,1,On Time,-25.0,Onetime,22.32,0.0031848888780569686,Loyal Customers,Low Risk
ad9ea4d00c39f9f3213f2cb69b1bf3a8,2018-08-08 19:27:03,1,Has Delays,3.0,Onetime,22.0,0.0031392273887658295,Loyal Customers,Low Risk
ada32fb81ebb80940c51e933e2e45c63,2018-01-30 18:33:28,1,On Time,-6.0,Onetime,29.99,0.0042793376995039645,Loyal Customers,Low Risk
ada75a4fe78965ba507a043fadb07ce9,2017-10-18 11:53:15,1,On Time,-8.0,Onetime,70.9,0.010116873721068061,At Risk,High Risk
adb179736cd012663455d999399bd2b5,2017-08-30 12:46:37,1,On Time,-7.0,Onetime,99.9,0.014254946188077563,At Risk,High Risk
adb4178cb86ee499a8aeae1f099a6bef,2017-08-10 11:58:33,1,Has Delays,12.0,Onetime,0.0,0.0,At Risk,High Risk
adc242e8e42f58c3793a152813b35d23,2017-09-28 13:32:31,1,On Time,-13.0,Onetime,39.8,0.005679147730585455,At Risk,High Risk
adc650abc7894831caafbf528540e9ea,2018-08-01 23:01:03,1,On Time,-16.0,Onetime,134.99,0.019262013873159064,Champions,Low Risk
addbdb6a87401fca750e8aa543641232,2018-07-22 06:24:50,1,On Time,-15.0,Onetime,182.0,0.0259699720343355,Champions,Low Risk
added1a2b033889698075770b7514df7,2018-06-11 17:46:23,1,On Time,-15.0,Onetime,42.6,0.006078685761882925,Loyal Customers,Low Risk
adec8d35d0e9977d9562671cef505f8f,2018-05-24 18:04:31,1,On Time,-12.0,Onetime,0.0,0.0,Loyal Customers,Low Risk
adeefbe14d26d3bf90facfeaae35d605,2018-05-01 08:12:37,1,On Time,-12.0,Onetime,29.99,0.0042793376995039645,Loyal Customers,Low Risk
adfae35ff9b67586302b5ddb0b7897db,2017-06-04 20:44:34,1,On Time,-14.0,Onetime,359.9,0.05135490623712827,At Risk,High Risk
ae16e6eb8860cb4603641fa754f4c96d,2018-06-02 11:53:45,1,On Time,-21.0,Onetime,227.9,0.0325195419045333,Champions,Low Risk
ae2562ed4271cf17df29478ed2321e73,2018-03-21 13:04:09,1,On Time,-18.0,Onetime,69.88,0.009971327723952553,Loyal Customers,Low Risk
ae321e028b6df39a2136312feb2f84e4,2018-02-05 17:32:12,1,On Time,-17.0,Onetime,60.0,0.008561529242088627,Loyal Customers,Low Risk
ae33f41c36f829c6194fdf1ba5721b88,2017-11-25 16:23:49,1,On Time,-9.0,Onetime,21.15,0.0030179390578362404,At Risk,High Risk
ae3759d2ee307574752179acccd595b6,2018-02-03 14:56:55,1,On Time,-6.0,Onetime,27.9,0.0039811110975712105,Loyal Customers,Low Risk
ae435cce5c0d593eef879232c85c223f,2018-02-14 21:13:12,1,On Time,-10.0,Onetime,0.0,0.0,Loyal Customers,Low Risk
ae44510fbe1ff7826298182f9f21aee9,2018-03-18 22:01:30,1,On Time,-22.0,Onetime,151.9,0.021674938197887707,Champions,Low Risk
ae5360aab0ba8d2def152ff0537f2ae9,2018-07-16 11:56:49,1,On Time,-10.0,Onetime,36.0,0.0051369175452531755,Loyal Customers,Low Risk
ae6346c98b34af56ddb4f5fa73968b7a,2017-11-27 00:58:20,1,On Time,-10.0,Onetime,149.99,0.02140239618368122,At Risk,High Risk
ae72fc322c436d955bae749b31ef4b97,2018-04-13 07:50:12,1,On Time,-22.0,Onetime,64.9,0.009260720796859197,Loyal Customers,Low Risk
ae806b7c5b3dc9376b49d71f26186f3c,2017-07-17 20:50:44,1,On Time,-20.0,Onetime,45.9,0.006549569870197798,At Risk,High Risk
ae8ee2242d25aa7f3250013adc7474b1,2017-07-12 17:40:52,1,Has Delays,26.0,Onetime,899.0,0.12828024647729458,At Risk,High Risk
ae98f5a00b4d01521a06567ba1f0033d,2018-06-16 19:42:55,1,On Time,-21.0,Onetime,49.0,0.006991915547705711,Loyal Customers,Low Risk
ae9ae5072fe8d5b2a1f7072a833f0afc,2018-02-27 15:42:55,1,On Time,-9.0,Onetime,139.8,0.0199483631340665,Loyal Customers,Low Risk
ae9e13bef4d6e0e50671e16c2b623a3a,2018-04-12 09:28:14,1,On Time,-15.0,Onetime,156.99,0.02240124126192489,Champions,Low Risk
aea1294c6b907b03c670cc2ddef0e056,2017-11-25 08:05:08,1,On Time,-3.0,Onetime,494.99,0.07063118932569082,At Risk,High Risk
aea223346a5f80ca5f8c6f5a1a4e5e78,2017-05-14 22:34:09,1,On Time,-12.0,Onetime,0.0,0.0,At Risk,High Risk
aea3fa1fa5d8971c35a15b3e836e6d8d,2017-03-31 11:30:55,1,On Time,-28.0,Onetime,69.9,0.00997418156703325,At Risk,High Risk
aeb8478d4eba0ec09751b4c9341b3cac,2017-11-02 13:18:17,1,On Time,-18.0,Onetime,91.78,0.013096285897314902,At Risk,High Risk
aec4d44a02c74d625116e7d94fafd67b,2018-08-04 22:18:12,1,On Time,0.0,Onetime,0.0,0.0,Loyal Customers,Low Risk
aed42e87e8e87dcd62a19f37b59b1700,2018-08-22 22:04:26,1,On Time,-14.0,Onetime,149.9,0.021389553889818086,Champions,Low Risk
aee0c940f4ab71541887ec8e366b1e4c,2018-04-05 20:42:57,1,On Time,-14.0,Onetime,69.98,0.009985596939356035,Loyal Customers,Low Risk
aeea6bfadfe45feabb1b8c9044547391,2017-07-28 13:47:16,1,On Time,-12.0,Onetime,75.0,0.010701911552610783,At Risk,High Risk
af07308b275d755c9edb36a90c618231,2018-07-24 20:41:37,1,On Time,-6.0,Onetime,118.7,0.016937558683932,Champions,Low Risk
af12ef07bc82c2f958bb5b12384be27e,2017-12-20 04:52:44,1,On Time,-5.0,Onetime,45.9,0.006549569870197798,Loyal Customers,Low Risk
af1ff1787969f2ed8bb7476d58167835,2017-03-18 15:22:19,1,On Time,-12.0,Onetime,75.0,0.010701911552610783,At Risk,High Risk
af28818a32d45d8645ed4dc02a0d475c,2018-06-19 11:47:02,1,On Time,-21.0,Onetime,64.8,0.009246451581455714,Loyal Customers,Low Risk
af2e8236fa3043ae9b3efff5dc692d50,2018-03-13 00:09:42,1,On Time,-10.0,Onetime,39.9,0.005693416945988936,Loyal Customers,Low Risk
af38652301582772fecf512f8fb75111,2018-03-15 12:33:14,1,On Time,-7.0,Onetime,39.9,0.005693416945988936,Loyal Customers,Low Risk
af3b89ee7f3a1cfefc9c5d3dbca30d6f,2018-04-30 23:40:41,1,On Time,-12.0,Onetime,0.0,0.0,Loyal Customers,Low Risk
af42b7fb8707f6e42736d04d2073e2e2,2017-07-02 00:25:04,1,On Time,-4.0,Onetime,89.9,0.012828024647729459,At Risk,High Risk
af442338ff3b3024146bed177fe6dca8,2018-03-23 14:33:29,1,On Time,-15.0,Onetime,59.9,0.008547260026685145,Loyal Customers,Low Risk
af4d3cd0b29b208c971ff6ad78b41b79,2018-01-22 10:10:44,1,On Time,-1.0,Onetime,69.9,0.00997418156703325,Loyal Customers,Low Risk
af567bc27ac764bf37984b0a46b76d5f,2018-01-15 13:56:58,1,On Time,-14.0,Onetime,27.99,0.003993953391434344,Loyal Customers,Low Risk
af5c42fb895556a17adafcee7fb7ebe1,2017-09-01 13:39:38,1,On Time,-8.0,Onetime,0.0,0.0,At Risk,High Risk
af5e9dd2db7d2ad0a110f3a4b02fd783,2017-09-14 08:02:31,1,Has Delays,9.0,Onetime,0.0,0.0,At Risk,High Risk
af702f368f324149262ef325cf76e5dc,2018-06-13 11:29:48,1,On Time,-16.0,Onetime,0.0,0.0,Loyal Customers,Low Risk
af70cd6337ae27de089c616dad39bea0,2017-09-17 12:15:07,1,On Time,-13.0,Onetime,0.0,0.0,At Risk,High Risk
af81655b9450b305507053d819c28c6a,2018-07-26 16:16:52,1,On Time,-24.0,Onetime,170.0,0.024257666185917775,Champions,Low Risk
af8b2d09c4aa3036566914760882f8b7,2017-11-03 00:18:41,1,On Time,-18.0,Onetime,149.99,0.02140239618368122,At Risk,High Risk
af9665a7a1cf3fb1ae02dd83e8c54c8d,2018-05-01 12:45:11,1,On Time,-21.0,Onetime,99.9,0.014254946188077563,Champions,Low Risk
af9cbc9f65b6e6d3b1f45eb5d748416f,2018-04-01 21:29:36,1,Has Delays,6.0,Onetime,0.0,0.0,Loyal Customers,Low Risk
afa4fbe424bab6593e9a8395836966ef,2017-05-10 15:34:59,1,On Time,-1.0,Onetime,49.99,0.007133180780200174,At Risk,High Risk
afa602f01babaaaa3376444634400a25,2018-01-18 11:21:37,1,On Time,-13.0,Onetime,78.0,0.011129988014715214,Loyal Customers,Low Risk
afad0f2ff6db48eaf48e85d9eff34373,2018-06-26 13:38:55,1,On Time,-8.0,Onetime,0.0,0.0,Loyal Customers,Low Risk
afb1904c9b0ca47a823192b156877374,2018-05-24 15:06:12,1,On Time,-12.0,Onetime,87.28,0.012454171204158256,Loyal Customers,Low Risk
afb7052400f007bf6c166de1c9f683fe,2017-11-21 13:56:43,1,On Time,-6.0,Onetime,159.0,0.022688052491534858,At Risk,High Risk
afb9a07380963f172c8a956bef0fd28c,2017-03-16 14:06:02,1,On Time,-12.0,Onetime,0.0,0.0,At Risk,High Risk
afbe9434938af234d7169a2afd77dfdb,2017-12-28 12:46:11,1,On Time,-13.0,Onetime,0.0,0.0,Loyal Customers,Low Risk
afde5d9dce0bb8da161eb27c2b079226,2018-03-10 18:40:17,1,On Time,-6.0,Onetime,146.21,0.020863019841429634,Champions,Low Risk
afdf09d5b07535df233425f49ff3e599,2017-10-12 02:31:17,1,On Time,-8.0,Onetime,51.87,0.007401442029785617,At Risk,High Risk
afee8d312f30964ff72528a719219034,2018-04-17 11:25:39,1,On Time,-6.0,Onetime,0.0,0.0,Loyal Customers,Low Risk
affff75a131ac35c7afd497ab57a6337,2017-06-27 22:36:13,1,On Time,-6.0,Onetime,0.0,0.0,At Risk,High Risk
b0004e82bf1f90c43ffe748ce54be94a,2017-08-24 19:56:08,1,On Time,-15.0,Onetime,0.0,0.0,At Risk,High Risk
b00e0fd2ae759fd947aac853c836b93c,2017-05-31 17:35:20,1,On Time,-18.0,Onetime,79.9,0.011401103107381355,At Risk,High Risk
b010c55c8b77285afc3eda1fc35f390c,2017-10-17 17:02:32,1,On Time,-14.0,Onetime,89.0,0.012699601709098129,At Risk,High Risk
b0227107dc3db57d38d11a09273327ce,2017-07-14 14:34:28,1,On Time,-16.0,Onetime,149.0,0.021261130951186754,At Risk,High Risk
b03346a8e14bff6e1d669625df319821,2017-12-12 08:20:07,1,On Time,-5.0,Onetime,86.99,0.01241279047948816,Loyal Customers,Low Risk
b036a834a3a5f0902736f184b65936c9,2018-08-01 22:14:52,1,On Time,-8.0,Onetime,99.0,0.014126523249446233,Champions,Low Risk
b0454e831e63abc9d4148e48e4ebb4ae,2018-02-06 20:55:29,1,On Time,-3.0,Onetime,96.36,0.013749815962794332,Loyal Customers,Low Risk
b045db9d44a52b02532dcb425be1313b,2018-01-22 12:45:55,1,On Time,-16.0,Onetime,80.0,0.011415372322784835,Loyal Customers,Low Risk
b05a0be462115e2c6e1580b127161643,2018-07-09 22:59:16,1,On Time,-11.0,Onetime,120.0,0.017123058484177254,Champions,Low Risk
b0608ebf65dbde33b45973a50e9f8965,2018-05-17 08:33:19,1,On Time,-3.0,Onetime,0.0,0.0,Loyal Customers,Low Risk
b0659017a3aae5e74b38d51c7c23a135,2018-07-24 15:00:17,1,On Time,-24.0,Onetime,46.95,0.00669939663193435,Loyal Customers,Low Risk
b08151a30ac8321a74af864d51aa27cb,2018-06-19 16:10:55,1,On Time,-28.0,Onetime,122.99,0.017549708024741335,Champions,Low Risk
b08428dc70f6011f89da661fbbf1e654,2017-12-26 02:35:27,1,On Time,-31.0,Onetime,133.0,0.01897805648662979,Loyal Customers,Low Risk
b08aea5eb574f4513b352220d6de7ca8,2018-06-15 12:46:02,1,On Time,-22.0,Onetime,65.9,0.00940341295089401,Loyal Customers,Low Risk
b08b68bac767c3269e827f822d308182,2018-02-18 20:42:53,1,Has Delays,15.0,Onetime,38.98,0.00556214016427691,Loyal Customers,Low Risk
b0aad0b7003ea9500a5635383fc123da,2017-12-27 19:56:29,1,On Time,-17.0,Onetime,49.99,0.007133180780200174,Loyal Customers,Low Risk
b0ba54f5aa2dfde39043ab0a7e572bc5,2018-04-19 16:28:30,1,On Time,-18.0,Onetime,298.0,0.04252226190237351,Champions,Low Risk
b0bba163bbb8aef57222338365d5a2a2,2017-12-11 19:56:32,1,On Time,-15.0,Onetime,19.9,0.0028395738652927274,Loyal Customers,Low Risk
b0cb09eb848eddd6485a6a38e5a2f134,2017-04-20 11:33:57,1,On Time,-21.0,Onetime,13.9,0.0019834209410838654,At Risk,High Risk
b0cd6a169aaf7502ca3783e5e7527921,2017-04-28 16:28:03,1,Has Delays,112.0,Onetime,158.0,0.02254536033750005,At Risk,High Risk
b0d28a4603fe3c14a3f6cf3e4b22582b,2017-08-01 10:06:37,1,On Time,-16.0,Onetime,69.0,0.00984575862840192,At Risk,High Risk
b0df0c28ffa58ea9035f06f993bc717a,2018-08-25 11:24:40,1,On Time,-6.0,Onetime,89.0,0.012699601709098129,Champions,Low Risk
b0ecafea73390cea9e4b6c6a8d7e8c14,2017-05-09 11:39:21,1,On Time,-14.0,Onetime,22.99,0.0032804926212602918,At Risk,High Risk
b0ff65b2616bd5d0412b771e2d77dfff,2018-03-28 22:51:34,1,On Time,-6.0,Onetime,10.99,0.0015681867728425667,Loyal Customers,Low Risk
b1011cba0fd71c89bdb2a5c3b90bb1ae,2017-10-08 14:53:58,1,On Time,-19.0,Onetime,210.89,0.03009234836440117,At Risk,High Risk
b1039a56990acdddd5438aea568557db,2018-07-31 14:08:48,1,On Time,-26.0,Onetime,194.89000000000001,0.027809273899844212,Champions,Low Risk
b118181abcb0f3623b02187e09399f27,2017-09-05 15:20:35,1,On Time,-13.0,Onetime,490.0,0.06991915547705711,At Risk,High Risk
b11b7871c2b8be2d11fab954f58542f2,2018-05-11 13:10:51,1,On Time,-15.0,Onetime,49.9,0.007120338486337041,Loyal Customers,Low Risk
b12395811e01d94e02384d7e2c86cd7e,2018-06-14 11:49:17,1,On Time,-13.0,Onetime,92.4,0.013184755032816487,Champions,Low Risk
b14edf7220c5c77f27f11567178c24fb,2018-01-11 20:04:57,1,On Time,-15.0,Onetime,119.69999999999999,0.017080250837966805,Loyal Customers,Low Risk
b15035bdc5680d5f32c2d860cfc2f8fc,2018-08-21 17:10:10,1,On Time,-7.0,Onetime,104.6,0.014925599312041172,Champions,Low Risk
b1527fed376c77c2a8e44ea89e76dc73,2017-11-27 20:39:12,1,On Time,-10.0,Onetime,0.0,0.0,At Risk,High Risk
b162f904785d797290eebca549a1abb6,2017-12-15 08:56:56,1,On Time,-18.0,Onetime,0.0,0.0,Loyal Customers,Low Risk
b16fb911b630683ceb69b95014c82af4,2018-06-10 13:45:22,1,On Time,-8.0,Onetime,54.9,0.007833799256511093,Loyal Customers,Low Risk
b1767ae2e851903267781886bd02f23b,2017-12-05 09:51:38,1,On Time,-9.0,Onetime,28.9,0.004123803251606021,Loyal Customers,Low Risk
b1a15c9e2d508753b52cf3d6eae74808,2017-11-12 22:33:11,1,On Time,0.0,Onetime,79.0,0.011272680168750025,At Risk,High Risk
b1a24cdf73b449d0b8b2b0b5ab183aa6,2018-01-31 23:14:12,1,On Time,-15.0,Onetime,149.9,0.021389553889818086,Loyal Customers,Low Risk
b1b1e0a969f47ab397202becc860b444,2017-11-29 23:02:28,1,Has Delays,10.0,Onetime,133.0,0.01897805648662979,At Risk,High Risk
b1b93863f915666b37dc18a81921f281,2018-05-04 14:06:34,1,On Time,-13.0,Onetime,109.9,0.01568186772842567,Champions,Low Risk
b1c6229cc6b45d42d369d5b1445ff5bb,2018-02-09 00:04:33,1,On Time,-3.0,Onetime,299.9,0.04279337699503965,Loyal Customers,Low Risk
b1d54204de1d43a54e30c7274281504c,2018-04-18 13:13:47,1,On Time,-42.0,Onetime,0.0,0.0,Loyal Customers,Low Risk
b1dede4db8218754b7f4fbe2c60cf162,2017-11-24 10:31:52,1,On Time,-11.0,Onetime,19.99,0.0028524161591558603,At Risk,High Risk
b1e2374fc88dd0dde96b938e49cf1a3a,2017-09-18 01:02:11,1,On Time,-1.0,Onetime,279.9,0.03993953391434344,At Risk,High Risk
b1f9c3dc60cf615d94760ef1f7356c22,2017-12-11 23:10:16,1,On Time,-13.0,Onetime,159.99,0.022829317724029324,Loyal Customers,Low Risk
b1fc5d54fc2cf731201d449508cc9109,2018-04-24 20:07:22,1,On Time,-19.0,Onetime,0.0,0.0,Loyal Customers,Low Risk
b20060de6cb6e49f4fbcf32a9effb25b,2017-05-23 20:19:03,1,On Time,-8.0,Onetime,39.9,0.005693416945988936,At Risk,High Risk
b20bf234e1052dbc80c1b5d7ab538261,2018-08-19 22:45:16,1,Has Delays,3.0,Onetime,85.9,0.012257256031590218,Loyal Customers,Low Risk
b2112b3b9339f6532b94e5a64c61dab8,2018-03-20 15:36:44,1,Has Delays,3.0,Onetime,78.9,0.011258410953346544,Loyal Customers,Low Risk
b224df8756a4e80f5598fff21316b833,2018-08-04 09:09:37,1,On Time,-7.0,Onetime,79.9,0.011401103107381355,Loyal Customers,Low Risk
b225729f32aea3d05f33792a9a369c30,2018-08-07 14:18:27,1,On Time,-5.0,Onetime,0.0,0.0,Loyal Customers,Low Risk
b22cf21840e60934c4df94ce2b42d7a1,2018-03-02 09:39:07,1,On Time,-20.0,Onetime,192.99,0.027538158807178068,Loyal Customers,Low Risk
b26517697abc966b9d0547f53ccccbe6,2018-06-25 17:26:38,1,On Time,-21.0,Onetime,122.99,0.017549708024741335,Champions,Low Risk
b26858a322cb230c32a83a34d593ba90,2017-09-10 10:12:26,1,On Time,-10.0,Onetime,54.99,0.007846641550374225,At Risk,High Risk
b271d05b0af445bdb35bce5cee0e0c40,2018-04-02 19:37:23,1,On Time,-29.0,Onetime,45.0,0.00642114693156647,Loyal Customers,Low Risk
b2745c56b7b0ccb493c8b2c050007b4b,2018-02-04 12:03:15,1,On Time,-13.0,Onetime,0.0,0.0,Loyal Customers,Low Risk
b27f32098e91da7de6c07361565ad1de,2017-11-24 19:54:54,1,On Time,-13.0,Onetime,299.99,0.04280621928890278,At Risk,High Risk
b289291bcfd0b339685b14bf220db3ad,2017-11-14 08:13:32,1,On Time,-11.0,Onetime,0.0,0.0,At Risk,High Risk
b29e4b51682d4ed20d84d03fdc4d0a8e,2017-02-27 19:54:44,1,On Time,-7.0,Onetime,59.8,0.008532990811281662,At Risk,High Risk
b2a394fea93b8eb9996e841e9b1f3328,2018-02-28 20:09:30,1,On Time,-5.0,Onetime,70.0,0.009988450782436731,Loyal Customers,Low Risk
b2c2a93dc3c3b2996fcb4baf73f09f61,2018-02-02 22:49:58,1,On Time,-19.0,Onetime,299.0,0.04266495405640832,Loyal Customers,Low Risk
b2c68e8a325923db717c2d7ecfe8ad44,2018-06-15 12:08:47,1,On Time,-12.0,Onetime,29.99,0.0042793376995039645,Loyal Customers,Low Risk
b2cac0b16835dabf811b204127f58afa,2018-02-01 14:02:19,1,On Time,-9.0,Onetime,39.47,0.005632059319753967,Loyal Customers,Low Risk
b2d3863477633ff42a3dad9a7dd61cda,2018-06-08 12:19:58,1,On Time,-20.0,Onetime,25.0,0.003567303850870261,Loyal Customers,Low Risk
b2ee5bbc35d3e89184dd87c1d957b013,2018-07-08 22:01:30,1,On Time,-14.0,Onetime,225.0,0.03210573465783235,Champions,Low Risk
b2f7eacecad4eed16774885920e3d2a4,2017-11-28 17:46:25,1,On Time,-9.0,Onetime,24.9,0.00355303463546678,At Risk,High Risk
b2fd1deaa3bc329937e3390404303e60,2017-07-12 14:11:35,1,On Time,-13.0,Onetime,49.9,0.007120338486337041,At Risk,High Risk
b2fd519abdc982e824b1db5251493231,2018-06-24 13:41:54,1,On Time,-20.0,Onetime,155.0,0.02211728387539562,Champions,Low Risk
b305ead9694a97627d794d5550c00c7e,2017-11-09 13:00:58,1,On Time,-8.0,Onetime,139.9,0.01996263234946998,At Risk,High Risk
b307d4a1272c57f08f47bf4b7638b049,2017-10-27 21:30:42,1,On Time,-8.0,Onetime,24.99,0.0035658769293299124,At Risk,High Risk
b30bedf72f26c865890fd833ff44a96c,2017-12-12 17:52:38,1,On Time,-15.0,Onetime,49.0,0.006991915547705711,Loyal Customers,Low Risk
b315861215eb4ceec45d0c299e7b004e,2017-12-02 23:23:26,1,On Time,-20.0,Onetime,400.0,0.057076861613924175,Loyal Customers,Low Risk
b3280d735cecbe8dedce6bd0e04f9784,2017-08-31 15:16:50,1,On Time,-11.0,Onetime,85.0,0.012128833092958887,At Risk,High Risk
b32880dc4e86d9393b420f4881d01364,2018-02-27 15:23:07,1,On Time,-22.0,Onetime,0.0,0.0,Loyal Customers,Low Risk
b329ed361b94aa14781944b23063b5b0,2018-03-18 20:59:28,1,On Time,-26.0,Onetime,129.0,0.018407287870490546,Champions,Low Risk
b33ab8755cd35552942225232a9a8849,2017-12-09 17:27:58,1,On Time,-28.0,Onetime,189.9,0.0270972400512105,Loyal Customers,Low Risk
b33fde46a855f73d50269a45b1e49320,2018-08-06 14:44:25,1,Has Delays,1.0,Onetime,69.99,0.009987023860896383,Loyal Customers,Low Risk
b3464ccdbd64a631b33340fb3fc9a300,2018-02-11 10:30:45,1,On Time,-13.0,Onetime,0.0,0.0,Loyal Customers,Low Risk
b34b19f2e95ee44588f6fc8211e9e73d,2018-01-29 20:44:23,1,On Time,-12.0,Onetime,0.0,0.0,Loyal Customers,Low Risk
b351ac91ab0ef29bae6da7fbc05959c0,2018-08-18 12:39:31,1,On Time,-13.0,Onetime,0.0,0.0,Loyal Customers,Low Risk
b352e446c37f5717f34d6b0b1fe9cc14,2018-04-20 14:42:04,1,On Time,-17.0,Onetime,54.6,0.00779099161030065,Loyal Customers,Low Risk
b3548d0cec408ae13d143bb4eeebaa6c,2017-10-01 08:57:03,1,On Time,-15.0,Onetime,0.0,0.0,At Risk,High Risk
b3594bb146f9ab181aeb6c72deaabe54,2018-01-31 09:54:19,1,On Time,-14.0,Onetime,324.0,0.04623225790727858,Loyal Customers,Low Risk
b362a1fd4bb234604db8e10d1a5da85b,2017-12-15 10:32:33,1,On Time,-12.0,Onetime,21.99,0.0031378004672254814,Loyal Customers,Low Risk
b36e3758a257a9e554bfae4d648b2950,2018-06-30 21:57:55,1,On Time,-20.0,Onetime,35.0,0.004994225391218366,Loyal Customers,Low Risk
b3731fc14985e00b00a37b3ee70584a8,2017-04-20 14:34:44,1,On Time,0.0,Onetime,69.9,0.00997418156703325,At Risk,High Risk
b376982d3505084b995ae74fbf660057,2017-07-27 19:52:48,1,On Time,-17.0,Onetime,84.9,0.012114563877555407,At Risk,High Risk
b37b521e9947a4fc51cd2c7375cfc4d6,2017-04-24 16:45:43,1,On Time,-5.0,Onetime,54.9,0.007833799256511093,At Risk,High Risk
b37ea1c605e4fbba11429b0a921d99f2,2017-09-25 18:54:30,1,On Time,-20.0,Onetime,0.0,0.0,At Risk,High Risk
b382326375f34d32dc6f708ae7b34691,2018-02-10 22:17:24,1,On Time,-7.0,Onetime,28.99,0.004136645545469155,Loyal Customers,Low Risk
b3862c77ce520400d5c3c70461022ca0,2018-05-05 12:40:10,1,On Time,-14.0,Onetime,80.5,0.01148671839980224,Loyal Customers,Low Risk
b3989aaea8a136281b3ba11272c93cc4,2018-08-14 17:59:38,1,On Time,0.0,Onetime,0.0,0.0,Loyal Customers,Low Risk
b3ab1572fdb4a1c2e6862a3ea20e68dc,2018-01-04 14:33:41,1,On Time,-21.0,Onetime,55.49,0.007917987627391631,Loyal Customers,Low Risk
b3c219d791c94f06a0d453c38b75cdb6,2018-03-08 11:17:00,1,On Time,-13.0,Onetime,85.9,0.012257256031590218,Loyal Customers,Low Risk
b3ce9054e198f044775f1b8b581c7911,2018-02-16 16:39:19,1,On Time,-10.0,Onetime,45.0,0.00642114693156647,Loyal Customers,Low Risk
b3d23d61fb01dde311c5ddc5dfde8e47,2018-02-27 08:31:17,1,On Time,-12.0,Onetime,61.9,0.008832644334754766,Loyal Customers,Low Risk
b3d6eae7841038cd56fcb6f8f773d684,2017-02-07 21:32:58,1,On Time,-26.0,Onetime,65.0,0.009274990012262679,At Risk,High Risk
b3d81cd6b4385daa6d1ab3f95932ff13,2018-01-05 17:07:07,1,On Time,-10.0,Onetime,99.0,0.014126523249446233,Loyal Customers,Low Risk
b3e3ec0845892505e3d124a978cebf10,2018-06-30 12:14:21,1,On Time,-21.0,Onetime,51.98,0.0074171381667294456,Loyal Customers,Low Risk
b3f022d93fd7d29a984acb2470b83791,2017-04-07 21:10:19,1,On Time,-11.0,Onetime,18.99,0.00270972400512105,At Risk,High Risk
b40da3a9dd4fb291f7250036dd13fb1d,2018-08-07 16:33:44,1,On Time,-14.0,Onetime,29.99,0.0042793376995039645,Loyal Customers,Low Risk
b4184ec976917fc7cb365a1a55524013,2018-01-12 04:13:58,1,Has Delays,15.0,Onetime,88.0,0.012556909555063318,Loyal Customers,Low Risk
b43e8e477db5dc4b4acd40f1a39f3e44,2018-02-19 17:36:19,1,On Time,-9.0,Onetime,44.9,0.006406877716162988,Loyal Customers,Low Risk
b4452967e6994fe014fb17c73164a493,2018-03-21 08:40:54,1,On Time,-7.0,Onetime,0.0,0.0,Loyal Customers,Low Risk
b44e1f9810edefc97e2037154fc20a7b,2017-04-25 19:30:13,1,On Time,-5.0,Onetime,289.9,0.041366455454691545,At Risk,High Risk
b45fea9f2c0bb83348c7fc3d17bf7639,2017-12-01 01:39:25,1,On Time,-11.0,Onetime,299.99,0.04280621928890278,At Risk,High Risk
b47838e44cc3e864f6cc78ba3a4e740c,2018-07-12 22:14:06,1,On Time,-4.0,Onetime,0.0,0.0,Loyal Customers,Low Risk
b47c7d42ac487c969cf130ee51ff8884,2018-08-15 19:12:35,1,On Time,-3.0,Onetime,81.0,0.011558064476819644,Loyal Customers,Low Risk
b483e064ad80be3fd630b37bd140513b,2017-10-31 15:26:06,1,Has Delays,9.0,Onetime,129.8,0.018521441593718393,At Risk,High Risk
b4875644308426fc74de2a855f10c0cf,2017-06-27 15:34:03,1,On Time,-12.0,Onetime,99.0,0.014126523249446233,At Risk,High Risk
b48ae2720451750352628377eab83ea8,2017-06-06 12:14:02,1,Has Delays,7.0,Onetime,73.35,0.010466469498453345,At Risk,High Risk
b48f1f3c7b8375b6d250545025c4f7e9,2018-03-19 13:20:23,1,On Time,-10.0,Onetime,989.0,0.1411225403404275,Champions,Low Risk
b49039245ffe698470feceb016a8eefd,2018-02-18 19:45:15,1,On Time,-12.0,Onetime,48.9,0.00697764633230223,Loyal Customers,Low Risk
b49264fa6888d0902b084fafedcbc840,2017-12-29 10:36:33,1,On Time,-16.0,Onetime,129.0,0.018407287870490546,Loyal Customers,Low Risk
b4941529220bac7ffeea84883ea9fc52,2017-09-28 15:22:54,1,On Time,-10.0,Onetime,29.0,0.004138072467009503,At Risk,High Risk
b49710ced8dd07a0d55d282980594879,2018-08-06 08:58:00,1,On Time,0.0,Onetime,27.99,0.003993953391434344,Loyal Customers,Low Risk
b4a76bacd02c4823afd23c34e8ea92e4,2017-01-30 20:26:28,1,On Time,-24.0,Onetime,79.99,0.011413945401244486,At Risk,High Risk
b4a9706266706041c10bac3e7ec4316a,2018-01-02 22:30:18,1,On Time,0.0,Onetime,79.9,0.011401103107381355,Loyal Customers,Low Risk
b4b26faae91bc1b8f9458d29bc3c200c,2018-06-27 14:04:06,1,On Time,-33.0,Onetime,122.99,0.017549708024741335,Champions,Low Risk
b4ba6c8ffbe46adecf45369dd91cc730,2018-03-22 21:26:26,1,On Time,-9.0,Onetime,459.99,0.06563696393447246,Champions,Low Risk
b4c4f3643e0a12224cf57abe82ecd677,2018-01-20 11:23:02,1,On Time,-7.0,Onetime,53.99,0.007703949396339416,Loyal Customers,Low Risk
b4f36e3de7babd2a14f4a8d4a21d1eb7,2018-05-27 17:59:00,1,On Time,-21.0,Onetime,0.0,0.0,Loyal Customers,Low Risk
b4f89f7c42a3b82a404d2a1ef1e71786,2018-04-19 09:35:17,1,On Time,-15.0,Onetime,0.0,0.0,Loyal Customers,Low Risk
b4fcb07f59f9faef5f28ba06bce79d4c,2018-02-23 05:29:01,1,On Time,-9.0,Onetime,29.99,0.0042793376995039645,Loyal Customers,Low Risk
b500d09f227a12798d03911752d1c7d6,2018-03-02 22:07:38,1,On Time,-13.0,Onetime,49.9,0.007120338486337041,Loyal Customers,Low Risk
b50c0066bc676e6a5d4a0abe1413023c,2018-02-07 11:21:56,1,On Time,-15.0,Onetime,119.9,0.017108789268773773,Loyal Customers,Low Risk
b512b0686fca0440147aa0709672cd9b,2018-02-26 11:06:56,1,On Time,-13.0,Onetime,46.99,0.006705104318095743,Loyal Customers,Low Risk
b5177190a5290ab9335fd4f2537aaa4a,2017-03-04 18:33:44,1,On Time,-20.0,Onetime,52.9,0.007548414948441471,At Risk,High Risk
b51be90890c4f1f3e7a9141eb3fdfde1,2017-08-14 19:45:18,1,On Time,0.0,Onetime,16.9,0.002411497403188296,At Risk,High Risk
b523bbcb047483480ac0ac7ea454efb4,2018-04-24 10:29:25,1,On Time,-13.0,Onetime,0.0,0.0,Loyal Customers,Low Risk
b525978184c53a6051f72e2343ffce0e,2017-12-10 10:03:25,1,On Time,-12.0,Onetime,115.0,0.016409597714003202,Loyal Customers,Low Risk
b5283f89d656dd98b1376dfb0926ae2a,2018-03-23 13:53:15,1,Has Delays,25.0,Onetime,0.0,0.0,Loyal Customers,Low Risk
b52f66c7b754abb219018b60afc72995,2017-11-24 10:51:42,1,On Time,-13.0,Onetime,119.8,0.01709452005337029,At Risk,High Risk
b542893c864fb11225f7105ee3e3f0ca,2018-01-07 11:53:56,1,On Time,-18.0,Onetime,23.8,0.0033960732660284886,Loyal Customers,Low Risk
b5759e69e3c3eb05bb72884780c7f579,2018-07-18 13:26:10,1,On Time,-3.0,Onetime,110.0,0.01569613694382915,Champions,Low Risk
b577af9a54b023b4bcc51f69bb937f1c,2018-02-14 13:05:17,1,On Time,0.0,Onetime,148.9,0.021246861735783273,Loyal Customers,Low Risk
b58504f3503cf44db08931a732ac9ed7,2018-06-25 22:45:12,1,On Time,-14.0,Onetime,0.0,0.0,Loyal Customers,Low Risk
b585f93cc708cd3d76b03cbf776a4e97,2017-12-27 09:08:17,1,On Time,-16.0,Onetime,55.0,0.007848068471914575,Loyal Customers,Low Risk
b5968d8d3507b0ad5c92e33bc00b5431,2017-10-03 21:30:44,1,On Time,-14.0,Onetime,49.99,0.007133180780200174,At Risk,High Risk
b5a189159a62950d58c7208f43e0631a,2017-08-21 14:08:52,1,On Time,-17.0,Onetime,37.9,0.005408032637919316,At Risk,High Risk
b5a873077a79d73dff6222a35b7a4f79,2017-02-24 10:17:12,1,On Time,-13.0,Onetime,109.9,0.01568186772842567,At Risk,High Risk
b5b7c916a220cb52bb0ffc490e6b9cdc,2017-11-24 14:18:04,1,On Time,-15.0,Onetime,84.99,0.012127406171418538,At Risk,High Risk
b5c758a46ae1c305aa9f913d3b895951,2017-12-08 11:38:00,1,Has Delays,20.0,Onetime,172.5,0.0246143965710048,Loyal Customers,Low Risk
b5c824677c5431bf6a611206428716bc,2018-04-16 21:10:02,1,On Time,-4.0,Onetime,0.0,0.0,Loyal Customers,Low Risk
b5ccc57b179210bda569df984bdf7df3,2017-01-25 01:23:07,1,On Time,-33.0,Onetime,129.99,0.018548553102985012,At Risk,High Risk
b5d6fa3d2213927296ac893f14f4461c,2018-02-25 19:13:33,1,Has Delays,5.0,Onetime,179.7,0.025641780080055434,Loyal Customers,Low Risk
b5fd935fca868cbefca0c71a3010d03f,2017-10-16 14:49:14,1,On Time,-13.0,Onetime,150.0,0.021403823105221566,At Risk,High Risk
b61b38d88ef98dd66fc100efabad2557,2017-08-28 21:45:52,1,On Time,-10.0,Onetime,1200.0,0.17123058484177253,At Risk,High Risk
b6355d59bb57a76bd02e96578c5bd407,2018-01-23 11:15:44,1,On Time,-12.0,Onetime,24.9,0.00355303463546678,Loyal Customers,Low Risk
b6421f3212444b8943b75ed2686928dd,2017-10-13 13:34:10,1,On Time,-6.0,Onetime,119.59,0.017064554701022982,At Risk,High Risk
b643c19d91a65d73f94ba8e037668986,2018-01-11 22:14:00,1,On Time,-20.0,Onetime,169.0,0.024114974031882966,Loyal Customers,Low Risk
b647de9a726557749e15366078e10172,2017-11-06 22:25:04,1,On Time,-10.0,Onetime,39.9,0.005693416945988936,At Risk,High Risk
b6497ecc6318ebd0d5c22091f702fcc8,2017-03-22 10:35:21,1,On Time,-19.0,Onetime,33.9,0.004837264021780073,At Risk,High Risk
b64b51617120648f889d1112f3a71e6f,2018-08-15 21:17:49,1,On Time,-4.0,Onetime,55.0,0.007848068471914575,Loyal Customers,Low Risk
b6551acfa77dba27fb288e08dbe02f84,2018-01-18 02:11:56,1,On Time,-20.0,Onetime,49.95,0.007127473094038782,Loyal Customers,Low Risk
b6658698e26b7eb7721441be5834e782,2018-05-04 16:17:14,1,On Time,-14.0,Onetime,199.0,0.02839573865292728,Champions,Low Risk
b66ebea9fad19535d1134154668d4129,2017-03-23 18:28:32,1,On Time,-15.0,Onetime,99.99,0.014267788481940694,At Risk,High Risk
b66f4f9f89df0b0973bb1057073887a0,2017-11-23 14:31:36,1,On Time,-9.0,Onetime,199.99,0.028537003885421738,At Risk,High Risk
b672b6270a0ec1cc5c33b9e2e84c785d,2018-05-26 21:46:48,1,On Time,-25.0,Onetime,18.95,0.002704016318959658,Loyal Customers,Low Risk
b6772272aa4f122662a3d014a0bd7b4a,2018-03-24 21:50:02,1,On Time,-19.0,Onetime,42.49,0.006062989624939096,Loyal Customers,Low Risk
b67c3d81da9b446043478d367b95634f,2017-10-06 17:19:51,1,On Time,-15.0,Onetime,119.9,0.017108789268773773,At Risk,High Risk
b67f3c688800e83e5674ffe056027d1d,2018-01-08 12:11:29,1,On Time,-15.0,Onetime,13.65,0.0019477479025751625,Loyal Customers,Low Risk
b685f571858e1a165334b397342c01cd,2018-02-28 14:56:03,1,On Time,-10.0,Onetime,298.0,0.04252226190237351,Loyal Customers,Low Risk
b692391a3475130e918c2ffd84fa0413,2017-12-15 23:05:43,1,On Time,-7.0,Onetime,59.8,0.008532990811281662,Loyal Customers,Low Risk
b69b36cf39cfb2c756e6c1160853823e,2018-08-08 18:25:48,1,On Time,-5.0,Onetime,97.5,0.013912485018394016,Champions,Low Risk
b6a8c9225915119f39925b7814f898df,2018-08-06 17:54:58,1,On Time,-2.0,Onetime,0.0,0.0,Loyal Customers,Low Risk
b6aa1d5781553afaa244c3e42246d93c,2017-12-20 23:45:07,1,On Time,-13.0,Onetime,219.9,0.031378004672254815,Loyal Customers,Low Risk
b6ac8f7081ecad74edc6fd85aed8024c,2018-05-03 23:21:13,1,On Time,-13.0,Onetime,159.9,0.02281647543016619,Champions,Low Risk
b6b1da1ef61aceafc708a1f8f54d9e1c,2017-07-30 21:20:32,1,On Time,-14.0,Onetime,0.0,0.0,At Risk,High Risk
b6b9bf08a9b9f5e258a9022f135e771d,2018-01-21 16:46:04,1,On Time,-12.0,Onetime,69.9,0.00997418156703325,Loyal Customers,Low Risk
b6bb8e4780df00a25fa34335d3dc1330,2017-09-12 16:04:11,1,On Time,-8.0,Onetime,55.0,0.007848068471914575,At Risk,High Risk
b6bfa667d44891b1e24e5b79ae955480,2017-10-24 13:52:21,1,On Time,-11.0,Onetime,0.0,0.0,At Risk,High Risk
b6ebed144895adea96b6193124ea3db4,2017-11-24 16:56:46,1,On Time,-1.0,Onetime,719.4,0.10265273561264263,At Risk,High Risk
b6f09a3b6557417c9175e038a17e6bca,2017-11-07 21:31:13,1,On Time,-11.0,Onetime,149.9,0.021389553889818086,At Risk,High Risk
b72d46677b35c6028f2a57600be03b8b,2018-04-18 20:58:40,1,On Time,-19.0,Onetime,39.9,0.005693416945988936,Loyal Customers,Low Risk
b7343dc001a69a3fc9c31961b5dea892,2018-03-22 09:28:29,1,On Time,-17.0,Onetime,299.8,0.04277910777963617,Champions,Low Risk
b748a37303fb3bc57594cfcaec33bad3,2018-08-22 00:51:48,1,On Time,-5.0,Onetime,66.55,0.009496162851016635,Loyal Customers,Low Risk
b756ccef599fe131977b15f20c8a913d,2018-05-14 17:21:38,1,On Time,-10.0,Onetime,64.8,0.009246451581455714,Loyal Customers,Low Risk
b75e0a5150c6cfcf4d9982e79f8a1f8b,2017-08-24 16:14:27,1,On Time,-13.0,Onetime,135.0,0.01926344079469941,At Risk,High Risk
b7691a211ab550e0b5f3bf33ade5f5be,2018-03-08 15:59:11,1,On Time,-2.0,Onetime,309.99,0.04423314082925089,Champions,Low Risk
b77776eae6a9ee05aeeaf60842656d26,2018-05-05 23:10:33,1,On Time,-12.0,Onetime,0.0,0.0,Loyal Customers,Low Risk
b78f1002deaf3c2173f7c202c5b4fc07,2018-04-21 14:18:28,1,On Time,-21.0,Onetime,158.0,0.02254536033750005,Champions,Low Risk
b7ab841c62e1ac37c5784b4bcb675b39,2018-08-22 20:55:15,1,On Time,-18.0,Onetime,137.9,0.01967724804140036,Champions,Low Risk
b7cc980888147c189d96a40756971585,2017-03-06 19:45:34,1,On Time,-17.0,Onetime,13.99,0.001996263234946998,At Risk,High Risk
b7d12dd279b98c2d0f8b920052eb2862,2018-07-23 15:46:11,1,On Time,-12.0,Onetime,49.9,0.007120338486337041,Loyal Customers,Low Risk
b7d76e111c89f7ebf14761390f0f7d17,2016-09-04 21:15:19,1,On Time,-13.0,Onetime,72.89,0.010400831107597333,At Risk,High Risk
b7da7bdff09f837a08f65759f068f5ce,2017-12-14 21:05:56,1,On Time,-10.0,Onetime,0.0,0.0,Loyal Customers,Low Risk
b7df9e1300398dcbef32dd58f5778e4e,2017-12-05 23:42:33,1,Has Delays,10.0,Onetime,0.0,0.0,Loyal Customers,Low Risk
b807f720ce7d4b5cacda4de1b1c02889,2017-12-05 15:00:56,1,On Time,-18.0,Onetime,64.9,0.009260720796859197,Loyal Customers,Low Risk
b80aea5d566c55201d7c72d6c8580477,2018-08-17 16:02:15,1,On Time,-14.0,Onetime,39.0,0.005564994007357607,Loyal Customers,Low Risk
b80e73bfec2ccebcb2482a2dc89d4a0a,2018-06-24 10:01:06,1,On Time,-23.0,Onetime,744.0,0.10616296260189896,Champions,Low Risk
b82d8e3a84e9978cb633bd9771a5165b,2017-09-02 23:23:01,1,On Time,-13.0,Onetime,178.9,0.02552762635682759,At Risk,High Risk
b82e23980963f0c3789109af94e6112f,2018-02-14 17:51:38,1,On Time,-15.0,Onetime,0.0,0.0,Loyal Customers,Low Risk
b83f0f5c1db1758573c5ef9dfddf7045,2018-05-09 12:24:30,1,Has Delays,8.0,Onetime,64.99,0.00927356309072233,Loyal Customers,Low Risk
b842b6306cb43499a3d7a3dd3742fef2,2018-02-15 17:02:21,1,On Time,-4.0,Onetime,118.9,0.01696609711473896,Loyal Customers,Low Risk
b854c56e1163bced9c3ebf1e4a6576f3,2018-02-21 17:15:49,1,Has Delays,6.0,Onetime,49.9,0.007120338486337041,Loyal Customers,Low Risk
b854fe698a5384ebcadcdabe7ceebbb4,2017-07-27 18:04:06,1,On Time,-15.0,Onetime,0.0,0.0,At Risk,High Risk
b8624f5635e1f66fa1910d775aab0055,2018-05-17 20:04:34,1,On Time,-6.0,Onetime,289.9,0.041366455454691545,Champions,Low Risk
b88642bb0d7fd10c8ce18b7bec9085b8,2018-08-11 15:26:40,1,On Time,-17.0,Onetime,29.99,0.0042793376995039645,Loyal Customers,Low Risk
b88b78a413e70182e18b032361b24f91,2017-01-05 22:52:33,1,On Time,-41.0,Onetime,0.0,0.0,At Risk,High Risk
b88c1a1d40b9b90a8d15f2d3c7e28099,2018-05-16 01:42:58,1,On Time,-11.0,Onetime,98.99,0.014125096327905883,Champions,Low Risk
b8977911a162ae59629b8a73b77bfdac,2018-02-28 16:50:55,1,On Time,-7.0,Onetime,250.0,0.03567303850870261,Loyal Customers,Low Risk
b899f098afa2e711629365c161794884,2017-03-23 22:23:43,1,On Time,-16.0,Onetime,49.99,0.007133180780200174,At Risk,High Risk
b8a097297ee1be3223fdc6727b119ccb,2017-12-05 08:47:08,1,On Time,-21.0,Onetime,319.0,0.04551879713710453,Loyal Customers,Low Risk
b8a13301c527ebcd83e27cbfb7f06a9a,2017-09-14 18:32:52,1,On Time,-13.0,Onetime,0.0,0.0,At Risk,High Risk
b8ad4abdbbbb25a8106cf1fa49600053,2018-02-19 16:20:28,1,On Time,-10.0,Onetime,380.0,0.05422301853322797,Loyal Customers,Low Risk
b8af560ea969399b77e9b0e6644558fe,2018-03-05 20:18:05,1,Has Delays,3.0,Onetime,29.99,0.0042793376995039645,Loyal Customers,Low Risk
b8b3c435a58aebd788a477bed8342910,2017-05-05 08:45:28,1,On Time,-22.0,Onetime,52.0,0.0074199920098101425,At Risk,High Risk
b8b7f727e3ad1e14243cb6f11b624351,2018-07-21 15:36:20,1,On Time,-24.0,Onetime,119.99,0.017121631562636904,Champions,Low Risk
b8baa482e2e3b439ab972fba47c9be48,2017-10-18 16:44:45,1,On Time,-10.0,Onetime,324.0,0.04623225790727858,At Risk,High Risk
b8c64934a84e5ac575aaf1c5d50f340e,2018-03-30 23:11:40,1,On Time,-8.0,Onetime,0.0,0.0,Loyal Customers,Low Risk
b8d1e0101aa162c796f1af6b73f30051,2018-03-10 12:23:32,1,On Time,-7.0,Onetime,13.65,0.0019477479025751625,Loyal Customers,Low Risk
b8d4f36004a20507a599935bf54f91a0,2018-06-18 21:38:43,1,On Time,-21.0,Onetime,0.0,0.0,Loyal Customers,Low Risk
b8d95b1bc28f71750ada508312f1e176,2017-12-11 11:50:54,1,Has Delays,15.0,Onetime,28.0,0.003995380312974692,Loyal Customers,Low Risk
b8df986511d928829c3192c2ed081eba,2018-02-03 20:37:35,1,On Time,-13.0,Onetime,9.5,0.001355575463330699,Loyal Customers,Low Risk
b8f9ecc7915ce653a1d7ee6dbfe8f54d,2017-08-10 13:51:49,1,On Time,-14.0,Onetime,0.0,0.0,At Risk,High Risk
b90587c498051476f4a75606c0639a0b,2018-08-06 20:35:34,1,On Time,-6.0,Onetime,59.9,0.008547260026685145,Loyal Customers,Low Risk
b9066c8cafd15041ed94ef1ecb116d4a,2017-05-16 16:41:51,1,On Time,-11.0,Onetime,159.0,0.022688052491534858,At Risk,High Risk
b91094129b0c7e78a2d312269365968e,2017-09-26 12:32:39,1,On Time,-11.0,Onetime,159.0,0.022688052491534858,At Risk,High Risk
b913e12201852f1b7b0a3a3378447a0a,2018-03-23 11:21:24,1,On Time,-9.0,Onetime,119.0,0.01698036633014244,Champions,Low Risk
b931fdce2c9ab0c8475ac1bc83af0f04,2018-02-11 14:13:54,1,On Time,-18.0,Onetime,15.9,0.0022688052491534856,Loyal Customers,Low Risk
b93460c02625610d2ea42a4e16be1f23,2018-05-14 12:47:30,1,On Time,-8.0,Onetime,145.0,0.020690362335047514,Champions,Low Risk
b93cacded43b7d04c0c861c8f2f5bdd8,2018-08-05 20:02:28,1,On Time,-9.0,Onetime,79.9,0.011401103107381355,Loyal Customers,Low Risk
b941b9bd5b0df6d5bc8872504b96b0e1,2017-08-04 21:01:53,1,On Time,-14.0,Onetime,89.99,0.01284086694159259,At Risk,High Risk
b944e713f329c481160c81f9a3795392,2018-01-07 17:50:14,1,On Time,-14.0,Onetime,19.9,0.0028395738652927274,Loyal Customers,Low Risk
b94783c71788124eb4f2d4e1fcae6ab9,2017-02-20 14:28:18,1,On Time,-14.0,Onetime,45.0,0.00642114693156647,At Risk,High Risk
b951c9bf661f93b4622ed4e21034a9ce,2018-06-14 21:15:35,1,On Time,-10.0,Onetime,0.0,0.0,Loyal Customers,Low Risk
b9616f4b96ce6bde1688eee752733c55,2018-01-10 22:23:24,1,On Time,-11.0,Onetime,59.0,0.008418837088053816,Loyal Customers,Low Risk
b96336694477939c9d102438f0c7c9d7,2017-11-03 11:24:36,1,On Time,-10.0,Onetime,0.0,0.0,At Risk,High Risk
b97b7e6d034e5fa44c9a1606e91eeecf,2018-06-28 10:10:25,1,On Time,-15.0,Onetime,99.99,0.014267788481940694,Champions,Low Risk
b9833a43443ed9fad7a66f9ffb80684c,2018-07-18 12:50:40,1,On Time,-8.0,Onetime,0.0,0.0,Loyal Customers,Low Risk
b9ac5718b8f3ff34b2929ac08661f82a,2017-01-15 18:57:33,1,On Time,-40.0,Onetime,50.9,0.00726303064037185,At Risk,High Risk
b9b9a083a74fa9cd18be8eb0ccd26d71,2017-09-23 16:40:09,1,On Time,-13.0,Onetime,39.9,0.005693416945988936,At Risk,High Risk
b9ce93ae35b4cfe939be5356630992a7,2017-10-31 21:47:13,1,On Time,-17.0,Onetime,104.9,0.014968406958251615,At Risk,High Risk
b9d90399fae52218195b4b23536f6fa2,2017-03-24 15:02:41,1,On Time,-13.0,Onetime,739.9,0.10557792477035623,At Risk,High Risk
b9e14a9f4a31ac62d6161da7825ed62e,2017-12-28 16:22:35,1,On Time,-14.0,Onetime,12.9,0.0018407287870490546,Loyal Customers,Low Risk
b9efc86b7c6269eaeba5bdbdd5127e1b,2017-01-30 10:29:25,1,On Time,-13.0,Onetime,0.0,0.0,At Risk,High Risk
b9f9911419ec994acdb9fbe23e2a4db8,2018-08-11 19:01:04,1,On Time,-12.0,Onetime,48.99,0.006990488626165364,Loyal Customers,Low Risk
b9fd889214fcb1a45e4cd51f5af6cba3,2017-07-10 09:03:58,1,On Time,-10.0,Onetime,65.99,0.00941625524475714,At Risk,High Risk
b9fdb2f344509f77f84250a748c6319c,2017-10-17 18:34:56,1,On Time,-13.0,Onetime,0.0,0.0,At Risk,High Risk
ba0702c64162e93452439fa6c4409896,2017-05-07 12:47:29,1,On Time,-3.0,Onetime,39.0,0.005564994007357607,At Risk,High Risk
ba09e7352cbed201af6d123d7366f3ef,2017-09-12 02:24:31,1,On Time,-8.0,Onetime,89.9,0.012828024647729459,At Risk,High Risk
ba0ac571960912286d71232645d1059a,2018-08-05 14:47:02,1,On Time,-2.0,Onetime,99.0,0.014126523249446233,Champions,Low Risk
ba16203bf127db33e6b3d5bf70506473,2017-12-29 22:51:00,1,On Time,-21.0,Onetime,144.99,0.020688935413507168,Loyal Customers,Low Risk
ba17fa1c74cbcd675656a975e53877d5,2018-01-31 14:16:10,1,On Time,-4.0,Onetime,419.9,0.0599164354792169,Loyal Customers,Low Risk
ba1f5988dec5d5dcc36f2d14f2e94b3d,2018-05-15 16:45:05,1,On Time,-6.0,Onetime,49.9,0.007120338486337041,Loyal Customers,Low Risk
ba1fe3dc6ce8decbdac878b67f4a23c0,2018-04-11 16:59:22,1,On Time,-10.0,Onetime,53.9,0.007691107102476282,Loyal Customers,Low Risk
ba36311f5ecc3232608a4becdd416325,2017-09-15 11:28:58,1,On Time,-4.0,Onetime,38.4,0.005479378714936721,At Risk,High Risk
ba6864262a43be8c0c998cfc68016bc6,2018-08-13 09:39:23,1,On Time,-14.0,Onetime,11.49,0.0016395328498599719,Loyal Customers,Low Risk
ba77e9b6506636dcbd03e463d4786f24,2017-07-02 20:47:24,1,On Time,-14.0,Onetime,79.9,0.011401103107381355,At Risk,High Risk
ba85eb3f29cdda9e3e4229c613d78815,2018-03-17 13:39:39,1,On Time,-16.0,Onetime,0.0,0.0,Loyal Customers,Low Risk
ba8b8d51fcd882a56bc0a5871717d76c,2017-12-21 11:35:22,1,On Time,-12.0,Onetime,169.99,0.02425623926437743,Loyal Customers,Low Risk
ba8cb30ffcc1d04326f0d51e09efd36e,2018-08-07 16:16:04,1,On Time,-7.0,Onetime,139.0,0.01983420941083865,Champions,Low Risk
bab51137b90b0fcec74bf6f9b47d3511,2018-07-27 23:38:29,1,On Time,-7.0,Onetime,158.0,0.02254536033750005,Champions,Low Risk
baca240b69cd4bd9bf08199640ae8da3,2017-05-26 23:43:10,1,On Time,-44.0,Onetime,0.0,0.0,At Risk,High Risk
bae2d36f7119de90a1f3f9aa995e5c5f,2017-06-06 23:08:04,1,On Time,-15.0,Onetime,0.0,0.0,At Risk,High Risk
bae6687e2e07f749eda874adba621bd4,2018-01-21 17:28:33,1,On Time,-16.0,Onetime,49.9,0.007120338486337041,Loyal Customers,Low Risk
baebb82446ddda55580e9fe55ed971a4,2018-04-10 10:34:29,1,On Time,-9.0,Onetime,37.0,0.005279609699287986,Loyal Customers,Low Risk
baf56a409972153c8315a2d31b113bc5,2018-03-09 12:18:15,1,Has Delays,8.0,Onetime,65.9,0.00940341295089401,Loyal Customers,Low Risk
baf8d1bc8b02f403f67012d3366984b6,2017-12-12 13:20:01,1,On Time,-26.0,Onetime,69.9,0.00997418156703325,Loyal Customers,Low Risk
bafbbaf0345497c9e80502a08fad4a55,2017-11-30 13:31:15,1,On Time,-12.0,Onetime,299.99,0.04280621928890278,At Risk,High Risk
bb01b2ced80ef2e3dfb786d0d8c4905a,2017-06-14 11:38:11,1,On Time,-13.0,Onetime,12.1,0.001726575063821206,At Risk,High Risk
bb03bdc26802535aa82d460b539d211c,2018-05-11 21:01:40,1,On Time,-6.0,Onetime,77.98,0.01112713417163452,Loyal Customers,Low Risk
bb0ccd5578b0944bdb14be3d020074a3,2018-08-17 12:26:02,1,On Time,-6.0,Onetime,118.44,0.016900458723882947,Champions,Low Risk
bb361861b83a556ce2a5b2d537e22df9,2018-08-06 02:58:06,1,On Time,-4.0,Onetime,99.82,0.014243530815754777,Champions,Low Risk
bb477df0c32c10ffaf2b2c5e81169f20,2018-03-01 20:30:22,1,Has Delays,20.0,Onetime,0.0,0.0,Loyal Customers,Low Risk
bb4d84a2b45b22ed710ac8c0dec63d1a,2017-07-30 03:06:35,1,On Time,-15.0,Onetime,19.99,0.0028524161591558603,At Risk,High Risk
bb538da36f11aa0fd7c707f69fc85c3c,2018-04-11 18:17:34,1,On Time,-12.0,Onetime,199.99,0.028537003885421738,Champions,Low Risk
bb58670190dba4e9b320f84cb98317a3,2017-06-14 23:41:17,2,On Time,-10.0,Repeated,52.0,0.0074199920098101425,At Risk,High Risk
bb62a2fa1446330a13f2a9f000dee8a9,2017-02-13 21:14:23,1,On Time,-21.0,Onetime,69.9,0.00997418156703325,At Risk,High Risk
bb643895e857c516b4289ab079743690,2018-01-04 10:23:44,1,On Time,-16.0,Onetime,261.0,0.03724265220308553,Loyal Customers,Low Risk
bb6d9b2375143281d537eb82beeddfaa,2018-01-18 09:02:48,1,On Time,-14.0,Onetime,56.99,0.008132025858443848,Loyal Customers,Low Risk
bb706038577b066ad96cf29a29beefec,2018-01-03 16:59:02,1,On Time,-9.0,Onetime,0.0,0.0,Loyal Customers,Low Risk
bb78f4743e618d1b7d4e8fddb9494542,2017-07-05 08:49:56,1,On Time,-2.0,Onetime,94.98,0.013552900790226294,At Risk,High Risk
bb7dec94f2d5a01b71bd1e976232b155,2017-11-25 09:06:15,1,On Time,-7.0,Onetime,114.9,0.01639532849859972,At Risk,High Risk
bb7ef994cc22b1fc694ac59fb377b824,2018-04-11 22:32:31,1,On Time,-24.0,Onetime,98.44,0.014046615643186738,Champions,Low Risk
bb8486cad0e431659227f6fb18fc6a72,2017-11-20 18:02:21,1,On Time,-9.0,Onetime,145.3,0.020733169981257956,At Risk,High Risk
bb85b098c288f4b18c0c014e85e0c93e,2017-09-08 12:55:46,1,On Time,-17.0,Onetime,35.0,0.004994225391218366,At Risk,High Risk
bb8e3ce30f15dd4cc886c0a1952090ff,2017-04-02 16:09:55,1,On Time,-19.0,Onetime,39.9,0.005693416945988936,At Risk,High Risk
bb96c9b95cfe7fe1731f9ba01908b64a,2018-05-15 20:19:37,1,On Time,-6.0,Onetime,55.0,0.007848068471914575,Loyal Customers,Low Risk
bb9c04f0a50c8023b09d2c7439cc4b2c,2018-08-09 11:47:22,1,On Time,-5.0,Onetime,86.0,0.012271525246993698,Loyal Customers,Low Risk
bba09d4a7b3cb61c4a5ef3f368cd1992,2018-02-22 13:46:53,1,On Time,-12.0,Onetime,55.0,0.007848068471914575,Loyal Customers,Low Risk
bba19d9ddf6ce4663966a0cb23882ff8,2017-10-26 13:43:41,1,On Time,-14.0,Onetime,89.99,0.01284086694159259,At Risk,High Risk
bbae027c25a7e8c839053a1890227e21,2018-08-12 17:16:29,1,On Time,-2.0,Onetime,0.0,0.0,Loyal Customers,Low Risk
bbeb907759ef5fc169099af3c88d535d,2018-04-27 05:57:39,1,On Time,-12.0,Onetime,3105.0,0.44305913827808635,Champions,Low Risk
bbebe4b8eb77c193d602f15005347dd6,2017-12-09 22:00:13,1,On Time,-15.0,Onetime,69.99,0.009987023860896383,Loyal Customers,Low Risk
bbf0cbba57c53c0db5f7457d752bd431,2017-11-10 08:56:32,1,On Time,-13.0,Onetime,299.98,0.04280479236736244,At Risk,High Risk
bbf0d1ddbf8bd44d192f056919e9b706,2017-02-06 15:43:18,1,On Time,-11.0,Onetime,117.3,0.016737789668283265,At Risk,High Risk
bbf28b01eafff45c51fd9130ab1e0c6d,2017-12-14 09:48:36,1,Has Delays,16.0,Onetime,394.0,0.056220708689715314,Loyal Customers,Low Risk
bbf65e7823171a84e70a495dd6c34ceb,2017-08-19 18:48:58,1,On Time,-21.0,Onetime,279.99,0.039952376208206575,At Risk,High Risk
bbf7aecb4272f755e7ac76ecbe556345,2018-07-30 12:48:54,1,On Time,-9.0,Onetime,100.0,0.014269215403481044,Champions,Low Risk
bc129fa5a30c1e9f64d840dd6d0e574a,2017-08-27 14:17:28,1,On Time,-21.0,Onetime,119.8,0.01709452005337029,At Risk,High Risk
bc27afa44f5b67b080ab4ba3851a162d,2017-08-14 10:00:44,1,Has Delays,7.0,Onetime,69.9,0.00997418156703325,At Risk,High Risk
bc2c9d4cffdfa4609cb2f961250ba4d7,2017-03-14 13:12:20,1,On Time,-15.0,Onetime,59.9,0.008547260026685145,At Risk,High Risk
bc3b2714b8a9c929ef86caeae5623ba5,2018-03-12 00:22:03,1,On Time,-22.0,Onetime,130.0,0.018549980024525358,Champions,Low Risk
bc495306b450cb8a30666dff4e362077,2017-05-23 11:54:23,1,On Time,-22.0,Onetime,49.99,0.007133180780200174,At Risk,High Risk
bc59f1e430734e331b87a168b63450a0,2017-04-12 02:16:32,1,On Time,-19.0,Onetime,49.9,0.007120338486337041,At Risk,High Risk
bc5fbc9860ad6ea016f6a52502f27c82,2018-07-13 18:07:37,1,On Time,-16.0,Onetime,145.98,0.020830200646001624,Champions,Low Risk
bc6693150fe09832ea76d25650f733f3,2017-11-30 17:04:38,1,On Time,-20.0,Onetime,42.99,0.006134335701956501,At Risk,High Risk
bc6839208cb211872c9e1909676cbd0a,2017-10-09 11:34:21,1,On Time,-11.0,Onetime,0.0,0.0,At Risk,High Risk
bc75ced76ca29e9e5e3e0e267b79dea7,2018-01-07 14:49:19,1,On Time,-20.0,Onetime,37.9,0.005408032637919316,Loyal Customers,Low Risk
bc78253a365ca27ac64b86faa082a834,2017-12-20 21:37:35,1,On Time,-13.0,Onetime,29.0,0.004138072467009503,Loyal Customers,Low Risk
bc7fad0e4189527e86792ba981941140,2018-05-14 17:56:57,1,On Time,-22.0,Onetime,0.0,0.0,Loyal Customers,Low Risk
bc82228a4f5fceba5b14a04cb7b4591b,2017-05-02 16:35:06,1,On Time,-10.0,Onetime,90.0,0.01284229386313294,At Risk,High Risk
bc867ebfaaeb874d54cbf1da33fd4a1b,2017-09-18 18:51:12,1,On Time,-7.0,Onetime,497.98,0.0710578388662549,At Risk,High Risk
bc96fdea77283bcfd8bec24a2163d459,2017-05-27 11:19:04,1,On Time,-10.0,Onetime,0.0,0.0,At Risk,High Risk
bcbe2558dc57409f13b7c29778952c62,2018-07-01 20:11:26,1,On Time,-20.0,Onetime,39.0,0.005564994007357607,Loyal Customers,Low Risk
bcc967b7b6ae5c124298b4a977a45a9f,2018-08-05 18:53:35,1,On Time,-30.0,Onetime,55.9,0.007976491410545903,Loyal Customers,Low Risk
bcc9a08b533971412be737fd5bd918b3,2017-05-27 23:34:01,1,On Time,-2.0,Onetime,29.9,0.004266495405640831,At Risk,High Risk
bcd3e3707fc92aae9ccd5530f5ad0355,2018-08-11 17:58:54,1,On Time,-5.0,Onetime,0.0,0.0,Loyal Customers,Low Risk
bcebdf69569a5b1cdbb67ebf178e794c,2017-03-25 23:51:57,1,On Time,-15.0,Onetime,18.99,0.00270972400512105,At Risk,High Risk
bd0c1f867e8745eb3ea435b9c5433788,2017-11-17 13:00:10,1,On Time,-14.0,Onetime,0.0,0.0,At Risk,High Risk
bd13608b9c6033892ce62269b50a0afc,2018-05-02 11:45:38,1,On Time,-7.0,Onetime,178.99,0.02554046865069072,Champions,Low Risk
bd27c65e0405e162422cf80ab58aca59,2018-06-16 19:48:05,1,On Time,-19.0,Onetime,89.9,0.012828024647729459,Champions,Low Risk
bd2914d2e0b52a1b1bce55b39c1b1edf,2018-03-04 14:18:56,1,On Time,-13.0,Onetime,0.0,0.0,Loyal Customers,Low Risk
bd3dcc49489d1c665291fdecc22a3c75,2018-07-17 19:56:55,1,On Time,-22.0,Onetime,669.99,0.09560231628178265,Champions,Low Risk
bd48312ef3ab7e4e832808c1ca9ad9d3,2018-05-07 22:38:02,1,On Time,-12.0,Onetime,84.9,0.012114563877555407,Loyal Customers,Low Risk
bd5f7d1bdbd1a6233877b21fd66dfba9,2018-03-06 19:25:41,1,Has Delays,1.0,Onetime,30.21,0.0043107299733916235,Loyal Customers,Low Risk
bd66c00af90ff5a3bb62a0c9639921ba,2017-12-19 23:00:42,1,On Time,-20.0,Onetime,119.9,0.017108789268773773,Loyal Customers,Low Risk
bd6c1c99a4f6c28c98927351eb226e80,2018-02-23 17:19:08,1,On Time,0.0,Onetime,142.8,0.02037643959617093,Loyal Customers,Low Risk
bd6dc26d46e9b21a213198aa80d1fda1,2017-09-04 13:35:55,1,On Time,-3.0,Onetime,169.0,0.024114974031882966,At Risk,High Risk
bd6e919ea010cdfb03825ac482546540,2017-11-24 11:41:52,1,On Time,-13.0,Onetime,49.99,0.007133180780200174,At Risk,High Risk
bd74ee61fcfe98864c2d73ce89cbfce1,2018-07-18 14:09:17,1,On Time,-16.0,Onetime,0.0,0.0,Loyal Customers,Low Risk
bd84ecd29495e3aa78cf6491ee2e91af,2018-02-24 14:59:24,1,On Time,0.0,Onetime,148.0,0.021118438797151945,Loyal Customers,Low Risk
bd9849d9ba9ac9f05f53f393b1c85744,2018-03-02 11:04:18,1,On Time,-8.0,Onetime,0.0,0.0,Loyal Customers,Low Risk
bd9e235e9996a20d1153c238c2706b92,2017-05-23 19:52:27,1,On Time,-10.0,Onetime,779.0,0.11115718799311733,At Risk,High Risk
bdb88619ffe5ca24fa5732468bd34573,2016-10-05 13:12:43,1,On Time,-33.0,Onetime,0.0,0.0,At Risk,High Risk
bdc67efa33dd0c3228b91714ac6e363c,2017-08-24 11:04:41,1,On Time,-13.0,Onetime,0.0,0.0,At Risk,High Risk
bdc98a892c4d5a526373afd38afa53ac,2018-07-23 21:26:16,1,On Time,-5.0,Onetime,15.99,0.002281647543016619,Loyal Customers,Low Risk
bdcd97bbfa0c4547970136445e9ace7c,2018-02-15 10:37:47,1,Has Delays,7.0,Onetime,156.0,0.022259976029430428,Loyal Customers,Low Risk
bdd30e6e39cc70dde8665187b57af402,2017-07-12 14:11:58,1,On Time,-7.0,Onetime,44.99,0.006419720010026121,At Risk,High Risk
bdd790f120738cf7ae6c93b292f4dad2,2017-07-04 23:29:52,1,On Time,-8.0,Onetime,205.0,0.02925189157713614,At Risk,High Risk
bddbce40ba8847305fb9858313934193,2018-08-02 18:09:27,1,Has Delays,4.0,Onetime,110.32,0.015741798433120287,Champions,Low Risk
bde19fc22cb4def59a506fe769d40aed,2017-11-30 18:40:48,1,On Time,-9.0,Onetime,67.98,0.009700212631286415,At Risk,High Risk
be08f83faebeeefebe0df44a3c2684ee,2017-08-15 14:51:31,1,On Time,-16.0,Onetime,132.9,0.018963787271226308,At Risk,High Risk
be09bc14d8a3f5cb25c70ec3ab757266,2017-11-25 14:06:40,1,On Time,-23.0,Onetime,0.0,0.0,At Risk,High Risk
be0e319f7309b7d01899339a6a24b770,2018-03-11 18:35:58,1,On Time,-15.0,Onetime,574.0,0.0819052964159812,Champions,Low Risk
be1a0dfedd7deaf8f8b3f3385b0bbc82,2018-01-09 15:49:48,1,On Time,-11.0,Onetime,21.9,0.0031249581733623485,Loyal Customers,Low Risk
be1e99a0c57d7c3c699cfc4db26c8edf,2018-07-31 00:17:40,1,On Time,-17.0,Onetime,24.99,0.0035658769293299124,Loyal Customers,Low Risk
be25daa3b561d7f7df48f6d1c50ed097,2017-06-22 15:36:58,1,On Time,-8.0,Onetime,69.9,0.00997418156703325,At Risk,High Risk
be2b2715ea6493f6dddcb063b482f04e,2017-11-26 20:04:57,1,On Time,-5.0,Onetime,59.81,0.008534417732822012,At Risk,High Risk
be33152ae3eb53008fdba8c5efa40ab7,2017-09-09 03:20:20,1,On Time,-7.0,Onetime,52.64,0.0075113149883924216,At Risk,High Risk
be40dd02e486b93b8b4128f2715cfdfe,2018-04-12 09:47:35,1,On Time,-15.0,Onetime,83.9,0.011971871723520596,Loyal Customers,Low Risk
be49d411f08872c5a81438e47278a9e7,2017-04-21 20:23:41,1,On Time,-18.0,Onetime,0.0,0.0,At Risk,High Risk
be570271e817b7a8791c477152830384,2017-09-17 11:47:07,1,On Time,-11.0,Onetime,54.9,0.007833799256511093,At Risk,High Risk
be5be2dbad1352c6b4966664a5bb4fe9,2018-07-22 15:19:05,1,On Time,-11.0,Onetime,54.99,0.007846641550374225,Loyal Customers,Low Risk
be5e28c2855974a15b50dd8e6303eaec,2018-07-16 17:00:45,1,On Time,-15.0,Onetime,219.0,0.031249581733623487,Champions,Low Risk
be655f9f2e6980b38b839352c2865b39,2017-05-18 09:48:49,1,On Time,-9.0,Onetime,79.9,0.011401103107381355,At Risk,High Risk
be6b3f6e57256dbc38aaed54e10f7bfb,2018-03-26 19:42:54,1,On Time,-21.0,Onetime,98.9,0.014112254034042752,Champions,Low Risk
be76535b02e7930b45c93e87d4d5049b,2018-08-21 21:15:52,1,On Time,0.0,Onetime,99.0,0.014126523249446233,Champions,Low Risk
be7afc56db0978e1f7f9599f89527126,2017-02-02 23:24:24,1,On Time,-34.0,Onetime,0.0,0.0,At Risk,High Risk
be80084c717389b7097326641a8a7208,2018-05-24 18:32:11,1,On Time,-14.0,Onetime,6.0,0.0008561529242088627,Loyal Customers,Low Risk
be8bd4fd44097c998b45dac223dd3ffe,2018-06-12 21:07:05,1,On Time,-20.0,Onetime,69.9,0.00997418156703325,Loyal Customers,Low Risk
be8f34cee6e46e28f79548bf5bcf5fb3,2018-02-21 12:48:59,1,On Time,-17.0,Onetime,25.0,0.003567303850870261,Loyal Customers,Low Risk
be9f69243b876464c5ce479be020eede,2018-03-25 14:11:36,1,On Time,-9.0,Onetime,33.0,0.004708841083148744,Loyal Customers,Low Risk
beb0c30d2267b86db97d0c535be03ab6,2017-11-17 13:00:14,1,On Time,-8.0,Onetime,150.0,0.021403823105221566,At Risk,High Risk
beb5288c896678914470c6a650c78302,2017-07-31 16:37:31,1,On Time,-13.0,Onetime,26.9,0.0038384189435364006,At Risk,High Risk
beb6f9fd570947c43749a143f370ebe4,2017-02-12 13:12:39,1,On Time,-19.0,Onetime,139.0,0.01983420941083865,At Risk,High Risk
beb9a932b5131b25944dcf8cee8ada78,2017-07-05 13:00:03,1,On Time,-10.0,Onetime,152.9,0.021817630351922516,At Risk,High Risk
beceaa52fb2f761e647222b3cf7ce0b2,2017-03-21 13:40:15,1,On Time,-5.0,Onetime,156.0,0.022259976029430428,At Risk,High Risk
bed6914e1b13e7291330c42e4b5ee73d,2017-02-24 18:02:20,1,On Time,-11.0,Onetime,66.9,0.00954610510492882,At Risk,High Risk
bee8c71dfec2314e63b7ef0e2ce70bdd,2018-01-31 08:45:25,1,On Time,-15.0,Onetime,0.0,0.0,Loyal Customers,Low Risk
beefb5d83e14244b519bd61fc25c112f,2018-01-10 13:42:25,1,On Time,-10.0,Onetime,0.0,0.0,Loyal Customers,Low Risk
bef3ce10ea5715fbcbcbe3b266ee94c5,2018-05-25 14:41:25,1,On Time,-14.0,Onetime,0.0,0.0,Loyal Customers,Low Risk
bef61c4e2f6c5afdc112a9dc3a55cdc0,2018-08-02 14:41:02,1,On Time,-6.0,Onetime,412.0,0.0587891674623419,Champions,Low Risk
bf004b2b614c68e6d2401afc33741b33,2017-03-12 19:04:41,1,On Time,-8.0,Onetime,6.0,0.0008561529242088627,At Risk,High Risk
bf0303939d54b8df5da4762bbaab1955,2017-11-15 11:31:41,1,On Time,-13.0,Onetime,299.0,0.04266495405640832,At Risk,High Risk
bf087cbc0138d7066e1c41d1a97973dd,2018-06-23 18:07:30,1,On Time,-27.0,Onetime,160.0,0.02283074464556967,Champions,Low Risk
bf1e26d689c382c36a8cf104febacd2e,2017-12-14 17:34:09,1,On Time,-14.0,Onetime,72.9,0.010402258029137681,Loyal Customers,Low Risk
bf257f507db19138f5bc4065313c1f87,2018-02-12 17:33:54,1,On Time,-19.0,Onetime,74.9,0.010687642337207303,Loyal Customers,Low Risk
bf59acdae64e9900fd93e4847baa1978,2017-10-07 13:59:13,1,On Time,-17.0,Onetime,56.97,0.00812917201536315,At Risk,High Risk
bf635aadfff238fd7e9b0d25e800d019,2017-09-25 16:38:46,1,On Time,-17.0,Onetime,14.85,0.002118978487416935,At Risk,High Risk
bf64911d2a71e45c1e595f8e18ec3d2f,2017-12-10 14:49:49,1,On Time,-10.0,Onetime,0.0,0.0,Loyal Customers,Low Risk
bf6bdab86c9bf5f5e6aafe5be999993a,2017-06-28 20:47:14,1,On Time,-15.0,Onetime,54.16,0.007728207062525332,At Risk,High Risk
bf6d9bf8866ac722b1033fe81229a233,2017-12-04 17:01:15,1,On Time,-6.0,Onetime,49.9,0.007120338486337041,Loyal Customers,Low Risk
bf729deccdd7983078c35607bab21a40,2018-01-29 17:02:22,1,On Time,-16.0,Onetime,139.99,0.019975474643333116,Loyal Customers,Low Risk
bf79e2be560481b2e6014798b4331a18,2017-04-09 09:52:05,2,On Time,-15.0,Repeated,77.4,0.011044372722294329,At Risk,High Risk
bf86879619eefd3ee1da656434e09204,2017-12-01 21:55:25,1,On Time,-13.0,Onetime,0.0,0.0,Loyal Customers,Low Risk
bf878410ba17b72e544f5a350bad4bf5,2017-04-24 20:32:15,1,On Time,-9.0,Onetime,28.0,0.003995380312974692,At Risk,High Risk
bf8e2ac0aef7f60dd02cbfe15b447804,2017-09-13 17:04:49,1,On Time,-17.0,Onetime,69.0,0.00984575862840192,At Risk,High Risk
bf92f410920092937583ee1f422b3750,2018-01-10 20:50:19,1,On Time,-20.0,Onetime,0.0,0.0,Loyal Customers,Low Risk
bfa3c391c5cce32639f44a0bc0c2e677,2018-02-06 17:11:21,1,On Time,-14.0,Onetime,16.0,0.002283074464556967,Loyal Customers,Low Risk
bfa705815b5e0cbf17b29d4bde5a3b72,2018-04-24 00:10:37,1,On Time,-32.0,Onetime,200.0,0.028538430806962087,Champions,Low Risk
bfa809efc0c3a611d7cc109690fb1adc,2018-03-01 23:08:25,1,On Time,-19.0,Onetime,25.0,0.003567303850870261,Loyal Customers,Low Risk
bfaa7f56ca38fb29a84e2b1003b9899f,2018-07-18 22:05:49,1,On Time,-10.0,Onetime,52.9,0.007548414948441471,Loyal Customers,Low Risk
bfcdddab5a2fe5dd1d1b8330795f4061,2017-06-18 13:02:08,1,On Time,-13.0,Onetime,167.99,0.023970854956307807,At Risk,High Risk
bfd25136f17f04e11930a85f9f18ea74,2018-05-11 16:15:55,1,On Time,-23.0,Onetime,55.0,0.007848068471914575,Loyal Customers,Low Risk
bfd827e8a21c8be7bdef29573a885b76,2018-08-28 14:01:04,1,On Time,-17.0,Onetime,0.0,0.0,Loyal Customers,Low Risk
bfdb1f4f667634b7ff30a716e6fafa95,2018-08-08 01:23:58,1,On Time,-6.0,Onetime,25.89,0.0036942998679612422,Loyal Customers,Low Risk
bfe2f483e5812ce19a0e7722dd1c41f6,2018-04-12 14:03:31,1,On Time,-18.0,Onetime,59.0,0.008418837088053816,Loyal Customers,Low Risk
bff277976e13a7a30f36f0e747f07f08,2018-07-30 14:49:50,1,On Time,-5.0,Onetime,0.0,0.0,Loyal Customers,Low Risk
bffe21e5fcf1018f69c5654bb45ec1b6,2018-01-09 17:03:01,1,On Time,-12.0,Onetime,29.9,0.004266495405640831,Loyal Customers,Low Risk
c00d7744abbd4c52462103483ccb52bf,2018-04-11 17:21:18,1,On Time,-13.0,Onetime,204.0,0.029109199423101327,Champions,Low Risk
c011547921af20560248edbfa600c4f4,2018-03-23 22:20:08,1,On Time,-13.0,Onetime,59.9,0.008547260026685145,Loyal Customers,Low Risk
c024307523462166b42112cfb6c8e900,2018-03-16 21:10:52,1,On Time,-11.0,Onetime,0.0,0.0,Loyal Customers,Low Risk
c02e98da303c4da78da40f76952a187d,2017-11-10 09:18:19,1,Has Delays,1.0,Onetime,171.0,0.024400358339952584,At Risk,High Risk
c03163d8fec3bbc19ede5f2371e5969e,2018-05-21 11:39:30,1,On Time,-5.0,Onetime,0.0,0.0,Loyal Customers,Low Risk
c035cedb61d638d3e8b48521a714a86e,2017-11-02 09:30:52,1,On Time,-14.0,Onetime,599.9,0.08560102320548278,At Risk,High Risk
c0379eaf8fea020ec57ef4e788f7284e,2018-03-24 22:02:22,1,On Time,-19.0,Onetime,0.0,0.0,Loyal Customers,Low Risk
c05813a7cd3de5d467c50fb22e52eb2c,2018-07-28 18:21:00,1,On Time,-1.0,Onetime,13.3,0.001897805648662979,Loyal Customers,Low Risk
c0779cfb3d6695eb9a6c14772852e10e,2017-02-18 17:47:36,1,On Time,-29.0,Onetime,66.99,0.00955894739879195,At Risk,High Risk
c07b5683ea7097bb37e20414d341cf05,2018-02-09 17:21:15,1,Has Delays,19.0,Onetime,165.0,0.023544205415743723,Loyal Customers,Low Risk
c0897eab3445f15960a5dbc38b6d7f55,2018-08-12 15:13:40,1,On Time,-13.0,Onetime,0.0,0.0,Loyal Customers,Low Risk
c08a1a1b4aae4ec2e11ac593bf7a65df,2018-04-29 22:31:37,1,On Time,-22.0,Onetime,268.9,0.038369920219960524,Champions,Low Risk
c09b035a91c4a94cf4bc973fb2d59608,2017-08-17 22:02:13,1,On Time,-13.0,Onetime,61.5,0.008775567473140842,At Risk,High Risk
c0a1c99e485ed6cd991db287741bbbcc,2017-08-26 15:49:30,1,On Time,-14.0,Onetime,0.0,0.0,At Risk,High Risk
c0a2ff251132852958c61ce2ce573dae,2018-05-19 20:15:00,1,On Time,-1.0,Onetime,0.0,0.0,Loyal Customers,Low Risk
c0ad64a79956b80605422f32ef36686d,2018-05-03 17:08:26,1,On Time,-18.0,Onetime,178.0,0.025399203418196258,Champions,Low Risk
c0aff2627ac1dd216e37cff8e1e127f0,2017-10-04 10:53:54,1,On Time,-14.0,Onetime,56.99,0.008132025858443848,At Risk,High Risk
c0b6dee0c3c0c94972417c338b925637,2018-03-15 18:52:27,1,On Time,-7.0,Onetime,89.18,0.012725286296824397,Champions,Low Risk
c0c0c50de0f9c7089f7de06b69577afc,2017-03-10 11:45:28,1,On Time,-14.0,Onetime,23.9,0.003410342481431969,At Risk,High Risk
c0c6ca5da674e955713b978a908e233e,2018-01-15 12:36:28,1,On Time,-15.0,Onetime,59.7,0.008518721595878184,Loyal Customers,Low Risk
c0cb6f62619187c624de6516c1e3c100,2018-02-03 17:03:44,1,On Time,-22.0,Onetime,29.5,0.004209418544026908,Loyal Customers,Low Risk
c0cb6fefa6f4ddef2b92c892a39d4909,2018-01-06 09:26:03,1,On Time,-16.0,Onetime,29.9,0.004266495405640831,Loyal Customers,Low Risk
c0ceb197de4a31388883a6369ec291d6,2018-02-08 10:42:48,1,On Time,-12.0,Onetime,12.99,0.0018535710809121878,Loyal Customers,Low Risk
c0d1c485cc68748f953bedc0b453a5d4,2017-09-30 23:59:15,1,On Time,-13.0,Onetime,0.0,0.0,At Risk,High Risk
c0d2c6f28465444cbe3ad5d91418afe3,2018-06-26 15:00:56,1,On Time,-13.0,Onetime,149.0,0.021261130951186754,Champions,Low Risk
c0e34eb3758ff52f422e985899707a00,2017-03-20 21:02:06,1,On Time,-24.0,Onetime,126.99,0.018120476640880578,At Risk,High Risk
c0e5f947392f23d3daf7b38ed797b85e,2018-04-22 13:03:35,1,On Time,-15.0,Onetime,284.9,0.04065299468451749,Champions,Low Risk
c0e7c66e7a42ec16b175f04db80e6eb1,2018-04-24 23:00:56,1,On Time,-12.0,Onetime,99.9,0.014254946188077563,Champions,Low Risk
c112276ee020e563234bd46993fddc4b,2017-01-14 15:42:20,1,On Time,-21.0,Onetime,28.0,0.003995380312974692,At Risk,High Risk
c112fe095bc56b7bdd4b294fa095ae61,2018-07-23 16:57:30,1,On Time,-6.0,Onetime,148.8,0.021232592520379793,Champions,Low Risk
c1134d89110eb440df23bf32a19aacdc,2018-05-10 09:32:44,1,On Time,-12.0,Onetime,0.0,0.0,Loyal Customers,Low Risk
c114c44566c2d172b520bc3c8785ffdf,2017-05-09 12:36:05,1,On Time,-14.0,Onetime,1199.9,0.17121631562636908,At Risk,High Risk
c11e03f932a26afd062d3916ae0c85fc,2018-07-08 20:33:28,1,On Time,-14.0,Onetime,28.9,0.004123803251606021,Loyal Customers,Low Risk
c12ccc9e83965d5711a01d0b1b22abc9,2018-06-13 22:13:13,1,On Time,-5.0,Onetime,57.4,0.008190529641598119,Loyal Customers,Low Risk
c14bcf825efa083cbffda0036cccde7d,2018-05-31 10:13:38,1,On Time,-21.0,Onetime,179.9,0.025670318510862395,Champions,Low Risk
c16477b98b39807fd1a78ad4f33f6207,2018-04-09 19:35:20,1,On Time,-17.0,Onetime,135.0,0.01926344079469941,Champions,Low Risk
c1663d57763a33746237385b4465d836,2018-04-25 15:52:18,1,On Time,-6.0,Onetime,127.27,0.018160430444010323,Champions,Low Risk
c17023c486178e5a5855ae4736d435fb,2018-05-18 16:10:12,1,On Time,-8.0,Onetime,159.9,0.02281647543016619,Champions,Low Risk
c177749709d397d0804955f17d05f494,2017-04-23 18:02:49,1,On Time,-14.0,Onetime,239.8,0.03421757853754755,At Risk,High Risk
c17b4437a8b1390e7dc159ae02ed7317,2018-01-05 23:22:48,1,On Time,-10.0,Onetime,84.99,0.012127406171418538,Loyal Customers,Low Risk
c17e63af5f15bbc11b8e9387e71bba9b,2018-08-13 13:33:06,1,On Time,-22.0,Onetime,66.99,0.00955894739879195,Loyal Customers,Low Risk
c18a7f19c5bb90e5eade2d61849812a8,2017-04-29 20:09:24,1,On Time,-34.0,Onetime,149.8,0.021375284674414605,At Risk,High Risk
c18c9a0884eff4b9ee66d37dd5357216,2017-09-10 07:09:18,1,On Time,-8.0,Onetime,49.7,0.0070918000555300785,At Risk,High Risk
c192180b5d1cd366f6b0d44c3d9868fe,2018-04-11 15:49:16,1,On Time,-13.0,Onetime,104.9,0.014968406958251615,Champions,Low Risk
c1a09d6a8a9916fcf70c52cf5df6e61e,2018-03-26 09:37:14,1,On Time,-10.0,Onetime,99.9,0.014254946188077563,Champions,Low Risk
c1a74c5c2888560211ae1fb46ffafc4f,2018-01-13 13:35:32,1,On Time,-5.0,Onetime,29.5,0.004209418544026908,Loyal Customers,Low Risk
c1a91d288cfd407b330d51a237ccdfa7,2017-10-05 16:54:23,1,On Time,-12.0,Onetime,59.9,0.008547260026685145,At Risk,High Risk
c1a96eec1e40c53e2b91741abc83ddb9,2018-07-14 17:42:51,1,On Time,-7.0,Onetime,0.0,0.0,Loyal Customers,Low Risk
c1b7893ed0fb6777c4c10e5a20f11df3,2017-03-11 17:51:25,1,On Time,-14.0,Onetime,314.99,0.04494660159942494,At Risk,High Risk
c1be25a7bdf52d7885d726bc67bd2c04,2018-03-06 19:56:34,1,On Time,-12.0,Onetime,259.93,0.037089971598268275,Champions,Low Risk
c1d404c1480da3e44dd2cd5e325b1ce0,2018-05-10 16:40:15,1,On Time,-5.0,Onetime,99.99,0.014267788481940694,Champions,Low Risk
c1d9e6bbbc34d8eabbaf75ec77de9eff,2017-12-27 15:07:57,1,On Time,-23.0,Onetime,29.99,0.0042793376995039645,Loyal Customers,Low Risk
c1dc1162de49817a25314db3030276f5,2018-05-17 16:34:49,1,On Time,-4.0,Onetime,0.0,0.0,Loyal Customers,Low Risk
c1dee395f06cd4d5e5162385873bfb15,2017-07-02 12:03:31,1,On Time,-14.0,Onetime,0.0,0.0,At Risk,High Risk
c1e9d3613eb8b37cf2b5526bdbeec4c7,2018-06-13 18:06:38,1,On Time,-30.0,Onetime,299.3,0.042707761702618766,Champions,Low Risk
c1ee153508c6b785b491443a95ff364e,2018-09-13 09:56:12,1,On Time,-13.0,Onetime,0.0,0.0,Loyal Customers,Low Risk
c216ddf05dece5d199d21e54250658ea,2017-04-22 08:49:09,1,On Time,-4.0,Onetime,0.0,0.0,At Risk,High Risk
c219f4ac1bc7f1aea33e6ab8885831e8,2017-03-04 12:14:30,1,On Time,-13.0,Onetime,0.0,0.0,At Risk,High Risk
c223b7ac9fead9ac6517fae001822112,2018-03-07 16:10:11,1,On Time,-17.0,Onetime,49.95,0.007127473094038782,Loyal Customers,Low Risk
c243634b2e46f710549f7bfe8522990f,2017-06-13 12:22:32,1,On Time,-19.0,Onetime,309.0,0.044091875596756425,At Risk,High Risk
c2551ea089b7ebbc67a2ea8757152514,2017-05-14 20:28:25,2,On Time,-18.0,Repeated,89.9,0.012828024647729459,At Risk,High Risk
c25f3c70f8c8db6d2a7fb16fc8459597,2017-02-01 14:51:46,1,On Time,-35.0,Onetime,159.99,0.022829317724029324,At Risk,High Risk
c26714e5c4bdc619234e2c57c0798403,2018-05-01 10:57:57,1,On Time,-19.0,Onetime,0.0,0.0,Loyal Customers,Low Risk
c28b1528e093df4b2a5d47f6f2b0d5fb,2018-07-30 01:03:18,1,On Time,-12.0,Onetime,125.0,0.017836519254351306,Champions,Low Risk
c28b695680373781f8ff086844f72ef2,2017-11-11 19:36:00,1,On Time,-15.0,Onetime,0.0,0.0,At Risk,High Risk
c28c2e63e85e56bd2c80ba1c844a4704,2018-06-22 12:48:41,1,On Time,-6.0,Onetime,11.9,0.0016980366330142443,Loyal Customers,Low Risk
c2919fbdb45366551c1e80d5cb35cd3f,2018-03-24 08:03:00,1,On Time,-9.0,Onetime,0.0,0.0,Loyal Customers,Low Risk
c29366dcdcde92f6bab988692e21d709,2017-08-09 16:19:43,1,On Time,-7.0,Onetime,65.99,0.00941625524475714,At Risk,High Risk
c29b778bfd6975fc29309aa68ce952c3,2017-08-30 00:24:51,1,On Time,-16.0,Onetime,158.0,0.02254536033750005,At Risk,High Risk
c2c71d0cb91780737b1ac2a93fea7d12,2018-04-02 21:33:35,1,Has Delays,9.0,Onetime,129.9,0.018535710809121878,Champions,Low Risk
c2db5756a18d331cc4e4bfd1e7788640,2017-12-06 19:02:05,1,On Time,-24.0,Onetime,0.0,0.0,Loyal Customers,Low Risk
c2ddb0f0c790b59fa4ac265a5fbb75cd,2018-01-27 21:43:20,1,On Time,-2.0,Onetime,199.9,0.028524161591558603,Loyal Customers,Low Risk
c2e045ce833c8289e489314d2b6386fc,2017-04-21 14:05:09,1,On Time,-16.0,Onetime,24.9,0.00355303463546678,At Risk,High Risk
c2e4e0527503427aebd5c42bc5f1f6ef,2018-05-16 04:35:22,1,On Time,-13.0,Onetime,210.0,0.02996535234731019,Champions,Low Risk
c30772dc02e182f555db4b042efdb110,2018-03-15 10:00:16,1,On Time,-9.0,Onetime,79.99,0.011413945401244486,Loyal Customers,Low Risk
c30fd2558a9c8fc64260be3e76a20cc4,2017-03-20 17:15:11,1,On Time,-14.0,Onetime,176.99,0.025255084342621102,At Risk,High Risk
c31a0532ac4b77687d61f7fe1483d4a4,2017-05-06 02:54:13,1,On Time,-12.0,Onetime,16.9,0.002411497403188296,At Risk,High Risk
c31b42ebb5287fc93a2be91163464674,2018-08-07 08:40:31,1,Has Delays,4.0,Onetime,140.0,0.019976901564873462,Champions,Low Risk
c325d123fdea8b29701a0a93c7955ca0,2018-03-19 17:53:45,1,On Time,-5.0,Onetime,0.0,0.0,Loyal Customers,Low Risk
c33680dce5ea39d46d1f5c3f6c30a120,2018-05-15 19:12:53,1,On Time,-13.0,Onetime,119.0,0.01698036633014244,Champions,Low Risk
c3452e8f22eff6eaa361690c7e7ffd4e,2017-11-22 16:56:05,1,On Time,-13.0,Onetime,0.0,0.0,At Risk,High Risk
c34829c1ffe2887992efcf51e4e02b31,2017-09-11 19:42:40,1,On Time,-16.0,Onetime,599.0,0.08547260026685145,At Risk,High Risk
c34f2ca27d34d58730b66b7ff14f0437,2017-07-26 20:49:07,1,On Time,-5.0,Onetime,176.99,0.025255084342621102,At Risk,High Risk
c35ffdd9679e194c3673533720b5e00c,2017-08-17 14:18:05,1,On Time,-19.0,Onetime,719.8,0.10270981247425653,At Risk,High Risk
c366f7bb7c9f735501bc8d64ba2e21e7,2018-01-06 10:44:15,1,On Time,-34.0,Onetime,29.99,0.0042793376995039645,Loyal Customers,Low Risk
c375736396906dff8414217e02c45661,2018-03-25 16:43:56,1,On Time,-8.0,Onetime,142.44,0.020325070420718398,Champions,Low Risk
c37cc6c1a59d81460a3059744f7ada1c,2017-07-02 22:56:09,2,Has Delays,5.0,Repeated,294.67,0.04204709702943759,At Risk,High Risk
c3808f7c80ad3025f7d53d69e7a297cb,2018-07-23 20:09:23,1,On Time,-12.0,Onetime,17.9,0.0025541895572231063,Loyal Customers,Low Risk
c3818f2a1aa9b856afa2cc5adf8e97b7,2018-05-07 01:09:09,1,On Time,-14.0,Onetime,189.9,0.0270972400512105,Champions,Low Risk
c39dde4fcf03b0f67755c39f124a414f,2018-06-25 12:25:23,1,On Time,-21.0,Onetime,0.0,0.0,Loyal Customers,Low Risk
c3a8d73d9c04af248b04c0f97b6cb308,2017-05-22 17:45:32,1,On Time,-27.0,Onetime,467.0,0.06663723593425648,At Risk,High Risk
c3ced12ab08e67844644204aea54f2a0,2018-08-07 10:39:04,1,On Time,-6.0,Onetime,0.0,0.0,Loyal Customers,Low Risk
c3d8a0b18ff1521752caf54292bdd5cf,2018-05-06 10:27:56,1,On Time,-21.0,Onetime,318.98,0.045515943294023836,Champions,Low Risk
c3ddcb8cafa47711e96ff4852fc7e52c,2017-11-13 08:04:09,1,On Time,-16.0,Onetime,0.0,0.0,At Risk,High Risk
c3e5206cdb1a0a23a38c01fe7ba95da6,2018-06-06 15:11:03,1,On Time,-31.0,Onetime,79.9,0.011401103107381355,Loyal Customers,Low Risk
c3e7b5ae7b342eacf1def25046837735,2018-05-06 02:04:47,1,On Time,-10.0,Onetime,139.9,0.01996263234946998,Champions,Low Risk
c3fcb03fe74adff0bed2bd510ab06691,2018-01-17 07:22:36,1,On Time,-10.0,Onetime,42.9,0.006121493408093367,Loyal Customers,Low Risk
c3fcf3b664801fe10c4d9f62ac72b21a,2018-03-29 14:27:41,1,On Time,-5.0,Onetime,179.9,0.025670318510862395,Champions,Low Risk
c40388c86f0334d1d69f33fc43322a8c,2017-01-26 00:20:23,1,On Time,-35.0,Onetime,89.8,0.012813755432325977,At Risk,High Risk
c404cd92e93fb64212484abc55977d38,2018-02-19 23:10:30,1,On Time,-13.0,Onetime,204.0,0.029109199423101327,Loyal Customers,Low Risk
c4053ab276391fff6ac7736873cfc950,2018-08-27 19:39:33,1,On Time,-2.0,Onetime,0.0,0.0,Loyal Customers,Low Risk
c40d109a4036dc0bb01b522339af2220,2018-05-16 22:13:57,1,On Time,-30.0,Onetime,765.0,0.10915949783662998,Champions,Low Risk
c41f55ab526b11b223d29d9936d564cf,2018-03-20 10:20:27,1,On Time,-9.0,Onetime,299.99,0.04280621928890278,Champions,Low Risk
c426399972becd38ce02dba6eb721980,2017-05-09 12:22:51,1,On Time,-17.0,Onetime,0.0,0.0,At Risk,High Risk
c42ba47d1df4847a1fae69d1407c83d9,2017-01-21 17:08:01,1,On Time,-34.0,Onetime,29.9,0.004266495405640831,At Risk,High Risk
c43b2b3018f41c39380df5b1e77769f8,2018-05-08 17:22:49,1,On Time,-7.0,Onetime,179.99,0.02568316080472553,Champions,Low Risk
c44f87635ee8363a53bfdd58011f72c8,2018-04-18 20:54:45,1,On Time,-9.0,Onetime,0.0,0.0,Loyal Customers,Low Risk
c4636621c1d184e5aed1098bfccbb683,2018-03-02 19:39:10,1,On Time,-5.0,Onetime,0.0,0.0,Loyal Customers,Low Risk
c4727b31f6dae15654a8a097c91abe75,2018-06-27 16:57:28,1,On Time,-24.0,Onetime,239.0,0.034103424814319695,Champions,Low Risk
c47ec91fad63554dd8fe3e33188faf7d,2018-07-17 11:16:54,1,On Time,-13.0,Onetime,489.0,0.0697764633230223,Champions,Low Risk
c48f157c4de3d58b5087490cd61d97a8,2018-01-01 23:15:14,1,On Time,-15.0,Onetime,27.99,0.003993953391434344,Loyal Customers,Low Risk
c4a0864ef7d2deb7cdb86898faf6ffa6,2018-02-03 14:26:28,1,On Time,-19.0,Onetime,0.0,0.0,Loyal Customers,Low Risk
c4a991e4806ca21fbf9379ab328d1719,2018-01-04 15:07:34,1,On Time,-4.0,Onetime,98.9,0.014112254034042752,Loyal Customers,Low Risk
c4aafd2eb2916764d0bf1acac201688a,2017-06-15 16:02:23,1,On Time,-8.0,Onetime,59.9,0.008547260026685145,At Risk,High Risk
c4af082fb0ba076bb96828135834f60c,2017-10-05 20:09:56,1,Has Delays,12.0,Onetime,119.9,0.017108789268773773,At Risk,High Risk
c4b822795feef15ddf1d3d2e5b83a53b,2018-08-01 16:59:05,1,On Time,-3.0,Onetime,22.32,0.0031848888780569686,Loyal Customers,Low Risk
c4bc1ea5188b1d194cddfd732e90bff1,2018-02-23 19:28:03,1,Has Delays,8.0,Onetime,204.0,0.029109199423101327,Loyal Customers,Low Risk
c4cf9b10d2668bfabb498d93004ab4a0,2017-11-17 23:43:34,1,On Time,-10.0,Onetime,97.49,0.01391105809685367,At Risk,High Risk
c4e4f9ed2c25484e3e23c911cd77e7a2,2017-10-23 15:35:33,1,On Time,-8.0,Onetime,69.9,0.00997418156703325,At Risk,High Risk
c4ebedb09beb89cc0314c5c0c33f8053,2018-01-26 21:34:08,1,On Time,-13.0,Onetime,69.9,0.00997418156703325,Loyal Customers,Low Risk
c4f95f0256ba9b1a8956eaadc04e1d77,2018-08-27 17:24:25,1,On Time,-7.0,Onetime,95.4,0.013612831494920916,Champions,Low Risk
c4ff0cebe7c2c7225d99c8a01d7b2668,2018-06-29 08:16:35,1,On Time,-24.0,Onetime,124.88,0.017819396195867126,Champions,Low Risk
c50984e329b68d48f871999e8b9a6db7,2017-11-07 00:13:07,1,On Time,-17.0,Onetime,110.8,0.015810290667056994,At Risk,High Risk
c51451eb20d0c8294af30d7205444934,2017-11-24 10:42:23,1,On Time,-6.0,Onetime,24.99,0.0035658769293299124,At Risk,High Risk
c51a1f42780144ae12d0e529abc3f83f,2017-11-30 10:18:49,1,Has Delays,10.0,Onetime,189.9,0.0270972400512105,At Risk,High Risk
c5365631fcd0f5ae1802e798e1b7d692,2017-09-29 13:19:51,1,On Time,-13.0,Onetime,1736.0,0.24771357940443092,At Risk,High Risk
c53d90ab068a7fde8fb74003248e1ebc,2017-11-24 17:37:41,1,On Time,-8.0,Onetime,170.0,0.024257666185917775,At Risk,High Risk
c53e944da3d3ad66ccb7527165b78681,2018-03-31 14:20:46,1,On Time,-27.0,Onetime,0.0,0.0,Loyal Customers,Low Risk
c53fc86823fe518b7de9ad5c3b71677e,2018-04-05 07:41:55,1,On Time,-26.0,Onetime,39.99,0.00570625923985207,Loyal Customers,Low Risk
c5400d2fca348bd1313426efe4b10a51,2018-01-09 23:49:14,2,On Time,-1.0,Repeated,166.82,0.023803905136087076,Champions,Low Risk
c540e475e972fedf571cd4f924382f7c,2017-11-26 12:59:04,1,On Time,-11.0,Onetime,98.9,0.014112254034042752,At Risk,High Risk
c55641c7b843c3e7baae66b5946cdbb8,2018-01-31 12:49:25,1,On Time,-17.0,Onetime,0.0,0.0,Loyal Customers,Low Risk
c5570a9c8d7f1546562fd75d0ae999bd,2017-11-29 10:12:19,1,On Time,-11.0,Onetime,52.9,0.007548414948441471,At Risk,High Risk
c55d3a40c29291e294061276caa65dfb,2018-02-12 08:31:11,1,On Time,-9.0,Onetime,229.99,0.032817768506466054,Loyal Customers,Low Risk
c56d066e503008b8d0bf4204857c588d,2018-06-27 11:10:11,1,On Time,-20.0,Onetime,69.0,0.00984575862840192,Loyal Customers,Low Risk
c57675d43eb822d6fce04dc388d8ed0d,2017-10-19 15:08:03,1,On Time,-22.0,Onetime,22.0,0.0031392273887658295,At Risk,High Risk
c589ce4c653991c65f29b41c74d50374,2017-12-10 19:16:56,1,On Time,-13.0,Onetime,150.0,0.021403823105221566,Loyal Customers,Low Risk
c59531f90d083012b6c23034c8f54032,2017-11-16 13:23:40,1,On Time,-13.0,Onetime,99.0,0.014126523249446233,At Risk,High Risk
c598e7b13c0fc6b1820559eabaadb3ab,2017-08-15 20:28:02,1,On Time,-16.0,Onetime,169.9,0.024243396970514294,At Risk,High Risk
c59ba65efe3622bcfaf929ecd5fbfbf5,2018-06-08 20:06:48,1,On Time,-13.0,Onetime,300.0,0.04280764621044313,Champions,Low Risk
c5a525c4443cc914a8eebbf9d4a29fa9,2018-03-16 08:46:26,1,On Time,-19.0,Onetime,27.99,0.003993953391434344,Loyal Customers,Low Risk
c5ae6572767f4a997402acb42109c3e8,2018-06-05 12:18:01,1,On Time,-36.0,Onetime,179.0,0.02554189557223107,Champions,Low Risk
c5d50ca6add3a55d9db4261a1dd074d5,2017-08-19 14:49:51,1,On Time,-28.0,Onetime,748.0,0.1067337312180382,At Risk,High Risk
c5e04d2fe00cdad3c541268baa284553,2018-04-27 08:33:47,1,On Time,-24.0,Onetime,119.0,0.01698036633014244,Champions,Low Risk
c5e4a022d3a34df458bfb7c1b4988063,2017-10-21 11:01:29,1,On Time,-13.0,Onetime,0.0,0.0,At Risk,High Risk
c5eb4ef20f1bb764daf1936474b5e629,2017-09-06 21:18:14,1,On Time,-7.0,Onetime,27.9,0.0039811110975712105,At Risk,High Risk
c5f01991eadc43c924dfd891e9026217,2018-03-16 11:31:18,1,Has Delays,33.0,Onetime,54.99,0.007846641550374225,Loyal Customers,Low Risk
c5f0ff72edaa56e5e8eb0456c3c97ecb,2017-05-13 17:42:39,1,On Time,-15.0,Onetime,239.0,0.034103424814319695,At Risk,High Risk
c5f8601f143b47bd218cb9dd49d3c79c,2018-07-11 13:48:12,1,On Time,-7.0,Onetime,23.9,0.003410342481431969,Loyal Customers,Low Risk
c5fd8c6fc581f9792cf214b22363671f,2018-04-18 10:00:14,1,On Time,-23.0,Onetime,98.81,0.014099411740179618,Champions,Low Risk
c5fe74f1dfcbce3623c7705f0299629b,2017-03-25 20:39:11,1,On Time,-18.0,Onetime,90.0,0.01284229386313294,At Risk,High Risk
c6003bc9756a16f3b177d3f2b25c207c,2018-07-13 22:19:35,1,On Time,-11.0,Onetime,109.0,0.015553444789794337,Champions,Low Risk
c60a3ddb000c06807f59d3d5cbbfb59f,2017-05-14 20:34:04,1,On Time,-19.0,Onetime,322.75,0.04605389271473507,At Risk,High Risk
c61a15e59e35503a062589d1b609af8d,2018-06-19 09:28:14,1,On Time,-14.0,Onetime,0.0,0.0,Loyal Customers,Low Risk
c62372f1ddcedb4f0e3871b76294f0ae,2018-05-18 13:56:53,1,On Time,-14.0,Onetime,70.9,0.010116873721068061,Loyal Customers,Low Risk
c62c0bf678e72761c14d71793c64136e,2017-06-03 11:32:48,1,On Time,-16.0,Onetime,0.0,0.0,At Risk,High Risk
c63e44efa43f3947087aee96b388d949,2017-06-13 21:11:26,1,On Time,-17.0,Onetime,113.0,0.01612421340593358,At Risk,High Risk
c63f1bf0ff66dc26aa7e32552b3d42d1,2017-12-19 13:02:13,1,On Time,-5.0,Onetime,166.99,0.023828162802272995,Loyal Customers,Low Risk
c64199b55f928b9302b63c4f9d841fcb,2018-05-16 23:08:51,1,On Time,-30.0,Onetime,189.9,0.0270972400512105,Champions,Low Risk
c64415b33660f4d571749038dd8e3ec3,2018-01-17 13:43:55,1,On Time,-10.0,Onetime,12.25,0.0017479788869264278,Loyal Customers,Low Risk
c65313f0613e1292047eca9a86fdb0a1,2017-06-12 09:07:29,1,Has Delays,6.0,Onetime,99.99,0.014267788481940694,At Risk,High Risk
c658495c41a24ef33a852db6840738a1,2017-02-09 10:51:03,1,On Time,-2.0,Onetime,0.0,0.0,At Risk,High Risk
c65f4f56ce72cf522b58b34511c96ad0,2017-11-22 14:58:31,1,On Time,-3.0,Onetime,23.7,0.0033818040506250076,At Risk,High Risk
c6603d9ddf98baf1c313b9ed2e31b95f,2018-02-23 08:22:36,1,On Time,-1.0,Onetime,74.9,0.010687642337207303,Loyal Customers,Low Risk
c660e7ba7fd1e40024cdaa211a4ecbb1,2018-03-23 10:31:07,1,On Time,-9.0,Onetime,54.99,0.007846641550374225,Loyal Customers,Low Risk
c66153f5ff38b19dbfb0e5d626c0449a,2017-06-15 17:52:57,1,On Time,-17.0,Onetime,15.99,0.002281647543016619,At Risk,High Risk
c66566fe043a2ddfa3d91b5b8a13e77e,2018-06-13 22:03:50,1,On Time,-8.0,Onetime,49.98,0.007131753858659825,Loyal Customers,Low Risk
c666e59a2d3ced923880461526113d38,2018-02-24 08:45:01,1,On Time,-25.0,Onetime,116.99,0.016693555100532474,Loyal Customers,Low Risk
c66b7ef2ea9e6e2e7b3597f8131b56d7,2017-07-14 10:38:34,1,On Time,-14.0,Onetime,0.0,0.0,At Risk,High Risk
c672c78ba400adf4deb64f3aedf65cb0,2018-03-09 15:09:28,1,On Time,-8.0,Onetime,43.99,0.006277027855991312,Loyal Customers,Low Risk
c689aae648069dcd1be7613631ba6a28,2018-05-07 13:45:44,1,On Time,-10.0,Onetime,0.0,0.0,Loyal Customers,Low Risk
c68fc87e71247306abfec35ecd41ab78,2018-05-07 21:52:03,1,Has Delays,3.0,Onetime,18.98,0.0027082970835807024,Loyal Customers,Low Risk
c6995b7622508243f3d67ce55d3ae99c,2017-02-14 20:57:52,1,On Time,-24.0,Onetime,74.99,0.010700484631070433,At Risk,High Risk
c6a513e950f4f84a824821c420925f21,2017-09-26 15:40:04,1,On Time,-20.0,Onetime,212.0,0.030250736655379813,At Risk,High Risk
c6b99a3f607831e0efa54fd18a05c7c9,2017-05-19 22:46:23,1,On Time,-3.0,Onetime,759.0,0.10830334491242113,At Risk,High Risk
c6bb2e116c8ccaf3738a685ba174b675,2018-06-04 08:33:09,1,On Time,-21.0,Onetime,122.99,0.017549708024741335,Champions,Low Risk
c6c14d6b02b35ffe185803db2ed6c370,2017-08-17 21:49:35,1,On Time,-17.0,Onetime,200.0,0.028538430806962087,At Risk,High Risk
c6d04cc582cb4e8488bc99994c62e6ed,2017-04-13 17:26:06,1,On Time,-1.0,Onetime,27.9,0.0039811110975712105,At Risk,High Risk
c6daf89e664438f63927784b6fd5c5c4,2017-01-30 16:33:23,1,On Time,-43.0,Onetime,349.9,0.04992798469678017,At Risk,High Risk
c6e5e7192bb1b04db14cc0bc5068daa4,2018-07-16 16:33:17,1,On Time,-10.0,Onetime,24.99,0.0035658769293299124,Loyal Customers,Low Risk
c6f8ad34724df04e4f53f5e4ccbfadf2,2018-05-26 21:08:43,1,On Time,-33.0,Onetime,569.7,0.08129172015363151,Champions,Low Risk
c6ff1299ecfd927f41df559f9b61e94a,2018-02-27 10:05:56,1,On Time,-17.0,Onetime,320.0,0.04566148929113934,Loyal Customers,Low Risk
c6ffab32abf5dc36b10072de18d008af,2017-11-26 20:26:21,1,On Time,-14.0,Onetime,99.0,0.014126523249446233,At Risk,High Risk
c70bfc4b936709e674c7df6068ba116f,2018-08-01 13:30:49,1,On Time,-7.0,Onetime,179.7,0.025641780080055434,Champions,Low Risk
c70dfb293b08af5444cf2cf527b8836c,2018-08-09 12:44:07,1,On Time,-9.0,Onetime,1240.0,0.17693827100316495,Champions,Low Risk
c70f7100f8daa28992b8c2816d68ef98,2017-08-14 13:26:46,1,On Time,-10.0,Onetime,179.0,0.02554189557223107,At Risk,High Risk
c718e7e51226888a1ae92687aa320a16,2017-08-03 15:46:28,1,On Time,-15.0,Onetime,89.0,0.012699601709098129,At Risk,High Risk
c71c9304453701631f589b64d6aa5dce,2017-05-01 19:13:37,1,On Time,0.0,Onetime,48.98,0.006989061704625015,At Risk,High Risk
c71e415c3acaebe63ca0bbb6b067c90c,2018-04-20 14:18:56,1,On Time,-21.0,Onetime,0.0,0.0,Loyal Customers,Low Risk
c727a5b74bcd7e15a8fc4ce28c145dd6,2018-04-22 21:48:49,1,On Time,-8.0,Onetime,19.99,0.0028524161591558603,Loyal Customers,Low Risk
c7325ee1a92c0c0d4b95b8616f0abcae,2018-03-09 08:23:05,1,On Time,-13.0,Onetime,898.0,0.12813755432325977,Champions,Low Risk
c7558d51c100334f0e84384bb42f0e70,2017-03-17 16:04:23,1,On Time,-16.0,Onetime,29.9,0.004266495405640831,At Risk,High Risk
c756e1910755edd88c00ac3f46baba4b,2017-04-06 22:39:29,1,On Time,-16.0,Onetime,58.2,0.008304683364825968,At Risk,High Risk
c76b9b7efd2e02d6c8627bf5ad450622,2017-04-26 10:48:55,1,On Time,-1.0,Onetime,0.0,0.0,At Risk,High Risk
c76e101f384a7ce4088ffd4ff805ef32,2018-03-25 20:34:15,1,On Time,-7.0,Onetime,254.8,0.036357960848069706,Champions,Low Risk
c77154776ead8e798c2d684205938f71,2018-07-26 14:39:59,1,On Time,-16.0,Onetime,120.0,0.017123058484177254,Champions,Low Risk
c77dcf1fc66bff10f3dfc9a8113a995b,2018-04-24 10:47:56,1,On Time,-20.0,Onetime,391.68,0.05588966289235455,Champions,Low Risk
c795b37fd3b37d9f9a937709278167d0,2018-02-22 02:01:17,1,On Time,-2.0,Onetime,265.0,0.037813420819224765,Loyal Customers,Low Risk
c796780c7daeab9e94cc052b1f103b21,2017-05-19 18:53:40,1,On Time,-12.0,Onetime,119.99,0.017121631562636904,At Risk,High Risk
c7a9a76a4b24a7e7b2caff982409b7ee,2017-04-20 20:42:44,1,On Time,-14.0,Onetime,38.5,0.0054936479303402015,At Risk,High Risk
c7ad21801caf2f3dc28d156335a79063,2018-01-15 12:02:56,1,On Time,-17.0,Onetime,17.45,0.0024899780879074416,Loyal Customers,Low Risk
c7b5bf93064681e82c7ba602c7a28837,2017-12-14 10:13:08,1,On Time,-16.0,Onetime,118.0,0.016837674176107632,Loyal Customers,Low Risk
c7ba8f9f399ad1f57c6151986e42175d,2018-04-01 09:50:44,1,On Time,-7.0,Onetime,0.0,0.0,Loyal Customers,Low Risk
c7c025b50e210cb7604b461781209f5b,2018-01-10 11:04:26,1,On Time,-21.0,Onetime,69.9,0.00997418156703325,Loyal Customers,Low Risk
c7c57673fe2bd1823ef2ca06c7591df0,2017-06-02 21:34:16,1,On Time,-13.0,Onetime,0.0,0.0,At Risk,High Risk
c7d8b3a2fdf2fe6ada59677d6d01d452,2018-01-28 18:30:38,1,On Time,-5.0,Onetime,209.0,0.029822660193275383,Loyal Customers,Low Risk
c7e193525b2825ccfe5c65875c0db1dc,2018-02-18 16:22:23,1,On Time,-12.0,Onetime,149.0,0.021261130951186754,Loyal Customers,Low Risk
c7e6f657d0b28ae86ddb5bc464f702e1,2017-11-16 16:20:02,1,On Time,-6.0,Onetime,139.0,0.01983420941083865,At Risk,High Risk
c7f8d7b1fffc946d7069574f74c39f4e,2018-08-03 17:44:42,1,On Time,-13.0,Onetime,35.0,0.004994225391218366,Loyal Customers,Low Risk
c7fb005dfaed077788b1da6313ee6688,2018-08-03 21:33:14,1,On Time,-7.0,Onetime,27.99,0.003993953391434344,Loyal Customers,Low Risk
c802e50d933f12271605d5fe61f36caa,2017-11-24 16:15:05,1,On Time,-8.0,Onetime,13.65,0.0019477479025751625,At Risk,High Risk
c8064ef7b94e1796e22f3e4d257d07c9,2017-11-11 11:31:30,1,On Time,-12.0,Onetime,145.0,0.020690362335047514,At Risk,High Risk
c810a6f02311f981239ecba3426e50dc,2017-12-07 00:03:21,1,On Time,-16.0,Onetime,29.0,0.004138072467009503,Loyal Customers,Low Risk
c818ec5c41404938a0bec244f3f81cbf,2018-02-11 19:10:14,1,On Time,-10.0,Onetime,74.9,0.010687642337207303,Loyal Customers,Low Risk
c829f5071c462c99343ede23887acc21,2017-08-31 11:38:18,1,On Time,-9.0,Onetime,0.0,0.0,At Risk,High Risk
c8330933899939c96a4f2632b9f4c8ce,2017-11-28 21:32:32,1,On Time,-11.0,Onetime,159.9,0.02281647543016619,At Risk,High Risk
c86556ba7ecff25b48444d094c9848fd,2018-04-30 23:47:26,1,On Time,-6.0,Onetime,59.0,0.008418837088053816,Loyal Customers,Low Risk
c86a25b8f5f6c203bb3471553bdc3200,2018-06-13 13:47:39,1,On Time,-8.0,Onetime,42.99,0.006134335701956501,Loyal Customers,Low Risk
c86e98383a3c4a953e5b1a92106c072a,2017-03-16 09:47:59,1,On Time,-15.0,Onetime,99.9,0.014254946188077563,At Risk,High Risk
c873d409aabe1083ff4f96358e3a4214,2017-08-05 11:51:46,1,On Time,-12.0,Onetime,56.99,0.008132025858443848,At Risk,High Risk
c87944388aa89c72ded8daf1fa95e60e,2018-08-28 10:44:03,1,On Time,-2.0,Onetime,28.9,0.004123803251606021,Loyal Customers,Low Risk
c87b3c3de04773e493cdf8ef030e50e9,2018-01-21 21:07:51,1,On Time,-8.0,Onetime,15.9,0.0022688052491534856,Loyal Customers,Low Risk
c891a92bfe148936dec36a1d64b547a9,2018-08-21 20:18:31,1,On Time,-14.0,Onetime,59.9,0.008547260026685145,Loyal Customers,Low Risk
c899abf9b025c3ecd2e8d8c4051ed1b9,2017-05-23 10:24:06,1,On Time,-19.0,Onetime,319.8,0.04563295086033238,At Risk,High Risk
c89cf1a054b60f1d893617b0b1a140d7,2017-11-30 22:37:50,1,On Time,-18.0,Onetime,0.0,0.0,At Risk,High Risk
c8ab29209bd01c10eabf70afda7b4479,2018-07-10 23:46:28,1,On Time,-1.0,Onetime,199.9,0.028524161591558603,Champions,Low Risk
c8b2145112166ec8dc322ac57138ccab,2017-02-05 01:01:05,1,On Time,-35.0,Onetime,229.8,0.03279065699719944,At Risk,High Risk
c8bc38379b2217871ffd56f27cebda40,2017-01-26 16:48:24,1,On Time,-20.0,Onetime,0.0,0.0,At Risk,High Risk
c8c40a3a22947159eab9af128b2e51dd,2017-04-03 18:20:46,1,On Time,-13.0,Onetime,129.6,0.01849290316291143,At Risk,High Risk
c8d183727fc9b4dcac256fbe246d6270,2018-01-11 16:51:17,1,On Time,-16.0,Onetime,69.9,0.00997418156703325,Loyal Customers,Low Risk
c8deb82e62d0e33c59674b32e8b8be75,2018-04-10 10:53:00,1,On Time,-23.0,Onetime,21.9,0.0031249581733623485,Loyal Customers,Low Risk
c8edac3754c7f02ea2fe2c2807434cf2,2018-01-29 13:52:14,1,On Time,-6.0,Onetime,13.99,0.001996263234946998,Loyal Customers,Low Risk
c906687f99bc90246460e4cb808d3407,2018-07-12 20:36:15,1,On Time,-13.0,Onetime,129.0,0.018407287870490546,Champions,Low Risk
c90df77e489e7f7fb26182fb93c22367,2017-06-18 17:55:19,1,On Time,-5.0,Onetime,0.0,0.0,At Risk,High Risk
c92e853931dcb8023141ca1cc898eaa2,2018-03-28 15:42:20,1,On Time,-9.0,Onetime,29.9,0.004266495405640831,Loyal Customers,Low Risk
c9395a5b24e390e597d697ccbbb90572,2018-04-05 08:41:21,1,On Time,-20.0,Onetime,139.99,0.019975474643333116,Champions,Low Risk
c93c37c8d9779348bd164f7d605969d8,2017-07-13 11:23:11,1,On Time,-22.0,Onetime,23.9,0.003410342481431969,At Risk,High Risk
c948c3a816a6721b2f9d51380f803c34,2018-01-02 17:46:40,1,On Time,-14.0,Onetime,25.0,0.003567303850870261,Loyal Customers,Low Risk
c94e1401ba656f7493a0f9d97edcf24e,2017-10-26 20:30:28,1,On Time,-14.0,Onetime,0.0,0.0,At Risk,High Risk
c958cd11561df1914d60cf6f01875639,2018-08-03 19:03:39,1,On Time,-1.0,Onetime,56.9,0.008119183564580714,Loyal Customers,Low Risk
c9600276c55089ccd37cb1a360609101,2017-02-09 23:19:27,1,On Time,-19.0,Onetime,0.0,0.0,At Risk,High Risk
c962ed798636811935163b5e8e87ce6a,2018-02-20 10:33:58,1,On Time,-12.0,Onetime,108.0,0.015410752635759526,Loyal Customers,Low Risk
c979c7cda3ce942db2701d5550984457,2017-05-31 09:19:17,1,On Time,-12.0,Onetime,26.9,0.0038384189435364006,At Risk,High Risk
c97c1b94aeb3e7b8bc8bff24ba20a3f0,2018-08-02 20:27:51,1,On Time,-21.0,Onetime,59.98,0.008558675399007929,Loyal Customers,Low Risk
c98096cf892dcef216f1676a5552aa9f,2018-08-10 08:01:54,1,On Time,-13.0,Onetime,19.9,0.0028395738652927274,Loyal Customers,Low Risk
c983428690eb51af49b9481d2640f262,2018-02-27 22:34:44,1,Has Delays,6.0,Onetime,141.78,0.020230893599055423,Loyal Customers,Low Risk
c9a05ad9be22fbaecdc1db80fb90690f,2017-11-26 17:44:33,1,On Time,-13.0,Onetime,0.0,0.0,At Risk,High Risk
c9a91ce6fdb1137f469e8771b60a86ec,2018-01-03 16:29:52,1,On Time,-14.0,Onetime,74.9,0.010687642337207303,Loyal Customers,Low Risk
c9b3b24308b1a4587ffa3e60fafc2b1f,2017-10-26 10:13:29,1,On Time,-13.0,Onetime,209.0,0.029822660193275383,At Risk,High Risk
c9b45a95233d349511d2b132f8fc0d04,2018-03-09 15:33:17,1,On Time,-12.0,Onetime,215.0,0.030678813117484244,Champions,Low Risk
c9c6d353f4101827b3dbc83b093b2fe6,2017-04-06 13:45:15,1,On Time,-23.0,Onetime,99.9,0.014254946188077563,At Risk,High Risk
c9cb42e12d055c7407ea0b9b7be0dd6e,2018-02-23 11:40:03,1,Has Delays,4.0,Onetime,50.0,0.007134607701740522,Loyal Customers,Low Risk
c9cc1db7d87ab8d292dca31e5f1d6d01,2018-02-20 17:20:53,1,On Time,-8.0,Onetime,184.99,0.026396621574899585,Loyal Customers,Low Risk
c9d1abc0b230150138b5716c0f5720db,2018-05-01 14:21:26,1,On Time,-15.0,Onetime,599.7,0.08557248477467581,Champions,Low Risk
c9d4e34f1dd9cc0c86cda6ff04d68a39,2017-09-18 13:13:13,1,On Time,-15.0,Onetime,56.97,0.00812917201536315,At Risk,High Risk
c9d77e5fc5b63d23d089586848584744,2017-07-16 09:15:31,1,On Time,-11.0,Onetime,25.5,0.003638649927887666,At Risk,High Risk
c9efaa3ef7bb1b4071f4d08b41c25832,2017-12-08 14:17:43,1,On Time,-15.0,Onetime,0.0,0.0,Loyal Customers,Low Risk
c9f6a5d979d6abcd5e03dde326586a35,2018-05-12 00:18:28,1,On Time,-18.0,Onetime,219.99,0.03139084696611795,Champions,Low Risk
ca186065de6e2d01cfc99763e6d62048,2018-06-05 13:33:19,1,On Time,-40.0,Onetime,45.5,0.006492493008583875,Loyal Customers,Low Risk
ca270b48105d4aa0d747a0529775f19c,2017-05-22 10:27:43,1,On Time,-26.0,Onetime,370.0,0.052796096992879855,At Risk,High Risk
ca27f3dac28fb1063faddd424c9d95fa,2018-07-29 08:39:48,1,On Time,-7.0,Onetime,4059.0,0.5791874532272956,Champions,Low Risk
ca331839495652e51545aff8a5c11908,2018-01-12 16:30:25,1,On Time,-15.0,Onetime,180.99,0.025825852958760342,Loyal Customers,Low Risk
ca49534fcedb73b42c18dbd99b0a0d22,2017-03-24 21:48:54,1,On Time,-13.0,Onetime,48.65,0.006941973293793527,At Risk,High Risk
ca5c22758e4f6781ba277d327fe3d7eb,2017-10-20 17:20:37,1,On Time,-14.0,Onetime,139.99,0.019975474643333116,At Risk,High Risk
ca62a2278969324ffe26da3e5704d0d4,2017-08-23 14:29:48,1,On Time,-14.0,Onetime,199.94,0.02852986927772,At Risk,High Risk
ca681af5ab07e1b26a4a7322d06b0948,2017-05-25 00:11:01,1,On Time,-17.0,Onetime,35.9,0.005122648329849695,At Risk,High Risk
ca73adc05ad5d0d880de79b5ea3253b3,2018-05-14 08:35:33,1,On Time,-21.0,Onetime,10.9,0.0015553444789794335,Loyal Customers,Low Risk
ca77025e7201e3b30c44b472ff346268,2018-02-17 01:22:20,2,On Time,-7.0,Repeated,231.96,0.03309887204991463,Loyal Customers,Low Risk
ca7afd2f31de9bb06bc2ff8c8f338c7f,2018-05-28 12:53:12,1,On Time,-27.0,Onetime,75.9,0.010830334491242113,Loyal Customers,Low Risk
ca8869414ebfad7610a659da7e1a10b2,2018-05-16 13:29:40,1,On Time,-28.0,Onetime,59.9,0.008547260026685145,Loyal Customers,Low Risk
ca9b75064fda749aaf9d5a4f0339dc8d,2018-07-10 18:01:12,1,On Time,-14.0,Onetime,169.9,0.024243396970514294,Champions,Low Risk
ca9dde733a9274ed9bea93b8418eaac3,2017-04-03 21:40:05,1,On Time,-8.0,Onetime,119.9,0.017108789268773773,At Risk,High Risk
caab2adae070645d3e3fd3f43533d378,2017-12-06 09:53:36,1,On Time,-17.0,Onetime,0.0,0.0,Loyal Customers,Low Risk
caaf7a6f64bc06576b7ec520c8206d03,2018-06-16 16:02:47,1,On Time,-19.0,Onetime,0.0,0.0,Loyal Customers,Low Risk
cab46195bdcc56a6b42eef09eb1b64be,2017-04-08 16:23:45,1,On Time,-13.0,Onetime,0.0,0.0,At Risk,High Risk
cab49f72708b32dab386b38320f5b31b,2017-08-05 19:30:41,1,On Time,-13.0,Onetime,12.88,0.0018378749439683585,At Risk,High Risk
cab5ecc01e69aac95f48b619eb40a882,2017-03-14 16:25:43,1,On Time,-7.0,Onetime,87.37,0.012467013498021389,At Risk,High Risk
cab95c7bc45c6d2ab16c2ef1a451d5e3,2017-05-29 11:26:22,1,On Time,-21.0,Onetime,112.0,0.015981521251898768,At Risk,High Risk
cabd6d095f9967f7044473021795247c,2017-11-24 01:34:00,1,On Time,-12.0,Onetime,65.0,0.009274990012262679,At Risk,High Risk
cac66748e339bd5a970217748c2c3808,2018-03-06 12:12:15,1,On Time,-5.0,Onetime,196.9,0.028096085129454176,Champions,Low Risk
cacad11a562b7c7537343abbeebd12f0,2018-08-14 21:02:48,1,On Time,-6.0,Onetime,12.99,0.0018535710809121878,Loyal Customers,Low Risk
cad11c2ff6ad11e38a5fd8b8e2d079fd,2018-07-17 11:11:38,1,On Time,-6.0,Onetime,24.99,0.0035658769293299124,Loyal Customers,Low Risk
cad2c7327ff2add52d6f2579e541ccc7,2018-01-09 11:19:49,1,On Time,-12.0,Onetime,41.3,0.005893185961637671,Loyal Customers,Low Risk
cad6e6cc5d7a8620efda1f8310fba9d1,2018-02-13 11:28:54,1,On Time,-11.0,Onetime,59.9,0.008547260026685145,Loyal Customers,Low Risk
cad866eab1628578662eaae61403149e,2018-07-26 10:09:26,1,On Time,-9.0,Onetime,83.0,0.011843448784889266,Loyal Customers,Low Risk
cadb385cc1299451df18febff40aabc9,2018-08-16 09:44:23,1,Has Delays,7.0,Onetime,34.9,0.004979956175814883,Loyal Customers,Low Risk
cadf5efd7e29678690c09cc039e08bc6,2017-08-30 01:51:30,1,On Time,-8.0,Onetime,117.99,0.016836247254567283,At Risk,High Risk
cae9b1648059f203b6d1eb95d2d285b6,2018-02-17 22:30:05,1,On Time,-18.0,Onetime,89.7,0.012799486216922496,Loyal Customers,Low Risk
cb2cd363d56807ed670547fab32e1d52,2018-03-22 21:10:17,1,On Time,-25.0,Onetime,20.9,0.002982266019327538,Loyal Customers,Low Risk
cb2d00950f18d7d8f7fcfc8cc3a173b7,2017-07-31 20:47:50,1,On Time,-21.0,Onetime,0.0,0.0,At Risk,High Risk
cb309a02881bcd95a177ba43abd29e4e,2018-08-22 01:35:54,1,On Time,0.0,Onetime,49.9,0.007120338486337041,Loyal Customers,Low Risk
cb3420dd635fbd27ad93807c2d3f25cb,2018-04-03 13:35:33,1,On Time,-9.0,Onetime,49.9,0.007120338486337041,Loyal Customers,Low Risk
cb3ff5e129b14923b2dfef9acd718bb1,2017-05-07 18:53:52,1,On Time,-17.0,Onetime,29.5,0.004209418544026908,At Risk,High Risk
cb4089906a5a7ccaf87fb50cf413779d,2018-01-24 11:55:40,1,On Time,-14.0,Onetime,35.99,0.005135490623712827,Loyal Customers,Low Risk
cb409daad1fb6069e979463ca3de23dc,2017-07-18 13:32:25,1,On Time,-14.0,Onetime,119.94,0.017114496954935166,At Risk,High Risk
cb506d0e00cdce49d92ae0ac17609b9b,2018-04-24 01:39:06,1,On Time,-6.0,Onetime,55.0,0.007848068471914575,Loyal Customers,Low Risk
cb619b091c043c3f95dc59228dc4cea0,2017-10-22 19:25:14,1,On Time,-10.0,Onetime,107.9,0.015396483420356046,At Risk,High Risk
cb644c8c88c4705149fc0c7dd12d596d,2017-06-05 13:24:46,1,On Time,-12.0,Onetime,105.76,0.015091122210721553,At Risk,High Risk
cb687c6f0032be4084e51de779c0d643,2018-01-22 17:30:02,1,On Time,-11.0,Onetime,29.9,0.004266495405640831,Loyal Customers,Low Risk
cb6c040d4cfee851f337e691f1b89077,2018-02-20 08:12:25,1,On Time,-10.0,Onetime,460.0,0.06563839085601281,Loyal Customers,Low Risk
cb70b84be8fb6e91fb07bea38b7ad69a,2018-07-01 11:21:38,1,On Time,-18.0,Onetime,0.0,0.0,Loyal Customers,Low Risk
cb824a5ce7a9fd74bca8f9b0e1943415,2017-11-06 17:21:59,1,On Time,-7.0,Onetime,99.9,0.014254946188077563,At Risk,High Risk
cb99edb00fd595d96606eb7bcdb9a50b,2018-08-09 22:38:41,1,On Time,-8.0,Onetime,45.0,0.00642114693156647,Loyal Customers,Low Risk
cb9e777d2d1ac22f85edc2fbf95dc917,2017-10-19 06:28:39,1,On Time,-15.0,Onetime,80.0,0.011415372322784835,At Risk,High Risk
cbb244b90971a5006e08d630b4c05c9e,2018-01-20 18:42:07,1,On Time,-20.0,Onetime,26.99,0.0038512612373995335,Loyal Customers,Low Risk
cbc1758cf3d80ee00814749bdb650bd3,2018-03-07 23:46:19,1,On Time,-12.0,Onetime,657.0,0.09374874520087045,Champions,Low Risk
cbc71e02efb1d43b84f80b2a64d6013c,2018-03-02 21:29:29,1,On Time,-7.0,Onetime,99.9,0.014254946188077563,Loyal Customers,Low Risk
cbcffdb10a42aa3161bd736e4397af99,2017-05-27 13:08:23,1,On Time,-18.0,Onetime,189.0,0.026968817112579174,At Risk,High Risk
cbd0350d4ccba9772e8e768d4a4a5cbf,2017-04-09 13:44:57,1,On Time,-17.0,Onetime,48.99,0.006990488626165364,At Risk,High Risk
cbd464dcb41d05485e202090e631fe9f,2018-07-10 11:08:51,1,On Time,-5.0,Onetime,86.99,0.01241279047948816,Loyal Customers,Low Risk
cbda3bed5f606046e27bad0baaa72f4a,2018-04-16 16:51:43,1,On Time,-20.0,Onetime,99.0,0.014126523249446233,Champions,Low Risk
cbdcaa621583ca59fb72b5cb1866c34f,2017-09-21 19:05:21,1,On Time,-1.0,Onetime,59.9,0.008547260026685145,At Risk,High Risk
cbf29c6e841fee87dd5c6f3f510de13d,2018-05-01 15:13:03,1,On Time,-22.0,Onetime,119.99,0.017121631562636904,Champions,Low Risk
cbf4a1abc9d7c3cb59a7db6310ed9fc2,2017-08-17 17:50:47,1,On Time,-19.0,Onetime,9.0,0.0012842293863132939,At Risk,High Risk
cc0a26893a3b8118462803ed814ddf4e,2017-11-22 21:12:44,1,Has Delays,7.0,Onetime,250.0,0.03567303850870261,At Risk,High Risk
cc0e4f50a507bbb1fe27a82e8c678df5,2018-04-11 14:59:00,1,On Time,-15.0,Onetime,68.0,0.00970306647436711,Loyal Customers,Low Risk
cc1a30280651daf2d918ed7868575771,2018-07-29 11:24:17,1,On Time,-11.0,Onetime,33.9,0.004837264021780073,Loyal Customers,Low Risk
cc1c732ee15c432d060c876c7e9aec5c,2018-07-10 16:08:55,1,On Time,-9.0,Onetime,349.99,0.049940826990643304,Champions,Low Risk
cc2718d6c52b045bab3ffe9da86de1b4,2017-12-04 11:10:27,1,On Time,-8.0,Onetime,199.0,0.02839573865292728,Loyal Customers,Low Risk
cc2a97be990325d3bdab29a3b4352958,2017-04-05 14:29:43,1,On Time,-18.0,Onetime,29.0,0.004138072467009503,At Risk,High Risk
cc320e08bc9bc1b0a30e551d1de1e26d,2018-06-03 21:08:31,1,On Time,-23.0,Onetime,94.5,0.013484408556289587,Champions,Low Risk
cc44dcf49a9acf9b97e6511053e6749b,2018-04-03 15:03:48,1,On Time,-14.0,Onetime,179.0,0.02554189557223107,Champions,Low Risk
cc46237f7d268f31d98cf34e436d466c,2017-10-22 14:25:40,1,On Time,-14.0,Onetime,46.9,0.006692262024232609,At Risk,High Risk
cc4adf86e974ab9714a4646e2c77719d,2018-06-18 01:27:37,1,On Time,-8.0,Onetime,78.0,0.011129988014715214,Loyal Customers,Low Risk
cc4c72fa1a49a5a70f1a0ecab271a36a,2018-03-20 15:12:50,1,On Time,-11.0,Onetime,129.0,0.018407287870490546,Champions,Low Risk
cc5645c2bc88ff7a0c423b03050a0e5e,2018-07-19 11:51:30,1,On Time,-9.0,Onetime,79.9,0.011401103107381355,Loyal Customers,Low Risk
cc5e157f88de98c618e8df466faab570,2018-07-10 20:36:54,1,On Time,-22.0,Onetime,69.0,0.00984575862840192,Loyal Customers,Low Risk
cc61ecdda15905388185bfd77969ae72,2018-01-17 16:44:42,1,On Time,-13.0,Onetime,138.0,0.01969151725680384,Loyal Customers,Low Risk
cc6c2a4b4e826c577b8a60073bd56a7b,2017-03-01 16:04:38,1,On Time,-10.0,Onetime,194.5,0.02775362395977063,At Risk,High Risk
cc6f81ca4d2992991e860e88dbea4431,2018-01-11 13:51:19,1,On Time,-15.0,Onetime,0.0,0.0,Loyal Customers,Low Risk
cc75120073fb03f586924a6091e58e28,2018-06-29 14:40:08,1,On Time,-11.0,Onetime,139.0,0.01983420941083865,Champions,Low Risk
cc77e2bf7a54937f23c5534a4b4742d7,2018-05-02 13:17:54,1,Has Delays,7.0,Onetime,119.98,0.017120204641096554,Champions,Low Risk
cc8b951febb2949ceb6ead2f8dd17ce9,2018-03-15 14:09:16,1,On Time,-7.0,Onetime,0.0,0.0,Loyal Customers,Low Risk
cc9cbe91f775a595bcb05af59019b396,2018-05-16 16:10:21,1,On Time,-11.0,Onetime,39.0,0.005564994007357607,Loyal Customers,Low Risk
cca20bbdb16d521c1f94eaf7209717b6,2017-11-21 08:52:33,1,On Time,-14.0,Onetime,59.9,0.008547260026685145,At Risk,High Risk
cca634a5e8cffea413f58c8c29324d41,2018-04-02 19:57:02,1,On Time,-8.0,Onetime,159.0,0.022688052491534858,Champions,Low Risk
ccafc1c3f270410521c3c6f3b249870f,2018-06-07 19:03:12,1,On Time,-13.0,Onetime,0.0,0.0,Loyal Customers,Low Risk
ccba123d7e139740a33eda4ab612bb89,2017-06-05 13:40:45,1,On Time,-19.0,Onetime,79.9,0.011401103107381355,At Risk,High Risk
ccc0bfa155686baf816eb6d8ae01e2e5,2018-03-26 08:23:01,1,On Time,-11.0,Onetime,0.0,0.0,Loyal Customers,Low Risk
ccc1b0d223798bd711b0799cbac29d36,2017-10-04 10:05:53,1,On Time,-20.0,Onetime,69.0,0.00984575862840192,At Risk,High Risk
ccc2dbe64dde140fb3dbb127091e50a9,2018-04-23 19:05:57,1,On Time,-11.0,Onetime,330.0,0.047088410831487446,Champions,Low Risk
ccd47fd96a99cdd5e022168e70a2ce2d,2017-07-09 16:34:23,1,On Time,-21.0,Onetime,0.0,0.0,At Risk,High Risk
ccf9bb2d5ab02b4928415360e23e6e8e,2018-03-29 00:31:03,1,On Time,-7.0,Onetime,86.9,0.012399948185625028,Loyal Customers,Low Risk
cd020f72b3994d3dda2f464efe9aa99b,2018-05-11 09:49:31,1,On Time,-9.0,Onetime,1890.0,0.2696881711257917,Champions,Low Risk
cd06321b66b405ff89ec1e4e14c03886,2018-02-17 20:22:10,1,On Time,-15.0,Onetime,0.0,0.0,Loyal Customers,Low Risk
cd0c3f3f239b29e891740c9cfad8e4a4,2018-04-27 21:36:20,1,On Time,-7.0,Onetime,29.99,0.0042793376995039645,Loyal Customers,Low Risk
cd10a74ff01ce316302e0db00e90ccb4,2018-05-30 02:41:28,1,On Time,-26.0,Onetime,0.0,0.0,Loyal Customers,Low Risk
cd128eddd128c614d91223f4f44ee479,2018-07-12 16:56:22,1,On Time,-4.0,Onetime,0.0,0.0,Loyal Customers,Low Risk
cd148470c375939669971e8a032b16b4,2018-02-27 12:55:42,1,On Time,-13.0,Onetime,394.9,0.056349131628346635,Loyal Customers,Low Risk
cd2624b9b75d83efb640f7204232511e,2018-07-24 11:32:11,1,On Time,-10.0,Onetime,393.6,0.056163631828101385,Champions,Low Risk
cd3340b0ac216750381d8ec73a15f4f1,2018-07-31 21:48:05,1,On Time,-4.0,Onetime,56.1,0.008005029841352864,Loyal Customers,Low Risk
cd46df724b05dd5f855b5fb15f11999c,2018-01-04 11:47:46,1,Has Delays,3.0,Onetime,108.9,0.015539175574390857,Loyal Customers,Low Risk
cd48886e32a6b31ca3e4cba232dfd38d,2018-05-05 22:32:38,1,On Time,-13.0,Onetime,139.99,0.019975474643333116,Champions,Low Risk
cd4dc8a1f78011e0a2e730314f9c97be,2017-11-24 20:58:59,1,On Time,-15.0,Onetime,6.0,0.0008561529242088627,At Risk,High Risk
cd7564a987285ae0b11be324c816a21f,2017-08-30 20:17:11,1,On Time,-9.0,Onetime,89.9,0.012828024647729459,At Risk,High Risk
cd8dbe8c0f714827ca12c3cb7310d97e,2017-08-06 16:04:38,1,On Time,-10.0,Onetime,19.9,0.0028395738652927274,At Risk,High Risk
cd9572a2e854df312b6ebcf7e4863352,2017-09-06 01:19:03,1,On Time,-11.0,Onetime,0.0,0.0,At Risk,High Risk
cd9a044f87d915231595e7fd53afc858,2018-01-13 20:42:27,1,On Time,-39.0,Onetime,1159.6,0.16546582181876618,Loyal Customers,Low Risk
cd9ee4391bf0098b7cfde33287c340c8,2017-10-22 13:59:06,1,On Time,-13.0,Onetime,59.9,0.008547260026685145,At Risk,High Risk
cdb39cca09957f7ec951c5a8998c7f45,2017-07-06 11:12:41,1,On Time,-23.0,Onetime,209.0,0.029822660193275383,At Risk,High Risk
cdb72728a4199830c46025ab3cdb5afd,2017-10-12 13:29:49,1,On Time,-7.0,Onetime,0.0,0.0,At Risk,High Risk
cdc15921ed263ac114cd48de48fbaec0,2018-04-20 14:27:30,1,On Time,-23.0,Onetime,6.27,0.0008946798057982613,Loyal Customers,Low Risk
cdd4e05e1a4f6713e1ae3805b30d7df2,2018-08-09 20:36:13,1,On Time,-11.0,Onetime,0.0,0.0,Loyal Customers,Low Risk
cde21887e86a254eab4799aec212b7b7,2017-11-07 12:48:35,1,On Time,-10.0,Onetime,0.0,0.0,At Risk,High Risk
cde6a9db1f84a0f8d378d1e1d1fecdd3,2018-04-11 10:44:58,1,On Time,-18.0,Onetime,411.0,0.05864647530830709,Champions,Low Risk
cdf40f3d0b93839f37972934deda0d65,2017-11-13 11:16:06,1,Has Delays,2.0,Onetime,34.5,0.00492287931420096,At Risk,High Risk
cdf80822e68184b438a469f3dc2121a4,2018-06-12 09:52:46,1,On Time,-23.0,Onetime,21.5,0.0030678813117484246,Loyal Customers,Low Risk
cdfcb6808ed50ff089050cedf97c0fa0,2018-03-26 12:07:10,1,On Time,-12.0,Onetime,0.0,0.0,Loyal Customers,Low Risk
ce0c46039a9592b6ee052bace25756e0,2018-08-04 16:49:05,1,On Time,-2.0,Onetime,105.0,0.014982676173655096,Champions,Low Risk
ce13d650b5a9d9e05799293014ae51eb,2017-04-12 18:49:13,1,On Time,-19.0,Onetime,499.99,0.07134465009586487,At Risk,High Risk
ce2086a9fea4ca521c5cec07361ff2d6,2018-06-15 00:02:47,1,On Time,-23.0,Onetime,39.8,0.005679147730585455,Loyal Customers,Low Risk
ce274c03a24e29be7c97f06755757770,2018-08-21 18:47:23,1,On Time,-4.0,Onetime,160.0,0.02283074464556967,Champions,Low Risk
ce2cd38e552649e1051d8f059aec9fdc,2018-06-14 10:59:13,1,On Time,-22.0,Onetime,49.9,0.007120338486337041,Loyal Customers,Low Risk
ce2e0ace655301bc4a8cae4abbd8c0a2,2018-02-27 09:50:14,1,On Time,-7.0,Onetime,179.1,0.025556164787634547,Loyal Customers,Low Risk
ce3074d73cb3828e407c462309b0ff7f,2017-04-07 18:08:31,1,On Time,-49.0,Onetime,119.8,0.01709452005337029,At Risk,High Risk
ce41a50f9ff95ef577cb759483fe9165,2018-06-14 16:35:37,1,On Time,-21.0,Onetime,38.9,0.0055507247919541255,Loyal Customers,Low Risk
ce53d0436a0b5d49e67638cb97d715fb,2018-06-08 17:05:16,1,On Time,-12.0,Onetime,197.0,0.028110354344857657,Champions,Low Risk
ce673045c4daded52134073c2e661fb1,2017-11-14 09:19:13,1,On Time,-13.0,Onetime,112.0,0.015981521251898768,At Risk,High Risk
ce6932a8f9402aa406573c59594f2ae0,2018-07-04 16:17:27,1,On Time,-28.0,Onetime,124.85,0.017815115431246083,Champions,Low Risk
ce78d36a92c8c804a0598c086f5dbb54,2018-01-24 20:07:10,1,Has Delays,1.0,Onetime,579.0,0.08261875718615524,Loyal Customers,Low Risk
ce8048c51925c50028a62a477fb47674,2018-08-23 00:13:49,1,On Time,-3.0,Onetime,0.0,0.0,Loyal Customers,Low Risk
ce81fc761b769638385a9bdb9c10dedc,2018-06-27 18:24:27,1,On Time,-16.0,Onetime,159.99,0.022829317724029324,Champions,Low Risk
ce82b942c888963b8b245169ab485e37,2017-11-12 20:32:49,1,On Time,-13.0,Onetime,113.94,0.0162583440307263,At Risk,High Risk
ce8b665ad7a00dfee2a4fbd19dedb82a,2018-02-25 20:41:55,1,Has Delays,66.0,Onetime,13.65,0.0019477479025751625,Loyal Customers,Low Risk
ce9e54a97c1a20031e82528e1883ed90,2017-05-06 21:09:38,1,On Time,-13.0,Onetime,0.0,0.0,At Risk,High Risk
ceaa8332aa14a606de44c05a1271e6d2,2017-08-17 08:36:15,1,On Time,-20.0,Onetime,49.0,0.006991915547705711,At Risk,High Risk
cec0f7c6c7365805b89f59923ba96ba8,2018-07-23 14:56:35,1,On Time,-21.0,Onetime,139.99,0.019975474643333116,Champions,Low Risk
cec2d86889f4d9a19aeec4c8d4e1beae,2018-03-06 17:12:14,1,On Time,-8.0,Onetime,380.0,0.05422301853322797,Champions,Low Risk
cec42b5f6696e2dffad94f98200b5038,2017-05-26 16:09:19,1,On Time,-15.0,Onetime,29.0,0.004138072467009503,At Risk,High Risk
cec724fb2a220b0ea87e558894f7317f,2017-11-24 21:22:30,1,On Time,0.0,Onetime,0.0,0.0,At Risk,High Risk
cecc19ff12c206e6368dd1e9c22a848d,2017-03-01 17:58:28,1,On Time,-14.0,Onetime,175.99,0.02511239218858629,At Risk,High Risk
ced5b7e4e431e11775c4bcf19443e008,2017-09-23 10:03:33,1,On Time,-18.0,Onetime,0.0,0.0,At Risk,High Risk
ceea9a728afd9cf6ba6a14fb6c4e828a,2017-12-03 18:58:14,1,On Time,-15.0,Onetime,89.9,0.012828024647729459,Loyal Customers,Low Risk
ceed36e28a7cafdb8933348019f37b28,2017-12-13 23:04:15,1,On Time,-13.0,Onetime,119.0,0.01698036633014244,Loyal Customers,Low Risk
cef29e793e232d30250331804cdb7000,2018-01-18 19:59:07,1,On Time,-13.0,Onetime,43.6,0.006221377915917734,Loyal Customers,Low Risk
cef42836ff25476d55c9a3e58f8da99d,2018-07-27 19:38:22,1,On Time,-17.0,Onetime,98.0,0.013983831095411422,Champions,Low Risk
cef44ce121b124fdc3438472b1ac4e9a,2018-02-09 13:48:17,1,On Time,-12.0,Onetime,38.25,0.005457974891831499,Loyal Customers,Low Risk
cefac82d3b1e2cf521adb377ac4ed0ba,2018-01-22 22:26:08,1,On Time,-12.0,Onetime,56.99,0.008132025858443848,Loyal Customers,Low Risk
cefe8df26df3308f75ae27c0dcc3cac4,2018-06-12 18:01:56,1,On Time,-13.0,Onetime,75.9,0.010830334491242113,Loyal Customers,Low Risk
cf12d87c7d17d209394d676e3136d873,2018-05-03 19:40:54,1,On Time,-7.0,Onetime,69.9,0.00997418156703325,Loyal Customers,Low Risk
cf24fc26d6007e7a24eb804c9ef6a0de,2017-10-24 21:31:18,1,On Time,-24.0,Onetime,18.25,0.0026041318111352904,At Risk,High Risk
cf2d4b59551f1a621e1dd518d8025d3f,2017-09-20 11:35:09,1,On Time,-1.0,Onetime,229.9,0.03280492621260292,At Risk,High Risk
cf41887f4cbf217c6fad258a83ba2d32,2018-01-22 02:45:40,1,On Time,-13.0,Onetime,0.0,0.0,Loyal Customers,Low Risk
cf50302e77f7141c5923c3bc84ceffaf,2018-08-03 22:23:06,1,On Time,-9.0,Onetime,83.0,0.011843448784889266,Loyal Customers,Low Risk
cf512cfdf59fee3876844764595d3fff,2017-03-04 16:52:43,1,On Time,-8.0,Onetime,40.0,0.005707686161392418,At Risk,High Risk
cf58b6fd429433b7e185b6e6453a8c9a,2018-06-21 18:54:50,1,On Time,-29.0,Onetime,27.9,0.0039811110975712105,Loyal Customers,Low Risk
cf5ad739fb0bb0c54bcfb1c41b7fd8b3,2018-05-03 19:06:37,1,Has Delays,1.0,Onetime,99.9,0.014254946188077563,Champions,Low Risk
cf68ed00e583c4c3802cd3eeaf4bbfd4,2018-01-25 13:21:56,1,Has Delays,7.0,Onetime,192.99,0.027538158807178068,Loyal Customers,Low Risk
cf6fcea0892d8ea6f5cfa685cb4abfe3,2017-08-28 20:27:54,1,On Time,-9.0,Onetime,21.99,0.0031378004672254814,At Risk,High Risk
cf71400ad4dc7b8ae75143ff39dc94bc,2017-06-28 08:32:54,1,On Time,-10.0,Onetime,49.9,0.007120338486337041,At Risk,High Risk
cf7d5df4ee5ebe39ed41f0c5c1584b1c,2017-07-28 21:49:59,1,On Time,-21.0,Onetime,115.0,0.016409597714003202,At Risk,High Risk
cf7e1fdabd7d79ba731b94344e51b657,2017-06-17 12:36:48,1,On Time,-5.0,Onetime,167.92,0.023960866505525365,At Risk,High Risk
cf9361b262c970fa55e3ae170ace4c84,2017-08-17 13:19:30,1,On Time,-9.0,Onetime,62.0,0.008846913550158247,At Risk,High Risk
cf9f944becfecd7b016bb8590b251372,2018-01-20 19:46:23,1,On Time,-15.0,Onetime,0.0,0.0,Loyal Customers,Low Risk
cfa0dfd65182c8bcbf31fdb1f35cc0fa,2017-04-30 00:12:14,1,On Time,-9.0,Onetime,34.99,0.0049927984696780175,At Risk,High Risk
cfb025f193db116549c9c23e4d58e3e3,2017-12-27 21:34:00,1,On Time,-11.0,Onetime,40.9,0.005836109100023747,Loyal Customers,Low Risk
cfb3a7a74383d11b7753e83ae6266cef,2017-02-01 20:59:12,1,On Time,-23.0,Onetime,129.9,0.018535710809121878,At Risk,High Risk
cfbde95e3c8da168d469f2a8fd9eb329,2018-03-05 11:09:55,1,On Time,-16.0,Onetime,82.9,0.011829179569485785,Loyal Customers,Low Risk
cfc7eef674ef02c6f9d3ff2c7e1e8567,2018-01-31 09:36:56,1,On Time,-14.0,Onetime,92.8,0.013241831894430407,Loyal Customers,Low Risk
cfca8dd295c27ec0011cda055a6177f4,2018-01-12 20:08:22,1,On Time,-15.0,Onetime,0.0,0.0,Loyal Customers,Low Risk
cfdaaa0caea59b06efb4b0fb8c700684,2017-03-03 19:35:00,1,On Time,-7.0,Onetime,0.0,0.0,At Risk,High Risk
cfde5305d07e35893800f16df83aec28,2017-08-07 16:45:26,1,On Time,-14.0,Onetime,43.98,0.006275600934450963,At Risk,High Risk
cff7e6157907d5d7688107f455a785a0,2018-03-30 20:18:43,1,On Time,-13.0,Onetime,0.0,0.0,Loyal Customers,Low Risk
d0175fc564515a47e95bcfdf40e6bc07,2018-06-12 22:21:34,1,On Time,-21.0,Onetime,80.9,0.011543795261416166,Loyal Customers,Low Risk
d01cf8c6c7c836c5dd9320585928f42b,2018-04-15 19:42:06,1,On Time,-6.0,Onetime,45.0,0.00642114693156647,Loyal Customers,Low Risk
d02cbb85434c84acabb8e81bbf064d3e,2018-01-14 18:49:14,1,On Time,-10.0,Onetime,0.0,0.0,Loyal Customers,Low Risk
d041320ae7f525e9184cb0ae811cd9cf,2018-02-28 17:53:38,1,Has Delays,14.0,Onetime,29.99,0.0042793376995039645,Loyal Customers,Low Risk
d04921557f1cde4963c30a11dfb1719d,2018-08-23 22:29:15,1,On Time,-11.0,Onetime,0.0,0.0,Loyal Customers,Low Risk
d05013504cc471a973af3e91dc6b52fe,2018-03-27 18:22:21,1,On Time,-24.0,Onetime,78.0,0.011129988014715214,Loyal Customers,Low Risk
d052fe86655dae0e952c1bacbbb99d7a,2018-01-04 09:30:01,1,On Time,-14.0,Onetime,69.9,0.00997418156703325,Loyal Customers,Low Risk
d05655be736276d336124c2cd43a4de9,2018-01-09 18:30:27,1,On Time,-21.0,Onetime,49.9,0.007120338486337041,Loyal Customers,Low Risk
d060480eea297c26aca01bbd55b2805a,2017-12-08 21:27:38,1,On Time,-21.0,Onetime,149.9,0.021389553889818086,Loyal Customers,Low Risk
d065a4dc833c057488f8c8831927c496,2018-06-10 13:43:30,1,On Time,-26.0,Onetime,733.0,0.10459334890751605,Champions,Low Risk
d0811608353267017bfedb8fe14b0dc0,2017-09-19 13:05:14,1,On Time,-10.0,Onetime,118.9,0.01696609711473896,At Risk,High Risk
d095bbc1bb5524e10c78879cceb862d8,2017-07-28 13:10:24,1,On Time,-10.0,Onetime,32.64,0.004657471907696212,At Risk,High Risk
d098e82023890ae36af4c8ee360102c7,2017-08-30 17:49:11,1,On Time,-15.0,Onetime,298.0,0.04252226190237351,At Risk,High Risk
d0b5811a3a35f4934489c59f5667dae9,2018-03-11 11:38:14,1,On Time,-4.0,Onetime,295.0,0.04209418544026908,Champions,Low Risk
d0b9a20f4efe329f146c1954fb3fb019,2018-07-04 13:08:27,1,On Time,-25.0,Onetime,580.0,0.08276144934019006,Champions,Low Risk
d0c5e56e04e886e73c79b3b71f0d6f0b,2017-07-08 17:35:03,1,On Time,-15.0,Onetime,69.9,0.00997418156703325,At Risk,High Risk
d0ca0850700932098a90d5f7c87ededb,2018-07-22 18:57:35,1,On Time,-5.0,Onetime,77.9,0.011115718799311733,Loyal Customers,Low Risk
d0d2121af4a8105396375642202bec4a,2018-08-18 23:06:14,1,On Time,-6.0,Onetime,66.99,0.00955894739879195,Loyal Customers,Low Risk
d0db8f74fe8af2b92d1e7159472874f0,2017-12-21 17:43:41,1,On Time,-18.0,Onetime,49.9,0.007120338486337041,Loyal Customers,Low Risk
d0e2c063df03f7b3befd1d87a12f80c4,2017-11-25 21:51:29,1,On Time,-12.0,Onetime,0.0,0.0,At Risk,High Risk
d0ff1a7468fcc46b8fc658ab35d2a12c,2017-11-21 00:03:41,1,On Time,-14.0,Onetime,17.9,0.0025541895572231063,At Risk,High Risk
d106c6af3ba4ed2f44fcc82be618dd80,2018-05-01 21:53:28,1,On Time,-13.0,Onetime,145.0,0.020690362335047514,Champions,Low Risk
d10cc33f813d1dcc8cc480270bd79bf4,2018-04-16 11:15:53,1,On Time,-21.0,Onetime,29.9,0.004266495405640831,Loyal Customers,Low Risk
d11a194f143fd919974b08483bc2dd84,2018-06-26 10:58:48,1,On Time,-19.0,Onetime,279.0,0.03981111097571211,Champions,Low Risk
d11dea88ee53a4f71c18b40b3d659135,2017-04-26 11:30:38,1,On Time,-14.0,Onetime,83.9,0.011971871723520596,At Risk,High Risk
d1360c2c706f607745a54d1631fd23a6,2017-12-03 19:21:34,1,On Time,-8.0,Onetime,59.9,0.008547260026685145,Loyal Customers,Low Risk
d15efa6fcfd5909767d5c9de1608af29,2018-06-07 08:57:05,1,On Time,-28.0,Onetime,109.0,0.015553444789794337,Champions,Low Risk
d172060f03b2863504103b5a0e9c8f6d,2017-11-14 11:33:24,1,On Time,-9.0,Onetime,420.0,0.05993070469462038,At Risk,High Risk
d1744e4b88a060e0c2f919c5eccc33ff,2017-11-06 11:53:36,1,On Time,-4.0,Onetime,709.9,0.10129716014931194,At Risk,High Risk
d1ac08467e5ac5e907b719c89c80ff2c,2018-04-26 09:51:43,1,On Time,-10.0,Onetime,0.0,0.0,Loyal Customers,Low Risk
d1ad0a5f79589af17562cdfea4b4d8c7,2018-08-15 16:30:22,1,On Time,-5.0,Onetime,112.01,0.015982948173439118,Champions,Low Risk
d1bd7e8ef014e3ed04b318cd138c0dc0,2017-09-18 19:35:11,1,On Time,-7.0,Onetime,349.99,0.049940826990643304,At Risk,High Risk
d1c8bf61f09263024c368f9b819c3b00,2017-08-23 20:53:48,1,On Time,-9.0,Onetime,51.92,0.007408576637487357,At Risk,High Risk
d1cbb16c0aa9f18e6b6f37535802c60b,2017-12-02 20:02:37,1,On Time,-15.0,Onetime,89.87,0.012823743883108415,Loyal Customers,Low Risk
d1ccd6d8797a035e6a89fb3efab3cad8,2017-04-28 17:36:34,1,On Time,-6.0,Onetime,133.99,0.01911932171912425,At Risk,High Risk
d1dae3a5d39b1261850728549a01667a,2018-01-16 09:46:23,1,On Time,-13.0,Onetime,0.0,0.0,Loyal Customers,Low Risk
d1e4258972639ad1aeb4f5391e2fe666,2018-08-13 21:47:23,1,On Time,-8.0,Onetime,0.0,0.0,Loyal Customers,Low Risk
d1e42b8f9befb604b34577479827d5e6,2017-09-19 23:46:28,1,On Time,-1.0,Onetime,79.9,0.011401103107381355,At Risk,High Risk
d1ffb6aa264f79f277904708f328cfc6,2017-07-11 16:36:24,1,On Time,-15.0,Onetime,45.0,0.00642114693156647,At Risk,High Risk
d2039db35dad677db8879177d9b9c8a2,2017-12-08 22:24:48,1,On Time,-6.0,Onetime,26.99,0.0038512612373995335,Loyal Customers,Low Risk
d20bf42c71d4c30b705408781633e42f,2018-01-28 09:53:36,1,On Time,-16.0,Onetime,99.9,0.014254946188077563,Loyal Customers,Low Risk
d215654948fc3ce8f8010cc12a8c843e,2018-05-31 18:28:14,1,On Time,-16.0,Onetime,329.0,0.04694571867745263,Champions,Low Risk
d21beb0802dd046077afcb505173bf2a,2018-01-11 15:58:00,1,On Time,-16.0,Onetime,49.99,0.007133180780200174,Loyal Customers,Low Risk
d22ed54c5ae6da25eef4abd6da8ff22b,2017-11-22 21:29:06,1,Has Delays,6.0,Onetime,99.0,0.014126523249446233,At Risk,High Risk
d23e27b448cb5d930eabfe84679e0274,2017-11-25 22:02:58,1,On Time,-18.0,Onetime,0.0,0.0,At Risk,High Risk
d24ec587c6d6712bda66a2ed1ae3da25,2018-05-26 16:01:31,1,On Time,-23.0,Onetime,0.0,0.0,Loyal Customers,Low Risk
d24f0a5ca47c76e5579027ec136092ff,2017-06-25 19:19:17,1,On Time,-10.0,Onetime,59.0,0.008418837088053816,At Risk,High Risk
d25cd3919a16f7166425b3d00717e60a,2017-11-09 09:41:45,1,On Time,-3.0,Onetime,169.99,0.02425623926437743,At Risk,High Risk
d2613132231b8adb041da8099d5ae2f9,2017-11-16 12:08:03,1,On Time,-12.0,Onetime,149.0,0.021261130951186754,At Risk,High Risk
d26d2fc438ec98cf77465c211a4f843b,2018-04-16 11:52:47,1,On Time,-11.0,Onetime,449.0,0.06406877716162988,Champions,Low Risk
d28251bfc9407265d899a7be71c0876c,2018-06-13 22:04:23,1,On Time,-10.0,Onetime,69.0,0.00984575862840192,Loyal Customers,Low Risk
d282b6f9c44809c95ae8d67377d42837,2017-11-22 12:14:30,1,On Time,-5.0,Onetime,0.0,0.0,At Risk,High Risk
d29019c6fe58343d55caeb6f76ae2278,2018-01-05 15:05:30,1,On Time,-28.0,Onetime,136.8,0.01952028667196207,Loyal Customers,Low Risk
d29401f523467a9e6251b79a0b742d1d,2018-02-23 00:07:45,1,On Time,-9.0,Onetime,0.0,0.0,Loyal Customers,Low Risk
d297387def1be804d618e4de90861d6a,2018-01-19 13:13:25,1,On Time,-11.0,Onetime,172.2,0.024571588924794354,Loyal Customers,Low Risk
d2a152f163ce22a719a37862e8df2a46,2018-07-29 19:16:09,1,On Time,-5.0,Onetime,269.96999999999997,0.03852260082477777,Champions,Low Risk
d2b0d2083933eff2f5c365b7f44cfb14,2017-10-16 11:39:32,1,On Time,-8.0,Onetime,199.0,0.02839573865292728,At Risk,High Risk
d2b43629cd9b4c39577a06ef790e9698,2018-01-01 11:03:00,1,On Time,-10.0,Onetime,49.0,0.006991915547705711,Loyal Customers,Low Risk
d2bc70d1599ec65425dc9558d72b4986,2018-03-08 18:48:31,1,On Time,-10.0,Onetime,152.8,0.021803361136519036,Champions,Low Risk
d2c89ba54e6cf93abd4ea9bb9e9fbf73,2017-07-22 19:16:47,1,On Time,-11.0,Onetime,48.0,0.006849223393670901,At Risk,High Risk
d2cee784ebf047acc2414f491e814f61,2018-05-25 23:05:27,1,On Time,-37.0,Onetime,28.99,0.004136645545469155,Loyal Customers,Low Risk
d2d872db318c912fdda4f5897e4729fc,2018-07-17 10:34:08,1,On Time,-11.0,Onetime,41.52,0.005924578235525329,Loyal Customers,Low Risk
d2e105de450ecdd44aa478f79c90333e,2018-06-15 12:26:19,1,On Time,-14.0,Onetime,89.9,0.012828024647729459,Champions,Low Risk
d2f0b9e0fbf779c60ff56f493ca47cf1,2018-08-08 21:18:55,1,Has Delays,4.0,Onetime,619.99,0.08846770858004212,Champions,Low Risk
d2f122bc3109d7fb2385daec2d6ef7f7,2017-07-16 10:27:45,1,On Time,-14.0,Onetime,99.9,0.014254946188077563,At Risk,High Risk
d2f2f9c150ecab358a53100f4b13f7cf,2018-07-11 18:36:13,1,On Time,-10.0,Onetime,27.9,0.0039811110975712105,Loyal Customers,Low Risk
d2f6222b5ebbed04f944b47c66d88326,2018-03-11 22:14:38,1,On Time,-3.0,Onetime,72.4,0.010330911952120277,Loyal Customers,Low Risk
d318d1e80634c32132b65b347403c7ce,2018-05-13 12:10:48,1,On Time,-8.0,Onetime,379.99,0.054221591611687624,Champions,Low Risk
d335baecca5030833f520b089d1f5de0,2018-04-17 16:03:58,1,On Time,-14.0,Onetime,53.9,0.007691107102476282,Loyal Customers,Low Risk
d339ed835c9d8fd6b1e3c5cb60850bc5,2017-02-10 12:01:25,1,On Time,-21.0,Onetime,239.2,0.03413196324512665,At Risk,High Risk
d33e6be4d4330badbc3d7adf96059e1d,2017-11-18 18:52:08,1,On Time,-10.0,Onetime,0.0,0.0,At Risk,High Risk
d34ae8a2849ec90990b577eca5444522,2018-04-09 09:41:20,1,On Time,-12.0,Onetime,179.0,0.02554189557223107,Champions,Low Risk
d35fad2ad0793f125d47ef65036d3de0,2017-03-15 16:00:40,1,On Time,-8.0,Onetime,199.0,0.02839573865292728,At Risk,High Risk
d361b966b657bdc5eaf8a67c3968eacb,2018-04-20 07:49:24,1,On Time,-15.0,Onetime,53.9,0.007691107102476282,Loyal Customers,Low Risk
d3632bb649f0608a8450a1d0afab0936,2018-04-25 22:13:57,1,On Time,-14.0,Onetime,46.99,0.006705104318095743,Loyal Customers,Low Risk
d367e463a7332e0b77058a729baa80f9,2018-08-07 12:53:53,1,On Time,-18.0,Onetime,0.0,0.0,Loyal Customers,Low Risk
d36992438cf455a0810b43f8c63215a4,2017-11-05 14:23:00,1,On Time,-13.0,Onetime,0.0,0.0,At Risk,High Risk
d38394128f8cd8161dd2227b9f3c58ed,2018-04-26 15:16:34,1,On Time,-15.0,Onetime,13.2,0.0018835364332594976,Loyal Customers,Low Risk
d3940a0df7ce0786ee2c5a68f8149f91,2017-08-23 15:40:22,1,On Time,-15.0,Onetime,52.0,0.0074199920098101425,At Risk,High Risk
d399fa2119d7420b2b03e33536b7f549,2018-04-02 20:32:50,1,Has Delays,10.0,Onetime,0.0,0.0,Loyal Customers,Low Risk
d3a7a4556becaf8cdb5ffe412608819c,2017-06-12 11:00:02,1,On Time,-8.0,Onetime,59.8,0.008532990811281662,At Risk,High Risk
d3b95980d0b9abf2a7d9fe0dd1ccb91c,2017-10-06 15:45:54,1,Has Delays,7.0,Onetime,0.0,0.0,At Risk,High Risk
d3cb5cc807148794cb38ffacdd440133,2017-05-07 19:46:39,1,On Time,-22.0,Onetime,24.9,0.00355303463546678,At Risk,High Risk
d3daedaaef0b4f26e57483ff486d864b,2018-03-08 16:21:08,1,On Time,-10.0,Onetime,39.9,0.005693416945988936,Loyal Customers,Low Risk
d3e7aa3fb611447ce385bb9ccb06b5df,2018-05-19 17:59:49,1,On Time,-5.0,Onetime,29.99,0.0042793376995039645,Loyal Customers,Low Risk
d3eaad8e919dac57ba5faa9ae7799e5a,2017-12-30 17:49:20,1,On Time,-13.0,Onetime,89.9,0.012828024647729459,Loyal Customers,Low Risk
d3fcacda5a49565a7c1b8a6c0e03bb02,2018-03-23 19:39:46,1,On Time,-13.0,Onetime,1735.54,0.2476479410135749,Champions,Low Risk
d406bf35e3591d9d31d78d3b2f3aa5f9,2017-11-26 13:10:46,1,On Time,-10.0,Onetime,19.99,0.0028524161591558603,At Risk,High Risk
d407f1c9853dd7d35a90d1efc1f1df65,2018-06-13 14:07:57,1,On Time,-15.0,Onetime,68.9,0.00983148941299844,Loyal Customers,Low Risk
d41921118d17ae7938c2a2e22a930550,2017-08-10 14:54:28,1,On Time,-7.0,Onetime,144.0,0.020547670181012702,At Risk,High Risk
d41cad422639129866551fee60c55e6e,2018-02-27 13:26:15,1,On Time,-14.0,Onetime,220.0,0.0313922738876583,Loyal Customers,Low Risk
d420337ddf59e24de98713a25994f32c,2018-05-17 18:33:00,1,On Time,-27.0,Onetime,119.9,0.017108789268773773,Champions,Low Risk
d425130be1b15a4580645e4a3c9b4768,2017-05-25 22:27:50,1,On Time,-20.0,Onetime,316.79999999999995,0.04520487439822794,At Risk,High Risk
d42b2752f04c8b661506333f88f70177,2018-04-05 18:34:49,1,On Time,-7.0,Onetime,0.0,0.0,Loyal Customers,Low Risk
d433955af3c49f3b58cac87cc0255ae9,2018-01-14 19:00:30,1,Has Delays,19.0,Onetime,49.9,0.007120338486337041,Loyal Customers,Low Risk
d43fbda3da341fefa956fc2267a647fb,2018-04-02 16:10:57,1,On Time,-4.0,Onetime,0.0,0.0,Loyal Customers,Low Risk
d44430dee6959da0dc1aa7fe1c1beb70,2017-07-21 15:09:52,1,On Time,-14.0,Onetime,0.0,0.0,At Risk,High Risk
d44ccec15f5f86d14d6a2cfa67da1975,2017-05-30 09:39:34,2,On Time,-13.0,Repeated,199.0,0.02839573865292728,At Risk,High Risk
d45226d0164cd17393fd77b1d3d92baa,2018-01-12 11:32:01,1,On Time,-16.0,Onetime,158.0,0.02254536033750005,Loyal Customers,Low Risk
d453631105ef4efe9324ff9163c93895,2017-08-27 22:30:06,1,On Time,-17.0,Onetime,159.9,0.02281647543016619,At Risk,High Risk
d459c8dd9847c3a7cff9d3ff8724c25a,2018-08-26 16:19:58,1,On Time,-8.0,Onetime,108.9,0.015539175574390857,Champions,Low Risk
d469ff90bd1e879cdfed08343ac1a77c,2017-12-27 20:24:42,1,On Time,-18.0,Onetime,64.9,0.009260720796859197,Loyal Customers,Low Risk
d46eb9ba6d6b75c1dac85b91911fc9c2,2017-10-02 10:25:22,1,On Time,-6.0,Onetime,58.9,0.008404567872650334,At Risk,High Risk
d48638d3446e1d1556b850fdc3eeda8f,2017-08-20 14:51:52,1,On Time,-21.0,Onetime,105.0,0.014982676173655096,At Risk,High Risk
d491a65a6ef3c04e145d37395996bad7,2017-03-16 16:41:44,1,On Time,-14.0,Onetime,0.0,0.0,At Risk,High Risk
d498d61f79a7a60e08a4063043852250,2018-06-10 18:08:28,1,On Time,-14.0,Onetime,22.9,0.003267650327397159,Loyal Customers,Low Risk
d4af642bd51aaa394aeced7723143daf,2018-03-10 15:06:18,1,On Time,-16.0,Onetime,679.0,0.09688797258963629,Champions,Low Risk
d4b1297d645ec19df4cd0af8cd6fe14a,2018-03-17 15:32:31,1,On Time,-13.0,Onetime,0.0,0.0,Loyal Customers,Low Risk
d4bf092ba54c293495ebbbd982d653d8,2017-05-12 10:17:23,1,On Time,-13.0,Onetime,0.0,0.0,At Risk,High Risk
d4d43f25b59d9e22be5c238a77c52eb3,2017-02-08 14:42:14,1,On Time,-30.0,Onetime,0.0,0.0,At Risk,High Risk
d4e190a11aad26d64b625617455dcc4f,2017-04-04 10:10:15,1,On Time,-15.0,Onetime,599.98,0.08561243857780557,At Risk,High Risk
d4ef5cef4153f98ee6c6fbe839a6cb48,2018-02-28 01:26:11,1,On Time,-8.0,Onetime,449.0,0.06406877716162988,Loyal Customers,Low Risk
d4ef8b824405990134793cbb322c686b,2017-12-22 10:35:27,1,Has Delays,3.0,Onetime,67.7,0.009660258828156666,Loyal Customers,Low Risk
d4fd3f83ce187e9184d32bdf2c3769c6,2017-04-09 11:23:37,1,On Time,-27.0,Onetime,0.0,0.0,At Risk,High Risk
d5033f43697620e234c3f34f3ab66872,2018-07-04 23:13:49,1,On Time,-11.0,Onetime,27.9,0.0039811110975712105,Loyal Customers,Low Risk
d5041ac956dd7e7319481ae5eb0e5673,2017-05-31 19:37:02,1,On Time,-4.0,Onetime,109.99,0.0156947100222888,At Risk,High Risk
d507f95c1428c6ef2990ac45fd0b2382,2018-05-08 20:28:49,1,On Time,-14.0,Onetime,21.99,0.0031378004672254814,Loyal Customers,Low Risk
d512efe00e46778d7e90609664c6fd92,2017-12-03 23:51:39,1,On Time,-14.0,Onetime,16.9,0.002411497403188296,Loyal Customers,Low Risk
d5143a55375c779f0b196d9c831069d0,2018-02-03 08:34:52,1,On Time,-8.0,Onetime,54.9,0.007833799256511093,Loyal Customers,Low Risk
d51d89c1fdfb1b34ee7eeb27be52bae4,2018-06-02 12:36:32,1,On Time,-23.0,Onetime,0.0,0.0,Loyal Customers,Low Risk
d51f2db09ab57334edc3b1db9db5f9ba,2017-11-09 00:27:43,1,On Time,-7.0,Onetime,45.98,0.0065609852425205836,At Risk,High Risk
d5234b2afc63b1c4035483b6cb828af4,2018-02-03 13:49:19,1,On Time,-20.0,Onetime,22.0,0.0031392273887658295,Loyal Customers,Low Risk
d5237d1c43327be57b64668ef3712042,2017-11-19 21:25:48,1,On Time,-11.0,Onetime,315.0,0.044948028520965286,At Risk,High Risk
d5292e185ba6169c80ab77fe218ef01b,2017-10-16 15:53:52,1,On Time,-5.0,Onetime,179.99,0.02568316080472553,At Risk,High Risk
d54f530b276f01f27816bae1abd12be4,2017-12-07 18:43:07,1,On Time,-14.0,Onetime,34.99,0.0049927984696780175,Loyal Customers,Low Risk
d54fd2964149aef739006faeaddb12ad,2018-07-23 19:10:00,1,Has Delays,4.0,Onetime,129.99,0.018548553102985012,Champions,Low Risk
d5578bbdbd75c1f6ddc549e009b5d618,2018-06-17 10:07:40,1,On Time,-13.0,Onetime,47.97,0.006844942629049857,Loyal Customers,Low Risk
d558d7ea1748f391b2cb55ba0aefe97b,2018-01-14 18:40:29,1,On Time,-14.0,Onetime,89.0,0.012699601709098129,Loyal Customers,Low Risk
d55e594accb5b8cd7e3c26cdd854f5bd,2018-01-31 09:49:33,1,On Time,0.0,Onetime,40.5,0.005779032238409822,Loyal Customers,Low Risk
d56879f3551bb3b35caa7950ef7e7dd1,2017-11-05 21:29:37,1,On Time,-18.0,Onetime,10.0,0.0014269215403481044,At Risk,High Risk
d5757a126bd48eb32c706bf3b2349947,2017-04-25 01:46:02,1,On Time,-22.0,Onetime,12.97,0.0018507172378314915,At Risk,High Risk
d57a130d13d1934ce3fbf0c2f2bd62db,2018-08-03 20:43:35,1,On Time,-5.0,Onetime,11.87,0.0016937558683931997,Loyal Customers,Low Risk
d57a725ddc566b5be91aa4d00692cb26,2018-06-17 18:26:51,1,On Time,-8.0,Onetime,35.9,0.005122648329849695,Loyal Customers,Low Risk
d5a9eccfa0ca0ec79d59b81e98d83911,2017-04-05 00:11:11,1,On Time,-10.0,Onetime,249.99,0.03567161158716226,At Risk,High Risk
d5b0cc21590758cf76d4b6123c7802f5,2017-12-28 00:26:37,1,On Time,-19.0,Onetime,49.9,0.007120338486337041,Loyal Customers,Low Risk
d5b26118affdf55c9e34f22d879782b7,2018-04-20 11:40:22,1,On Time,-26.0,Onetime,889.0,0.12685332493694648,Champions,Low Risk
d5b6b0a6a0374781527d7e29b7830062,2018-07-13 05:38:45,1,On Time,-12.0,Onetime,69.9,0.00997418156703325,Loyal Customers,Low Risk
d5ccb9146be20771162df61d83ee6a31,2018-04-08 17:34:16,1,On Time,-8.0,Onetime,14.99,0.0021389553889818082,Loyal Customers,Low Risk
d5d51a05e84aeb864c71d01992228bf5,2017-09-22 18:50:01,1,On Time,-2.0,Onetime,66.9,0.00954610510492882,At Risk,High Risk
d5e42c09b75303c5b3a170b72e8a21f0,2018-02-02 17:52:04,1,On Time,-17.0,Onetime,45.65,0.006513896831689096,Loyal Customers,Low Risk
d5e66000b40d41c9d96c7722c7dcb486,2018-03-02 10:35:38,1,Has Delays,33.0,Onetime,119.9,0.017108789268773773,Loyal Customers,Low Risk
d5ede7a077045d8c3790fe385115a344,2018-06-13 09:39:17,1,On Time,-7.0,Onetime,0.0,0.0,Loyal Customers,Low Risk
d5ffa085da11acb9be4d4945798c7fb5,2018-05-20 03:28:37,1,On Time,-12.0,Onetime,0.0,0.0,Loyal Customers,Low Risk
d615b9ec562cef52513c9af50daed0c4,2017-11-24 11:34:37,1,On Time,-17.0,Onetime,29.9,0.004266495405640831,At Risk,High Risk
d615ca1cb339c6057694fdf770b50c55,2018-08-05 19:32:36,1,On Time,-14.0,Onetime,106.99,0.015266633560184368,Champions,Low Risk
d6203ca017ec577b71f0f49429a38203,2018-01-19 11:57:08,1,On Time,-16.0,Onetime,155.9,0.022245706814026947,Loyal Customers,Low Risk
d62b6d46d8004b523b80766eab486f46,2018-05-06 21:08:08,1,On Time,-12.0,Onetime,99.9,0.014254946188077563,Champions,Low Risk
d62e945f5b99fbaf262c9ce35791c768,2018-07-30 16:45:36,1,On Time,-26.0,Onetime,35.6,0.0050798406836392515,Loyal Customers,Low Risk
d636819974225176f4e4983badc49539,2017-11-12 17:39:03,1,On Time,-10.0,Onetime,26.9,0.0038384189435364006,At Risk,High Risk
d63d0b04501d2e9583cfe64e6e9f7eda,2018-03-31 09:47:28,1,On Time,-12.0,Onetime,0.0,0.0,Loyal Customers,Low Risk
d64969d570bcc6fe4f559813aeb27122,2018-03-14 14:55:08,1,On Time,-5.0,Onetime,129.9,0.018535710809121878,Champions,Low Risk
d651f48b3c453fe39afce7628bc8269f,2018-01-25 00:27:59,1,On Time,-16.0,Onetime,139.9,0.01996263234946998,Loyal Customers,Low Risk
d65459c35eed50cdabffe3432d12043c,2018-07-19 16:24:20,1,On Time,-15.0,Onetime,21.5,0.0030678813117484246,Loyal Customers,Low Risk
d65a1df1eb76ad462883782cc27e8e2f,2017-05-08 21:40:05,1,On Time,-17.0,Onetime,39.9,0.005693416945988936,At Risk,High Risk
d66080b536ae3a1639751657b3698613,2017-11-10 13:17:12,1,On Time,-21.0,Onetime,349.9,0.04992798469678017,At Risk,High Risk
d662c9534d6ef351cee60151372ed202,2017-12-07 20:38:18,1,On Time,-10.0,Onetime,0.0,0.0,Loyal Customers,Low Risk
d66ca376d01a50263ee92c2ab3cbd582,2018-02-27 18:52:33,1,On Time,-2.0,Onetime,67.9,0.009688797258963629,Loyal Customers,Low Risk
d6728bc853e760f8a5422116fa945ce0,2018-05-20 18:36:34,1,On Time,-4.0,Onetime,49.49,0.007061834703182769,Loyal Customers,Low Risk
d681396d784770d6368f2431f65faafe,2017-10-08 21:43:00,1,On Time,0.0,Onetime,59.9,0.008547260026685145,At Risk,High Risk
d681f09d6d055742a26128c292625e00,2018-06-04 10:58:33,1,On Time,-32.0,Onetime,0.0,0.0,Loyal Customers,Low Risk
d699688533772c15a061e8ce81cb56df,2017-09-18 14:31:30,1,Has Delays,11.0,Onetime,109.9,0.01568186772842567,At Risk,High Risk
d6b7b7b651f4a32b5c16f62c01f3b565,2018-07-25 10:54:43,1,On Time,-20.0,Onetime,186.0,0.02654074065047474,Champions,Low Risk
d6baed9a4ec609428eb198876e4ce9e3,2018-04-23 16:53:07,1,On Time,-14.0,Onetime,25.9,0.0036957267895015903,Loyal Customers,Low Risk
d6daa8df6192fb031e54d36f3a7d246a,2017-03-14 22:08:50,1,On Time,-19.0,Onetime,134.97,0.019259160030078364,At Risk,High Risk
d6db3091e8c13023bf1e6d367b8c0847,2017-06-05 09:51:37,1,On Time,-9.0,Onetime,52.0,0.0074199920098101425,At Risk,High Risk
d6de9a445b518113b768614e64a73163,2017-11-15 14:30:32,1,On Time,-11.0,Onetime,56.99,0.008132025858443848,At Risk,High Risk
d6e35f5a7df8970f8cae8251516ab787,2017-11-14 10:04:27,1,Has Delays,91.0,Onetime,39.99,0.00570625923985207,At Risk,High Risk
d6f8a6ee5420cf061e6cf39bcb37c994,2017-09-10 18:26:59,1,On Time,-6.0,Onetime,99.9,0.014254946188077563,At Risk,High Risk
d6fd8229024b8896360cd8cd34f86c0d,2018-08-18 08:46:04,1,On Time,-14.0,Onetime,0.0,0.0,Loyal Customers,Low Risk
d70614ab25c51e6ac100b3060df12e9e,2017-11-22 19:20:18,1,On Time,-7.0,Onetime,144.99,0.020688935413507168,At Risk,High Risk
d7182df3c069ee2311965ac9f8375e28,2017-12-24 13:03:17,1,On Time,-18.0,Onetime,59.49,0.008488756243530874,Loyal Customers,Low Risk
d71a769963b2c890c06e83cbed137a43,2017-05-06 11:20:18,1,On Time,-11.0,Onetime,0.0,0.0,At Risk,High Risk
d71e1d87ea05a759d69f770ac90f2fa9,2017-10-29 20:33:19,1,On Time,-14.0,Onetime,0.0,0.0,At Risk,High Risk
d75df1ae5a9ccbe03ab5d9c4430a24b9,2018-04-06 12:10:51,1,On Time,-16.0,Onetime,91.0,0.01298498601716775,Champions,Low Risk
d76441ab4a22e389561144ffafdaa19c,2018-08-08 21:11:25,1,On Time,0.0,Onetime,136.78,0.01951743282888137,Champions,Low Risk
d7677b9c8e6c36355baf8544cc588b07,2017-11-24 15:59:09,1,On Time,-21.0,Onetime,199.9,0.028524161591558603,At Risk,High Risk
d76adfdcadecba144ec1e65118e8e165,2017-11-27 15:06:28,1,On Time,-3.0,Onetime,139.0,0.01983420941083865,At Risk,High Risk
d76f611a0ec454ca3aa57bc668217cf0,2018-04-10 21:32:22,1,On Time,-20.0,Onetime,10.5,0.0014982676173655096,Loyal Customers,Low Risk
d777791c84db8d5a2722886b4a11b6b8,2018-01-22 19:04:11,1,On Time,-18.0,Onetime,107.0,0.015268060481724716,Loyal Customers,Low Risk
d77f1ecd97aeef6dae72e3938c401462,2017-07-17 22:51:34,1,On Time,-14.0,Onetime,119.94,0.017114496954935166,At Risk,High Risk
d780d06a532da7d8d0435cd348e591fe,2017-11-29 14:11:10,1,Has Delays,4.0,Onetime,28.9,0.004123803251606021,At Risk,High Risk
d789900b27c0988cf06890bb619520a0,2017-11-23 18:03:23,1,On Time,-13.0,Onetime,8.9,0.0012699601709098129,At Risk,High Risk
d78f4365549c3be70fafb346f906af2e,2018-03-08 16:00:39,1,On Time,-13.0,Onetime,27.3,0.003895495805150325,Loyal Customers,Low Risk
d79f00813a32cded40b4575b38eb665e,2018-06-16 09:18:08,1,On Time,-20.0,Onetime,99.97,0.01426493463886,Champions,Low Risk
d7b472813b9255677466c5cd3cbc7b31,2018-05-15 19:55:51,1,Has Delays,1.0,Onetime,69.9,0.00997418156703325,Loyal Customers,Low Risk
d7c4d939dad7aa7c312ac3a86f690064,2018-01-09 20:28:04,1,On Time,-11.0,Onetime,39.99,0.00570625923985207,Loyal Customers,Low Risk
d7f374aa64da050d8e7bb9332128a1e8,2018-04-26 12:47:48,1,On Time,-30.0,Onetime,98.99,0.014125096327905883,Champions,Low Risk
d82e6b209c048cbb243bdd21489cce06,2018-02-14 17:16:33,1,On Time,-10.0,Onetime,98.0,0.013983831095411422,Loyal Customers,Low Risk
d836cdcc6b2608a7f0ddf11e9b5bb2e5,2018-06-22 12:06:16,1,On Time,-14.0,Onetime,314.6,0.04489095165935137,Champions,Low Risk
d84d4b0fd330741632546d09239344bc,2017-11-29 18:27:30,1,On Time,-11.0,Onetime,19.9,0.0028395738652927274,At Risk,High Risk
d84eef527886bcba5d813645e08918d3,2017-07-14 21:38:58,1,On Time,-20.0,Onetime,49.99,0.007133180780200174,At Risk,High Risk
d8512697dee9c887444a41d7a3125ff8,2018-05-07 00:45:02,1,On Time,-17.0,Onetime,93.0,0.01327037032523737,Champions,Low Risk
d864fec759886e2c8ee25038e7f095ab,2017-08-02 14:40:55,1,On Time,-12.0,Onetime,69.0,0.00984575862840192,At Risk,High Risk
d867b200f35b3fed18f1d1ef3a6e4d5b,2017-03-18 11:36:04,1,On Time,-30.0,Onetime,13.9,0.0019834209410838654,At Risk,High Risk
d86e4bc2e78c75143b9dff6ce91a3a09,2018-08-05 11:07:44,1,Has Delays,1.0,Onetime,74.9,0.010687642337207303,Loyal Customers,Low Risk
d87cd982d4b793abe00c75c000c89237,2017-12-11 09:13:27,1,On Time,-10.0,Onetime,76.9,0.010973026645276922,Loyal Customers,Low Risk
d89190fac424f73403381fd7ab645e05,2018-04-30 20:24:33,1,On Time,-6.0,Onetime,279.99,0.039952376208206575,Champions,Low Risk
d894fe812f82fb1e7b7896554b45d39d,2018-07-17 10:27:37,1,On Time,-21.0,Onetime,69.5,0.009917104705419325,Loyal Customers,Low Risk
d89df8031e142bb5a28f16211b3ada43,2017-09-20 13:56:43,1,On Time,-13.0,Onetime,368.9,0.052639135623441566,At Risk,High Risk
d8a07f7d1eb0e929feeec1a6ce6358a5,2018-03-16 13:57:53,1,On Time,-8.0,Onetime,26.74,0.003815588198890831,Loyal Customers,Low Risk
d8a7587f5db85ee07524c29c57bd9434,2018-05-14 20:34:13,1,On Time,-7.0,Onetime,96.0,0.013698446787341802,Champions,Low Risk
d8b67ce6d6c062269add92dd22e8cc94,2017-07-09 09:18:56,1,On Time,-13.0,Onetime,49.9,0.007120338486337041,At Risk,High Risk
d8ba077744ee4b11f6445d54fadc7c17,2018-08-08 12:55:10,1,On Time,-4.0,Onetime,115.0,0.016409597714003202,Champions,Low Risk
d8ba8c5553a562b95fcb9de3a4d81446,2018-05-29 18:09:04,1,On Time,-24.0,Onetime,90.97,0.012980705252546706,Champions,Low Risk
d8cc9b8f7007b83e869b031fa0a0f5b3,2017-06-20 16:13:13,1,On Time,-13.0,Onetime,59.9,0.008547260026685145,At Risk,High Risk
d8dae23478ae79d7fca03f52342e2854,2017-11-22 15:25:44,1,On Time,-6.0,Onetime,113.98,0.016264051716887697,At Risk,High Risk
d8f1c0a8535010728eadc9a50e5478ec,2017-06-13 19:11:52,1,On Time,-25.0,Onetime,56.99,0.008132025858443848,At Risk,High Risk
d903cb2df3fc0df3e432bc359d8a6bf2,2018-05-09 14:32:09,1,On Time,-11.0,Onetime,49.99,0.007133180780200174,Loyal Customers,Low Risk
d904c56be9c7af2a9dd76af103699f83,2018-07-12 22:09:55,1,Has Delays,6.0,Onetime,66.99,0.00955894739879195,Loyal Customers,Low Risk
d927267e54f07b9e0fd408d2f840024c,2017-05-15 20:46:00,1,On Time,-15.0,Onetime,89.99,0.01284086694159259,At Risk,High Risk
d941a608aa14794954f62d8c3da2b9dd,2018-06-07 10:02:26,1,On Time,-42.0,Onetime,0.0,0.0,Loyal Customers,Low Risk
d948754ee35966f776d3f64b226cc476,2018-03-27 12:25:41,1,On Time,-1.0,Onetime,0.0,0.0,Loyal Customers,Low Risk
d94e47730dff69f9f015ba5140eba246,2017-07-28 21:11:08,1,On Time,-10.0,Onetime,0.0,0.0,At Risk,High Risk
d95330e1e04100ab8363d90639e2ae36,2017-12-28 16:47:54,1,Has Delays,14.0,Onetime,89.9,0.012828024647729459,Loyal Customers,Low Risk
d953a4604f4d7831f6d13a2268dccd9c,2018-02-04 20:40:56,1,On Time,-12.0,Onetime,29.99,0.0042793376995039645,Loyal Customers,Low Risk
d958c4aaa0b96792f3c6cdf041d5f71e,2018-07-17 13:22:47,1,On Time,-7.0,Onetime,24.99,0.0035658769293299124,Loyal Customers,Low Risk
d9643e0f17a9f63e44217990f46a96f9,2017-01-26 17:40:03,1,Has Delays,16.0,Onetime,87.9,0.012542640339659837,At Risk,High Risk
d970a2354b55cfb67fa5840b9b4936ed,2018-03-05 19:12:05,2,On Time,-7.0,Repeated,215.0,0.030678813117484244,Champions,Low Risk
d9752ac494a2b97507fd2faa478cabd9,2017-07-20 23:03:33,1,On Time,-26.0,Onetime,179.8,0.025656049295458918,At Risk,High Risk
d9764886f02a2884590e05bc3c4391b2,2018-05-11 09:58:44,1,On Time,-20.0,Onetime,0.0,0.0,Loyal Customers,Low Risk
d97918f04ae8a0b8e8c8aa5be14b965a,2017-08-28 18:43:50,1,On Time,-2.0,Onetime,44.99,0.006419720010026121,At Risk,High Risk
d98353d2d41f1ed404991d6a4b5ab142,2018-03-24 19:51:16,1,On Time,-17.0,Onetime,190.0,0.027111509266613983,Champions,Low Risk
d983e9c0fd37fead1bf11f30ea1259b2,2017-09-05 14:48:14,1,On Time,-10.0,Onetime,229.9,0.03280492621260292,At Risk,High Risk
d984dee7d1584f0e6f2141b680f7dc32,2017-05-05 11:25:20,1,On Time,-19.0,Onetime,18.9,0.002696881711257917,At Risk,High Risk
d9a248c7d735e41a7cba546890997269,2018-07-29 15:45:23,1,On Time,0.0,Onetime,0.0,0.0,Loyal Customers,Low Risk
d9a46e8ca222c7571667818ee42979e9,2018-05-14 15:53:14,1,On Time,-8.0,Onetime,59.98,0.008558675399007929,Loyal Customers,Low Risk
d9abbe73143b31e0f983679ad781b143,2017-08-27 19:01:23,1,On Time,-13.0,Onetime,49.0,0.006991915547705711,At Risk,High Risk
d9b5ae1c429e2d9891c6224c2ccde990,2018-07-28 13:13:08,1,On Time,-14.0,Onetime,59.9,0.008547260026685145,Loyal Customers,Low Risk
d9dbfa0381f0935c78327417ed931dca,2017-04-28 23:28:42,1,On Time,-15.0,Onetime,75.0,0.010701911552610783,At Risk,High Risk
d9e794684f8c138cc4afd07a85dfdae4,2018-01-31 10:09:09,1,On Time,-11.0,Onetime,443.0,0.06321262423742102,Loyal Customers,Low Risk
d9e85480c2442fce7b1c6e09db3b0492,2018-07-22 13:04:47,1,On Time,-9.0,Onetime,19.9,0.0028395738652927274,Loyal Customers,Low Risk
d9ffaef986305a5a589b198d8568f211,2017-11-07 10:44:53,1,On Time,-11.0,Onetime,146.0,0.020833054489082323,At Risk,High Risk
da1156ecf6d5c22b6f55a25a22b707e7,2017-08-22 14:39:49,1,On Time,-21.0,Onetime,36.9,0.005265340483884505,At Risk,High Risk
da118efbc88dc7fbf8b7562acfdfed19,2018-02-06 20:51:02,1,On Time,-14.0,Onetime,21.9,0.0031249581733623485,Loyal Customers,Low Risk
da1e7179b9c5a1494d78528cbcf05aa0,2017-05-19 14:12:50,1,On Time,-11.0,Onetime,59.9,0.008547260026685145,At Risk,High Risk
da208163aefc6ab8794d98213f2f53a8,2018-08-07 16:35:40,1,On Time,-8.0,Onetime,0.0,0.0,Loyal Customers,Low Risk
da2b78576894a7f95d45bfd20250cc54,2017-02-15 14:37:36,1,On Time,-24.0,Onetime,39.9,0.005693416945988936,At Risk,High Risk
da3d269cb723dde0477d80fb32601c20,2017-12-01 13:05:08,1,On Time,-17.0,Onetime,36.0,0.0051369175452531755,At Risk,High Risk
da3f63d7531fe712a6b3cf5699530a2f,2018-02-05 19:28:53,1,On Time,-18.0,Onetime,150.0,0.021403823105221566,Loyal Customers,Low Risk
da45a9a1df408c39f013b9b0b505042c,2018-08-05 13:09:48,1,On Time,-5.0,Onetime,0.0,0.0,Loyal Customers,Low Risk
da47eee6ab68b4f7bbc41cab7d98459a,2017-09-28 22:39:37,1,Has Delays,6.0,Onetime,69.9,0.00997418156703325,At Risk,High Risk
da4f38e2697f8013c97ed2d8af65e0b9,2018-05-22 18:50:55,1,On Time,-13.0,Onetime,204.93,0.029241903126353705,Champions,Low Risk
da6578bb27787220b8d46f5128ef6ea0,2017-08-22 23:46:00,1,On Time,-11.0,Onetime,0.0,0.0,At Risk,High Risk
da76149820a35f0ef7ab70037d9dc9c9,2017-10-17 15:58:05,1,On Time,-6.0,Onetime,49.0,0.006991915547705711,At Risk,High Risk
da8accaa0030a75e2e7848ec481a4828,2018-05-15 09:08:59,1,On Time,-4.0,Onetime,49.8,0.00710606927093356,Loyal Customers,Low Risk
da90f2535e719fd67092b67ec2541da2,2018-08-19 14:19:27,1,On Time,-3.0,Onetime,179.0,0.02554189557223107,Champions,Low Risk
da9201ceefd8ac05e85d43256b1d668e,2018-01-05 23:32:57,1,Has Delays,3.0,Onetime,59.9,0.008547260026685145,Loyal Customers,Low Risk
da9a4eb4e164579e3b5d115ca0f114fb,2018-04-22 22:20:27,1,On Time,-16.0,Onetime,53.5,0.007634030240862358,Loyal Customers,Low Risk
daaf7866693b57dfa2f4c68329073801,2017-02-07 11:44:41,1,On Time,-30.0,Onetime,142.99,0.020403551105437547,At Risk,High Risk
dad1eb1624d037f15eeac6c2c2cd0843,2018-08-28 11:16:37,1,On Time,-8.0,Onetime,69.0,0.00984575862840192,Loyal Customers,Low Risk
dad83f2ce374cdd39c4f3684d660c787,2017-09-17 18:00:05,1,On Time,-12.0,Onetime,0.0,0.0,At Risk,High Risk
dad9a329c3cdcdbcde7531336ad04c60,2018-02-12 10:07:11,1,Has Delays,10.0,Onetime,97.9,0.013969561880007942,Loyal Customers,Low Risk
dadd69bfdceeadee0f68a0307d76ea45,2017-11-16 20:37:52,1,On Time,-8.0,Onetime,0.0,0.0,At Risk,High Risk
dadeb993a5db01ccde3267ca82b5e0d0,2017-07-14 12:56:31,1,On Time,-2.0,Onetime,280.0,0.039953803129746925,At Risk,High Risk
dae054c51b471a09e91a443b87d16c04,2018-07-27 08:26:31,1,On Time,-9.0,Onetime,49.99,0.007133180780200174,Loyal Customers,Low Risk
daeca6f6c8b848cc99fd2b469f56c284,2018-05-21 19:44:09,1,On Time,-21.0,Onetime,20.9,0.002982266019327538,Loyal Customers,Low Risk
daefb889f38f3b8b82e2b467a6a024e8,2018-05-02 20:47:14,1,On Time,-16.0,Onetime,156.0,0.022259976029430428,Champions,Low Risk
daf7dfe5576b8c581e8353aa8608a008,2017-03-28 16:03:34,1,On Time,-17.0,Onetime,0.0,0.0,At Risk,High Risk
dafa159489cf3ac4a3c61ae21fc2634b,2017-02-03 20:30:42,1,On Time,-25.0,Onetime,45.9,0.006549569870197798,At Risk,High Risk
db062747d9ad6703020b2b52362515bc,2018-04-29 22:56:30,1,On Time,-15.0,Onetime,0.0,0.0,Loyal Customers,Low Risk
db0898e62cb42db700932d47b1d7a0d7,2017-09-06 13:14:35,1,Has Delays,2.0,Onetime,185.0,0.026398048496439928,At Risk,High Risk
db1ae60d62b67a41f504e8c9f4677b68,2018-07-13 17:22:47,1,On Time,-15.0,Onetime,0.0,0.0,Loyal Customers,Low Risk
db29571fb751833b8e3d9733d8a93000,2018-06-15 20:16:34,1,On Time,-21.0,Onetime,0.0,0.0,Loyal Customers,Low Risk
db329e9f7ad3777b683337cfb0544222,2018-04-23 10:56:50,1,On Time,-10.0,Onetime,119.69999999999999,0.017080250837966805,Champions,Low Risk
db36f642b61273d1ffe6a24d44bf3f93,2017-10-17 12:09:20,1,On Time,-12.0,Onetime,69.9,0.00997418156703325,At Risk,High Risk
db3943e6f7e57135751b8cb9219b1a6e,2017-12-05 09:18:12,1,On Time,-20.0,Onetime,0.0,0.0,Loyal Customers,Low Risk
db3e4742e06a8a95bb1ff58ba972f8b5,2018-03-29 15:08:14,1,On Time,-6.0,Onetime,48.32,0.006894884882962041,Loyal Customers,Low Risk
db45c52eb9758c7cbba7fceb61755c95,2018-07-19 14:06:04,1,On Time,-13.0,Onetime,299.9,0.04279337699503965,Champions,Low Risk
db4a068b5f8bcb3e5e45be643f3961b0,2017-11-04 12:14:16,1,On Time,-16.0,Onetime,689.0,0.0983148941299844,At Risk,High Risk
db4bfdfa2678e1d5e4d8c9389033388b,2018-07-18 19:20:21,1,On Time,-14.0,Onetime,179.99,0.02568316080472553,Champions,Low Risk
db51bbaef0cbd71bb1f27f5378eeb775,2018-04-07 19:54:46,1,On Time,-11.0,Onetime,23.99,0.003423184775295102,Loyal Customers,Low Risk
db7928a76b23f1fc8703953bf73cdd1e,2017-12-06 13:12:24,1,On Time,-25.0,Onetime,19.9,0.0028395738652927274,Loyal Customers,Low Risk
db8f7a5276f97221dacccbf8ef9fbbc9,2018-01-12 15:02:58,1,On Time,-26.0,Onetime,168.9,0.024100704816479482,Loyal Customers,Low Risk
db9525f2339f6bb22c0ff48a64b5ac8f,2018-05-19 12:14:08,1,On Time,-11.0,Onetime,119.0,0.01698036633014244,Champions,Low Risk
db979bdfe0bbba29ecd3df3f6c50bea2,2018-06-26 13:42:52,1,On Time,-17.0,Onetime,53.44,0.00762546871162027,Loyal Customers,Low Risk
dbb0c261d3a259f7bcae89bca2183343,2017-03-29 00:42:28,1,On Time,-22.0,Onetime,0.0,0.0,At Risk,High Risk
dbc0a39ff0c850cd0358a1fe289095b9,2018-02-10 19:27:28,1,On Time,-7.0,Onetime,0.0,0.0,Loyal Customers,Low Risk
dbc19912d7a5ce777b71178146f803f8,2018-03-29 18:04:57,1,On Time,-13.0,Onetime,0.0,0.0,Loyal Customers,Low Risk
dbddd2b790d224a5043cb1a76046fcc7,2018-07-31 11:28:37,1,On Time,-4.0,Onetime,79.9,0.011401103107381355,Loyal Customers,Low Risk
dbe3c825a48e75dab7ba3e4d7d0c40b0,2017-07-05 20:55:17,1,On Time,-14.0,Onetime,103.83,0.014815726353434368,At Risk,High Risk
dbebf006da451288a7b8127c3540ce22,2017-11-21 20:28:12,1,Has Delays,12.0,Onetime,121.9,0.017394173576843395,At Risk,High Risk
dbef87cc78dec435200e447efcec6c38,2018-05-13 15:27:19,1,On Time,-21.0,Onetime,149.99,0.02140239618368122,Champions,Low Risk
dbf9d2d8651aa98885c12ec29829c6e0,2017-08-03 12:26:40,1,On Time,-12.0,Onetime,679.8,0.09700212631286412,At Risk,High Risk
dc083e64cab83312a8ca1ff8c2699463,2017-08-04 03:06:27,1,On Time,-8.0,Onetime,62.8,0.008961067273386095,At Risk,High Risk
dc0841d3aaec503e855801c36e6b63d0,2017-05-16 21:30:59,1,On Time,-8.0,Onetime,189.9,0.0270972400512105,At Risk,High Risk
dc184f142552a38189d5d5428d1984a6,2018-02-22 20:53:14,1,Has Delays,9.0,Onetime,0.0,0.0,Loyal Customers,Low Risk
dc316d7b72678f31955bd54ee0b4f58b,2017-08-07 23:05:59,1,On Time,-4.0,Onetime,129.0,0.018407287870490546,At Risk,High Risk
dc443b4872692acb2d61bd82c758ff75,2017-10-21 16:31:37,1,On Time,-8.0,Onetime,0.0,0.0,At Risk,High Risk
dc4b0942fb780633d44f4f73ff69dd92,2018-08-27 18:50:06,1,On Time,-5.0,Onetime,0.0,0.0,Loyal Customers,Low Risk
dc515b77bbc0990cc606ca579c2c52a7,2017-08-07 14:11:20,1,On Time,-14.0,Onetime,190.0,0.027111509266613983,At Risk,High Risk
dc5167d9e627d3d027404e50bf25089a,2017-11-16 19:01:12,1,On Time,-6.0,Onetime,59.9,0.008547260026685145,At Risk,High Risk
dc60c9d2751e2ec174e8d7cb3ac63147,2018-06-28 21:51:14,1,On Time,-16.0,Onetime,60.9,0.008689952180719955,Loyal Customers,Low Risk
dc6b93223a3aa3b912a8c4baadd26fc3,2018-06-24 20:26:36,1,On Time,-17.0,Onetime,120.0,0.017123058484177254,Champions,Low Risk
dc70595c0013b690bc8527b5c2a1a99f,2018-01-22 10:46:14,1,On Time,-10.0,Onetime,108.0,0.015410752635759526,Loyal Customers,Low Risk
dc71733fc0d7d609f39f9c1d4af631ca,2018-01-29 14:05:43,1,On Time,-9.0,Onetime,47.49,0.006776450395113147,Loyal Customers,Low Risk
dc72d84effd751fe08996e409a9063a0,2017-03-05 21:24:53,1,On Time,-14.0,Onetime,0.0,0.0,At Risk,High Risk
dc759b3f371b15aa62e4bf56a123d3d2,2018-03-02 23:19:40,1,On Time,-16.0,Onetime,99.9,0.014254946188077563,Loyal Customers,Low Risk
dc83fe8f72fb4388f079a2f9b586240c,2017-05-12 10:51:43,1,On Time,-17.0,Onetime,29.9,0.004266495405640831,At Risk,High Risk
dc8c4fe2107e6688666c025fb6a6acad,2017-12-15 21:32:23,1,On Time,-8.0,Onetime,24.9,0.00355303463546678,Loyal Customers,Low Risk
dc9431e47beadfe1188b67bec3717969,2017-11-30 13:31:08,1,On Time,0.0,Onetime,41.9,0.005978801254058557,At Risk,High Risk
dc9844b33771e435cb001b30ae742573,2018-02-09 09:31:08,1,On Time,-5.0,Onetime,289.9,0.041366455454691545,Loyal Customers,Low Risk
dc9863265867f212dad7dd6847c73c6d,2018-07-15 21:00:44,1,On Time,-8.0,Onetime,505.43999999999994,0.07212232233535457,Champions,Low Risk
dcab6749dea9e9411fd400cdf978f3ea,2018-06-07 21:49:18,1,On Time,-28.0,Onetime,179.0,0.02554189557223107,Champions,Low Risk
dcaece2588d9688376b75a288451b77a,2017-05-23 20:15:27,1,On Time,-7.0,Onetime,113.0,0.01612421340593358,At Risk,High Risk
dcc76905a40064b395622e501fc468f6,2018-03-29 21:24:53,1,On Time,0.0,Onetime,39.99,0.00570625923985207,Loyal Customers,Low Risk
dccce67f3d3bf822b6425b90de5723d1,2017-12-09 20:27:01,1,On Time,-17.0,Onetime,87.0,0.012414217401028507,Loyal Customers,Low Risk
dcd27efb93b723b301f8bac00e5d7e01,2018-05-14 09:11:00,1,On Time,-23.0,Onetime,96.0,0.013698446787341802,Champions,Low Risk
dcd94802618619b93183b9ae4adff5e3,2018-07-25 09:36:25,1,On Time,-12.0,Onetime,0.0,0.0,Loyal Customers,Low Risk
dcf468beeda4b0ec3079e3e6b462fa51,2017-09-16 09:20:26,1,Has Delays,13.0,Onetime,0.0,0.0,At Risk,High Risk
dcf7deeedadc35da82c0c074b1a54844,2018-03-12 17:26:36,1,Has Delays,7.0,Onetime,33.87,0.004832983257159029,Loyal Customers,Low Risk
dd041c565b59e0e93cd10371d4e21a9c,2018-01-06 17:38:10,1,On Time,-20.0,Onetime,142.54000000000002,0.020339339636121882,Loyal Customers,Low Risk
dd11d408f0349a9e49a9069f02c758ef,2018-07-23 10:11:13,1,On Time,-12.0,Onetime,39.9,0.005693416945988936,Loyal Customers,Low Risk
dd1213a8c4572e20843121445430c0de,2018-07-27 16:58:06,1,On Time,-6.0,Onetime,0.0,0.0,Loyal Customers,Low Risk
dd14af9ed633811cf5a95244633422cc,2018-06-25 11:31:42,1,On Time,-12.0,Onetime,49.99,0.007133180780200174,Loyal Customers,Low Risk
dd29549286f2438156bbc8e57b04c98a,2018-06-23 22:16:38,1,On Time,-9.0,Onetime,0.0,0.0,Loyal Customers,Low Risk
dd2faa4ac57db365571e36695a06dc82,2018-02-04 11:25:15,1,On Time,-6.0,Onetime,189.9,0.0270972400512105,Loyal Customers,Low Risk
dd32d91b3e390767e7be4cd982cd9f56,2018-08-17 10:32:19,1,On Time,-10.0,Onetime,54.9,0.007833799256511093,Loyal Customers,Low Risk
dd3461e395b9670fcbf5edde74c7fb4b,2018-04-23 08:58:06,1,On Time,-12.0,Onetime,0.0,0.0,Loyal Customers,Low Risk
dd4430186cffd3aee97560e84fa1acd1,2018-07-18 16:58:02,1,On Time,-17.0,Onetime,77.9,0.011115718799311733,Loyal Customers,Low Risk
dd493718ff91bbd78cc0183714db5e41,2017-11-08 21:07:51,1,On Time,-10.0,Onetime,40.0,0.005707686161392418,At Risk,High Risk
dd530943f0b4dc288d2f18098cc2e14d,2017-08-15 15:23:30,1,On Time,-26.0,Onetime,0.0,0.0,At Risk,High Risk
dd541f4e3dd76337abcc30beba79fd41,2017-12-23 13:44:46,1,Has Delays,1.0,Onetime,130.0,0.018549980024525358,Loyal Customers,Low Risk
dd738e5a9a21667e2816f20d39cf259e,2018-02-12 17:31:43,1,On Time,-7.0,Onetime,13.65,0.0019477479025751625,Loyal Customers,Low Risk
dd7be927ce65354ff18a65c37e39c55d,2017-10-05 12:27:04,1,On Time,-24.0,Onetime,0.0,0.0,At Risk,High Risk
dd8597e65bf2b021b51241cc8c4f9dea,2018-02-23 19:55:38,1,Has Delays,6.0,Onetime,135.0,0.01926344079469941,Loyal Customers,Low Risk
dd9b235dbe7d48c82caca4da097a2240,2018-05-16 10:58:56,1,On Time,-21.0,Onetime,357.99,0.05108236422292179,Champions,Low Risk
dd9e24fbf151d2c634c03b2cf3812eac,2018-01-01 22:54:24,1,On Time,-14.0,Onetime,107.9,0.015396483420356046,Loyal Customers,Low Risk
ddb5e3c719efd85171d4768a3ea12475,2018-04-21 18:03:58,1,On Time,-8.0,Onetime,52.0,0.0074199920098101425,Loyal Customers,Low Risk
dddfb6a3b339c13570d9ac71cb6c8f3e,2017-07-29 21:09:26,1,On Time,-11.0,Onetime,300.98,0.042947484521397246,At Risk,High Risk
ddeff064f932d917f4c938cbe8f4ac35,2018-06-25 18:04:43,1,On Time,-15.0,Onetime,0.0,0.0,Loyal Customers,Low Risk
ddf2d1cef869535c3cd714687393fe7b,2018-07-27 11:41:22,1,On Time,-13.0,Onetime,148.0,0.021118438797151945,Champions,Low Risk
ddf60e20e6e262e2136801ce5cd628b0,2018-03-09 14:50:15,1,Has Delays,1.0,Onetime,45.98,0.0065609852425205836,Loyal Customers,Low Risk
ddfb23e875859d879a8cd720b621dc9a,2018-02-11 13:27:52,1,On Time,-1.0,Onetime,0.0,0.0,Loyal Customers,Low Risk
de038e601db2bbdb12a1ab691a58f7e2,2018-04-25 08:21:31,1,On Time,-11.0,Onetime,52.0,0.0074199920098101425,Loyal Customers,Low Risk
de179e054de0c203fe910e0443746173,2017-01-27 05:27:14,1,On Time,-29.0,Onetime,124.99,0.017835092332810956,At Risk,High Risk
de265abbbc00369e332f0cc51d4e544d,2018-08-01 21:16:43,1,On Time,-14.0,Onetime,89.8,0.012813755432325977,Champions,Low Risk
de2ae224bcb74731c0597181aba38de5,2017-06-19 14:56:36,1,On Time,-23.0,Onetime,39.9,0.005693416945988936,At Risk,High Risk
de3af4d9c2b5031284db689002a28365,2017-12-17 14:44:48,1,On Time,-20.0,Onetime,75.0,0.010701911552610783,Loyal Customers,Low Risk
de4e3ce43bd5085fe445e08c68b950f5,2018-03-24 20:43:24,1,On Time,-14.0,Onetime,1299.0,0.18535710809121875,Champions,Low Risk
de59b010cf39acdf49fc201bc216c784,2017-12-13 13:24:24,1,On Time,-15.0,Onetime,24.9,0.00355303463546678,Loyal Customers,Low Risk
de5eda87bc3a7ef40bb86e2b01827b24,2018-01-11 11:04:40,1,On Time,-29.0,Onetime,0.0,0.0,Loyal Customers,Low Risk
de7c0cdd4a7d9336e71adfbfdc11334c,2018-03-13 20:37:20,1,On Time,-13.0,Onetime,599.8,0.0855867539900793,Champions,Low Risk
de7f37cea380538db54a10873bffe54d,2018-08-08 15:04:25,1,On Time,-13.0,Onetime,199.0,0.02839573865292728,Champions,Low Risk
de8c50e78cf954227ed4a99ab5c9b65b,2018-03-19 10:02:36,1,Has Delays,18.0,Onetime,89.66,0.012793778530761102,Champions,Low Risk
de9ab7d2ae5374d1d19d9746ec64d2c5,2018-05-29 12:43:18,1,On Time,-24.0,Onetime,59.2,0.008447375518860777,Loyal Customers,Low Risk
deb341a4b63b6c908a512849319cf207,2017-03-10 09:07:24,1,On Time,-16.0,Onetime,0.0,0.0,At Risk,High Risk
deb506c0525ff4b17e97718d9c349409,2018-08-02 20:38:59,1,On Time,-9.0,Onetime,59.9,0.008547260026685145,Loyal Customers,Low Risk
dec260a57209a3ff82484e6510808a3b,2017-06-16 10:33:54,1,On Time,-9.0,Onetime,229.99,0.032817768506466054,At Risk,High Risk
ded33ce6dbdeb75e7e54b7945d74f287,2018-08-03 07:39:47,1,On Time,-5.0,Onetime,49.0,0.006991915547705711,Loyal Customers,Low Risk
ded340acb51cad2b368c3e986d006ba8,2017-09-27 14:43:47,1,On Time,-14.0,Onetime,159.99,0.022829317724029324,At Risk,High Risk
ded4351942c7fc292b88e5b090af2b46,2018-08-06 11:32:42,1,On Time,-21.0,Onetime,0.0,0.0,Loyal Customers,Low Risk
dee6507f25f601864647a16185888332,2017-11-11 17:46:35,1,Has Delays,1.0,Onetime,0.0,0.0,At Risk,High Risk
def1a6fa7d1d41faf6c99ac517468170,2017-10-26 09:08:54,1,On Time,-18.0,Onetime,49.0,0.006991915547705711,At Risk,High Risk
def6a1bb25ed86d9fc212b52d45162a1,2017-12-10 23:02:03,1,On Time,-9.0,Onetime,0.0,0.0,Loyal Customers,Low Risk
deff56c7b9f9d9bd10bba398c4716f81,2017-05-10 14:39:56,1,On Time,-9.0,Onetime,449.0,0.06406877716162988,At Risk,High Risk
df030c3c1d42349bb0a40197e53316ab,2017-10-31 20:13:41,1,On Time,-20.0,Onetime,1340.0,0.19120748640664598,At Risk,High Risk
df033c6cca61206b057d843131600fc0,2017-11-26 09:55:23,1,On Time,-4.0,Onetime,365.0,0.05208263622270581,At Risk,High Risk
df0656c09678129487d1639d764acc1c,2018-06-30 13:24:32,1,On Time,-7.0,Onetime,67.9,0.009688797258963629,Loyal Customers,Low Risk
df096c34368fc3c803ea65b8eb1bb68a,2017-09-29 21:27:55,1,Has Delays,9.0,Onetime,0.0,0.0,At Risk,High Risk
df19c809342ecae8391e68dccf16fc8f,2018-05-11 08:05:57,1,On Time,-20.0,Onetime,0.0,0.0,Loyal Customers,Low Risk
df1f63ae64a8a2cb1453e9149769adf1,2017-11-18 15:48:48,1,On Time,-5.0,Onetime,108.0,0.015410752635759526,At Risk,High Risk
df27c250c1f69adb0cf75d0342814ca1,2018-05-07 20:43:47,1,On Time,-13.0,Onetime,0.0,0.0,Loyal Customers,Low Risk
df2f0e7955eb45a55eb6e4ecb1ad2331,2018-07-01 13:03:50,1,On Time,-14.0,Onetime,0.0,0.0,Loyal Customers,Low Risk
df34b07e77750be3d64ca6498bd9d22a,2018-08-06 11:22:17,1,On Time,0.0,Onetime,210.0,0.02996535234731019,Champions,Low Risk
df35ed1826c338d1aecc6f35bfc4dc34,2018-01-07 14:08:32,1,On Time,-26.0,Onetime,18.9,0.002696881711257917,Loyal Customers,Low Risk
df369ca5c612b816d4c0fc3641703aad,2017-11-24 21:32:21,1,On Time,-8.0,Onetime,35.0,0.004994225391218366,At Risk,High Risk
df38102d80095da57461f4e328d3ae7e,2017-07-05 11:55:58,1,On Time,-14.0,Onetime,122.5,0.017479788869264278,At Risk,High Risk
df3bcbcb88d40ad1996ad1325fe8f481,2018-06-15 15:52:21,1,On Time,-6.0,Onetime,137.28,0.019588778905898777,Champions,Low Risk
df3df161e7cbc66bc66d50cc1649ecc7,2018-07-16 16:23:02,1,On Time,-14.0,Onetime,17.9,0.0025541895572231063,Loyal Customers,Low Risk
df55ce6c8cb70b6d287154e726ad9066,2017-12-23 16:45:12,1,On Time,-36.0,Onetime,239.0,0.034103424814319695,Loyal Customers,Low Risk
df6454025c6b8513d78d144824b68d94,2017-01-29 11:18:22,1,On Time,-13.0,Onetime,168.0,0.023972281877848153,At Risk,High Risk
df79907f687316b15aa0ab43ff4685b0,2017-12-19 17:46:05,1,On Time,-6.0,Onetime,0.0,0.0,Loyal Customers,Low Risk
df806b0e569d1249276bb202baf9091a,2018-05-14 14:56:58,1,On Time,-7.0,Onetime,79.99,0.011413945401244486,Loyal Customers,Low Risk
df8a4a3bd7490ea0c639756f43b8a347,2017-07-11 12:17:53,1,On Time,-20.0,Onetime,195.9,0.027953392975419367,At Risk,High Risk
df92bfc8c606df2f1defedbd0b60a071,2017-09-04 14:53:31,1,On Time,-10.0,Onetime,59.9,0.008547260026685145,At Risk,High Risk
df9e4a3bb3a6476db4c6987a96b055bb,2017-09-03 13:09:29,1,On Time,-6.0,Onetime,19.9,0.0028395738652927274,At Risk,High Risk
dfa91a18c3571d25de69331bd046ac6a,2018-04-18 01:06:13,1,On Time,-17.0,Onetime,110.0,0.01569613694382915,Champions,Low Risk
dfc569fe71e076ecc9a61b49756e6342,2018-02-01 23:20:38,1,On Time,0.0,Onetime,169.0,0.024114974031882966,Loyal Customers,Low Risk
dfc631bc34b8cf59c55ece5cbf058454,2018-06-28 13:42:07,1,On Time,-19.0,Onetime,0.0,0.0,Loyal Customers,Low Risk
dfe0f45b0b8cf0ce9c4cfb41c0808240,2018-06-07 23:42:37,1,On Time,-10.0,Onetime,49.8,0.00710606927093356,Loyal Customers,Low Risk
dfe404bc538d4172a3c0291fca2e74ee,2017-02-23 23:40:35,1,On Time,-12.0,Onetime,623.9399999999999,0.08903134258847961,At Risk,High Risk
dfe634d4b8e0678799178b6ec8e1b0ba,2018-07-15 02:11:15,1,Has Delays,46.0,Onetime,0.0,0.0,Loyal Customers,Low Risk
dfeea6fcfa52ea041c5b4bc28b0b150a,2018-07-23 20:03:53,1,On Time,-11.0,Onetime,39.9,0.005693416945988936,Loyal Customers,Low Risk
dfefe9b186f8c4959ae173c4c5ec4812,2018-02-21 10:13:41,1,Has Delays,11.0,Onetime,24.9,0.00355303463546678,Loyal Customers,Low Risk
dff5ff8f411dd1d77875f7e17a3eb512,2017-09-27 20:04:09,1,On Time,-14.0,Onetime,198.0,0.028253046498892466,At Risk,High Risk
dffe9e17ee19ba084abefe8365c1f57e,2017-09-22 20:43:04,1,On Time,-20.0,Onetime,70.0,0.009988450782436731,At Risk,High Risk
e00261025c7c5e2971ae2311db439e69,2018-06-28 01:05:22,1,On Time,-25.0,Onetime,336.0,0.04794456375569631,Champions,Low Risk
e00cd514464e677a426819a99c2846f0,2017-05-29 20:15:29,1,On Time,-3.0,Onetime,139.0,0.01983420941083865,At Risk,High Risk
e00ff363b36712bdb3e05c7cda218272,2017-08-20 21:37:23,1,On Time,-28.0,Onetime,59.8,0.008532990811281662,At Risk,High Risk
e019a3baaadcd531fe0d32e1bdb63902,2018-04-03 07:33:27,1,On Time,-6.0,Onetime,19.49,0.002781070082138455,Loyal Customers,Low Risk
e019a4aac43a090ae332d9459b272722,2018-03-19 23:32:03,1,On Time,-21.0,Onetime,94.89,0.013540058496363163,Champions,Low Risk
e0233c751408137ec5cdde0c37e6a61a,2017-12-16 00:46:18,1,On Time,-13.0,Onetime,49.0,0.006991915547705711,Loyal Customers,Low Risk
e0298e0626c3f75d94a60dc6628f27cc,2018-03-19 05:02:28,1,On Time,-6.0,Onetime,27.99,0.003993953391434344,Loyal Customers,Low Risk
e02fbead9117aa245d80a40e05a249b4,2017-05-30 22:46:05,1,On Time,-15.0,Onetime,214.9,0.030664543902080763,At Risk,High Risk
e0335dda73513f3abff8843f0d38ef9a,2017-09-13 15:12:00,1,On Time,-11.0,Onetime,39.9,0.005693416945988936,At Risk,High Risk
e03a1bf47d42257f8e8e5e8775696622,2017-01-17 21:09:40,1,On Time,-46.0,Onetime,0.0,0.0,At Risk,High Risk
e03ca1af2dbe3056cfd1c233ba840c59,2018-05-15 17:08:37,1,On Time,-34.0,Onetime,100.0,0.014269215403481044,Champions,Low Risk
e03ebc347c7ed319a92651b43122b8e0,2018-05-25 22:21:48,1,On Time,-30.0,Onetime,154.9,0.022103014659992138,Champions,Low Risk
e048d4f04bde3e12f337cf38d680345d,2017-02-13 13:00:36,1,On Time,-10.0,Onetime,0.0,0.0,At Risk,High Risk
e06358b52b33afa8edfe5a0664cfe9c5,2018-02-19 12:23:34,1,On Time,-8.0,Onetime,45.0,0.00642114693156647,Loyal Customers,Low Risk
e08869b13b8407ac7473e5bd5f534d2a,2017-10-12 23:11:44,1,On Time,-6.0,Onetime,72.0,0.010273835090506351,At Risk,High Risk
e09002a1d37ff722ce6c9b44878434d5,2018-05-11 23:36:27,1,On Time,-11.0,Onetime,179.0,0.02554189557223107,Champions,Low Risk
e09b74bdbfb36ed596e4fcd32a35e1ed,2017-02-28 17:28:52,1,On Time,-16.0,Onetime,180.0,0.02568458772626588,At Risk,High Risk
e0b0f9beb31782e3174a67b875697ca0,2017-03-30 14:46:00,1,On Time,-15.0,Onetime,129.6,0.01849290316291143,At Risk,High Risk
e0bff7f12e80edb92eb445eea812d9d6,2017-10-26 10:59:29,1,On Time,-12.0,Onetime,56.99,0.008132025858443848,At Risk,High Risk
e0c138a2613d7822d9ddeff3909a9c5c,2018-05-07 15:15:10,1,On Time,-17.0,Onetime,199.0,0.02839573865292728,Champions,Low Risk
e0c3bef7c7e5679c7776c40abec7fe2b,2018-03-09 00:37:23,1,On Time,-14.0,Onetime,1599.0,0.2281647543016619,Champions,Low Risk
e0ddba2f90c646e8a37318ca04a48119,2018-01-12 11:22:56,1,On Time,-22.0,Onetime,119.2,0.017008904760949406,Loyal Customers,Low Risk
e0e0f6ba16a5348ec87df10c47ae0b4e,2017-11-18 17:16:59,1,On Time,-26.0,Onetime,31.9,0.004551879713710453,At Risk,High Risk
e0f04b36bd7eb9695d66b9b49aa2cb87,2018-08-05 20:58:28,1,On Time,-13.0,Onetime,79.9,0.011401103107381355,Loyal Customers,Low Risk
e0f8228aaaf56d5c2c07234fc825d37c,2017-11-25 18:33:58,1,On Time,-5.0,Onetime,79.0,0.011272680168750025,At Risk,High Risk
e0f866116593bf545392e2e3db42671b,2018-04-27 14:49:32,1,On Time,-34.0,Onetime,0.0,0.0,Loyal Customers,Low Risk
e0fd7725d9467c84add5e7c9c047ceb9,2017-09-06 12:51:43,1,On Time,-9.0,Onetime,125.0,0.017836519254351306,At Risk,High Risk
e105dec92cee6465244879914c792707,2018-03-07 16:51:09,1,Has Delays,5.0,Onetime,1005.63,0.14349551086202642,Champions,Low Risk
e106b0bf1efc2352bda60eaeced76675,2017-01-19 22:41:52,1,On Time,-22.0,Onetime,160.0,0.02283074464556967,At Risk,High Risk
e11326ba3a3b9c386f3c35f1d16e59d1,2018-02-12 00:06:24,1,Has Delays,10.0,Onetime,75.99,0.010843176785105244,Loyal Customers,Low Risk
e11d036589bfcbcadf10a48dd989a472,2018-04-18 18:24:15,1,On Time,-13.0,Onetime,124.9,0.017822250038947825,Champions,Low Risk
e12d8a612d0688d5e1d41fc6bf837e90,2018-06-19 14:01:34,1,On Time,-14.0,Onetime,89.9,0.012828024647729459,Champions,Low Risk
e12de94bb753d1bf027df4aa95212a6c,2017-03-27 20:31:23,1,On Time,0.0,Onetime,26.9,0.0038384189435364006,At Risk,High Risk
e1399e9f6a55f443777d138d1c40bfdd,2018-01-01 20:11:53,1,On Time,-14.0,Onetime,20.3,0.002896650726906652,Loyal Customers,Low Risk
e139bc5274d13c4f54854f48b0dd25db,2017-11-20 16:35:55,1,On Time,-9.0,Onetime,0.0,0.0,At Risk,High Risk
e1407f4d2fd92ed069307bb0b836615a,2018-03-13 06:48:39,1,On Time,-21.0,Onetime,570.0,0.08133452779984195,Champions,Low Risk
e14c078d9acd96d722eadaa49d729bc1,2018-05-13 00:03:24,1,Has Delays,1.0,Onetime,112.99,0.01612278648439323,Champions,Low Risk
e14dcbca72e57d7ee7ac43d9131b12b8,2017-07-24 21:26:02,1,On Time,-9.0,Onetime,28.99,0.004136645545469155,At Risk,High Risk
e14f209ed913d2ecadf37a9d49d35967,2017-12-18 06:12:28,1,On Time,-16.0,Onetime,24.5,0.0034959577738528556,Loyal Customers,Low Risk
e16e2890763e32bbd7f79208fae81d86,2018-01-18 15:46:59,1,Has Delays,20.0,Onetime,179.99,0.02568316080472553,Loyal Customers,Low Risk
e17408e3713638b24626610417449cb7,2018-04-13 21:18:46,1,On Time,-34.0,Onetime,29.9,0.004266495405640831,Loyal Customers,Low Risk
e1858db871ca0cea6d07b5413f450048,2018-05-30 22:33:08,1,On Time,-28.0,Onetime,359.9,0.05135490623712827,Champions,Low Risk
e185c409705237e14313f1ea04f1699d,2017-08-31 12:29:34,1,On Time,-8.0,Onetime,0.0,0.0,At Risk,High Risk
e186ed0b619ff1dd7eef17b1ba5c4831,2018-01-07 08:04:11,1,On Time,-13.0,Onetime,759.05,0.10831047952012285,Loyal Customers,Low Risk
e19911f2bddf9350e05754eb87c281c1,2017-10-22 17:28:43,1,On Time,-13.0,Onetime,30.0,0.0042807646210443135,At Risk,High Risk
e1a63c8e2ec6942aa55536213460ddb7,2017-03-21 10:21:51,1,On Time,0.0,Onetime,0.0,0.0,At Risk,High Risk
e1a821d8a0ad5e951bf0e47464dd1f9e,2017-11-25 23:17:35,1,On Time,-22.0,Onetime,0.0,0.0,At Risk,High Risk
e1b383ff6929672be549b1196972fc0d,2018-01-08 19:38:58,1,On Time,-12.0,Onetime,55.8,0.007962222195142421,Loyal Customers,Low Risk
e1b5f838a5d538b1fbe3bddcf47d30bd,2018-06-19 19:24:24,1,On Time,-8.0,Onetime,569.7,0.08129172015363151,Champions,Low Risk
e1bd9953029d9683b41f570e717f82ff,2017-10-23 16:29:52,1,On Time,-5.0,Onetime,0.0,0.0,At Risk,High Risk
e1bebac06d393ac8bd995c5b9ea0ad67,2018-07-11 07:33:55,1,On Time,-4.0,Onetime,26.19,0.0037371075141716856,Loyal Customers,Low Risk
e1c02550e84159111c72c83aeb1389dd,2017-07-23 17:53:00,1,On Time,-12.0,Onetime,0.0,0.0,At Risk,High Risk
e1c3a02e6fd3a5919a8711dee1bc497e,2018-08-10 09:56:58,1,On Time,-3.0,Onetime,82.49,0.011770675786331512,Loyal Customers,Low Risk
e1c4a382b39243db7149e72b91498015,2018-05-08 21:54:28,1,On Time,-13.0,Onetime,160.9,0.022959167584201,Champions,Low Risk
e1cc99aeefde14c615a58d95db131e1b,2017-11-09 11:19:34,1,On Time,-18.0,Onetime,49.9,0.007120338486337041,At Risk,High Risk
e20247a9f1cdb71d4415f2a0903212f9,2018-03-09 14:58:05,1,On Time,-7.0,Onetime,0.0,0.0,Loyal Customers,Low Risk
e2025196f6b427896e38326e6b1ff553,2018-08-11 23:28:46,1,On Time,-10.0,Onetime,114.0,0.01626690555996839,Champions,Low Risk
e21bcb965a4ae840d08fc2d602104fd3,2017-11-26 17:09:48,1,On Time,-11.0,Onetime,0.0,0.0,At Risk,High Risk
e224314f1f6f52e824d9584eed4f53f3,2017-12-06 22:28:07,1,On Time,-15.0,Onetime,99.9,0.014254946188077563,Loyal Customers,Low Risk
e22c7e55a547f8d9bc30d2957ba1c9c5,2017-01-27 23:02:15,1,On Time,-33.0,Onetime,139.0,0.01983420941083865,At Risk,High Risk
e230a164fb32a2f0e5c0fc37eace2170,2018-08-15 22:03:02,1,On Time,-3.0,Onetime,44.9,0.006406877716162988,Loyal Customers,Low Risk
e2340f5098380d7686658168aab61a36,2018-04-02 17:51:14,1,On Time,-13.0,Onetime,109.9,0.01568186772842567,Champions,Low Risk
e23e90a0ff97d025c01377537ddeff05,2018-03-01 10:25:26,1,On Time,-13.0,Onetime,179.96,0.025678880040104483,Loyal Customers,Low Risk
e24412dbb37fcabe11101f614ceed41a,2017-06-27 10:44:47,1,On Time,-13.0,Onetime,99.0,0.014126523249446233,At Risk,High Risk
e25a36b02a88228100e0d0e53d845777,2018-02-16 12:57:20,1,On Time,-10.0,Onetime,0.0,0.0,Loyal Customers,Low Risk
e25e370b86824ff1a40d01c259cadd98,2017-09-12 16:32:09,1,On Time,-12.0,Onetime,279.99,0.039952376208206575,At Risk,High Risk
e261dace2d1fe8f854e1597b9e507d31,2018-07-19 10:49:10,1,On Time,-15.0,Onetime,86.0,0.012271525246993698,Loyal Customers,Low Risk
e264ef071f4c0fb4a0f3e9139b283dee,2017-01-31 23:37:58,1,On Time,-28.0,Onetime,239.99,0.03424469004681416,At Risk,High Risk
e27f3ddcf51ef11b17c7801428999156,2017-07-24 19:36:14,1,On Time,-19.0,Onetime,119.8,0.01709452005337029,At Risk,High Risk
e27f99c3e38c91b51381bf82186a2cee,2018-08-01 17:02:45,1,On Time,-5.0,Onetime,169.9,0.024243396970514294,Champions,Low Risk
e287540a435ded39e67b042ba9cddd8c,2018-01-06 18:27:34,1,On Time,-15.0,Onetime,39.6,0.005650609299778493,Loyal Customers,Low Risk
e289cfccc692a345aa1994ee5b18d97d,2018-05-15 22:28:10,1,Has Delays,5.0,Onetime,175.0,0.024971126956091824,Champions,Low Risk
e2922fb2fe6f62e4692ffef35646c647,2018-06-30 09:31:54,1,On Time,-7.0,Onetime,199.0,0.02839573865292728,Champions,Low Risk
e2a39e986034a5b5dfd3df5b949fa618,2017-07-04 18:56:33,1,On Time,-3.0,Onetime,109.9,0.01568186772842567,At Risk,High Risk
e2a96003df4645da636aa77f7af2c16d,2017-05-27 00:55:16,1,On Time,-14.0,Onetime,68.0,0.00970306647436711,At Risk,High Risk
e2ca9c67725cb7205986dd3a5bcb9c7b,2017-08-28 14:33:14,1,On Time,-14.0,Onetime,135.0,0.01926344079469941,At Risk,High Risk
e2cca4a06fe6a1f070aca81f919ec50c,2018-01-25 23:32:16,1,On Time,-19.0,Onetime,12.9,0.0018407287870490546,Loyal Customers,Low Risk
e2d7f534cc0ecd215219ee87abf8c401,2017-12-18 15:09:06,1,On Time,-15.0,Onetime,86.9,0.012399948185625028,Loyal Customers,Low Risk
e2d911b9c9ec50ffcdbb80b4aa8e7f2d,2018-08-05 14:07:28,1,On Time,-5.0,Onetime,49.5,0.0070632616247231165,Loyal Customers,Low Risk
e2da23eccfb3e41be791daaa219d75c0,2017-09-24 18:23:30,1,On Time,-18.0,Onetime,0.0,0.0,At Risk,High Risk
e2dfa3127fedbbca9707b36304996dab,2018-07-25 17:44:10,1,On Time,-9.0,Onetime,19.9,0.0028395738652927274,Loyal Customers,Low Risk
e2e92eb45afee3da92849c04f5304a48,2017-10-03 13:21:39,1,On Time,-10.0,Onetime,109.0,0.015553444789794337,At Risk,High Risk
e2f8834d5843f8e622e4bff2a9498168,2018-05-15 14:16:57,1,On Time,-14.0,Onetime,79.99,0.011413945401244486,Loyal Customers,Low Risk
e2fa02776abcbf7246ffd18f58e120ea,2017-03-08 15:00:44,1,On Time,-18.0,Onetime,179.99,0.02568316080472553,At Risk,High Risk
e3087e6bc090e8f46fe899b2b8dbb026,2018-05-20 21:31:23,1,On Time,-4.0,Onetime,50.9,0.00726303064037185,Loyal Customers,Low Risk
e30e0e57e66477dad963535b38974023,2017-07-21 21:42:21,1,On Time,-10.0,Onetime,0.0,0.0,At Risk,High Risk
e30f234f250604cf46ff34ebd671e7f6,2018-03-03 10:06:23,1,On Time,-9.0,Onetime,59.9,0.008547260026685145,Loyal Customers,Low Risk
e3182b1d615eaff78ec0dae99397e89e,2017-10-08 19:34:49,1,On Time,-15.0,Onetime,0.0,0.0,At Risk,High Risk
e3190cb18f524a87ea71c46564c77c02,2018-08-21 06:06:38,1,On Time,-18.0,Onetime,99.0,0.014126523249446233,Champions,Low Risk
e3260fa8e032791819785af06bb26369,2018-02-15 06:54:26,1,On Time,-17.0,Onetime,49.0,0.006991915547705711,Loyal Customers,Low Risk
e3276a09829510513e2f055f953b2aed,2018-05-22 23:30:07,1,On Time,-13.0,Onetime,224.0,0.031963042503797535,Champions,Low Risk
e3301490c373db9263c15a73172d0c6f,2017-03-29 16:12:13,1,On Time,-6.0,Onetime,113.99,0.01626547863842804,At Risk,High Risk
e33dfeac8b29b2e3815899870e54f362,2018-03-29 17:48:50,1,On Time,-14.0,Onetime,49.95,0.007127473094038782,Loyal Customers,Low Risk
e33e58f0dfe9b327752c1aa21f004547,2018-08-22 10:48:47,1,On Time,-6.0,Onetime,46.9,0.006692262024232609,Loyal Customers,Low Risk
e3405e8bbd4b26de8e5dc6c17613ad50,2017-11-25 23:41:06,1,On Time,-11.0,Onetime,240.0,0.03424611696835451,At Risk,High Risk
e345b7d024013746026a4f9492bb1223,2017-09-20 10:08:32,1,On Time,-10.0,Onetime,289.99,0.04137929774855468,At Risk,High Risk
e3473cd317c18ca696e241815aed4de1,2018-04-02 22:55:40,1,On Time,-3.0,Onetime,69.9,0.00997418156703325,Loyal Customers,Low Risk
e34c56da9aac39ebc70662c7f4314937,2017-05-09 22:14:40,1,On Time,-14.0,Onetime,229.99,0.032817768506466054,At Risk,High Risk
e38bf9a883752b0b65407a103fd7ef30,2017-11-29 11:26:51,1,On Time,-11.0,Onetime,30.9,0.004409187559675643,At Risk,High Risk
e395db9777355d755374af8e18f36548,2017-10-19 12:31:00,1,On Time,-8.0,Onetime,129.99,0.018548553102985012,At Risk,High Risk
e3989ce8a4e6df11d6e653380b318640,2017-12-16 13:51:18,1,On Time,-13.0,Onetime,0.0,0.0,Loyal Customers,Low Risk
e39a7d7fd722668fe4c6b9873ee72638,2017-09-16 08:25:27,1,On Time,-35.0,Onetime,0.0,0.0,At Risk,High Risk
e3a1dea65fc0a4ac232d2d95734f8ffb,2018-06-06 04:14:51,1,On Time,-24.0,Onetime,0.0,0.0,Loyal Customers,Low Risk
e3a5f5e65ff3b780847f89dcc81c344b,2017-03-20 00:36:36,1,On Time,-10.0,Onetime,52.5,0.007491338086827548,At Risk,High Risk
e3bcfea9bab07b492391664fc1ffc28a,2017-10-16 14:56:50,1,On Time,-13.0,Onetime,0.0,0.0,At Risk,High Risk
e3c0567a8b991a9d812ee91f2650db40,2018-02-01 12:31:21,1,On Time,-17.0,Onetime,18.5,0.002639804849643993,Loyal Customers,Low Risk
e3ddd5173292d5aa03388d33b74181bc,2017-12-14 11:51:34,1,On Time,-13.0,Onetime,89.99,0.01284086694159259,Loyal Customers,Low Risk
e3df2646a7693da42f14cdbd5fe7e969,2017-08-31 14:26:57,1,On Time,-14.0,Onetime,98.99,0.014125096327905883,At Risk,High Risk
e3e3aea25fbe50f00d7e7ddecc9ba96a,2018-07-16 19:02:18,1,On Time,-7.0,Onetime,129.99,0.018548553102985012,Champions,Low Risk
e4000306cf2f63714e6bb70dd20a6592,2017-06-08 21:18:45,1,On Time,-18.0,Onetime,170.97,0.024396077575331538,At Risk,High Risk
e4116a753c957e67c646e447c2141b2e,2017-06-18 19:15:35,1,On Time,-7.0,Onetime,0.0,0.0,At Risk,High Risk
e4206d9f87b6c72fb4e1922e20e29917,2017-08-22 10:56:43,1,On Time,-14.0,Onetime,0.0,0.0,At Risk,High Risk
e425e8c3a6a56a0d0cf04b08cf40ad58,2018-06-27 20:55:17,1,On Time,-16.0,Onetime,45.0,0.00642114693156647,Loyal Customers,Low Risk
e428db1e8a000b274f1e4e5189e9150b,2017-10-18 20:24:45,1,On Time,-10.0,Onetime,0.0,0.0,At Risk,High Risk
e42c4dd98307152b732690ea8bc5f61d,2018-07-22 23:18:54,1,On Time,-12.0,Onetime,49.99,0.007133180780200174,Loyal Customers,Low Risk
e42f9acfa96158aedb678a0ecf07f908,2017-09-13 18:12:51,1,Has Delays,9.0,Onetime,29.9,0.004266495405640831,At Risk,High Risk
e43bc7bbe7b392fe9e923e936524ef5e,2017-11-11 15:53:40,1,On Time,-15.0,Onetime,145.95,0.02082591988138058,At Risk,High Risk
e44110c2ff342e5bbda6c2224d94bbe6,2017-05-13 11:51:34,1,On Time,-2.0,Onetime,189.0,0.026968817112579174,At Risk,High Risk
e447b61eb2c970fdc89d681d79b01765,2018-01-17 10:53:02,1,On Time,-8.0,Onetime,109.9,0.01568186772842567,Loyal Customers,Low Risk
e46460e7d67b07b96da1fd59ea1ca3fe,2017-02-17 19:52:15,1,On Time,-22.0,Onetime,37.99,0.005420874931782448,At Risk,High Risk
e4746dd3d0505d63f0ff08366a0fc8ca,2018-07-25 10:52:19,1,On Time,-9.0,Onetime,122.9,0.017536865730878204,Champions,Low Risk
e476843c331c4261a33844b54d0d3409,2017-05-15 16:02:25,1,On Time,-15.0,Onetime,0.0,0.0,At Risk,High Risk
e47b298c565467e3d43636d5211c0ddd,2017-10-31 14:30:54,1,On Time,-8.0,Onetime,0.0,0.0,At Risk,High Risk
e47e7465e3dc440e96374b8dde062f9c,2018-04-27 19:03:57,1,On Time,-13.0,Onetime,159.99,0.022829317724029324,Champions,Low Risk
e486555873e1947a1de7b1ff1e8c3554,2018-03-02 16:37:22,1,Has Delays,20.0,Onetime,55.65,0.0079408183720372,Loyal Customers,Low Risk
e49047a4c83acc67477aea24e68e0d10,2018-02-15 18:26:46,1,On Time,-9.0,Onetime,59.8,0.008532990811281662,Loyal Customers,Low Risk
e490e6ff8808446e7b6c9f39ea5926ef,2018-04-13 18:37:38,1,On Time,-29.0,Onetime,1149.65,0.16404603488611982,Champions,Low Risk
e49731877dfcf625e614019ac6b82de8,2017-12-06 17:39:09,1,On Time,-23.0,Onetime,25.9,0.0036957267895015903,Loyal Customers,Low Risk
e49b5376d3eb639d5dc6e2851a2e73a1,2018-01-07 20:49:38,1,On Time,-12.0,Onetime,29.5,0.004209418544026908,Loyal Customers,Low Risk
e4bbcc533fdf3917c56dea2c43bf2084,2018-02-11 18:57:34,1,On Time,-11.0,Onetime,86.9,0.012399948185625028,Loyal Customers,Low Risk
e4bd14f440ef8ed8d3cf48ebf731fd7f,2017-08-31 07:27:54,1,On Time,-11.0,Onetime,51.0,0.007277299855775332,At Risk,High Risk
e4bd579c28cb9ce017feb990171bc957,2017-08-01 18:52:12,1,On Time,-16.0,Onetime,95.0,0.013555754633306992,At Risk,High Risk
e4c027c785dad2335ef0224ab5bad8d4,2018-01-22 12:55:06,1,On Time,-20.0,Onetime,120.0,0.017123058484177254,Loyal Customers,Low Risk
e4e4b8552ae792cc58e07b3360033016,2017-09-12 09:18:41,1,Has Delays,8.0,Onetime,35.99,0.005135490623712827,At Risk,High Risk
e4e6876cca9888203156816a0e2a7523,2018-03-02 23:51:51,1,Has Delays,1.0,Onetime,14.9,0.0021261130951186757,Loyal Customers,Low Risk
e4efc3b55060412aa551053c35f581f4,2018-06-30 12:53:33,1,On Time,-26.0,Onetime,0.0,0.0,Loyal Customers,Low Risk
e4f8995d1c02567ac653a0016a2a195b,2017-11-29 07:40:23,1,On Time,-11.0,Onetime,229.99,0.032817768506466054,At Risk,High Risk
e4fa7e3641d015919cf66a0919c1e7e6,2018-08-12 13:33:17,1,On Time,-13.0,Onetime,99.9,0.014254946188077563,Champions,Low Risk
e4fee005515f62ed99b3f4e09d921d0d,2018-03-07 13:34:46,1,On Time,-12.0,Onetime,0.0,0.0,Loyal Customers,Low Risk
e51eaffb93507fb621df4131e0454edd,2017-01-30 14:51:21,1,On Time,-30.0,Onetime,189.9,0.0270972400512105,At Risk,High Risk
e52ae9727cc55d618b980d016a274cc7,2018-08-19 11:45:54,1,On Time,-12.0,Onetime,28.9,0.004123803251606021,Loyal Customers,Low Risk
e52d8bf5666be73028f2573fb19d1304,2018-08-13 12:43:23,1,On Time,-13.0,Onetime,259.0,0.036957267895015904,Champions,Low Risk
e53d5867adb7d3d00d046b004fff2e95,2018-04-16 13:53:03,1,On Time,-21.0,Onetime,0.0,0.0,Loyal Customers,Low Risk
e550a3e35434ae49ef5fc19b03038f39,2018-04-18 12:53:27,1,On Time,-11.0,Onetime,49.9,0.007120338486337041,Loyal Customers,Low Risk
e552f9058852b6d263b3463abca2c07b,2017-10-21 22:17:06,1,On Time,-30.0,Onetime,99.0,0.014126523249446233,At Risk,High Risk
e559037a41c00e67a8f44632d83e1475,2017-07-20 17:31:12,1,On Time,-21.0,Onetime,20.89,0.00298083909778719,At Risk,High Risk
e559839364c5291151976b2c69daa5fd,2018-05-19 17:34:20,1,On Time,-13.0,Onetime,0.0,0.0,Loyal Customers,Low Risk
e559969619d1a0922477a2d8cfaf50d9,2017-10-30 13:19:45,2,On Time,-3.0,Repeated,56.97,0.00812917201536315,Loyal Customers,Low Risk
e55ff332cb2752e2bf1be25cc725c801,2018-04-24 22:16:57,1,On Time,-32.0,Onetime,99.9,0.014254946188077563,Champions,Low Risk
e56c92245b4ec59712e11080051de6e3,2018-04-12 18:06:48,1,On Time,-16.0,Onetime,179.78,0.025653195452378222,Champions,Low Risk
e57065168c3718bdfcf543c020c2d2d0,2017-02-21 04:13:37,1,On Time,-18.0,Onetime,44.9,0.006406877716162988,At Risk,High Risk
e573a0cfd274f1b93437e8aa24a45e8f,2017-12-16 11:45:11,1,On Time,-9.0,Onetime,0.0,0.0,Loyal Customers,Low Risk
e578d96e5bd3851422a5a12455f10a37,2017-12-11 09:10:20,1,On Time,-14.0,Onetime,159.0,0.022688052491534858,Loyal Customers,Low Risk
e581f5bacf37ab239992e761964278a2,2018-07-31 10:54:29,1,On Time,-5.0,Onetime,99.9,0.014254946188077563,Champions,Low Risk
e588f1b5d00b4697f453375ba8fedad5,2018-03-12 20:55:08,1,Has Delays,4.0,Onetime,325.0,0.04637495006131339,Champions,Low Risk
e58a978fc59d070baefbaea0292456eb,2017-12-21 20:11:07,1,On Time,-7.0,Onetime,199.98,0.028535576963881388,Loyal Customers,Low Risk
e58c0425c86af4194fe83131da0673a0,2018-06-28 18:50:51,1,On Time,-21.0,Onetime,124.9,0.017822250038947825,Champions,Low Risk
e59d2aaa438875714d5b01a24b48aa49,2018-02-23 14:29:49,1,On Time,-5.0,Onetime,295.0,0.04209418544026908,Loyal Customers,Low Risk
e5a90deae8eef691859d8bd3649c5536,2018-08-16 12:46:48,1,On Time,-21.0,Onetime,32.0,0.004566148929113934,Loyal Customers,Low Risk
e5aff219fad70bd49fa3e44223006b09,2018-05-03 22:54:35,1,On Time,-14.0,Onetime,93.0,0.01327037032523737,Champions,Low Risk
e5da246ec8495416c700f325533688b6,2017-12-25 16:46:13,1,On Time,-11.0,Onetime,89.91,0.012829451569269805,Loyal Customers,Low Risk
e5eed5d0afc1ee8620468918995df9f6,2017-11-05 22:21:01,1,On Time,-14.0,Onetime,99.99,0.014267788481940694,At Risk,High Risk
e5f02d7d17c6b96e78f078a555516a23,2017-07-13 18:53:08,1,On Time,-13.0,Onetime,48.9,0.00697764633230223,At Risk,High Risk
e5f4c50b9b79024bcf048ad25fa518b6,2018-01-11 14:01:09,1,On Time,-16.0,Onetime,9.0,0.0012842293863132939,Loyal Customers,Low Risk
e60599551efd9a16671ddf0668aea5f1,2017-09-29 20:34:06,1,On Time,-21.0,Onetime,147.0,0.020975746643117132,At Risk,High Risk
e616b8462d4d4fadad750989fe75d0a4,2017-02-25 15:37:25,1,On Time,-13.0,Onetime,93.9,0.0133987932638687,At Risk,High Risk
e61f0f032bc92cadf0ec55f9c1c8b5ec,2018-08-21 10:25:18,1,On Time,-13.0,Onetime,0.0,0.0,Loyal Customers,Low Risk
e62169ba0cb892e8e7b57e8602f8da7f,2017-03-02 15:27:25,1,On Time,-13.0,Onetime,0.0,0.0,At Risk,High Risk
e6265c2122da57d6bb3df820dec0d905,2017-09-28 19:40:53,1,On Time,-19.0,Onetime,0.0,0.0,At Risk,High Risk
e634cac201375acd5919890a31445426,2018-04-07 18:51:17,1,On Time,-17.0,Onetime,34.9,0.004979956175814883,Loyal Customers,Low Risk
e63b7e65ecb65d0d1624a564fa2c8cff,2017-09-20 17:12:34,1,On Time,-20.0,Onetime,7.0,0.000998845078243673,At Risk,High Risk
e63d1b81ea1a2cc0a9468c06a4305e09,2017-11-27 13:33:35,1,On Time,-10.0,Onetime,56.99,0.008132025858443848,At Risk,High Risk
e64269d4e5997521884e61069f671fc8,2017-11-26 21:21:07,1,On Time,-14.0,Onetime,58.0,0.008276144934019005,At Risk,High Risk
e6428c4b3e9771c097f0ec6d16fd1d96,2018-02-27 17:09:11,1,On Time,-10.0,Onetime,175.0,0.024971126956091824,Loyal Customers,Low Risk
e64711458e5538f51bc01c3388443450,2018-03-19 12:14:50,1,On Time,-17.0,Onetime,144.99,0.020688935413507168,Champions,Low Risk
e6558a7e200fd62e29e284c91e771b00,2017-11-27 18:30:36,1,On Time,-5.0,Onetime,41.5,0.005921724392444633,At Risk,High Risk
e6615a6b892c0ae58f8d1e1bd8f1c609,2017-06-22 22:44:21,1,On Time,-10.0,Onetime,89.9,0.012828024647729459,At Risk,High Risk
e68790871f64ddcc3e7f47040727a0f0,2017-11-27 12:10:10,1,On Time,-6.0,Onetime,117.3,0.016737789668283265,At Risk,High Risk
e69a2237d79485b1bf4c1b4dca757b4c,2018-01-25 22:30:19,1,On Time,-9.0,Onetime,79.9,0.011401103107381355,Loyal Customers,Low Risk
e69c664cef877ebf383baaad71573e5e,2018-02-18 18:44:27,1,On Time,-11.0,Onetime,149.99,0.02140239618368122,Loyal Customers,Low Risk
e69e2b2ce493d7d2307b2588fd1614bd,2017-03-03 10:45:26,1,On Time,-11.0,Onetime,119.99,0.017121631562636904,At Risk,High Risk
e69f2718de164c3f1a592ec3f3e68dd3,2018-08-20 03:21:20,1,On Time,-28.0,Onetime,118.13,0.016856224156132155,Champions,Low Risk
e6aede5b2818df1b512845c729cf7463,2017-11-29 13:49:23,1,On Time,-17.0,Onetime,1098.0,0.15667598513022185,At Risk,High Risk
e6b34658d05806bc09a58a9b0814e93b,2018-07-11 00:13:33,1,Has Delays,5.0,Onetime,69.99,0.009987023860896383,Loyal Customers,Low Risk
e6b7d4d4935d76db6efb38e40bbdd43e,2017-05-11 22:41:34,1,On Time,-15.0,Onetime,29.9,0.004266495405640831,At Risk,High Risk
e6b9dca9843cca78a45a342dbc75ec62,2018-02-26 11:12:17,1,Has Delays,6.0,Onetime,0.0,0.0,Loyal Customers,Low Risk
e6bfc657dec39a875b8d3e2d9fed8d62,2018-03-22 12:00:17,1,On Time,-8.0,Onetime,115.0,0.016409597714003202,Champions,Low Risk
e6c4ff8a40f09e03dc463d697066056a,2017-08-16 10:08:13,1,On Time,-11.0,Onetime,119.8,0.01709452005337029,At Risk,High Risk
e6ca72b67c6e4ff59f24daaa03d0f593,2018-01-19 12:09:56,1,On Time,-20.0,Onetime,129.0,0.018407287870490546,Loyal Customers,Low Risk
e6d3a211ef39d127621ff7b413af85bd,2017-12-29 11:08:04,1,On Time,-1.0,Onetime,186.0,0.02654074065047474,Loyal Customers,Low Risk
e6d5de7faa32aae4746d4900a9ceb236,2017-05-21 22:53:02,1,On Time,-17.0,Onetime,0.0,0.0,At Risk,High Risk
e6e960c1e6bb00b15cab440eef8d6875,2018-04-18 20:42:34,1,On Time,-20.0,Onetime,199.0,0.02839573865292728,Champions,Low Risk
e6eb191ddc04af07531ff36d2caca1ff,2018-02-18 00:10:50,1,On Time,-13.0,Onetime,79.99,0.011413945401244486,Loyal Customers,Low Risk
e6eb6cfd376785a831c39d868572d0e4,2018-01-31 18:29:28,1,On Time,-2.0,Onetime,105.0,0.014982676173655096,Loyal Customers,Low Risk
e6ecf8f816d5aa381b49e989645c9471,2018-04-26 14:04:20,1,On Time,-9.0,Onetime,139.0,0.01983420941083865,Champions,Low Risk
e6edb226c81532e64e91558ee64dcea7,2018-06-14 08:37:16,1,On Time,-13.0,Onetime,109.8,0.015667598513022185,Champions,Low Risk
e6f10d37b6e31dc71fc68263c9a0ef0d,2018-02-17 14:07:42,1,On Time,-1.0,Onetime,104.0,0.014839984019620285,Loyal Customers,Low Risk
e6f1d12fccf59c1b98c41d5b818c4138,2018-06-03 08:39:18,1,On Time,-35.0,Onetime,0.0,0.0,Loyal Customers,Low Risk
e6fa7cc86905b2aa644fcce145e2dc80,2018-04-23 10:09:03,1,On Time,-13.0,Onetime,269.9,0.038512612373995336,Champions,Low Risk
e6fdeb2ae78e71035c9db4c86e778455,2018-08-05 21:34:54,1,Has Delays,4.0,Onetime,99.0,0.014126523249446233,Champions,Low Risk
e706413ab8ea0f24e331d90182dbd897,2018-08-16 12:15:39,1,On Time,-21.0,Onetime,27.93,0.0039853918621922555,Loyal Customers,Low Risk
e707dc75cda76b17ee5585ded1d2eb5e,2018-03-21 22:46:08,1,Has Delays,15.0,Onetime,322.0,0.04594687359920896,Champions,Low Risk
e717c553c2b3baed9873e84dbb210f48,2018-05-29 23:14:39,1,On Time,-17.0,Onetime,299.99,0.04280621928890278,Champions,Low Risk
e72c54ba06b40cea8b3099c6662ef3eb,2017-04-30 12:13:24,1,On Time,-3.0,Onetime,55.5,0.00791941454893198,At Risk,High Risk
e72ca4ec535043aba6d08184a176341a,2018-08-20 21:50:59,1,On Time,-8.0,Onetime,0.0,0.0,Loyal Customers,Low Risk
e73b42bdb071b28c0826e288cc7983f7,2018-06-21 15:13:26,1,On Time,-13.0,Onetime,67.0,0.009560374320332299,Loyal Customers,Low Risk
e746ffe09133375bd7a8cd10ddd7c89a,2018-04-06 20:02:58,1,On Time,-7.0,Onetime,0.0,0.0,Loyal Customers,Low Risk
e74bac33c74acb3dccc5a5bc302dc527,2018-04-06 16:46:08,1,On Time,-8.0,Onetime,69.0,0.00984575862840192,Loyal Customers,Low Risk
e75299e7341399b1d5f990c7d13b2773,2017-11-25 14:25:29,1,On Time,-4.0,Onetime,0.0,0.0,At Risk,High Risk
e76c8258cfa1b0c9ed716977fb84f0c8,2018-08-19 15:25:06,1,On Time,-8.0,Onetime,19.9,0.0028395738652927274,Loyal Customers,Low Risk
e77efb6522986a5e862a54dd91251bb3,2017-06-16 16:29:49,1,On Time,-14.0,Onetime,89.0,0.012699601709098129,At Risk,High Risk
e780757b43bdb9a1abdf5bc54dfbf54e,2018-08-20 23:58:59,1,On Time,-15.0,Onetime,0.0,0.0,Loyal Customers,Low Risk
e780f220ae4ea7c90dfb37f103e41950,2017-09-29 19:43:25,1,On Time,-18.0,Onetime,34.99,0.0049927984696780175,At Risk,High Risk
e78187213bc8a0ac295b98485bbe9441,2017-12-11 17:32:18,1,On Time,-19.0,Onetime,129.8,0.018521441593718393,Loyal Customers,Low Risk
e7931edb23d9f6c6cbb441a68134fa00,2017-07-23 09:24:01,1,On Time,-14.0,Onetime,159.0,0.022688052491534858,At Risk,High Risk
e79e1a72ae3be0874ceaed13900757a8,2018-03-11 14:23:40,1,On Time,-20.0,Onetime,0.0,0.0,Loyal Customers,Low Risk
e7a0b95fe6d4836d124b1566642ffbec,2018-05-10 11:04:45,1,On Time,-24.0,Onetime,0.0,0.0,Loyal Customers,Low Risk
e7ba333fbe7c3afa5f89cb575f9eac6e,2017-05-10 19:29:00,1,On Time,-14.0,Onetime,0.0,0.0,At Risk,High Risk
e7bf2599abad3230657a9b520ec337e2,2018-05-02 13:10:07,1,On Time,-17.0,Onetime,38.99,0.00556356708581726,Loyal Customers,Low Risk
e7e4ae6b758798774a5fa6afdc236c02,2018-08-23 21:20:25,1,On Time,-9.0,Onetime,117.0,0.01669498202207282,Champions,Low Risk
e7fb9f1bc1af781c26af81deea39de70,2017-05-31 13:55:04,1,Has Delays,3.0,Onetime,159.9,0.02281647543016619,At Risk,High Risk
e803c2ae7cade79fbf83dad91e48203a,2018-03-26 10:03:34,1,Has Delays,4.0,Onetime,129.0,0.018407287870490546,Champions,Low Risk
e8085241eb1297eaa9bfa9453ea0b1ca,2017-07-14 12:40:11,1,On Time,-7.0,Onetime,49.9,0.007120338486337041,At Risk,High Risk
e808aa0ce98f33e671bf3e5b47756564,2017-08-03 10:39:39,1,On Time,-23.0,Onetime,0.0,0.0,At Risk,High Risk
e8092d3af4962027cd1f45d669494cd6,2017-05-06 12:28:42,1,On Time,-14.0,Onetime,0.0,0.0,At Risk,High Risk
e80a8c34a80c26fe8c70c6d316c7f1c4,2017-05-04 15:20:54,1,On Time,-17.0,Onetime,199.0,0.02839573865292728,At Risk,High Risk
e81dd1589aadf99b5c59c15289de5df0,2017-02-07 12:01:07,1,On Time,-13.0,Onetime,23.9,0.003410342481431969,At Risk,High Risk
e846010bf9fc991b1283ee2de425fae2,2018-03-20 21:48:22,1,On Time,-10.0,Onetime,0.0,0.0,Loyal Customers,Low Risk
e84ac1e802114860d63efeff52694d38,2018-08-12 22:52:59,1,On Time,-7.0,Onetime,116.9,0.016680712806669343,Champions,Low Risk
e85aa5ea969fd37243d6d1551500447e,2018-06-26 11:40:02,1,On Time,-15.0,Onetime,79.98,0.01141251847970414,Loyal Customers,Low Risk
e86c8c3deb1931319cacce610efc4514,2017-11-24 04:50:59,1,On Time,-5.0,Onetime,32.99,0.004707414161608396,At Risk,High Risk
e88522b2099d00ffd478720abcaeba48,2018-06-05 11:36:11,1,On Time,-35.0,Onetime,0.0,0.0,Loyal Customers,Low Risk
e88704adc73b8ffee316e21ae63e6f0e,2018-07-30 10:29:46,1,Has Delays,2.0,Onetime,47.99,0.006847796472130553,Loyal Customers,Low Risk
e88ed2cb0285a475c13f51bbde9e6f36,2018-03-16 14:10:00,1,On Time,-4.0,Onetime,45.99,0.0065624121640609325,Loyal Customers,Low Risk
e8909eabc0b5ef3f6e86cb6a53fc6758,2018-02-01 13:41:36,1,On Time,-16.0,Onetime,0.0,0.0,Loyal Customers,Low Risk
e8972c7faa1ea06a4dc10c991aef5eb4,2018-07-06 19:27:45,1,On Time,-16.0,Onetime,78.0,0.011129988014715214,Loyal Customers,Low Risk
e89bab624ed1d8c75012bf52bacc654c,2017-12-13 14:40:11,1,On Time,-21.0,Onetime,23.99,0.003423184775295102,Loyal Customers,Low Risk
e89bf89e2621b5aeb4c181e69a8c6952,2017-07-03 13:20:54,1,On Time,-5.0,Onetime,0.0,0.0,At Risk,High Risk
e8a7165667b5a473e0b04dae68d6b88d,2018-04-14 18:31:02,1,Has Delays,8.0,Onetime,119.0,0.01698036633014244,Champions,Low Risk
e8b4b9cf7e6a2e6e13371f3439a4a1ba,2018-01-22 18:44:31,1,On Time,-19.0,Onetime,184.06,0.026263917871647207,Loyal Customers,Low Risk
e8b82b7189d0161005e4bacb11e209ea,2018-02-27 10:31:04,1,On Time,-17.0,Onetime,149.99,0.02140239618368122,Loyal Customers,Low Risk
e8bab621313ad2a3c0ce8e3a023ff9bb,2017-09-20 18:34:24,1,Has Delays,23.0,Onetime,0.0,0.0,At Risk,High Risk
e8c5dfe905d9613124f527839d4a002e,2018-06-22 08:59:23,1,On Time,-18.0,Onetime,84.9,0.012114563877555407,Loyal Customers,Low Risk
e8dffc994f5e11c852b8706c0470ce53,2017-12-05 10:34:52,1,On Time,-1.0,Onetime,84.99,0.012127406171418538,Loyal Customers,Low Risk
e8e2449fa453dd320f605734798bb093,2017-12-27 19:19:44,1,On Time,-16.0,Onetime,99.0,0.014126523249446233,Loyal Customers,Low Risk
e8e2ebd9428c8ec572b61a8b0065873f,2018-02-11 23:27:52,1,Has Delays,6.0,Onetime,199.9,0.028524161591558603,Loyal Customers,Low Risk
e8e6ad15f20b2fa12d9ce4c6289e38ba,2018-04-30 21:08:47,1,On Time,-12.0,Onetime,55.9,0.007976491410545903,Loyal Customers,Low Risk
e8ec004df6d22ae031607c67f3d4f8dc,2018-02-05 23:05:18,1,On Time,-19.0,Onetime,74.9,0.010687642337207303,Loyal Customers,Low Risk
e8f2f808befac3751a24bf41b69673f0,2017-04-18 21:20:40,1,On Time,-8.0,Onetime,186.99,0.026682005882969206,At Risk,High Risk
e8fb80236bb14f2caec27c7a7f493359,2018-03-20 11:29:16,1,On Time,-6.0,Onetime,29.9,0.004266495405640831,Loyal Customers,Low Risk
e8fdc48586ede8c54d9dd454f21b30d6,2017-11-21 11:04:31,1,On Time,-7.0,Onetime,0.0,0.0,At Risk,High Risk
e90dc9258e140b61728e3745eacb26fe,2018-08-07 21:44:50,1,On Time,-10.0,Onetime,479.77,0.068459414741281,Champions,Low Risk
e90f272d5dd5127cfac1bc553a142b3a,2018-04-07 14:12:15,1,On Time,-17.0,Onetime,36.9,0.005265340483884505,Loyal Customers,Low Risk
e90f4d881abb391d0392ef162ddc35fb,2018-03-29 13:01:51,1,On Time,-4.0,Onetime,199.96,0.028532723120800695,Champions,Low Risk
e91a66767e2d402a7ad1dbe8ee9cd690,2017-12-30 16:45:59,1,On Time,-13.0,Onetime,25.0,0.003567303850870261,Loyal Customers,Low Risk
e91d99078659be9b7b474bd69cb53ac3,2018-06-24 19:03:34,1,On Time,-19.0,Onetime,224.70000000000002,0.0320629270116219,Champions,Low Risk
e927c84f4df4da16a912d38be0b63da4,2018-06-09 12:00:53,1,On Time,-8.0,Onetime,144.0,0.020547670181012702,Champions,Low Risk
e92cf8004da0ba60863ad7d5bd816f5c,2017-11-24 23:32:55,1,On Time,-3.0,Onetime,0.0,0.0,At Risk,High Risk
e93734fde27018134fa655ddd52c774c,2018-04-05 23:26:03,1,On Time,-13.0,Onetime,69.0,0.00984575862840192,Loyal Customers,Low Risk
e93d9a6b5205ffb13668bdea1285c973,2017-11-19 09:13:08,1,On Time,-10.0,Onetime,150.0,0.021403823105221566,At Risk,High Risk
e948e2ea40babf8a45031e4c1e5c1504,2018-05-18 20:11:25,1,On Time,-8.0,Onetime,58.0,0.008276144934019005,Loyal Customers,Low Risk
e9494560865a85c42137b2620c9a0889,2018-08-09 11:38:37,1,On Time,-15.0,Onetime,153.0,0.021831899567325997,Champions,Low Risk
e95ee26dc2deadf1d73c8678f82e44d9,2017-11-21 10:16:47,1,On Time,0.0,Onetime,41.5,0.005921724392444633,At Risk,High Risk
e97109680b052ee858d93a539597bba7,2018-06-07 10:06:19,1,On Time,-29.0,Onetime,31.9,0.004551879713710453,Loyal Customers,Low Risk
e983d6a5d6a92e29fcc48d7b42a6031e,2018-08-07 21:53:39,1,Has Delays,3.0,Onetime,395.0,0.056363400843750126,Champions,Low Risk
e988d62d7f4cc99ba5c365220d1c17b3,2018-08-21 18:42:15,1,On Time,-4.0,Onetime,0.0,0.0,Loyal Customers,Low Risk
e9b5c04c2364a0d172307ecb95a74ef4,2017-12-01 13:08:26,1,On Time,-14.0,Onetime,69.9,0.00997418156703325,At Risk,High Risk
e9c484d9dcf31bbc2c94118f6a79d007,2017-10-12 09:33:01,1,On Time,-11.0,Onetime,104.9,0.014968406958251615,At Risk,High Risk
e9c60120b92bd4db7a31c61afb598b2f,2018-04-29 23:08:21,1,On Time,-12.0,Onetime,39.9,0.005693416945988936,Loyal Customers,Low Risk
e9c9682161ad1d5f51d7ae6e07447f88,2017-03-19 23:15:51,1,On Time,-11.0,Onetime,0.0,0.0,At Risk,High Risk
e9dc392ca45bbd1c3faf921ccd7ebbd1,2017-05-31 16:27:58,1,On Time,-8.0,Onetime,264.99,0.03781199389768442,At Risk,High Risk
e9e106a3223495b9c7bfe80b84a5c293,2018-01-15 23:32:05,1,On Time,-16.0,Onetime,117.33,0.016742070432904307,Loyal Customers,Low Risk
e9e222c7329e066228c28fbf0bea98ec,2018-01-26 15:52:15,1,On Time,-19.0,Onetime,149.99,0.02140239618368122,Loyal Customers,Low Risk
e9ea974c698b57da5b96f665da9d7b1c,2017-08-06 21:38:10,1,On Time,-16.0,Onetime,58.99,0.008417410166513468,At Risk,High Risk
e9f3a93637f1e7461a13032d6ad84661,2017-12-11 23:19:47,1,On Time,-16.0,Onetime,45.62,0.006509616067068051,Loyal Customers,Low Risk
e9f5dd4be49421d8bee2a0f8dd7e439f,2017-07-24 22:30:19,1,On Time,-11.0,Onetime,42.9,0.006121493408093367,At Risk,High Risk
ea1047b9edfc80b38ec0c2502432d577,2017-06-05 23:05:44,1,On Time,-15.0,Onetime,0.0,0.0,At Risk,High Risk
ea134de7de1af089905e923b036a7fe4,2017-08-17 01:47:44,1,On Time,-11.0,Onetime,14.0,0.001997690156487346,At Risk,High Risk
ea181cbd6e92042ba5c8dc8ff10318e5,2018-05-25 16:23:48,1,On Time,-15.0,Onetime,69.99,0.009987023860896383,Loyal Customers,Low Risk
ea201d395b28edab46f644127fbd34ac,2018-04-20 14:45:57,1,On Time,-16.0,Onetime,0.0,0.0,Loyal Customers,Low Risk
ea20fb8852a37fb8519b72f172bb3d67,2017-03-29 15:28:28,1,On Time,-3.0,Onetime,415.88,0.059342813019996964,At Risk,High Risk
ea354e8bfd0528f5bcfb2b5c305b6496,2017-03-13 23:13:57,1,On Time,-24.0,Onetime,0.0,0.0,At Risk,High Risk
ea3bc531491303af49fba79aab775963,2018-08-06 14:38:01,1,On Time,-2.0,Onetime,33.9,0.004837264021780073,Loyal Customers,Low Risk
ea45fdfe8aaa3f81604b23a652c49fcf,2017-11-02 11:30:33,1,On Time,-11.0,Onetime,119.8,0.01709452005337029,At Risk,High Risk
ea4a8de10fce39388e467e38acbe63fc,2017-12-05 08:47:56,1,On Time,-17.0,Onetime,34.9,0.004979956175814883,Loyal Customers,Low Risk
ea4d52b176423e61a84052b0f4717be9,2018-02-23 17:41:54,1,On Time,-8.0,Onetime,105.0,0.014982676173655096,Loyal Customers,Low Risk
ea5285161c5b3fceaeb2c38b6c9b6da2,2017-12-19 16:58:22,1,On Time,-17.0,Onetime,0.0,0.0,Loyal Customers,Low Risk
ea5ba533074aeff0844eab0c690b2c7a,2017-11-24 22:55:10,1,On Time,-20.0,Onetime,23.99,0.003423184775295102,At Risk,High Risk
ea638fb7f3303f3c72cf8e7af61a6a37,2017-06-13 23:49:22,1,On Time,-17.0,Onetime,123.89,0.017678130963372667,At Risk,High Risk
ea7eb5e5136faca8760cd23ca8f46410,2018-02-18 18:19:51,1,On Time,-11.0,Onetime,110.0,0.01569613694382915,Loyal Customers,Low Risk
ea870f4fdfd85ac98ab775b76efe3143,2017-12-08 04:45:26,1,Has Delays,6.0,Onetime,144.99,0.020688935413507168,Loyal Customers,Low Risk
ea8bdf937b5ceae8fbaa953862dda224,2018-04-08 20:58:09,1,On Time,-20.0,Onetime,29.99,0.0042793376995039645,Loyal Customers,Low Risk
ea9d1d54202e5efc875aeb93cf48b20b,2018-04-01 22:42:35,1,On Time,-6.0,Onetime,22.5,0.003210573465783235,Loyal Customers,Low Risk
eaefa1e081dbc951edfa76cccd68f018,2018-05-12 18:30:38,1,On Time,-19.0,Onetime,14.49,0.0020676093119644033,Loyal Customers,Low Risk
eafdb06906a4d6764948319c9e722e26,2018-05-07 09:31:22,1,On Time,-12.0,Onetime,144.0,0.020547670181012702,Champions,Low Risk
eaff5cd23fd2561c791fbf1e492f5dc5,2018-06-09 21:15:14,1,On Time,-29.0,Onetime,185.0,0.026398048496439928,Champions,Low Risk
eb0b2b27092b331ff01b1998f71e180a,2018-04-16 13:05:56,1,On Time,-16.0,Onetime,0.0,0.0,Loyal Customers,Low Risk
eb0c8f36a5a4d82d68050a1b95ff2faa,2018-08-12 20:52:52,1,On Time,-2.0,Onetime,56.54,0.00806781438912818,Loyal Customers,Low Risk
eb17a45cc9586bc95b8ea855d83e7b6f,2018-01-20 15:47:45,1,On Time,-10.0,Onetime,60.0,0.008561529242088627,Loyal Customers,Low Risk
eb255e9f7f5fbc8315061b20ae8f3ad7,2017-04-10 17:23:43,1,On Time,-25.0,Onetime,69.9,0.00997418156703325,At Risk,High Risk
eb2f077015f1bd2425e18d03f5518252,2018-08-16 18:15:46,1,On Time,-8.0,Onetime,179.9,0.025670318510862395,Champions,Low Risk
eb2f753482ad0fe9d19138e4eb07985a,2018-08-25 22:28:18,1,On Time,-6.0,Onetime,299.0,0.04266495405640832,Champions,Low Risk
eb406f65c94700a8e09d6cf2c4c1ef9f,2017-09-06 19:51:50,1,Has Delays,7.0,Onetime,98.63,0.014073727152453353,At Risk,High Risk
eb4520b16c32518b6615f2d50f1be1bb,2017-05-16 12:32:35,1,On Time,-14.0,Onetime,179.98,0.02568173388318518,At Risk,High Risk
eb6032dea9f269982768cc6eed456cc0,2017-09-28 20:19:26,1,On Time,-13.0,Onetime,19.9,0.0028395738652927274,At Risk,High Risk
eb679f5c31d49d7a27b04db1e948b959,2017-10-04 17:56:28,1,On Time,-14.0,Onetime,899.99,0.12842151170978905,At Risk,High Risk
eb8367e178d144706a4ff3da62d284cb,2017-10-12 19:00:46,1,On Time,-15.0,Onetime,38.0,0.005422301853322796,At Risk,High Risk
eb8559e29e05f13da4c369aa00081da6,2017-11-16 13:02:20,1,Has Delays,12.0,Onetime,99.0,0.014126523249446233,At Risk,High Risk
eb859d4b5ab54b643d2c0cedaca0c9fb,2018-07-02 16:51:47,1,On Time,-19.0,Onetime,249.9,0.03565876929329913,Champions,Low Risk
eb8ba0e91b822fefb8d7f0243881647d,2018-08-15 17:13:07,1,On Time,-27.0,Onetime,259.8,0.037071421618243755,Champions,Low Risk
eb9414e9c56dacd436c2b7a274b34983,2017-03-13 11:36:11,1,On Time,-16.0,Onetime,0.0,0.0,At Risk,High Risk
eb95548b5609bc72326178567edf6f69,2017-09-11 11:51:17,1,On Time,-6.0,Onetime,0.0,0.0,At Risk,High Risk
eba4578c5f557801a1a0e70e71fd6580,2018-01-03 08:46:55,1,On Time,-24.0,Onetime,69.9,0.00997418156703325,Loyal Customers,Low Risk
eba95c4194cfabd51ed78f00dad89815,2018-04-16 01:48:45,1,On Time,-14.0,Onetime,43.8,0.006249916346724697,Loyal Customers,Low Risk
ebcabf25f7c1fe3f0b1dc696cb94f1e7,2017-11-24 14:22:59,1,On Time,-13.0,Onetime,89.99,0.01284086694159259,At Risk,High Risk
ebd29227edeb5b2661cc8dbeeaeacf60,2018-02-20 06:39:52,1,On Time,-11.0,Onetime,144.41,0.020606173964166974,Loyal Customers,Low Risk
ebedac088806fe85e8083426d9e952e3,2018-05-10 11:15:21,1,On Time,-8.0,Onetime,139.8,0.0199483631340665,Champions,Low Risk
ebf6809d3711acdd1701b98544f57d0b,2018-05-01 19:45:49,1,On Time,-17.0,Onetime,99.9,0.014254946188077563,Champions,Low Risk
ec039b68b511c08af9ca9e49e7419e70,2017-11-16 12:16:30,1,On Time,-7.0,Onetime,248.99,0.03552891943312745,At Risk,High Risk
ec0d14f6ecca05089a0a9e0440d3d8de,2018-05-01 18:42:40,1,On Time,-7.0,Onetime,24.9,0.00355303463546678,Loyal Customers,Low Risk
ec1857e9f38a9fc1e288aeb48afda567,2018-04-19 17:43:10,1,On Time,-17.0,Onetime,59.0,0.008418837088053816,Loyal Customers,Low Risk
ec2121e4614c17cbad97cc243a299d17,2018-04-27 00:19:37,1,On Time,-24.0,Onetime,0.0,0.0,Loyal Customers,Low Risk
ec441c1966bfa602976763f330fc5168,2018-01-16 13:55:43,1,On Time,-13.0,Onetime,0.0,0.0,Loyal Customers,Low Risk
ec4577a86e2563cd8ac681f74ca30f47,2018-06-24 22:10:36,1,On Time,-9.0,Onetime,149.9,0.021389553889818086,Champions,Low Risk
ec59dafb5820ce13fcc2fd6402be9b54,2018-03-05 10:10:02,1,On Time,-8.0,Onetime,419.3,0.059830820186796016,Champions,Low Risk
ec61877bf79d83a203085ea6022cb384,2018-03-21 13:20:03,1,On Time,-12.0,Onetime,19.9,0.0028395738652927274,Loyal Customers,Low Risk
ec66304b229f162d56f6711761aa8311,2017-06-04 10:37:20,1,On Time,-2.0,Onetime,0.0,0.0,At Risk,High Risk
ec6a267aac7d40277f50dfed2d449cf1,2018-04-06 19:17:22,1,On Time,-8.0,Onetime,28.7,0.004095264820799059,Loyal Customers,Low Risk
ec6b8265aff906d167dea1b6fac6327a,2018-06-18 10:55:52,1,On Time,-17.0,Onetime,29.99,0.0042793376995039645,Loyal Customers,Low Risk
ec6da744b820c4d98e6e74d2fee09634,2018-04-04 18:42:39,1,On Time,-6.0,Onetime,170.0,0.024257666185917775,Champions,Low Risk
ec7ff0c5e0b5495ed3c49c6bfd6d9ca1,2017-05-24 21:02:39,1,On Time,-7.0,Onetime,174.9,0.024956857740688346,At Risk,High Risk
ec85abbbac44c1bb668a04903d033b6d,2017-11-29 13:03:33,1,Has Delays,13.0,Onetime,0.0,0.0,At Risk,High Risk
ec9e9ceb08705ea60ca51e8697b8b68a,2018-02-11 00:17:16,1,On Time,-17.0,Onetime,0.0,0.0,Loyal Customers,Low Risk
eca3a8926046168aff9d798845a45446,2017-07-29 02:05:15,1,On Time,-7.0,Onetime,54.99,0.007846641550374225,At Risk,High Risk
eca8b601332d77bbeaebd6777d239e5b,2017-07-25 17:26:12,1,On Time,-16.0,Onetime,0.0,0.0,At Risk,High Risk
eca99c7b0bb707d3f08b027e8994b79e,2017-05-18 09:34:58,1,On Time,-13.0,Onetime,0.0,0.0,At Risk,High Risk
ecb80b0bfe3fe9140d314839cfb3a7df,2018-04-19 10:15:03,1,On Time,-15.0,Onetime,500.0,0.07134607701740522,Champions,Low Risk
ecb8b41c3b84f98546950696321100d8,2017-09-13 23:13:16,1,Has Delays,4.0,Onetime,161.9,0.02310185973823581,At Risk,High Risk
ecc519255f1070babb6f6bb93f56b183,2018-01-04 16:04:17,1,On Time,-15.0,Onetime,0.0,0.0,Loyal Customers,Low Risk
ecc6d0f3eb9435df737e1f0d9a1c6d3f,2018-01-30 17:36:43,1,On Time,-16.0,Onetime,199.9,0.028524161591558603,Loyal Customers,Low Risk
ecc930730890330ced95c4fc78d4a91c,2017-04-07 11:55:40,1,On Time,-16.0,Onetime,59.99,0.008560102320548277,At Risk,High Risk
ecf3b5c0c40d0fe49084ec3a467b952d,2018-03-29 22:46:19,1,On Time,-16.0,Onetime,94.5,0.013484408556289587,Champions,Low Risk
ed2d367a770fb3218c2b37cd4dc26381,2018-05-09 19:41:34,1,On Time,-11.0,Onetime,12.25,0.0017479788869264278,Loyal Customers,Low Risk
ed3c685828145919f83c3df6209a57e9,2018-01-07 10:16:19,1,On Time,-22.0,Onetime,89.0,0.012699601709098129,Loyal Customers,Low Risk
ed404c92ac3d0b621e1ddc2c3f947de9,2017-07-27 08:44:21,1,On Time,-8.0,Onetime,35.99,0.005135490623712827,At Risk,High Risk
ed54434e600602d26905e55f0cc61a50,2017-12-03 21:32:13,1,On Time,-15.0,Onetime,0.0,0.0,Loyal Customers,Low Risk
ed6656660ab96a9ccb13277219024335,2018-06-03 20:21:57,1,On Time,-35.0,Onetime,0.0,0.0,Loyal Customers,Low Risk
ed770d411ea2e927e3b2dc575c0ca653,2018-07-29 15:36:28,1,On Time,-3.0,Onetime,66.55,0.009496162851016635,Loyal Customers,Low Risk
ed9d56556693e0497814d1ff8607179d,2018-07-05 00:40:06,1,On Time,-15.0,Onetime,0.0,0.0,Loyal Customers,Low Risk
ed9fce60567d03fff71f9c06084c998e,2017-04-26 16:14:11,1,On Time,-17.0,Onetime,0.0,0.0,At Risk,High Risk
edbc116669001dfae2e4b0b7d23f7b12,2018-07-28 19:55:25,1,On Time,-14.0,Onetime,0.0,0.0,Loyal Customers,Low Risk
edc9873039c3986b086a6fa6953bcf27,2017-08-01 23:35:06,1,On Time,-24.0,Onetime,39.98,0.005704832318311721,At Risk,High Risk
edd0d266ff17dbbc60ee63eaa7cc4fb0,2017-09-25 21:33:51,1,On Time,-7.0,Onetime,0.0,0.0,At Risk,High Risk
edd5bf7a832faf132ed09bd37bd78438,2018-04-18 04:57:10,1,On Time,-19.0,Onetime,0.0,0.0,Loyal Customers,Low Risk
edd5f04fdd44b267bc93f4dcc01016a8,2017-11-26 16:45:47,1,On Time,0.0,Onetime,49.9,0.007120338486337041,At Risk,High Risk
edec9dc5759b4c2c62832162127ee800,2017-07-02 19:37:07,1,On Time,-11.0,Onetime,488.99,0.06977503640148196,At Risk,High Risk
edf0cf9568d3eb609706a98548c06e83,2017-12-01 20:39:26,1,On Time,-16.0,Onetime,69.99,0.009987023860896383,Loyal Customers,Low Risk
edf776664f19fc473c3c67fb28939a9a,2017-04-18 20:33:32,1,On Time,-12.0,Onetime,127.9,0.018250326501052256,At Risk,High Risk
ee053c87e7fb771f1326ad7f8592c28e,2018-06-29 18:39:21,1,On Time,-18.0,Onetime,155.0,0.02211728387539562,Champions,Low Risk
ee23e2b6350cac2c40e521f2253706b7,2018-06-01 15:34:15,1,On Time,-30.0,Onetime,0.0,0.0,Loyal Customers,Low Risk
ee24b1378c5c548784515158f298b392,2018-04-01 19:06:02,1,On Time,-12.0,Onetime,0.0,0.0,Loyal Customers,Low Risk
ee25395beccf60a948ec3591ec9ddacf,2017-05-26 18:35:51,1,On Time,-19.0,Onetime,24.9,0.00355303463546678,At Risk,High Risk
ee3074a0ae884d6cfbe6a79a3f76f729,2018-05-23 12:40:38,1,On Time,-12.0,Onetime,0.0,0.0,Loyal Customers,Low Risk
ee3575d8ee7cd3251e3efd6f9cf23fea,2018-05-09 17:11:41,1,On Time,-8.0,Onetime,249.22,0.03556173862855545,Champions,Low Risk
ee3944b64a4a9207cf551a5fe12982d1,2017-05-03 14:31:43,1,On Time,-26.0,Onetime,0.0,0.0,At Risk,High Risk
ee3f102da1f94d5782046090f5c6c67c,2017-01-12 23:42:50,1,On Time,-27.0,Onetime,377.0,0.05379494207112353,At Risk,High Risk
ee40f86698d1bf94897d87fe5dbc1b2a,2018-01-29 09:59:36,1,On Time,-15.0,Onetime,31.9,0.004551879713710453,Loyal Customers,Low Risk
ee464d4fde64c19df72f3051c29e0803,2018-02-14 11:40:41,1,On Time,-7.0,Onetime,28.0,0.003995380312974692,Loyal Customers,Low Risk
ee4a83704c2de0dc8266893fa5cf966b,2017-08-09 22:23:30,1,On Time,-14.0,Onetime,182.0,0.0259699720343355,At Risk,High Risk
ee93308f8889d7d12be43a9d18bcb405,2018-02-28 14:42:53,1,On Time,-8.0,Onetime,16.99,0.002424339697051429,Loyal Customers,Low Risk
ee98818c6687d02e43557a4ea0178b2b,2017-08-08 10:46:08,1,Has Delays,4.0,Onetime,0.0,0.0,At Risk,High Risk
eea6e5f01ce486fd7727e0611cdbaacd,2018-05-31 12:37:29,1,On Time,-31.0,Onetime,0.0,0.0,Loyal Customers,Low Risk
eec8231e8d513be98954dbcbe946528d,2018-06-22 21:30:06,1,On Time,-20.0,Onetime,104.8,0.014954137742848135,Champions,Low Risk
eec986cd55c7e9216de6c9cbe49979d3,2018-06-09 01:44:40,1,On Time,-8.0,Onetime,9.9,0.0014126523249446232,Loyal Customers,Low Risk
eed62c02f6a5da5c0b856bb612d42cd6,2018-05-15 12:45:15,1,On Time,-15.0,Onetime,173.8,0.024799896371250057,Champions,Low Risk
eede3c924dcfa1c4340e70b50010be26,2018-05-30 18:09:10,1,On Time,-43.0,Onetime,84.9,0.012114563877555407,Loyal Customers,Low Risk
ef1c2fafea5285a4bfb61386bc5e3154,2018-08-20 22:06:10,1,On Time,-6.0,Onetime,218.0,0.031106889579588674,Champions,Low Risk
ef1d0f1922417f396a0aa0a03296c572,2017-08-02 04:26:49,1,On Time,-11.0,Onetime,134.99,0.019262013873159064,At Risk,High Risk
ef2c223efd90366cb6639746cfcfc7ad,2018-03-12 16:54:01,1,Has Delays,6.0,Onetime,63.99,0.00913087093668752,Loyal Customers,Low Risk
ef4ae125724cae06f46da6a302c610d2,2017-07-28 16:03:38,1,On Time,-18.0,Onetime,259.95,0.03709282544134897,At Risk,High Risk
ef583977570de5ee4dcb0cb083bde3e1,2018-01-29 21:09:10,1,On Time,-7.0,Onetime,21.9,0.0031249581733623485,Loyal Customers,Low Risk
ef5947984bf1aad3ed84c0ad7da9f059,2017-11-02 13:09:35,1,On Time,-14.0,Onetime,0.0,0.0,At Risk,High Risk
ef6bed289484bbefdf0ff228126fe5ce,2018-02-04 21:23:24,1,On Time,-17.0,Onetime,0.0,0.0,Loyal Customers,Low Risk
ef6f13afb9897c1d50fa603c47749b86,2017-10-13 15:32:47,1,On Time,-6.0,Onetime,137.9,0.01967724804140036,At Risk,High Risk
ef703a9d0ca43405418d06ccd6f5c0e6,2018-04-29 15:13:57,1,On Time,-17.0,Onetime,64.89,0.009259293875318849,Loyal Customers,Low Risk
ef882a6d4c534617972ab417947a77c1,2017-10-20 09:51:39,1,On Time,-2.0,Onetime,38.99,0.00556356708581726,At Risk,High Risk
ef8ca435dfe12287e7b14c1acd311f77,2018-02-15 16:56:38,1,On Time,-17.0,Onetime,62.9,0.008975336488789575,Loyal Customers,Low Risk
ef94319730784638e47138ded9d23014,2017-10-18 13:35:32,1,On Time,-7.0,Onetime,0.0,0.0,At Risk,High Risk
ef95fc30ec507e9c99984f33121a8276,2017-04-19 22:15:27,1,Has Delays,6.0,Onetime,151.74,0.021652107453242135,At Risk,High Risk
efa0f03926c32196b7872e25a183ee84,2017-07-05 21:14:49,1,On Time,-15.0,Onetime,78.0,0.011129988014715214,At Risk,High Risk
efa257ffe785fde9dff1241339324f8d,2018-02-08 10:09:35,1,On Time,-19.0,Onetime,299.9,0.04279337699503965,Loyal Customers,Low Risk
efc37ae565ee0943cca2b89fc65c4d6f,2017-11-28 21:00:44,1,Has Delays,32.0,Onetime,25.99,0.0037085690833647228,At Risk,High Risk
efc58ec022b8ccef70b3218b74b0fd7e,2018-06-13 16:19:00,1,On Time,-13.0,Onetime,150.9,0.021532246043852895,Champions,Low Risk
efd877ae53d38706d4019f46bd72579a,2018-01-31 13:33:56,1,On Time,-6.0,Onetime,0.0,0.0,Loyal Customers,Low Risk
efdde190794fc1f7e2d1c91dda5453fe,2017-03-22 09:02:29,1,On Time,-16.0,Onetime,0.0,0.0,At Risk,High Risk
efe8f87089ec28b1a681c20afa307784,2018-05-11 18:25:34,1,Has Delays,7.0,Onetime,223.0,0.03182035034976272,Champions,Low Risk
eff12d4447f137712a387179ac15799f,2017-12-26 15:58:42,1,On Time,-7.0,Onetime,141.98,0.020259432029862384,Loyal Customers,Low Risk
effbebdf9854a4a1fa1783211054115e,2017-03-01 22:05:27,1,On Time,-19.0,Onetime,89.0,0.012699601709098129,At Risk,High Risk
f00a8a03e3037fa13779c6659df93647,2017-07-10 08:38:43,1,On Time,-22.0,Onetime,0.0,0.0,At Risk,High Risk
f00aa1cfc257dfff20184269b19db923,2017-10-13 10:57:56,2,Has Delays,2.0,Repeated,49.95,0.007127473094038782,At Risk,High Risk
f00dcc95289fc9d9a4938889748b94fe,2017-07-03 16:42:42,1,On Time,-3.0,Onetime,0.0,0.0,At Risk,High Risk
f045bce89b92a2f52e084f72a1d10f8e,2018-06-20 10:57:19,1,On Time,-23.0,Onetime,29.99,0.0042793376995039645,Loyal Customers,Low Risk
f053e082c3563fa331d4cd0c5d8ec177,2018-05-13 21:46:59,1,On Time,-10.0,Onetime,157.89,0.02252966420055622,Champions,Low Risk
f065c58f598684358eb6d2bc13e67ca9,2018-06-29 18:39:49,1,On Time,-27.0,Onetime,139.98,0.019974047721792766,Champions,Low Risk
f06c7ebe0f12b42eab6530215eecdc9f,2017-10-27 12:07:08,1,On Time,-7.0,Onetime,45.95,0.00655670447789954,At Risk,High Risk
f06d35a600b606329886d392afda66c7,2018-07-08 17:01:33,1,On Time,-8.0,Onetime,0.0,0.0,Loyal Customers,Low Risk
f06dc1c33574bc4dd6225512fcfc3579,2018-08-02 21:23:50,1,Has Delays,3.0,Onetime,29.99,0.0042793376995039645,Loyal Customers,Low Risk
f08e73cf7f4d6403ec07e52497eb01bf,2017-11-02 21:45:17,1,On Time,-24.0,Onetime,56.99,0.008132025858443848,At Risk,High Risk
f098fb162e43b4018ec692ecdbb07cf1,2017-11-21 18:37:11,1,On Time,-7.0,Onetime,174.99,0.02496970003455148,At Risk,High Risk
f0a5d3542d18371f20467e53bb1e532b,2018-02-05 21:04:48,1,On Time,-12.0,Onetime,180.49,0.02575450688174294,Loyal Customers,Low Risk
f0b061f3c7f8b82f476bad34fb685ecd,2018-02-24 08:53:44,1,On Time,-19.0,Onetime,335.0,0.047801871601661494,Loyal Customers,Low Risk
f0b0e449bba201325e533f3f18596296,2018-05-11 13:51:46,1,On Time,-14.0,Onetime,79.0,0.011272680168750025,Loyal Customers,Low Risk
f0b7acd2e2d0980cde86801f38ee0e6f,2018-01-19 20:26:21,1,On Time,-34.0,Onetime,289.0,0.041238032516060216,Loyal Customers,Low Risk
f0cd1ff60635329804480b6c8f71e434,2018-06-20 18:47:35,1,On Time,-29.0,Onetime,855.0,0.12200179169976291,Champions,Low Risk
f0e26559ebc99fee583e3cc2c73d2ee7,2018-07-08 18:13:14,1,On Time,-9.0,Onetime,149.9,0.021389553889818086,Champions,Low Risk
f0e4503675216b3763cac5b231b4c053,2018-02-28 14:23:31,1,On Time,-32.0,Onetime,149.9,0.021389553889818086,Loyal Customers,Low Risk
f0e721656838e4d20a956242308007c7,2018-05-28 10:31:05,1,On Time,-21.0,Onetime,228.0,0.03253381111993678,Champions,Low Risk
f0f4fb215b9f40de47a8e6d679466d6f,2017-12-29 07:06:24,1,On Time,-19.0,Onetime,99.9,0.014254946188077563,Loyal Customers,Low Risk
f1097c9562bd8f87de1e69c30b3b08eb,2017-10-09 19:42:43,1,On Time,-8.0,Onetime,119.8,0.01709452005337029,At Risk,High Risk
f10bbd7b7956d31e6ae6473eb6fd852e,2017-07-12 21:08:11,1,On Time,-18.0,Onetime,0.0,0.0,At Risk,High Risk
f11555b4396eaa69a4c0980aa3522648,2018-08-15 20:51:44,1,On Time,-2.0,Onetime,23.0,0.00328191954280064,Loyal Customers,Low Risk
f121995493925a5ef0b46a13f594e0ab,2018-01-16 22:08:15,1,On Time,-13.0,Onetime,419.99,0.05992927777308004,Loyal Customers,Low Risk
f1222bacdff89a25eb29e54eeaabbe6b,2018-01-15 00:14:21,1,On Time,-26.0,Onetime,19.9,0.0028395738652927274,Loyal Customers,Low Risk
f1236fdb8932b2aa1cebcc082b8fef62,2018-02-01 11:42:23,1,On Time,-14.0,Onetime,0.0,0.0,Loyal Customers,Low Risk
f12f064c0a45fa8ac5b7d8934d1bf853,2017-06-14 17:34:55,1,On Time,-11.0,Onetime,80.0,0.011415372322784835,At Risk,High Risk
f13f6afa0bcce14330a5bcb6f1076904,2018-06-20 15:28:01,1,On Time,-22.0,Onetime,169.0,0.024114974031882966,Champions,Low Risk
f1405c699dfee99f02a06fb8e6a5e46d,2018-01-14 14:20:51,1,Has Delays,2.0,Onetime,49.9,0.007120338486337041,Loyal Customers,Low Risk
f145d50379275ab9931636f83b0102eb,2018-06-07 17:52:27,1,On Time,-22.0,Onetime,0.0,0.0,Loyal Customers,Low Risk
f1502c61446672ca641cf3ebe7d4f445,2017-06-27 12:00:27,1,On Time,-15.0,Onetime,139.8,0.0199483631340665,At Risk,High Risk
f152e6e63c0a4d7958c5a5ccc09d6206,2018-04-10 23:03:58,1,On Time,-17.0,Onetime,39.99,0.00570625923985207,Loyal Customers,Low Risk
f152faf30f85d9b5784cc9a72611a810,2017-11-25 00:22:16,1,On Time,-11.0,Onetime,0.0,0.0,At Risk,High Risk
f164563c345a44cae29b45218a82e1e7,2017-02-13 15:23:18,1,On Time,-18.0,Onetime,70.0,0.009988450782436731,At Risk,High Risk
f171039a67a78b3d57475168802da70a,2017-01-19 21:24:05,1,On Time,-32.0,Onetime,6.9,0.000984575862840192,At Risk,High Risk
f172c33b146e90b95ee12499eb6632cb,2018-03-27 08:10:06,1,On Time,-4.0,Onetime,139.0,0.01983420941083865,Champions,Low Risk
f175a16d4e5581676e72c0d321d9ff7e,2017-09-22 11:16:39,1,On Time,-14.0,Onetime,59.9,0.008547260026685145,At Risk,High Risk
f18e5b4c9e3a327346899fe26be08297,2018-01-03 22:16:10,1,On Time,-19.0,Onetime,0.0,0.0,Loyal Customers,Low Risk
f1934cf6662a6b649f1338693a504eb6,2017-08-02 07:37:51,1,On Time,-15.0,Onetime,34.9,0.004979956175814883,At Risk,High Risk
f1aa8a93852ae3083c1df4e1d57e633c,2018-01-31 10:22:57,1,On Time,-8.0,Onetime,79.0,0.011272680168750025,Loyal Customers,Low Risk
f1c0a99b859f709be78ef0d292178403,2017-08-28 18:19:32,1,On Time,-11.0,Onetime,84.99,0.012127406171418538,At Risk,High Risk
f1c756fd2bfecc4219c72b2f819339b0,2018-04-08 21:05:50,1,Has Delays,5.0,Onetime,86.4,0.012328602108607622,Loyal Customers,Low Risk
f1e0cfbcfd9aebd6d003f6667551a9ae,2018-02-02 16:15:41,1,On Time,-15.0,Onetime,597.0,0.08518721595878183,Loyal Customers,Low Risk
f1efc19f85b4823a0bfde8f77f913207,2016-10-07 10:11:42,1,On Time,-48.0,Onetime,399.0,0.05693416945988936,At Risk,High Risk
f1f0f260afc590119fac7cf5329b259c,2018-08-09 15:16:42,1,On Time,-10.0,Onetime,66.99,0.00955894739879195,Loyal Customers,Low Risk
f1f4f45c8602d0db1329eed1c8e935d4,2017-07-31 21:37:10,1,On Time,-14.0,Onetime,27.9,0.0039811110975712105,At Risk,High Risk
f1f63855251a2ca72167f4eb6be56f3a,2017-12-06 08:27:00,1,On Time,-20.0,Onetime,44.49,0.006348373933008717,Loyal Customers,Low Risk
f1fe705bc4a9f9b1508be25a3e4141f0,2018-08-15 22:13:43,1,On Time,-17.0,Onetime,455.88,0.06505049918138939,Champions,Low Risk
f20aa79a6aa0dcc36506e84cb6a6ecec,2018-04-12 12:37:01,1,On Time,-12.0,Onetime,75.0,0.010701911552610783,Loyal Customers,Low Risk
f22a4eec99b70235446454b0db95ba19,2018-02-07 15:35:12,1,On Time,-8.0,Onetime,45.9,0.006549569870197798,Loyal Customers,Low Risk
f22c272b1abf07d355eee4c03f281b01,2018-02-07 23:03:51,1,On Time,-9.0,Onetime,224.8,0.03207719622702539,Loyal Customers,Low Risk
f23f0d559d56c42d76ada36eeb3abeb7,2018-02-06 13:32:59,1,On Time,-11.0,Onetime,117.3,0.016737789668283265,Loyal Customers,Low Risk
f2414e5fd75a810631336ec0553262d9,2018-04-28 16:04:22,1,On Time,-11.0,Onetime,0.0,0.0,Loyal Customers,Low Risk
f24ca8e0a6f2d24d865cc28b2d662dcc,2018-05-09 01:46:14,1,On Time,-6.0,Onetime,24.99,0.0035658769293299124,Loyal Customers,Low Risk
f25c83fef4ae7252feec416e7927acac,2018-03-01 10:55:06,2,On Time,-5.0,Repeated,213.0,0.03039342880941462,Loyal Customers,Low Risk
f25f06e6fe07270ef5d0e88f19f178d0,2017-09-03 08:23:32,1,On Time,-15.0,Onetime,0.0,0.0,At Risk,High Risk
f25f4335773e57531fab383b2a86d978,2018-03-24 00:58:46,1,On Time,-8.0,Onetime,21.99,0.0031378004672254814,Loyal Customers,Low Risk
f26afffdc68c5034a7ec4bba93e3c1b5,2018-01-06 14:25:01,1,On Time,-17.0,Onetime,49.0,0.006991915547705711,Loyal Customers,Low Risk
f272262b63e80c07cae02c8f07a777f0,2018-01-31 11:48:09,1,On Time,-10.0,Onetime,49.9,0.007120338486337041,Loyal Customers,Low Risk
f299134f7efff5b49cc413e408f1036c,2017-11-24 13:16:28,1,On Time,-8.0,Onetime,0.0,0.0,At Risk,High Risk
f29cbfd17d3e53191eedbd919a793435,2018-08-07 20:19:14,1,On Time,-6.0,Onetime,320.45,0.045725700760455006,Champions,Low Risk
f2a84e3bcb9db0d7ae7f66c23f6a390d,2017-05-07 13:53:39,1,On Time,-12.0,Onetime,26.33,0.0037570844157365584,At Risk,High Risk
f2a85dec752b8517b5e58a06ff3cd937,2017-05-16 19:41:10,1,On Time,-9.0,Onetime,0.0,0.0,At Risk,High Risk
f2a9bc9a1db05c873e1419654f747f9e,2018-07-31 20:47:41,1,On Time,-13.0,Onetime,109.0,0.015553444789794337,Champions,Low Risk
f2beb52a2427676390b75433a5a03bf7,2017-12-04 17:16:55,1,On Time,-19.0,Onetime,0.0,0.0,Loyal Customers,Low Risk
f2e2e77dbdaf9b39a7a96b3d8dbdc978,2018-04-19 21:44:10,1,On Time,-12.0,Onetime,119.99,0.017121631562636904,Champions,Low Risk
f2eb5bf76a4172b5ac7fc0ce6d64c3da,2017-07-31 19:05:32,1,On Time,-18.0,Onetime,59.98,0.008558675399007929,At Risk,High Risk
f300b00a19af4d4f7bdf9f4524c4587a,2017-02-08 05:56:31,1,On Time,-13.0,Onetime,19.99,0.0028524161591558603,At Risk,High Risk
f3033234e737e044ab64490153959611,2017-11-30 10:15:17,1,On Time,-22.0,Onetime,559.0,0.07976491410545904,At Risk,High Risk
f31ac54af6af7097bddd1053011e7a3a,2017-11-06 18:17:50,1,On Time,-12.0,Onetime,0.0,0.0,At Risk,High Risk
f3227a87d760e7bbcaf5377918fd68a5,2017-08-10 22:20:51,1,On Time,-13.0,Onetime,0.0,0.0,At Risk,High Risk
f324fb2ff71d3fe466169a995de25315,2018-07-20 16:38:35,1,Has Delays,3.0,Onetime,79.9,0.011401103107381355,Loyal Customers,Low Risk
f329e0e1d8897ffa466a836ed216a23b,2017-07-16 10:04:36,1,On Time,-9.0,Onetime,89.9,0.012828024647729459,At Risk,High Risk
f32cdbbeca0aba5358bddc018dd12b09,2018-04-16 20:46:53,1,On Time,-6.0,Onetime,149.9,0.021389553889818086,Champions,Low Risk
f34748d5989b5cc736a0061dee1c9e34,2018-02-26 17:21:52,1,On Time,-28.0,Onetime,149.0,0.021261130951186754,Loyal Customers,Low Risk
f34dfcdc027db0be5e53a0e18f1bf343,2017-04-17 16:00:20,1,On Time,-2.0,Onetime,124.9,0.017822250038947825,At Risk,High Risk
f3583c1f4a492c319e60501645848fef,2017-11-20 18:53:16,1,On Time,-15.0,Onetime,643.91,0.09188090490455478,At Risk,High Risk
f3591ae7686317e84ebbf646bedf3e24,2018-08-04 21:40:35,1,On Time,-2.0,Onetime,55.0,0.007848068471914575,Loyal Customers,Low Risk
f36f76de5290df0bae563f9cdccffeb7,2017-07-24 19:22:18,1,On Time,-1.0,Onetime,159.0,0.022688052491534858,At Risk,High Risk
f37bd405972a0229ec900f3743f5bca6,2017-10-19 17:15:44,1,On Time,-1.0,Onetime,34.9,0.004979956175814883,At Risk,High Risk
f38087a7d03a8c815c7e60d0b5be42d4,2018-01-14 09:02:48,1,On Time,-14.0,Onetime,29.9,0.004266495405640831,Loyal Customers,Low Risk
f3832392e675c6ffa590ac21b517b47d,2018-07-24 21:54:54,1,On Time,-14.0,Onetime,369.0,0.05265340483884505,Champions,Low Risk
f38abe5be343e356dcd076791818e860,2018-07-11 22:17:40,1,On Time,-14.0,Onetime,438.0,0.062499163467246974,Champions,Low Risk
f38d0a168948a5dd98c2b8e0f9eb3120,2017-02-18 10:39:14,1,On Time,0.0,Onetime,36.99,0.005278182777747638,At Risk,High Risk
f39f8439765f730d6a6b60d2767d043d,2018-02-19 21:30:49,1,On Time,-9.0,Onetime,175.0,0.024971126956091824,Loyal Customers,Low Risk
f3aa14594942821a50e8347e0899b046,2018-05-06 19:50:08,1,On Time,-14.0,Onetime,42.0,0.005993070469462038,Loyal Customers,Low Risk
f3bc8bc615e7ba5d35557950518568fb,2018-04-15 20:12:35,1,On Time,-16.0,Onetime,339.0,0.04837264021780074,Champions,Low Risk
f3c1362badd3a3912699f9b8461e20cd,2017-03-01 19:32:22,1,On Time,-17.0,Onetime,0.0,0.0,At Risk,High Risk
f3cd4edf8e8a2fb21b3291cb195e5e59,2018-02-10 23:58:04,1,On Time,-20.0,Onetime,99.9,0.014254946188077563,Loyal Customers,Low Risk
f3d96550a8adeb771fe53948521cf602,2018-04-29 14:31:40,1,On Time,-8.0,Onetime,66.99,0.00955894739879195,Loyal Customers,Low Risk
f3df2c0b7cf3814b81b37ff6273f76cd,2017-05-18 15:47:22,1,On Time,-22.0,Onetime,50.0,0.007134607701740522,At Risk,High Risk
f3e71989aaa365356d121d87129aa2ce,2018-08-28 14:32:59,1,On Time,-1.0,Onetime,0.0,0.0,Loyal Customers,Low Risk
f3fb25aac32cb3dc255529c6dc74ddae,2018-01-21 22:02:55,1,On Time,-28.0,Onetime,29.9,0.004266495405640831,Loyal Customers,Low Risk
f3fb635e8df1903c48444b195d8d4b76,2018-03-02 19:33:49,1,On Time,-5.0,Onetime,180.0,0.02568458772626588,Loyal Customers,Low Risk
f4089943e1529aefcd2733e1eecf877a,2017-08-16 08:00:13,1,On Time,-7.0,Onetime,0.0,0.0,At Risk,High Risk
f41aff28fb2e2bc57786226f35582408,2018-01-27 20:56:12,1,On Time,-15.0,Onetime,68.8,0.009817220197594958,Loyal Customers,Low Risk
f4247aab6898d547d364286a6caed2e6,2017-12-14 10:19:21,1,On Time,-17.0,Onetime,129.99,0.018548553102985012,Loyal Customers,Low Risk
f45669f4fe48c48b6d5065322ac387be,2017-09-03 21:38:55,1,On Time,-15.0,Onetime,0.0,0.0,At Risk,High Risk
f4622fd1353fd00937f9a1bb0eda8293,2017-12-11 13:19:49,1,On Time,-9.0,Onetime,104.0,0.014839984019620285,Loyal Customers,Low Risk
f46971f1ac7b376b668114a027c98e78,2017-05-24 15:41:46,1,On Time,-18.0,Onetime,259.9,0.03708569083364723,At Risk,High Risk
f47a531a66bde7d4f0e085818fa2d733,2017-05-02 13:43:15,1,On Time,-11.0,Onetime,0.0,0.0,At Risk,High Risk
f483e92c95c352c32547925219237cad,2018-07-25 11:11:12,1,On Time,-7.0,Onetime,86.0,0.012271525246993698,Loyal Customers,Low Risk
f4876c612a0aae8ca7fd40f061df9796,2018-05-08 21:29:13,1,On Time,-14.0,Onetime,173.25,0.02472141568653091,Champions,Low Risk
f48a9bdc7d38b43bba4082517ea1bc07,2018-04-17 16:54:48,1,On Time,-13.0,Onetime,0.0,0.0,Loyal Customers,Low Risk
f48daf2f5cf6d61732f15d6352858b60,2018-08-07 11:56:01,1,On Time,-2.0,Onetime,99.9,0.014254946188077563,Champions,Low Risk
f494b1241d3a74fb58feeb1d6fd23830,2018-03-01 00:40:25,1,On Time,-4.0,Onetime,499.9,0.07133180780200173,Loyal Customers,Low Risk
f499e2267aa2b626fde8602746d1a299,2018-02-16 15:48:57,1,On Time,-13.0,Onetime,86.9,0.012399948185625028,Loyal Customers,Low Risk
f499f5419a0121c20de531d64dad5ddd,2017-11-23 16:23:50,1,On Time,-8.0,Onetime,72.99,0.010415100323000812,At Risk,High Risk
f4a0b070b5295e861853a30bd868296d,2017-12-23 15:50:03,1,On Time,-24.0,Onetime,59.9,0.008547260026685145,Loyal Customers,Low Risk
f4a7ef6bd931f83d75d83b71c94e90df,2018-03-12 01:50:26,1,On Time,-7.0,Onetime,0.0,0.0,Loyal Customers,Low Risk
f4c01ec1c1160a873642b614ebd6d72c,2018-05-16 13:47:51,1,On Time,0.0,Onetime,94.99,0.013554327711766642,Champions,Low Risk
f4c8f8a862c73b83c4a9895e56dd67a6,2017-08-15 09:02:19,1,On Time,-7.0,Onetime,129.9,0.018535710809121878,At Risk,High Risk
f4cd5bc269eca5d2413a8ce49ce755f6,2018-05-16 15:21:50,1,On Time,-7.0,Onetime,19.9,0.0028395738652927274,Loyal Customers,Low Risk
f4dbcaccf7b1b14540160b1ea484f7fb,2018-07-05 20:43:58,1,On Time,-12.0,Onetime,66.99,0.00955894739879195,Loyal Customers,Low Risk
f4eccb8dace4acec8e518c4efe0e4478,2017-04-30 14:48:53,1,On Time,-21.0,Onetime,199.9,0.028524161591558603,At Risk,High Risk
f4f57b6d32475f5a23596ecc34772860,2018-06-04 11:16:53,1,On Time,-36.0,Onetime,35.9,0.005122648329849695,Loyal Customers,Low Risk
f4f8e2a81b32bcd22eeb2c43f6e3920d,2018-08-20 09:23:47,1,On Time,-3.0,Onetime,147.0,0.020975746643117132,Champions,Low Risk
f503c2e0c0fb1b4b258f681a5d474d05,2018-02-25 18:14:08,1,On Time,-9.0,Onetime,31.9,0.004551879713710453,Loyal Customers,Low Risk
f50a2672e48fa156eb26a144aa6aecf8,2018-07-30 21:31:03,1,On Time,-28.0,Onetime,64.99,0.00927356309072233,Loyal Customers,Low Risk
f511b6d115fc112892dbc612cd3d9358,2018-07-18 21:37:46,1,On Time,-13.0,Onetime,99.99,0.014267788481940694,Champions,Low Risk
f51a647a551b866c440921b7f2b5683f,2018-05-18 12:15:11,1,On Time,-8.0,Onetime,34.9,0.004979956175814883,Loyal Customers,Low Risk
f5249264629739684c1701c31078587e,2018-01-11 18:05:35,1,On Time,-19.0,Onetime,109.9,0.01568186772842567,Loyal Customers,Low Risk
f529837b055ca5d7986bd18cfddfe0b9,2017-09-16 21:03:25,1,On Time,-13.0,Onetime,22.0,0.0031392273887658295,At Risk,High Risk
f52b4d471a3fd579ed98ab5aa6763857,2018-07-31 00:16:31,1,On Time,-6.0,Onetime,264.9,0.03779915160382128,Champions,Low Risk
f5343b81fc38f6aa6ca92e8c917cfdb9,2018-06-19 17:51:45,1,On Time,-8.0,Onetime,195.9,0.027953392975419367,Champions,Low Risk
f53d847d49d33538c9a0d17251ceb68a,2018-06-27 11:16:44,1,On Time,-19.0,Onetime,149.97,0.02139954234060052,Champions,Low Risk
f5472555b3e63eedcccf98ed40571431,2018-04-08 23:24:43,1,On Time,-21.0,Onetime,27.9,0.0039811110975712105,Loyal Customers,Low Risk
f54b2ebefa4a4e43e7fcd3b4de96795c,2017-08-10 17:25:40,1,On Time,-20.0,Onetime,19.9,0.0028395738652927274,At Risk,High Risk
f5533ec1e61c73fc8457bb73769730fc,2018-04-24 08:43:53,1,On Time,-14.0,Onetime,0.0,0.0,Loyal Customers,Low Risk
f5a5932a4039f737885fd123e4e5f66c,2018-01-18 12:24:45,1,On Time,-11.0,Onetime,48.9,0.00697764633230223,Loyal Customers,Low Risk
f5add44bf786bd861fd6108d400cbaa5,2017-11-24 15:54:35,1,On Time,-3.0,Onetime,125.02,0.017839373097432,At Risk,High Risk
f5af12033765b06b3df8faf68cae86bf,2018-05-25 13:28:45,1,On Time,-14.0,Onetime,139.8,0.0199483631340665,Champions,Low Risk
f5b080930d88f9d787e499810b108229,2017-03-15 12:02:38,1,On Time,-13.0,Onetime,119.8,0.01709452005337029,At Risk,High Risk
f5c0ae7b842c7ff8ccb4ed83ff9e85ba,2017-09-05 22:42:29,1,Has Delays,6.0,Onetime,0.0,0.0,At Risk,High Risk
f5cb81f98962f7504bef1e75579b6dff,2018-02-08 18:56:45,1,On Time,-3.0,Onetime,122.99,0.017549708024741335,Loyal Customers,Low Risk
f5cd72e7209640c294bad4d57f4f7772,2017-11-29 11:24:18,1,On Time,-11.0,Onetime,299.0,0.04266495405640832,At Risk,High Risk
f5ced93f8c969fc52fcda8415e8bcc42,2018-01-02 15:25:51,1,On Time,-9.0,Onetime,0.0,0.0,Loyal Customers,Low Risk
f5dd55175349083073fe1321c976542d,2017-11-22 09:16:35,1,On Time,-11.0,Onetime,0.0,0.0,At Risk,High Risk
f5faafcfd2343397124c26009e3f7eec,2018-08-02 12:29:52,1,On Time,-7.0,Onetime,34.9,0.004979956175814883,Loyal Customers,Low Risk
f5fed14b3b0f00d69196719fd821b26a,2017-07-16 23:14:44,1,On Time,-17.0,Onetime,29.9,0.004266495405640831,At Risk,High Risk
f606b0b8bf72286165118a734858718d,2017-10-03 21:28:22,1,On Time,-15.0,Onetime,59.49,0.008488756243530874,At Risk,High Risk
f609af8564851374ca7b2b8a846864dd,2018-06-16 18:31:23,1,On Time,-8.0,Onetime,27.99,0.003993953391434344,Loyal Customers,Low Risk
f6139ab3e9e9100d5210dc8467c38663,2017-10-06 08:32:49,1,On Time,-17.0,Onetime,104.0,0.014839984019620285,At Risk,High Risk
f62f269f9ce7c41d20a90f70df873f42,2018-05-16 15:01:37,1,On Time,0.0,Onetime,759.99,0.10844461014491559,Champions,Low Risk
f63fcf3596aa843b978f6c2edff4be06,2017-06-21 14:29:10,1,On Time,-9.0,Onetime,59.99,0.008560102320548277,At Risk,High Risk
f64670b91d010c501e79abf22c28d0ee,2018-03-28 14:17:43,1,On Time,-8.0,Onetime,122.99,0.017549708024741335,Champions,Low Risk
f64ec6d8dd29940264cd0bbb5ecade8a,2017-10-07 06:49:55,2,Has Delays,6.0,Repeated,72.0,0.010273835090506351,At Risk,High Risk
f64ee7b44a9c2170a0db74d6bc3d1ba8,2017-05-11 21:36:10,1,On Time,-9.0,Onetime,56.99,0.008132025858443848,At Risk,High Risk
f664050e626abfb5b829ea47ee66a996,2017-05-15 16:28:24,1,On Time,-30.0,Onetime,159.9,0.02281647543016619,At Risk,High Risk
f668da9fd026fcb79d28ab116c6c2b02,2017-06-27 14:17:09,1,On Time,-15.0,Onetime,0.0,0.0,At Risk,High Risk
f68cbab6cbaab1d6226e2dafed486578,2017-11-25 14:10:20,1,On Time,-13.0,Onetime,39.99,0.00570625923985207,At Risk,High Risk
f68ea95fb5e23cf5b7339307f9d17472,2017-02-01 20:48:26,1,On Time,-26.0,Onetime,28.0,0.003995380312974692,At Risk,High Risk
f68f314d91a7d17c907e7d25d94d8b75,2017-05-03 15:03:59,1,On Time,-9.0,Onetime,0.0,0.0,At Risk,High Risk
f6973363ab87a706ac0b9138b4bd3ac8,2018-01-24 14:23:34,1,On Time,-10.0,Onetime,28.9,0.004123803251606021,Loyal Customers,Low Risk
f69dd277696f9a8fbe3745934891c18a,2017-03-07 16:37:01,1,On Time,-10.0,Onetime,188.39999999999998,0.02688320182015828,At Risk,High Risk
f6a32c842b68a86a92045fc0534c0a3d,2018-04-13 14:32:08,1,On Time,-16.0,Onetime,120.0,0.017123058484177254,Champions,Low Risk
f6bd60ae86266e0e13b8fef85e760e24,2018-08-09 07:17:34,1,On Time,-12.0,Onetime,249.9,0.03565876929329913,Champions,Low Risk
f6cb427433e01f43f79ff7a3b1f4222a,2017-03-31 22:04:20,1,On Time,-17.0,Onetime,59.9,0.008547260026685145,At Risk,High Risk
f6d9da147a1feafa65e8d57c51cea44a,2017-04-04 13:15:05,1,On Time,-24.0,Onetime,0.0,0.0,At Risk,High Risk
f6da5ed92e9091f6dc98d4f3aeac6a60,2018-03-05 09:14:28,1,On Time,-7.0,Onetime,119.99,0.017121631562636904,Champions,Low Risk
f6db892e508b52b2419ce2fe09628d7c,2018-08-16 15:59:08,1,On Time,-16.0,Onetime,359.0,0.051226483298496946,Champions,Low Risk
f6db9c2162ee3658e5520c00a090b7c4,2017-07-25 15:45:53,1,Has Delays,28.0,Onetime,179.9,0.025670318510862395,At Risk,High Risk
f6dc4789e4669873c35f8f92fdbed89f,2018-05-14 16:18:26,1,On Time,-11.0,Onetime,220.0,0.0313922738876583,Champions,Low Risk
f6dcece0f07ffc415dfb1c37649d68ab,2018-04-21 18:35:38,1,Has Delays,4.0,Onetime,199.0,0.02839573865292728,Champions,Low Risk
f7094d4271d1de526d9a9f47d1d5ddda,2018-03-24 09:22:32,1,On Time,-17.0,Onetime,0.0,0.0,Loyal Customers,Low Risk
f710c6901968ec0a8bed20d789690102,2018-05-29 15:48:49,1,On Time,-46.0,Onetime,179.0,0.02554189557223107,Champions,Low Risk
f718c0d9105095ab5934df963067dadb,2018-04-23 14:36:17,1,On Time,-23.0,Onetime,49.9,0.007120338486337041,Loyal Customers,Low Risk
f71fd390acf98dd3af1396d6c6b528b1,2017-05-14 09:13:09,1,On Time,-8.0,Onetime,129.99,0.018548553102985012,At Risk,High Risk
f72d1ee92d55688d07ca88506300715e,2017-05-02 12:03:00,2,On Time,-13.0,Repeated,85.18,0.012154517680685154,Loyal Customers,Low Risk
f733f4254cce4a375a82258c272d1549,2017-07-08 16:35:21,2,On Time,-11.0,Repeated,103.8,0.014811445588813324,At Risk,High Risk
f7375ab8456df55bdfc4d5f7dc5fb09e,2017-11-15 13:15:01,1,On Time,-5.0,Onetime,459.98,0.06563553701293211,At Risk,High Risk
f73a70138af8debfc92ab98ce85d61e5,2017-11-17 13:15:32,1,On Time,0.0,Onetime,13.7,0.001954882510276903,At Risk,High Risk
f73e2e116849c1f6e7fb0c9c19cdf54e,2018-01-04 08:54:51,1,On Time,-23.0,Onetime,57.49,0.008203371935461251,Loyal Customers,Low Risk
f75d280e67adbfb5959a3782fa91e2fd,2018-04-09 23:06:31,1,On Time,-9.0,Onetime,299.9,0.04279337699503965,Champions,Low Risk
f75fb51dbb29d8fba1eb3eb7576293aa,2018-04-24 23:12:28,1,On Time,-11.0,Onetime,0.0,0.0,Loyal Customers,Low Risk
f7603d34c795584792a484186233e6e5,2018-06-11 08:18:19,1,On Time,-21.0,Onetime,29.99,0.0042793376995039645,Loyal Customers,Low Risk
f766f748d5a4af99224f8f36f2e433e9,2017-02-09 11:35:41,1,On Time,-33.0,Onetime,125.0,0.017836519254351306,At Risk,High Risk
f78510c2bc0b6eb2090e349fbfc3adc0,2018-02-14 19:38:45,1,On Time,-8.0,Onetime,17.99,0.0025670318510862397,Loyal Customers,Low Risk
f7868a334063a6d3943900186a61dff4,2018-08-05 15:33:02,1,On Time,-3.0,Onetime,0.0,0.0,Loyal Customers,Low Risk
f792e65d3f71892a1d60f6cf17cc58b1,2018-04-15 17:18:21,1,On Time,-2.0,Onetime,249.9,0.03565876929329913,Champions,Low Risk
f798248f7c40b683f7b083a3ee360710,2018-08-16 19:17:56,1,On Time,-21.0,Onetime,0.0,0.0,Loyal Customers,Low Risk
f79b2ebd29ffe1d8d9b6f1dc7736ecdf,2018-06-19 14:39:44,1,On Time,-15.0,Onetime,175.99,0.02511239218858629,Champions,Low Risk
f79d2f710af349c8d0a6323b0c7592fe,2018-08-02 19:14:27,1,Has Delays,5.0,Onetime,0.0,0.0,Loyal Customers,Low Risk
f7b0a94b66a224df7b191f69ccae5a55,2018-06-24 12:56:24,1,On Time,-20.0,Onetime,112.0,0.015981521251898768,Champions,Low Risk
f7b223e244004385231a6e4db45a06a9,2018-01-31 21:04:47,1,On Time,-15.0,Onetime,86.9,0.012399948185625028,Loyal Customers,Low Risk
f7be9bec658c62ab6240b44cd26c0b84,2017-01-05 13:34:35,1,On Time,-27.0,Onetime,0.0,0.0,At Risk,High Risk
f7d92c7b7b77cf23e063b408e2ba0bfd,2018-07-03 23:02:42,1,On Time,-21.0,Onetime,19.9,0.0028395738652927274,Loyal Customers,Low Risk
f80125969d737b5ac29b614db66034b8,2018-08-27 13:57:36,1,On Time,-1.0,Onetime,39.9,0.005693416945988936,Loyal Customers,Low Risk
f80521e48c7cb490d80e6b021f180626,2017-07-09 21:08:20,1,On Time,-16.0,Onetime,189.9,0.0270972400512105,At Risk,High Risk
f80a8062c0f2b54fd6a558433445c5df,2018-07-29 19:20:55,1,On Time,-1.0,Onetime,0.0,0.0,Loyal Customers,Low Risk
f80dfcd9f0d530c94e8d82dc32b54278,2018-08-17 19:51:19,1,Has Delays,1.0,Onetime,42.93,0.006125774172714411,Loyal Customers,Low Risk
f80f64729a21d6e43b84b637f289b5f8,2018-03-19 15:23:20,1,On Time,-9.0,Onetime,29.99,0.0042793376995039645,Loyal Customers,Low Risk
f81ad6f6ac826325fd953e470dc63a1a,2018-01-11 22:59:49,1,On Time,-8.0,Onetime,149.9,0.021389553889818086,Loyal Customers,Low Risk
f81bd58e79b9717dc8a5edb0c4f0b502,2018-02-27 15:53:44,1,On Time,-12.0,Onetime,72.9,0.010402258029137681,Loyal Customers,Low Risk
f81ebcdfffa17b86ae52ba407ef69a99,2018-03-15 16:24:11,1,On Time,-3.0,Onetime,270.0,0.03852688158939882,Champions,Low Risk
f84b6bbea318730a304d9bcafd99b9b1,2017-07-28 22:53:41,1,On Time,-17.0,Onetime,28.75,0.0041023994285008004,At Risk,High Risk
f85afbaa789589a925e9d3d2f8298f0c,2017-06-06 11:40:14,1,On Time,-17.0,Onetime,115.0,0.016409597714003202,At Risk,High Risk
f8666e50d990ee722b53e8a3bdc57fbe,2017-07-01 09:34:04,1,On Time,-1.0,Onetime,167.68,0.023926620388557016,At Risk,High Risk
f87119243e35259242f575fa8e447fed,2017-09-19 12:50:29,1,On Time,-2.0,Onetime,119.99,0.017121631562636904,At Risk,High Risk
f8775885b850a0a164eb55c1d12c8821,2018-02-20 23:00:59,1,On Time,-16.0,Onetime,62.79,0.008959640351845747,Loyal Customers,Low Risk
f88d4e4a9125083a65e8073383c81d32,2018-03-06 09:21:53,1,On Time,-9.0,Onetime,249.0,0.0355303463546678,Champions,Low Risk
f8923190cc35533d1e9ea6a9eda75e4f,2018-02-08 18:26:33,1,On Time,-14.0,Onetime,129.99,0.018548553102985012,Loyal Customers,Low Risk
f89f986f723349c377779c8197fa7ce5,2018-05-25 22:10:13,1,On Time,-18.0,Onetime,12.65,0.0018050557485403522,Loyal Customers,Low Risk
f8a9befd1f5909a1abfbee6367aa362f,2018-08-13 16:28:15,1,On Time,-14.0,Onetime,37.9,0.005408032637919316,Loyal Customers,Low Risk
f8ab5ce36181ece75f0d3187871b2a16,2017-11-10 14:22:37,1,On Time,-7.0,Onetime,15.99,0.002281647543016619,At Risk,High Risk
f8bffe1586fdae62dd3646353a25f958,2017-11-24 23:40:31,1,On Time,-10.0,Onetime,16.9,0.002411497403188296,At Risk,High Risk
f8c680f325076e63a1d68880937258b2,2018-04-19 22:27:41,1,On Time,-16.0,Onetime,221.99,0.03167623127418757,Champions,Low Risk
f8cc4ccf2ab328a1cef35f3617d7b19d,2017-05-06 11:54:20,1,On Time,-14.0,Onetime,679.0,0.09688797258963629,At Risk,High Risk
f8d1c91f3c3c77bc0dca37c164e7e713,2017-09-13 16:27:46,1,Has Delays,3.0,Onetime,56.97,0.00812917201536315,At Risk,High Risk
f8dafbf2639c7ea16883679d48e91291,2018-06-20 15:27:17,1,On Time,-17.0,Onetime,19.89,0.00283814694375238,Loyal Customers,Low Risk
f8f6ed51ded0d4757a6153f5ce0f8906,2018-04-16 14:21:02,1,On Time,-15.0,Onetime,0.0,0.0,Loyal Customers,Low Risk
f909ff8bdc31cc6f111ff5c05efb81fa,2018-04-18 23:10:40,1,On Time,-6.0,Onetime,0.0,0.0,Loyal Customers,Low Risk
f91a0235d18984973f88cdf07a23330c,2017-05-22 12:58:59,1,On Time,-9.0,Onetime,589.0,0.08404567872650336,At Risk,High Risk
f91aa7e2a0404e931a19f0cb1ecf9426,2017-12-17 01:00:48,1,On Time,-33.0,Onetime,56.99,0.008132025858443848,Loyal Customers,Low Risk
f9372e247ea4f46be6f797ca1936d68d,2018-02-23 20:39:32,1,On Time,-1.0,Onetime,0.0,0.0,Loyal Customers,Low Risk
f96171fd9cd9d9810f7053c5263ce594,2017-05-24 13:44:09,1,On Time,-11.0,Onetime,0.0,0.0,At Risk,High Risk
f96464832b8cf295888b6035b62c6fd4,2018-03-24 09:52:16,1,On Time,-1.0,Onetime,124.7,0.01779371160814086,Champions,Low Risk
f9704cfe97e0f31474c90f255b834511,2017-07-10 20:58:17,1,On Time,-17.0,Onetime,130.0,0.018549980024525358,At Risk,High Risk
f97ab9c166ca8d6f5313653ee439a6a8,2018-04-08 18:44:33,2,On Time,-3.0,Repeated,13.3,0.001897805648662979,Loyal Customers,Low Risk
f987537e06b2e0fc86d565c2ec019d5c,2017-09-06 18:08:22,1,On Time,-14.0,Onetime,48.9,0.00697764633230223,At Risk,High Risk
f98b5b5ddcbbba6ad958d7356d14af69,2017-09-26 00:23:35,1,On Time,-19.0,Onetime,79.0,0.011272680168750025,At Risk,High Risk
f98c176aa45d1fb308a31791727483a8,2017-09-18 21:39:03,1,On Time,-6.0,Onetime,269.99,0.03852545466785847,At Risk,High Risk
f98ea135d87661aac5b16fe7fed30c30,2018-03-22 17:11:15,1,On Time,-8.0,Onetime,0.0,0.0,Loyal Customers,Low Risk
f99f864daa60fae827c1a42691f11d81,2018-06-27 11:57:05,1,On Time,-13.0,Onetime,140.0,0.019976901564873462,Champions,Low Risk
f9a2090a26802e418b4ea39294bcfa98,2018-08-04 13:42:44,1,On Time,-2.0,Onetime,24.99,0.0035658769293299124,Loyal Customers,Low Risk
f9c4e8531c2fe4159beb562fd7c2bd59,2018-05-07 15:17:28,1,On Time,-13.0,Onetime,138.0,0.01969151725680384,Champions,Low Risk
f9c75a729bd4f0b6c346b18ad9fbc1cb,2018-05-08 22:12:34,1,On Time,-9.0,Onetime,0.0,0.0,Loyal Customers,Low Risk
f9d7b5bd17a1c2623a4d73d9a166c869,2017-10-10 23:51:07,1,On Time,-6.0,Onetime,71.4,0.010188219798085466,At Risk,High Risk
f9df625a68cf59005f7683f8d096a7a0,2017-12-24 19:23:28,1,On Time,-17.0,Onetime,60.0,0.008561529242088627,Loyal Customers,Low Risk
f9ec24fb9f7ff631c6dd18328df0013c,2017-03-08 09:10:55,1,On Time,-13.0,Onetime,79.0,0.011272680168750025,At Risk,High Risk
f9effeed3df9ae063a58c0759b96f8b2,2017-04-20 17:15:46,1,On Time,-2.0,Onetime,190.0,0.027111509266613983,At Risk,High Risk
f9f52c3805c3a5ab1e78dac53cfa254f,2017-11-10 17:21:48,1,On Time,-9.0,Onetime,31.0,0.004423456775079123,At Risk,High Risk
fa01b801b0581c39cc4140fb75004d6b,2018-02-13 01:52:28,1,Has Delays,4.0,Onetime,69.0,0.00984575862840192,Loyal Customers,Low Risk
fa03f39a053e233abd89eb849f1b8997,2017-08-03 10:20:08,1,Has Delays,5.0,Onetime,121.8,0.01737990436143991,At Risk,High Risk
fa0701d2dced2266ee18d93d4b4fe37e,2017-11-13 11:43:43,1,On Time,-15.0,Onetime,58.2,0.008304683364825968,At Risk,High Risk
fa0ee7ceb94193fb02aa78ce3a55695a,2018-02-15 10:33:30,1,On Time,-11.0,Onetime,42.9,0.006121493408093367,Loyal Customers,Low Risk
fa1d2b263e93bd4561c0be5be2123628,2017-06-03 15:30:37,1,Has Delays,7.0,Onetime,48.9,0.00697764633230223,At Risk,High Risk
fa5381b23512b42e87cf186ebb8ab9b7,2017-07-29 13:21:34,1,On Time,-20.0,Onetime,80.9,0.011543795261416166,At Risk,High Risk
fa57ef337cf4dbb67f82bc1d68c2da1d,2017-07-16 19:11:28,1,On Time,-16.0,Onetime,45.8,0.006535300654794318,At Risk,High Risk
fa5e354ace8302f04b2d43b216526f5f,2018-04-24 09:58:31,1,On Time,-12.0,Onetime,110.99,0.01583740217632361,Champions,Low Risk
fa7eb505fcfa90dc0dc9a40cd2d68a11,2018-04-15 17:27:03,1,On Time,-22.0,Onetime,39.99,0.00570625923985207,Loyal Customers,Low Risk
fa8761b2e898f2f2bf15c6e4b2ab1f5e,2018-04-20 14:42:21,1,On Time,-12.0,Onetime,12.0,0.0017123058484177253,Loyal Customers,Low Risk
fa8a32304af9e335488c8ddae5f6bbc6,2017-11-16 13:53:55,1,On Time,-5.0,Onetime,23.89,0.0034089155598916216,At Risk,High Risk
fa93a560ff6d03af77a815849a6e4233,2017-09-12 08:16:19,1,On Time,-7.0,Onetime,46.9,0.006692262024232609,At Risk,High Risk
fa98d9f9af1e16e0e205a601b0ccbe1f,2017-11-02 16:31:52,1,On Time,-15.0,Onetime,0.0,0.0,At Risk,High Risk
faacdd46b0b9bb52cfa047c54b0b5016,2018-01-02 22:20:01,1,On Time,-16.0,Onetime,12.25,0.0017479788869264278,Loyal Customers,Low Risk
fab027a1984a0733038af650d749ac7a,2017-11-21 19:54:27,1,On Time,-7.0,Onetime,0.0,0.0,At Risk,High Risk
fabaf497dc9e26b0e6e1d37806619967,2018-08-10 09:42:32,1,On Time,-8.0,Onetime,0.0,0.0,Loyal Customers,Low Risk
fad17ecf6603dd5e8267abd2b3bf05d4,2017-09-16 19:00:20,1,On Time,-1.0,Onetime,59.55,0.008497317772772961,At Risk,High Risk
fad1bbf902fbdf64f92f33d010ab8cb7,2018-07-18 21:37:45,1,On Time,-22.0,Onetime,0.0,0.0,Loyal Customers,Low Risk
fad4e75a3262e68a4aa82516bf68505f,2018-06-06 13:51:26,1,On Time,-33.0,Onetime,0.0,0.0,Loyal Customers,Low Risk
fad61b77c26ecaf96813bf7dc9e3ee80,2017-08-01 07:31:32,1,On Time,-14.0,Onetime,349.9,0.04992798469678017,At Risk,High Risk
fad77588817f588c13870073de3a3d26,2018-06-11 11:31:17,1,On Time,-7.0,Onetime,27.9,0.0039811110975712105,Loyal Customers,Low Risk
fae50349197fd922f4487e4000e2112c,2017-12-07 21:14:24,1,On Time,-15.0,Onetime,0.0,0.0,Loyal Customers,Low Risk
fae8e2a6ad5578e55fc3bd34e1616ca2,2018-08-12 19:29:47,1,On Time,-9.0,Onetime,129.99,0.018548553102985012,Champions,Low Risk
faec2bb5c3f1bf0e6e17ef8ee96a2ea0,2018-01-26 21:56:44,1,On Time,-12.0,Onetime,134.9,0.01924917157929593,Loyal Customers,Low Risk
faf47b5b5d6da79375665838f42e5136,2017-01-17 10:49:05,1,On Time,-30.0,Onetime,0.0,0.0,At Risk,High Risk
faf869bf565016fb42f3386fc7882aea,2018-08-08 15:42:27,1,On Time,-6.0,Onetime,0.0,0.0,Loyal Customers,Low Risk
faff4528095928ed7307472daf2417ca,2017-08-16 16:32:17,1,On Time,-20.0,Onetime,0.0,0.0,At Risk,High Risk
fb189cbf064e7525f9144bbd3fbdd922,2017-02-04 23:27:50,1,On Time,-20.0,Onetime,119.9,0.017108789268773773,At Risk,High Risk
fb1b0ec9f6c522636a5f619eca94d8da,2017-03-03 23:50:26,1,On Time,-15.0,Onetime,69.9,0.00997418156703325,At Risk,High Risk
fb20bf5c01fbc8bb8ab3ec1e4104c9d5,2018-01-31 13:21:44,1,On Time,-12.0,Onetime,0.0,0.0,Loyal Customers,Low Risk
fb46e0991d6b6e59664042808e5b59d9,2018-07-23 13:26:43,1,On Time,-21.0,Onetime,80.0,0.011415372322784835,Loyal Customers,Low Risk
fb485d47aaf4805284599c09e8843809,2018-04-24 13:35:49,1,On Time,-12.0,Onetime,99.9,0.014254946188077563,Champions,Low Risk
fb48b86d9a78b53675c121e4ec8981ed,2016-10-07 00:54:40,1,On Time,-35.0,Onetime,134.7,0.019220633148488965,At Risk,High Risk
fb6534d42a2fbd05aae76186fe8bec4f,2018-05-07 10:59:47,1,Has Delays,10.0,Onetime,64.99,0.00927356309072233,Loyal Customers,Low Risk
fb819201cf760172ecaca73892bc8603,2017-06-28 12:39:28,1,On Time,-6.0,Onetime,59.9,0.008547260026685145,At Risk,High Risk
fb8c74f4449e5a62e3c1296f75304ae1,2018-02-08 19:05:16,1,On Time,-24.0,Onetime,0.0,0.0,Loyal Customers,Low Risk
fb913dcc5bc28ef35f1a50d9483a5159,2018-05-04 23:31:40,1,On Time,-14.0,Onetime,69.9,0.00997418156703325,Loyal Customers,Low Risk
fb92843a696f8a7d35210c04785c2e33,2018-05-13 11:00:51,1,Has Delays,1.0,Onetime,58.5,0.00834749101103641,Loyal Customers,Low Risk
fb96080f9c84b3a7a70fb99ac286e235,2017-12-11 21:28:23,1,On Time,-5.0,Onetime,19.9,0.0028395738652927274,Loyal Customers,Low Risk
fbbe4bf6e345dee467d3b36a89f04cfc,2018-07-27 21:30:56,1,On Time,-13.0,Onetime,0.0,0.0,Loyal Customers,Low Risk
fbc56033bdc4a266370de69012019a97,2017-11-10 20:03:05,1,On Time,-3.0,Onetime,49.0,0.006991915547705711,At Risk,High Risk
fbc838cf7e5c279afad28109e3632d18,2018-05-14 11:28:58,1,On Time,-30.0,Onetime,0.0,0.0,Loyal Customers,Low Risk
fbcbfa3995be71ad8d028a12edb9d3bb,2017-05-22 15:57:42,1,On Time,-10.0,Onetime,78.87,0.0112541301887255,At Risk,High Risk
fbcf24291837ef48c4312e2a5ac6c4bc,2018-08-20 16:43:55,1,On Time,-7.0,Onetime,69.9,0.00997418156703325,Loyal Customers,Low Risk
fbd03175a9aa82faacbfa4ce8efa4096,2017-10-22 20:26:38,1,On Time,-14.0,Onetime,0.0,0.0,At Risk,High Risk
fbda6e2b752053c6f0cb2428c9c62e05,2018-04-23 21:26:29,1,On Time,-13.0,Onetime,98.0,0.013983831095411422,Champions,Low Risk
fbe53ee8a67e9fbf5cdb52d888701527,2017-09-11 07:54:38,1,On Time,-11.0,Onetime,62.8,0.008961067273386095,At Risk,High Risk
fbfdc06fca767d4802be65bd37da8862,2018-07-27 17:39:58,1,On Time,-28.0,Onetime,228.0,0.03253381111993678,Champions,Low Risk
fc1c186e0436f5b790ab26eea95aafff,2017-03-31 23:02:01,1,Has Delays,6.0,Onetime,48.0,0.006849223393670901,At Risk,High Risk
fc2c474ca9fc1e074a763b8980f3e016,2017-12-27 21:42:55,1,Has Delays,7.0,Onetime,80.99,0.011556637555279296,Loyal Customers,Low Risk
fc2e9d70ce1e9c19422b859224a9abd9,2017-04-11 12:22:13,1,On Time,-13.0,Onetime,33.2,0.004737379513955707,At Risk,High Risk
fc332aac4e6295b310434bbec9773c4f,2017-05-01 10:23:49,1,On Time,-13.0,Onetime,39.0,0.005564994007357607,At Risk,High Risk
fc43c7addc1e0a622818d24929211a54,2017-05-08 16:31:38,1,On Time,-28.0,Onetime,119.9,0.017108789268773773,At Risk,High Risk
fc44fbafeb777f4758880f91e2a33fe2,2017-03-09 17:45:04,1,On Time,-13.0,Onetime,0.0,0.0,At Risk,High Risk
fc4962d253f14e566f147fe9ab026575,2018-08-16 10:28:23,1,On Time,-13.0,Onetime,19.99,0.0028524161591558603,Loyal Customers,Low Risk
fc650ca5de348cb36d79931dc40cfff1,2018-04-29 18:43:21,1,On Time,-12.0,Onetime,112.9,0.016109944190530096,Champions,Low Risk
fc7ea5e792d5863d957ba2aa3661920f,2018-04-28 14:00:24,1,On Time,-9.0,Onetime,39.0,0.005564994007357607,Loyal Customers,Low Risk
fc7fb2d72fd66227e9f22d93499a4ed8,2018-04-14 14:34:56,1,On Time,-22.0,Onetime,42.0,0.005993070469462038,Loyal Customers,Low Risk
fc8082a08a30524173a53dfdbb800e0b,2017-12-10 23:35:48,1,On Time,-20.0,Onetime,54.99,0.007846641550374225,Loyal Customers,Low Risk
fc8dc6d77c65df005e0e44bd7e1f5d36,2018-03-09 22:32:57,1,On Time,-26.0,Onetime,579.0,0.08261875718615524,Champions,Low Risk
fc8fc2c9ffef45e833ce9734c44aa868,2018-06-25 09:02:57,1,On Time,-14.0,Onetime,229.79,0.03278923007565909,Champions,Low Risk
fc99cf02242e9883997db66f863ab742,2018-03-07 12:08:37,1,On Time,-8.0,Onetime,219.8,0.03136373545685134,Champions,Low Risk
fc99edf80f878dcc87ff154a08cef437,2018-05-07 21:51:53,1,On Time,-21.0,Onetime,119.0,0.01698036633014244,Champions,Low Risk
fc9fa1a38d9aa0666a09bc02cb28fb8e,2017-04-19 17:38:38,1,On Time,-4.0,Onetime,0.0,0.0,At Risk,High Risk
fc9fb824c68f21fd0871490ab14a52b6,2018-08-16 10:25:24,1,On Time,-7.0,Onetime,50.0,0.007134607701740522,Loyal Customers,Low Risk
fca92affde6714f0d1909df023c99636,2018-06-28 20:08:36,1,On Time,-14.0,Onetime,38.0,0.005422301853322796,Loyal Customers,Low Risk
fcb2a7889cd93c74402d7156bd4ac7a0,2017-08-05 07:34:29,1,On Time,-24.0,Onetime,579.9,0.08274718012478657,At Risk,High Risk
fcbcbb80c8909bb456bb6b3bc1bc283a,2018-08-03 00:00:21,1,On Time,-8.0,Onetime,58.0,0.008276144934019005,Loyal Customers,Low Risk
fcc258e765104e43d26c88647b24fb2a,2017-03-08 17:42:59,1,On Time,-13.0,Onetime,169.9,0.024243396970514294,At Risk,High Risk
fccf6b62c8150e1670dc4bf341b9639a,2017-02-19 14:41:38,1,On Time,-19.0,Onetime,75.99,0.010843176785105244,At Risk,High Risk
fccfbf734a92029859c4fe58eff05114,2017-01-30 20:52:02,1,On Time,-38.0,Onetime,279.99,0.039952376208206575,At Risk,High Risk
fcd318dd219cded4518d90c72b04281a,2017-02-08 00:53:19,1,On Time,-13.0,Onetime,49.9,0.007120338486337041,At Risk,High Risk
fcddf70ee25db0abfcfecce09bdda153,2018-06-27 21:46:21,1,On Time,-15.0,Onetime,300.0,0.04280764621044313,Champions,Low Risk
fd01a8dd276ac93aec73fde385389de9,2017-12-02 01:20:28,1,On Time,-27.0,Onetime,49.9,0.007120338486337041,Loyal Customers,Low Risk
fd0c94860d35a337f8954558e9e0181c,2017-02-13 18:32:55,1,On Time,-13.0,Onetime,269.0,0.03838418943536401,At Risk,High Risk
fd0f1a0d5fe3f37bb7ef4cbf354a8abc,2017-02-27 23:18:11,1,On Time,-23.0,Onetime,21.2,0.003025073665537981,At Risk,High Risk
fd1159c8475b7f543ab1be4ed6207869,2017-11-24 15:08:20,1,On Time,-7.0,Onetime,779.99,0.11129845322561178,At Risk,High Risk
fd317ae6d8988b7041034edac3f253bf,2018-06-04 12:38:45,1,On Time,-36.0,Onetime,179.0,0.02554189557223107,Champions,Low Risk
fd4c3f3341390e4e7c4fbc024444c99e,2018-02-10 18:24:53,1,Has Delays,1.0,Onetime,210.0,0.02996535234731019,Loyal Customers,Low Risk
fd4f4e98908a816ef57a2944e93269a0,2018-07-20 13:26:04,1,On Time,-13.0,Onetime,0.0,0.0,Loyal Customers,Low Risk
fd59ebf3016db5359135c5fe0fe7e844,2018-03-30 14:50:44,1,On Time,-10.0,Onetime,129.9,0.018535710809121878,Champions,Low Risk
fd5c854369acea3d0c81dd2efb68e3ca,2018-01-19 09:51:37,1,On Time,-14.0,Onetime,56.99,0.008132025858443848,Loyal Customers,Low Risk
fd634df670a00c1cf64d2ef2a78c1764,2017-11-11 09:43:39,1,On Time,-12.0,Onetime,43.9,0.006264185562128178,At Risk,High Risk
fd6be8b946505a1d1a15686ad6073310,2017-05-01 09:54:59,1,On Time,-19.0,Onetime,13.98,0.00199483631340665,At Risk,High Risk
fd8ca2ec473847a4367206bb75db0d99,2018-03-04 09:51:23,1,On Time,-10.0,Onetime,539.0,0.07691107102476283,Champions,Low Risk
fd9498521525ba7fe2a8515f00e7415a,2017-03-16 12:03:27,1,On Time,-8.0,Onetime,34.0,0.004851533237183555,At Risk,High Risk
fdb1bd51afc276640a61902a7918522c,2017-06-19 08:03:22,1,On Time,-5.0,Onetime,78.0,0.011129988014715214,At Risk,High Risk
fdc6af1584f0d901b388b9034a9f6b2a,2017-07-23 19:02:52,1,On Time,-10.0,Onetime,65.9,0.00940341295089401,At Risk,High Risk
fdcc2c3054549d7a678f512b27a447be,2018-01-08 10:22:38,1,On Time,-6.0,Onetime,0.0,0.0,Loyal Customers,Low Risk
fdd3b25dbe4db9e94d517a1f1e79f7c1,2018-03-16 17:44:05,1,On Time,-13.0,Onetime,109.99,0.0156947100222888,Champions,Low Risk
fde36bbb97bd142b58f1868127588a91,2018-08-10 12:43:39,1,On Time,-3.0,Onetime,37.0,0.005279609699287986,Loyal Customers,Low Risk
fde3e12f9fc7b5df5946a9c8256afe61,2018-02-17 16:41:06,1,On Time,-6.0,Onetime,142.47,0.02032935118533944,Loyal Customers,Low Risk
fde65d7bb1b30a86cc5cc0399b77e6b0,2017-08-01 14:44:38,1,On Time,-5.0,Onetime,139.9,0.01996263234946998,At Risk,High Risk
fe0617cc03bb1fdefeb9e76e7d316548,2018-02-16 17:54:24,1,On Time,-12.0,Onetime,29.99,0.0042793376995039645,Loyal Customers,Low Risk
fe2222908d7d7dc8e03d0efea168a474,2018-05-04 20:19:38,1,On Time,-7.0,Onetime,41.9,0.005978801254058557,Loyal Customers,Low Risk
fe22f09401a6af700ab66fac2edbea15,2018-07-15 12:37:12,1,On Time,-21.0,Onetime,24.9,0.00355303463546678,Loyal Customers,Low Risk
fe25d225d2494b252321b09821ebdbdf,2017-11-16 13:18:14,1,On Time,-11.0,Onetime,0.0,0.0,At Risk,High Risk
fe2b59e981d95ca01c7aa87b26199e2c,2018-07-16 10:56:53,1,On Time,-12.0,Onetime,209.0,0.029822660193275383,Champions,Low Risk
fe4d4f723597e832e9bbc67080a34c27,2017-03-14 16:12:29,1,On Time,-16.0,Onetime,84.9,0.012114563877555407,At Risk,High Risk
fe50acde4870aa583fd28401916b7348,2018-01-15 18:00:35,1,On Time,-12.0,Onetime,139.9,0.01996263234946998,Loyal Customers,Low Risk
fe583fa349eada65507f4a724344f5d7,2017-03-21 15:22:48,1,On Time,-17.0,Onetime,43.48,0.0062042548574335575,At Risk,High Risk
fe612e4c139f4350d17f1b9f5cbbe3f0,2018-01-22 15:35:47,1,Has Delays,27.0,Onetime,149.0,0.021261130951186754,Loyal Customers,Low Risk
fe65c76fc3eb742328d1401c521c95b4,2018-01-09 06:37:43,1,On Time,-22.0,Onetime,0.0,0.0,Loyal Customers,Low Risk
fe685949aae1ed273aa2e3d7cb0679e1,2017-12-19 12:35:11,1,On Time,-9.0,Onetime,0.0,0.0,Loyal Customers,Low Risk
fe81bb32c243a86b2f86fbf053fe6140,2018-06-14 11:35:32,1,On Time,-11.0,Onetime,1013.4,0.1446042288988769,Champions,Low Risk
fe905a35ad610e433e3e61a3cb66abaa,2018-01-03 13:28:41,1,On Time,-42.0,Onetime,120.0,0.017123058484177254,Loyal Customers,Low Risk
feae353ea73e765c5a5073dad8915449,2017-11-10 10:55:12,1,On Time,-10.0,Onetime,179.0,0.02554189557223107,At Risk,High Risk
feae7ffdb1899fb29dc34b1ff3f9b5b5,2017-11-19 15:53:23,1,On Time,-14.0,Onetime,146.0,0.020833054489082323,At Risk,High Risk
feb2a9889d236875c3510880bf9576f3,2017-05-07 16:47:29,1,On Time,-21.0,Onetime,958.99,0.13684034879784285,At Risk,High Risk
feb5c47a617972ee276d95775a34d494,2017-06-24 11:57:01,1,Has Delays,1.0,Onetime,17.0,0.0024257666185917774,At Risk,High Risk
fecd193c02a20ec4525e67a3a9f9c0a5,2018-02-26 19:28:01,1,On Time,-1.0,Onetime,59.99,0.008560102320548277,Loyal Customers,Low Risk
fed51c3432d9ca128dc6a81c892a1168,2017-11-24 12:42:21,1,On Time,-10.0,Onetime,49.0,0.006991915547705711,At Risk,High Risk
fed93a0c58ebbe0a50bad4d8df8863f5,2018-08-17 21:54:26,1,On Time,-7.0,Onetime,29.99,0.0042793376995039645,Loyal Customers,Low Risk
fed9ae71404fb97d15c821adbe64feab,2017-10-12 21:46:31,1,Has Delays,4.0,Onetime,0.0,0.0,At Risk,High Risk
fee6634d946e08b185a6d0152110f92a,2018-02-22 15:43:00,1,On Time,-6.0,Onetime,249.99,0.03567161158716226,Loyal Customers,Low Risk
feea8a8b33e1d9892899c6d3c048cdcf,2018-07-21 23:56:29,1,On Time,-13.0,Onetime,67.9,0.009688797258963629,Loyal Customers,Low Risk
fef01b6698bae7394677113b5e647eda,2017-03-09 17:26:26,1,On Time,-11.0,Onetime,0.0,0.0,At Risk,High Risk
fef31a54c2d0f8f5b4ce428522f72551,2018-06-09 14:59:58,1,On Time,-11.0,Onetime,152.9,0.021817630351922516,Champions,Low Risk
ff10e644ac8984d7e9fcafd5adf1b8cd,2018-08-01 10:48:19,1,On Time,-3.0,Onetime,69.9,0.00997418156703325,Loyal Customers,Low Risk
ff20fff170ed80db557b344c839df854,2017-07-19 11:18:00,1,On Time,-19.0,Onetime,588.0,0.08390298657246853,At Risk,High Risk
ff2521c4012e1a212bbd12c9ed5acc48,2018-08-03 10:50:18,1,On Time,-6.0,Onetime,199.9,0.028524161591558603,Champions,Low Risk
ff3794e415eb6ff21999bc4465de4205,2018-03-20 21:32:13,1,On Time,-2.0,Onetime,73.87,0.010540669418551448,Loyal Customers,Low Risk
ff38610e865f6ffec5b6fb8725be1f7d,2018-05-04 11:28:12,1,On Time,-19.0,Onetime,0.0,0.0,Loyal Customers,Low Risk
ff4159b92c40ebe40454e3e6a7c35ed6,2017-05-24 18:14:34,1,On Time,-23.0,Onetime,0.0,0.0,At Risk,High Risk
ff44084bf8313fa8eae5ce6e43e341ed,2017-10-04 19:47:07,1,On Time,-1.0,Onetime,239.99,0.03424469004681416,At Risk,High Risk
ff44401d0d8f5b9c54a47374eb48c1b8,2017-05-19 21:20:54,1,On Time,-23.0,Onetime,0.0,0.0,At Risk,High Risk
ff49bffe330079cba69c36c1dd40ea9c,2018-08-02 18:09:34,1,On Time,-14.0,Onetime,0.0,0.0,Loyal Customers,Low Risk
ff4cee3f89dc5c041bd7fac60e9ec8a6,2018-04-22 15:42:20,1,On Time,-14.0,Onetime,152.5,0.02176055349030859,Champions,Low Risk
ff57311a2fb5f9aa3477cc13c1c62a50,2017-03-31 02:48:23,1,On Time,-14.0,Onetime,26.99,0.0038512612373995335,At Risk,High Risk
ff5f0e6c9223056cd0e65b534856f5d0,2017-10-25 10:53:26,1,On Time,-8.0,Onetime,119.8,0.01709452005337029,At Risk,High Risk
ff5f63dc004a0f064fc459dc73e45bd1,2018-08-09 22:52:27,1,On Time,-5.0,Onetime,18.9,0.002696881711257917,Loyal Customers,Low Risk
ff60aefe219c1960b74d47d0fc553fc1,2018-08-08 11:30:30,1,On Time,-3.0,Onetime,96.8,0.013812600510569649,Champions,Low Risk
ff6a8e86ea81e48f6ee6b082ed68162a,2018-01-02 16:15:29,1,On Time,-25.0,Onetime,19.9,0.0028395738652927274,Loyal Customers,Low Risk
ff6bc862428c6016d6fef5995491ec81,2018-02-17 18:53:56,1,On Time,-10.0,Onetime,15.0,0.0021403823105221567,Loyal Customers,Low Risk
ff7014eeb94589da99e822e2618090fa,2017-04-01 13:38:23,1,On Time,-13.0,Onetime,54.9,0.007833799256511093,At Risk,High Risk
ff755148365a0062374c353946b68aa3,2017-09-26 11:08:38,1,On Time,-20.0,Onetime,174.9,0.024956857740688346,At Risk,High Risk
ff7bd992a7aac2c563a3e3773a8c63aa,2018-02-26 14:12:39,1,Has Delays,19.0,Onetime,0.0,0.0,Loyal Customers,Low Risk
ff7d3ceb693a77937c000250fe346acd,2018-08-16 11:28:46,1,On Time,-7.0,Onetime,16.0,0.002283074464556967,Loyal Customers,Low Risk
ff86fefe11696b1e957173516339bcd8,2017-05-01 15:01:03,1,On Time,-7.0,Onetime,10.99,0.0015681867728425667,At Risk,High Risk
ff8af8323bfc7b0cb9ed2d6e52bd5d05,2018-01-13 22:03:06,1,On Time,-13.0,Onetime,169.0,0.024114974031882966,Loyal Customers,Low Risk
ff96fbbcff0db5c4442796b8ab8b474d,2018-06-16 13:54:36,1,On Time,-22.0,Onetime,115.0,0.016409597714003202,Champions,Low Risk
ff9723b956508e1ce1e2f76b4fcdff54,2017-08-19 22:39:09,1,On Time,-11.0,Onetime,0.0,0.0,At Risk,High Risk
ffad6a7a0e13be3dfd9de96a81b77c9e,2018-03-06 14:57:16,1,On Time,-11.0,Onetime,70.0,0.009988450782436731,Loyal Customers,Low Risk
ffc142edc6bce329c6df0006387a5a77,2017-08-22 18:53:15,1,On Time,-12.0,Onetime,18.9,0.002696881711257917,At Risk,High Risk
ffca00fb352b5e57db50865d65098b4a,2018-05-10 23:28:05,1,On Time,-7.0,Onetime,39.9,0.005693416945988936,Loyal Customers,Low Risk
ffd402998b20b0b8325f54e770264733,2018-05-31 10:16:12,1,On Time,-28.0,Onetime,13.9,0.0019834209410838654,Loyal Customers,Low Risk
ffe780a8995715d9560ca10f3351710f,2017-08-10 12:44:46,1,On Time,-15.0,Onetime,0.0,0.0,At Risk,High Risk
ffe96c782a5bc522bd8bad3bc638981a,2018-07-30 14:17:23,1,On Time,-6.0,Onetime,209.99,0.029963925425769842,Champions,Low Risk
ffe9be10b9a58c5464d833e8b1b2c632,2017-11-27 14:18:56,1,On Time,-7.0,Onetime,140.0,0.019976901564873462,At Risk,High Risk
ffef0ffa736c7b3d9af741611089729b,2017-05-29 22:07:05,1,On Time,-22.0,Onetime,109.9,0.01568186772842567,At Risk,High Risk
fff699c184bcc967d62fa2c6171765f7,2017-09-01 17:06:54,1,On Time,-7.0,Onetime,39.9,0.005693416945988936,At Risk,High Risk
fffa431dd3fcdefea4b1777d114144f2,2017-10-30 20:39:50,1,On Time,-7.0,Onetime,64.99,0.00927356309072233,At Risk,High Risk
