CustomerID,Recency,Frequency,Monetary,R_Score,F_Score,M_Score,RFM_Score,Segment
00053a61a98854899e70ed204dd4bafe,205,1,382.0,3,1,5,315,Need Attention
00082cbe03e478190aadbea78542e933,305,1,79.0,2,1,3,213,Need Attention
000949456b182f53c18b68d6babc79c1,151,1,0.0,4,1,1,411,Need Attention
0019e8c501c85848ac0966d45226fa1d,143,1,159.99,4,1,5,415,Need Attention
0023557a94bef0038066b5d1b3dc763e,176,1,0.0,4,1,1,411,Need Attention
0028cfeb9dfcd3628a56d5b6400deef5,257,1,95.9,3,1,4,314,Need Attention
0032ca69771a7758ce643258bb9e4ac7,66,1,45.0,5,1,2,512,Need Attention
003a5571a07dcf09bf117d13d2980ba3,58,1,149.9,5,1,4,514,Need Attention
003fee4ca17927283128c7ddc6f9311b,136,1,85.0,4,1,3,413,Need Attention
0047f3e16441284d757a8963344f6c59,389,1,60.0,2,1,3,213,Need Attention
004df63539fd5e38d4b0a0506de7549c,67,1,949.99,5,1,5,515,Need Attention
00504b68faa074d0f40adcb4f7727f71,40,1,152.0,5,1,5,515,Need Attention
0056c2dd794a5eede6164dcae635875a,43,1,129.99,5,1,4,514,Need Attention
005f060d4223956c62b64e9567a36f0f,121,1,689.0,4,1,5,415,Need Attention
00737247e3dc1942da2c527ef3bd2709,181,1,59.9,4,1,3,413,Need Attention
007953b3182d5ccc9189a694f5c68163,523,1,99.99,1,1,4,114,Need Attention
0087c31081ea8d160baa06bf4ad4d76f,90,1,160.0,5,1,5,515,Need Attention
009dd7b313c04f4ccd9d4e423bc04ba7,149,1,79.98,4,1,3,413,Need Attention
00ac9cd5c4ad19e16e7c6f6864711737,510,1,209.9,1,1,5,115,Need Attention
00b246520d4904724f9b20188a2ff39b,110,1,12.99,5,1,2,512,Need Attention
00b2ca23369b68c4d4105ecea9c0cb93,49,1,65.9,5,1,3,513,Need Attention
00c31de6420048cb3f668c99153debf7,324,1,64.9,2,1,3,213,Need Attention
00cd1ffd1a85ec2af3de73a3d341339d,136,1,49.0,4,1,3,413,Need Attention
00cd767526517f8a4fc27db6cc5a52fa,451,1,79.9,1,1,3,113,Need Attention
00d1e5d82377766dac9f8dc4d4eaf4a8,169,1,116.30000000000001,4,1,4,414,Need Attention
00d4ef3e086e2191c3fb6e7b0d2a1c75,83,1,0.0,5,1,1,511,Need Attention
00d96f54b90a6ffbe7361bcfdb85b0ba,212,1,99.9,3,1,4,314,Need Attention
00da34ebf22b87f6c2f53dc069f237df,127,1,209.70000000000002,4,1,5,415,Need Attention
00dd4390a8e8ad7a126e8331decc49ce,498,1,94.9,1,1,4,114,Need Attention
00ecc71175078e2cac5547a5656e9622,467,1,219.99,1,1,5,115,Need Attention
01007ebf75cabcd9d81d1aac37b278ca,161,1,60.9,4,1,3,413,Need Attention
011b7396d7220ca4ff52508adcb6b870,252,1,29.5,3,1,2,312,Need Attention
012510db7f0db8481f8a3708400c8db9,569,1,99.99,1,1,4,114,Need Attention
012755131a5b785b0ae3291c339a9051,181,1,358.98,4,1,5,415,Need Attention
012b41c1dae00a092474ca48dc764a00,60,1,0.0,5,1,1,511,Need Attention
013802b3b98584222c1280e654a655b1,127,1,113.9,4,1,4,414,Need Attention
014dcb5d582d60bca6a379e45a9041da,230,1,47.56,3,1,2,312,Need Attention
01593b828c6e7c516ed078a4820ab9b2,76,1,31.99,5,1,2,512,Need Attention
015aba8b6e516fbf6ee76c164c11987b,208,1,69.9,3,1,3,313,Need Attention
015cd0b039aa3b36cf78f41d8f54e3d0,207,1,82.8,3,1,3,313,Need Attention
016a461e59c71a989c278fb565441696,408,1,200.0,2,1,5,215,Need Attention
016c60628fc64e15fa5990e58a0b57c1,428,1,229.74,1,1,5,115,Need Attention
0178fa4e501691dec0663f439950d4de,219,1,23.8,3,1,2,312,Need Attention
01835b7ef446c78d0c37077894aa068d,170,1,55.8,4,1,3,413,Need Attention
01858f2fad256b1689f5bdafc059f745,51,1,0.0,5,1,1,511,Need Attention
01927626c24c5826ceb6ca6b2797fd60,184,1,259.9,4,1,5,415,Need Attention
019890d2ead42f267a2c66919d9dedce,255,1,179.0,3,1,5,315,Need Attention
019954cc9c2ceb2084881eefdf48f0f9,358,1,89.0,2,1,3,213,Need Attention
01a4788c8bd6d0d6a5b16ccdfd393b74,104,1,64.0,5,1,3,513,Need Attention
01a4fe5fc00bbdb0b0a4af5a5345cca5,113,1,0.0,5,1,1,511,Need Attention
01a6d398ee25ef8ce7ace2d3620ce248,185,1,49.0,4,1,3,413,Need Attention
01a7888cc755d6ad17b03de5f5543641,239,1,69.9,3,1,3,313,Need Attention
01a8574d68d5a495ebe94a4790f6fe34,298,1,118.99,2,1,4,214,Need Attention
01c849814dd6cd478f0ee6343414acb7,70,1,99.99,5,1,4,514,Need Attention
01cbe0a1a969bf0936fd97298ae18cc8,137,1,0.0,4,1,1,411,Need Attention
01dd34b5f4cee2a48f03ba1cce8c592c,35,1,74.0,5,1,3,513,Need Attention
01e019838e4e21dd66bb6f69352334f8,292,1,359.0,3,1,5,315,Need Attention
01e66e20cc67536e6fa27878ed07ad0a,233,1,19.9,3,1,2,312,Need Attention
020311f9fc67a990f3d43b481398a259,183,1,0.0,4,1,1,411,Need Attention
0204f3da94dadaf3fa21305413e02d63,252,1,73.5,3,1,3,313,Need Attention
0209f290b5451d357308bc0e90521026,60,1,572.64,5,1,5,515,Need Attention
021109bdb16fa17c2463cab87da314f3,253,1,100.8,3,1,4,314,Need Attention
02198c63d3e65ea299d6d8d3c7a11665,163,1,14.2,4,1,2,412,Need Attention
02238d275f51bce58c8e97218621bd91,250,1,21.9,3,1,2,312,Need Attention
022657d659cf88bcc8c22774f3f0b61a,30,1,0.0,5,1,1,511,Need Attention
022949b07073de5d6173732ea01d6155,190,1,0.0,4,1,1,411,Need Attention
0246b5fda21cce422b91be62bca9c9ff,68,1,0.0,5,1,1,511,Need Attention
024f153bf5ff2f378be3577f3248f283,397,1,80.0,2,1,3,213,Need Attention
0255fc149c1f191319c8c431479e5d8c,52,1,0.0,5,1,1,511,Need Attention
0256fe01df094f555379b7d453ba22fc,297,1,399.0,2,1,5,215,Need Attention
0258cd3b5e7c4b397cc09ea472677e73,242,1,139.8,3,1,4,314,Need Attention
027179319d6e0b4958b300ba6e9e35e6,37,1,81.35,5,1,3,513,Need Attention
0283917cf6822284c4341224ef003fb6,84,1,39.78,5,1,2,512,Need Attention
0283d9c78c980d3ea0fce611bbc8ad5b,189,1,240.0,4,1,5,415,Need Attention
028b8434bd4a6277e77f5b327cc1e1b0,275,1,79.0,3,1,3,313,Need Attention
0296ddaa154279cc2bd15621e06e6f1f,252,1,99.9,3,1,4,314,Need Attention
029d944cf2f7fc6640e877c5c3612509,105,1,378.0,5,1,5,515,Need Attention
02ab4d19fd037fa00ad9892f7d529a8f,458,1,129.9,1,1,4,114,Need Attention
02b2ee0aa7ac4b3db5463ec3863ff8f7,136,1,0.0,4,1,1,411,Need Attention
02b6ef845021b8fefe19c8d200f3ee06,171,1,1914.58,4,1,5,415,Need Attention
02c639f8dd288caf7cc6dc66513c23b3,59,1,93.99,5,1,4,514,Need Attention
02c8bc3ccd6019dbd5c1368b9e0a018c,259,1,99.0,3,1,4,314,Need Attention
02c9e0c05a817d4562ec0e8c90f29dba,407,1,75.9,2,1,3,213,Need Attention
02e7d568f699b57b0bbb98cef89e0832,96,1,0.0,5,1,1,511,Need Attention
02e8a66528e84b3ca6150d9b1e03a26f,89,1,2110.0,5,1,5,515,Need Attention
02e9109b7e0a985108b43e573b6afb23,130,1,39.0,4,1,2,412,Need Attention
0309db53bd596593382d0accd83d292e,248,1,670.0,3,1,5,315,Need Attention
0318f66ddf6aa615fdb10d6d7b596194,123,1,765.0,4,1,5,415,Need Attention
0319cd43072df023584a1fa0a94d45ce,42,1,229.9,5,1,5,515,Need Attention
031e19fc630c4121f1238716f41675c3,79,1,10.1,5,1,1,511,Need Attention
032cfb33364e07ebcafb4b8a92d7eec4,204,1,69.9,3,1,3,313,Need Attention
032e4efa58936187018b68818b0f49c4,493,1,68.8,1,1,3,113,Need Attention
0331ceffb5757c1ca368a6c4ed73ae3a,230,1,0.0,3,1,1,311,Need Attention
0331dad88c30f83604221e326fecbaed,169,1,24.99,4,1,2,412,Need Attention
0341bbd5c969923a0f801b9e2d10a7b8,115,1,840.0,5,1,5,515,Need Attention
036fad4da661be7be3ad588329aefc1b,151,1,0.0,4,1,1,411,Need Attention
0378d90f53fc5cc775e447e1eaff6ea3,91,1,0.0,5,1,1,511,Need Attention
038124edcdaa5fae5dceb9b71f0c49d8,30,1,133.0,5,1,4,514,Need Attention
0385c3a53712e33b64f812d3102dc421,143,1,29.99,4,1,2,412,Need Attention
0387367daee04c9cbcf57eaee0d699c6,183,1,104.0,4,1,4,414,Need Attention
0387d9f3e2a143aecdaa33644ab6658c,198,1,129.0,4,1,4,414,Need Attention
038d84ab58dc78ee67846b354424ca6b,99,1,179.8,5,1,5,515,Need Attention
03a7a36e23016fe4e8d04f751b51937a,502,1,329.9,1,1,5,115,Need Attention
03b844f8f2bfba1e73ce0d1894807af0,406,1,58.99,2,1,3,213,Need Attention
03e0b6f13c0a3b1e365a78c3745c5945,232,1,53.99,3,1,3,313,Need Attention
03e990124fb8dfe30716b4237eceaa9b,200,1,79.9,4,1,3,413,Need Attention
0408706c63edeca6b44b24f6f077aa47,142,1,85.0,4,1,3,413,Need Attention
040f8dcf0a86b8897aaa4eb25e49830f,132,1,69.0,4,1,3,413,Need Attention
041397b7bed1e0b64cc8df9e4a761873,481,1,169.0,1,1,5,115,Need Attention
04334bf56d76e503c2b474e3bc129d65,92,1,169.9,5,1,5,515,Need Attention
04370c96850ca795aa0c01a7c57dd1a6,318,1,99.9,2,1,4,214,Need Attention
043a01cff21e0bce3a77a16d6ea14923,67,1,105.3,5,1,4,514,Need Attention
044f89a64b7bd1c9ceecd8f9a83971a8,527,1,59.9,1,1,3,113,Need Attention
044fbfba85531679c84bc0463296096f,29,1,14.49,5,1,2,512,Need Attention
0457229263e71157bd7cf568a56d5ec3,195,1,47.65,4,1,2,412,Need Attention
0482f8eb57c7df640fa8a9a6a883c488,85,1,225.88,5,1,5,515,Need Attention
04964ca17488b76124c740071931f90c,48,1,50.75,5,1,3,513,Need Attention
04a24732681955f5daf4c435f5025743,431,1,77.8,1,1,3,113,Need Attention
04a324a336173e546dab5835e0b287bc,447,1,52.5,1,1,3,113,Need Attention
04be500031efe43d2defff8c41810543,232,1,79.9,3,1,3,313,Need Attention
04cf8185c71090d28baa4407b2e6d600,203,1,38.25,4,1,2,412,Need Attention
04d72e3bcf0dbb259f2c98550640a179,129,1,199.9,4,1,5,415,Need Attention
04daf0030c088fed728993ef9f7eaa56,46,1,85.0,5,1,3,513,Need Attention
04df07c295971621f8756bdc5adc90fb,41,1,0.0,5,1,1,511,Need Attention
04e1ad29192c7d23646272968393bf36,204,1,0.0,3,1,1,311,Need Attention
04e495a3f45df8b41be2e934bbc16961,499,1,110.99,1,1,4,114,Need Attention
04e6e34e5ad54169544a7378223acdbe,394,1,419.9,2,1,5,215,Need Attention
04e7b09e41a01df2100b30d1a880680d,251,1,178.0,3,1,5,315,Need Attention
04e9d0d712ca6da77124d0ee12be1d6a,459,1,71.8,1,1,3,113,Need Attention
04ebe7670da121a91344d0fd5547222f,228,1,0.0,3,1,1,311,Need Attention
04ecdc3e754a48294d832436960a3280,326,1,308.8,2,1,5,215,Need Attention
04ee75eab089ad700b67791cbba77f4a,148,1,49.9,4,1,3,413,Need Attention
04f54cb09b4216795433e4fc5d0db66e,50,1,126.8,5,1,4,514,Need Attention
04faabcdbf48e775bc5e313369bc15bc,220,1,129.9,3,1,4,314,Need Attention
05040c74e2cd51e7d6fd425b5c94a37f,192,1,0.0,4,1,1,411,Need Attention
0506e79c51716904929e3f50a05d38c3,81,1,0.0,5,1,1,511,Need Attention
05080e528ffd17731221b7eb05e9c026,102,1,0.0,5,1,1,511,Need Attention
050f82d832f1d20ec2d3c4e0bf13996c,294,1,69.99,3,1,3,313,Need Attention
050f9cf69723c91054d44c3b3a1e7ac2,58,1,0.0,5,1,1,511,Need Attention
05105abc98016eb044d450d5e60de1b2,409,1,55.9,1,1,3,113,Need Attention
05114881a5aab7df4a187e73f7ba33c9,192,1,0.0,4,1,1,411,Need Attention
0514d58859a4a5ca6476885ba50b2f6b,398,1,89.9,2,1,4,214,Need Attention
052862d82d6f60b7f189002fd598a135,367,1,69.99,2,1,3,213,Need Attention
052ad6288149460cb16d585299139e28,410,1,89.9,1,1,4,114,Need Attention
052def2a27b8894dd207c36345ce1e9c,105,1,27.9,5,1,2,512,Need Attention
053617486d590f6e06a7e027e6e3914f,413,1,149.8,1,1,4,114,Need Attention
05453ef86290884066d89d2ec2dcd0a2,593,1,99.9,1,1,4,114,Need Attention
056cdea81f2a09768fd9dc7e0b45e1ec,402,1,54.9,2,1,3,213,Need Attention
0570089e1e1b3cf57b7f7d545cb204aa,476,1,92.89,1,1,4,114,Need Attention
057854159bbc3a0aca93bbecd210c495,466,1,54.9,1,1,3,113,Need Attention
0581b683b2965a9e6c11e0d1059a751e,418,1,134.9,1,1,4,114,Need Attention
058e28fceb01698d7eefe53e8fe2ce9e,469,1,50.0,1,1,3,113,Need Attention
0598dd4eaa6611265e192ffa2e8133aa,165,1,119.8,4,1,4,414,Need Attention
059ba8400bf965adf606ecc7ef3396e9,179,1,185.0,4,1,5,415,Need Attention
059d9f786496163334e5ea84c053917a,74,1,795.0,5,1,5,515,Need Attention
05a3b50193563913613acada5c86b1d2,460,1,109.9,1,1,4,114,Need Attention
05b5bf96be35948171c3ddbf97c7536b,381,1,59.9,2,1,3,213,Need Attention
05b6f8d94c378446bcfe5cb4f75785b1,262,1,59.99,3,1,3,313,Need Attention
05bc8e1bebeff93bdf784213a7aed5d7,102,1,110.0,5,1,4,514,Need Attention
05cc11f944a9cc2f8dd41fae770c313d,129,1,1020.0,4,1,5,415,Need Attention
05db15e48c7ed44cff9dfaa4f374f3dc,158,1,0.0,4,1,1,411,Need Attention
05e07c4abd22863100e52617e94304aa,185,1,250.0,4,1,5,415,Need Attention
05eb062756e6d4358e72b1caf0ec22b1,134,1,1399.0,4,1,5,415,Need Attention
05ef855308303397f1427f29470bb6ab,231,1,34.99,3,1,2,312,Need Attention
05f20ede6bed5ad392953e8b43583336,531,1,220.0,1,1,5,115,Need Attention
05fef3a82802270f3bfb10eaa50b29c1,469,1,94.9,1,1,4,114,Need Attention
060874c9cbadb6df3d73ddea97e55bf7,203,1,89.0,4,1,3,413,Need Attention
06111e0492566045ae9964005f551856,233,1,48.0,3,1,2,312,Need Attention
06228f2a5c6b8d5b97c9dde4c675f086,592,1,49.9,1,1,3,113,Need Attention
06285644a5dcbd27f078ec193ef2fc72,420,1,199.7,1,1,5,115,Need Attention
0629b2e23c657cde1105b8282ba336ae,213,1,39.49,3,1,2,312,Need Attention
062ec661249087a0e2560ab089b7e722,545,1,98.99,1,1,4,114,Need Attention
063eef0d1ead8ee785783e95df82137e,191,1,91.98,4,1,4,414,Need Attention
06437dfb2aec58f76036b3c3ee36d9b1,222,1,26.9,3,1,2,312,Need Attention
0645628d52f5d19300ea0a33accdf4f4,196,1,12.9,4,1,2,412,Need Attention
0655191062e3fe49b0f128131c62d1ae,298,1,55.92,2,1,3,213,Need Attention
0659eceb7d1f69c93d5513ff50c43842,122,1,0.0,4,1,1,411,Need Attention
065b9e6198f11dbdf7fc1250f9e08afc,317,1,199.0,2,1,5,215,Need Attention
065cdd031a7020e43fd91cd421549f5e,55,1,49.9,5,1,3,513,Need Attention
066c700f59d3849deebee44bc2f83ebc,189,1,69.9,4,1,3,413,Need Attention
0675829d0abdb673030149101e86488b,155,1,56.7,4,1,3,413,Need Attention
067c8117bd9b4f406301921f6bcfb04e,257,1,139.8,3,1,4,314,Need Attention
067d22395c78dfe68b327a9444ea48f6,249,1,149.99,3,1,4,314,Need Attention
0688198ee392c92540c81f5a3f2b3655,38,1,0.0,5,1,1,511,Need Attention
068bcff7a462c34ec6d5079013687979,354,1,68.9,2,1,3,213,Need Attention
0694d901d7d88ffc1781dacfda6cd048,62,1,38.0,5,1,2,512,Need Attention
0698b42dd37c77db1c056d415e028737,216,1,27.93,3,1,2,312,Need Attention
069d3082416b15225a220a70bbeeae99,566,1,343.4,1,1,5,115,Need Attention
06b09ac453b055904d78d2949972abe7,104,1,65.0,5,1,3,513,Need Attention
06b672c7ae6d7ef4cbe41318c397537a,197,1,109.9,4,1,4,414,Need Attention
06bf11f58f4a6b5ab7dd1623404bf672,99,1,42.97,5,1,2,512,Need Attention
06c0e20a617982c7a5113459fde779a4,544,1,897.0,1,1,5,115,Need Attention
06c3368c76b358fe15f52b24af23432a,126,1,79.9,4,1,3,413,Need Attention
06f1d66196374b588fbf7cbc2793874d,231,1,0.0,3,1,1,311,Need Attention
06f9fe91f0a7dbbd4c78ddecb3562486,286,1,99.9,3,1,4,314,Need Attention
07187fdb640eb2923d831b48ce809b54,420,1,153.0,1,1,5,115,Need Attention
071bb277b0146da77fac31e70657815e,439,1,84.99,1,1,3,113,Need Attention
071cabf48b9a52a0138a68d3600c3cf5,190,1,81.0,4,1,3,413,Need Attention
071d97c65d17dd64aeb08dd196aa0c26,429,1,69.0,1,1,3,113,Need Attention
07254adf22ae81855ca01d9a5cda3264,156,1,19.99,4,1,2,412,Need Attention
075f9dd6470835295f76e7f15b791e82,284,1,109.9,3,1,4,314,Need Attention
076fae3f09eb7ff1b41f2dcbd96e867f,244,1,86.9,3,1,3,313,Need Attention
078401292a38d006a34bb0c4b31f6e31,244,1,0.0,3,1,1,311,Need Attention
078bbabc3259184e037b720543d4c90a,94,1,17.0,5,1,2,512,Need Attention
078f93f1bb62cdaf1d78addb2ba283bb,143,1,35.0,4,1,2,412,Need Attention
079ad4f138ec38e726e7d9ac51ae1410,200,1,1635.0,4,1,5,415,Need Attention
07a421ede5046fc7bf8af5609afaa05c,441,1,199.0,1,1,5,115,Need Attention
07aa2ff08a800a8e109f9a6273b3eaa9,225,1,149.9,3,1,4,314,Need Attention
07b28cf1d8515d08ccca505e273fffaf,545,1,482.9,1,1,5,115,Need Attention
07bad5b1e0e91c68a35bc7efc680f909,553,1,98.0,1,1,4,114,Need Attention
07beefe7a3bf2d35b846e135b1e29d3d,299,1,159.9,2,1,5,215,Need Attention
07c6a18a7a0ed9ae97808d25bbdb38fb,277,1,32.0,3,1,2,312,Need Attention
07c8fde388fee352835f27b3ef13ff12,162,1,56.25,4,1,3,413,Need Attention
07d04d1635ec5d81de0045c612783e01,171,1,65.0,4,1,3,413,Need Attention
07d743c857ab9a05f2863d4aca57db81,375,1,87.8,2,1,3,213,Need Attention
07da55ca1be33c14e4f02f24a3f6de6e,316,1,80.0,2,1,3,213,Need Attention
07e4a65ee83e6cbc3c7f30fa45300eb2,101,1,25.9,5,1,2,512,Need Attention
07f128adacba85a6424f2f160812f487,243,1,0.0,3,1,1,311,Need Attention
07fbf7cd2d1a81e2c4f88c9ff0148815,138,1,79.98,4,1,3,413,Need Attention
07ffc0a2aee8f8f50a47b9a4787926d3,231,1,105.0,3,1,4,314,Need Attention
0804b7c052be7ad1e35eb32f8b92c5cf,224,1,1379.78,3,1,5,315,Need Attention
08075209946259e581ef013969467e85,72,1,179.89,5,1,5,515,Need Attention
0807baeeeaa1309effbd9a9dee41ab17,176,1,105.0,4,1,4,414,Need Attention
080acede34dc0ae044967011924a273a,79,1,149.8,5,1,4,514,Need Attention
08114c58968d782002f7cbb2d4cdf823,601,1,71.0,1,1,3,113,Need Attention
08142acc8309337e9dfd631c5f41da27,273,1,149.9,3,1,4,314,Need Attention
0815bd70689b5bb8ba3993746c9574a0,492,1,50.0,1,1,3,113,Need Attention
081e0e600cfd38bd7eabb583b2af18a3,120,1,99.99,4,1,4,414,Need Attention
0820b88e46f48599042bd627fe954b66,70,1,1050.0,5,1,5,515,Need Attention
083ce299ea3fc1eba79bd0b17f64555b,28,1,49.89,5,1,3,513,Need Attention
085927781359b6edec85db5ecd78fae2,256,1,139.0,3,1,4,314,Need Attention
085bac9935b660f86e84dae80040f735,56,1,39.99,5,1,2,512,Need Attention
085d2f970d64f92ebc2f4456077e548d,127,1,199.0,4,1,5,415,Need Attention
086230886f279f9160a8d29bd66dd431,159,1,516.0,4,1,5,415,Need Attention
08642cd329066fe11ec63293f714f2f8,1,1,0.0,5,1,1,511,Need Attention
086f85b4c326262b4fcaa419914c949a,150,1,25.0,4,1,2,412,Need Attention
08866945ffb898dc38546a5322439203,470,1,159.9,1,1,5,115,Need Attention
088c8450e52617191d11971c40e388f2,66,1,99.9,5,1,4,514,Need Attention
0895c61a77b305efdfad13596c749c60,163,1,0.0,4,1,1,411,Need Attention
089967e5aa13d5ab166c175f555ab0d8,109,1,299.0,5,1,5,515,Need Attention
08a8e6e7993db052baf012f977f0f0d5,42,1,19.49,5,1,2,512,Need Attention
08b1a8aac0cd0ae1efff771bb98f19b6,105,1,249.0,5,1,5,515,Need Attention
08c07c761592a71b85136aa4fe76a6f4,167,1,0.0,4,1,1,411,Need Attention
08c8daf7d9ab792cfa1f117599918913,175,1,79.98,4,1,3,413,Need Attention
08d2b18f8862714c1dfc52561a8dae27,168,1,99.0,4,1,4,414,Need Attention
08de4d9507128e2ad419e26cc4f22b65,26,1,0.0,5,1,1,511,Need Attention
08ee228ac0904cda30a9369de7d1dd4e,46,1,164.98,5,1,5,515,Need Attention
08fb46d35bb3ab4037202c23592d1259,108,1,0.0,5,1,1,511,Need Attention
0902b91d17bd2b9675664f8a4d6565c6,560,1,109.9,1,1,4,114,Need Attention
0920c55955b78533a8319ad1d08baa2f,191,1,0.0,4,1,1,411,Need Attention
0927468f5b9af266432a47173a7f8209,276,1,37.99,3,1,2,312,Need Attention
09310e5f8b0a45ef89b824cd83ab5252,253,1,0.0,3,1,1,311,Need Attention
0932d84be1bb7b48cc56d8029b817271,45,1,41.0,5,1,2,512,Need Attention
093867242be0187d46b7ffbd01028078,359,1,269.73,2,1,5,215,Need Attention
093cfe240a2714354fc5138411f9ae50,516,1,79.9,1,1,3,113,Need Attention
0942eedfe0e865b2a80419a14672286f,590,1,149.9,1,1,4,114,Need Attention
095750ddb298ee4c2eb21ef1311b418a,208,1,700.0,3,1,5,315,Need Attention
09605a03a6f90c9347a279e67dd07cbc,36,1,72.88,5,1,3,513,Need Attention
0968abdc1c0e00d5d8ef0c6c8b9fe054,301,1,119.9,2,1,4,214,Need Attention
097442a1538f33ea89dbbe3779fe6db0,453,1,99.99,1,1,4,114,Need Attention
0980adc99590048735ae43d0cc619550,407,1,379.9,2,1,5,215,Need Attention
09831ff6ab667f42521bcd4c22dc755c,180,1,0.0,4,1,1,411,Need Attention
09928c4afa1c45cfcf099b3b13889719,60,1,328.0,5,1,5,515,Need Attention
09976ab240099cc26220384fa752e4f1,172,1,74.99,4,1,3,413,Need Attention
099ca0f60f869898203011b81ad6078a,103,1,32.9,5,1,2,512,Need Attention
09a2a3befff4ee3680617f07d9b473ed,482,1,83.36,1,1,3,113,Need Attention
09b9f8efd35809e5e8e5f58b0588dac9,392,1,199.99,2,1,5,215,Need Attention
09c361fed7245568f0f104496ed4f92f,300,1,98.97,2,1,4,214,Need Attention
09dbe1dd4da682e97b14151ff8677f34,105,1,24.9,5,1,2,512,Need Attention
09ec740fbf182446388824c67a5fb78d,224,1,55.9,3,1,3,313,Need Attention
09f890c3ae1626f1044e52e1c8d3707a,32,1,39.16,5,1,2,512,Need Attention
09fad357ab8ae207c25f8a174339ff15,540,1,49.9,1,1,3,113,Need Attention
0a0c4bf0b7fcb55a0d43abff1ea4569f,65,1,77.9,5,1,3,513,Need Attention
0a1d505323970813602fb0a7c50aa484,171,1,32.9,4,1,2,412,Need Attention
0a26f4521f4fc88f90d29a5ebc930e63,40,1,44.9,5,1,2,512,Need Attention
0a289ff546b41e561b900c97b7bf6c78,170,1,16.99,4,1,2,412,Need Attention
0a2b658f48dd6b980011a226cf09494d,93,1,0.0,5,1,1,511,Need Attention
0a3f8040b6aac1d8add29db655c3e463,329,1,56.99,2,1,3,213,Need Attention
0a4872ccd069dddcc8870e7ad4df6214,219,1,10.99,3,1,1,311,Need Attention
0a4c57438bd5b91dc9e09ac988493a9e,48,1,89.9,5,1,4,514,Need Attention
0a56b53b96fc69f9d9aa8a0d4037c900,302,1,72.48,2,1,3,213,Need Attention
0a5fa7113e2ce10ce82df667b7098932,212,1,0.0,3,1,1,311,Need Attention
0a7f273743dfadb018886024d7e1a8d6,412,1,326.16,1,1,5,115,Need Attention
0a8ae1a2b8d6524ba8b19208b6b6e1f6,167,1,87.0,4,1,3,413,Need Attention
0a91529edd0e0e5aaf2d64f8ecd9dfa8,233,1,149.9,3,1,4,314,Need Attention
0aadc1d26d1c8b88a52c39a533ccea93,297,1,1359.92,2,1,5,215,Need Attention
0ac32dafa635f87523a45ca405e82079,271,1,179.99,3,1,5,315,Need Attention
0acf30b91a76fe44ccc15e1717dfb672,357,1,134.9,2,1,4,214,Need Attention
0ad45166f7c608cea70cffc074e78e4b,530,1,289.9,1,1,5,115,Need Attention
0adf44c3e8a6c03dd46457908ebd9b82,63,1,77.5,5,1,3,513,Need Attention
0ae899ccc7701f38427bc48b7d52eb22,103,1,129.0,5,1,4,514,Need Attention
0af856b84f956b11317832a27b18ff4b,51,1,0.0,5,1,1,511,Need Attention
0b07eea0b93324ae3c2ce0ede76b95c9,214,1,129.9,3,1,4,314,Need Attention
0b0dfd34c502d62ab405edfc40bccf85,562,1,98.99,1,1,4,114,Need Attention
0b142164e5db564242b9a924fb8bc171,276,1,59.99,3,1,3,313,Need Attention
0b3035733532ec8176a6dfcbde18815c,288,1,122.0,3,1,4,314,Need Attention
0b305bb360d9372963fd0f464eb34d20,477,1,129.9,1,1,4,114,Need Attention
0b49c33f53bc3d731cfc40dd36cc1b31,246,1,57.8,3,1,3,313,Need Attention
0b5ad91465a83091bf1895d85a4267f9,126,1,24.6,4,1,2,412,Need Attention
0b5fbc764612225ace7795b93b38aa35,241,1,53.0,3,1,3,313,Need Attention
0b6046cd8b7b9a8ddc7c2996bc719de8,145,1,0.0,4,1,1,411,Need Attention
0b63891bfcfcede37c648664908e6cb3,454,1,49.9,1,1,3,113,Need Attention
0b83f73b19c2019e182fd552c048a22c,172,1,93.0,4,1,4,414,Need Attention
0b8a4ac66e2edd1e8423e2016dc5b9b6,204,1,33.9,3,1,2,312,Need Attention
0b8dab578db3ef19b68e4e228e5e8fea,159,1,53.9,4,1,3,413,Need Attention
0b949d3ee12ac9f871346d814ff57080,137,1,17.8,4,1,2,412,Need Attention
0ba133b294e8131231a0176e0a2f0853,448,1,129.9,1,1,4,114,Need Attention
0bc50d5cbce10d91edc3e935d068ef0b,51,1,185.9,5,1,5,515,Need Attention
0bd0b4a708763e74a231d629b7b881fb,151,1,70.0,4,1,3,413,Need Attention
0bd4b20e684a23c50c734e740eb41e90,52,1,0.0,5,1,1,511,Need Attention
0bd4d2600b49eb951489ebc82723a4e6,89,1,60.0,5,1,3,513,Need Attention
0be176523405976a37488ad6a2b81031,110,1,0.0,5,1,1,511,Need Attention
0be23e2afd5c5d9a1c2ef6b033e2b17c,91,1,29.99,5,1,2,512,Need Attention
0be330030885cb5b0cd0fc84f90d4ad5,59,1,133.0,5,1,4,514,Need Attention
0bfb268a7a8268c6a67d71693a0c1c95,109,1,71.71,5,1,3,513,Need Attention
0bff376220c15df5b5b6d4a6273bd4c6,232,1,72.9,3,1,3,313,Need Attention
0c061e779ae6c21a1c561eb2ebc5caf7,135,1,90.0,4,1,4,414,Need Attention
0c0682ccb539fc2ae62d6437ae5feac9,25,1,99.0,5,1,4,514,Need Attention
0c083b33d177ff8667fde152bd646ef7,539,1,222.0,1,1,5,115,Need Attention
0c1010da546577eec46de55b3a0a885d,144,1,0.0,4,1,1,411,Need Attention
0c1a20644f0dc126c3eaff8dbc1bd12c,134,1,0.0,4,1,1,411,Need Attention
0c2018c190ac0a6c5a02c0bcbfaf2129,550,1,169.96,1,1,5,115,Need Attention
0c38fe229fa8230ce5a686e75d2f01d1,217,1,158.0,3,1,5,315,Need Attention
0c3a1c1585e96999bdaf83732d1fe234,296,1,75.0,2,1,3,213,Need Attention
0c3d4091777941c3c51a4408a3ec0037,171,1,37.99,4,1,2,412,Need Attention
0c408490d833fcce64944726a4cf9d8c,273,1,56.0,3,1,3,313,Need Attention
0c4266dc13e119f7b8d87ec0f31f3439,290,1,198.0,3,1,5,315,Need Attention
0c4c9957a112ce55611b1425b5cea43e,473,1,97.44,1,1,4,114,Need Attention
0c57b6540cb8ed939596e4f199d637fe,81,1,29.99,5,1,2,512,Need Attention
0c5c596ff335ad6b91e78f1f328d030b,39,1,30.0,5,1,2,512,Need Attention
0c5e206ec36cc859ac0b248f2ad72e6e,455,1,89.9,1,1,4,114,Need Attention
0c6622facae49819fe1591fcc9737bb2,285,1,189.9,3,1,5,315,Need Attention
0c6a8d82ac587f081e2e2d33270a3d69,335,1,99.99,2,1,4,214,Need Attention
0c71fffae3b89f1f4c7afd556f5d29b1,533,1,154.19,1,1,5,115,Need Attention
0c7360e4c7109f897e18fedcec400ccf,184,1,90.0,4,1,4,414,Need Attention
0c8286526be3a0fc8f50b7267db95035,511,1,159.9,1,1,5,115,Need Attention
0c83083c3578da76ef6fe35fbcab768b,106,1,103.12,5,1,4,514,Need Attention
0c857d0fdb5599b8fc5cfa1c9ba71c76,221,1,84.9,3,1,3,313,Need Attention
0c8761c28faa9b9930e4a9bb545905da,52,1,13.99,5,1,2,512,Need Attention
0c8c9d632cdaea590c5e62cdf6db4b9d,209,1,34.9,3,1,2,312,Need Attention
0c8da417423d25d53b4d3d034768c4d0,139,1,50.9,4,1,3,413,Need Attention
0ca60f3b899e4c26f7158574acd3d628,108,1,87.0,5,1,3,513,Need Attention
0cb9be6e0e12afac27ace32e3be4051f,120,1,19.9,4,1,2,412,Need Attention
0cc1db7423555763a5c9bfda44746cd0,127,1,309.0,4,1,5,415,Need Attention
0cc2ee1112a11a1094eff52fa2e87150,353,1,60.0,2,1,3,213,Need Attention
0cda37a2bb960bc86fb2a2c027f995bb,464,1,74.0,1,1,3,113,Need Attention
0ce20e3e708f0332738657e3ffdc91a6,36,1,27.0,5,1,2,512,Need Attention
0ce904893f0560890d2f0d063a30ddb6,158,1,119.6,4,1,4,414,Need Attention
0ce90ebb62619ade569740d7d7e7d623,75,1,99.9,5,1,4,514,Need Attention
0cf146e84935a5208ef3047a2b64ae4b,412,1,59.9,1,1,3,113,Need Attention
0cf298709182f431d7a2e59b730a6f13,484,1,124.8,1,1,4,114,Need Attention
0cfe42acc51af3f1b24268032e51bc56,193,1,0.0,4,1,1,411,Need Attention
0d02eb399c6520fbf8f938611878578c,30,1,0.0,5,1,1,511,Need Attention
0d0481ffb0bb25cfc9ba06c02bba0ecf,149,1,109.99,4,1,4,414,Need Attention
0d062c3c954a9f461c2be3e19cb99ae2,456,1,59.9,1,1,3,113,Need Attention
0d21499406ab7c18f548dc945b63c28c,578,1,82.99,1,1,3,113,Need Attention
0d21c75cf38638bec391a55dcabdfc05,112,1,25.0,5,1,2,512,Need Attention
0d3394dad534976f75bb0133fe18bd63,429,1,119.9,1,1,4,114,Need Attention
0d3d2bb5ba03b60324b0684e614c7c20,223,1,79.0,3,1,3,313,Need Attention
0d51e04ae0b1d341e4f49812d1f4fbe2,128,1,69.9,4,1,3,413,Need Attention
0d5d0284aba97b5fa9154c49ad861871,156,1,25.0,4,1,2,412,Need Attention
0d6b9a91ea74552ac4f5fb2fdd2f50d8,315,1,133.0,2,1,4,214,Need Attention
0d75e26f60500a90bbf13fa2b9af61cb,70,1,94.0,5,1,4,514,Need Attention
0d7a6ee9d351c0856e4858cb84f26c3c,36,1,99.9,5,1,4,514,Need Attention
0d8b6f37ce56eb5679cf690b59318b4c,39,1,38.0,5,1,2,512,Need Attention
0d997d092f93b5c58d0f9b4bd0643d16,293,1,0.0,3,1,1,311,Need Attention
0da5d29e1943c7ae0d4454c12cb6abfa,338,1,70.0,2,1,3,213,Need Attention
0da8a21fd4fb57463c7897ad901c7bf9,250,1,189.9,3,1,5,315,Need Attention
0dbc24537874e27e8e2908dfdedfcc8d,219,1,24.99,3,1,2,312,Need Attention
0dbf75634e9cdb8dfef760501cf983a8,191,1,0.0,4,1,1,411,Need Attention
0dda24b8a802f6876acc46861ea17903,223,1,0.0,3,1,1,311,Need Attention
0ddba04798f1c085d0ca93af0e91f6c1,218,1,67.9,3,1,3,313,Need Attention
0df267ff602ed14c586c8e6de3e9bc6e,150,1,63.0,4,1,3,413,Need Attention
0df55f5accedda71bda8f4c7f590951f,218,1,0.0,3,1,1,311,Need Attention
0e06af8004ffd01a3461e768f9f659aa,305,1,129.0,2,1,4,214,Need Attention
0e0962c6edb63ee9c5ea0f4f8d73a86e,93,1,399.8,5,1,5,515,Need Attention
0e1aa2e5d9087f8f34d2e6913d6891dd,165,1,153.4,4,1,5,415,Need Attention
0e2fd48c6bf362339bff97193d659b20,106,1,78.0,5,1,3,513,Need Attention
0e3adc3a3ad71718fc412a1d0d5fbc11,193,1,22.95,4,1,2,412,Need Attention
0e487a86f19716345813729b7b7361c5,547,1,49.9,1,1,3,113,Need Attention
0e52335ca066271c324be8289cae3251,85,1,66.99,5,1,3,513,Need Attention
0e634b16e4c585acbd7b2e8276ce6677,233,1,0.0,3,1,1,311,Need Attention
0e662bf6962c28aca8d2e6ebfe053de7,231,1,419.9,3,1,5,315,Need Attention
0e6d20df2d2c4ba9283ad121dee84e1b,302,1,99.9,2,1,4,214,Need Attention
0e764fc1a13e47e900c3d59a989753e8,152,1,318.0,4,1,5,415,Need Attention
0e7a4804f1665261e1257726779f6348,330,1,119.8,2,1,4,214,Need Attention
0e7c4a936f7e9a445f9acebb8922b61f,248,1,189.0,3,1,5,315,Need Attention
0e81b4d6355f0cdec4bc81b5dd1f410f,501,1,189.0,1,1,5,115,Need Attention
0e8a143471b03abf182926e26af07e7a,425,1,59.9,1,1,3,113,Need Attention
0e914929d9935db92beddb5f3b551a96,252,1,12.98,3,1,2,312,Need Attention
0e9bafe047d5c6fe3fd8ef6bcdce9a1a,24,1,0.0,5,1,1,511,Need Attention
0e9e4d1bdc6bfbb9646cb1ecf19d696f,297,1,298.0,2,1,5,215,Need Attention
0eab82e58c1b71bfb9f2c7dd966e8cff,378,1,229.0,2,1,5,215,Need Attention
0ebbc7eb66eec02dbf8ec16bf4df7d4a,115,1,0.0,5,1,1,511,Need Attention
0eda70ee0a5a968a8371d95328de0c21,372,1,51.2,2,1,3,213,Need Attention
0ee02c020cf6a1d5af1f44febcec7e69,175,1,149.99,4,1,4,414,Need Attention
0efdde54b9e08d009874be9231dfe635,379,1,174.9,2,1,5,215,Need Attention
0f0891bce8c3efed9ec2e5a9bcb1aeb3,217,1,149.9,3,1,4,314,Need Attention
0f0b49d45120fcb28bda56e94bc85673,225,1,325.0,3,1,5,315,Need Attention
0f15654c2819f53ab1b7f53330f457ac,112,1,219.0,5,1,5,515,Need Attention
0f236e51bb703ddf0e311f3520600065,248,1,184.0,3,1,5,315,Need Attention
0f353525357083cc19531bb61d5594e6,98,1,0.0,5,1,1,511,Need Attention
0f38a44168ec569a3f783ebf98d79095,303,1,50.0,2,1,3,213,Need Attention
0f434e80c98c8d4e48a1563671234223,298,1,69.9,2,1,3,213,Need Attention
0f47ee9839f0c5f608cc69ebe59f0001,137,1,148.0,4,1,4,414,Need Attention
0f520a55a204a95018cd59a31e7d000a,484,1,99.9,1,1,4,114,Need Attention
0f524b9f56efaf32d066ef999d95840e,80,1,296.5,5,1,5,515,Need Attention
0f5974d48b53c84eab42f27ff30a4bcd,429,1,179.99,1,1,5,115,Need Attention
0f6c4fedab0af76f3af23a6c65efbdc3,70,1,59.9,5,1,3,513,Need Attention
0f85d4210164b5926aa49e6eda6cd06e,46,1,0.0,5,1,1,511,Need Attention
0f95258527026365d80664a88544bdbb,169,1,0.0,4,1,1,411,Need Attention
0f959f179a3451d6c6bca46040b52b68,259,1,179.0,3,1,5,315,Need Attention
0fa37740a3371e759a99e0acc2d533c2,423,1,49.99,1,1,3,113,Need Attention
0fa43f164a88bfd96f05ab1fcbeca41c,466,1,529.99,1,1,5,115,Need Attention
0fa4a064989236797d08591a95b05311,282,1,59.0,3,1,3,313,Need Attention
0fafcdf86099987d7b3e0ebac9e8af2d,105,1,165.9,5,1,5,515,Need Attention
0fc613bbfaee6a943e2c8d02aab97a7e,233,1,105.0,3,1,4,314,Need Attention
0fce02538969e210a9e1b27b515ccaad,155,1,99.49,4,1,4,414,Need Attention
0fd107db0fd0dec34c21b6269549ffab,129,1,0.0,4,1,1,411,Need Attention
0fdc0d21e1983e8af4d399e17671f76d,200,1,195.54,4,1,5,415,Need Attention
0fdfbef2ae337480fe00523dac271cb3,272,1,219.8,3,1,5,315,Need Attention
0fe1ce06ed231600c5c0213e7d920627,39,1,0.0,5,1,1,511,Need Attention
0ff3cddcf62afdff48dddaf22aaf0fee,432,1,116.6,1,1,4,114,Need Attention
1003a1d72627f1a71f255e239aaa4bfd,133,1,1129.99,4,1,5,415,Need Attention
1003a6796395c39384cbaeafd51392d8,104,1,0.0,5,1,1,511,Need Attention
1006daf2f4f3b40848bdb64d356b4b39,189,1,49.99,4,1,3,413,Need Attention
100a1a0fe9f738719f7b63e3eadf5ebe,181,1,277.9,4,1,5,415,Need Attention
100ba738fd8e0a1d912994be2bd20e87,174,1,37.0,4,1,2,412,Need Attention
100d08e468b4c7427787b5db91042d67,122,1,0.0,4,1,1,411,Need Attention
1015173479527a15ccb63606a74f404e,381,1,164.9,2,1,5,215,Need Attention
1016fdb943a9d972e1feb76f053b3535,146,1,0.0,4,1,1,411,Need Attention
1024c5cd62d38352351e537638162793,251,1,157.77,3,1,5,315,Need Attention
103618505393998f2192cb78f7bab338,405,1,50.0,2,1,3,213,Need Attention
103838ffc9a90c22e78aae22c57b7f2e,38,1,33.9,5,1,2,512,Need Attention
104f7393b136186670b805468fbeeac3,440,1,59.9,1,1,3,113,Need Attention
104ffa1d4881f8e36d50f80319f7400b,153,1,29.99,4,1,2,412,Need Attention
105de65c9664802b116bce00da47b9a4,276,1,29.99,3,1,2,312,Need Attention
106106992030e0d83e6f1bc9d4054070,490,1,359.8,1,1,5,115,Need Attention
106abb15071cec3557f8cd3b89384e99,175,1,499.99,4,1,5,415,Need Attention
106fc159590d2e39a532f3f56259df49,289,1,47.3,3,1,2,312,Need Attention
10837ec2278f48b91274e961ee27e699,376,1,669.99,2,1,5,215,Need Attention
10867a902e32dd54061b2cda9c55b0b6,206,1,0.0,3,1,1,311,Need Attention
10903bb91fbe71e98f0c18940fddac03,123,1,75.9,4,1,3,413,Need Attention
10919da10fd0f46b4c9e79cf757d8a09,78,1,78.0,5,1,3,513,Need Attention
10936b5134f21f582fbc02f383d76572,540,1,129.96,1,1,4,114,Need Attention
10d23a44c8eb20d89a2672331327f324,279,1,394.65,3,1,5,315,Need Attention
10d868802b4d4a2e983e826abd14fb84,501,1,176.99,1,1,5,115,Need Attention
10dbffc4a798d018f58224da1162b90e,330,1,1437.0,2,1,5,215,Need Attention
10ec21ca9dda867eb24ecc979180d09a,253,1,29.5,3,1,2,312,Need Attention
110934758b1585194afe1c0134c1dd35,111,1,84.9,5,1,3,513,Need Attention
1112bfca4fa2b84c667208c943de7c20,309,1,89.99,2,1,4,214,Need Attention
1128c1fa085cce5576a2aef4b694a1b4,129,1,0.0,4,1,1,411,Need Attention
11301f323f8e1334478e701ad8892230,278,1,129.0,3,1,4,314,Need Attention
11305b095e007c3b8caac9fe84550765,350,1,129.9,2,1,4,214,Need Attention
113271b647a5f12bd3f41c1e37f78c1d,140,1,59.9,4,1,3,413,Need Attention
11375e463611310a6d7acfba83dc1fd7,272,1,0.0,3,1,1,311,Need Attention
11444f8161e51e1d513a6adfc41e629e,145,1,16.0,4,1,2,412,Need Attention
1148e7e1daf6d2378b814e90506e9d26,101,1,118.9,5,1,4,514,Need Attention
115b32ea5bce18ca0f4d63e9f5262cea,292,1,120.0,3,1,4,314,Need Attention
116490c868c239247db4417b68c9b435,564,1,89.9,1,1,4,114,Need Attention
1175e95fb47ddff9de6b2b06188f7e0d,246,1,29.99,3,1,2,312,Need Attention
1176d8491a0ae7e42bc65b08ddd1d924,162,1,44.9,4,1,2,412,Need Attention
1177ffc12e57d165dd64077a4bbcd77c,163,1,34.2,4,1,2,412,Need Attention
1188233025a9769168e1f1f1981c2444,466,1,149.84,1,1,4,114,Need Attention
1195277e191f958d98f9172a1111a64e,227,1,0.0,3,1,1,311,Need Attention
11992a16f977690eb132cd13e9899225,480,1,119.99,1,1,4,114,Need Attention
119cb28909c55bbc281118dd8a086906,189,1,18.9,4,1,2,412,Need Attention
11c3d6c93dea6ce86769a4835c171bd9,239,1,71.8,3,1,3,313,Need Attention
11c551198de8f2598a490db02304cdbe,64,1,0.0,5,1,1,511,Need Attention
11c6370fa35c524098f44a6c6d0582ed,25,1,24.99,5,1,2,512,Need Attention
11d2c273e93727d6c0e516075435ae82,128,1,51.8,4,1,3,413,Need Attention
11e34afed2f0357f6c4d5220228cd167,78,1,0.0,5,1,1,511,Need Attention
11e75c5cd86cd8389b80a9b6ce71d218,137,1,119.99,4,1,4,414,Need Attention
11e81b9497f68f501ac372f3cc827bbb,155,1,213.0,4,1,5,415,Need Attention
11ea710f79bf401804796bfe35fe3a2a,136,1,76.2,4,1,3,413,Need Attention
11f9374f0b84ffc98a1ae50698c2112d,214,1,82.0,3,1,3,313,Need Attention
120d312c68bd6607e58c4059b219d5ae,115,1,34.9,5,1,2,512,Need Attention
124621ab7971ddd927e021028e8f2ad1,261,1,19.9,3,1,2,312,Need Attention
1246a5ce379c363c8dff140b0e0e974c,170,1,89.79,4,1,4,414,Need Attention
125f6a093e3f2be801d70e4eaa16f9f0,204,1,130.0,3,1,4,314,Need Attention
1262c5e6cb8a5dc8c45fde0d536da589,464,1,89.9,1,1,4,114,Need Attention
126b9355c7347eed73325d2e109bd369,467,1,219.99,1,1,5,115,Need Attention
127e44b144e9f8e1edf9262193bac557,273,1,19.99,3,1,2,312,Need Attention
12ab9334b1240d6d037f2b0102a49571,281,1,0.0,3,1,1,311,Need Attention
12b7b437a172086f4ee3dc7177393a85,299,1,240.0,2,1,5,215,Need Attention
12bf35aec09644582d3d803df7607246,34,1,100.9,5,1,4,514,Need Attention
12bf6178776d90da204cdf1b37d23906,249,1,0.0,3,1,1,311,Need Attention
12c4dee2137f46228b93caaeb9cb1ccc,112,1,52.8,5,1,3,513,Need Attention
12cc890391e57d7123e004856ff1f137,716,1,75.0,1,1,3,113,Need Attention
12d5abe8e60cbc8c330cd36fcda842c6,447,1,349.99,1,1,5,115,Need Attention
12d60b3f10be6303d4ed41fc27a0e490,288,1,59.0,3,1,3,313,Need Attention
12d7642e3241d015433f989199c9d7bc,80,1,0.0,5,1,1,511,Need Attention
12d9e338f349a4d5ba7ebedf1f93b26f,68,1,120.0,5,1,4,514,Need Attention
12e2cfc1a8dc424fb87cc5a7ce029007,526,1,99.99,1,1,4,114,Need Attention
12e60c0e800cc66349d537d7ea879bfd,396,1,384.93,2,1,5,215,Need Attention
12e7a2c201751ddc979e7a45cef500f3,407,1,115.0,2,1,4,214,Need Attention
12ebfdb41392890f9d7a8de957274741,124,1,2110.0,4,1,5,415,Need Attention
13175e8f804432eb2ab5cbba1971f25b,35,1,0.0,5,1,1,511,Need Attention
131dc8b84d915d899517bd2867f62401,35,1,29.99,5,1,2,512,Need Attention
1322f42ae5165f0fa89f7a1d0f9da61a,297,1,58.99,2,1,3,213,Need Attention
1322f4f08ee126888c52044389540e3a,446,1,299.0,1,1,5,115,Need Attention
13236d13c83b9889af2c7e8b4898ab6d,226,1,34.9,3,1,2,312,Need Attention
1324de87a5e776ea480964323dc6f21f,185,1,53.9,4,1,3,413,Need Attention
132820060c20dcac4bcafeeae8713481,509,1,229.9,1,1,5,115,Need Attention
132bcd02d6f963e0199a9dc66e881fd1,490,1,69.9,1,1,3,113,Need Attention
1332bae6fb3d8461872f77e8efab21ad,337,1,289.0,2,1,5,215,Need Attention
13467e882eb3a701826435ee4424f2bd,296,1,117.3,2,1,4,214,Need Attention
13578dacf0e477f514e626433d7aac3f,123,1,0.0,4,1,1,411,Need Attention
136bb390be82b2f669d8805d4c3a3f76,244,1,199.0,3,1,5,315,Need Attention
1373e04979cfa0fb2092909abbd57f25,170,1,229.9,4,1,5,415,Need Attention
1374dc8d69e00b2749f27505a5eb4e2d,204,1,186.0,3,1,5,315,Need Attention
1376526de7f8d851f34bcd6707dcd622,292,1,0.0,3,1,1,311,Need Attention
1376c487ee3920f2431e975211dffcb1,229,1,99.9,3,1,4,314,Need Attention
139e1ff1cc3736d18d31c21a7e338105,340,1,269.99,2,1,5,215,Need Attention
139fb3595e26482b7aa26fd3b0dc0a97,409,1,89.9,1,1,4,114,Need Attention
13b0be49a391e3a8d23ef63fe7fbc2db,134,1,45.0,4,1,2,412,Need Attention
13dbc23e2f9dd054e0ebd8d4f4f47fb4,406,1,299.0,2,1,5,215,Need Attention
13dde2bba8c4d6141b5452e3d1b22738,142,1,99.9,4,1,4,414,Need Attention
13e6b0e350ed161c70ce5447dfa173a5,316,1,149.9,2,1,4,214,Need Attention
13f2fef5cc2213fabade4ad7d32ba6ca,509,1,239.99,1,1,5,115,Need Attention
13f53d7f6a18aadc554f13ca087e9669,128,1,64.99,4,1,3,413,Need Attention
13fff243cc1910bf64dafb9bc81ccddc,386,1,519.8,2,1,5,215,Need Attention
140154967ab20917f55dbe2d3dfa1e07,280,1,55.65,3,1,3,313,Need Attention
141f1d8a1e279448ccb8fa9af62d76a7,219,1,14.4,3,1,2,312,Need Attention
14220f3da916d4a0740f0b679b842962,163,1,134.0,4,1,4,414,Need Attention
1428917cd397d4f9ac0fde76dd6f2266,208,1,0.0,3,1,1,311,Need Attention
1430d94bf355873fe5b597f212ba02fb,379,1,93.0,2,1,4,214,Need Attention
143ac1358dbb2d185d4873965fcc28e4,46,1,126.0,5,1,4,514,Need Attention
143b74c3413de432b8638a96853e1c9c,65,1,39.99,5,1,2,512,Need Attention
144b22ba90f9b1cf5bf278f0db20a355,236,1,21.9,3,1,2,312,Need Attention
144b9f1cf244df05e042b5262ecf97d1,486,1,65.0,1,1,3,113,Need Attention
1450a7cb6ba0bc92100a9a4a8a2f38e7,136,1,0.0,4,1,1,411,Need Attention
1450ca0539e1e64a77c08ba841c8be94,66,1,122.99,5,1,4,514,Need Attention
14527b4f9d84c703de9ac715e153ffd9,205,1,49.99,3,1,3,313,Need Attention
1455eed41cb077c362c1163b937e823f,227,1,219.0,3,1,5,315,Need Attention
14650aba2993d5db931ecd1ff160714a,31,1,77.0,5,1,3,513,Need Attention
147324a07e96b3cfb515d94137b4a327,282,1,79.0,3,1,3,313,Need Attention
1479d41bbd302e37d1316c996c1f55ae,294,1,569.9,3,1,5,315,Need Attention
14885ec3a15ffa02b8dc0cb52748ef9e,232,1,135.49,3,1,4,314,Need Attention
148ac6af2969e129456347e8d3dc64ea,301,1,289.0,2,1,5,215,Need Attention
14a188558af6cd5bc222ca773d395a7f,237,1,0.0,3,1,1,311,Need Attention
14a73c4d5302cea7e03c075aebcd2f81,259,1,0.0,3,1,1,311,Need Attention
14aa0f879bc9e1d191221462a5fce802,393,1,119.8,2,1,4,214,Need Attention
14aad6719aabc250f03de3beb57ad2f5,257,1,38.99,3,1,2,312,Need Attention
14ad45db79e7e1f916815d7e8503eaff,60,1,85.9,5,1,3,513,Need Attention
14b0be0b6d7e50e861943bf902bc7959,590,1,242.0,1,1,5,115,Need Attention
14b1bf4e103a2a0111a80bed3a37a3e8,126,1,0.0,4,1,1,411,Need Attention
14bca561bdb2901e80bb20800ba4bdc0,227,1,149.0,3,1,4,314,Need Attention
14cf3e40a2b5076d2d0384a7e68ca06f,45,1,1798.0,5,1,5,515,Need Attention
14d71f87f2c4ca429306d094a274dff0,466,1,98.9,1,1,4,114,Need Attention
14d84d6f3da70b5d7c26a3f551b3f4b6,257,1,29.99,3,1,2,312,Need Attention
14d854939d199fb6b6e2b49f306bcf73,228,1,0.0,3,1,1,311,Need Attention
14df1afa12b13711303026db4a326a7b,275,1,38.099999999999994,3,1,2,312,Need Attention
14e1bf91e4bb789e2bd29fc22f926742,409,1,139.9,1,1,4,114,Need Attention
14eb8f180e208b9805e196fccbbcfd13,305,1,689.0,2,1,5,215,Need Attention
14f4ae28fc0e2d071f707dbe6daaf0e3,411,1,59.9,1,1,3,113,Need Attention
14f7c220b4e0b529cb23021b2fb9284e,33,1,49.9,5,1,3,513,Need Attention
15010a153e79bb2f1fe810486783f5dd,246,1,25.9,3,1,2,312,Need Attention
150eeedc7b46a9b7a77ad10e9083c250,467,1,59.99,1,1,3,113,Need Attention
15118cf840653847844c94b586de0c56,56,1,79.99,5,1,3,513,Need Attention
151e9edb34867eaece4d6e7ae188f261,92,1,0.0,5,1,1,511,Need Attention
1525aae38c4d7ce53540f783ec7b4d17,175,1,42.9,4,1,2,412,Need Attention
1543abf070395977b2de5362138306a8,158,1,129.0,4,1,4,414,Need Attention
1548904cfcbde03641a678aa857790e5,170,1,39.9,4,1,2,412,Need Attention
155d2f8d13fca082541417739f4d5506,224,1,57.0,3,1,3,313,Need Attention
156e627a5ef12567a39785b9b651e239,294,1,0.0,3,1,1,311,Need Attention
1572056796a130cff3aac889df5e2939,152,1,74.99,4,1,3,413,Need Attention
1579c33908bf3784b501d8f4014079f3,162,1,330.0,4,1,5,415,Need Attention
157a6a3e29ea1833d3630f3962ac903a,296,1,83.23,2,1,3,213,Need Attention
157b9d0c8b2328f814b5ee120d5e5914,122,1,119.5,4,1,4,414,Need Attention
158172279ca3f33e15b8412116151ded,141,1,0.0,4,1,1,411,Need Attention
1581a918a58a11d99c69f86d9c0d2098,163,1,51.9,4,1,3,413,Need Attention
1591182652360b5b62e59bc85d9dda79,142,1,0.0,4,1,1,411,Need Attention
159306b86e782097be9a4e29e3d294d3,245,1,89.99,3,1,4,314,Need Attention
159ba7a17c9179c96cb8a7ae43235ca9,64,1,149.0,5,1,4,514,Need Attention
15a3524cd2406dccbecb1273c407165b,240,1,97.49,3,1,4,314,Need Attention
15ace7e8f7a0cfb296fcfea489e2445a,432,1,89.9,1,1,4,114,Need Attention
15bc2114da1fbf104a7caabd79ee87c6,250,1,79.0,3,1,3,313,Need Attention
15c7b142c5ed84a1537ceb6d448818f7,249,1,317.99,3,1,5,315,Need Attention
15c9f1f3d32d5226f79571a100a8f7fe,144,1,55.0,4,1,3,413,Need Attention
15d203babb74e0a9f7cb2bd5593ee188,95,1,79.9,5,1,3,513,Need Attention
15d424086a0e39958d557a39b0638431,139,1,0.0,4,1,1,411,Need Attention
15e47dec7a5ce59f8e200a6917679511,373,1,129.99,2,1,4,214,Need Attention
15eaf7e40d5ff0687009b39f3da7861a,181,1,0.0,4,1,1,411,Need Attention
15eb6c5aa4aa23cbdb42e119220d23ec,337,1,199.0,2,1,5,215,Need Attention
15ee900ec703c9a10082b12bcbdcb307,388,1,999.9,2,1,5,215,Need Attention
15fe8224da740000cad6d128fed1a014,167,1,34.99,4,1,2,412,Need Attention
161b2eb506dd664bb5d23dc701a14b59,428,1,298.0,1,1,5,115,Need Attention
1647c6dc2941bd075dc5dd3448807bed,398,1,96.0,2,1,4,214,Need Attention
1669674efe91cadffc28add980087c0e,372,1,129.99,2,1,4,214,Need Attention
166ec5dd3ecbfd90e6f4b58e37c73623,46,1,159.9,5,1,5,515,Need Attention
166f5f82137eea831b3288649dcffb81,51,1,78.0,5,1,3,513,Need Attention
167d137b34ca4a407c59e3b8ed1742af,37,1,368.8,5,1,5,515,Need Attention
167d54cc2d1d8b157e9dcc360667d415,181,1,269.9,4,1,5,415,Need Attention
1680c593cfe1d6c798df5bd696544a19,41,1,79.99,5,1,3,513,Need Attention
1682bd1183762bcdff292a75f4523452,260,1,0.0,3,1,1,311,Need Attention
1686671c7c7da526814358fc22ccb8b6,219,1,49.9,3,1,3,313,Need Attention
1690121bc794fd89b85142934c781255,262,1,45.0,3,1,2,312,Need Attention
169381f51e4c3e926ef199364aeced22,600,1,589.9,1,1,5,115,Need Attention
169a96b0cee3f0ff7d95d697f10d5414,31,1,759.9,5,1,5,515,Need Attention
16a87f204088415ce012102c912a33d9,149,1,145.0,4,1,4,414,Need Attention
16b19abad3a7a020ac59a70da5801dac,77,1,95.0,5,1,4,514,Need Attention
16b2beb51d51f455428a8865562fc89e,216,1,49.99,3,1,3,313,Need Attention
16bef435dd734e2a623be5d7fb57b89b,312,1,59.9,2,1,3,213,Need Attention
16c5ef9aad92e31e119f7a202272e6c7,239,1,0.0,3,1,1,311,Need Attention
16c76c75cc2f6312bc921309ee30ade8,189,1,0.0,4,1,1,411,Need Attention
16d778764561c820ab02b6ea12796b14,291,1,125.5,3,1,4,314,Need Attention
16d92ababe56c665936f0dab8da2fba8,362,1,139.0,2,1,4,214,Need Attention
16e2049fb3bafcda8ae6c196df3be9a2,97,1,500.0,5,1,5,515,Need Attention
16e6739f107fe11620beee49d20c2bd6,151,1,0.0,4,1,1,411,Need Attention
16ecae01d286ede5c22b963dc96f08ec,238,1,289.0,3,1,5,315,Need Attention
16fad3f895505b4d04cd5859f01aa23b,410,1,139.99,1,1,4,114,Need Attention
1702d80f8f05bdc591f775bfff3c1684,140,1,118.9,4,1,4,414,Need Attention
17030da4cff1fc639556306a1b0ab0c5,36,1,56.1,5,1,3,513,Need Attention
170bdd7492c288bb1f788c1aff0f7503,243,1,19.9,3,1,2,312,Need Attention
1714b9df17fa7bb77d7f045adadeb285,142,1,89.9,4,1,4,414,Need Attention
1728dd0550caa51cce09523627ad45ef,104,1,0.0,5,1,1,511,Need Attention
1738c95dedba6054c89d4c3db87f6fd7,89,1,12.9,5,1,2,512,Need Attention
1749fd10291ef7242c1221a14f57cfb9,286,1,21.99,3,1,2,312,Need Attention
174f249b4817e23ef163ba88fff61278,300,1,299.0,2,1,5,215,Need Attention
174fbc0ca39715c4d36463f56af17b3c,185,1,59.89,4,1,3,413,Need Attention
175be4309449118e7767d1560a0465fe,213,1,221.5,3,1,5,315,Need Attention
175fb6b5133abe30730dd6108d122b80,244,1,139.8,3,1,4,314,Need Attention
17607d71527c1aeba58519710396a4bc,503,1,132.7,1,1,4,114,Need Attention
177046a5910ce6dcbebb14997a36fb18,63,1,129.99,5,1,4,514,Need Attention
177216eb4775562e57fb625ad8dfb242,202,1,45.0,4,1,2,412,Need Attention
1772c0fbee58b154da028487de51b74c,65,1,119.85,5,1,4,514,Need Attention
1772d62f5099be6942fbb3d3e881cc7c,160,1,95.0,4,1,4,414,Need Attention
177c7ddf107acb626a4d68a243129fb0,63,1,269.9,5,1,5,515,Need Attention
177e10134f99776d8a2b0c10c3fed38c,164,1,399.99,4,1,5,415,Need Attention
178abcae329614ef88c84a4f2d01b536,31,1,132.0,5,1,4,514,Need Attention
179607d5aa7e47661b18cabcd7037ab5,245,1,497.98,3,1,5,315,Need Attention
17aeb0f1c1dd5757f8aa0f4c098165f3,68,1,59.9,5,1,3,513,Need Attention
17b83aab01ad7464bc016d72a928f3ea,117,1,37.89,4,1,2,412,Need Attention
17b94b9317f9b0102f4eace63fbb193f,442,1,174.33,1,1,5,115,Need Attention
17deef15f063b59eff8f9e440326dda3,345,1,93.78,2,1,4,214,Need Attention
17e0f8c75b7598d7786a43f257e5453f,386,1,88.6,2,1,3,213,Need Attention
17e2896de0a7da4861effe32a8c91900,72,1,39.96,5,1,2,512,Need Attention
18080ed389c72ca4d0c4396edf0ecb37,429,1,159.99,1,1,5,115,Need Attention
180c9464bbe9841ab88034fa824de53b,301,1,129.99,2,1,4,214,Need Attention
181fe5cb523664e70003f36f5ba01d23,576,1,115.0,1,1,4,114,Need Attention
183694e413cc577ea63e277edb06d393,54,1,56.1,5,1,3,513,Need Attention
18371062fe5ec3dd3f4f48d8011749d7,204,1,58.99,3,1,3,313,Need Attention
183b3b30ae54f3d2aa95dffbafe03a51,41,1,168.75,5,1,5,515,Need Attention
1843cceebcc1e391249a2714facc8ba3,135,1,79.9,4,1,3,413,Need Attention
1849e2814a680fd9e23e3c47f53ca85d,504,1,99.99,1,1,4,114,Need Attention
184a10e1b37c850d78c7c5539cecb036,136,1,0.0,4,1,1,411,Need Attention
184b3cfd8ffb32d11694d567f18e330a,468,1,419.9,1,1,5,115,Need Attention
1858eacbc8be35fe3b5dcfcd6d249462,273,1,320.0,3,1,5,315,Need Attention
185dee501a0c28b9c799ff72a3e527c7,50,1,40.0,5,1,2,512,Need Attention
188e8f08287e3c78f08db012795abe53,383,1,179.8,2,1,5,215,Need Attention
188ef8f9db0d9602fac4cb40302c31d2,566,1,147.9,1,1,4,114,Need Attention
189695385be9c98b90ddc8d84aa7ce36,35,1,13.99,5,1,2,512,Need Attention
1899d90f4d0689ebf2f45f683c414fda,60,1,49.9,5,1,3,513,Need Attention
18a2a03ff64c5d3a193b607e0cc72fed,253,1,26.99,3,1,2,312,Need Attention
18a92b418073ab012ced47b5bfb61e0f,67,1,69.99,5,1,3,513,Need Attention
18ad234ff8ab86b33af5664c97e0712a,254,1,0.0,3,1,1,311,Need Attention
18b0804c12cb4d5de0e81612a5af006a,89,1,17.37,5,1,2,512,Need Attention
18bc87094128bbfe943cf88adcf72059,88,1,29.89,5,1,2,512,Need Attention
18c0e77a9b110ab32b12afa6550d1fd4,252,1,325.0,3,1,5,315,Need Attention
18c75282901f7db1fe38e8c9a3ce4c12,97,1,0.0,5,1,1,511,Need Attention
18d07b1d575b2e55a0b512ac374ccb1c,246,1,29.5,3,1,2,312,Need Attention
18f13a4030ea2c8f9faf14771f09d8f6,52,1,29.0,5,1,2,512,Need Attention
18f17d06cfab0ac657117484cd1f6fd6,53,1,0.0,5,1,1,511,Need Attention
18f1d76138f1b657ec314c617bb3842f,231,1,65.0,3,1,3,313,Need Attention
18f3e31e740f2a60a1d244da878805f2,128,1,86.9,4,1,3,413,Need Attention
18f5297f0b1726510b921f957cc9d831,144,1,299.99,4,1,5,415,Need Attention
18f818704eb57c4cc9352d7544650c63,192,1,28.9,4,1,2,412,Need Attention
1904191be8eb1c83bafa96fb36db8b6f,518,1,117.3,1,1,4,114,Need Attention
191525912e1a31a97bf8b481ce852f75,106,1,0.0,5,1,1,511,Need Attention
191e184573cf04ed0a99a5250488a483,400,1,59.9,2,1,3,213,Need Attention
192cebe1ce37dd56b81350bf2d371dbc,167,1,0.0,4,1,1,411,Need Attention
193298eb249a916be586a514e92c8c73,40,1,149.9,5,1,4,514,Need Attention
19473c6ffcf611d71a7ea7f03a17f6dc,154,1,299.9,4,1,5,415,Need Attention
19595c748b330b19286ae94092b6d900,97,1,69.9,5,1,3,513,Need Attention
196fbfa6f817924c4e13687eef22fb30,78,1,236.0,5,1,5,515,Need Attention
1988d7a1e4df97f78b2e81f091b8c429,209,1,189.99,3,1,5,315,Need Attention
198fa73f9282fb46d9b5b5c25394b7e1,31,1,43.0,5,1,2,512,Need Attention
199f79d734f967bec584ed6d2a4cefc6,401,1,149.9,2,1,4,214,Need Attention
19af9b225f66ff34c9759c845af428a3,288,1,559.0,3,1,5,315,Need Attention
19cb50ca8ff9afe19ce39c5d9562f3bd,191,1,27.99,4,1,2,412,Need Attention
19e5b71b7be85c9d54c418dfb4088614,100,1,399.79,5,1,5,515,Need Attention
19edaf153484534b0d582195a5cd8ff8,225,1,99.9,3,1,4,314,Need Attention
19f5acc3c5ca87411b38a8e942106fac,189,1,119.9,4,1,4,414,Need Attention
19f735a9a58a187253055f9d4bcc2bb6,332,1,55.0,2,1,3,213,Need Attention
19fa462928b554091db0f210254ec2e1,179,1,12.67,4,1,2,412,Need Attention
19fe66d478bfedfdcc743014d562b777,100,1,44.0,5,1,2,512,Need Attention
1a12b5c2a931ae8a32340bc87db0d3ed,468,1,259.9,1,1,5,115,Need Attention
1a2042f30f2a7ecefdde313fa0cf151b,586,1,50.0,1,1,3,113,Need Attention
1a253bef0924d2e184d8c1de30d32d0d,406,1,117.9,2,1,4,214,Need Attention
1a29b476fee25c95fbafc67c5ac95cf8,166,1,74.9,4,1,3,413,Need Attention
1a2d84203a039be469e1e754f4b8b0b2,163,1,0.0,4,1,1,411,Need Attention
1a2dc00176c3417843bf9d9f318a6573,171,1,24.99,4,1,2,412,Need Attention
1a31f48887f7394353577d5d19aa0ec0,154,1,0.0,4,1,1,411,Need Attention
1a32f102c11b91156379253cb770aac3,163,1,269.0,4,1,5,415,Need Attention
1a36d4ff0116a6903cfacce00fee523f,151,1,49.9,4,1,3,413,Need Attention
1a3a962a15f8c6ee0178e1102387d3cc,101,1,2139.99,5,1,5,515,Need Attention
1a3eefe727f7fb12267714f60060fa91,58,1,0.0,5,1,1,511,Need Attention
1a431b876dce84b93132c2f8bf2701a0,250,1,49.96,3,1,3,313,Need Attention
1a48d9b6db20bdb9846b71eaa2bee03b,103,1,67.99,5,1,3,513,Need Attention
1a52e558853b943a04c7ff6285d6d328,288,1,0.0,3,1,1,311,Need Attention
1a5f53459ebb9f8a705378dc76f572b3,53,1,25.9,5,1,2,512,Need Attention
1a6b1ff8c6841f14b71040a070ad78df,109,1,49.9,5,1,3,513,Need Attention
1a6bd2815ac4d675cef027a2a2359e3d,322,1,225.98,2,1,5,215,Need Attention
1a6f3f11da7a12fd62c4228f76ca72c5,253,1,149.9,3,1,4,314,Need Attention
1a732a4b42dc7c3b3710e04d65836995,212,1,0.0,3,1,1,311,Need Attention
1a922c593edc0c31a83d0fd32883bd62,162,1,18.0,4,1,2,412,Need Attention
1aa85a5b16073b73eb97183f2da3402c,383,1,187.0,2,1,5,215,Need Attention
1ab6f51cbc59e795693aec988cc2906d,412,1,69.9,1,1,3,113,Need Attention
1acfddcc366d45e07b84eedc46282cdc,40,1,249.0,5,1,5,515,Need Attention
1ae2ca057af5e68ed97bae308f089b16,37,1,189.0,5,1,5,515,Need Attention
1aeda8a7a2736542b65f15a8ff8d0f5c,100,1,209.99,5,1,5,515,Need Attention
1afd7120075c414823b60625c776e6ea,346,1,199.9,2,1,5,215,Need Attention
1b01a85652180f2620dfa1a1bc4f91dc,132,1,0.0,4,1,1,411,Need Attention
1b0843d4f653e7301b596757fed2179d,168,1,120.0,4,1,4,414,Need Attention
1b0cc6f6f8dce1fb360b7eefc1a1b8ba,129,1,149.9,4,1,4,414,Need Attention
1b1819e5da72c7a8c26b2e46aeeac553,212,1,0.0,3,1,1,311,Need Attention
1b3b0b055ed21f7ce245c233772bb5d4,476,1,219.9,1,1,5,115,Need Attention
1b3ca5f1c4db09255e55e10081735224,186,1,39.9,4,1,2,412,Need Attention
1b3f87983f51dc8069dbb2fa88d6303f,316,1,59.99,2,1,3,213,Need Attention
1b4a777f2e6f3f24c024c533ea46418f,275,1,23.4,3,1,2,312,Need Attention
1b4df9eac3b620a7edbbd5e0ff34b7d4,96,1,0.0,5,1,1,511,Need Attention
1b542f810484d8c042aed33a7c61a218,178,1,36.9,4,1,2,412,Need Attention
1b5908d160c0942cc1b26bc725536d42,88,1,29.6,5,1,2,512,Need Attention
1b6c7548a2a1f9037c1fd3ddfed95f33,219,1,152.99,3,1,5,315,Need Attention
1b6d29725255a77667a8c639eeb4ccc0,38,1,50.0,5,1,3,513,Need Attention
1b6e96ed99cb8d135efe220d761bbd67,36,1,35.8,5,1,2,512,Need Attention
1b735182e76aa01a60c544790d9c5efa,114,1,39.9,5,1,2,512,Need Attention
1b7485f213b9168a29f3ef0c05a799a7,556,1,64.8,1,1,3,113,Need Attention
1b76903617af13189607a36b0469f6f3,122,1,3099.75,4,1,5,415,Need Attention
1b7ac802721f14d25a06a4fe3273a0ba,549,1,152.72,1,1,5,115,Need Attention
1b86bd501d916b3c67a5dbfe7f49af47,170,1,139.8,4,1,4,414,Need Attention
1b9c0951f6e51a50af8587aac775139b,197,1,0.0,4,1,1,411,Need Attention
1b9d0a0c0fd5211ae01a554419120554,164,1,48.8,4,1,2,412,Need Attention
1ba017d398d4fd2ad48fe28b0a9d94a1,335,1,110.0,2,1,4,214,Need Attention
1ba3b514be1d70d320100d30b28034a0,200,1,110.0,4,1,4,414,Need Attention
1bb24948a31a2ee3e71f6be59e0dc971,148,1,55.0,4,1,3,413,Need Attention
1bb9912216b71d07521e925dfd0a70db,65,1,109.9,5,1,4,514,Need Attention
1bc28b08fa28f7f12d4373d7ee73978b,190,1,119.9,4,1,4,414,Need Attention
1bcb0d37872e0be7a8dd956b475523dd,108,1,109.0,5,1,4,514,Need Attention
1bd079614e3083a1b77785498c216420,79,1,0.0,5,1,1,511,Need Attention
1bd5ffb847db8a89dee6f626e863713c,323,1,699.99,2,1,5,215,Need Attention
1bd9a5bbb6bd58aff597ffaab9d16cb5,251,1,79.0,3,1,3,313,Need Attention
1bdeec4c380b916acfc8143d53a2129e,93,1,0.0,5,1,1,511,Need Attention
1bf9fc7ffb95e625c1fd04937cf01892,137,1,105.0,4,1,4,414,Need Attention
1c04efed77438ede570dee4612719c92,95,1,25.0,5,1,2,512,Need Attention
1c07c978d00a438ebfcf8ac093cfd666,352,1,59.9,2,1,3,213,Need Attention
1c12fb820ab4fda07eb3d72f03c5ac3b,26,1,249.0,5,1,5,515,Need Attention
1c13e7a690e418f5a133c8a219b5a124,85,1,844.0,5,1,5,515,Need Attention
1c17656ec65029ae51ca6c7cb7f8288a,43,1,78.5,5,1,3,513,Need Attention
1c23e9b21cc43e6f701683d23ab22360,371,1,299.0,2,1,5,215,Need Attention
1c39144d899f035157a7761e319bc3ea,132,1,18.99,4,1,2,412,Need Attention
1c39c97eda972b5229e94dad96ccfbb5,298,1,250.0,2,1,5,215,Need Attention
1c4ad540c8c5c36be4a8b8ec08f79638,346,1,294.99,2,1,5,215,Need Attention
1c5d44eafa7759924213b552d9c44443,88,1,89.5,5,1,4,514,Need Attention
1c7260b99484b79c9e8adc2dabbdfc4f,184,1,0.0,4,1,1,411,Need Attention
1c7a472b0cadf146922d61c04276e55c,454,1,89.0,1,1,3,113,Need Attention
1c8d56713e12f99df6c515b231ba4781,251,1,13.7,3,1,2,312,Need Attention
1c96b00d7bad9cc71f6505a8e81d0c67,102,1,0.0,5,1,1,511,Need Attention
1c9ed81f7bb6e825a13612758cb4442e,347,1,59.9,2,1,3,213,Need Attention
1c9fa27a4db6bf9c57a0062eee2e031e,80,1,59.0,5,1,3,513,Need Attention
1cbaac6875e786630136369e019eae58,552,1,54.0,1,1,3,113,Need Attention
1cd4ae7e04ee353090b3f56217e3c237,478,1,89.0,1,1,3,113,Need Attention
1cdde99739da4d143d41c2a6ac81c82d,283,1,0.0,3,1,1,311,Need Attention
1cded6ca89369116445beb717d8f7552,208,1,144.0,3,1,4,314,Need Attention
1ce670f2342ab0961580191511d642d4,134,1,249.99,4,1,5,415,Need Attention
1cf23763ac9e9e8d66727be259813df6,130,1,180.0,4,1,5,415,Need Attention
1cf95ab85e53a989c141f7af90aa93ce,189,1,0.0,4,1,1,411,Need Attention
1cf96944b82b35e8e5e620208a66afa7,412,1,55.0,1,1,3,113,Need Attention
1cfcda54cd798f92b3de0b0308b6c4be,79,1,76.0,5,1,3,513,Need Attention
1d142b038c3043e0f65cdeca3f0fe729,169,1,19.9,4,1,2,412,Need Attention
1d15c4b479b85b74daf5f6742dd3d05d,591,1,89.18,1,1,4,114,Need Attention
1d15f7e108877a5588200e84345a9a68,406,1,59.99,2,1,3,213,Need Attention
1d1a1687cee3f1cc27542a425c2125e7,142,1,139.9,4,1,4,414,Need Attention
1d1ba2c41bab908a576c10f2f602626c,175,1,94.0,4,1,4,414,Need Attention
1d2435aa3b858d45c707c9fc25e18779,611,1,551.2,1,1,5,115,Need Attention
1d34beeda3b2d9a16c418c0d1419bdea,44,1,179.4,5,1,5,515,Need Attention
1d497b6ec01b42ac1e4c957bf8e8195a,187,1,234.0,4,1,5,415,Need Attention
1d4f569ad299cc732521f6b76f661505,181,1,15.0,4,1,2,412,Need Attention
1d59e4eecfa206d206db45c317e78920,416,1,109.89000000000001,1,1,4,114,Need Attention
1d6469215cc70a0e1512aceb14022644,286,1,9.0,3,1,1,311,Need Attention
1d69fcb75a5ae79f19d3607cda9cda2a,84,1,39.99,5,1,2,512,Need Attention
1d74273c053909be057f50f65b48522f,285,1,199.8,3,1,5,315,Need Attention
1d74b37a78cc3049e04f78b99ac73259,415,1,299.8,1,1,5,115,Need Attention
1d76262324fb722af0b9f273278139a8,159,1,0.0,4,1,1,411,Need Attention
1d77389751e0631b622eea6f6e14159e,327,1,159.0,2,1,5,215,Need Attention
1d7a114de845f432b9d79013dcbe9289,255,1,25.99,3,1,2,312,Need Attention
1d84bb0eda369daff7786d9aebcd988d,182,1,509.0,4,1,5,415,Need Attention
1d8dc0ddca15b95682905c326b2dbb20,293,1,456.0,3,1,5,315,Need Attention
1d8f1ca82cf6c04de2391eb61b9ae364,403,1,98.99,2,1,4,214,Need Attention
1d9131ab30ee96a923736b965c521a39,225,1,110.99,3,1,4,314,Need Attention
1d94328e99e3a20baebf58fbdf717dea,50,1,42.99,5,1,2,512,Need Attention
1da7e0c16d2176c357472ed588c5c647,105,1,0.0,5,1,1,511,Need Attention
1dacb145d464fb9673c38b1a13670af5,165,1,51.5,4,1,3,413,Need Attention
1dbacfbc8a8b1ef3409ab799d372eeb2,129,1,135.0,4,1,4,414,Need Attention
1dc6e62032b47fb3dac4dd2bb44f806b,305,1,176.9,2,1,5,215,Need Attention
1dc7440f23e4c725d3795cdaff6fb994,158,1,29.9,4,1,2,412,Need Attention
1dc848c11c2985635c268ff3dea707eb,716,1,93.9,1,1,4,114,Need Attention
1dcfe5a028fe9574a1b3c544f2a173bf,147,1,64.9,4,1,3,413,Need Attention
1de5850ca9f40f0dd5a13262b56223aa,50,1,0.0,5,1,1,511,Need Attention
1df745bea08a8a107db186724c8cd2a8,194,1,0.0,4,1,1,411,Need Attention
1df8409f01b714da94bfe0f74cf7dc4f,296,1,113.0,2,1,4,214,Need Attention
1e04143b08a65150330f4d2c3109eaea,106,1,219.99,5,1,5,515,Need Attention
1e0ee6797ad27881a1775124505468ec,170,1,13.3,4,1,2,412,Need Attention
1e0f40203d3ba55e9ab409bbdb57e237,86,1,49.9,5,1,3,513,Need Attention
1e0fd284347b0ed8c11f03f342c8460a,317,1,99.0,2,1,4,214,Need Attention
1e17c906173cbf94c518102351573fac,492,1,118.9,1,1,4,114,Need Attention
1e1ea717e5582112be81201874040e82,435,1,799.0,1,1,5,115,Need Attention
1e2c7891e273489845ebabe0310029c3,57,1,199.8,5,1,5,515,Need Attention
1e3d5ec055904eea7d4e95d60a1ad2cf,127,1,60.0,4,1,3,413,Need Attention
1e42daf0af58fb971d1598af1fd2497e,416,1,690.0,1,1,5,115,Need Attention
1e57acebf9849b1d7af7c21c14c1b99f,364,1,179.99,2,1,5,215,Need Attention
1e75f52b3a8f44f54d133b711b883f93,71,1,64.99,5,1,3,513,Need Attention
1e7db3e12cc7ca34014fbc24ae190920,247,1,259.9,3,1,5,315,Need Attention
1e81587ab2633b7b134efc91983f01bb,247,1,54.9,3,1,3,313,Need Attention
1e8ae2128137cd86fb6cc9d0445fcf7c,260,1,0.0,3,1,1,311,Need Attention
1e8b70cce882badaff158c24c2b9eb24,499,1,109.9,1,1,4,114,Need Attention
1e8bc2faef25efa8fab9d52f1f12bf7f,548,1,56.9,1,1,3,113,Need Attention
1e8d38254b74212442ed7c9f40e71c26,301,1,95.0,2,1,4,214,Need Attention
1ea68e64acf2c139dfb05f7f10783ca0,327,1,122.0,2,1,4,214,Need Attention
1eaa53faf68bb4c2a2d95a56b63aa8b1,189,1,39.9,4,1,2,412,Need Attention
1eae1cce4c03f0915482bc43c7427c75,294,1,119.9,3,1,4,314,Need Attention
1eb10c8931ef3b01cd2cf7a6712809b2,260,1,69.9,3,1,3,313,Need Attention
1ee38c48e009ccc32f5ab7fd7ee65650,249,1,155.99,3,1,5,315,Need Attention
1ee68e5d9aee3ee39f6aab702de9d5c8,172,1,39.0,4,1,2,412,Need Attention
1ee910b8be2fb6a731b54edf304e1b6f,184,1,185.0,4,1,5,415,Need Attention
1f1089f7fffedd740c72bed29ff77faa,97,1,0.0,5,1,1,511,Need Attention
1f16347ffdba1e1e559fcbf1498b305d,52,1,56.1,5,1,3,513,Need Attention
1f384d009ea1f061ecdf85fe6838173a,47,1,0.0,5,1,1,511,Need Attention
1f411180ef22032e1bbf9ec7a94a6ebf,63,1,250.0,5,1,5,515,Need Attention
1f46c0ce030634c7dada0593638d8ba5,342,1,59.9,2,1,3,213,Need Attention
1f53ce3e279f1272b2fb964bb2ba25ed,214,1,22.99,3,1,2,312,Need Attention
1f577f9d2fc2b5baa6d19772989201f2,227,1,35.99,3,1,2,312,Need Attention
1f586cd6aa79633f178634358bba566b,218,1,0.0,3,1,1,311,Need Attention
1f65b985510dd34cd39d7c91b7663c9d,433,1,187.0,1,1,5,115,Need Attention
1f692e0c3081b4bcdb48b8b84e2359da,100,1,14.95,5,1,2,512,Need Attention
1f6da708e9a7bd7314954d85603fc0ac,427,1,121.9,1,1,4,114,Need Attention
1f7d9afd77ceacfa0b5b461a50818806,135,1,0.0,4,1,1,411,Need Attention
1f7dc38d123a145e63608b9825f615ba,209,1,159.98,3,1,5,315,Need Attention
1f98d2384ff7a372e6a2d3bb75cbcd54,112,1,390.0,5,1,5,515,Need Attention
1fa9b1d14629ef237e0b2f570030df90,354,1,149.8,2,1,4,214,Need Attention
1fafefa7734433ada619a6cef43aaf69,279,1,149.9,3,1,4,314,Need Attention
1fcc4782a657a3e8e4f2632f310365bb,208,1,0.0,3,1,1,311,Need Attention
1fcc678e05cac2f2cf25563977d488c7,315,1,185.99,2,1,5,215,Need Attention
1fd3bfcd9ad31bbc4910b46c3b1d12d9,111,1,180.0,5,1,5,515,Need Attention
1fd4f857b3f68f5622ebde22e2b328a6,97,1,12.99,5,1,2,512,Need Attention
1fe1ebaae0912c827a35e8a93c1c5ce7,194,1,18.89,4,1,2,412,Need Attention
1fed83cc5a2835d406f832dbf55125ca,315,1,59.9,2,1,3,213,Need Attention
1ff3b4e02a84ba7bd1bd2a65bc330514,123,1,0.0,4,1,1,411,Need Attention
1ffa1c8081e0965ad547cec0656e6883,210,1,29.99,3,1,2,312,Need Attention
20026c0655b6e967cf3fe0a9b46ae545,253,1,0.0,3,1,1,311,Need Attention
20051fc1229f95f99e0a0b17ce4063a0,200,1,139.0,4,1,4,414,Need Attention
200634a6304a1f897294667af62a3163,164,1,0.0,4,1,1,411,Need Attention
2012b2a91b073059bd14c5ab78911e43,80,1,0.0,5,1,1,511,Need Attention
2015cd1d7aec90a593ba1aaa28440665,85,1,28.56,5,1,2,512,Need Attention
2023d2b0225103036782dc7ebdefa443,155,1,89.9,4,1,4,414,Need Attention
203be24e6117b285f1a0e57eab8d4b41,251,1,179.9,3,1,5,315,Need Attention
204e4eb7fab7250655e67b221ded1fbc,181,1,27.9,4,1,2,412,Need Attention
20594fdc17c82450f53730cd72ce04c3,126,1,125.9,4,1,4,414,Need Attention
205fea0ca71690b632ed095aaf2ad12e,80,1,299.8,5,1,5,515,Need Attention
2062829df366557aaf33d5f28c84318a,562,1,399.99,1,1,5,115,Need Attention
206e64e8af2633a2ebe158a7fcb860db,493,1,89.9,1,1,4,114,Need Attention
20738507f8a57dbde7be8f66ce61a1b5,63,1,299.0,5,1,5,515,Need Attention
207a5537c81aceaf5ef4f5b1ee4cd09c,337,1,50.0,2,1,3,213,Need Attention
207ba0e71c642b6eda7d0f4d41673751,44,1,0.0,5,1,1,511,Need Attention
208fe9aa6033a77419f8f503b7698e03,57,1,0.0,5,1,1,511,Need Attention
208ff27cb49cb5f4cdbc72c014e184d7,303,1,150.0,2,1,5,215,Need Attention
20917cee243e32974933fca49feb2829,198,1,0.0,4,1,1,411,Need Attention
2098c28fe80f222ed41eaa2171be6f01,61,1,21.99,5,1,2,512,Need Attention
209ac14596dfd6955aa74a21297d79d2,226,1,24.99,3,1,2,312,Need Attention
20a7b23991a3e7add72499c3a00061d4,158,1,119.99,4,1,4,414,Need Attention
20bb1d9431264f331e47b2da94991eaf,41,1,199.9,5,1,5,515,Need Attention
20bf09de7dee69430bf49c36c1d8426a,119,1,13.77,4,1,2,412,Need Attention
20cf7edff7e4ef60eb4564297ee0f65e,229,1,31.9,3,1,2,312,Need Attention
20d6573dac7f95308e037246c7c825f7,300,1,59.89,2,1,3,213,Need Attention
20dfefdb2b3f011e0fddfbdd546680a5,588,1,99.0,1,1,4,114,Need Attention
20f63f201e5243070adec9b519194085,46,1,0.0,5,1,1,511,Need Attention
20fdad45aed5ae04cce21af8f56cc98f,155,1,0.0,4,1,1,411,Need Attention
21047388773cb249c4c1348fceaebd18,188,1,39.9,4,1,2,412,Need Attention
211e4234ffca5cec9b0ab183a1009256,136,1,109.99,4,1,4,414,Need Attention
21376c7cf3879b5e2119d39f1a596f9c,89,1,69.9,5,1,3,513,Need Attention
2138be072de38e69d3f456d5bd7fa2f5,572,1,198.0,1,1,5,115,Need Attention
213ce7ea2a0345a65b4045cf55be42d8,246,1,52.39,3,1,3,313,Need Attention
214629c0968df90a29892da7512fcf8a,157,1,179.9,4,1,5,415,Need Attention
2147a5dfb665b52abe1fd1a0fa5326cf,170,1,15.0,4,1,2,412,Need Attention
21559d7ff0ebff720e5e160184338fed,63,1,0.0,5,1,1,511,Need Attention
21560f93adbd9ada040a40909ac8619d,396,1,179.98,2,1,5,215,Need Attention
215a9975430b79bfc8e836ca2dcffb92,56,1,0.0,5,1,1,511,Need Attention
215e0a9044344dca7820b462c60bd206,287,1,0.0,3,1,1,311,Need Attention
21642f939fc937f5b8ee999e362c4883,397,1,139.8,2,1,4,214,Need Attention
2185937c8c6a63a563c1c02e287274ce,267,1,0.0,3,1,1,311,Need Attention
21a2d9dc71459dbd3dad219cb9681964,411,1,239.0,1,1,5,115,Need Attention
21a5804a0e4279d2953a2f0067637905,254,1,258.0,3,1,5,315,Need Attention
21ac2a805b374c2aa44d6a5301a1b4a9,335,1,82.9,2,1,3,213,Need Attention
21af73f960a77885e91a806c06b0c1e3,181,1,25.0,4,1,2,412,Need Attention
21b890a8701db02f2107d0da119edc67,170,1,349.9,4,1,5,415,Need Attention
21dbe8eabd00b34492a939c540e2b1a7,23,1,0.0,5,1,1,511,Need Attention
21e0532ee2e78478432ee1fb06ae3d15,211,1,59.8,3,1,3,313,Need Attention
2205452883526d0f4dfe5f23ba2fd6d7,601,1,79.9,1,1,3,113,Need Attention
22062343697ed12f7c1d0cecd982b0c4,203,1,204.0,4,1,5,415,Need Attention
220d6d0b622a3b6f6bbe074ed9b7fdea,448,1,87.0,1,1,3,113,Need Attention
221307c4fbd9b8763b52ae5cb3384e1c,97,1,29.88,5,1,2,512,Need Attention
221d59abddcd719f3ec72c50078b9e31,58,1,56.1,5,1,3,513,Need Attention
22368ffd50b3053231db9241f9d3b1fb,136,1,34.72,4,1,2,412,Need Attention
223695e4bcc4f7b660ae257524363af2,24,1,21.99,5,1,2,512,Need Attention
22483fe27670232168eebb24cdbd3c20,87,1,0.0,5,1,1,511,Need Attention
224f83318c1a2b83dd1d7beeeb9f0e30,65,1,0.0,5,1,1,511,Need Attention
224faf76f82020526445e2ac200af0b5,276,1,15.6,3,1,2,312,Need Attention
22520c2c5d7878679e8451c218a61937,332,1,59.9,2,1,3,213,Need Attention
2266dcec28ccdabb7d6fa01ce34b67c7,268,1,129.0,3,1,4,314,Need Attention
227aab671ee7cda5c88bd91ef18d8bb1,480,1,499.98,1,1,5,115,Need Attention
22922c14a63a020f04ee428cf5f2e995,39,1,226.0,5,1,5,515,Need Attention
2296f6a5a91fa8639fd18c7f180be129,370,1,85.9,2,1,3,213,Need Attention
229d029f241c7e742bc0614d8113e4e2,181,1,44.99,4,1,2,412,Need Attention
22a10db985bf635ffcb7eb3af7d33913,172,1,19.9,4,1,2,412,Need Attention
22abb23a37bf693f3f66fecb4232c136,71,1,337.18,5,1,5,515,Need Attention
22b05429f5f6165b033dd8ee7cee1150,196,1,0.0,4,1,1,411,Need Attention
22b59a78fa7b501bdd7e72a076ec03c0,199,1,49.89,4,1,3,413,Need Attention
22be41ad7d58c7774c6e036348a042d0,508,1,119.9,1,1,4,114,Need Attention
22c8d7801061f27eff57f37ac4ef10e1,136,1,48.989999999999995,4,1,3,413,Need Attention
22d3603496369abf02985be067ea26d9,331,1,113.9,2,1,4,214,Need Attention
22d59fb14a6f83c307282e983523cbb4,441,1,75.9,1,1,3,113,Need Attention
22e8b5bc5e81dfa4a832da8f0b1452da,28,1,104.0,5,1,4,514,Need Attention
22eb525ae51d50702a0529b1aab62316,147,1,0.0,4,1,1,411,Need Attention
22f6af8201369f9eb96592db3142b9c2,282,1,265.52,3,1,5,315,Need Attention
22f991135d9f17735cabc8104f7657c9,499,1,199.99,1,1,5,115,Need Attention
2306533ed96be8166f935a6061c2ff01,493,1,49.0,1,1,3,113,Need Attention
23160a1a837a73b3fc048f8d37da60dc,194,1,0.0,4,1,1,411,Need Attention
23280ccfac94b7bc3fb94ae94adbca26,287,1,295.0,3,1,5,315,Need Attention
232ed142b4efa7b998358c405e9343da,128,1,79.9,4,1,3,413,Need Attention
2332ad18bcdd2763999ec846fe8020fa,163,1,0.0,4,1,1,411,Need Attention
2349bbb558908e0955e98d47dacb7adb,255,1,0.0,3,1,1,311,Need Attention
234a33069b304d9f4f5dc9c3b99abc24,253,1,21.99,3,1,2,312,Need Attention
236198ab615d09261ebbb64e82cd89a7,308,1,179.94,2,1,5,215,Need Attention
23622d8528b2fcc0b4a2b03df2cdfbd8,420,1,787.9,1,1,5,115,Need Attention
23643c53099bde88bb77d5a199704035,478,1,198.0,1,1,5,115,Need Attention
237b5de0ef8f93ba5e0462378422dc70,486,1,59.9,1,1,3,113,Need Attention
2380952657b113b50227e5f5e7c90005,239,1,0.0,3,1,1,311,Need Attention
2385022f396a4576e03f4029beef4004,141,1,110.0,4,1,4,414,Need Attention
238aa5978c106a7d5a873faf150e75fc,291,1,299.99,3,1,5,315,Need Attention
239407ffc2db91f9b09951b93ce92c52,112,1,114.0,5,1,4,514,Need Attention
2396ed0f849c195da124f55b4c17ee35,598,1,59.9,1,1,3,113,Need Attention
23a77d53d020df90a645854f07cbd8ef,302,1,51.96,2,1,3,213,Need Attention
23a9fb140ba870f4966fca4aa223e492,237,1,0.0,3,1,1,311,Need Attention
23b833537a1b57f8e1233d20320885cf,30,1,8.5,5,1,1,511,Need Attention
23c033f6c75a249727d9fdd366352b97,45,1,170.0,5,1,5,515,Need Attention
23caccaf9e1b269680d808b1c45c2654,304,1,49.31,2,1,3,213,Need Attention
23d4d7eee9aebd10dcd081611f8ab998,452,1,595.0,1,1,5,115,Need Attention
23d4f3fb1c76162bd81ed379927ffae2,101,1,35.0,5,1,2,512,Need Attention
23daf66dd86071f57d332fa5562afbe9,120,1,12.88,4,1,2,412,Need Attention
23dfc0699e210b827b44e6bad54e9b68,401,1,99.0,2,1,4,214,Need Attention
23e5f7d84dad8339f627d75ac90e2d43,233,1,179.9,3,1,5,315,Need Attention
23e7bcac2f3b067fe6ecb4ca8e130bf0,175,1,152.0,4,1,5,415,Need Attention
23ed2fdf0c304561276031318ba9c759,149,1,149.94,4,1,4,414,Need Attention
23f5ef949f4f54d239cadd6aa0ca48ed,136,1,40.8,4,1,2,412,Need Attention
23f8c588812e2716492efc4607e051a9,65,1,35.2,5,1,2,512,Need Attention
2400289b896122e17ce9cb362141c8c6,158,1,94.9,4,1,4,414,Need Attention
2410195f6521688005612363835a2671,379,1,50.0,2,1,3,213,Need Attention
24115a0c9fc9115c586e54fd5f42e8d1,255,1,29.5,3,1,2,312,Need Attention
2420662d39289d527ba8b94aaab3a281,294,1,122.99,3,1,4,314,Need Attention
243d5266b96f1d78a25d2c9daaa8eb8b,491,1,84.99,1,1,3,113,Need Attention
24481dfda3564e4b1f284c8b7ed9a41a,67,1,149.0,5,1,4,514,Need Attention
245c870b2ffc61c7cbf173b9b1667dcd,48,1,180.0,5,1,5,515,Need Attention
247abb2be98c7d9fc9190efb37097f51,185,1,255.0,4,1,5,415,Need Attention
248669a947931e373ece1b933e8f519e,512,1,89.9,1,1,4,114,Need Attention
2486f0594797f4e9edc77f1867f25872,409,1,69.9,1,1,3,113,Need Attention
249909f9236a3a49b9bc89689371aac0,87,1,184.9,5,1,5,515,Need Attention
24a0683609e642fe0d86e5e2c97712f5,41,1,102.9,5,1,4,514,Need Attention
24bebb6ff5f6b160cf78f11ad5c7278e,271,1,75.0,3,1,3,313,Need Attention
24c3b1f7de93a87ffe0506dd93ccaad8,199,1,269.0,4,1,5,415,Need Attention
24caecc7bc5818872f110b8b262ef953,375,1,90.0,2,1,4,214,Need Attention
24ce52ae8aa3dbf8532f95ccb1b00548,84,1,27.9,5,1,2,512,Need Attention
24d2610d6b2605ba1fa5659b57f48205,604,1,320.0,1,1,5,115,Need Attention
24f745bc1e03f89dfab8941b672a8104,514,1,115.99,1,1,4,114,Need Attention
24ffbb655914998319377df431e3c47a,31,1,56.9,5,1,3,513,Need Attention
25005ef67dd44bb53b64ab1ca6b98704,267,1,49.9,3,1,3,313,Need Attention
251fe896b938a0b3a2892d5b6ce68cbe,232,1,0.0,3,1,1,311,Need Attention
2524dcec233c3766f2c2b22f69fd65f4,287,1,638.0,3,1,5,315,Need Attention
25268e3786435da9df6302a94232b271,178,1,0.0,4,1,1,411,Need Attention
2526d3bb06624f7c5bedf2ef7a5bc4f0,579,1,459.0,1,1,5,115,Need Attention
252c0dcac11ce99e1f06fc9fd4218fd7,268,1,76.9,3,1,3,313,Need Attention
252e897731145fbfc65492446f59b28e,235,1,108.0,3,1,4,314,Need Attention
25303bc46489df09b03bd275c3772d19,539,1,83.36,1,1,3,113,Need Attention
25314849bf706df0e00da89ccff9bdc3,61,1,0.0,5,1,1,511,Need Attention
2533c08e536d5bb805fcac72ccb36345,227,1,60.0,3,1,3,313,Need Attention
253dd87d06a70cf96ef4c39c8fc646e1,289,1,149.9,3,1,4,314,Need Attention
25448c9f3f3de9656ad76b07942ed84d,353,1,116.0,2,1,4,214,Need Attention
256a24db42eee1f408d7c0591e6447e3,83,1,58.99,5,1,3,513,Need Attention
2573467bea86fae9af4db442a1ef23bc,507,1,2338.88,1,1,5,115,Need Attention
2575b93f24ae722702825789254eaa1a,210,1,59.9,3,1,3,313,Need Attention
25799bf6b79e82c19bd6d590c02cf821,238,1,0.0,3,1,1,311,Need Attention
2586fca3220b925aec835cce085fe64e,520,1,79.8,1,1,3,113,Need Attention
259c6411e59f8d2ce1eb64375b92086a,259,1,79.9,3,1,3,313,Need Attention
25c8b790b3dfcacce54015fd1076f284,52,1,0.0,5,1,1,511,Need Attention
25cac425f64ae1b78c60c2afae3ec384,247,1,33.85,3,1,2,312,Need Attention
25ceabcd8e79d50d5c4b252a250382ae,484,1,458.0,1,1,5,115,Need Attention
25e0e9c50bbbb702165055bb4bb2f2f7,115,1,64.99,5,1,3,513,Need Attention
25e5455484cf2ef3657b7808eb6012bb,99,1,82.94,5,1,3,513,Need Attention
25ea8a0c2d364abc3bb96abb9a731cfd,176,1,99.9,4,1,4,414,Need Attention
25f24493ded5ebebc26a69b5db344e35,312,1,89.99,2,1,4,214,Need Attention
2630602e9535f2b5347b3e9fc77eab65,182,1,21.99,4,1,2,412,Need Attention
263c5426dd054f1975c09a1e8018bc7f,88,1,109.99,5,1,4,514,Need Attention
264948e03eef857d56379613eae0381c,239,1,0.0,3,1,1,311,Need Attention
26508b7c8910ff77b6f8f7ba21fdda26,71,1,0.0,5,1,1,511,Need Attention
26519785c800da52d3796667a222ecb0,241,1,59.99,3,1,3,313,Need Attention
2663a303bd9e9b360ebaa9e12aee0b98,274,1,107.9,3,1,4,314,Need Attention
26738f46bcdeb6d82d07035f201b2e19,380,1,52.0,2,1,3,213,Need Attention
268accaf403bb7935520aeed499f49de,162,1,54.4,4,1,3,413,Need Attention
26a51783897b15933b10d66cdf77f577,259,1,27.99,3,1,2,312,Need Attention
26ad164ad913649d86d05c20c3eaad57,31,1,129.9,5,1,4,514,Need Attention
26b3e8ebfde4ad342ce964d0c7b9de1b,64,1,179.91,5,1,5,515,Need Attention
26c48996867a67d2d6d1df9dd5e00ec8,314,1,56.99,2,1,3,213,Need Attention
26da4d1a73ee90cd60fb86fd4810c852,65,1,43.0,5,1,2,512,Need Attention
26dde313f45cda2d37668485a62d259d,150,1,50.0,4,1,3,413,Need Attention
26f0dc90a386a2375a109b6975dff3c7,292,1,27.99,3,1,2,312,Need Attention
26f17bce4c85dfa04d493059fe609cd5,54,1,0.0,5,1,1,511,Need Attention
26f73dc50abd880d521de9e5bf07ae49,200,1,24.99,4,1,2,412,Need Attention
26ff795fbd492eb47b06f47795134bff,277,1,29.9,3,1,2,312,Need Attention
270a2cd191cd19898f8abd07c5c248fc,491,1,79.9,1,1,3,113,Need Attention
27116c085ee5d78e6074c3f1103ae609,149,1,78.0,4,1,3,413,Need Attention
2722e6b3a05b8ffb366a8f2a363b2e7f,205,1,0.0,3,1,1,311,Need Attention
2726e5dc94666be0b1fdf08d02eade18,127,1,0.0,4,1,1,411,Need Attention
272a0cfd4ea65bbfc975324df7e1a448,130,1,24.99,4,1,2,412,Need Attention
2744066af4bd156c08ec0c0549e2a539,36,1,26.99,5,1,2,512,Need Attention
2749558e033658d789f02df663f27404,417,1,149.0,1,1,4,114,Need Attention
2760aef7bd977a44aabf53f656e92722,715,1,649.0,1,1,5,115,Need Attention
2765fbda0b30ef243492b1a5ce13dca5,434,1,77.68,1,1,3,113,Need Attention
276c6b10d49760263cc9d3250f695d47,102,1,67.99,5,1,3,513,Need Attention
2778aca502ff9de17286ac235086a248,273,1,39.0,3,1,2,312,Need Attention
27793c0f8ec6a16a11ff120190a38774,276,1,38.99,3,1,2,312,Need Attention
27851b9f7f49b23878342fc8fcb0ae45,73,1,45.0,5,1,2,512,Need Attention
278c30c4e97c3c218cc102eaa5da14a1,296,1,49.9,2,1,3,213,Need Attention
27956b37edf38600f8631c7679daf9c2,237,1,167.98,3,1,5,315,Need Attention
279bd194cc9790cf88fbd6442e3cf716,49,1,55.9,5,1,3,513,Need Attention
279d9065b859d2c9caf96ce8b2d0c929,464,1,49.9,1,1,3,113,Need Attention
27aede3a816dcbe05e0fc5bc5b72f311,241,1,79.6,3,1,3,313,Need Attention
27aedee05bc8e9bcc4da2bae37fd4d78,252,1,0.0,3,1,1,311,Need Attention
27c343002e49de073102bc1e24b6493c,516,1,64.9,1,1,3,113,Need Attention
27c9fbc5854ca2ab9c51abdd4b520589,376,1,219.99,2,1,5,215,Need Attention
27d0cdbda0be8965145d5951b680e5fe,151,1,26.9,4,1,2,412,Need Attention
27e86d2ae0db33b8d242c9251067d97e,517,1,79.9,1,1,3,113,Need Attention
27f610da50d98eb94f1f0745606bc9f1,514,1,139.9,1,1,4,114,Need Attention
27f69c274c36e70cc366c88f664a5537,97,1,199.9,5,1,5,515,Need Attention
27f8888a8a8bb74ca84c998090dcb982,163,1,256.2,4,1,5,415,Need Attention
280698c34077e5039c911cba6eff3b24,207,1,97.9,3,1,4,314,Need Attention
280f5ea9dbaf92b0f6deb78d8551952f,382,1,259.9,2,1,5,215,Need Attention
2822fb97bf696ca53a1ecb48ba91d288,243,1,56.0,3,1,3,313,Need Attention
2838f9f0dab6f7621f3ac149ac0b7204,94,1,0.0,5,1,1,511,Need Attention
28474464ffc2a83a0680463c36e6dfd5,163,1,25.77,4,1,2,412,Need Attention
2849cf27816b8a9572fbe6cac3c8d62c,280,1,74.0,3,1,3,313,Need Attention
284f0533e6c79c3e3397c2b185573a78,200,1,39.9,4,1,2,412,Need Attention
285ac32a83fba63840f4c5157cd64c40,245,1,159.9,3,1,5,315,Need Attention
28676fd63ebb086ed1dfb24785877302,168,1,47.9,4,1,2,412,Need Attention
286cb34c005540e593bea6045b73bc5a,71,1,64.99,5,1,3,513,Need Attention
28706b8dc0fe2a95fbcec1e53253d8e4,716,1,249.9,1,1,5,115,Need Attention
287a7cdacbcda8f842d7719e77cb8457,40,1,2150.0,5,1,5,515,Need Attention
2883fd7c3fadd0ad0611424020a381c6,242,1,289.9,3,1,5,315,Need Attention
28851a7f91fd1087baaaa471dfe40d4e,202,1,76.8,4,1,3,413,Need Attention
288bca9dae3585557dfd5dfdf7289600,504,1,143.8,1,1,4,114,Need Attention
288fa431def32be70113edf2790985ab,159,1,365.70000000000005,4,1,5,415,Need Attention
2899964371b6266b732cde11a74efbe6,70,1,169.9,5,1,5,515,Need Attention
28a9545ffe21521e8fa3870135873d50,187,1,79.97,4,1,3,413,Need Attention
28c7e3fb75d7ce1e496dc539443b71da,420,1,199.97,1,1,5,115,Need Attention
28cb2105de0e24c2dd3e21e364510937,50,1,96.8,5,1,4,514,Need Attention
28e42f3e120527d138764c5244f2bfb4,433,1,69.99,1,1,3,113,Need Attention
28e7419981c810e071e0f6b061129fbc,185,1,1649.89,4,1,5,415,Need Attention
2910d75e440fa3665195c16cefeb5618,247,1,80.0,3,1,3,313,Need Attention
2912db6f8894dfa5aeea61325e2d5f08,168,1,209.0,4,1,5,415,Need Attention
29193837afc61c50550bc1139e1d822b,218,1,55.0,3,1,3,313,Need Attention
291fb0c415fc89510f36967453b24e94,86,1,119.9,5,1,4,514,Need Attention
2923157e1b4a0c4d19d69099d14a6bf3,237,1,140.98000000000002,3,1,4,314,Need Attention
292a3505e590c1927cbd8599209a09ed,339,1,149.0,2,1,4,214,Need Attention
2939eb5c5bf062a54061a6b0790057b5,47,1,0.0,5,1,1,511,Need Attention
293c9db44b6588c4e52fbef455fccde8,298,1,109.9,2,1,4,214,Need Attention
293e5ccf608a9ace023ea0e0f17c452e,87,1,192.9,5,1,5,515,Need Attention
2948be030b49909f3eccb592b8315f89,217,1,44.9,3,1,2,312,Need Attention
2948c3e888f4d365e119132da9f95c27,366,1,158.0,2,1,5,215,Need Attention
29518d17896d6a0902847dd45fc11516,241,1,20.0,3,1,2,312,Need Attention
295e9c54b2bf6eef2eaf468e80788bc4,204,1,0.0,3,1,1,311,Need Attention
29682242915a222580f388e3515672a4,132,1,320.0,4,1,5,415,Need Attention
2968cb453924e6c2381a1f4320c50e94,58,1,150.0,5,1,5,515,Need Attention
296d0b2c6acccdf4d6727b20e1f9f4a2,88,1,83.9,5,1,3,513,Need Attention
297871f85f3905d13eaa1afed708ca57,50,1,123.47,5,1,4,514,Need Attention
298c3e1a698283a45f1c94df3942bb3b,201,1,85.0,4,1,3,413,Need Attention
2990f218665832600f7180650703052d,560,1,159.9,1,1,5,115,Need Attention
299b2d1bcebfb18807ad9185f5a1f058,27,1,18.9,5,1,2,512,Need Attention
29ae9e23943929ef3f3951a883462955,153,1,129.0,4,1,4,414,Need Attention
29bb913f8dc41dfc1da7a18e7bace3a5,51,1,39.9,5,1,2,512,Need Attention
29bea95c72abb63bd9da0018a398b594,32,1,32.9,5,1,2,512,Need Attention
29cb098c6e774a2b42c7301e598649ef,556,1,59.99,1,1,3,113,Need Attention
29ce080f06ae639f25b0a63dfdbe38fe,74,1,199.99,5,1,5,515,Need Attention
29d72fba272ad06ed0b2ac6351da042f,122,1,147.9,4,1,4,414,Need Attention
29ed46c06126f174d4fbf76e310adbfd,336,1,182.0,2,1,5,215,Need Attention
29fbb2801362f8857a80e4c1a0c74aa5,270,1,49.99,3,1,3,313,Need Attention
2a17afe1b10068ca48fa95d95b9d3e02,119,1,150.0,4,1,5,415,Need Attention
2a34af7c4b1b83d78b14cf6b9c32c3b9,317,1,75.0,2,1,3,213,Need Attention
2a3db31230ad9d133b382aff019cf148,411,1,128.0,1,1,4,114,Need Attention
2a4a68cba182fdfc227e3f3d79087b46,194,1,23.7,4,1,2,412,Need Attention
2a4f0eda78ff3506c9c4dda83bb996bf,79,1,23.98,5,1,2,512,Need Attention
2a59d41f81e3acce1b25fac07ad68566,233,1,0.0,3,1,1,311,Need Attention
2a5a352188f018f8f0033a5c6f01d3f3,172,1,191.47,4,1,5,415,Need Attention
2a5d28827d96a217c7640bf3219923d9,420,1,239.88,1,1,5,115,Need Attention
2a658f1dceab1750b17286dbcdecdd02,284,1,45.9,3,1,2,312,Need Attention
2a6ef69674d6f28002c72b8d123b3a27,181,1,19.9,4,1,2,412,Need Attention
2a6f5b4fbc6608e1cbfe8b7b4c113ba5,191,1,149.9,4,1,4,414,Need Attention
2a77526eb759d36db444e412962eaa99,163,1,199.0,4,1,5,415,Need Attention
2a8e9a7b6d67b448707d0d7ac6110b9f,467,1,89.9,1,1,4,114,Need Attention
2a910efc136042a1dd32dc916878be40,285,1,69.99,3,1,3,313,Need Attention
2a914bdfae6c0cc612a51e479acc0128,464,1,215.0,1,1,5,115,Need Attention
2a9740b80f4bf690a9f5bdece3b5fbc3,593,1,104.9,1,1,4,114,Need Attention
2a9c5cb3b3d815a92e567693b4abff28,43,1,0.0,5,1,1,511,Need Attention
2aa2c53b231eaec5b82d9e54056a0cc6,440,1,572.0,1,1,5,115,Need Attention
2aa9325eab1676f4d62830f004d67a34,237,1,12.77,3,1,2,312,Need Attention
2aa9afabdfb76a0d54d7113451f6ba90,176,1,0.0,4,1,1,411,Need Attention
2aba7239448982a76a0a79666419e3a3,243,1,129.9,3,1,4,314,Need Attention
2abd00de249ff6bc8f96811a29210812,339,1,143.0,2,1,4,214,Need Attention
2ad3e1dcf3218182586c332001db767e,131,1,0.0,4,1,1,411,Need Attention
2ad3e60daba1700dc116ea525e842f28,226,1,161.8,3,1,5,315,Need Attention
2ad3fd1a4a4c8dd70d848f625b27f4ed,427,1,213.0,1,1,5,115,Need Attention
2ad53a13954ae9d3d8e30a7e3ba1de18,247,1,199.89,3,1,5,315,Need Attention
2ad86ffb0cc867d8287247aae28cccec,101,1,62.0,5,1,3,513,Need Attention
2ad92a8ebf1160ccadcac9cf4734273c,209,1,204.0,3,1,5,315,Need Attention
2adaff8e437d7153f3326cf14187d821,300,1,258.0,2,1,5,215,Need Attention
2ae074b2130d62bb371ac2e1c72564c7,126,1,44.0,4,1,2,412,Need Attention
2ae3c67452283d5a0d30b32e0d33296e,273,1,45.0,3,1,2,312,Need Attention
2ae8fe87f03b04a0154ffa68276432fa,343,1,51.8,2,1,3,213,Need Attention
2aeecaf7cc80dcf343d70d88bfbcb062,127,1,0.0,4,1,1,411,Need Attention
2b08b37c414eedba2764accd09699c60,62,1,0.0,5,1,1,511,Need Attention
2b0d2a4ffe3906cd18019c2463cfeee9,79,1,249.49,5,1,5,515,Need Attention
2b12aa72b942b60ca53b0eb533df5cf9,489,1,109.99,1,1,4,114,Need Attention
2b18cd5c428106cc024ee2cc951a0b68,37,1,59.99,5,1,3,513,Need Attention
2b1a443295eb2104e29e060cfc7faf4b,437,1,119.8,1,1,4,114,Need Attention
2b2444f1324436d35fd4d96e0c865374,276,1,179.99,3,1,5,315,Need Attention
2b36582948057afaf22d40843b540cf1,220,1,0.0,3,1,1,311,Need Attention
2b4871f788b44ee004ec2c7fc7cd420b,325,1,59.95,2,1,3,213,Need Attention
2b5810705ad2dc3a748d181a15996eb2,284,1,13.65,3,1,2,312,Need Attention
2b7af693337e3fb22615306dbe54432c,225,1,98.0,3,1,4,314,Need Attention
2b815237a1c6cb549b7a44e1c522dfef,154,1,58.0,4,1,3,413,Need Attention
2b85ec29465d3698c94e89a255767977,463,1,71.82,1,1,3,113,Need Attention
2b8b340d292b5de57a5bd3f9ae6c0832,221,1,0.0,3,1,1,311,Need Attention
2b8f30046f8da2c3e6e3abefdd0527a3,246,1,14.0,3,1,2,312,Need Attention
2bb2d41131e55fb88d4d8a2527c4a6a7,312,1,179.0,2,1,5,215,Need Attention
2bb77ab6d3b1f3e81e79f40dfe35becf,121,1,44.0,4,1,2,412,Need Attention
2bb9b7e460ba29e236747a1959108097,390,1,58.0,2,1,3,213,Need Attention
2bbd09d4d1fd7751420a920931100140,353,1,59.9,2,1,3,213,Need Attention
2bcbb73032ee97a07a49d5c6683403bd,75,1,75.0,5,1,3,513,Need Attention
2be4b338d74b933f74f9b445e5ef0c6e,108,1,139.98,5,1,4,514,Need Attention
2be9b3218064e818eb33659db22b3e8e,286,1,180.0,3,1,5,315,Need Attention
2bf97f7ad0865d494796787cc7cf1fe8,178,1,0.0,4,1,1,411,Need Attention
2bfa1c994cd7471d73f27df147b62ee9,90,1,85.0,5,1,3,513,Need Attention
2c08ea1522ea4bac42eb5dd9f5df21af,100,1,99.9,5,1,4,514,Need Attention
2c14db46aee6245ff5a01f7f69544f73,171,1,134.9,4,1,4,414,Need Attention
2c3a5fa3cac8eab6568cf47c4f7f6624,437,1,89.0,1,1,3,113,Need Attention
2c4170d67162923fbc4d027718399427,239,1,290.0,3,1,5,315,Need Attention
2c474d42fda9aa734da5981d2cafc0e5,217,1,329.0,3,1,5,315,Need Attention
2c4bcbb5a9a1b8ed1a4b05ddef43a888,296,1,150.0,2,1,5,215,Need Attention
2c4f1092bd119ecf092582dfa6ce27b5,250,1,39.9,3,1,2,312,Need Attention
2c5100ebe43494cc2e7c912d5366f253,205,1,0.0,3,1,1,311,Need Attention
2c586ad47f2b790f4095f2d9eb8d508c,370,1,119.4,2,1,4,214,Need Attention
2c5dbd28dd423544b1194ed09096cb4d,192,1,115.0,4,1,4,414,Need Attention
2c613e1daa937ba2dda45140c410f48f,452,1,59.9,1,1,3,113,Need Attention
2c6f62969907bc67dad42631fda31a53,188,1,180.0,4,1,5,415,Need Attention
2c7a802e0d32ce5642dd15228e54a475,184,1,169.78,4,1,5,415,Need Attention
2c7c4b71fc0021f5d62f46945c7bcae2,334,1,135.0,2,1,4,214,Need Attention
2c7df4496702560c973e5afa81fe9208,290,1,179.8,3,1,5,315,Need Attention
2c832927085c6d055b8f9de599c81c81,80,1,29.99,5,1,2,512,Need Attention
2c85bc3b462b734ab70f4fc28ff5f727,276,1,46.98,3,1,2,312,Need Attention
2c87620a0cba3dc7cdaf2617928d15d7,205,1,245.9,3,1,5,315,Need Attention
2c90fdbc33c7a6f301f4c63f0c962b3f,301,1,970.0,2,1,5,215,Need Attention
2ca59de5f065107ef5add18625776bdb,297,1,58.0,2,1,3,213,Need Attention
2cac2c968d6e64f3d4dbc358ea518a8f,134,1,59.98,4,1,3,413,Need Attention
2cbb27285e259123d5b9aac321b7085e,23,1,179.0,5,1,5,515,Need Attention
2cbb9df2b63297fd69287e712a06a33e,493,1,54.9,1,1,3,113,Need Attention
2cbdd1cbe1695df917f0f720f4b6449c,139,1,359.8,4,1,5,415,Need Attention
2cd68cd1b5bef221314ed99f32ad33f4,476,1,79.5,1,1,3,113,Need Attention
2ce9755c84e47b391e5255ff3e41c34c,68,1,0.0,5,1,1,511,Need Attention
2cf1b13d236cbffe7a3e1857136982b1,114,1,0.0,5,1,1,511,Need Attention
2cf2aa79a6a7165ea380a4fcea303c0b,40,1,29.99,5,1,2,512,Need Attention
2cf5f400e1fe53d4ca5684d666491fe0,529,1,259.9,1,1,5,115,Need Attention
2d07268992081121daea23b365799b4c,294,1,42.99,3,1,2,312,Need Attention
2d0d69cb131ce9922d4b8684f3fdc720,38,1,46.9,5,1,2,512,Need Attention
2d2616826443ccc5be23aa13edf2fe23,482,1,97.0,1,1,4,114,Need Attention
2d38e2e85540b22097d39f767c481d18,283,1,49.0,3,1,3,313,Need Attention
2d38f064a1ddd82c8c14beadb7bf0c38,277,1,129.0,3,1,4,314,Need Attention
2d3c25ea3f9a4d5136a7ff272b1b0ab1,197,1,59.9,4,1,3,413,Need Attention
2d415b8cfcec2aa6686bb9e74e3970c4,138,1,99.9,4,1,4,414,Need Attention
2d55aacf7688e281b83de3ffaa61c058,45,1,119.9,5,1,4,514,Need Attention
2d5c600f8cc7477dc616b9bd2d00a0fd,54,1,44.9,5,1,2,512,Need Attention
2d5e5796e7901464c00407e69739c6db,459,1,99.9,1,1,4,114,Need Attention
2d62f3a9748197a1e14719249eaaef03,91,1,125.25,5,1,4,514,Need Attention
2d69de392ffdb5def80917230154351d,504,1,208.9,1,1,5,115,Need Attention
2d7730d34247040e79db147306415d8e,63,1,0.0,5,1,1,511,Need Attention
2d7c2087a16245e57129072202956761,69,1,93.0,5,1,4,514,Need Attention
2d82802eb43a9c6bcdb057573f8e0b19,188,1,93.5,4,1,4,414,Need Attention
2d8c53115afe41713433269302e68bc6,78,1,315.79999999999995,5,1,5,515,Need Attention
2d9611203b229e9cb67f2233522eb915,259,1,69.9,3,1,3,313,Need Attention
2d9decde68108c2233c662aeb3310a64,224,1,158.0,3,1,5,315,Need Attention
2da15ef83ce8831c824aa43f2af3eff1,255,1,47.49,3,1,2,312,Need Attention
2daa09f922fad73e8c273da266ab8366,130,1,69.9,4,1,3,413,Need Attention
2db405cc6d4123953d36594dbff12a73,278,1,230.0,3,1,5,315,Need Attention
2db7f214cad74f77bf16ddd07ec20b35,155,1,428.0,4,1,5,415,Need Attention
2dc92af471496ca347e530172e0979e7,210,1,878.0,3,1,5,315,Need Attention
2dcbfb99d95c7ba6eb992a98627f45b8,297,1,139.89000000000001,2,1,4,214,Need Attention
2dd08bd7446dc7c2f4a68d3e9fc4ae97,301,1,117.3,2,1,4,214,Need Attention
2dd5d907b9acbb6c573a11a1d8979358,209,1,0.0,3,1,1,311,Need Attention
2ddaeeb8948d70423c3326843412fccf,97,1,64.0,5,1,3,513,Need Attention
2de02fb5e57b59a6027451cf321658e0,225,1,69.9,3,1,3,313,Need Attention
2de521d3fd097acfbd5bed9c7b9ed0d0,61,1,169.85000000000002,5,1,5,515,Need Attention
2deeacd4088ed129cde8cdeccdd46261,31,1,119.0,5,1,4,514,Need Attention
2def344a13128b287c12ffd531dacce9,383,1,89.9,2,1,4,214,Need Attention
2defff2e3559949b21a9b551b46ce59e,285,1,35.9,3,1,2,312,Need Attention
2df79c0c80c225d537833abb01a1a8ca,450,1,59.9,1,1,3,113,Need Attention
2dfb47f553da7cc2a4b874efa420822f,254,1,0.0,3,1,1,311,Need Attention
2e0cd6f7d34ce42c5a047fdffcf275b9,123,1,29.99,4,1,2,412,Need Attention
2e0daa38f7fd081ddcda32d972e5ec50,250,1,21.9,3,1,2,312,Need Attention
2e13521a3aa391873c485943bae0adb6,101,1,72.99,5,1,3,513,Need Attention
2e1f3fdeb2649124382aba29f48b941d,354,1,143.0,2,1,4,214,Need Attention
2e1f94c41e4eb045becefe63ea5e426e,127,1,19.99,4,1,2,412,Need Attention
2e2184d1356da6b014de1af7efb0f093,133,1,72.0,4,1,3,413,Need Attention
2e471b8b0ebd8aeb029d78917c3961d0,376,1,60.0,2,1,3,213,Need Attention
2e49d8c29da227669fcdaafb6c2af0cd,290,1,99.9,3,1,4,314,Need Attention
2e4c7fbec4fdb54f1cf04c1446dccf12,296,1,59.9,2,1,3,213,Need Attention
2e5a6bbafe6b67eb00feca4e33001c27,107,1,790.0,5,1,5,515,Need Attention
2e61a8d70f5bd8fa8dd742ed198aceaa,590,1,178.0,1,1,5,115,Need Attention
2e70bb026bb9a192d6cf9e91486c412c,44,1,23.99,5,1,2,512,Need Attention
2e729c60d6081c9eae481aad8aa9edf9,308,1,190.9,2,1,5,215,Need Attention
2e7ab114267a45718e2bdf68635d45a5,431,1,174.92,1,1,5,115,Need Attention
2e8451f99c0515636908ff1f6ba45449,259,1,0.0,3,1,1,311,Need Attention
2e8561bf8b43a8b182c53dfb53fc9a7f,605,1,299.8,1,1,5,115,Need Attention
2e88baab9c2ef8e9e915a90d0c7fb5ae,318,1,119.8,2,1,4,214,Need Attention
2e8c309e3c6b45f7aa179c7db44a1986,120,1,29.0,4,1,2,412,Need Attention
2e941e4b7eb84a81f26149b0d70a6722,252,1,69.9,3,1,3,313,Need Attention
2e9cdecaa137e8ba2084bbde28c85105,296,1,597.9,2,1,5,215,Need Attention
2e9fa6156ef798653e721237123f372b,380,1,57.0,2,1,3,213,Need Attention
2ec0c3eb092b2cffb5eb4c61299b71fc,269,1,129.0,3,1,4,314,Need Attention
2ecb072c40df1c0e01f07c88f55d6c2e,238,1,58.9,3,1,3,313,Need Attention
2ed58d0567a2839599b85957ee02bca9,234,1,0.0,3,1,1,311,Need Attention
2ee0d7587a1a04de482c6211ea2988bc,499,1,219.9,1,1,5,115,Need Attention
2ee123fe846467308b514a15717df930,234,1,0.0,3,1,1,311,Need Attention
2efbff41b13fe600095d4b41e38bd9ba,427,1,144.94,1,1,4,114,Need Attention
2f1c76c2bc1797d9f84853404f4e20ed,307,1,210.0,2,1,5,215,Need Attention
2f293b442348c20d12aa4537bd3d7234,154,1,149.9,4,1,4,414,Need Attention
2f38d11d1609db1fc9003a0cc495cb30,39,1,0.0,5,1,1,511,Need Attention
2f4c7a8dd55979a2bfc661b2c866d9e6,277,1,0.0,3,1,1,311,Need Attention
2f4caaa523ad6f3d695a5e698263cd05,284,1,58.0,3,1,3,313,Need Attention
2f55399d3fe14896b29d99d8c16d309e,74,1,23.99,5,1,2,512,Need Attention
2f5f9356cfae0215286f7daa363aa062,290,1,59.9,3,1,3,313,Need Attention
2f679a526d3b619beccc26a3d1435de4,309,1,119.98,2,1,4,214,Need Attention
2f7040ff8e20664c0856a138a97eecce,30,1,34.39,5,1,2,512,Need Attention
2f774604b1d18f77ddd477c67bfc2240,279,1,144.9,3,1,4,314,Need Attention
2f7920af5858f8f73ae5af711c28471a,24,1,0.0,5,1,1,511,Need Attention
2f7dfe579bcf68fe342ed9044423d846,135,1,149.9,4,1,4,414,Need Attention
2f800e29b4beb4dc341a388c0f669675,310,1,99.0,2,1,4,214,Need Attention
2f848741e2b5e3151ce9f2b46e1a1b2c,156,1,30.3,4,1,2,412,Need Attention
2f8552b3c0fd59f1bd0f0821a136a9ae,590,1,550.99,1,1,5,115,Need Attention
2f90c65427c62f4e5195bebe854b0a55,128,1,99.98,4,1,4,414,Need Attention
2f97fb04ba09cfa05b9e3b3af4e8e247,307,1,109.98,2,1,4,214,Need Attention
2f9856bf9beb35be3338bf86b46fa8e4,534,1,119.99,1,1,4,114,Need Attention
2fa6a78122d16adf2efec6789a63a0ea,129,1,185.9,4,1,5,415,Need Attention
2fa7baae55a43edd912fa394f60ba7c6,83,1,26.9,5,1,2,512,Need Attention
2fafff68ec29779e3b19a41f71fba0bb,228,1,19.9,3,1,2,312,Need Attention
2fb246d1ccf7be8743d4a385db89cbb9,601,1,349.99,1,1,5,115,Need Attention
2fc9a64ae672512016acd52bb0d59c61,328,1,199.0,2,1,5,215,Need Attention
2fca924c90ac599f416173f496dbdfa6,216,1,28.0,3,1,2,312,Need Attention
2fd07dc5dbae616986e00fb72e7a779b,137,1,0.0,4,1,1,411,Need Attention
2fe074ea3cc24b8fd57d29effc995f8b,294,1,0.0,3,1,1,311,Need Attention
2fe5884cad682fbcf82de3ffd522fdaf,459,1,89.9,1,1,4,114,Need Attention
2feb8402ee618f141168787b76e58103,176,1,47.6,4,1,2,412,Need Attention
301a17ed23b8bb5bfce2df8604c06cfd,205,1,119.0,3,1,4,314,Need Attention
303b9294d757fabfe261bcf99cf819a0,240,1,11.55,3,1,2,312,Need Attention
303fb9f8c127cb9940d3e8259d7c34d7,260,1,59.9,3,1,3,313,Need Attention
3046b0bd43b0ea4bc6d0aec70bc96e9c,225,1,115.0,3,1,4,314,Need Attention
30480b4ef6a45083f99de41f24eccb44,244,1,410.0,3,1,5,315,Need Attention
3058f1cb6f29801c908499b888b1cd0b,38,1,0.0,5,1,1,511,Need Attention
305a9e2b49169ced55bdd09fed23cda0,194,1,199.0,4,1,5,415,Need Attention
30601ff4bc10bc566c995c703a463866,58,1,0.0,5,1,1,511,Need Attention
30656f1a6f4ef8d3286f02090232d105,227,1,215.0,3,1,5,315,Need Attention
306604a290dba7c17d47b4fe32db82c2,74,1,58.99,5,1,3,513,Need Attention
306ca0d858edef9af39b998960923222,184,1,59.9,4,1,3,413,Need Attention
306ff27506cde963bac1f841faa5163e,249,1,99.0,3,1,4,314,Need Attention
3084108ab6a05c325f137b7cbaf6e283,64,1,29.99,5,1,2,512,Need Attention
30888fabbe35d54b5dcef294496af86b,48,1,0.0,5,1,1,511,Need Attention
308dfe5168e217902973b27e7c91f27e,66,1,99.0,5,1,4,514,Need Attention
309035839d0c04859125d39311145941,103,1,139.0,5,1,4,514,Need Attention
309a2dd508063b66704ebdd088d35586,290,1,69.9,3,1,3,313,Need Attention
30b6fe5fb355877c7bded1817219d96c,290,1,89.9,3,1,4,314,Need Attention
30be4b936437873fb4a6fb64fb54a81e,241,1,225.0,3,1,5,315,Need Attention
30be913d7ef1f8e51182191d3b9615fa,136,1,17.99,4,1,2,412,Need Attention
30c5afe4a2db74f859bba633686399f1,260,1,149.0,3,1,4,314,Need Attention
30cdb4cdecf7b102e572ff08369799af,426,1,134.9,1,1,4,114,Need Attention
30cf132fa42d1d4434e6b51827b81491,204,1,117.0,3,1,4,314,Need Attention
30d1db88b4b84f7c2aafba0c1ba023fa,42,1,69.99,5,1,3,513,Need Attention
30d600f278c689c07360b4124cb9a73d,89,1,217.55,5,1,5,515,Need Attention
30ddfb9397deaa2700181ca7fab1260b,120,1,429.9,4,1,5,415,Need Attention
30e4588900a8ceade11dbe60525d107e,217,1,89.18,3,1,4,314,Need Attention
30ee451beee0f5463a987c36584df9ce,137,1,135.0,4,1,4,414,Need Attention
30f26a52896033a63b34125e91ce5c59,467,1,195.98,1,1,5,115,Need Attention
30fe3910a6e920e98fdf5daf5e2a48a8,87,1,99.9,5,1,4,514,Need Attention
310647380793836bfa5b7b6b3f518423,392,1,105.6,2,1,4,214,Need Attention
311dff8c3112b3ea255ec4871cabaf03,297,1,281.99,2,1,5,215,Need Attention
3129dce5dc566246ea1354bff5bb6fea,38,1,105.0,5,1,4,514,Need Attention
3132d86f62f32c88fd171f0a25012699,255,1,69.9,3,1,3,313,Need Attention
314d498639a7a7e9b8f135a0e9d138c0,339,1,64.99,2,1,3,213,Need Attention
314e67684fb54502d819d66c0e3beb9b,97,1,58.9,5,1,3,513,Need Attention
31679ddfa8293ff186216eec51ba574f,209,1,28.9,3,1,2,312,Need Attention
3168dc37da92585ed2bf29058b0cc143,430,1,56.99,1,1,3,113,Need Attention
317316ce918b51c2d4e1e7f9af54c434,359,1,99.0,2,1,4,214,Need Attention
3195d6c23c9f61b0bcfae41d3fe8a3db,102,1,89.9,5,1,4,514,Need Attention
319df3f4e38c4bcf9e3bccd1bb504bdc,102,1,22.49,5,1,2,512,Need Attention
319e86b5a7cbc42a85be7e1e452f337a,370,1,250.0,2,1,5,215,Need Attention
319fb7408d85ca7902baa71df1dd7045,384,1,58.0,2,1,3,213,Need Attention
31a5a2b6f59607a0c7ba435e40316362,237,1,25.9,3,1,2,312,Need Attention
31a6cf9e22c6b10a4706a9d2aa9ee302,297,1,224.9,2,1,5,215,Need Attention
31a98cf218b88e127990ae3ded21211f,249,1,12.9,3,1,2,312,Need Attention
31ab4a5b2f583ee1de310d7dc4f49d1e,410,1,59.9,1,1,3,113,Need Attention
31b8fa2573bde01af4737e8ed29c348b,372,1,50.0,2,1,3,213,Need Attention
31b9951a97199d0d5fa7b5f02453265f,283,1,109.9,3,1,4,314,Need Attention
31c014df5bd50caf330d47c60a7b485c,414,1,399.9,1,1,5,115,Need Attention
31cb8b5ae4d65859af8fc33b14cde233,294,1,110.0,3,1,4,314,Need Attention
31d0b55cfd9a400a5786b5de885bba7e,26,1,45.0,5,1,2,512,Need Attention
31d29e85e904e0b8ffa2af37319cb8a9,42,1,0.0,5,1,1,511,Need Attention
31d345dc7e57dbc9843ac70d4d88e6f5,241,1,20.3,3,1,2,312,Need Attention
31d9f06aeb3e5695e7f7f809e22ad73b,249,1,89.99,3,1,4,314,Need Attention
31de4c2abfc75a9f4240104be74b343c,194,1,114.0,4,1,4,414,Need Attention
31e0594ceb5bcb2f0ab698a5ed2bb0ff,267,1,29.9,3,1,2,312,Need Attention
31e05a4807105bb6f6ced59da6b113de,376,1,409.99,2,1,5,215,Need Attention
31f587e5afb9ca5efad537ab69de67d6,38,1,0.0,5,1,1,511,Need Attention
320c8ec376e4f189744a18ef6027db89,450,1,89.9,1,1,4,114,Need Attention
321a3e8cd267a0eda1010b26e921731b,207,1,139.8,3,1,4,314,Need Attention
321aa4705a6597b7bb5a0c42ee121d3e,301,1,99.9,2,1,4,214,Need Attention
322d466e7234d7a786a595df66877156,533,1,59.9,1,1,3,113,Need Attention
323333d54ee35f33103ab7cce7408e6b,147,1,99.9,4,1,4,414,Need Attention
323630f1bddac4dc06bf3bdeb90dbe36,188,1,22.99,4,1,2,412,Need Attention
323b82df3d9616926c9eb5a0924abfbe,244,1,55.8,3,1,3,313,Need Attention
323c4e9d78f774df9255793377ce636e,164,1,120.0,4,1,4,414,Need Attention
3248d94dedca7507cbe8d17075b39081,226,1,65.99,3,1,3,313,Need Attention
324ac53c3fc280401366b7c197dba28d,133,1,0.0,4,1,1,411,Need Attention
324e81e44d41c1c9660f5c8b38683702,596,1,50.9,1,1,3,113,Need Attention
325149f3fd67b6e44a634ca8524e75f6,40,1,119.8,5,1,4,514,Need Attention
3255f7be2750bb6add3dd7c38ad43f48,250,1,19.9,3,1,2,312,Need Attention
325655f3c2eeea7fb5537de89dffd0f3,149,1,0.0,4,1,1,411,Need Attention
32644e345e4828ae8dfa38c0663343e1,469,1,49.99,1,1,3,113,Need Attention
326a9c3ca94e3d9ae9328537fac9ae00,568,1,64.9,1,1,3,113,Need Attention
327978477aaf5662dc82512c9f63e5f5,341,1,107.61,2,1,4,214,Need Attention
3281635afcc7bd82aca4782e4f0fba8d,216,1,0.0,3,1,1,311,Need Attention
329aad6fa941f787358a07e787be91e8,40,1,134.89,5,1,4,514,Need Attention
329d013202109f3079446be910f5353b,377,1,55.0,2,1,3,213,Need Attention
32a390ed1539022cd7a0f20df2954bd5,329,1,430.0,2,1,5,215,Need Attention
32b3af6c5548b794f1924e7dc83f9e00,63,1,120.0,5,1,4,514,Need Attention
32b736144958de0748fcfa294ef0b207,341,1,79.9,2,1,3,213,Need Attention
32c7250e535d4b3c5b294c9606706b51,250,1,194.99,3,1,5,315,Need Attention
32d36db8ff4b40b4349f0ebec623be72,203,1,18.9,4,1,2,412,Need Attention
32d935537fb268d349d5d14d7e778a2d,188,1,0.0,4,1,1,411,Need Attention
32de2a7a93dbfc527b3f584744b9c6ce,578,1,69.9,1,1,3,113,Need Attention
32ec4cc78ff1333feca4aa96ef95bb74,86,1,37.47,5,1,2,512,Need Attention
32fac75226dbbce057b8a9f2a1b1997b,381,1,89.0,2,1,3,213,Need Attention
32feb5b7a73eee84aec157fcef63bd15,242,1,139.9,3,1,4,314,Need Attention
33047a883dab6ab720ed2269d31891a1,135,1,189.9,4,1,5,415,Need Attention
33094ac6ba8c6a0851b9775bcea7b932,62,1,57.98,5,1,3,513,Need Attention
331fd4bbcc3082979ac9595762358cba,69,1,19.3,5,1,2,512,Need Attention
3333f0287d8a19d37985d4920dac1ddd,50,1,0.0,5,1,1,511,Need Attention
333f6b9777069c0e20d81f6cea06c631,564,1,105.8,1,1,4,114,Need Attention
334d0235ca6f2f09dd55804a26efe952,107,1,47.9,5,1,2,512,Need Attention
3353f4c5877c92dabf4068661b4564fd,60,1,34.9,5,1,2,512,Need Attention
337b2ad5e2840cafc74a90bca5a4a643,578,1,117.0,1,1,4,114,Need Attention
337bf0efbf9e5ba67461d2e5b4e5c2b1,29,1,99.8,5,1,4,514,Need Attention
3385d3ca16a8ea8e2124294ac08b1814,223,1,144.99,3,1,4,314,Need Attention
33874761fef19ddc1089150eb89b3d5d,506,1,52.0,1,1,3,113,Need Attention
339f6d44a550afdaf2a4a9a29d091d16,290,1,19.9,3,1,2,312,Need Attention
33ae340b3747919723bf7f1163dbc21a,131,1,15.99,4,1,2,412,Need Attention
33b141e373b4f251b033f9ed33d6974d,344,1,154.9,2,1,5,215,Need Attention
33bd735d4cab6840138343656f822e05,147,1,68.0,4,1,3,413,Need Attention
33d5f77e44abcb42cdfc86854e5fce8c,500,1,677.9399999999999,1,1,5,115,Need Attention
33dc85cfdc3b4c5fe951512e9b426f78,45,1,29.7,5,1,2,512,Need Attention
33e156bda7e4550b1c7714b0cd34ceb7,386,1,59.9,2,1,3,213,Need Attention
33e87f4cf23de91419bc2b65f9052789,385,1,138.0,2,2,4,224,Need Attention
33e9fb2265fc2580abaf825eb6eb4292,575,1,59.0,1,2,3,123,Need Attention
33f92c3d64fe0986abe1c5f40baf0165,282,1,99.98,3,2,4,324,Need Attention
33fe3258191eb8d23fcbd966967dffa0,397,1,89.9,2,2,4,224,Need Attention
3421619a31e48bcac1cc2e40707f0978,357,1,159.6,2,2,5,225,Need Attention
343a7a9382091ae4d0b150c52c86aa19,548,1,59.0,1,2,3,123,Need Attention
3443aa1df045d475ffb79648c36494e7,388,1,59.9,2,2,3,223,Need Attention
344fecfc1b158f40bd95550e62547fda,230,1,129.97,3,2,4,324,Need Attention
3462632a621a8362bf4d3149b2432842,554,1,129.0,1,2,4,124,Need Attention
346396cf7ea625170715c7d1e97dc405,274,1,0.0,3,2,1,321,Need Attention
34911b4ba8ed3cc15bd1ff84063a3771,392,1,180.0,2,2,5,225,Need Attention
34a7a16320425b76238d17b877418323,257,1,86.9,3,2,3,323,Need Attention
34a9803943df6b2eba0a322e63886be4,271,1,24.9,3,2,2,322,Need Attention
34ad8eecb58cca3f3fdc65e91c3ccd81,405,1,265.99,2,2,5,225,Need Attention
34c58672601f2c6d29db7efd1f6bf958,236,1,27.3,3,2,2,322,Need Attention
34c86ba70868a8cd77cd8ac1e74a9de8,267,1,24.9,3,2,2,322,Need Attention
34d1f09eab8df30b699122c567f6ab32,475,1,113.0,1,2,4,124,Need Attention
34e19eb83a7ca102c1dd4ee4264d889e,468,1,69.0,1,2,3,123,Need Attention
34e9218036622d21dadebbfade12537f,528,1,55.8,1,2,3,123,Need Attention
34fbd9c42eb9702b4b8c6624b228ef11,229,1,86.9,3,2,3,323,Need Attention
350e8172d9a1ed3cea31f50e09de726f,352,1,59.99,2,2,3,223,Need Attention
354d9a044fc69afda19173b3df491c92,223,1,38.5,3,2,2,322,Need Attention
3556987e5b22d5372214fb48fc9fe02a,249,1,16.0,3,2,2,322,Need Attention
3565906973c459aa065d735bc52ac2b9,301,1,479.98,2,2,5,225,Need Attention
357482c4e5b9b6200cc2b37b8a7b46b9,516,1,125.0,1,2,4,124,Need Attention
359bacb2b5c52b4287667a7bc6c7bc63,493,1,177.0,1,2,5,125,Need Attention
35b45b906d1450b3540dc96692f58583,467,1,207.94,1,2,5,125,Need Attention
35c35bdbac58000618164427d550a8e7,284,1,77.89,3,2,3,323,Need Attention
35d760b49a4d1184ef286325917758f1,357,1,51.8,2,2,3,223,Need Attention
35d9dfb025e2a0ee4d40343b78202ab4,489,1,119.99,1,2,4,124,Need Attention
35ecdf6858edc6427223b64804cf028e,411,1,63.980000000000004,1,2,3,123,Need Attention
35f6bc9b5c9f8790b3ab9d66f91cccd6,266,1,115.9,3,2,4,324,Need Attention
35fca3f6ddeef1e13faef28751981a69,345,1,148.0,2,2,4,224,Need Attention
36004a09bdcaef55d21f136661aafa86,254,1,84.99,3,2,3,323,Need Attention
363f980585bf04c1a88fdb986011c52e,262,1,100.0,3,2,4,324,Need Attention
364f7934597f72889dd3e205e8c80778,226,1,180.0,3,2,5,325,Need Attention
36580bf41e01fe07a72d6e9b4a8d4dfc,220,1,0.0,3,2,1,321,Need Attention
366f4743154ff26fa1743ae7854b5e44,583,1,99.0,1,2,4,124,Need Attention
367f810d77e192e1440edd2afa6b07cd,591,1,209.99,1,2,5,125,Need Attention
368e91ac2ee2407d82d8b02551d2cd18,378,1,169.9,2,2,5,225,Need Attention
3690d0117cd4ddfe0f635c3cfae03ac5,328,1,55.0,2,2,3,223,Need Attention
369356185e190dbcc4ea472ef050dbbc,256,1,32.9,3,2,2,322,Need Attention
36c2f8a28196fc5987d669d8e043178a,379,1,55.0,2,2,3,223,Need Attention
36c5770cc8e136abf9b1e5e149f75fb2,297,1,49.0,2,2,3,223,Need Attention
36edbb3fb164b1f16485364b6fb04c73,528,1,49.9,1,2,3,123,Need Attention
3702265e16e5246cff7462ea675f6d90,535,1,69.8,1,2,3,123,Need Attention
370f54b7e98dc8ba4cf2b0cfb96ab01d,209,1,129.9,3,2,4,324,Need Attention
37130c6869ec1d517e07637dff2e90e3,291,1,145.0,3,2,4,324,Need Attention
37141534991824398a1d15117085ae8d,434,1,209.99,1,2,5,125,Need Attention
3722dfb5869de8db3dec5a7094dd9ad6,236,1,0.0,3,2,1,321,Need Attention
37363700139c1aef873bbcd916e57dfd,282,1,49.0,3,2,3,323,Need Attention
373786bde5ab151a86c6c3f4446f9b10,468,1,143.8,1,2,4,124,Need Attention
373cdc681e007b7c4acb534daaa265da,494,1,89.97,1,2,4,124,Need Attention
3747df4eec8b3f53e74dc5b0bc5fdbdf,418,1,99.99,1,2,4,124,Need Attention
374ad33a8b3ec3e6fac9cbceaeb727ec,298,1,115.96,2,2,4,224,Need Attention
375a32d7f2515e310be13b1ac1692545,495,1,133.9,1,2,4,124,Need Attention
37786449dafa435ecd01ff5595f018b7,290,1,49.9,3,2,3,323,Need Attention
377bdfb2197d3b83c9e3f9502deabcfb,292,1,89.99,3,2,4,324,Need Attention
377fde5a2ed15f559c2eb21a438d7a32,205,1,11.6,3,2,2,322,Need Attention
379222d9312a6f61a9b401c289cac564,233,1,58.0,3,2,3,323,Need Attention
379a5698aeca26ff55abca9bc7fcaa4f,300,1,69.9,2,2,3,223,Need Attention
37a425cd3ed7c1d390590dac75dc89fb,301,1,116.9,2,2,4,224,Need Attention
37cf7c94e4f9624b4507713dc6a58fab,297,1,299.70000000000005,2,2,5,225,Need Attention
37ec72cc9079a6522951b4a0dcfeb219,249,1,899.0,3,2,5,325,Need Attention
3818d81c6709e39d06b2738a8d3a2474,249,1,199.0,3,2,5,325,Need Attention
381f82b43b6124efe6c3d50fbeb1156c,314,1,59.9,2,2,3,223,Need Attention
383a19352a66cf815661a4e2863f28c4,215,1,96.0,3,2,4,324,Need Attention
3856822a82996dad2607aaa95811551b,229,1,779.94,3,2,5,325,Need Attention
385f32e0f3fafeb4a3d3b5c91b90a2d1,287,1,34.9,3,2,2,322,Need Attention
3867198d50d68da57284e0cfec9d1902,300,1,68.98,2,2,3,223,Need Attention
388661387449408a9ab88ea55c9f1a0f,415,1,310.0,1,2,5,125,Need Attention
3891570de9631660881e981ca3286252,545,1,520.2,1,2,5,125,Need Attention
3894c7d8e29573e308ebc285ecd61d39,520,1,219.8,1,2,5,125,Need Attention
38a8b05798967480ac1ca6ce6c5cbd6a,329,1,59.9,2,2,3,223,Need Attention
38af56df02d66ad92f55b4430c2af9ca,373,1,109.99,2,2,4,224,Need Attention
38bfe8e3b53678fc301fcb2282176ab1,269,1,150.0,3,2,5,325,Need Attention
38c87e296e4df51efb00bbd07cd662a2,279,1,0.0,3,2,1,321,Need Attention
38cad70d154a4dcc42b598d5c01f7ef1,280,1,369.0,3,2,5,325,Need Attention
38e74ef4e3bcf3019fd22b84649bf90d,438,1,49.0,1,2,3,123,Need Attention
38fb5f8b5cffb733ba60c32cbb6e80f3,247,1,109.9,3,2,4,324,Need Attention
3906f8113531d94413a0b6b7cbe11bef,319,1,112.99,2,2,4,224,Need Attention
391661bed6ca0d959375c0b89da441dc,259,1,34.2,3,2,2,322,Need Attention
394126d51adc8f16458ead97ff594058,340,1,789.0,2,2,5,225,Need Attention
3944807d83676820c46f83f72e6e54c1,288,1,189.0,3,2,5,325,Need Attention
39455b91bff049736190e059162ba61f,284,1,12.9,3,2,2,322,Need Attention
3961601c287bdf0fe34304b40c5692d4,291,1,1058.0,3,2,5,325,Need Attention
39735e754fd0147ac6b0b910b710e6de,207,1,79.9,3,2,3,323,Need Attention
3984338a848b2858b7d4049a5d66f26c,221,1,0.0,3,2,1,321,Need Attention
398957fce766920db4c4b206d7c9aa85,234,1,0.0,3,2,1,321,Need Attention
3991c41c2de37fb418cbfd8938aead3d,561,1,49.0,1,2,3,123,Need Attention
39930c1159469e3cedbd4c7f6bd4f40c,393,1,49.0,2,2,3,223,Need Attention
399a778f5be153d30884026d52e5313b,480,1,159.99,1,2,5,125,Need Attention
39d16bf578308ba63a7e52b4e3dccd24,397,1,109.9,2,2,4,224,Need Attention
3a1cfe3d5de2dab1db203bb8efb9d553,292,1,0.0,3,2,1,321,Need Attention
3a2efb503fe6b768a1eeca1b3b625186,448,1,53.0,1,2,3,123,Need Attention
3a359d463b5a79614f9206ec5e38b434,559,1,99.0,1,2,4,124,Need Attention
3a39827c3cc7d748d1c32909273f7e7b,293,1,299.0,3,2,5,325,Need Attention
3a39a225ba6f55523074cc509fd3d4b6,535,1,219.8,1,2,5,125,Need Attention
3a3bf14f1678d2dbfb886a2dc94331d2,421,1,129.49,1,2,4,124,Need Attention
3a3e48040eada9f191d9cf503c167f9c,291,1,20.3,3,2,2,322,Need Attention
3a43af6775cec872d9a3c80707eb3336,231,1,0.0,3,2,1,321,Need Attention
3a5043db9792c257505acee177400c5f,216,1,93.98,3,2,4,324,Need Attention
3a5af37b62b6d963e8813dbac7763416,295,1,55.9,2,2,3,223,Need Attention
3a5b0d10ee72cefb504df217532a4e6a,205,1,0.0,3,2,1,321,Need Attention
3a619e8f1ea6373c75ad340b57acd1ab,420,1,254.9,1,2,5,125,Need Attention
3a69e1826b490a9a1253e94e511feb11,346,1,119.9,2,2,4,224,Need Attention
3a811ceb8ca7e789b007aa8177aacb3f,301,1,104.0,2,2,4,224,Need Attention
3a89a315936b3df814113142920a5127,285,1,649.0,3,2,5,325,Need Attention
3aa71d539bb760f054b280604391602a,293,1,55.0,3,2,3,323,Need Attention
3ab9d2d1f9863816fe06dd9a78687cf0,260,1,0.0,3,2,1,321,Need Attention
3abdf4f27efce96f8573a88343a4084e,577,1,160.8,1,2,5,125,Need Attention
3aca8565700b61f9bb335017f98aeb0f,207,1,0.0,3,2,1,321,Need Attention
3acf392c420320628fbfab879826d6eb,466,1,49.0,1,2,3,123,Need Attention
3ae748b0c0cf7d473b7acac5e07a05ca,322,1,283.02,2,2,5,225,Need Attention
3b2ae38156cf022ebdaf8a4ead16d30a,322,1,58.0,2,2,3,223,Need Attention
3b3839fba53bd347e707043fe02825e5,451,1,82.9,1,2,3,123,Need Attention
3b41d1486c7683be1119e9e6a21832c6,387,1,84.99,2,2,3,223,Need Attention
3b6a95ff6ae21a2d161f91f0339caacd,218,1,0.0,3,2,1,321,Need Attention
3b7870a33823f2db11b4ed832b89d1ef,498,1,69.9,1,2,3,123,Need Attention
3b9e2937de55d40ff1f7539bee704b40,575,1,65.69999999999999,1,2,3,123,Need Attention
3bbc2cf672d1657ccd9d89c10b5a9feb,301,1,49.0,2,2,3,223,Need Attention
3be6f224efc657da0b17bf5d287c20eb,252,1,239.6,3,2,5,325,Need Attention
3beff2bbe2c00e9da692082224f0f770,257,1,60.0,3,2,3,323,Need Attention
3bf6813f46e9c62df69804774cb3570e,237,1,45.0,3,2,2,322,Need Attention
3c1cede1be4ddd48d683880f48cb8754,486,1,129.9,1,2,4,124,Need Attention
3c4665fc1e2927b7d51203ef7e9bfe6e,370,1,58.9,2,2,3,223,Need Attention
3cc6f2e1b9199837fabb35ff4bf24884,242,1,139.99,3,2,4,324,Need Attention
3cc7b3b67ab1db1f14ff7eb7ad6f1ed1,216,1,139.8,3,2,4,324,Need Attention
3cdb97c7026f8956cc2211db2b19f270,484,1,89.99,1,2,4,124,Need Attention
3cf33b6177767b9488f1abc46baab374,392,1,79.9,2,2,3,223,Need Attention
3d18156a1dff6d57e215431e45574371,216,1,0.0,3,2,1,321,Need Attention
3d3162c248f84fc1ef4636b83bf097fe,372,1,254.9,2,2,5,225,Need Attention
3d364a7768fae99678635c4370295d20,548,1,259.9,1,2,5,125,Need Attention
3d3f27c4aa64dd989e18391f0ef71412,213,1,52.0,3,2,3,323,Need Attention
3d4f7632205878799d358053cb53473b,522,1,119.9,1,2,4,124,Need Attention
3d6ccc45f51d061c0632fb284770be14,300,1,49.0,2,2,3,223,Need Attention
3d7b5cfc78529ca32eea645f2dee555a,275,1,0.0,3,2,1,321,Need Attention
3d83e5ef875fbe2b372eb472a6528146,266,1,45.99,3,2,2,322,Need Attention
3dbeb69914c13ee89785281a876f5924,287,1,70.0,3,2,3,323,Need Attention
3dc950be1edf22b0ad33af44837df4e7,554,1,299.99,1,2,5,125,Need Attention
3dd0b7853e24d84f3f18f035c7d0ebb0,433,1,69.9,1,2,3,123,Need Attention
3dfcc5c25b1a9102de307a2e66b83e6f,592,1,89.9,1,2,4,124,Need Attention
3dfefd315855cd80170b7fe60d6279f8,366,1,103.8,2,2,4,224,Need Attention
3e084c2b3948e5beff170f89a2e9b653,399,1,51.8,2,2,3,223,Need Attention
3e0a8e2f767f96b047452d0eb7c7f76e,280,1,209.9,3,2,5,325,Need Attention
3e323b291cb138aafc038becb865d171,295,1,190.9,2,2,5,225,Need Attention
3e3a2579dd1f91141d907f3355ae466c,267,1,30.0,3,2,2,322,Need Attention
3e43e6105506432c953e165fb2acf44c,293,1,336.9,3,2,5,325,Need Attention
3e45a109987cde39a119cd1a7eade7ea,387,1,1200.0,2,2,5,225,Need Attention
3e4fd73f1e86b135b9b121d6abbe9597,300,1,339.0,2,2,5,225,Need Attention
3e50896cd4e9d3eaede04fd6af331632,280,1,179.99,3,2,5,325,Need Attention
3e5c928acf49c4b95e57af1f350d3493,506,1,809.1,1,2,5,125,Need Attention
3e6af1676898a625a1b774da1532c4cc,339,1,54.89,2,2,3,223,Need Attention
3e874b23b6b46a0a50dffce68e61a56b,415,1,114.97,1,2,4,124,Need Attention
3e929a60d3f6a4c02433f8084b7b5026,499,1,208.9,1,2,5,125,Need Attention
3e9694dfd41149b35e4a78f8a6cccb49,259,1,129.99,3,2,4,324,Need Attention
3ea87a15f27801f0b807d5f254aa68b8,559,1,79.9,1,2,3,123,Need Attention
3eaddcc07264924ce9663cbd01b0fcf3,250,1,49.9,3,2,3,323,Need Attention
3ed6263b3fdb5ddbb4bd8c42fd817a4d,318,1,144.99,2,2,4,224,Need Attention
3edb4054ab915a9e3ff74ec855f40c41,243,1,49.9,3,2,3,323,Need Attention
3eddcc05abf2cf434aae2a9662597353,450,1,99.0,1,2,4,124,Need Attention
3ee4fae0862a2163c65481a46fd3469a,309,1,257.8,2,2,5,225,Need Attention
3f00548d480f59bdac5e1ad8a68dcfe1,339,1,99.9,2,2,4,224,Need Attention
3f28cbc63a1569c51f2fcb7a691b03f5,592,1,74.9,1,2,3,123,Need Attention
3f29c19532c5b77b04513b4cb14e7364,226,1,92.0,3,2,4,324,Need Attention
3f505a4179debd8a891c070933325247,225,1,0.0,3,2,1,321,Need Attention
3f806ddc608d1246cd93c6a750884016,213,1,149.9,3,2,4,324,Need Attention
3f96ad6e136439eaf4e575561067a196,236,1,122.99,3,2,4,324,Need Attention
3f97fa38eb164cf852487312f1c72b26,468,1,99.9,1,2,4,124,Need Attention
3fba55633dfddf07245c270abb82519f,372,1,149.9,2,2,4,224,Need Attention
3fdf793a17d8931a76a0aab637ca318a,206,1,274.0,3,2,5,325,Need Attention
401f0aa41e779f38bf9cf13356a6e631,214,1,39.0,3,2,2,322,Need Attention
4026f7d0145275eb838ef552b889c0ec,289,1,258.0,3,2,5,325,Need Attention
402a9b2b56cef00317f59368398222bc,205,1,0.0,3,2,1,321,Need Attention
4034aa08d48695a538b7030910aae5d5,337,1,216.0,2,2,5,225,Need Attention
4049ac72de67031ce1c0c59e281ef897,267,1,109.99,3,2,4,324,Need Attention
40610ee696b6cef76765f5dba81cca16,530,1,55.8,1,2,3,123,Need Attention
406369948f16d70aaebad59a87541dba,299,1,189.9,2,2,5,225,Need Attention
4084df7fe43c4c85d4ea20cc422eb630,313,1,125.0,2,2,4,224,Need Attention
408794595e11dd23ea46bc7dc110ae9a,205,1,78.0,3,2,3,323,Need Attention
408aee96c75632a92e5079eee61da399,597,1,349.99,1,2,5,125,Need Attention
40be9d4423e554598788cab8272da64d,315,1,395.9,2,2,5,225,Need Attention
40c1a702053d8618481f681873de0f41,292,1,47.9,3,2,2,322,Need Attention
40c4c308279011b2e5b85c75579f415d,458,1,59.9,1,2,3,123,Need Attention
4104af1a51c2001eb1b444a8b55751e5,277,1,99.9,3,2,4,324,Need Attention
4105645a2e9d4e2452957b11df3a2a04,461,1,59.99,1,2,3,123,Need Attention
4108bea5ed0108303e108579b955b03b,515,1,89.5,1,2,4,124,Need Attention
41415f9d98446c12f76c9c4d5af62b03,326,1,139.99,2,2,4,224,Need Attention
414c84ad495003b943019c464580f531,299,1,355.79,2,2,5,225,Need Attention
415b15ac3d454f2f09088c34d5982469,344,1,92.9,2,2,4,224,Need Attention
4168fcd194ff2e9b969498157e49b24c,219,1,345.0,3,2,5,325,Need Attention
4173a58ff83790b84c371f56879b5227,358,1,159.99,2,2,5,225,Need Attention
4193eae4d05551143c0bf70f2eb1be77,293,1,48.0,3,2,2,322,Need Attention
41a1e8124bbc0d73734103301fdd4115,251,1,80.0,3,2,3,323,Need Attention
41a2e8b346e23a9fa13f49a651717c62,386,1,100.0,2,2,4,224,Need Attention
41a77aa9a080384631eb2ab3f1ae24c6,367,1,130.0,2,2,4,224,Need Attention
41ad638a2d5176da0eb0de9e177f880a,255,1,0.0,3,2,1,321,Need Attention
41bc11922a49c47bed46280d317c4cdf,287,1,69.9,3,2,3,323,Need Attention
41cb33fa84fbf65c71995e5f6d9564ab,233,1,16.9,3,2,2,322,Need Attention
41db2509d2fd3e2fe68e88deedaa0c1b,385,1,174.0,2,2,5,225,Need Attention
41ffe05b7ceb249599c73eeecbf19c5b,251,1,69.9,3,2,3,323,Need Attention
421b4a08b9e9d1c127f27789a4c1abb3,248,1,0.0,3,2,1,321,Need Attention
421f03cd9152f7886b906cf93d4c4772,292,1,130.0,3,2,4,324,Need Attention
422ca11325b9bce3304a87758c2a4bdf,283,1,85.0,3,2,3,323,Need Attention
425ae15f1593918f06d9a2ce9222e614,475,1,802.14,1,2,5,125,Need Attention
427c1afb29a173e377616eb612718d6d,275,1,69.0,3,2,3,323,Need Attention
42f0fb0731358be76b7519f9970b0c96,246,1,149.0,3,2,4,324,Need Attention
42f80af2e6c585667e4eb416859ae153,241,1,89.18,3,2,4,324,Need Attention
42fec8a8a32ceb3ba315849d6fffb9b8,253,1,13.65,3,2,2,322,Need Attention
430205ab3bd4700f1934a49b0f6c610e,380,1,179.9,2,2,5,225,Need Attention
43088e9ae1468ae7f8f6bd222b6a7329,474,1,89.9,1,2,4,124,Need Attention
430a7c17e079570adf0b57311e500a5c,426,1,99.99,1,2,4,124,Need Attention
43103ed378c67d1df45d3028173f68f7,284,1,0.0,3,2,1,321,Need Attention
431af5c5638973ed6e431618f318a0a2,240,1,637.9,3,2,5,325,Need Attention
43255e3df6cda368809baa2fc72872c8,223,1,69.9,3,2,3,323,Need Attention
432c8bda4f47f4131605f8edbaf3c6fb,330,1,99.99,2,2,4,224,Need Attention
432ee7edf0be5950fe2bc6409d3af9b7,381,1,299.99,2,2,5,225,Need Attention
43332d1b15ebe1dc139153cb9ed113da,393,1,130.0,2,2,4,224,Need Attention
435615550ef4aa0b8e484c055a42808b,250,1,129.99,3,2,4,324,Need Attention
437377ad0f9e456982709a56a513640f,212,1,118.0,3,2,4,324,Need Attention
4377c22228de511d013c6a7560d58a2d,310,1,105.0,2,2,4,224,Need Attention
43ad764728d69e55df3d2c75ab2b33c7,305,1,388.0,2,2,5,225,Need Attention
43b1465a233a9c1c822dbc043a864e2b,605,1,129.99,1,2,4,124,Need Attention
43b1c17ee4ef2824f6f81af9bbb0a0ac,328,1,133.4,2,2,4,224,Need Attention
43b843bd189abfd2fee8c8cdd796e798,430,1,59.9,1,2,3,123,Need Attention
43cb9ba51687bd819e3076bb49f3f4ef,493,1,89.9,1,2,4,124,Need Attention
43d651349d2f0bc6a32e49de5c30c919,413,1,52.9,1,2,3,123,Need Attention
43f0b8fa25a050c02dc18e166ed574ef,422,1,130.0,1,2,4,124,Need Attention
43f17abb82aa3e528eb5fbacc9b92c77,296,1,117.0,2,2,4,224,Need Attention
43fb7cd074b0c8b373505d1e46b30a07,372,1,358.99,2,2,5,225,Need Attention
441e8f48725c241d92e07ef7d7cabe68,291,1,0.0,3,2,1,321,Need Attention
4435c4547dca4cc6909b5f9b513c7993,212,1,380.0,3,2,5,325,Need Attention
44439b089d03b50e682dd34e2187bddf,353,1,729.0,2,2,5,225,Need Attention
4465b5c91c87e80f405456b8c3fef46c,359,1,78.0,2,2,3,223,Need Attention
447c7e6ba5f210f6ee5b9a915ac9f96f,210,1,46.4,3,2,2,322,Need Attention
448e0dea390e9ed20f330b7e75b12ff3,344,1,59.9,2,2,3,223,Need Attention
449ba3232212cc2b6459e3fcef52dee6,232,1,29.99,3,2,2,322,Need Attention
44b8fd6a07abfd7a2bf9a3d698d5cf60,293,1,149.0,3,2,4,324,Need Attention
44d988342c9755f3e54fb3ae7fe6f0c9,460,1,79.9,1,2,3,123,Need Attention
44f4b8254709fb130159912889ae1ba4,243,1,139.9,3,2,4,324,Need Attention
4509c8f5e9f3c62a7fe74eca06996bad,331,1,350.0,2,2,5,225,Need Attention
45167dabf29a055f7c1208a69dc95586,313,1,89.9,2,2,4,224,Need Attention
451c36d15ca9729da50f130f5c0f1c59,716,1,169.9,1,2,5,125,Need Attention
451e48381edab7f1f6dbfa6d728616ff,256,1,129.99,3,2,4,324,Need Attention
4521ca49d47fa50f2b98f0c71cbf5ae7,493,1,119.0,1,2,4,124,Need Attention
4525508b1e5d83e659510e670d906aeb,494,1,207.3,1,2,5,125,Need Attention
452cbd8b8bde0d91625ee847c9192da9,317,1,270.0,2,2,5,225,Need Attention
452fab1c62b178922fc011b0eb89c1b9,252,1,253.98,3,2,5,325,Need Attention
454c6584341c73204ed4f795e2946f56,286,1,0.0,3,2,1,321,Need Attention
454db3b8ab5e556358e87fe7df1be2d6,427,1,349.0,1,2,5,125,Need Attention
45582c7de3129a0aeff8e5e2bf045d48,277,1,99.9,3,2,4,324,Need Attention
4559f926bbedad3e79b1bce8ace698c7,214,1,25.9,3,2,2,322,Need Attention
4562ce3c359dc100034c8a493e2669a5,383,1,143.35,2,2,4,224,Need Attention
45677f94e9a07652cc2eb351dd542476,322,1,248.0,2,2,5,225,Need Attention
4587ce0af6eee0e9b8d0d75fabd30c2a,233,1,29.99,3,2,2,322,Need Attention
459750d77f1b60728d05658220c0fa04,250,1,124.99,3,2,4,324,Need Attention
45aa80c26dcdf6abfdc0b74582ead3f9,486,1,259.9,1,2,5,125,Need Attention
45cfbd91fee8a108c0a0f905dd6bc5a7,512,1,179.9,1,2,5,125,Need Attention
45fb317de39db77813c19dfe0895e8df,301,1,79.0,2,2,3,223,Need Attention
461b7aa4cef6a23317c59baf15c13c49,375,1,99.99,2,2,4,224,Need Attention
4626807d07906818ef7f102b1b250691,593,1,163.9,1,2,5,125,Need Attention
46276637ad6a208abe2d21eac707c73a,369,1,199.9,2,2,5,225,Need Attention
465213418e5f34776c10da6c25583be5,276,1,49.9,3,2,3,323,Need Attention
46587168f28103639ae8249f19b53043,487,1,124.99,1,2,4,124,Need Attention
4658b26bcea972ed0b86a5f8c61718be,591,1,299.99,1,2,5,125,Need Attention
467975aa01ded053ddd770ac6d11abf8,370,1,189.98,2,2,5,225,Need Attention
469356420bccdecae3c5a3f9d8089ddd,220,1,59.99,3,2,3,323,Need Attention
46ab1191da6a216e86ad5a3c0a5d770e,288,1,56.99,3,2,3,323,Need Attention
46b1c77198c6cac6b3b5c523763575c0,395,1,146.99,2,2,4,224,Need Attention
46bb23c415d5b0b35c04df0fe2e4dbaf,255,1,38.9,3,2,2,322,Need Attention
46c21d0f3e1d250a9f04e3fa064e8fef,466,1,99.99,1,2,4,124,Need Attention
46c59f112858ee897d46f8e43af4a336,472,1,89.5,1,2,4,124,Need Attention
46dd28b3f7e33b789acf42d3093b7773,607,1,59.9,1,2,3,123,Need Attention
46e3f78405802e5bc311e5b31588d8ed,590,1,99.9,1,2,4,124,Need Attention
472eae247a25ee1529d03002eb740637,251,1,32.2,3,2,2,322,Need Attention
473089b23876b579b3ca154c3d4a0309,231,1,43.8,3,2,2,322,Need Attention
474a9bd593c96f177e663536da52feec,278,1,118.0,3,2,4,324,Need Attention
4754e3b66497719a91b36268ed9c5718,287,1,544.0,3,2,5,325,Need Attention
4766fb51c287a3a3a67eae04ed0e75a4,713,1,54.99,1,2,3,123,Need Attention
479cc370a1fdb7d10dfe46016182a1c5,228,1,0.0,3,2,1,321,Need Attention
47b22f6eef47620586ac43f2660bcc82,224,1,49.9,3,2,3,323,Need Attention
47cff09989eac12c2878e964ae59d34e,310,1,49.99,2,2,3,223,Need Attention
47d54ad7f6c7400ebf1649d056830c27,417,1,219.99,1,2,5,125,Need Attention
47fff67d165b79e36024db4b82d041c6,408,1,129.99,2,2,4,224,Need Attention
4820478e8cb6198530212821746419e9,231,1,139.9,3,2,4,324,Need Attention
482749eee2cc3b294f4000e3e839c247,217,1,79.9,3,2,3,323,Need Attention
4829d76fd44a6f080411fdd7d81df23e,300,1,69.9,2,2,3,223,Need Attention
483bc92f963bbc90c3006e11f9ac552a,301,1,49.0,2,2,3,223,Need Attention
483ccebb9c42ae89d35740fadc153835,397,1,182.0,2,2,5,225,Need Attention
484689f7961df6e755f6373221aff64d,297,1,79.5,2,2,3,223,Need Attention
4852ba4cb09d03a665c840db8e61a749,349,1,897.0,2,2,5,225,Need Attention
48625b68a29dcfc3aba4b5147e0625aa,227,1,120.0,3,2,4,324,Need Attention
48770182fa1f6631dc831cb4a99ca859,587,1,64.99,1,2,3,123,Need Attention
487e95378601c00342936b51ee9f50f2,447,1,205.0,1,2,5,125,Need Attention
48d1dced151a0925eadb3614f732f220,602,1,379.9,1,2,5,125,Need Attention
48d4bf53229ec530405b4e461ae6adb0,336,1,78.98,2,2,3,223,Need Attention
48e14578ccade39106a4c595eabc0e7a,385,1,84.9,2,2,3,223,Need Attention
48e765b31aa7359bdc26fb32b1b6825f,568,1,326.66,1,2,5,125,Need Attention
48f8c279f6e0dd1931c8cb6d572cc99b,316,1,599.0,2,2,5,225,Need Attention
490365d9f683dc347884bd697db83052,491,1,135.9,1,2,4,124,Need Attention
490affd54728ccc9f08528e60f7f5ffe,283,1,51.8,3,2,3,323,Need Attention
4924386ba057ca5bb978f15e72bdead6,226,1,129.9,3,2,4,324,Need Attention
4947413e68f4df49eb40aa65881befa1,395,1,86.8,2,2,3,223,Need Attention
494a52654366a12455cd9a81c6fdf542,247,1,39.9,3,2,2,322,Need Attention
494f8a40e4cc505c7f0f224ec6b370ea,380,1,79.98,2,2,3,223,Need Attention
496b46fb2c8d864ed645954dc6a57945,289,1,189.0,3,2,5,325,Need Attention
4985c56eccae71866a8582e6d624c8f8,424,1,79.9,1,2,3,123,Need Attention
49afeec74ee36fc6e5582ccd16111a14,308,1,169.9,2,2,5,225,Need Attention
49b87b6248b8e97cf8e0be1d073e6ea1,523,1,134.9,1,2,4,124,Need Attention
49eb55b407f86a1e87d7898594e65c90,489,1,135.0,1,2,4,124,Need Attention
49ec3b730bc59d1053305e7d20c5828e,597,1,59.9,1,2,3,123,Need Attention
4a1545a7ca1e830eae5ea745b5338eb5,211,1,29.99,3,2,2,322,Need Attention
4a1d554430a67cc48fc8f2d4d3173867,477,1,102.9,1,2,4,124,Need Attention
4a2323f83849ec7cb00a5663d064bfac,269,1,258.0,3,2,5,325,Need Attention
4a37214b106fac5a660b3858d4ac9d41,444,1,499.9,1,2,5,125,Need Attention
4a3b97f14ae31aa0b516b3057e862377,472,1,109.9,1,2,4,124,Need Attention
4a6fff622461f273bb0403682367d059,280,1,24.5,3,2,2,322,Need Attention
4a85d946b1fa8dda8a8f0b0651b6c912,518,1,134.9,1,2,4,124,Need Attention
4a875173bfb6a79bc80ade998b70132e,311,1,58.9,2,2,3,223,Need Attention
4a87e667294a7e8c18a5656a3813e24a,273,1,41.3,3,2,2,322,Need Attention
4a91199dce0d0f0665c157bd7ebc7198,586,1,459.9,1,2,5,125,Need Attention
4aa3bb0f92691d2cc5fc6cec735c0c01,291,1,64.9,3,2,3,323,Need Attention
4aa7f7811fa2ee7f7966c87232e073b3,222,1,99.99,3,2,4,324,Need Attention
4ab50a59734294a04f717d8ce2122c34,437,1,69.99,1,2,3,123,Need Attention
4abe169ffe947fd9a577e51e6c19e7b6,425,1,151.8,1,2,5,125,Need Attention
4ac899cf4188a7f69cde48d82e0309c3,326,1,146.99,2,2,4,224,Need Attention
4acce2834231e13b1514915adda5ec2b,490,1,139.0,1,2,4,124,Need Attention
4aceb8c7e323505487fb7ad6775f177b,319,1,599.9,2,2,5,225,Need Attention
4aeadd2fbdab9bd2b850353470b50bfd,488,1,79.99,1,2,3,123,Need Attention
4af8183e991931155d9315609e41e2ab,227,1,165.0,3,2,5,325,Need Attention
4b1d45d33877174c0fca2cece1f8f2c1,359,1,49.9,2,2,3,223,Need Attention
4b256de10191200af4161c5d0d51da48,253,1,229.99,3,2,5,325,Need Attention
4b256efb7d2b602ca8d8a070db7cd4ae,243,1,28.99,3,2,2,322,Need Attention
4b3bb6a96863c6ec44be8e01305d4417,233,1,19.9,3,2,2,322,Need Attention
4b3f881316f66630e2dc4868efd08e55,331,1,193.8,2,2,5,225,Need Attention
4b79e4b6db0bcfb76c85b5d88649fa45,486,1,169.0,1,2,5,125,Need Attention
4b86049cb99e4aa774031daa9cd18f18,232,1,248.0,3,2,5,325,Need Attention
4b9c1e46a59a75a9af94bc7e355b97a0,339,1,74.9,2,2,3,223,Need Attention
4ba951eaaf83957d36fa3de46820754c,395,1,53.6,2,2,3,223,Need Attention
4bb4001bb156c7e4cf2f096e9c5c20f7,421,1,189.99,1,2,5,125,Need Attention
4bc3c13133d65130fe13def33ed39eff,291,1,99.9,3,2,4,324,Need Attention
4bd7f188edf5bda0c155c8460457d76b,608,1,89.9,1,2,4,124,Need Attention
4bdaaab3c645dd18eed3c3bb8ddcd6cf,231,1,1320.0,3,2,5,325,Need Attention
4bdc96c9e8db57f4cdc94e59eeb987a8,295,1,56.0,2,2,3,223,Need Attention
4bf3d072dcf303280e82dc697b516c6f,287,1,45.0,3,2,2,322,Need Attention
4c0031f9334248a4d3c675b527c67b88,212,1,0.0,3,2,1,321,Need Attention
4c09b258e20a3330b4b49b01c6733ca0,243,1,109.9,3,2,4,324,Need Attention
4c250c90bedbbfa9a85ac59143f09f55,471,1,129.5,1,2,4,124,Need Attention
4c4019424201b623e1aa1a7fa822d326,403,1,104.9,2,2,4,224,Need Attention
4c49f71bf9f69f1396223ee87e07f726,251,1,150.0,3,2,5,325,Need Attention
4c57fdb260556efeb98a8e09ce74c4d0,283,1,23.1,3,2,2,322,Need Attention
4c9d7a522155c04c8a1ef4c76ea68998,428,1,59.9,1,2,3,123,Need Attention
4ca5f90433afb5493247f0bafb583483,412,1,69.9,1,2,3,123,Need Attention
4ca8854dd8e7df762fdaa3141840c47a,207,1,119.9,3,2,4,324,Need Attention
4ccacf05f1c687822fc379cec1a70493,448,1,73.9,1,2,3,123,Need Attention
4d024a9c22e0d1232091ee9915499719,479,1,180.0,1,2,5,125,Need Attention
4d08ce189da9a10f9fd5e90918de54e0,393,1,159.9,2,2,5,225,Need Attention
4d1d50c8870f228ed23b3e89bc126a18,231,1,0.0,3,2,1,321,Need Attention
4d1fe8b6f5e9ee044a14467c8b2832b6,226,1,84.89,3,2,3,323,Need Attention
4d42230cfc4f53bf3340d0ae9bbe620a,241,1,49.9,3,2,3,323,Need Attention
4d44daa2056990a8c1cb947a19c626b0,211,1,110.99,3,2,4,324,Need Attention
4d498c96e9ef668a8bc1b835cc2724e7,356,1,56.99,2,2,3,223,Need Attention
4d76d18a3c2a23f3610de21232fc8bf1,214,1,29.98,3,2,2,322,Need Attention
4d789786872da7d638b9ca3be9e6e405,241,1,13.65,3,2,2,322,Need Attention
4d85336a73fdb043292adfffbeb80486,233,1,122.99,3,2,4,324,Need Attention
4dd1c231ef57f033021044544dc5836d,253,1,45.9,3,2,2,322,Need Attention
4dea07b5dd15f4087a2b00984f3755f8,225,1,99.9,3,2,4,324,Need Attention
4dfcad2550d5a550b707ea167f33ae8c,245,1,0.0,3,2,1,321,Need Attention
4e20c9717b355a95e60353197235b58c,498,1,199.99,1,2,5,125,Need Attention
4e2270e45010f34f7308e7fd0ba18b48,322,1,62.8,2,2,3,223,Need Attention
4e363e6d4fc4031b8c9f4430191e88e4,418,1,50.0,1,2,3,123,Need Attention
4e3c149b4f38ba13a692fe975d1c48c6,237,1,99.0,3,2,4,324,Need Attention
4e42f5dd11f3b39f9994e12b20f10b4d,504,1,149.9,1,2,4,124,Need Attention
4e45d04dd97c6185e03a374d0024ec04,265,1,69.99,3,2,3,323,Need Attention
4e65032f1f574189fb793bac5a867bbc,476,1,329.0,1,2,5,125,Need Attention
4e6588068c000d6f539cf24c66a96816,214,1,179.9,3,2,5,325,Need Attention
4e80ecf05e726d3b9ec3cd93577f5a1a,343,1,50.0,2,2,3,223,Need Attention
4e95c3db873ad0daa03d9a233362396d,284,1,122.99,3,2,4,324,Need Attention
4eaa7b320f62557958f289a09f1cf919,293,1,59.9,3,2,3,323,Need Attention
4eaf709a63916717d9f464d05beabfb5,344,1,149.99,2,2,4,224,Need Attention
4eba70ec999c67251d9bd44141e39f4a,469,1,180.9,1,2,5,125,Need Attention
4ec3e8baff65069114a2cb9fc2f9ff9f,297,1,53.99,2,2,3,223,Need Attention
4ed6f838ded54fddab3d9d614a0c7b0d,290,1,159.9,3,2,5,325,Need Attention
4ee4abbc3054d7f0b3f4acdaf74073e7,348,1,120.0,2,2,4,224,Need Attention
4eeb95332592e4401c91ffb9d689cd14,303,1,232.56,2,2,5,225,Need Attention
4efe54e3e336d3e4c68e5ce66ced75c8,284,1,89.0,3,2,3,323,Need Attention
4f2b39545ebc1f7457d44249f8d7fc7a,344,1,158.0,2,2,5,225,Need Attention
4f35078a5117c6420a4f93cfa3be14f6,293,1,0.0,3,2,1,321,Need Attention
4f477c554c5bd165f95d62b409ac6425,421,1,84.9,1,2,3,123,Need Attention
4f4a4c713a7892d9db23f694fc647d13,233,1,89.3,3,2,4,324,Need Attention
4f6d635ff2fd4e30ff5369a7b943eb22,219,1,66.0,3,2,3,323,Need Attention
4f82e1e076d9e0a077dd3d62da608744,293,1,0.0,3,2,1,321,Need Attention
4f853e8ca227c6f7fd20adcd785ba0a9,395,1,74.69999999999999,2,2,3,223,Need Attention
4f8cce1447c785e1b70e866daec425a1,506,1,225.0,1,2,5,125,Need Attention
4f928a6270233d6c7c4e73919fa12295,228,1,49.0,3,2,3,323,Need Attention
4fc8594d4bd9b2157025e4bb48c2d30c,316,1,59.9,2,2,3,223,Need Attention
4fd1beb4e95a893ae955635ffaa1a861,276,1,35.0,3,2,2,322,Need Attention
4febcf117fb1744228c5c3fb7e2a1c76,225,1,191.0,3,2,5,325,Need Attention
4ff0c5bf5ff939d3ed476462c42d431e,210,1,187.2,3,2,5,325,Need Attention
4ff376209add6152358ad7ae10a6f6c1,455,1,59.9,1,2,3,123,Need Attention
4fff725d93ad8b018de71bc3466cccd3,247,1,23.7,3,2,2,322,Need Attention
50343a5529a9ab46eacfd1fdc387cf0a,250,1,49.0,3,2,3,323,Need Attention
5035394f5af1b31d7c536f2bff8e5c46,300,1,125.02,2,2,4,224,Need Attention
503f8e014d74b09cfe772d0279c361b9,295,1,89.9,2,2,4,224,Need Attention
504b0dfeddc2a12fcc71773e0eb7b9b2,313,1,190.83,2,2,5,225,Need Attention
5063d70a88d82aab39d8a197036aaf2a,549,1,49.0,1,2,3,123,Need Attention
506e2ff6b5a02a479e1f12b2a37deee4,365,1,299.9,2,2,5,225,Need Attention
5076366c05f3f8a857f811397338c6ac,560,1,69.9,1,2,3,123,Need Attention
50881a1a7cf12940a91d1f5738e373df,343,1,285.0,2,2,5,225,Need Attention
508c136dd918b7169593505ea16b1093,342,1,119.9,2,2,4,224,Need Attention
508cae50c5c1e72079d266a513bca9ae,255,1,81.5,3,2,3,323,Need Attention
50d27e12b7d28f9c61ff09d5e9429684,220,1,67.9,3,2,3,323,Need Attention
50d7ffe26d9b0c27900c2b197e66bde4,219,1,25.5,3,2,2,322,Need Attention
50e1b12ee1e2eab6157d9c0b035136af,226,1,33.8,3,2,2,322,Need Attention
512dc576950aaf62b6c0ed031bd6b0be,290,1,799.99,3,2,5,325,Need Attention
513716fd55dc94ade4802ea4f73a3dab,491,1,169.9,1,2,5,125,Need Attention
5142b631250df02f4aadfc5d4c4b8569,222,1,0.0,3,2,1,321,Need Attention
51601e58354758c975c5e878a11b4352,239,1,122.99,3,2,4,324,Need Attention
5179541696b879141c1f0bb532f988c9,304,1,146.0,2,2,4,224,Need Attention
51838d41add414a0b1b989b7d251d9ee,556,1,84.9,1,2,3,123,Need Attention
518ff151056410cc1e01e1dc3711a1a9,232,1,61.5,3,2,3,323,Need Attention
519006324ed2926a8bc03f241ae81712,326,1,119.69999999999999,2,2,4,224,Need Attention
51ac8560948d44d4ffa33f2680569a20,232,1,0.0,3,2,1,321,Need Attention
51bfbaee00332bc4b92c8fb31a931948,231,1,598.99,3,2,5,325,Need Attention
51c2f039f08424330a6bbba4c9949d98,452,1,229.99,1,2,5,125,Need Attention
51d91326ffc0688da14a001de38c264b,390,1,195.0,2,2,5,225,Need Attention
51da3149efb8c4a64b26f928a4ed8f28,409,1,129.99,1,2,4,124,Need Attention
51dc56123336c573f2977f5da81b17b9,512,1,209.9,1,2,5,125,Need Attention
520adcb308fd7bce64069bcacbeb2f55,241,1,30.6,3,2,2,322,Need Attention
522330e203f9f930fa7b014442654623,446,1,159.0,1,2,5,125,Need Attention
5229b8e4d7d2b9b676c2083c17b1ecd0,407,1,438.0,2,2,5,225,Need Attention
522e244a96d13876c5bac4985a8d5075,233,1,479.93999999999994,3,2,5,325,Need Attention
526702b617eaea06b94a93af17ad720c,213,1,649.0,3,2,5,325,Need Attention
526ccb7139b463143e46b919bcfe3bac,370,1,69.0,2,2,3,223,Need Attention
528b011eb7fab3d59c336cc7248eed3a,254,1,53.99,3,2,3,323,Need Attention
52a7fb2dfa60628b04619fa279d3e27c,292,1,98.7,3,2,4,324,Need Attention
52c247722e2351bcf25b1d759a8a58ae,248,1,0.0,3,2,1,321,Need Attention
52cea49a6eabf8b641b7546bc1fc17ab,290,1,99.9,3,2,4,324,Need Attention
52d3c9e72091eca915f7e71c457ed368,268,1,24.99,3,2,2,322,Need Attention
52f7c5236c70dde7f062d5f93e79920e,281,1,79.9,3,2,3,323,Need Attention
52fd49a9e404c6a5aecd183430698b63,281,1,99.8,3,2,4,324,Need Attention
5313d6ca5d25744acf9877f61c01c189,303,1,479.0,2,2,5,225,Need Attention
531f8d2a8f04b3fbbb76e35ceaf8dfe2,300,1,275.8,2,2,5,225,Need Attention
53366ab9d1acc84096cd99a3eaefb7f9,241,1,155.0,3,2,5,325,Need Attention
535c1bc29b3f8a2a5060ff4792665e3d,222,1,144.99,3,2,4,324,Need Attention
5362cb1d9a156cc6edbe69eed9f78752,266,1,99.0,3,2,4,324,Need Attention
5373d3bd71b05d85cc1b76a125943527,284,1,0.0,3,2,1,321,Need Attention
537568b43e7ec5203b504b97808593b4,584,1,550.0,1,2,5,125,Need Attention
538f20c5da86daf31ec285792b8b603f,441,1,59.4,1,2,3,123,Need Attention
5399c9213ca365a480537a1b21423d2c,495,1,95.0,1,2,4,124,Need Attention
539b33228e119bcaedd098baba88d06b,521,1,143.8,1,2,4,124,Need Attention
53a52be3ec8e43d7be46b037d58ff145,500,1,109.6,1,2,4,124,Need Attention
53b2aa3aafb865f1c2c681804b8eb3b9,322,1,59.9,2,2,3,223,Need Attention
53bb7dc2b472c192a4a808a4f42fc8a0,317,1,114.9,2,2,4,224,Need Attention
5403c5708577d72afc5c4783bad43280,213,1,0.0,3,2,1,321,Need Attention
540f5d9fc63ff82ceecb2dc3bc105071,357,1,50.0,2,2,3,223,Need Attention
541028a4f24a1f8d31feb975a940aee6,283,1,13.65,3,2,2,322,Need Attention
5429ef34d206e470c7e4d1e6c834ea48,217,1,0.0,3,2,1,321,Need Attention
544d68d25e9cbb63c5ee29345185fbd9,387,1,89.9,2,2,4,224,Need Attention
5457ae2c352c18e3bf5cba68301d96a8,205,1,24.9,3,2,2,322,Need Attention
54732c804725f94304b9f2d1107a3d6e,406,1,259.0,2,2,5,225,Need Attention
54ac170f384b3ca08d8ea2aa6389c483,606,1,238.0,1,2,5,125,Need Attention
54d97c70f72815eae0f2538364774a7a,235,1,0.0,3,2,1,321,Need Attention
54dfac2adf924cfba07091efb3d1b5ee,249,1,399.0,3,2,5,325,Need Attention
54e585d73c89a6aff19a1557eb5e9d16,217,1,0.0,3,2,1,321,Need Attention
5523da98302d120b592f376ef5b3766f,389,1,130.0,2,2,4,224,Need Attention
5533b6863859076febafeed9a35bb6c2,285,1,0.0,3,2,1,321,Need Attention
553b07cb90e5a17d748dbcf842c00118,232,1,54.9,3,2,3,323,Need Attention
553ddce64bc3802244fe88160fbdbd34,443,1,195.66000000000003,1,2,5,125,Need Attention
55689f96a555bccd0dc2d1786f2b833f,385,1,54.9,2,2,3,223,Need Attention
558e8c5c045f205b5b9ca29ec2d281b3,434,1,113.0,1,2,4,124,Need Attention
55a269f324455e78349e7b9b7e7e5911,300,1,99.0,2,2,4,224,Need Attention
55a2d38a48216287f07c360037b1955b,214,1,0.0,3,2,1,321,Need Attention
55a36ff7f14abc01688647c613b35836,290,1,193.9,3,2,5,325,Need Attention
55bbbcb4a9186186167ee9043b98510c,233,1,29.99,3,2,2,322,Need Attention
55c245566b3f3cb323a29a72ae81bf94,227,1,145.0,3,2,4,324,Need Attention
55dfea89540867cbe96091b82db0cb06,351,1,58.0,2,2,3,223,Need Attention
55e3628de0f0fc02c8cd3eb79de3b739,238,1,475.6,3,2,5,325,Need Attention
55f8517e3e572aa06923169cf5d0b011,294,1,81.99,3,2,3,323,Need Attention
55fbb57fd54c35a38c80c2a032a6ca6e,290,1,0.0,3,2,1,321,Need Attention
5616f75d22507069b5383854a1d8c414,255,1,199.9,3,2,5,325,Need Attention
561cfc00b430b16ff8e8d36429d709e7,503,1,99.9,1,2,4,124,Need Attention
5620adf20d8c13e06bf36779bbc70c7b,256,1,180.0,3,2,5,325,Need Attention
562dc4d7d8e2434726725aeca74da6e6,240,1,0.0,3,2,1,321,Need Attention
563bf685b8426233585285851fa03881,560,1,792.0,1,2,5,125,Need Attention
563d45998b9493266d53b268f4539c8f,288,1,200.99,3,2,5,325,Need Attention
564ab8ca31faaf89e0ce856cfd7472a6,507,1,51.9,1,2,3,123,Need Attention
564bc02acd888f7617b0d7c737d35aee,367,1,97.9,2,2,4,224,Need Attention
56509f7bc43892a0da09ee14f50a6f84,247,1,199.0,3,2,5,325,Need Attention
56546b71f8bf254f860014fae431af6d,219,1,116.99,3,2,4,324,Need Attention
5654780522c8bd0731cc276d2e7185d9,231,1,52.0,3,2,3,323,Need Attention
566f5414c232319e9941d53b560f9f73,280,1,0.0,3,2,1,321,Need Attention
5674ba4c78cc9a00b85be9af1f954e3b,274,1,59.0,3,2,3,323,Need Attention
567cce4e47a422c4e6e2021a46c979e7,260,1,124.9,3,2,4,324,Need Attention
5691b0e6c602efe860beab0017c4d12b,301,1,139.99,2,2,4,224,Need Attention
56b088f218c6c02cd6e86bb9814271cb,387,1,85.9,2,2,3,223,Need Attention
56e310e19484c9c9eea920d87d6d8181,289,1,589.0,3,2,5,325,Need Attention
56e3a984ef5040797608df8afcba3d75,231,1,27.99,3,2,2,322,Need Attention
57056d7fcf92fd1154d9926b343f3806,353,1,246.62,2,2,5,225,Need Attention
5709900c6ded8af6dfb28b043943368d,279,1,56.99,3,2,3,323,Need Attention
5729c597c0f53d54a91b45f64461a958,249,1,25.0,3,2,2,322,Need Attention
572e9e13a44a5e4ac5c42e74b324244f,465,1,73.9,1,2,3,123,Need Attention
5742406e72eceee07be827bd07fe28de,297,1,499.0,2,2,5,225,Need Attention
5745d934dfb11a294fce3d48d18851d1,440,1,52.11,1,2,3,123,Need Attention
574f64be1db70c360fbf347751d344aa,291,1,0.0,3,2,1,321,Need Attention
57687546c853c106a30036e7c483dc7d,318,1,49.9,2,2,3,223,Need Attention
57779657370185613aa69cf2dfd6553a,299,1,139.0,2,2,4,224,Need Attention
577b248d5f425930ca27a980977bbdcf,495,1,89.9,1,2,4,124,Need Attention
57a00f215e83a19190f6a5dded389806,596,1,94.99,1,2,4,124,Need Attention
57aee1a8b40587831ca79a06bf0df5f7,228,1,28.0,3,2,2,322,Need Attention
57b0b8c2c522feda58822ffc4f680375,555,1,259.8,1,2,5,125,Need Attention
57bb2889dd7a0bc0cc733019ec8dcf41,416,1,129.99,1,2,4,124,Need Attention
57c3cb7f6511f6f53b8f4180531406ca,231,1,120.0,3,2,4,324,Need Attention
57d10094c3601410c6c52853ae525498,396,1,119.0,2,2,4,224,Need Attention
57fa50f976b8be14eddbbbe51dcc5cef,230,1,25.9,3,2,2,322,Need Attention
57fa681a2a71d179145d8029343f8d29,360,1,69.0,2,2,3,223,Need Attention
5805f02470aa5a345996c6cf1eae5be1,391,1,599.0,2,2,5,225,Need Attention
580c099f915e21cb689d394438b087af,205,1,69.9,3,2,3,323,Need Attention
582413ee5c9cf48218666c6fd967a221,284,1,0.0,3,2,1,321,Need Attention
5840f5f059bef65fc6f3bf1f4eb48e98,302,1,91.8,2,2,4,224,Need Attention
584bb2bc20695e10db1ddc15d027b8b4,333,1,119.99,2,2,4,224,Need Attention
58704dbb44acbec0448a215ac2871320,352,1,58.99,2,2,3,223,Need Attention
587e8e16ce36e70fcf8aff3270177a29,400,1,110.0,2,2,4,224,Need Attention
5898ff704517d3dcae16ca666b5f225a,496,1,79.9,1,2,3,123,Need Attention
589ee29a3decf9bd5cd8492da02efb2e,538,1,109.7,1,2,4,124,Need Attention
58b54a7b92d168cb5b3edfd435aac721,340,1,325.0,2,2,5,225,Need Attention
58e6013f75c8d79f4138ae9af0861079,221,1,507.0,3,2,5,325,Need Attention
58ebb0cdff831dccd8b4009111506f80,382,1,379.98,2,2,5,225,Need Attention
58f20748b5ef303f21ad24e74b8eaa42,234,1,258.0,3,2,5,325,Need Attention
58f58e001ee9414b521c2dc29632f0de,308,1,79.99,2,2,3,223,Need Attention
59140aa3bcfa73f0763d85370926b4fa,218,1,80.98,3,2,3,323,Need Attention
59151e2a23ba2273271860147a7ab68d,230,1,53.99,3,2,3,323,Need Attention
59213e6a25258039405a711ff8dac4f1,300,1,59.99,2,2,3,223,Need Attention
5945e5712b7d951088ce6d5e13d972e7,297,1,62.9,2,2,3,223,Need Attention
5962b3d00e5c411c4939c732442af00b,305,1,454.0,2,2,5,225,Need Attention
59654be810cae5761b11ae6b37ba187b,461,1,80.0,1,2,3,123,Need Attention
597684fc02296fb0a8980e31965ee6c9,580,1,279.98,1,2,5,125,Need Attention
598303f52e054ede6c3b5d53ba72ff65,204,1,109.8,3,2,4,324,Need Attention
5992a50227b3fba205b0dc1dab14bafb,427,1,56.99,1,2,3,123,Need Attention
5994b30cf00d1fa01b52e85a243cd175,260,1,194.9,3,2,5,325,Need Attention
59db2660a96eaad61dc5d9787ba6886c,554,1,69.9,1,2,3,123,Need Attention
59e6140afedcf24d3286af92b57489f8,252,1,399.8,3,2,5,325,Need Attention
59f72bd03edfc6d071ee1091ea4dbaa6,547,1,68.9,1,2,3,123,Need Attention
59fb2024ddd74c34d16e3d51ed2960a1,283,1,49.0,3,2,3,323,Need Attention
5a014dabe8de0cc29621e8c8d5ebfd8e,385,1,174.9,2,2,5,225,Need Attention
5a08097006a04f95acc3c2501d0df29b,248,1,19.9,3,2,2,322,Need Attention
5a343a06c98ea19d963edfc4a0126e76,261,1,68.99,3,2,3,323,Need Attention
5a3e3213dd31e76b3b23abde809387a1,389,1,89.9,2,2,4,224,Need Attention
5a44e130874459fac090d9bfec3aa079,549,1,186.15,1,2,5,125,Need Attention
5a4d11d56c3c62e630300b2e98a4c195,537,1,175.3,1,2,5,125,Need Attention
5a5d23db7ec2b28b8735f7319d528dbe,276,1,120.0,3,2,4,324,Need Attention
5a99dae4c9606abe29dc96573cdf9356,234,1,39.99,3,2,2,322,Need Attention
5a9bf6fa586d27d07f32cdc28e95227e,309,1,67.99,2,2,3,223,Need Attention
5ab63a2b407c27ca68d825930de62ae4,246,1,127.0,3,2,4,324,Need Attention
5abb229ffc19bcdf38b5a988fd6886fd,393,1,69.9,2,2,3,223,Need Attention
5acfe875aea7ae054fa88c103e42141d,206,1,0.0,3,2,1,321,Need Attention
5ad96d7a95788923e8ff455366a90015,460,1,528.0,1,2,5,125,Need Attention
5ad9aa3b3a3f21a4c5ab9e3a8b09642f,562,1,809.1,1,2,5,125,Need Attention
5adbbdc3ad3fdea440538bb612c3bf3d,345,1,169.0,2,2,5,225,Need Attention
5aea5fc896e4a5d9c6b62ee0d4865995,309,1,73.35,2,2,3,223,Need Attention
5aee9c41242adc68d09a0bab4aecd7ff,233,1,29.9,3,2,2,322,Need Attention
5b26618da34612cc4947bbf6ef4fb67c,216,1,129.0,3,2,4,324,Need Attention
5b2b5a6d6670652447fde264bcaf4c89,374,1,229.0,2,2,5,225,Need Attention
5b3186d7cf904f2f9369aec26faba4d2,365,1,159.9,2,2,5,225,Need Attention
5b3701e58aad8913eee15daaf03c0a9b,419,1,54.06,1,2,3,123,Need Attention
5b393d31d0c95acec0bc78472596d668,328,1,139.0,2,2,4,224,Need Attention
5b47ada4d688a13c2cdc4639e332c272,281,1,169.99,3,2,5,325,Need Attention
5b63d45738df64a3e43d075a2a97de66,252,1,39.9,3,2,2,322,Need Attention
5b93d204e1d3130dd6ede5da588c0bcb,215,1,92.0,3,2,4,324,Need Attention
5bae40c0db261997972f0fe5ff3fd680,205,1,42.79,3,2,2,322,Need Attention
5bc4d654dc4eb95cbd977eafadb38383,252,1,0.0,3,2,1,321,Need Attention
5bc7fc55deb1fc531ebc689a23b5c380,244,1,0.0,3,2,1,321,Need Attention
5bca215da9b5206f88f2be0051d57d6e,226,1,22.0,3,2,2,322,Need Attention
5bd6c03585f70d7c822c736ccaa053ad,559,1,123.9,1,2,4,124,Need Attention
5bdb6f56a8fb4272b802f504bb6d1287,227,1,263.92,3,2,5,325,Need Attention
5bf9347f1623a50060ce723051f47f0d,261,1,34.99,3,2,2,322,Need Attention
5c0916024bf8ac6780aa07dce317aaf6,278,1,885.0,3,2,5,325,Need Attention
5c172742a150b58f4407bc5f87adaa00,547,1,279.99,1,2,5,125,Need Attention
5c258f7c0ff4f829eec200d6b9ed6994,382,1,299.9,2,2,5,225,Need Attention
5c3381a3f2f32b5085807b0807169501,483,1,69.9,1,2,3,123,Need Attention
5c338a1f817634937de82b48141a62a3,411,1,104.9,1,2,4,124,Need Attention
5c47a11698cdcede9a8b2335e5a71d9f,245,1,0.0,3,2,1,321,Need Attention
5c54682e89c9fbd2d29d2efde2601b88,391,1,172.33,2,2,5,225,Need Attention
5c585e7a98e329454ba75d494a0019be,332,1,64.99,2,2,3,223,Need Attention
5c8a8ede9e5ca9d3276b26d56e7de37d,297,1,159.9,2,2,5,225,Need Attention
5c8b41ba21631ca0432de4a10a56fcf1,550,1,116.0,1,2,4,124,Need Attention
5c91001431c31b0b355a154d4f498177,397,1,75.0,2,2,3,223,Need Attention
5cbb48126229b0f4f6f000dd00c8b698,213,1,99.9,3,2,4,324,Need Attention
5cbf29b2dcf212a6a5d864b887238c72,373,1,110.0,2,2,4,224,Need Attention
5cdd235f266a268a095324c53c446396,300,1,119.9,2,2,4,224,Need Attention
5cedf45c32b109d617232373027a8959,228,1,139.91,3,2,4,324,Need Attention
5cf21d69d40b50119524be327a12ed7b,242,1,0.0,3,2,1,321,Need Attention
5d0a025a2f2bd75a48de87b18228e67a,328,1,280.0,2,2,5,225,Need Attention
5d0f9e059b388d11c92560a0031b97d2,309,1,217.8,2,2,5,225,Need Attention
5d2da9cc2b6e9a3091833386fccad629,381,1,109.9,2,2,4,224,Need Attention
5d4860175560b328f70a058bf6fa2278,289,1,37.9,3,2,2,322,Need Attention
5d5829e2a0b08bcad7b3606381d7c11f,308,1,184.0,2,2,5,225,Need Attention
5d710d9a48ebb7fe5ffc2940ff29f346,223,1,24.89,3,2,2,322,Need Attention
5d7daaea6e48222c993bb5eef18290ad,349,1,95.0,2,2,4,224,Need Attention
5d8419d97b21bdb94050d0aa55b3c353,539,1,67.12,1,2,3,123,Need Attention
5d86e4c7d9e944ebaab065f2588f45f9,434,1,258.9,1,2,5,125,Need Attention
5d9a8a6c059280f7d8dab99e2d025a28,266,1,157.77,3,2,5,325,Need Attention
5dc488f00696a2fdabced8f20be5b8a7,470,1,269.0,1,2,5,125,Need Attention
5dcae475de267e3304949b772a368008,225,1,0.0,3,2,1,321,Need Attention
5dda09ed137461608be539348c1dac39,222,1,67.9,3,2,3,323,Need Attention
5df8710e0e69a1b21ec96bca50cc6c64,428,1,65.7,1,2,3,123,Need Attention
5df965670962764c4bb2dbd1ef8019a3,290,1,0.0,3,2,1,321,Need Attention
5e24610c5a55f0b6ffdaf9e846d02362,400,1,92.9,2,2,4,224,Need Attention
5e380d3468af33b77e184046b8061a2c,253,1,64.8,3,2,3,323,Need Attention
5e76cb6542fa7e072916af1effd97f36,407,1,56.99,2,2,3,223,Need Attention
5e809f39163aadeda694b51606b02d49,226,1,99.99,3,2,4,324,Need Attention
5e84fa91d1c2807746b36bdb389c7087,289,1,13.65,3,2,2,322,Need Attention
5e965d35ef2083367ff713df75fa6f16,204,1,0.0,3,2,1,321,Need Attention
5ea8ee291160002ea22b11f2c54a6c00,373,1,69.9,2,2,3,223,Need Attention
5ec6ec6338fe161e42b765f5ded9d69c,435,1,150.0,1,2,5,125,Need Attention
5ed53f77ca69273ec06bcf3967a270db,274,1,29.9,3,2,2,322,Need Attention
5ee57c2c09a8207dd889ca527f27bc39,378,1,69.9,2,2,3,223,Need Attention
5eead08822311ebb88f08f7ae564bee3,288,1,39.49,3,2,2,322,Need Attention
5eeb4fb67e6d3276ba73e4cf2f584fa6,242,1,59.0,3,2,3,323,Need Attention
5efcc46e1fee22373a28eb2b0f26a6fc,493,1,89.9,1,2,4,124,Need Attention
5efe3bb2ff056a6a0f2370818502daed,340,1,278.0,2,2,5,225,Need Attention
5f28e0db75ddc9aec85f8c30533b95ba,275,1,89.9,3,2,4,324,Need Attention
5f2a213343d506264f78cb82dd914434,583,1,195.0,1,2,5,125,Need Attention
5f38cc36e507c4d880489be38964af19,261,1,168.9,3,2,5,325,Need Attention
5f46ee96a6c1d425dceafdf4bfa695cd,300,1,82.9,2,2,3,223,Need Attention
5f55955ddaecbb08c84de1fabef864f1,209,1,39.9,3,2,2,322,Need Attention
5f57fbe4dbe536ba08c38e0cc55a16b6,452,1,59.8,1,2,3,123,Need Attention
5f625106b926dd7fe59fc55a87023068,254,1,0.0,3,2,1,321,Need Attention
5f71823073c8df3a02c4eb014f1da6a5,211,1,74.85,3,2,3,323,Need Attention
5f906880e2ce13b655bd34d324a48ea9,208,1,17.0,3,2,2,322,Need Attention
5f9b7a59c5913f5978c826d4a7e9188d,241,1,144.99,3,2,4,324,Need Attention
5faabfe6772088c4d906b63fa81ac63d,430,1,84.9,1,2,3,123,Need Attention
5fadd0a075fbb60f6a94d6c38e055835,292,1,49.77,3,2,3,323,Need Attention
5fc3d50ea403c13924c8abd94c29e343,411,1,49.5,1,2,3,123,Need Attention
5fd0cae43a6002e194fe471367ee22d2,240,1,79.8,3,2,3,323,Need Attention
5ff547788ef8da9f06fa13da14db9509,268,1,71.8,3,2,3,323,Need Attention
5ffc432db902fa134ebdb7ddebf29613,240,1,598.0,3,2,5,325,Need Attention
602517e0d22bad1e86ec4cc2fa58a147,308,1,169.9,2,2,5,225,Need Attention
603cefd1ec4a18c001bab386bdae59f2,218,1,389.0,3,2,5,325,Need Attention
60544712d0f5fb43afd06bcd0e7463e0,337,1,105.49,2,2,4,224,Need Attention
605ae81a185108a9c8192bae163c27db,240,1,19.9,3,2,2,322,Need Attention
607eabaa3707bbcbb4313d9d3c81d385,212,1,224.9,3,2,5,325,Need Attention
608573e503c6ac065f5910426e6cac4e,259,1,0.0,3,2,1,321,Need Attention
6087cfc70fd833cf2db637a5e6e9d76b,268,1,27.99,3,2,2,322,Need Attention
609854a129474911451a1f000a125c3b,356,1,59.9,2,2,3,223,Need Attention
609adc68db390a15fd21648c496f50b7,557,1,69.9,1,2,3,123,Need Attention
60a31fb224a2ade6a4a2508fb0305991,553,1,520.9,1,2,5,125,Need Attention
60c9aac573e07a0ac0a9678f43ac25e1,227,1,39.9,3,2,2,322,Need Attention
60ce02275c8e46f41110d2df7a69f5ec,210,1,64.5,3,2,3,323,Need Attention
60cf7bedff25cf587405fb4eceab96cd,602,1,89.99,1,2,4,124,Need Attention
60d08ee77b56c753e9931670118dd31a,386,1,152.22,2,2,5,225,Need Attention
60e25dc38171becdb0abd13aac4ece3f,491,1,665.56,1,2,5,125,Need Attention
60e6fe581610db699ac03fec61f4d53f,602,1,65.0,1,2,3,123,Need Attention
60fc4b9636e847212b8c69cc13f4da82,214,1,149.0,3,2,4,324,Need Attention
611009570f605781020550bff8c0d7a5,321,1,95.0,2,2,4,224,Need Attention
6110fc2216f14d1efaa683050a262e90,462,1,359.5,1,2,5,125,Need Attention
61159604e28034ef05a1a8591317e4b6,311,1,154.9,2,2,5,225,Need Attention
6143fffd88e5596d56beab1eb8b1c5ee,237,1,53.0,3,2,3,323,Need Attention
616ec2f13ea3c1ec4582808ab05f3251,542,1,299.0,1,2,5,125,Need Attention
6172bd5b7f52ade8c6c4548b448ff54f,441,1,2999.89,1,2,5,125,Need Attention
6189b291a65a3209d34b330f8f0e8373,332,1,298.0,2,2,5,225,Need Attention
618ab23cb329ac11c84bc092ddb4bf09,239,1,179.89000000000001,3,2,5,325,Need Attention
61b262310a6e93c6b63efa804ce63a7a,235,1,159.98,3,2,5,325,Need Attention
61ba9300de4f65dacf5282ad4aa3720d,259,1,149.0,3,2,4,324,Need Attention
61c8a92ec51f4814af1ce253ad914269,363,1,158.0,2,2,5,225,Need Attention
61d35cbf1edc461d853a4401e5212ef7,258,1,139.99,3,2,4,324,Need Attention
61d6e3e6f112347f587c586ae6819af0,564,1,179.8,1,2,5,125,Need Attention
61e65a8282833fe8aa8d7be296a1fabf,227,1,153.0,3,2,5,325,Need Attention
61f2b8785cd7055928661d8279a55d6a,223,1,19.99,3,2,2,322,Need Attention
620123772a3dcba2bd22515fb40e1fb3,287,1,33.5,3,2,2,322,Need Attention
62234bde75e95fb025e2499a0a3bbc2d,239,1,14.6,3,2,2,322,Need Attention
62293831202a306fd978b4826dc1d965,361,1,69.9,2,2,3,223,Need Attention
624923d10b950e6ba1e98731d5d157c3,420,1,431.6,1,2,5,125,Need Attention
628bdd93abd27fbdd50f4e2e91ec64b3,262,1,0.0,3,2,1,321,Need Attention
62bc80a87f8fd6a0ec196436009e0f8b,506,1,129.99,1,2,4,124,Need Attention
62d514474504de66057183274ece334a,226,1,69.0,3,2,3,323,Need Attention
62d824384528b8f24550482f6f1dd751,227,1,0.0,3,2,1,321,Need Attention
62d922b58f60bb14c7836e5c69d4adae,381,1,61.9,2,2,3,223,Need Attention
62dbf95632be2b7c3a8b0ee94abd4cf8,301,1,249.0,2,2,5,225,Need Attention
62e539dbae33b2188f41136488f334fe,308,1,194.0,2,2,5,225,Need Attention
6300bc55fc0edb7f2623cddf51ba7502,253,1,29.9,3,2,2,322,Need Attention
6309068d8234fc190d4bd548afaec32e,281,1,30.9,3,2,2,322,Need Attention
634f09f6075fe9032e6c19609ffe995a,329,1,228.0,2,2,5,225,Need Attention
6366dc709d3d45f3fb76d56ded95f9ca,492,1,64.99,1,2,3,123,Need Attention
637083b346bff4660523a74fc4fa8b73,289,1,29.99,3,2,2,322,Need Attention
637c2caca17c2bf9fe41e50a6fcec9ed,223,1,129.99,3,2,4,324,Need Attention
6393febe6679688b51fdca92cc1b4fa4,212,1,122.99,3,2,4,324,Need Attention
639c0608dce3b89a89bb5a9077dfec48,542,1,99.0,1,2,4,124,Need Attention
63b0f8b7cd9f21af858dd7e6094efeec,260,1,119.9,3,2,4,324,Need Attention
63ec63a5ac5958fcbaf5bcee2fb460c6,289,1,92.9,3,2,4,324,Need Attention
63fa3dad6bde01314fc7e125df83fd00,462,1,59.9,1,2,3,123,Need Attention
641159b01ed966201b10aeb55df19208,234,1,69.9,3,2,3,323,Need Attention
64200c9fa459662885c44d8a58d8bdbf,407,1,89.99,2,2,4,224,Need Attention
644f6f6d70be05844c4c1979e13b2122,222,1,19.9,3,2,2,322,Need Attention
6457b2cb5462c1217e8e6d36b0ff39d2,306,1,77.2,2,2,3,223,Need Attention
645d54fc2f9c61166cdac23242542979,331,1,108.9,2,2,4,224,Need Attention
646d643b4ac1184e383341f8896c3dc8,304,1,139.98,2,2,4,224,Need Attention
6491c7db55287e7f4e3ab56919742153,390,1,49.5,2,2,3,223,Need Attention
64970391496ff28e4fd847493f589287,360,1,70.9,2,2,3,223,Need Attention
6499986b00d14fa984d68727de0c2a17,207,1,0.0,3,2,1,321,Need Attention
64a61ea4f9986df7a3078f93e75f75de,281,1,0.0,3,2,1,321,Need Attention
64b576fb70d441e8f1b2d7d446e483c5,593,1,199.9,1,2,5,125,Need Attention
64be1085f459ad4720cd416c386d3e51,213,1,224.9,3,2,5,325,Need Attention
64d6e417275b4d99214428b330b07b81,237,1,0.0,3,2,1,321,Need Attention
64e0a2c0c237ffa49416d01334384f7b,252,1,0.0,3,2,1,321,Need Attention
64ea136678f37fcf4fffdc65f80ecf69,204,1,99.0,3,2,4,324,Need Attention
64ea785aa93e3b55a36b028e1331d3a1,315,1,79.0,2,2,3,223,Need Attention
64ff5d678cf6248ec9787389319ae7dd,397,1,49.8,2,2,3,223,Need Attention
650d655f572ad6a213c0f6619f6913cf,339,1,139.99,2,2,4,224,Need Attention
6510bac816ba1d1c15b13ecd2fde78a1,211,1,0.0,3,2,1,321,Need Attention
6522a1d436415b898aef068ba68e81fb,514,1,59.9,1,2,3,123,Need Attention
652da2f7c852a3269dc6d7262b0b8f4d,404,1,179.0,2,2,5,225,Need Attention
6559799a5cf53662f7979eeb4a8b800f,325,1,124.49,2,2,4,224,Need Attention
65667e216c27cfa1960a832578b8ef47,408,1,99.0,2,2,4,224,Need Attention
656d81ab7f30a1be5709ff381e3f91f6,300,1,129.9,2,2,4,224,Need Attention
657ad7b3b7a1c9c9bc3fb26bca5b6738,441,1,114.9,1,2,4,124,Need Attention
657b9acae4845d34e8766e84be3de88b,451,1,89.0,1,2,3,123,Need Attention
65a944ed12c066780cdfeac5a417d32d,267,1,0.0,3,2,1,321,Need Attention
65b20f62ede59d33b626e0b908ac66ce,224,1,59.0,3,2,3,323,Need Attention
65c6f2611ebf8f84429aaa89f749b17c,348,1,50.0,2,2,3,223,Need Attention
65cfdb0d7803c6793a9f609361afb2a2,220,1,0.0,3,2,1,321,Need Attention
65d7c0904b51f5b432e71a14b25121dc,316,1,58.99,2,2,3,223,Need Attention
65daa8af71675f5b6e90b235f029438c,274,1,59.99,3,2,3,323,Need Attention
65f72a9364d44ebbd405299568002138,377,1,159.9,2,2,5,225,Need Attention
661a5e18a28b34880ccc60112f2b8e8e,211,1,39.9,3,2,2,322,Need Attention
66350a169302276ecc95167365b44a54,447,1,89.9,1,2,4,124,Need Attention
663d5a1d3fccfad3a3c4574072794a8d,372,1,179.9,2,2,5,225,Need Attention
663e9fc2ff0fe9e5cf1f4427f321e75a,449,1,1056.0,1,2,5,125,Need Attention
663f43c4f46c289ff6c0f11b9ced3751,303,1,80.0,2,2,3,223,Need Attention
664f7107c351f24b16b68919398730a0,715,1,294.9,1,2,5,125,Need Attention
6654462d0d3266165aaa7028d4d35005,212,1,159.9,3,2,5,325,Need Attention
665ab44b5007bc768403a577a37f9a46,252,1,422.0,3,2,5,325,Need Attention
665f8bbe2cf428657aeb0572c27fef58,249,1,299.74,3,2,5,325,Need Attention
666735967444a5c5e671f9515fe23ab1,378,1,59.9,2,2,3,223,Need Attention
66675a0970f32bf9dc0d97a79a19ea2c,257,1,55.49,3,2,3,323,Need Attention
6667649dc575c65058507349be078d4f,281,1,149.99,3,2,4,324,Need Attention
668a97d6246427dbd84719e055c7c2f6,316,1,75.0,2,2,3,223,Need Attention
66afa2376b0e4599e420694f53eae80a,210,1,0.0,3,2,1,321,Need Attention
66b4a441fa95efb527240f103e4182d4,593,1,110.0,1,2,4,124,Need Attention
66c46d213ee8922f33c3efdf92114d76,235,1,195.0,3,2,5,325,Need Attention
66d7c05de70168738de8f6f8b5adce82,310,1,117.3,2,2,4,224,Need Attention
66e1f83376794a26466b8aff77e4a5d0,413,1,189.8,1,2,5,125,Need Attention
66f4cacdd688fc56e58a33287fe822cf,265,1,0.0,3,2,1,321,Need Attention
66f93bf024e08d433a990b6480148721,290,1,195.0,3,2,5,325,Need Attention
6705554fcc2578a2b76b6b1b65df2a75,411,1,149.99,1,2,4,124,Need Attention
6716a47d23270d65d123d9d148899102,456,1,89.99,1,2,4,124,Need Attention
671e951533c86366cf6325bcc8a02ff4,229,1,89.9,3,2,4,324,Need Attention
672452f682b6cd65d8256f3e527bb93f,398,1,310.0,2,2,5,225,Need Attention
673afc05fa081ebe870d2490a39c17e7,290,1,59.98,3,2,3,323,Need Attention
6770e2d6c610fd5a6567c313790b34df,562,1,103.99,1,2,4,124,Need Attention
6788c2de733d940f2a56920fd7054a9c,213,1,65.0,3,3,3,333,Need Attention
679c4e66e0b305bd2b020589777af388,284,1,70.0,3,3,3,333,Need Attention
67a2730155a56d30a1f643127dce6cc6,294,1,69.98,3,3,3,333,Need Attention
67cb90a67c8f7b5e3a886f4fd859d2f8,258,1,249.5,3,3,5,335,Need Attention
68015dfc16e47eb1c0e8c52e7b6f1f06,269,1,18.9,3,3,2,332,Need Attention
682dff0e9050d37ddd64e2ffc53bcbbe,240,1,109.0,3,3,4,334,Need Attention
684fda5905aa430123c7b293106a337b,243,1,49.9,3,3,3,333,Need Attention
68519bc41532d0f1a6613d278f86a5bd,249,1,13.65,3,3,2,332,Need Attention
6875cdbe14f4e09791825d53465788d9,223,1,0.0,3,3,1,331,Need Attention
68a5590b9926689be4e10f4ae2db21a8,252,1,370.0,3,3,5,335,Need Attention
68d913372ccd280d375c4f5861eaf241,228,1,201.58,3,3,5,335,Need Attention
68f04becbd320e5837a2df880095bb04,223,1,0.0,3,3,1,331,Need Attention
6926bce378918c0796934a2403ed36b2,227,1,0.0,3,3,1,331,Need Attention
6979b81e6b16100f6a5213030d2c8f82,227,1,116.94,3,3,4,334,Need Attention
698a9cafcc15cac8cdbaee64adc6efbe,235,1,89.49,3,3,4,334,Need Attention
699ed48250faf9f3d41e91f4ede36364,224,1,49.9,3,3,3,333,Need Attention
69a7f37355617e699081e1a1db826691,214,1,129.0,3,3,4,334,Need Attention
69aab61687fa416ef601af332bd0ff0d,252,1,70.0,3,3,3,333,Need Attention
69b9220777c7f961f1d60a96c007c9fd,277,1,69.9,3,3,3,333,Need Attention
6a04c8339c44b23e189446216a494569,213,1,29.99,3,3,2,332,Need Attention
6a0c925299476ef8ee879d9bb10da5ca,226,1,169.9,3,3,5,335,Need Attention
6a0e43f0d7e1b5539e4c58a26ebe35da,256,1,0.0,3,3,1,331,Need Attention
6a16af5086aa0454d0547bad1bddd793,245,1,0.0,3,3,1,331,Need Attention
6a1b5e68e0f74bc265df1d9f30d0a7d2,212,1,48.9,3,3,2,332,Need Attention
6a49832514ecee6c741ea8e7308a3f09,225,1,13.7,3,3,2,332,Need Attention
6a4eba155591e1b2753e57390b62ceb3,219,1,335.0,3,3,5,335,Need Attention
6a608f2b5119ac000c62151f1357ee9f,268,1,0.0,3,3,1,331,Need Attention
6a68ebea4927947caaadf455351f3dda,216,1,102.0,3,3,4,334,Need Attention
6a7ae1e184278b487e479a115be9c14f,255,1,48.0,3,3,2,332,Need Attention
6a7bb05f9b6860beb4533af2fde2298d,207,1,0.0,3,3,1,331,Need Attention
6adb43365bd88fd6b87a63fe174f42ed,224,1,116.91,3,3,4,334,Need Attention
6ae6f0cf986be1adaf148eca6ab1dd53,207,1,139.0,3,3,4,334,Need Attention
6b2a5ca1951e2192b2605cbf45b29892,237,1,42.0,3,3,2,332,Need Attention
6b9afcb17cc0d97ebb20f7fc4e3a25c7,223,1,115.52,3,3,4,334,Need Attention
6bbc8dce928528fd3ab9207ed50f6aef,261,1,58.67,3,3,3,333,Need Attention
6bbcae37cb10b3110fcb123680e08eca,206,1,57.99,3,3,3,333,Need Attention
6c1c9f70f7743f3a6201d8d7d5db7f6f,212,1,64.49,3,3,3,333,Need Attention
6cae83ec1b251bb3a2a2d04203e56498,269,1,262.5,3,3,5,335,Need Attention
6cbc5455e3a1b9e6daa771ef6f03b0a5,248,1,199.6,3,3,5,335,Need Attention
6cefc29085fbf53d5721acb4fe4c0c7e,206,1,0.0,3,3,1,331,Need Attention
6d107617e509701446292309521f1c22,291,1,1058.0,3,3,5,335,Need Attention
6d6c7bcba410b2206fb3cb9c33c3707f,252,1,297.0,3,3,5,335,Need Attention
6d74740d498504341df1e7f104daebf0,248,1,38.99,3,3,2,332,Need Attention
6d89c322686666680193afa698c29134,232,1,29.9,3,3,2,332,Need Attention
6d9760d712a88a72d89fe864701f1797,285,1,49.9,3,3,3,333,Need Attention
6da92ae920ab16fc4eceb8fcd7bd43ce,294,1,79.9,3,3,3,333,Need Attention
6e084dee07052768ae655712771e6b2b,259,1,0.0,3,3,1,331,Need Attention
6e1ad40c11dd6aa516c24963c470d9a6,281,1,58.0,3,3,3,333,Need Attention
6e26bbeaa107ec34112c64e1ee31c0f5,261,1,1299.0,3,3,5,335,Need Attention
6e8f22264f42c5c1993803e739260ecf,271,1,58.9,3,3,3,333,Need Attention
6ecae395621d20aca9711709fedacade,207,1,107.0,3,3,4,334,Need Attention
6eda0eb687a3f22e2031dae74269da91,247,1,49.9,3,3,3,333,Need Attention
6ee675c835d3c74e813ba0c547d28c38,230,1,119.99,3,3,4,334,Need Attention
6ef326dc1bc04a8e63bce7e749279a00,224,1,0.0,3,3,1,331,Need Attention
6f19cd82c9d4d5b80bd8fbd24e600576,275,1,24.99,3,3,2,332,Need Attention
6f6700b18880238014937d470e8f5f6f,210,1,99.0,3,3,4,334,Need Attention
701a19d561fa7884b12c229759819698,244,1,79.0,3,3,3,333,Need Attention
7042a2786e6151b47cfb7696fe87cfc8,207,1,0.0,3,3,1,331,Need Attention
706a88ea356ea9496d3b5d8f3ee3b5ad,294,1,0.0,3,3,1,331,Need Attention
70f0622ab3555dc6e637a48684e331e3,268,1,597.9,3,3,5,335,Need Attention
70fefb4032093cd79e8bea645edd52b0,224,1,44.99,3,3,2,332,Need Attention
7108c2b8b62f2855e7a6570ba2fb9b39,237,1,13.99,3,3,2,332,Need Attention
71a6706498b96147ee2493568ab46432,216,1,0.0,3,3,1,331,Need Attention
71ba8ba1fca338623659e60a7a364d0e,241,1,139.9,3,3,4,334,Need Attention
71fe186c5eb6075c9d78615972b52fb3,210,1,53.4,3,3,3,333,Need Attention
720d85b7b02bc0505d82fcd0e6010490,287,1,84.99,3,3,3,333,Need Attention
723760306f7a15ad72dac1b300eccbee,278,1,187.0,3,3,5,335,Need Attention
7249a976b68003a30adc1203a467cf6c,253,1,0.0,3,3,1,331,Need Attention
725d8f8fdfc93484d063c1244d62ba95,242,1,128.26,3,3,4,334,Need Attention
72632f0f9dd73dfee390c9b22eb56dd6,219,1,19.9,3,3,2,332,Need Attention
72ba05263486b6f3bdc32092f2f43d97,292,1,27.99,3,3,2,332,Need Attention
7329425efe29caeb8c292b725579bd50,280,1,0.0,3,3,1,331,Need Attention
73a1d7ac09a1e29703738e7e633f01e4,275,1,0.0,3,3,1,331,Need Attention
73d53d2124cce660dc5165c7cce823d7,257,1,89.9,3,3,4,334,Need Attention
73d6e559cc424b8cc61fb7a4966260ff,293,1,0.0,3,3,1,331,Need Attention
73da78eda27f160f2ed111e2916d162d,257,1,199.9,3,3,5,335,Need Attention
73f90b219c69253bddd6d6111783f47b,213,1,23.99,3,3,2,332,Need Attention
7416c044781d8b5e4de31e7d52d9f85d,228,1,49.0,3,3,3,333,Need Attention
7462256ad9d24ee1012926172eda97d7,238,1,100.0,3,3,4,334,Need Attention
747f7686c38242845e7b40790ad94705,290,1,0.0,3,3,1,331,Need Attention
74c778b7b7ec17c44589a298352bbdb1,285,1,56.99,3,3,3,333,Need Attention
74f1c30f52f68f07d9e83ca5a5bc444d,249,1,89.99,3,3,4,334,Need Attention
750550f1fbf777d9383acb856bc593dd,214,1,171.0,3,3,5,335,Need Attention
75897dfb21f53272945a344799721579,217,1,95.0,3,3,4,334,Need Attention
75bbb6b481a1df1689bb769e63ec3acb,227,1,23.99,3,3,2,332,Need Attention
75e4c2f907bb7809e77f060234c93e53,281,1,59.0,3,3,3,333,Need Attention
76265a1cb8a13604fda3632daf9db6c7,284,1,1199.9,3,3,5,335,Need Attention
7671178c592895e5beed747367b4a54b,245,1,38.0,3,3,2,332,Need Attention
768bbd3f7d68a84720367283e65ebaac,279,1,0.0,3,3,1,331,Need Attention
76b449ccab9149ae827c02c4c96704f1,248,1,192.99,3,3,5,335,Need Attention
76b7e0e8329b419ae445e9254a62b9a8,293,1,0.0,3,3,1,331,Need Attention
76ffb5b3f1186c6c8022f6047ae9ead5,249,1,109.9,3,3,4,334,Need Attention
773d6a126278eaa169f2daeb9cc23ef9,259,1,55.0,3,3,3,333,Need Attention
7747420e46d7fcad1d2fb2931e9a9da0,273,1,122.0,3,3,4,334,Need Attention
77478d54ce0ee01c276292d8579f478b,268,1,98.0,3,3,4,334,Need Attention
7755ab0ce3d764fb730609e400db20cd,285,1,209.99,3,3,5,335,Need Attention
7775761e92837b8c5fd964d725264313,255,1,150.0,3,3,5,335,Need Attention
77d7edb12f1953a384bb3d90236c2d87,290,1,179.9,3,3,5,335,Need Attention
78110b00006c6033e83ec0e79ade3081,255,1,1350.0,3,3,5,335,Need Attention
7828a4a1ee004bbe6665cbffbc4bf2d9,221,1,86.0,3,3,3,333,Need Attention
7842fedad651fb80cd89f428e34e83e9,290,1,190.14,3,3,5,335,Need Attention
78f40d39d4a401c047c0c26559e7775a,294,1,0.0,3,3,1,331,Need Attention
790cc14129e4d076d124aafd2b9f7caa,257,1,129.99,3,3,4,334,Need Attention
791fa90081e564c24a355b7e20d1c080,217,1,389.0,3,3,5,335,Need Attention
793cd0b1c9da05e084cd9e3bb474de83,220,1,23.99,3,3,2,332,Need Attention
795e2dd34c208200aed85b3f44dc2a4b,293,1,0.0,3,3,1,331,Need Attention
799bbad94152e4bf5946b21e97d6f566,237,1,34.9,3,3,2,332,Need Attention
79c7571ac55fccbba44b6c73cf773829,243,1,64.9,3,3,3,333,Need Attention
7a058fb903db07aea7cad4ed26301dd1,207,1,0.0,3,3,1,331,Need Attention
7a19f3fff09616cbb1cf8fdaa05ae032,234,1,89.9,3,3,4,334,Need Attention
7a350426024a624cef97f797c408db97,252,1,0.0,3,3,1,331,Need Attention
7a53ba76258617f396248d5d2de031db,291,1,79.0,3,3,3,333,Need Attention
7a5531cd96b9def6bd36bc530f317381,288,1,618.0,3,3,5,335,Need Attention
7aa123fb08cb845c66e2d2bb3dee879c,293,1,25.0,3,3,2,332,Need Attention
7b2b0d6f9c01012c6b6c054020b896a4,253,1,0.0,3,3,1,331,Need Attention
7b40b097c17fee289fc269d272768133,244,1,0.0,3,3,1,331,Need Attention
7b43a1dfc3298b54c74ffe3631161475,257,1,18.99,3,3,2,332,Need Attention
7b871ce95712547231108ebbbd4eceaf,242,1,0.0,3,3,1,331,Need Attention
7c020cb518b4fdcf5c50fa717d0fdca8,213,1,50.0,3,3,3,333,Need Attention
7c2d3e213a3319425db45a9a5d097cad,292,1,84.99,3,3,3,333,Need Attention
7c7784989c26e7796a6820c794f68008,286,1,0.0,3,3,1,331,Need Attention
7cab4e7f573b9a8884cfd1c325b38067,282,1,79.9,3,3,3,333,Need Attention
7cb06ad872b656ba082615bfbc6cc0af,265,1,0.0,3,3,1,331,Need Attention
7cb86a4e8ed957f7cd2a1205c3c04c92,293,1,0.0,3,3,1,331,Need Attention
7cc17d0bf42c09b78ee39fa4c3520633,247,1,67.87,3,3,3,333,Need Attention
7d23ca9b9d5f41298ec3ccbb2ff637d8,223,1,49.95,3,3,3,333,Need Attention
7d27012b117e625faff580bec7cdf2e1,213,1,164.0,3,3,5,335,Need Attention
7d742fad5711f2905335c7129b63a718,275,1,30.9,3,3,2,332,Need Attention
7d8a9ef4f0a615254877794fbcad3daf,228,1,0.0,3,3,1,331,Need Attention
7d9d637ca00bcc10eaa49e3483a256ef,237,1,27.98,3,3,2,332,Need Attention
7da121617fb1854d7deaae5e49d7fd94,204,1,29.9,3,3,2,332,Need Attention
7dac7097370c4cf1b3f4d49108f20a87,292,1,650.0,3,3,5,335,Need Attention
7db1dd56aeb565eb3b144f4ade4d7e0e,247,1,39.9,3,3,2,332,Need Attention
7dcb5dc118b501f403aceeb6d438f33f,243,1,0.0,3,3,1,331,Need Attention
7e10101903281ff2e9f358f9dcb37418,277,1,0.0,3,3,1,331,Need Attention
7e53be3b41e7986cd63505b7d577b9af,242,1,229.99,3,3,5,335,Need Attention
7e7ef2098031a8f5a9b364db74672aa1,291,1,0.0,3,3,1,331,Need Attention
7ea3dc64a652d699ace3048e904c561b,289,1,219.9,3,3,5,335,Need Attention
7f08c03efa1d0b682c4cc4dc4d5afe56,254,1,259.9,3,3,5,335,Need Attention
7f0b669932ffd8ac97d38b4dec098e47,211,1,149.9,3,3,4,334,Need Attention
7f40151ffb4924687a0204e9af47b04f,219,1,0.0,3,3,1,331,Need Attention
7f7495ab31271fa1bc8423b7db5ea274,289,1,89.99,3,3,4,334,Need Attention
7f873e2c98b19dfcae0db3c0ba919905,207,1,0.0,3,3,1,331,Need Attention
7fa04dfbc22880710a5b2cd2319771fa,244,1,0.0,3,3,1,331,Need Attention
7fc951e458a48c2688486469e267a004,287,1,54.0,3,3,3,333,Need Attention
80282a1a77281692a0339c2a08d0e6af,242,1,18.9,3,3,2,332,Need Attention
803cf2051fccfd1c128910329ecc6968,280,1,138.0,3,3,4,334,Need Attention
807296d62da788dec65e395496233222,216,1,16.5,3,3,2,332,Need Attention
808942bbefc6f873eddfc7821ef89a6a,239,1,58.0,3,3,3,333,Need Attention
80c90ad8b349c3d26dc554492c280448,233,1,679.0,3,3,5,335,Need Attention
811eb213107b867d8040702972f180fb,235,1,105.0,3,3,4,334,Need Attention
8131bd36a12397d16fdc61fb8cdb0132,276,1,139.9,3,3,4,334,Need Attention
8176dcb6bfd2aeb26c35863d2cdf5c54,285,1,49.0,3,3,3,333,Need Attention
81d45f2cb2b1bd8fb94d5ea3fbbfd612,274,1,64.9,3,3,3,333,Need Attention
81db097ffce4bd958cfffeca7c41e301,238,1,178.98,3,3,5,335,Need Attention
82ab8d779ce526b08d6b92769be44c49,253,1,126.99,3,3,4,334,Need Attention
82bbfd611198a89d2be66389d603e4ba,294,1,31.9,3,3,2,332,Need Attention
82cbe18a587cb972ef38ea261c260740,204,1,59.9,3,3,3,333,Need Attention
82f63f26a9137f4d215a3f9a7a62977e,240,1,119.0,3,3,4,334,Need Attention
833aa52735ad47163e479b4684b0f82e,294,1,49.9,3,3,3,333,Need Attention
835118867c6782d84b62ed6c3c9db455,215,1,60.0,3,3,3,333,Need Attention
83588092e958b8f322c1bb40c20a8428,248,1,32.0,3,3,2,332,Need Attention
8376b5530eac9f3fceb2ae8f7c58947e,215,1,90.0,3,3,4,334,Need Attention
83a660cd68c5879571b819200b90a74a,228,1,489.9,3,3,5,335,Need Attention
83bf39384884016d6218c5cee2dca7e7,252,1,198.7,3,3,5,335,Need Attention
83e4c3f55854c0fff86e25063f1c427e,236,1,99.0,3,3,4,334,Need Attention
83fa3228f0ecdbe2e332db90357ce16d,223,1,74.9,3,3,3,333,Need Attention
841088947a30cfa375e8a39161760234,215,1,0.0,3,3,1,331,Need Attention
8446991c51b227e838433187acbd1181,240,1,24.95,3,3,2,332,Need Attention
84719028dec21814e9a26fbfc82f3633,210,1,249.95000000000002,3,3,5,335,Need Attention
8489c1cdbf5c5090f9a8bbf5f280c395,221,1,28.45,3,3,2,332,Need Attention
84b73c5705b4ab02fc6556e377ccef05,240,1,28.9,3,3,2,332,Need Attention
84fd4953e8dc540fd9dc1593a2361e2e,276,1,12.49,3,3,2,332,Need Attention
8503a6f694706c9dd1c3b567ab0e3a19,245,1,109.9,3,3,4,334,Need Attention
8505734f21396405b5477c75a45734fe,287,1,0.0,3,3,1,331,Need Attention
8569b1ec8de431c141526e02e3ac0d35,255,1,211.8,3,3,5,335,Need Attention
85844faa46c21288b566e98c30d4cd6b,247,1,89.0,3,3,3,333,Need Attention
85dcde3d41cbff3399a2592475e254e8,219,1,29.99,3,3,2,332,Need Attention
85e80b64242ae28f803b4b1151f0f209,214,1,37.9,3,3,2,332,Need Attention
8645dee8ea3f9ebc5d35d265f7d5564b,231,1,0.0,3,3,1,331,Need Attention
8662cfd7c896db5d197d2df12ae06bd6,220,1,198.0,3,3,5,335,Need Attention
86856cc8c9e2e86be64b9d4c905777c4,220,1,0.0,3,3,1,331,Need Attention
8689753ac05594f16b97e8bd556b50b0,290,1,257.6,3,3,5,335,Need Attention
86b0aa3acd7e8f7427c8915780f5cd27,228,1,369.95,3,3,5,335,Need Attention
86b166f19d82cd55747a81a7e811198f,227,1,18.9,3,3,2,332,Need Attention
86b34f555a5037aabc714c718f8e2af9,210,1,59.99,3,3,3,333,Need Attention
86b59358310b208f822e416e59c96672,283,1,139.0,3,3,4,334,Need Attention
86d98f44b4dd40f323efc0144feb1b53,251,1,90.9,3,3,4,334,Need Attention
86f23d17b5a5127c1aba5087edd533d8,216,1,0.0,3,3,1,331,Need Attention
87294fce1514370610fffed59eae5e97,245,1,29.78,3,3,2,332,Need Attention
87373d8de65291713976177daa06690b,257,1,53.99,3,3,3,333,Need Attention
873955fc322cc2bb2ddbbdfaae0698bb,220,1,80.0,3,3,3,333,Need Attention
87574f1c1bce57c02b834d74d909c9f9,247,1,325.0,3,3,5,335,Need Attention
875a8799fbbac7a0f209714bebde4f1e,288,1,49.9,3,3,3,333,Need Attention
87c8720dd653d75e513555291ab6e4aa,220,1,299.9,3,3,5,335,Need Attention
88045334fb959b5d4424ac3483259825,221,1,99.99,3,3,4,334,Need Attention
8818fd7d9ba28c959d5e5a3e2abebb54,223,1,38.0,3,3,2,332,Need Attention
883df49734fcf0ed18d2b8f29383a31e,256,1,0.0,3,3,1,331,Need Attention
88914c85d547b274bd1829fc04a06ac1,248,1,89.9,3,3,4,334,Need Attention
889ca357651222fc08560aa20b75f59b,288,1,201.0,3,3,5,335,Need Attention
88bd9a4975c26a175e182d219624de6e,218,1,13.65,3,3,2,332,Need Attention
8941047a0d54f59366a66ba79806ae9b,290,1,64.89,3,3,3,333,Need Attention
894a2fac1dcb705a1e4097b8a9131e90,290,1,177.0,3,3,5,335,Need Attention
89a9eed110ce632160e5b1a47ebe4a80,204,1,379.9,3,3,5,335,Need Attention
89d71ed92d56420f3db4b26099e2cf03,204,1,0.0,3,3,1,331,Need Attention
8acea88c0237a5493e2cff1c14e1fca5,213,1,0.0,3,3,1,331,Need Attention
8ae522c29c27dddb527854a9255c7dee,273,1,0.0,3,3,1,331,Need Attention
8b1ae0abe817918d427c11e7885d5ebd,263,1,56.99,3,3,3,333,Need Attention
8b2b8cea5423ece6984632540c423aaf,245,1,0.0,3,3,1,331,Need Attention
8b37f67cf9db5f1af2a42f64e41e45d2,285,1,137.99,3,3,4,334,Need Attention
8b5d5ec638ef70f1d1d42b0ab82507dc,279,1,193.0,3,3,5,335,Need Attention
8b9341478dbb9d5b44c0c33cb212009b,225,1,27.3,3,3,2,332,Need Attention
8bb85b9ac76770501b8207d0e95b74c8,231,1,59.7,3,3,3,333,Need Attention
8bec7decba970b822248039d05af887c,220,1,190.0,3,3,5,335,Need Attention
8c3ff6ad9360189ef57d625d044d7c19,233,1,0.0,3,3,1,331,Need Attention
8c7161f8aa1d6fd17947ff43ae9704eb,251,1,49.0,3,3,3,333,Need Attention
8c71b6aff280a474128f3e3f06b1d277,242,1,79.99,3,3,3,333,Need Attention
8c91e8afd08b46578668f58c6f28745b,239,1,140.0,3,3,4,334,Need Attention
8cd6e198e22093b0bfcd95e3e67cb77f,228,1,69.9,3,3,3,333,Need Attention
8cda1c465f7a60605d4441dd8276d03b,278,1,92.65,3,3,4,334,Need Attention
8ce7dc6285c8e719260ecca92512265d,237,1,79.43,3,3,3,333,Need Attention
8d334e0b3cc9d89e724e409759fb5a1b,237,1,0.0,3,3,1,331,Need Attention
8d813623d087eb606d41369887bfe0d3,260,1,0.0,3,3,1,331,Need Attention
8d93b59df92e34fa6fd2d9fc421b2119,251,1,80.0,3,3,3,333,Need Attention
8d98676709c5683e69a10ff87c84f58b,214,1,14.99,3,3,2,332,Need Attention
8deb4c668d9240fe03720ba1c8767db4,257,1,64.9,3,3,3,333,Need Attention
8decf6ceb73bc478acf5e4e3c041e962,261,1,228.38,3,3,5,335,Need Attention
8e0726aea097e932a69690bb2e372c2e,214,1,79.9,3,3,3,333,Need Attention
8e23478d59ab253ef04d4d2056ebeb93,239,1,188.0,3,3,5,335,Need Attention
8e4404700874036dbb2c606039875e1a,226,1,69.9,3,3,3,333,Need Attention
8e5b6612569e488462298e3eb4ecbed9,227,1,122.99,3,3,4,334,Need Attention
8ef73dbf37d0f12e390cbf8a471d79f4,284,1,340.0,3,3,5,335,Need Attention
8f05f653351954408ee421352e68336f,216,1,0.0,3,3,1,331,Need Attention
8f06048163e14e8ed0613397b8f4b2e5,221,1,358.0,3,3,5,335,Need Attention
8f1c1b28cf191abb48fca6ec32155e93,227,1,0.0,3,3,1,331,Need Attention
8f6ce2295bdbec03cd50e34b4bd7ba0a,242,1,99.9,3,3,4,334,Need Attention
8f784ff86ee4ca2d4e655e636684e8c3,235,1,87.8,3,3,3,333,Need Attention
8f9d4a5f98697f8b905a7eb0a1352a81,293,1,114.9,3,3,4,334,Need Attention
8fc1b266e54db64c474e6c7909e58dc0,224,1,0.0,3,3,1,331,Need Attention
8fe4f9a0d6a47babbd498127a9109bd1,226,1,117.3,3,3,4,334,Need Attention
8ff97d7c368d3815ee0d62687cd1f934,217,1,0.0,3,3,1,331,Need Attention
900cd19b12a13a27ae64bf2d4f1271ec,251,1,49.0,3,3,3,333,Need Attention
903da68ad12a13ea58f14a292c0c50c6,207,1,349.9,3,3,5,335,Need Attention
9041aaf6094cf78b32f85afbdcdc9721,287,1,389.9,3,3,5,335,Need Attention
905d91d27b7c99c5e69a9eb734c129ae,294,1,299.99,3,3,5,335,Need Attention
90693e7acfb7f48d03fe61e2a0002543,290,1,29.9,3,3,2,332,Need Attention
908d09daaa48fe076b768ab8f26c298c,268,1,229.99,3,3,5,335,Need Attention
90b3f19a7060f7e29ab16675b106230d,260,1,69.9,3,3,3,333,Need Attention
90b425894699f50755dc01dc7a3fcdec,233,1,18.99,3,3,2,332,Need Attention
90cf6edc2494d9187408de55e8db6fb4,250,1,0.0,3,3,1,331,Need Attention
9159c04b88895d995741dd5b9b7a5f1d,293,1,169.9,3,3,5,335,Need Attention
915e50464c2b4b6b7958209ab141719b,221,1,0.0,3,3,1,331,Need Attention
916264d8ad4f14f096a33c663343178c,241,1,8.99,3,3,1,331,Need Attention
917aaf420bc9836da7af3ea67743c3b2,293,1,109.9,3,3,4,334,Need Attention
918defbde32da786dc3e8a2fc90d6a2f,206,1,349.9,3,3,5,335,Need Attention
9197e6b3e505cbb066f5bf87ee49df7d,246,1,175.0,3,3,5,335,Need Attention
919a862b7515e8ad7dc8bfe5f9b327fa,208,1,156.0,3,3,5,335,Need Attention
919bf2617845a0f73acc0361cba58267,239,1,90.0,3,3,4,334,Need Attention
91a3e33161ed95452fcd6fbd08472c69,262,1,29.99,3,3,2,332,Need Attention
91a7366b39d3620ce44f85fa5d116896,241,1,42.9,3,3,2,332,Need Attention
91cc64efdc8300db4eae42e836e9e148,204,1,19.9,3,3,2,332,Need Attention
91db3ef8bc640ebbab0b287d9bfea72a,284,1,149.9,3,3,4,334,Need Attention
9222157eec2fcf0b01e35ea4fd5af8a5,226,1,109.0,3,3,4,334,Need Attention
925d26d2589c983d6e2c33ca7da030d0,219,1,385.0,3,3,5,335,Need Attention
9295fc2f2f8647c5b79752e79826f628,279,1,13.3,3,3,2,332,Need Attention
929cdd3b6c0a61255a40f1eca15670d5,228,1,115.3,3,3,4,334,Need Attention
92b0c5698b3008fd30c5230b2504df71,290,1,0.0,3,3,1,331,Need Attention
92bd6a8b1cdfccebf3cbcd53809071cf,261,1,139.9,3,3,4,334,Need Attention
92ebffe3693a39d55ca83ba631db6d39,292,1,125.5,3,3,4,334,Need Attention
92f5b9a03b9ee33b719cdacbf591e0bc,286,1,39.8,3,3,2,332,Need Attention
92f5fadb37b942ea07696a7355b8d6a1,280,1,120.0,3,3,4,334,Need Attention
92fd8aa5948e20c43a014c44c025c5e1,215,1,78.0,3,3,3,333,Need Attention
93294dc7b6fa1da27bc28d1a8db5e8a4,209,1,89.9,3,3,4,334,Need Attention
93300278f15871e42b218ed723754fc9,230,1,56.99,3,3,3,333,Need Attention
93345700f0e852aa904fae18cec8437c,261,1,0.0,3,3,1,331,Need Attention
93b6131ab9ec17f66ed8d5104307acb9,226,1,25.9,3,3,2,332,Need Attention
93ee2943387bb64b98d15c1843c65503,226,1,47.9,3,3,2,332,Need Attention
93fa0e4424cb0c27cf32da8068c19b0d,208,1,28.14,3,3,2,332,Need Attention
94055824d8422f86101162d73d20964a,289,1,425.0,3,3,5,335,Need Attention
94066d7cd0c170e588e28030789bff1c,284,1,120.0,3,3,4,334,Need Attention
94093e4a8945e283282180e6aaae4fc3,291,1,0.0,3,3,1,331,Need Attention
94179af609c7536ccf7018c42df454ec,240,1,14.97,3,3,2,332,Need Attention
9438aac4d0e7d43bf01d7c06b704c286,209,1,30.5,3,3,2,332,Need Attention
944ebaf47533d6dea79235f8a6553f6c,206,1,0.0,3,3,1,331,Need Attention
945c243464dad8e6b0d9d04ac9a03b7f,218,1,100.0,3,3,4,334,Need Attention
94b39f740e201c88cd840c953ec4b48e,237,1,59.7,3,3,3,333,Need Attention
94e89532396b3c02f648b2bc7f93f528,279,1,159.9,3,3,5,335,Need Attention
94f48c018010de09d9c471e5d819ea05,220,1,24.99,3,3,2,332,Need Attention
94fdafcf69db6416119442dede9c2c87,280,1,76.89,3,3,3,333,Need Attention
953d67f3b93517a58e7e1baabc6cdac8,283,1,58.67,3,3,3,333,Need Attention
955889da75fd1eccaa3eeffe1adc034f,254,1,105.9,3,3,4,334,Need Attention
9579b888e112b9bd13772b6ee70112e4,207,1,69.9,3,3,3,333,Need Attention
95b4e09df0e2b9e4a38eb934dc81e51d,253,1,97.9,3,3,4,334,Need Attention
95cc7f48ae7cfa0afebd560092cdc92e,236,1,49.9,3,3,3,333,Need Attention
95d43df214d0af69c0946cf27bddbe00,221,1,99.9,3,3,4,334,Need Attention
961ca706a9f7e9d6a4ba81922cde9730,255,1,0.0,3,3,1,331,Need Attention
962fad01db45c4983ba990180181894f,253,1,0.0,3,3,1,331,Need Attention
9630f071c42911730039a7e04fcea49b,279,1,38.9,3,3,2,332,Need Attention
9646f9a3dfd2aa3e1cd8f0d1162e0164,241,1,108.0,3,3,4,334,Need Attention
967d0981ea01782db4e75741ce4c9061,238,1,179.49,3,3,5,335,Need Attention
967eb85deeab5124df2165cdada917f3,289,1,72.99,3,3,3,333,Need Attention
968436577c1e2073b28031261cb45a24,259,1,73.5,3,3,3,333,Need Attention
9685725a8618241ee4b44021b972f3eb,237,1,80.0,3,3,3,333,Need Attention
969e73f799937ce78f0d1c0777201bfa,221,1,164.98,3,3,5,335,Need Attention
96a9a44255930061d8f6a93d4893d986,294,1,27.19,3,3,2,332,Need Attention
96ce642e637cf74a0d3023db31e59d16,287,1,0.0,3,3,1,331,Need Attention
971a20d854409a87231b42d25a84e08e,238,1,25.9,3,3,2,332,Need Attention
9776ff05fe105b6c7e4008a0eb87092e,292,1,0.0,3,3,1,331,Need Attention
97a32508ed4a9c806147d223a4e790da,230,1,0.0,3,3,1,331,Need Attention
97e4680fd417043d7572a032e5cad15e,225,1,89.9,3,3,4,334,Need Attention
980349653e7fe046c6ecce32d729bab3,290,1,150.0,3,3,5,335,Need Attention
9839347d33d3a6aa1c44d5d4d194e031,230,1,38.97,3,3,2,332,Need Attention
985193cef819fb723765f65bb2cb0379,220,1,29.9,3,3,2,332,Need Attention
986ce405ebbdc4183571a1e297e54460,208,1,59.9,3,3,3,333,Need Attention
9873d2120338fb542090bc123fe5c47f,281,1,69.2,3,3,3,333,Need Attention
98cc69c83f043dde125b693786c0a7d8,250,1,13.65,3,3,2,332,Need Attention
98e7f8ccc8bdeee890c834e5bb7285f5,255,1,0.0,3,3,1,331,Need Attention
9935b7e2683de890a208026f020e54d3,256,1,109.9,3,3,4,334,Need Attention
9952c3ccc4352779b44e99bbc8e8af5f,244,1,28.799999999999997,3,3,2,332,Need Attention
9973f66572e8b080eff0a6e5085b1d8b,252,1,89.0,3,3,3,333,Need Attention
99d697dd68fad729283560abe0adae43,254,1,119.0,3,3,4,334,Need Attention
99f8895e8d1d341a655d0800cb5590f9,253,1,89.0,3,3,3,333,Need Attention
9a401204217ee04e12b8f097f80bbfd8,235,1,0.0,3,3,1,331,Need Attention
9a63e6f409edc461d17c76f033dead5e,292,1,0.0,3,3,1,331,Need Attention
9aa5b032a9157594cda43b16a832f738,230,1,179.49,3,3,5,335,Need Attention
9abcde7f53b638ba7990754105e300a0,224,1,109.8,3,3,4,334,Need Attention
9ac15e6f0d402baa3170705de3d4590f,281,1,27.99,3,3,2,332,Need Attention
9ae512d732c481bbc2e1fa426da93a8d,206,1,339.9,3,3,5,335,Need Attention
9b2603943f002e297559ef949c629d90,244,1,58.9,3,3,3,333,Need Attention
9b3dabff65be6c72db1f0c127bd8cc42,240,1,47.49,3,3,2,332,Need Attention
