customer_unique_id,CLTV,Customer_Health_Index,Dynamic_Risk_Score,Customer_Persona,Next_Best_Action,Customer_Influence_Score,Strategic_Value_Score,Retention_Priority_Score,Lifecycle_Stage
000ec5bff359e1c0ad76a81a45cb598f,14.96,77.02,22.98,Regular Customer,Regular Marketing,38.57,53.95,22.98,Loyal Stage
0015752e079902b12cd00b9b7596276b,59.8,76.16,23.84,Regular Customer,Regular Marketing,38.3,53.44,23.84,Loyal Stage
00172711b30d52eea8b313a7f2cced02,74.5,76.69,23.31,Regular Customer,Regular Marketing,38.62,53.85,23.31,Loyal Stage
001928b561575b2821c92254a2327d06,136.89,77.41,22.59,Regular Customer,Regular Marketing,39.21,54.49,22.59,Loyal Stage
00196c4c9a3af7dd2ad10eade69c926f,22.32,75.79,24.21,Regular Customer,Regular Marketing,37.98,53.1,24.21,Loyal Stage
0025795df7a7d077c4c90162fa820085,0.0,75.55,24.45,Regular Customer,Regular Marketing,37.78,52.89,24.45,Loyal Stage
00391594070baf8603f5fdc1d0c6a48c,105.0,76.38,23.62,Regular Customer,Regular Marketing,38.58,53.7,23.62,Loyal Stage
003a5571a07dcf09bf117d13d2980ba3,149.9,75.82,24.18,VIP Customer,VIP Loyalty Benefits,38.47,53.41,24.18,Loyal Stage
003a7a8eb096ed3cbf713d2def1ca701,99.99,76.78,23.22,Regular Customer,Regular Marketing,38.76,53.97,23.22,Loyal Stage
003ae409f37c3c30cb1c974af3a42692,195.0,76.98,23.02,VIP Customer,VIP Loyalty Benefits,39.22,54.32,23.02,Loyal Stage
003fb95e849e71e732629d94bb92762f,57.99,75.95,24.05,Regular Customer,Regular Marketing,38.19,53.29,24.05,Loyal Stage
0042dfa8925d6eb23e471ec350454f04,49.9,75.73,24.27,Regular Customer,Regular Marketing,38.05,53.12,24.27,Loyal Stage
0048706e497cfba0b689e1e3497bc99e,69.5,76.79,23.21,Regular Customer,Regular Marketing,38.65,53.91,23.21,Loyal Stage
0048a779a98a7848514096ff04046079,21.7,76.36,23.64,Regular Customer,Regular Marketing,38.26,53.5,23.64,Loyal Stage
004b9b1634b7becda8eec4e96bced882,134.99,76.37,23.63,Regular Customer,Regular Marketing,38.69,53.76,23.63,Loyal Stage
00504b68faa074d0f40adcb4f7727f71,152.0,76.76,23.24,VIP Customer,VIP Loyalty Benefits,38.95,54.07,23.24,Loyal Stage
0056c2dd794a5eede6164dcae635875a,129.99,76.57,23.43,Regular Customer,Regular Marketing,38.77,53.89,23.43,Loyal Stage
008b06aba4b5f5b5b94f525ccf520624,67.98,77.15,22.85,Regular Customer,Regular Marketing,38.83,54.16,22.85,Loyal Stage
008ca52811784a181c8c88e8d66b49db,0.0,76.74,23.26,Regular Customer,Regular Marketing,38.37,53.72,23.26,Loyal Stage
00a02d822b18db532e50e0607e615f3b,179.9,76.9,23.1,VIP Customer,VIP Loyalty Benefits,39.12,54.23,23.1,Loyal Stage
00a1d0d7d91c17c634d6896ce10ce1c6,95.0,76.0,24.0,Regular Customer,Regular Marketing,38.35,53.41,24.0,Loyal Stage
00a33236962b4ac37fd25275be9c206b,0.0,76.9,23.1,Regular Customer,Regular Marketing,38.45,53.83,23.1,Loyal Stage
00b2ca23369b68c4d4105ecea9c0cb93,65.9,76.17,23.83,Regular Customer,Regular Marketing,38.33,53.47,23.83,Loyal Stage
00c07da5ba0e07b4f248a3a373b07476,2258.0,79.06,20.94,VIP Customer,VIP Loyalty Benefits,47.93,60.38,20.94,Loyal Stage
00c5610e0f4b339cd3b0cc499937db8d,139.9,75.66,24.34,VIP Customer,VIP Loyalty Benefits,38.35,53.27,24.34,Loyal Stage
00c8c7f0cafacc30bfda2a9a7445ec80,0.0,75.76,24.24,Regular Customer,Regular Marketing,37.88,53.03,24.24,Loyal Stage
00cc0061269a99836cf8b029b1d0177d,32.66,75.96,24.04,Regular Customer,Regular Marketing,38.1,53.24,24.04,Loyal Stage
00d447911e5d5ae87480df8734b915f2,0.0,76.02,23.98,Regular Customer,Regular Marketing,38.01,53.21,23.98,Loyal Stage
00e10a3ff1e104902141546420f5a18b,49.9,75.42,24.58,Regular Customer,Regular Marketing,37.9,52.91,24.58,Loyal Stage
00e984e99fdfd52943156d2d7eb4a5e6,9.9,75.78,24.22,Regular Customer,Regular Marketing,37.93,53.07,24.22,Loyal Stage
00ee7af62ef66b1f9b49f2c2bfd70ad5,0.0,75.76,24.24,Regular Customer,Regular Marketing,37.88,53.03,24.24,Loyal Stage
00f7a39823c05d6a0675aa6dd276bfb0,29.99,77.1,22.9,Regular Customer,Regular Marketing,38.66,54.04,22.9,Loyal Stage
00fd4a627a3b93cff0729f0b3554640d,171.78,76.38,23.62,VIP Customer,VIP Loyalty Benefits,38.83,53.85,23.62,Loyal Stage
01007c64cbffc1eef7ee682dae0ddbfe,179.99,75.72,24.28,VIP Customer,VIP Loyalty Benefits,38.53,53.41,24.28,Loyal Stage
0104d0840fb6bccc7618c519fbcce1a0,116.9,77.23,22.77,Regular Customer,Regular Marketing,39.05,54.32,22.77,Loyal Stage
012ab8ee5f7d76005d838758e9a9452c,29.98,76.99,23.01,Regular Customer,Regular Marketing,38.61,53.96,23.01,Loyal Stage
012b41c1dae00a092474ca48dc764a00,0.0,75.5,24.5,Regular Customer,Regular Marketing,37.75,52.85,24.5,Loyal Stage
013689381e404bf6304f57bab4b8f01d,319.79999999999995,76.23,23.77,VIP Customer,VIP Loyalty Benefits,39.3,54.07,23.77,Loyal Stage
01489018af4a609acb2fa2634c9ce643,58.99,76.36,23.64,Regular Customer,Regular Marketing,38.4,53.58,23.64,Loyal Stage
014ce9c0a3df00f77a6932a7b371a3bc,15.9,77.13,22.87,Regular Customer,Regular Marketing,38.62,54.02,22.87,Loyal Stage
0156e3456c1959644b2da32c2cee358c,69.99,76.17,23.83,Regular Customer,Regular Marketing,38.35,53.48,23.83,Loyal Stage
01689985c22786e41347d5167048b25e,269.70000000000005,75.35,24.65,VIP Customer,VIP Loyalty Benefits,38.68,53.35,24.65,Loyal Stage
01858f2fad256b1689f5bdafc059f745,0.0,75.96,24.04,Regular Customer,Regular Marketing,37.98,53.17,24.04,Loyal Stage
018e7e423aa73a3d7183d8c7c7a7c50d,29.99,76.89,23.11,Regular Customer,Regular Marketing,38.56,53.89,23.11,Loyal Stage
01a551a1f8c7955ba259897b2e3d2e30,40.0,77.11,22.89,Regular Customer,Regular Marketing,38.7,54.06,22.89,Loyal Stage
01b3e064c4fc4372a269bdc02c131850,274.9,77.57,22.43,VIP Customer,VIP Loyalty Benefits,39.81,54.91,22.43,Loyal Stage
01b42ac9d3801e6edf67f7a95f04a838,59.0,76.31,23.69,Regular Customer,Regular Marketing,38.37,53.55,23.69,Loyal Stage
01bc9765e0b1cbb83ec85d576ddc4ef6,199.99,76.99,23.01,VIP Customer,VIP Loyalty Benefits,39.24,54.34,23.01,Loyal Stage
01c1529c867b31e5b6c34ad4ccaab314,0.0,76.17,23.83,Regular Customer,Regular Marketing,38.08,53.32,23.83,Loyal Stage
01c75ebaa6fd123179cc3898fe4d24c4,74.99,76.49,23.51,Regular Customer,Regular Marketing,38.52,53.71,23.51,Loyal Stage
01da270abab6215a40467414afae12d1,139.98,76.17,23.83,VIP Customer,VIP Loyalty Benefits,38.61,53.63,23.83,Loyal Stage
01dd34b5f4cee2a48f03ba1cce8c592c,74.0,76.9,23.1,Regular Customer,Regular Marketing,38.73,54.0,23.1,Loyal Stage
01ecdc37f767e85f5b3fd2310a289253,659.99,77.67,22.33,VIP Customer,VIP Loyalty Benefits,41.29,55.84,22.33,Loyal Stage
01f9585695ca0cb669ddbae22f6ede43,219.99,76.29,23.71,VIP Customer,VIP Loyalty Benefits,38.96,53.89,23.71,Loyal Stage
020299859eabbac628a0b2d6ea22bb9d,99.8,75.75,24.25,Regular Customer,Regular Marketing,38.25,53.25,24.25,Loyal Stage
02063d3c56dc62e17f57cdd78c4962ff,37.9,76.38,23.62,Regular Customer,Regular Marketing,38.33,53.55,23.62,Loyal Stage
0209f290b5451d357308bc0e90521026,572.64,76.15,23.85,VIP Customer,VIP Loyalty Benefits,40.21,54.59,23.85,Loyal Stage
020ae51ab502504a00ab6ccbac53bfa6,799.9,77.83,22.17,VIP Customer,VIP Loyalty Benefits,41.89,56.27,22.17,Loyal Stage
022609268add6b353d31185c5ff813c8,150.0,76.24,23.76,VIP Customer,VIP Loyalty Benefits,38.68,53.7,23.76,Loyal Stage
022657d659cf88bcc8c22774f3f0b61a,0.0,77.05,22.95,Regular Customer,Regular Marketing,38.52,53.93,22.95,Loyal Stage
023626329895d11d199a1bf57dcbc546,0.0,75.96,24.04,Regular Customer,Regular Marketing,37.98,53.17,24.04,Loyal Stage
0241fa2e9adf0576cb0f845377d05c03,22.32,75.63,24.37,Regular Customer,Regular Marketing,37.9,52.99,24.37,Loyal Stage
02466bc47e3eaf9117b78765326d41e7,38.9,76.64,23.36,Regular Customer,Regular Marketing,38.46,53.73,23.36,Loyal Stage
024e94ea4d09b69b4996d5af7b43c1b4,51.89,75.78,24.22,Regular Customer,Regular Marketing,38.08,53.16,24.22,Loyal Stage
0255fc149c1f191319c8c431479e5d8c,0.0,75.91,24.09,Regular Customer,Regular Marketing,37.96,53.14,24.09,Loyal Stage
025cf7c2f32536f0be1ab412bb6602d2,3576.0,81.91,18.09,VIP Customer,VIP Loyalty Benefits,54.26,65.32,18.09,Loyal Stage
025d6eda479e8fe58f6f9c334f86712d,114.9,77.01,22.99,Regular Customer,Regular Marketing,38.93,54.16,22.99,Loyal Stage
026fef2c54aa326832f6eb30e9a13398,119.85,76.81,23.19,Regular Customer,Regular Marketing,38.85,54.03,23.19,Loyal Stage
027179319d6e0b4958b300ba6e9e35e6,81.35,76.76,23.24,Regular Customer,Regular Marketing,38.68,53.91,23.24,Loyal Stage
027c480ac01f936d8add76e496bbfebc,31.9,75.44,24.56,Regular Customer,Regular Marketing,37.84,52.88,24.56,Loyal Stage
027dff2201a97b9920d2dd5240f51a02,160.0,76.98,23.02,VIP Customer,VIP Loyalty Benefits,39.09,54.25,23.02,Loyal Stage
02961f000d03958b88e9cba0cf6253cb,229.9,76.1,23.9,VIP Customer,VIP Loyalty Benefits,38.91,53.79,23.9,Loyal Stage
02a2094b273efc30447d706e9fc9fceb,265.9,76.0,24.0,VIP Customer,VIP Loyalty Benefits,38.99,53.79,24.0,Loyal Stage
02a2a0a9627a062602de754d75038ce4,0.0,76.38,23.62,Regular Customer,Regular Marketing,38.19,53.47,23.62,Loyal Stage
02a7760053385280fc193a50d86f69d1,112.0,77.01,22.99,Regular Customer,Regular Marketing,38.92,54.16,22.99,Loyal Stage
02a8100f33055beec4d219c04e7d4318,122.99,76.98,23.02,Regular Customer,Regular Marketing,38.95,54.16,23.02,Loyal Stage
02bab436d042d111ec4b7c67cfab8835,127.0,76.26,23.74,Regular Customer,Regular Marketing,38.6,53.66,23.74,Loyal Stage
02bc079a58dfe937bdc5d97c8bac00ac,65.9,75.55,24.45,Regular Customer,Regular Marketing,38.02,53.03,24.45,Loyal Stage
02c10a545b4ff4123a8490cfc32db78c,190.56,76.82,23.18,VIP Customer,VIP Loyalty Benefits,39.12,54.2,23.18,Loyal Stage
02c2e590ec422325d7b15a4f0c8004cd,65.0,77.2,22.8,Regular Customer,Regular Marketing,38.84,54.18,22.8,Loyal Stage
02c639f8dd288caf7cc6dc66513c23b3,93.99,75.69,24.31,Regular Customer,Regular Marketing,38.19,53.19,24.31,Loyal Stage
02ccceb879088a0253e1e46e0200bdb8,0.0,76.38,23.62,Regular Customer,Regular Marketing,38.19,53.47,23.62,Loyal Stage
02d11346c78159884066cdd2a5e0e102,109.0,75.71,24.29,Regular Customer,Regular Marketing,38.26,53.24,24.29,Loyal Stage
03001238832a9f1baa04ac2d050d6f47,0.0,76.33,23.67,Regular Customer,Regular Marketing,38.16,53.43,23.67,Loyal Stage
030d75f71f5db22bf54db16fc57bae5e,150.0,76.7,23.3,VIP Customer,VIP Loyalty Benefits,38.91,54.03,23.3,Loyal Stage
0319cd43072df023584a1fa0a94d45ce,229.9,76.72,23.28,VIP Customer,VIP Loyalty Benefits,39.22,54.22,23.28,Loyal Stage
031aa5ac6d8d997b03e739c47752aac3,329.9,76.92,23.08,VIP Customer,VIP Loyalty Benefits,39.69,54.58,23.08,Loyal Stage
032573996a6b19166a327f7d4c7eda5b,169.89,76.11,23.89,VIP Customer,VIP Loyalty Benefits,38.69,53.66,23.89,Loyal Stage
03418da5fc543b9c92cbe8a87f76ba27,288.0,76.13,23.87,VIP Customer,VIP Loyalty Benefits,39.14,53.94,23.87,Loyal Stage
03658a7798d3102fa2c6942dc260d376,18.9,76.82,23.18,Regular Customer,Regular Marketing,38.48,53.82,23.18,Loyal Stage
036ae786856e55298c63701d92a65b00,105.0,75.7,24.3,Regular Customer,Regular Marketing,38.24,53.22,24.3,Loyal Stage
037576137eb995f89b3abc6c690a3d24,99.5,76.06,23.94,Regular Customer,Regular Marketing,38.4,53.46,23.94,Loyal Stage
037d8f5d243514d9ea6e1608a6d532de,295.7,76.04,23.96,VIP Customer,VIP Loyalty Benefits,39.12,53.89,23.96,Loyal Stage
038000a92d070ecf4f4212b804b2844c,159.9,77.03,22.97,VIP Customer,VIP Loyalty Benefits,39.11,54.28,22.97,Loyal Stage
038124edcdaa5fae5dceb9b71f0c49d8,133.0,77.25,22.75,Regular Customer,Regular Marketing,39.12,54.37,22.75,Loyal Stage
03820299130367803663f7eb70bcf2bc,97.8,76.74,23.26,Regular Customer,Regular Marketing,38.73,53.93,23.26,Loyal Stage
03af1d692ad6c5b722844ea5db15d234,32.0,77.1,22.9,Regular Customer,Regular Marketing,38.67,54.04,22.9,Loyal Stage
03cf4e12f6dbafaa98d8db759e2f5d45,228.0,76.25,23.75,VIP Customer,VIP Loyalty Benefits,38.97,53.88,23.75,Loyal Stage
03d4953a455f8489e712ea80699de878,54.97,75.48,24.52,Regular Customer,Regular Marketing,37.94,52.96,24.52,Loyal Stage
03f73fe651d978936b253769873bc2e9,72.99,75.45,24.55,Regular Customer,Regular Marketing,38.0,52.98,24.55,Loyal Stage
03f923dbcd3b3c763b22b24db6072d27,310.0,76.38,23.62,VIP Customer,VIP Loyalty Benefits,39.34,54.16,23.62,Loyal Stage
04093066bc3fa341df1261a78e9a8e89,79.99,76.4,23.6,Regular Customer,Regular Marketing,38.5,53.66,23.6,Loyal Stage
041dc685b89c2bdbe0266667d2a3ba97,177.0,76.95,23.05,VIP Customer,VIP Loyalty Benefits,39.13,54.26,23.05,Loyal Stage
041e2512cf5dce7b291188545b696687,13.99,76.3,23.7,Regular Customer,Regular Marketing,38.2,53.44,23.7,Loyal Stage
041e38de03ec3b5f23ba5f5030a52b20,59.9,76.21,23.79,Regular Customer,Regular Marketing,38.33,53.48,23.79,Loyal Stage
0421cbe19607719626e374b2347686eb,298.0,76.56,23.44,VIP Customer,VIP Loyalty Benefits,39.39,54.26,23.44,Loyal Stage
0421e7a23f21e5d54efed456aedbc513,0.0,77.41,22.59,Regular Customer,Regular Marketing,38.7,54.18,22.59,Loyal Stage
0425594ce6ced4d5634136ca63b98a27,29.99,76.47,23.53,Regular Customer,Regular Marketing,38.35,53.6,23.53,Loyal Stage
042a46a01e06938721ea9fd7fda1e758,49.9,75.62,24.38,Regular Customer,Regular Marketing,38.0,53.05,24.38,Loyal Stage
0431f28e915d4ba29d8b4a6bb7fa3bfb,79.9,76.08,23.92,Regular Customer,Regular Marketing,38.34,53.44,23.92,Loyal Stage
04321cded5d054a5c030d24c13d260fc,12.5,76.76,23.24,Regular Customer,Regular Marketing,38.43,53.76,23.24,Loyal Stage
04410a2ffeb2f957aa4b219269d63e92,0.0,75.81,24.19,Regular Customer,Regular Marketing,37.9,53.06,24.19,Loyal Stage
044fbfba85531679c84bc0463296096f,14.49,77.13,22.87,Regular Customer,Regular Marketing,38.62,54.02,22.87,Loyal Stage
0478a6ce7961c89622e3de039c9c060a,69.9,76.69,23.31,Regular Customer,Regular Marketing,38.61,53.84,23.31,Loyal Stage
047b83875e802d2794e5931512253f9a,59.0,75.74,24.26,Regular Customer,Regular Marketing,38.09,53.15,24.26,Loyal Stage
047ce3fc5ad200ea8cebe5841e618d05,49.06,76.76,23.24,Regular Customer,Regular Marketing,38.56,53.84,23.24,Loyal Stage
04964ca17488b76124c740071931f90c,50.75,76.2,23.8,Regular Customer,Regular Marketing,38.29,53.45,23.8,Loyal Stage
04971d60a4324aaa1378948f4a88f721,139.0,76.27,23.73,VIP Customer,VIP Loyalty Benefits,38.65,53.7,23.73,Loyal Stage
049c34513997e3c610f0449f2829d848,157.41,76.77,23.23,VIP Customer,VIP Loyalty Benefits,38.97,54.09,23.23,Loyal Stage
04ae0d3a4945863f5612f80fb3cb9c6c,0.0,76.12,23.88,Regular Customer,Regular Marketing,38.06,53.28,23.88,Loyal Stage
04daf0030c088fed728993ef9f7eaa56,85.0,76.35,23.65,Regular Customer,Regular Marketing,38.49,53.63,23.65,Loyal Stage
04df07c295971621f8756bdc5adc90fb,0.0,76.43,23.57,Regular Customer,Regular Marketing,38.22,53.5,23.57,Loyal Stage
04e176b665108a31badc8adcc5d90ffa,85.0,76.09,23.91,Regular Customer,Regular Marketing,38.36,53.45,23.91,Loyal Stage
04e5e98155286592ff3078a9ce0b438e,69.99,75.7,24.3,Regular Customer,Regular Marketing,38.11,53.15,24.3,Loyal Stage
04efac4a29eec2c5662b65e87291ec38,579.0,77.81,22.19,VIP Customer,VIP Loyalty Benefits,41.06,55.76,22.19,Loyal Stage
04f54cb09b4216795433e4fc5d0db66e,126.8,76.2,23.8,Regular Customer,Regular Marketing,38.57,53.62,23.8,Loyal Stage
04fd5a9e4651e819c4394aab66caed2a,27.9,76.11,23.89,Regular Customer,Regular Marketing,38.16,53.34,23.89,Loyal Stage
04ff08a6fc4cc4a9704ec3c21a89755c,27.99,76.16,23.84,Regular Customer,Regular Marketing,38.18,53.37,23.84,Loyal Stage
0507295d1e325fff6a062f91206d5efb,0.0,76.84,23.16,Regular Customer,Regular Marketing,38.42,53.79,23.16,Loyal Stage
050d050af169f87216bbe2475815112c,0.0,75.34,24.66,Regular Customer,Regular Marketing,37.67,52.74,24.66,Loyal Stage
050e851d9dc8fee1217f1a61ef82d095,0.0,76.53,23.47,Regular Customer,Regular Marketing,38.26,53.57,23.47,Loyal Stage
050f9cf69723c91054d44c3b3a1e7ac2,0.0,75.6,24.4,Regular Customer,Regular Marketing,37.8,52.92,24.4,Loyal Stage
05102edcc74b484b058bf555a410a2b1,229.0,76.2,23.8,VIP Customer,VIP Loyalty Benefits,38.95,53.85,23.8,Loyal Stage
0516bba904d04d458f7b5759d84c87d4,81.0,76.81,23.19,Regular Customer,Regular Marketing,38.71,53.95,23.19,Loyal Stage
0535dec8f608efd1246d1a4d5ab6f771,0.0,76.12,23.88,Regular Customer,Regular Marketing,38.06,53.28,23.88,Loyal Stage
053621a4996224c4f3b3296aab032d4d,0.0,76.02,23.98,Regular Customer,Regular Marketing,38.01,53.21,23.98,Loyal Stage
054608e7e7497b9bf5bf78be88820822,61.9,75.64,24.36,Regular Customer,Regular Marketing,38.05,53.09,24.36,Loyal Stage
055dea13a2432a22c8babd5542d9d567,230.0,76.57,23.43,VIP Customer,VIP Loyalty Benefits,39.14,54.11,23.43,Loyal Stage
0561b5b27b03fb4b1be79acd52b46d1a,26.0,77.04,22.96,Regular Customer,Regular Marketing,38.62,53.99,22.96,Loyal Stage
056fc0ee91e3ee0ca248736a6b84da62,29.9,76.27,23.73,Regular Customer,Regular Marketing,38.25,53.46,23.73,Loyal Stage
058caed2fcfcc2b2318bb283b48d298a,22.83,76.98,23.02,Regular Customer,Regular Marketing,38.57,53.93,23.02,Loyal Stage
059e7585d8fcd2430a33375bdbcbb990,32.99,76.95,23.05,Regular Customer,Regular Marketing,38.6,53.94,23.05,Loyal Stage
05af29c66d8591d7e3d1c6e8331e60da,55.0,76.25,23.75,Regular Customer,Regular Marketing,38.33,53.5,23.75,Loyal Stage
05c4d0ad4778407e3220f29cd5202e11,0.0,76.95,23.05,Regular Customer,Regular Marketing,38.48,53.87,23.05,Loyal Stage
05c567475380140907b9ca53ba1dcfeb,0.0,77.1,22.9,Regular Customer,Regular Marketing,38.55,53.97,22.9,Loyal Stage
05cb25c0b98e8d6f839049d97adfecab,676.0,76.51,23.49,VIP Customer,VIP Loyalty Benefits,40.77,55.07,23.49,Loyal Stage
05d814587e80f2e2846c144d4fb511bc,104.0,75.86,24.14,Regular Customer,Regular Marketing,38.32,53.34,24.14,Loyal Stage
05e442cb93a23145b87b658840cea632,0.0,75.81,24.19,Regular Customer,Regular Marketing,37.9,53.06,24.19,Loyal Stage
05e4df315bc1ae753764f4568976ab12,0.0,77.0,23.0,Regular Customer,Regular Marketing,38.5,53.9,23.0,Loyal Stage
060fb87bcb9f60275f3fc857b35be629,49.0,76.3,23.7,Regular Customer,Regular Marketing,38.33,53.52,23.7,Loyal Stage
0610a3f919d96e4cc79c5dd624b37ccc,0.0,76.9,23.1,Regular Customer,Regular Marketing,38.45,53.83,23.1,Loyal Stage
0613aa9f107a3cc0e7bb4ecb167660a2,179.9,76.64,23.36,VIP Customer,VIP Loyalty Benefits,38.99,54.05,23.36,Loyal Stage
061e0d9d23f099ebcc78d1c90f94dfbe,1623.9,78.4,21.6,VIP Customer,VIP Loyalty Benefits,45.24,58.5,21.6,Loyal Stage
0621ad7376367fb506403a29c8f7a603,200.0,77.14,22.86,VIP Customer,VIP Loyalty Benefits,39.31,54.44,22.86,Loyal Stage
063342fa545494715cc59f983598c546,98.0,77.25,22.75,Regular Customer,Regular Marketing,38.99,54.29,22.75,Loyal Stage
063588f5ffa31febfaad35085b4582e1,179.99,76.23,23.77,VIP Customer,VIP Loyalty Benefits,38.78,53.76,23.77,Loyal Stage
063d3c82b96f47c05cf0b779a4444f46,199.0,76.21,23.79,VIP Customer,VIP Loyalty Benefits,38.85,53.79,23.79,Loyal Stage
064d346034c70b936eb4ff56ff2d039c,27.99,76.01,23.99,Regular Customer,Regular Marketing,38.11,53.27,23.99,Loyal Stage
065cdd031a7020e43fd91cd421549f5e,49.9,75.78,24.22,Regular Customer,Regular Marketing,38.08,53.16,24.22,Loyal Stage
0663560ff02c3f762ebd29af677175f6,109.9,76.08,23.92,Regular Customer,Regular Marketing,38.45,53.5,23.92,Loyal Stage
066ebf6c0b5642ed5ec6a1e7e3f03e12,24.2,76.67,23.33,Regular Customer,Regular Marketing,38.43,53.73,23.33,Loyal Stage
0688198ee392c92540c81f5a3f2b3655,0.0,76.58,23.42,Regular Customer,Regular Marketing,38.29,53.61,23.42,Loyal Stage
0694d901d7d88ffc1781dacfda6cd048,38.0,75.45,24.55,Regular Customer,Regular Marketing,37.87,52.9,24.55,Loyal Stage
0697142614905a50813d854fa08b8eaf,39.0,75.36,24.64,Regular Customer,Regular Marketing,37.83,52.84,24.64,Loyal Stage
06a492c4633c57918215fa9b4f87919a,0.0,75.34,24.66,Regular Customer,Regular Marketing,37.67,52.74,24.66,Loyal Stage
06affbe7eda072f42eb81be69475384e,119.99,76.76,23.24,Regular Customer,Regular Marketing,38.83,54.0,23.24,Loyal Stage
06c9a5ff25dff66a5f6948d756251d7b,0.0,76.74,23.26,Regular Customer,Regular Marketing,38.37,53.72,23.26,Loyal Stage
06dc004eb62206da48bf108ccc86e620,298.0,76.04,23.96,VIP Customer,VIP Loyalty Benefits,39.13,53.89,23.96,Loyal Stage
06dd5bbbb6a2fd7e3baab7f88dd3c1ea,34.99,76.79,23.21,Regular Customer,Regular Marketing,38.53,53.83,23.21,Loyal Stage
06dee9e59eb5fc01da71139a771a9923,79.0,76.13,23.87,Regular Customer,Regular Marketing,38.36,53.47,23.87,Loyal Stage
06e4c037b01aceb787fdcf2b4cc7b1f9,12.99,75.98,24.02,Regular Customer,Regular Marketing,38.04,53.22,24.02,Loyal Stage
06ec3677cee4b59c27b290bf07288bf5,189.0,76.66,23.34,VIP Customer,VIP Loyalty Benefits,39.03,54.08,23.34,Loyal Stage
06ff8a23914822dda6b608381b316add,0.0,76.38,23.62,Regular Customer,Regular Marketing,38.19,53.47,23.62,Loyal Stage
0710da980c2d4111e333e5c74079c459,37.5,76.48,23.52,Regular Customer,Regular Marketing,38.38,53.62,23.52,Loyal Stage
0718a12f2357ad8587a8378e379480f6,0.0,76.12,23.88,Regular Customer,Regular Marketing,38.06,53.28,23.88,Loyal Stage
071e1727dd09118396bc139da6822fc7,69.99,76.9,23.1,Regular Customer,Regular Marketing,38.71,53.99,23.1,Loyal Stage
072d62b795f5ddb501c3ed1d5c5079ed,49.9,76.81,23.19,Regular Customer,Regular Marketing,38.59,53.88,23.19,Loyal Stage
072f8e24300dc9f9c23030f1ebc079da,46.99,76.29,23.71,Regular Customer,Regular Marketing,38.32,53.51,23.71,Loyal Stage
073aab63bec2a7d070827fdb7a5562d9,110.0,75.51,24.49,Regular Customer,Regular Marketing,38.16,53.1,24.49,Loyal Stage
073cb6890c1f05f67bdce2cb9febb087,29.9,76.47,23.53,Regular Customer,Regular Marketing,38.35,53.6,23.53,Loyal Stage
0740a75b566002a3d0c0f6c984f85d58,0.0,76.33,23.67,Regular Customer,Regular Marketing,38.16,53.43,23.67,Loyal Stage
07435003bc81c33bafdfeace4faf1dc1,36.29,76.33,23.67,Regular Customer,Regular Marketing,38.3,53.51,23.67,Loyal Stage
074508b4cb581cbc9aa412a6d82b9021,116.9,77.12,22.88,Regular Customer,Regular Marketing,38.99,54.24,22.88,Loyal Stage
075a5615f6bb67b7a4704a98e15d9c5c,27.8,76.32,23.68,Regular Customer,Regular Marketing,38.26,53.48,23.68,Loyal Stage
0777b150d37cc8c65e506f3885292681,78.0,75.51,24.49,Regular Customer,Regular Marketing,38.05,53.03,24.49,Loyal Stage
0778cf1946a926f6f31ef19434259f59,129.49,75.64,24.36,Regular Customer,Regular Marketing,38.3,53.24,24.36,Loyal Stage
079193e2ad24a2dd57584a7eb213bd1e,124.98,77.08,22.92,Regular Customer,Regular Marketing,39.0,54.23,22.92,Loyal Stage
07958b7f640f4c2d1d5a9fef9405b114,175.0,77.1,22.9,VIP Customer,VIP Loyalty Benefits,39.2,54.36,22.9,Loyal Stage
079cbc277def58d49176ef72e4f1d1d8,219.9,76.19,23.81,VIP Customer,VIP Loyalty Benefits,38.91,53.82,23.81,Loyal Stage
07ab2190902a80d0bf0bbb898eac76ca,169.99,76.99,23.01,VIP Customer,VIP Loyalty Benefits,39.13,54.27,23.01,Loyal Stage
07c36cb44c007f73b7c181d5353a408c,62.0,75.54,24.46,Regular Customer,Regular Marketing,38.0,53.02,24.46,Loyal Stage
07e2a0ec7c39942bd3ba81d5b2a9b1c4,119.99,77.23,22.77,Regular Customer,Regular Marketing,39.06,54.33,22.77,Loyal Stage
07ee1c167ed532ec5d1325758f063f8d,0.0,76.33,23.67,Regular Customer,Regular Marketing,38.16,53.43,23.67,Loyal Stage
07fbd7dce0be2f7d7ecfa0d5657b7373,18.9,75.68,24.32,Regular Customer,Regular Marketing,37.91,53.02,24.32,Loyal Stage
07fe3cee40551d2377a917fb4f377714,96.23,75.49,24.51,Regular Customer,Regular Marketing,38.1,53.06,24.51,Loyal Stage
07fe5a844afcc262e5ab1ffa38946f23,62.9,76.16,23.84,Regular Customer,Regular Marketing,38.31,53.45,23.84,Loyal Stage
0809311c8e92e97d914b492cf98f4470,106.9,77.16,22.84,Regular Customer,Regular Marketing,38.98,54.25,22.84,Loyal Stage
08093480aa587422c2c694a534ddaf3a,49.91,76.19,23.81,Regular Customer,Regular Marketing,38.28,53.44,23.81,Loyal Stage
0810492c615d973d804931e404adade7,12.99,75.67,24.33,Regular Customer,Regular Marketing,37.88,53.0,24.33,Loyal Stage
08189e909aa7bfc3a5f45b12da63c847,212.5,77.32,22.68,VIP Customer,VIP Loyalty Benefits,39.45,54.6,22.68,Loyal Stage
083004073bdf5fe2545d485d9654bda5,64.5,77.15,22.85,Regular Customer,Regular Marketing,38.81,54.15,22.85,Loyal Stage
083ca1aa470c280236380973a48f77c6,76.89,75.95,24.05,Regular Customer,Regular Marketing,38.26,53.34,24.05,Loyal Stage
083ce299ea3fc1eba79bd0b17f64555b,88.89,77.24,22.76,Regular Customer,Regular Marketing,38.95,54.27,22.76,Loyal Stage
084b6a94c8cdb12b4ee05006af246aa0,99.98,76.84,23.16,Regular Customer,Regular Marketing,38.79,54.01,23.16,Loyal Stage
08538899c9349c72a2286e39a0a31717,63.98,75.9,24.1,Regular Customer,Regular Marketing,38.19,53.27,24.1,Loyal Stage
0856272ad8bcec5b7491b8e27b12e276,0.0,76.22,23.78,Regular Customer,Regular Marketing,38.11,53.35,23.78,Loyal Stage
085bac9935b660f86e84dae80040f735,39.99,75.76,24.24,Regular Customer,Regular Marketing,38.03,53.12,24.24,Loyal Stage
086371743c5ec9485f9b4bfd20e60b48,79.9,75.57,24.43,Regular Customer,Regular Marketing,38.08,53.08,24.43,Loyal Stage
08642cd329066fe11ec63293f714f2f8,170.0,78.8,21.2,VIP Customer,VIP Loyalty Benefits,40.03,55.54,21.2,Loyal Stage
086915b3227ea3589f54682693a9b423,474.0,76.36,23.64,VIP Customer,VIP Loyalty Benefits,39.94,54.51,23.64,Loyal Stage
086d34d6252f06ace8593f7fa51bacd8,28.0,76.11,23.89,Regular Customer,Regular Marketing,38.16,53.34,23.89,Loyal Stage
0870764e90dbfef17f23e922f27b976f,228.0,77.49,22.51,VIP Customer,VIP Loyalty Benefits,39.59,54.75,22.51,Loyal Stage
087c3d4ea19cbc0a3cf624d69ae9dd54,116.9,76.71,23.29,Regular Customer,Regular Marketing,38.79,53.96,23.29,Loyal Stage
08a374bca4063116d5530a7b04ecaf3f,0.0,76.58,23.42,Regular Customer,Regular Marketing,38.29,53.61,23.42,Loyal Stage
08a678af92ae64c547716222a06447cf,19.9,75.53,24.47,Regular Customer,Regular Marketing,37.84,52.92,24.47,Loyal Stage
08a8e6e7993db052baf012f977f0f0d5,19.49,76.46,23.54,Regular Customer,Regular Marketing,38.3,53.56,23.54,Loyal Stage
08a96b9b64a5af2b5918c4012c0d92d6,149.0,77.37,22.63,VIP Customer,VIP Loyalty Benefits,39.24,54.49,22.63,Loyal Stage
08bb1e743496dfc8a94497fa1b84af88,0.0,76.74,23.26,Regular Customer,Regular Marketing,38.37,53.72,23.26,Loyal Stage
08c40e2f03653843441ac35d059a04d1,49.9,76.76,23.24,Regular Customer,Regular Marketing,38.57,53.85,23.24,Loyal Stage
08d3cef45bac971f1ccd62a7d224a877,0.0,76.58,23.42,Regular Customer,Regular Marketing,38.29,53.61,23.42,Loyal Stage
08d7e52bf78f5fa7e4a0fc47d7c4f9a4,53.9,75.89,24.11,Regular Customer,Regular Marketing,38.15,53.25,24.11,Loyal Stage
08de4d9507128e2ad419e26cc4f22b65,0.0,77.26,22.74,Regular Customer,Regular Marketing,38.63,54.08,22.74,Loyal Stage
08de67bdeb6f90e74f025279510dbca2,45.97,75.52,24.48,Regular Customer,Regular Marketing,37.93,52.97,24.48,Loyal Stage
08e477277c482ff7b46d7c67dd8bae83,0.0,76.74,23.26,Regular Customer,Regular Marketing,38.37,53.72,23.26,Loyal Stage
08ec27950ed95b0394dafd612c1db4c3,128.59,77.19,22.81,Regular Customer,Regular Marketing,39.07,54.32,22.81,Loyal Stage
08ee228ac0904cda30a9369de7d1dd4e,164.98,76.47,23.53,VIP Customer,VIP Loyalty Benefits,38.85,53.9,23.53,Loyal Stage
08f0052dbc1e62a5a37b52e508f4e3a3,59.9,76.16,23.84,Regular Customer,Regular Marketing,38.3,53.44,23.84,Loyal Stage
08f57f4be7a86b8a175c56d07c305dce,114.0,76.39,23.61,Regular Customer,Regular Marketing,38.62,53.73,23.61,Loyal Stage
08f93b424b4ab0d1483bc10268065571,52.51,76.77,23.23,Regular Customer,Regular Marketing,38.58,53.86,23.23,Loyal Stage
0931121d09abd3191ffd255d843b8fa0,59.9,75.64,24.36,Regular Customer,Regular Marketing,38.04,53.08,24.36,Loyal Stage
0932d84be1bb7b48cc56d8029b817271,41.0,76.34,23.66,Regular Customer,Regular Marketing,38.32,53.53,23.66,Loyal Stage
09605a03a6f90c9347a279e67dd07cbc,72.88,76.85,23.15,Regular Customer,Regular Marketing,38.7,53.96,23.15,Loyal Stage
0962210779eb78f82bd46b065a4a9b94,199.9,76.37,23.63,VIP Customer,VIP Loyalty Benefits,38.93,53.91,23.63,Loyal Stage
09687a7b7431a93b5c53b50ba779bf94,0.0,78.08,21.92,Regular Customer,Regular Marketing,39.04,54.66,21.92,Loyal Stage
096b79c3e26e6314ad27b2d346b9fefe,62.0,76.94,23.06,Regular Customer,Regular Marketing,38.7,54.0,23.06,Loyal Stage
097127087d9c8894edcff5cfdec8f06b,0.0,75.96,24.04,Regular Customer,Regular Marketing,37.98,53.17,24.04,Loyal Stage
097221858a1f2f6d37ca6915ae039780,49.0,76.45,23.55,Regular Customer,Regular Marketing,38.41,53.63,23.55,Loyal Stage
097519821949cb8511eabaeb389d2624,259.99,76.56,23.44,VIP Customer,VIP Loyalty Benefits,39.25,54.17,23.44,Loyal Stage
097fd532f71299ee22770dd901eade35,199.9,76.63,23.37,VIP Customer,VIP Loyalty Benefits,39.06,54.09,23.37,Loyal Stage
0980cf6208da589a87bc4f88baeb6047,0.0,75.6,24.4,Regular Customer,Regular Marketing,37.8,52.92,24.4,Loyal Stage
0985e1b12e309eb5dba4aff64675774a,109.9,76.23,23.77,Regular Customer,Regular Marketing,38.52,53.6,23.77,Loyal Stage
09928c4afa1c45cfcf099b3b13889719,328.0,75.99,24.01,VIP Customer,VIP Loyalty Benefits,39.22,53.93,24.01,Loyal Stage
09a5f7c425ee179efe9830c565b16bdb,69.0,77.1,22.9,Regular Customer,Regular Marketing,38.81,54.13,22.9,Loyal Stage
09b0eb53e09f29ad6a59aee993efc3af,95.9,76.83,23.17,Regular Customer,Regular Marketing,38.77,53.99,23.17,Loyal Stage
09c7e80b1e64aef42787f124fa7b987f,219.9,77.07,22.93,VIP Customer,VIP Loyalty Benefits,39.35,54.44,22.93,Loyal Stage
09d1bf045d861141e5223428db885215,25.89,76.31,23.69,Regular Customer,Regular Marketing,38.25,53.47,23.69,Loyal Stage
09d9c1ca3aa11afaef88d082942c2f0c,53.0,75.53,24.47,Regular Customer,Regular Marketing,37.96,52.99,24.47,Loyal Stage
09f0e1aef2fa8134f784f8097f154585,149.0,76.96,23.04,VIP Customer,VIP Loyalty Benefits,39.03,54.2,23.04,Loyal Stage
09f851560b90342e505b5a3404d5e239,0.0,76.74,23.26,Regular Customer,Regular Marketing,38.37,53.72,23.26,Loyal Stage
09f890c3ae1626f1044e52e1c8d3707a,39.16,77.01,22.99,Regular Customer,Regular Marketing,38.65,53.99,22.99,Loyal Stage
0a0a92112bd4c708ca5fde585afaa872,13440.0,40.13,59.87,VIP Customer,VIP Loyalty Benefits,70.06,58.09,59.87,Declining Stage
0a0bc01025ce6dbecc33717834faf717,146.99,75.87,24.13,VIP Customer,VIP Loyalty Benefits,38.48,53.44,24.13,Loyal Stage
0a0f90363507d69f66b2b957551dc225,79.0,75.72,24.28,Regular Customer,Regular Marketing,38.15,53.18,24.28,Loyal Stage
0a26f4521f4fc88f90d29a5ebc930e63,44.9,76.6,23.4,Regular Customer,Regular Marketing,38.47,53.72,23.4,Loyal Stage
0a2bfc7b9705c3e494be7c34a99cade9,325.0,76.5,23.5,VIP Customer,VIP Loyalty Benefits,39.46,54.28,23.5,Loyal Stage
0a4c57438bd5b91dc9e09ac988493a9e,89.9,76.2,23.8,Regular Customer,Regular Marketing,38.43,53.54,23.8,Loyal Stage
0a5dadb73145d29f42f703c97c377ae8,0.0,77.83,22.17,Regular Customer,Regular Marketing,38.92,54.48,22.17,Loyal Stage
0a6778022c639299667ea2aedaec84ca,125.0,76.72,23.28,Regular Customer,Regular Marketing,38.83,53.99,23.28,Loyal Stage
0a6d2167c2d7d056f5e1b1680c23d744,0.0,76.12,23.88,Regular Customer,Regular Marketing,38.06,53.28,23.88,Loyal Stage
0a7286b94906c271a4403cf16cafeb96,119.0,76.81,23.19,Regular Customer,Regular Marketing,38.85,54.03,23.19,Loyal Stage
0a81c56b387e196c58e1144b858d1324,138.0,75.71,24.29,Regular Customer,Regular Marketing,38.37,53.31,24.29,Loyal Stage
0a9d5acfda81f2fa0dfb1d8a2233c58f,51.9,76.66,23.34,Regular Customer,Regular Marketing,38.52,53.78,23.34,Loyal Stage
0aabcbc7751fc1659d9ece7a3a6ad72e,129.9,75.54,24.46,Regular Customer,Regular Marketing,38.25,53.17,24.46,Loyal Stage
0aaf11915029c8b54fd11764b16b4c06,109.9,75.51,24.49,Regular Customer,Regular Marketing,38.16,53.1,24.49,Loyal Stage
0abff5377bf2207c0015063059d8675d,86.0,75.88,24.12,Regular Customer,Regular Marketing,38.26,53.31,24.12,Loyal Stage
0ac8b5422831a23eb94759861a324be1,369.0,76.25,23.75,VIP Customer,VIP Loyalty Benefits,39.5,54.2,23.75,Loyal Stage
0ac94433561d5331d9c5aad9045bcc45,78.0,75.66,24.34,Regular Customer,Regular Marketing,38.12,53.14,24.34,Loyal Stage
0ada46296e2454b568f32413b14defe1,49.0,76.81,23.19,Regular Customer,Regular Marketing,38.59,53.88,23.19,Loyal Stage
0adec5e4aacbd5738d0bf90ad046c7c3,369.0,76.2,23.8,VIP Customer,VIP Loyalty Benefits,39.47,54.16,23.8,Loyal Stage
0adf44c3e8a6c03dd46457908ebd9b82,77.5,75.46,24.54,Regular Customer,Regular Marketing,38.02,53.0,24.54,Loyal Stage
0ae70c3e3ff220ee3e43b29b6e633345,0.0,76.43,23.57,Regular Customer,Regular Marketing,38.22,53.5,23.57,Loyal Stage
0af856b84f956b11317832a27b18ff4b,0.0,75.96,24.04,Regular Customer,Regular Marketing,37.98,53.17,24.04,Loyal Stage
0b0bf652a00ac3369f72ed445286c666,77.9,75.77,24.23,Regular Customer,Regular Marketing,38.17,53.21,24.23,Loyal Stage
0b0e8955bcc0fcfdf121d12621fec614,249.99,76.08,23.92,VIP Customer,VIP Loyalty Benefits,38.97,53.81,23.92,Loyal Stage
0b189e82086064bce001200f6cc9ea29,17.0,76.82,23.18,Regular Customer,Regular Marketing,38.47,53.81,23.18,Loyal Stage
0b22031b7301f90e087b150d94a75ac0,112.49,76.8,23.2,Regular Customer,Regular Marketing,38.82,54.01,23.2,Loyal Stage
0b250fad0a31349ac02bc975480096b2,0.0,76.95,23.05,Regular Customer,Regular Marketing,38.48,53.87,23.05,Loyal Stage
0b2d68f9e4d2d28dcce0d670234323c2,171.0,77.2,22.8,VIP Customer,VIP Loyalty Benefits,39.24,54.42,22.8,Loyal Stage
0b31ab97144f6b55004e80c281016bc1,0.0,76.28,23.72,Regular Customer,Regular Marketing,38.14,53.4,23.72,Loyal Stage
0b359b28a045abf2876987ccce010ac5,112.0,75.61,24.39,Regular Customer,Regular Marketing,38.22,53.18,24.39,Loyal Stage
0b3c186fd0b9ce5296bc5ce0faf5b33f,29.99,75.96,24.04,Regular Customer,Regular Marketing,38.09,53.24,24.04,Loyal Stage
0b3ea22a9c32f9c1ef2684e5c981e9ea,0.0,75.91,24.09,Regular Customer,Regular Marketing,37.96,53.14,24.09,Loyal Stage
0b4983415f4105b8c247a4eb8124471d,0.0,77.31,22.69,Regular Customer,Regular Marketing,38.66,54.12,22.69,Loyal Stage
0b4ca72e4c8e1672f6376f8d261712a8,97.5,77.51,22.49,Regular Customer,Regular Marketing,39.12,54.48,22.49,Loyal Stage
0b516f76aa9396c53be2527ceb5479aa,150.0,75.82,24.18,VIP Customer,VIP Loyalty Benefits,38.47,53.41,24.18,Loyal Stage
0b613a282e9dfd7cc3ba1c74468053f5,614.9,76.47,23.53,VIP Customer,VIP Loyalty Benefits,40.52,54.9,23.53,Loyal Stage
0b75b025a4a23ff449139199715f8960,232.75,76.62,23.38,VIP Customer,VIP Loyalty Benefits,39.18,54.16,23.38,Loyal Stage
0b7a92bbb834394fd894c370ba568278,129.98,75.95,24.05,Regular Customer,Regular Marketing,38.46,53.46,24.05,Loyal Stage
0b7bb644290878dd22d99f756a5f9eb3,91.0,76.83,23.17,Regular Customer,Regular Marketing,38.75,53.98,23.17,Loyal Stage
0b87e94ab67c960da4571741bfcd9ddd,189.9,76.97,23.03,VIP Customer,VIP Loyalty Benefits,39.19,54.3,23.03,Loyal Stage
0b893f662f1b6f8b4ef8d76d1006e174,94.9,76.11,23.89,Regular Customer,Regular Marketing,38.41,53.49,23.89,Loyal Stage
0b8c318bf782ac0deb05582f0a6ae812,21.1,75.89,24.11,Regular Customer,Regular Marketing,38.02,53.17,24.11,Loyal Stage
0b9bce4e22ab922c862c4854c69852f6,340.0,76.26,23.74,VIP Customer,VIP Loyalty Benefits,39.39,54.14,23.74,Loyal Stage
0ba1ea79e3dfc94da6add75a320a543c,113.98,76.03,23.97,Regular Customer,Regular Marketing,38.44,53.48,23.97,Loyal Stage
0ba2d4bde4aae17b0544d89c992c5abd,170.0,76.32,23.68,VIP Customer,VIP Loyalty Benefits,38.79,53.8,23.68,Loyal Stage
0bad4fcf13b5df627666c2f510782b66,0.0,75.86,24.14,Regular Customer,Regular Marketing,37.93,53.1,24.14,Loyal Stage
0bc50d5cbce10d91edc3e935d068ef0b,185.9,76.19,23.81,VIP Customer,VIP Loyalty Benefits,38.79,53.75,23.81,Loyal Stage
0bd445a081d5f2b0a41cc8c9efecd739,0.0,76.38,23.62,Regular Customer,Regular Marketing,38.19,53.47,23.62,Loyal Stage
0bd4b20e684a23c50c734e740eb41e90,0.0,75.86,24.14,Regular Customer,Regular Marketing,37.93,53.1,24.14,Loyal Stage
0be13c030bb34d7db40c984faa220de6,84.9,76.92,23.08,Regular Customer,Regular Marketing,38.78,54.04,23.08,Loyal Stage
0be330030885cb5b0cd0fc84f90d4ad5,133.0,75.7,24.3,Regular Customer,Regular Marketing,38.34,53.28,24.3,Loyal Stage
0be410c95355bb82b28c14c361b88c10,25.99,75.64,24.36,Regular Customer,Regular Marketing,37.92,53.01,24.36,Loyal Stage
0beb1b192f2d5650c944db52840677f9,63.8,76.27,23.73,Regular Customer,Regular Marketing,38.37,53.53,23.73,Loyal Stage
0bec996c01ab41b9409121a4b16d38e8,495.0,76.34,23.66,VIP Customer,VIP Loyalty Benefits,40.01,54.54,23.66,Loyal Stage
0bf56b1c99c4270ae0c516e06924532a,38.4,75.61,24.39,Regular Customer,Regular Marketing,37.95,53.01,24.39,Loyal Stage
0bf790010e2f4f4353e3ae8e45ad3b2b,0.0,76.02,23.98,Regular Customer,Regular Marketing,38.01,53.21,23.98,Loyal Stage
0bf92cab326cfcd948707d207eecb4ef,49.9,77.02,22.98,Regular Customer,Regular Marketing,38.7,54.03,22.98,Loyal Stage
0bf96ae17d786534def0b9f7ae788b14,94.9,75.79,24.21,Regular Customer,Regular Marketing,38.25,53.27,24.21,Loyal Stage
0bf98cd828e618e57d08a819e7382b0e,110.32,75.66,24.34,Regular Customer,Regular Marketing,38.24,53.21,24.34,Loyal Stage
0c0682ccb539fc2ae62d6437ae5feac9,99.0,77.4,22.6,Regular Customer,Regular Marketing,39.07,54.4,22.6,Loyal Stage
0c09709c3cf4c08292c1ad41add80684,39.0,75.97,24.03,Regular Customer,Regular Marketing,38.13,53.27,24.03,Loyal Stage
0c1201c04330536234aaa49b396745d4,352.79,76.5,23.5,VIP Customer,VIP Loyalty Benefits,39.56,54.34,23.5,Loyal Stage
0c232f598ebea5bc5927c5dd0dc7a5d8,72.9,76.33,23.67,Regular Customer,Regular Marketing,38.44,53.6,23.67,Loyal Stage
0c28edf8b3edcafb768e91462fd09410,199.08,76.72,23.28,VIP Customer,VIP Loyalty Benefits,39.1,54.15,23.28,Loyal Stage
0c2af34ba2bedcc4360ecec5c55affe8,185.0,77.12,22.88,VIP Customer,VIP Loyalty Benefits,39.25,54.4,22.88,Loyal Stage
0c4c23dd769dfb65e2085dd62b61ab7b,79.9,76.86,23.14,Regular Customer,Regular Marketing,38.73,53.98,23.14,Loyal Stage
0c53f18e3aa8ab53e163f3433c91e322,175.9,76.79,23.21,VIP Customer,VIP Loyalty Benefits,39.05,54.15,23.21,Loyal Stage
0c5c596ff335ad6b91e78f1f328d030b,30.0,76.63,23.37,Regular Customer,Regular Marketing,38.43,53.71,23.37,Loyal Stage
0c5dcd0b9ccd37912572383dedc31c0a,159.99,76.2,23.8,VIP Customer,VIP Loyalty Benefits,38.7,53.7,23.8,Loyal Stage
0c7f5da7d9d33d16ddc25dfafcc513ce,0.0,76.53,23.47,Regular Customer,Regular Marketing,38.26,53.57,23.47,Loyal Stage
0c8380471a9d99923688423792afed4e,0.0,76.22,23.78,Regular Customer,Regular Marketing,38.11,53.35,23.78,Loyal Stage
0c8742a86edb1580470944e225e6f222,12.5,75.67,24.33,Regular Customer,Regular Marketing,37.88,53.0,24.33,Loyal Stage
0c8761c28faa9b9930e4a9bb545905da,13.99,75.93,24.07,Regular Customer,Regular Marketing,38.02,53.18,24.07,Loyal Stage
0ca475c05ddacfeb9f999b9db9c77e4b,0.0,76.07,23.93,Regular Customer,Regular Marketing,38.03,53.25,23.93,Loyal Stage
0cc3328cc811e8905b954c2842d24098,259.9,77.02,22.98,VIP Customer,VIP Loyalty Benefits,39.48,54.5,22.98,Loyal Stage
0cc5eb3fdadb1dcf09b19e4fda88ddf1,0.0,75.91,24.09,Regular Customer,Regular Marketing,37.96,53.14,24.09,Loyal Stage
0cca74f303b77a6d54a3ba9160862d1c,39.0,75.61,24.39,Regular Customer,Regular Marketing,37.95,53.01,24.39,Loyal Stage
0ce20e3e708f0332738657e3ffdc91a6,27.0,76.78,23.22,Regular Customer,Regular Marketing,38.49,53.81,23.22,Loyal Stage
0d02eb399c6520fbf8f938611878578c,0.0,77.05,22.95,Regular Customer,Regular Marketing,38.52,53.93,22.95,Loyal Stage
0d06c568cb6aed2fe073b15406b4bb6e,199.99,76.93,23.07,VIP Customer,VIP Loyalty Benefits,39.21,54.3,23.07,Loyal Stage
0d17faf7d114c7cfc0c9fd4214eee20d,50.49,75.62,24.38,Regular Customer,Regular Marketing,38.0,53.05,24.38,Loyal Stage
0d1c52d53d56c6e8b387489ede355576,29.9,76.11,23.89,Regular Customer,Regular Marketing,38.17,53.35,23.89,Loyal Stage
0d1fe68a782a79b009092e1e043e426c,0.0,76.38,23.62,Regular Customer,Regular Marketing,38.19,53.47,23.62,Loyal Stage
0d3589a4ab8bf8de1517c84a7b4d6ed9,146.99,75.82,24.18,VIP Customer,VIP Loyalty Benefits,38.46,53.4,24.18,Loyal Stage
0d426b507ba27a273f931aaca5f2ca78,22.9,76.67,23.33,Regular Customer,Regular Marketing,38.42,53.72,23.33,Loyal Stage
0d4f3935514e021bdd1bb681e511ec25,134.0,76.84,23.16,Regular Customer,Regular Marketing,38.92,54.09,23.16,Loyal Stage
0d508bb21cf7b5d51c46382a21bf379f,0.0,76.48,23.52,Regular Customer,Regular Marketing,38.24,53.54,23.52,Loyal Stage
0d56e56eb140588ff89b9f227011a222,5.99,76.54,23.46,Regular Customer,Regular Marketing,38.29,53.59,23.46,Loyal Stage
0d67ad11dcae1b1a8d1d7e4e78f2f201,95.9,76.83,23.17,Regular Customer,Regular Marketing,38.77,53.99,23.17,Loyal Stage
0d7870ad4151e22c0f561053c55ee7a1,0.0,75.4,24.6,Regular Customer,Regular Marketing,37.7,52.78,24.6,Loyal Stage
0d7a6ee9d351c0856e4858cb84f26c3c,99.9,76.89,23.11,Regular Customer,Regular Marketing,38.82,54.05,23.11,Loyal Stage
0d7e998ba088f22b4dde86e34d048549,76.0,75.77,24.23,Regular Customer,Regular Marketing,38.17,53.21,24.23,Loyal Stage
0d83b1f69cce44c6b8401433a2490be6,0.0,75.55,24.45,Regular Customer,Regular Marketing,37.78,52.89,24.45,Loyal Stage
0d8b40b520a9158a913bf7fc15c82ea0,107.9,76.54,23.46,Regular Customer,Regular Marketing,38.67,53.82,23.46,Loyal Stage
0d8b6f37ce56eb5679cf690b59318b4c,38.0,76.64,23.36,Regular Customer,Regular Marketing,38.46,53.73,23.36,Loyal Stage
0d94aae6987584b48d82c2703dd46e49,189.9,76.09,23.91,VIP Customer,VIP Loyalty Benefits,38.75,53.69,23.91,Loyal Stage
0d974402f3086c8b57ab8d9f38eec4e0,220.0,77.58,22.42,VIP Customer,VIP Loyalty Benefits,39.61,54.8,22.42,Loyal Stage
0da4c5d9c90af79ecfdfae7a989378a6,0.0,76.58,23.42,Regular Customer,Regular Marketing,38.29,53.61,23.42,Loyal Stage
0dab841685c250499b36d81dbb570ab8,70.0,76.74,23.26,Regular Customer,Regular Marketing,38.63,53.87,23.26,Loyal Stage
0daea8fd059961b08f49f39197dd5c13,0.0,75.4,24.6,Regular Customer,Regular Marketing,37.7,52.78,24.6,Loyal Stage
0db69acd7afa34418d8d890d0829e886,45.0,75.46,24.54,Regular Customer,Regular Marketing,37.9,52.92,24.54,Loyal Stage
0db98973376d0cb34259fc975bc78f04,57.9,76.31,23.69,Regular Customer,Regular Marketing,38.37,53.55,23.69,Loyal Stage
0dc3b85f8519a87fa1d5a9b90a557d72,0.0,77.05,22.95,Regular Customer,Regular Marketing,38.52,53.93,22.95,Loyal Stage
0dca919196146f24b8e265b534ff6706,699.98,76.9,23.1,VIP Customer,VIP Loyalty Benefits,41.05,55.39,23.1,Loyal Stage
0dfcd4f21dddfff16d631b6d27ce211f,56.1,75.89,24.11,Regular Customer,Regular Marketing,38.15,53.25,24.11,Loyal Stage
0e155d17c25fb010390e2908bb80e210,0.0,75.7,24.3,Regular Customer,Regular Marketing,37.85,52.99,24.3,Loyal Stage
0e1a55bb482d1a085a3c27d9d6394184,0.0,77.05,22.95,Regular Customer,Regular Marketing,38.52,53.93,22.95,Loyal Stage
0e26195f126fc3a0d66b61b9ef3742ca,29.78,75.39,24.61,Regular Customer,Regular Marketing,37.81,52.84,24.61,Loyal Stage
0e2b1b9ab8ae4d02d15861f4aed08295,30.0,77.35,22.65,Regular Customer,Regular Marketing,38.79,54.21,22.65,Loyal Stage
0e36fee9f974affcfef469842ddb5a35,96.0,75.59,24.41,Regular Customer,Regular Marketing,38.15,53.13,24.41,Loyal Stage
0e381ce773b382849206115413009851,150.19,76.29,23.71,VIP Customer,VIP Loyalty Benefits,38.7,53.74,23.71,Loyal Stage
0e3f036864658ee700ddaeb289c1aa9b,59.78,76.36,23.64,Regular Customer,Regular Marketing,38.4,53.58,23.64,Loyal Stage
0e44996ca651d01af85346e582edc204,0.0,75.5,24.5,Regular Customer,Regular Marketing,37.75,52.85,24.5,Loyal Stage
0e4d012fac3d20c033e0284fb6d2ea6a,360.53,77.59,22.41,VIP Customer,VIP Loyalty Benefits,40.14,55.12,22.41,Loyal Stage
0e654cd2ff0c4694a184cf1ebfc0fcd2,135.5,76.84,23.16,Regular Customer,Regular Marketing,38.92,54.09,23.16,Loyal Stage
0e712c5813cd2db73a8b770de7691b5b,95.9,77.5,22.5,Regular Customer,Regular Marketing,39.11,54.47,22.5,Loyal Stage
0e778dbac6343a7e665c5904d1f5c915,899.0,77.97,22.03,VIP Customer,VIP Loyalty Benefits,42.33,56.59,22.03,Loyal Stage
0e8086b5bc29298fd8da659b9a7c52f7,37.99,77.11,22.89,Regular Customer,Regular Marketing,38.7,54.06,22.89,Loyal Stage
0e92bf88ae9dee532115fb3adc7f5ea4,48.0,77.12,22.88,Regular Customer,Regular Marketing,38.74,54.09,22.88,Loyal Stage
0e9bafe047d5c6fe3fd8ef6bcdce9a1a,0.0,77.36,22.64,Regular Customer,Regular Marketing,38.68,54.15,22.64,Loyal Stage
0e9e72213d303d0ec8629dc2c6f4b234,24.99,76.05,23.95,Regular Customer,Regular Marketing,38.12,53.29,23.95,Loyal Stage
0ea7111a8876afb0b76bad91309465f6,116.9,76.76,23.24,Regular Customer,Regular Marketing,38.81,53.99,23.24,Loyal Stage
0eacec5e36604dae4b3573af0a72c4fc,149.7,75.57,24.43,VIP Customer,VIP Loyalty Benefits,38.34,53.23,24.43,Loyal Stage
0ec82baf8ba16aaaf850a3e8b3a89b48,24.5,75.58,24.42,Regular Customer,Regular Marketing,37.88,52.96,24.42,Loyal Stage
0ec84961e69f1e31b1e0086fb1f3e88c,105.0,75.76,24.24,Regular Customer,Regular Marketing,38.27,53.27,24.24,Loyal Stage
0ee0f7d0f31361ac41219a9411f99f07,429.9,76.19,23.81,VIP Customer,VIP Loyalty Benefits,39.69,54.29,23.81,Loyal Stage
0ef6c429cb296ab0f6aec6baedf64774,0.0,75.55,24.45,Regular Customer,Regular Marketing,37.78,52.89,24.45,Loyal Stage
0ef7b906320b21fe4d39f99496aaa2d8,69.99,76.22,23.78,Regular Customer,Regular Marketing,38.37,53.51,23.78,Loyal Stage
0efd5025e6544ef110881866b945d0cc,55.0,76.51,23.49,Regular Customer,Regular Marketing,38.46,53.68,23.49,Loyal Stage
0f01a970f747ab6c9d558a858ed7ccb0,11.89,76.65,23.35,Regular Customer,Regular Marketing,38.37,53.68,23.35,Loyal Stage
0f112a2bb59cae2ab5d4e0e129617ae1,49.0,76.09,23.91,Regular Customer,Regular Marketing,38.23,53.37,23.91,Loyal Stage
0f208b15d17b9b88cc74ec13fac56a84,199.9,76.0,24.0,VIP Customer,VIP Loyalty Benefits,38.74,53.64,24.0,Loyal Stage
0f3a5db8a7909671d8032ffb079c1509,159.9,75.84,24.16,VIP Customer,VIP Loyalty Benefits,38.51,53.44,24.16,Loyal Stage
0f4054aa9ac17890e078d931362ae93a,0.0,76.22,23.78,Regular Customer,Regular Marketing,38.11,53.35,23.78,Loyal Stage
0f4445cc3c0c9d9f171bb06276bf8628,19.8,76.36,23.64,Regular Customer,Regular Marketing,38.25,53.49,23.64,Loyal Stage
0f46196da4c06ec7ced5195e5cd19294,179.0,76.59,23.41,VIP Customer,VIP Loyalty Benefits,38.96,54.01,23.41,Loyal Stage
0f53f9de97fd752db6a2c74a3bac5cf7,349.0,76.74,23.26,VIP Customer,VIP Loyalty Benefits,39.67,54.5,23.26,Loyal Stage
0f55c87763a0f9f303b01d292b4ca0bb,90.0,76.46,23.54,Regular Customer,Regular Marketing,38.56,53.72,23.54,Loyal Stage
0f5886490fab461243285065ba5143d6,32.99,76.69,23.31,Regular Customer,Regular Marketing,38.47,53.76,23.31,Loyal Stage
0f7401a91fd492f6ba9c998ecbdde763,69.0,76.38,23.62,Regular Customer,Regular Marketing,38.45,53.62,23.62,Loyal Stage
0f8531fa7f3d06e4fcd7bffe3c55e51e,0.0,75.45,24.55,Regular Customer,Regular Marketing,37.72,52.81,24.55,Loyal Stage
0f85d4210164b5926aa49e6eda6cd06e,0.0,76.22,23.78,Regular Customer,Regular Marketing,38.11,53.35,23.78,Loyal Stage
0f8627184e33997c7e72a68b3c880b8d,254.0,75.52,24.48,VIP Customer,VIP Loyalty Benefits,38.7,53.43,24.48,Loyal Stage
0f8dc6a031c49afe5079f92f04c798c3,29.9,75.7,24.3,Regular Customer,Regular Marketing,37.96,53.06,24.3,Loyal Stage
0f929fdd90cb0ec6cd4c0f372e2c9ca7,49.9,75.78,24.22,Regular Customer,Regular Marketing,38.08,53.16,24.22,Loyal Stage
0fa106c070f4109f39a50144684c4afb,29.9,76.01,23.99,Regular Customer,Regular Marketing,38.12,53.28,23.99,Loyal Stage
0fb8f35586a814c879899f53c98b442a,12.9,76.24,23.76,Regular Customer,Regular Marketing,38.17,53.4,23.76,Loyal Stage
0fbf73cb8a40e33ad3a0b46a6212cd44,244.99,77.05,22.95,VIP Customer,VIP Loyalty Benefits,39.44,54.48,22.95,Loyal Stage
0fc76f5dbbcc065b265eba18182f2943,27.9,76.21,23.79,Regular Customer,Regular Marketing,38.21,53.41,23.79,Loyal Stage
0fd9b568c34096e7d1b68f52f9cfbb5c,169.0,76.42,23.58,VIP Customer,VIP Loyalty Benefits,38.84,53.87,23.58,Loyal Stage
0fe1ce06ed231600c5c0213e7d920627,0.0,76.53,23.47,Regular Customer,Regular Marketing,38.26,53.57,23.47,Loyal Stage
0ff9df9167492f499a879b8afc78a1b6,0.0,76.02,23.98,Regular Customer,Regular Marketing,38.01,53.21,23.98,Loyal Stage
1004c2882ad356c7e8532c14f1b08e63,69.9,76.48,23.52,Regular Customer,Regular Marketing,38.5,53.69,23.52,Loyal Stage
101375bf617fd60c9eee42f98d9a73d6,999.99,78.34,21.66,VIP Customer,VIP Loyalty Benefits,42.89,57.07,21.66,Loyal Stage
101f3bb690a78f1175e0fb48ace954c0,135.0,76.16,23.84,Regular Customer,Regular Marketing,38.58,53.61,23.84,Loyal Stage
102dd31ab68cc7c43e9de66ad9491184,149.5,77.12,22.88,VIP Customer,VIP Loyalty Benefits,39.12,54.32,22.88,Loyal Stage
103838ffc9a90c22e78aae22c57b7f2e,33.9,76.69,23.31,Regular Customer,Regular Marketing,38.47,53.76,23.31,Loyal Stage
103d44c0c5139f1199f1c9e319b922c8,0.0,76.38,23.62,Regular Customer,Regular Marketing,38.19,53.47,23.62,Loyal Stage
1041688b50cfd8ef6df6086a1746a30c,41.8,77.27,22.73,Regular Customer,Regular Marketing,38.79,54.18,22.73,Loyal Stage
104c5f67acb03a1751fe8dc0cfb66833,49.9,76.55,23.45,Regular Customer,Regular Marketing,38.46,53.7,23.45,Loyal Stage
104e6031bebec912a487da1488687942,32.49,76.58,23.42,Regular Customer,Regular Marketing,38.41,53.68,23.42,Loyal Stage
105386e05405db999b39121700b6be71,200.0,76.42,23.58,VIP Customer,VIP Loyalty Benefits,38.95,53.94,23.58,Loyal Stage
105e7ec4dda85b9f52a2251080809e22,0.0,75.6,24.4,Regular Customer,Regular Marketing,37.8,52.92,24.4,Loyal Stage
107df8fcfe13d1a58006f0a11dc7522c,0.0,76.17,23.83,Regular Customer,Regular Marketing,38.08,53.32,23.83,Loyal Stage
1097546f28572d77f622b106a224f1d3,119.0,76.14,23.86,Regular Customer,Regular Marketing,38.51,53.56,23.86,Loyal Stage
109fec7491de21b910f45c6369b0e0d8,105.0,75.6,24.4,Regular Customer,Regular Marketing,38.19,53.15,24.4,Loyal Stage
10d5890ed5e7ec78a7db23b5ac579b17,27.99,75.39,24.61,Regular Customer,Regular Marketing,37.8,52.84,24.61,Loyal Stage
10db899e693828aac865e65f46512115,99.9,76.37,23.63,Regular Customer,Regular Marketing,38.56,53.68,23.63,Loyal Stage
10e1df2717597281c5cffa0e0a7ca7cb,1999.98,79.66,20.34,VIP Customer,VIP Loyalty Benefits,47.27,60.23,20.34,Loyal Stage
10f04a31aae273f9931b511a423b186d,359.70000000000005,76.4,23.6,VIP Customer,VIP Loyalty Benefits,39.54,54.28,23.6,Loyal Stage
11000823024e21389f2a19a1c6991852,0.0,76.9,23.1,Regular Customer,Regular Marketing,38.45,53.83,23.1,Loyal Stage
110b65132570b2b4a4ecca9def26ae46,48.9,76.45,23.55,Regular Customer,Regular Marketing,38.41,53.63,23.55,Loyal Stage
112e2aef6c160da7c72e9a8e475ddf27,149.99,76.86,23.14,VIP Customer,VIP Loyalty Benefits,38.99,54.14,23.14,Loyal Stage
11301f075b107598442c6b33133b557a,399.0,76.35,23.65,VIP Customer,VIP Loyalty Benefits,39.66,54.34,23.65,Loyal Stage
11485345fb6725061bf820526057715d,38.79,76.95,23.05,Regular Customer,Regular Marketing,38.62,53.95,23.05,Loyal Stage
1151fa77d166e5fee9f01df0100ba12f,49.0,75.72,24.28,Regular Customer,Regular Marketing,38.04,53.11,24.28,Loyal Stage
1151fbe784586f5c62d6669ec7c01089,29.9,76.99,23.01,Regular Customer,Regular Marketing,38.61,53.96,23.01,Loyal Stage
1156025ba3385bb8494fcab632c31937,18.9,76.1,23.9,Regular Customer,Regular Marketing,38.12,53.31,23.9,Loyal Stage
116599835eb984c240446753380232c1,218.9,76.91,23.09,VIP Customer,VIP Loyalty Benefits,39.27,54.33,23.09,Loyal Stage
11735373f5b94d71354f10d1fa2267b3,121.0,75.94,24.06,Regular Customer,Regular Marketing,38.42,53.43,24.06,Loyal Stage
117470ed515ecada08e9659a85f4b9bf,46.9,75.88,24.12,Regular Customer,Regular Marketing,38.11,53.22,24.12,Loyal Stage
1175be9ac209d4aa54054037e4936b6b,8.99,76.44,23.56,Regular Customer,Regular Marketing,38.25,53.53,23.56,Loyal Stage
1181dc19b5bc200ecadf0b8a28523092,118.98,76.3,23.7,Regular Customer,Regular Marketing,38.59,53.67,23.7,Loyal Stage
118776be06ae57d7251f08340fe7eaaf,62.5,75.59,24.41,Regular Customer,Regular Marketing,38.03,53.05,24.41,Loyal Stage
119bbf0e31a0f4740de10ad52403d0ea,189.99,76.87,23.13,VIP Customer,VIP Loyalty Benefits,39.14,54.23,23.13,Loyal Stage
11a39e3eb3968676aa98106a19642b30,359.8,77.48,22.52,VIP Customer,VIP Loyalty Benefits,40.08,55.04,22.52,Loyal Stage
11c124573d10ae993e0321f56a151dbd,79.0,76.08,23.92,Regular Customer,Regular Marketing,38.33,53.43,23.92,Loyal Stage
11c6370fa35c524098f44a6c6d0582ed,24.99,77.35,22.65,Regular Customer,Regular Marketing,38.77,54.2,22.65,Loyal Stage
11ccf36669e0483ac53abfeb566679b6,0.0,77.31,22.69,Regular Customer,Regular Marketing,38.66,54.12,22.69,Loyal Stage
11ce7127e348ee1d9bb75ffef00923dd,0.0,76.38,23.62,Regular Customer,Regular Marketing,38.19,53.47,23.62,Loyal Stage
11cfd70926d42d92ea668b4abd732abf,0.0,76.12,23.88,Regular Customer,Regular Marketing,38.06,53.28,23.88,Loyal Stage
11d1a79c1640db32f51b783ba1e3e9a8,96.0,76.78,23.22,Regular Customer,Regular Marketing,38.75,53.96,23.22,Loyal Stage
11dfafdbc0661252d0c957bb66eca814,339.0,76.83,23.17,VIP Customer,VIP Loyalty Benefits,39.68,54.54,23.17,Loyal Stage
11f23464189c7f804a851fd73e1fde4d,65.9,75.7,24.3,Regular Customer,Regular Marketing,38.1,53.14,24.3,Loyal Stage
11f5fb5c11d7751687290dacf629aa29,676.97,77.13,22.87,VIP Customer,VIP Loyalty Benefits,41.08,55.5,22.87,Loyal Stage
11f76b400f90c00c920bc0eedd4d598c,0.0,77.0,23.0,Regular Customer,Regular Marketing,38.5,53.9,23.0,Loyal Stage
12059728f4c2a99b03dfff3756610fc5,150.0,76.7,23.3,VIP Customer,VIP Loyalty Benefits,38.91,54.03,23.3,Loyal Stage
1206ee465feda962d43593b17d2f6fb0,126.8,76.05,23.95,Regular Customer,Regular Marketing,38.5,53.52,23.95,Loyal Stage
1242225b30315a8f01b8c04515b0bf7f,115.99,76.65,23.35,Regular Customer,Regular Marketing,38.76,53.92,23.35,Loyal Stage
1246050d2638f9e4be53786f32294650,0.0,76.28,23.72,Regular Customer,Regular Marketing,38.14,53.4,23.72,Loyal Stage
1248ef2fd64344a3070e97c07061ce3c,189.0,76.3,23.7,VIP Customer,VIP Loyalty Benefits,38.85,53.83,23.7,Loyal Stage
125b9dad7c07c92db65ad372a820ed82,119.9,76.19,23.81,Regular Customer,Regular Marketing,38.54,53.6,23.81,Loyal Stage
12602d1809f16c64dc2bd219faf85140,29.9,75.85,24.15,Regular Customer,Regular Marketing,38.04,53.16,24.15,Loyal Stage
1263e6257ed549981682ba2f78217a5c,49.9,76.87,23.13,Regular Customer,Regular Marketing,38.62,53.92,23.13,Loyal Stage
126e175452900c7f9955d5a70bf5008c,139.0,75.55,24.45,VIP Customer,VIP Loyalty Benefits,38.29,53.19,24.45,Loyal Stage
12852de2da6fd98ae65f99e59af4f1b5,68.9,76.07,23.93,Regular Customer,Regular Marketing,38.29,53.4,23.93,Loyal Stage
12b946f9fca2750789b70d43cb8a15b0,44.99,76.19,23.81,Regular Customer,Regular Marketing,38.26,53.43,23.81,Loyal Stage
12be62b4fa6e02d8e3949e3c118954f8,38.5,77.01,22.99,Regular Customer,Regular Marketing,38.65,53.99,22.99,Loyal Stage
12bf35aec09644582d3d803df7607246,100.9,76.99,23.01,Regular Customer,Regular Marketing,38.87,54.12,23.01,Loyal Stage
12c175df95d08f20daa163c5173167e9,147.6,76.29,23.71,VIP Customer,VIP Loyalty Benefits,38.69,53.73,23.71,Loyal Stage
12c26a7ec6c8e03796ea51bbc978c87c,64.9,76.52,23.48,Regular Customer,Regular Marketing,38.5,53.71,23.48,Loyal Stage
12c40c03555116b42dbbe7264a597d35,89.9,75.84,24.16,Regular Customer,Regular Marketing,38.25,53.29,24.16,Loyal Stage
12c72d4153e98f4011d9964f498e2263,69.9,76.02,23.98,Regular Customer,Regular Marketing,38.27,53.37,23.98,Loyal Stage
12d9b81697247da56cbe2421f1f6778c,129.9,76.05,23.95,Regular Customer,Regular Marketing,38.51,53.53,23.95,Loyal Stage
12e4d61b2c856e2a0acb8048e353507b,199.9,75.85,24.15,VIP Customer,VIP Loyalty Benefits,38.67,53.54,24.15,Loyal Stage
12e7f5f330afd9922dc9c058601ecd65,19.9,76.31,23.69,Regular Customer,Regular Marketing,38.23,53.46,23.69,Loyal Stage
12f85e24f4adf1766152206ac3d2b805,0.0,75.65,24.35,Regular Customer,Regular Marketing,37.83,52.96,24.35,Loyal Stage
130825f7be6a31dab586c567c592b2cb,27.99,76.16,23.84,Regular Customer,Regular Marketing,38.18,53.37,23.84,Loyal Stage
1314e23c75b635a4dae426ada71ef9aa,81.9,76.91,23.09,Regular Customer,Regular Marketing,38.76,54.02,23.09,Loyal Stage
13175e8f804432eb2ab5cbba1971f25b,0.0,76.79,23.21,Regular Customer,Regular Marketing,38.4,53.76,23.21,Loyal Stage
131dc8b84d915d899517bd2867f62401,29.99,76.84,23.16,Regular Customer,Regular Marketing,38.53,53.85,23.16,Loyal Stage
1323b0f3cfb72f7b7163193a228ab92c,64.9,75.96,24.04,Regular Customer,Regular Marketing,38.22,53.32,24.04,Loyal Stage
132eec72adb4035299e94b09ebaf703b,19.83,75.89,24.11,Regular Customer,Regular Marketing,38.02,53.17,24.11,Loyal Stage
1341ca108c9d2fb138f7d15fca516c70,64.8,76.16,23.84,Regular Customer,Regular Marketing,38.32,53.46,23.84,Loyal Stage
13449f53b80b172d694ce7d01eb7d044,84.0,76.87,23.13,Regular Customer,Regular Marketing,38.75,54.0,23.13,Loyal Stage
13462111de43dd931861603c54b81f90,0.0,75.45,24.55,Regular Customer,Regular Marketing,37.72,52.81,24.55,Loyal Stage
1348605b4286bdd5b425be0ee7c2c8cf,29.9,77.15,22.85,Regular Customer,Regular Marketing,38.69,54.07,22.85,Loyal Stage
1356c7cceef6a2fb0c137a4ba41f9142,124.98,77.34,22.66,Regular Customer,Regular Marketing,39.13,54.41,22.66,Loyal Stage
135d0249c65cdb8f5c8b30da582a6865,149.98,76.24,23.76,VIP Customer,VIP Loyalty Benefits,38.68,53.7,23.76,Loyal Stage
1360252aa9edef582a1795a9468cf52e,0.0,76.53,23.47,Regular Customer,Regular Marketing,38.26,53.57,23.47,Loyal Stage
1366e41e0208f2e7cd74492ce529ef34,119.9,77.28,22.72,Regular Customer,Regular Marketing,39.09,54.37,22.72,Loyal Stage
1367e9f9abcd696769944650c18929c6,195.0,76.93,23.07,VIP Customer,VIP Loyalty Benefits,39.19,54.29,23.07,Loyal Stage
136a29b51ffc988d91796134413911d7,185.0,77.22,22.78,VIP Customer,VIP Loyalty Benefits,39.3,54.47,22.78,Loyal Stage
137b634f8eed9de5ead314199f3ee848,129.9,75.69,24.31,Regular Customer,Regular Marketing,38.33,53.27,24.31,Loyal Stage
137e913dbccff4c84e57736bad9bff23,23.0,76.15,23.85,Regular Customer,Regular Marketing,38.16,53.36,23.85,Loyal Stage
1380beb7941dc196c3dcb25022b033e7,99.0,75.75,24.25,Regular Customer,Regular Marketing,38.24,53.24,24.25,Loyal Stage
1382666ea2fb0184512f3269cacb3c9f,199.99,76.05,23.95,VIP Customer,VIP Loyalty Benefits,38.77,53.68,23.95,Loyal Stage
139093b1c6e7e3108ac0469ce43bfb99,289.79,77.07,22.93,VIP Customer,VIP Loyalty Benefits,39.61,54.59,22.93,Loyal Stage
13a08d206d7e3f777d1454cee48ded4e,0.0,76.64,23.36,Regular Customer,Regular Marketing,38.32,53.65,23.36,Loyal Stage
13a381a0b4bd1d7dd7618982a873b2fe,45.8,77.07,22.93,Regular Customer,Regular Marketing,38.71,54.05,22.93,Loyal Stage
13a6bc772740dca2a4f38a5b5b6e3fb0,69.9,76.38,23.62,Regular Customer,Regular Marketing,38.45,53.62,23.62,Loyal Stage
13b0abde07086c41995ef939869c2bd4,24.9,75.54,24.46,Regular Customer,Regular Marketing,37.86,52.93,24.46,Loyal Stage
13b2d7e597093947b683af7e23bb437c,11.87,76.19,23.81,Regular Customer,Regular Marketing,38.14,53.36,23.81,Loyal Stage
13b9a05fe8f9f08a09933cab3b0c2107,85.99,76.25,23.75,Regular Customer,Regular Marketing,38.44,53.56,23.75,Loyal Stage
13bf0b4120921402dff563cda4383ff6,138.8,75.55,24.45,VIP Customer,VIP Loyalty Benefits,38.29,53.19,24.45,Loyal Stage
13c7bb8997669ff7cf0b97f39681dedb,40.0,75.71,24.29,Regular Customer,Regular Marketing,38.0,53.08,24.29,Loyal Stage
13cca6b831a40834c4132657f3831031,20.0,77.08,22.92,Regular Customer,Regular Marketing,38.61,54.0,22.92,Loyal Stage
13d28dd6d0480c493b3607c61b0a0160,63.0,77.2,22.8,Regular Customer,Regular Marketing,38.83,54.18,22.8,Loyal Stage
13e39727a16c31cb2f91569351b31d13,153.9,76.4,23.6,VIP Customer,VIP Loyalty Benefits,38.77,53.82,23.6,Loyal Stage
13efb012003483c7c63f07855c5b7605,34.9,76.84,23.16,Regular Customer,Regular Marketing,38.55,53.87,23.16,Loyal Stage
13fcde5e09fc80145f4eb5648441a5c0,48.0,75.42,24.58,Regular Customer,Regular Marketing,37.89,52.9,24.58,Loyal Stage
1413a9b68adac5c0fddcdeb92223ed41,94.95,76.88,23.12,Regular Customer,Regular Marketing,38.79,54.03,23.12,Loyal Stage
1427d43f0ca16b9d318d4bc18dd1a1b0,599.99,77.42,22.58,VIP Customer,VIP Loyalty Benefits,40.94,55.53,22.58,Loyal Stage
142c69e8f64ff2f2705e6696f8e18a69,249.9,77.11,22.89,VIP Customer,VIP Loyalty Benefits,39.48,54.53,22.89,Loyal Stage
143a74bd75d65640f7d9949e41a2ef33,125.0,76.51,23.49,Regular Customer,Regular Marketing,38.72,53.84,23.49,Loyal Stage
143ac1358dbb2d185d4873965fcc28e4,126.0,76.41,23.59,Regular Customer,Regular Marketing,38.67,53.77,23.59,Loyal Stage
14563a6aaf36dc1f7c63a9b45415b6b5,58.99,76.83,23.17,Regular Customer,Regular Marketing,38.63,53.91,23.17,Loyal Stage
1458fa8c97680281d9f817e92cca9a4f,158.6,77.03,22.97,VIP Customer,VIP Loyalty Benefits,39.11,54.28,22.97,Loyal Stage
145b3ba5da64fe05604da3f57bf8655a,28.99,75.9,24.1,Regular Customer,Regular Marketing,38.06,53.2,24.1,Loyal Stage
145bab853270f02423ef74363010a01f,0.0,75.81,24.19,Regular Customer,Regular Marketing,37.9,53.06,24.19,Loyal Stage
14650aba2993d5db931ecd1ff160714a,77.0,77.11,22.89,Regular Customer,Regular Marketing,38.84,54.15,22.89,Loyal Stage
1470b6ff535b87d8e22976672214b6d8,0.0,76.79,23.21,Regular Customer,Regular Marketing,38.4,53.76,23.21,Loyal Stage
1471f2852cee2aa41103d1471bf44492,69.0,76.89,23.11,Regular Customer,Regular Marketing,38.7,53.98,23.11,Loyal Stage
147b29ccaccc9ca1ce2a67946146409e,0.0,77.2,22.8,Regular Customer,Regular Marketing,38.6,54.04,22.8,Loyal Stage
147e1d1ed0aea7d16d7be3e2ed88cf4b,27.9,75.9,24.1,Regular Customer,Regular Marketing,38.05,53.19,24.1,Loyal Stage
1483a22260e8aead5b0119eab451680f,98.0,76.73,23.27,Regular Customer,Regular Marketing,38.73,53.93,23.27,Loyal Stage
149408087e7c2a2c349f11a171b53dba,51.0,77.38,22.62,Regular Customer,Regular Marketing,38.88,54.28,22.62,Loyal Stage
14a43f7b39e8f46a5e39cbebb4d38a6e,0.0,75.7,24.3,Regular Customer,Regular Marketing,37.85,52.99,24.3,Loyal Stage
14ad45db79e7e1f916815d7e8503eaff,85.9,75.63,24.37,Regular Customer,Regular Marketing,38.13,53.13,24.37,Loyal Stage
14b0730b5edaa8f7a8decc1620d09772,24.9,76.37,23.63,Regular Customer,Regular Marketing,38.28,53.52,23.63,Loyal Stage
14cf3e40a2b5076d2d0384a7e68ca06f,1798.0,77.3,22.7,VIP Customer,VIP Loyalty Benefits,45.34,58.12,22.7,Loyal Stage
14d4c6468374f217d4ef9e134799ffe4,0.0,76.74,23.26,Regular Customer,Regular Marketing,38.37,53.72,23.26,Loyal Stage
14dae59b1edc9d335b0cafd0f9bada06,74.9,77.16,22.84,Regular Customer,Regular Marketing,38.86,54.18,22.84,Loyal Stage
14ec2a04d0e694c0c8fceaf5a061273a,39.99,75.97,24.03,Regular Customer,Regular Marketing,38.13,53.27,24.03,Loyal Stage
14f477af61849ecffcb740c29544b379,66.99,77.1,22.9,Regular Customer,Regular Marketing,38.8,54.12,22.9,Loyal Stage
14f5d517dec218dfb0edf1d8158f7e1a,41.9,76.85,23.15,Regular Customer,Regular Marketing,38.58,53.89,23.15,Loyal Stage
14f7c220b4e0b529cb23021b2fb9284e,49.9,76.97,23.03,Regular Customer,Regular Marketing,38.67,53.99,23.03,Loyal Stage
14fe28ddaeb1c821b132701b9c254087,679.0,76.46,23.54,VIP Customer,VIP Loyalty Benefits,40.76,55.04,23.54,Loyal Stage
1504eefae6728d7313abdf9939af2443,90.0,76.31,23.69,Regular Customer,Regular Marketing,38.49,53.62,23.69,Loyal Stage
150efee9847adcb0a932c4d342920f16,99.9,76.58,23.42,Regular Customer,Regular Marketing,38.66,53.83,23.42,Loyal Stage
15118cf840653847844c94b586de0c56,79.99,75.77,24.23,Regular Customer,Regular Marketing,38.18,53.22,24.23,Loyal Stage
151904a174f924f110358e4b20e97fdd,105.0,76.84,23.16,Regular Customer,Regular Marketing,38.81,54.02,23.16,Loyal Stage
1530bef7997278ae912d241906332564,49.9,76.81,23.19,Regular Customer,Regular Marketing,38.59,53.88,23.19,Loyal Stage
1534c2f0660461d99aeb09455e18f23c,109.0,77.21,22.79,Regular Customer,Regular Marketing,39.01,54.29,22.79,Loyal Stage
153d5632321e12f7744e1c258d553167,0.0,75.81,24.19,Regular Customer,Regular Marketing,37.9,53.06,24.19,Loyal Stage
155d36ad6e053a2284c5f7e2db94795b,229.98,75.99,24.01,VIP Customer,VIP Loyalty Benefits,38.85,53.71,24.01,Loyal Stage
156283b6ca35ef976a0265903145fd5e,23.9,75.64,24.36,Regular Customer,Regular Marketing,37.91,53.0,24.36,Loyal Stage
1564b1f6276f1ceea293600222a947ab,17.77,76.66,23.34,Regular Customer,Regular Marketing,38.4,53.7,23.34,Loyal Stage
156ad43d21fbedfa5be91be0b14bf73b,478.04,76.88,23.12,VIP Customer,VIP Loyalty Benefits,40.22,54.88,23.12,Loyal Stage
15754cba3d60cfbf861d850838b5e329,17.9,75.83,24.17,Regular Customer,Regular Marketing,37.98,53.12,24.17,Loyal Stage
15780038e7ab0b92f3a1672ff74dc684,48.9,77.12,22.88,Regular Customer,Regular Marketing,38.74,54.09,22.88,Loyal Stage
158629476b814e89f2656e152007f567,189.0,76.3,23.7,VIP Customer,VIP Loyalty Benefits,38.85,53.83,23.7,Loyal Stage
158feb30d8bcf7146f89b4d7ffeed53b,48.9,76.97,23.03,Regular Customer,Regular Marketing,38.67,53.99,23.03,Loyal Stage
1592fdbf81820ba230a3747f1c8530e9,44.9,76.03,23.97,Regular Customer,Regular Marketing,38.18,53.32,23.97,Loyal Stage
159bbeaf58e0b4c5cdca4d998d669fdc,78.99,76.39,23.61,Regular Customer,Regular Marketing,38.49,53.65,23.61,Loyal Stage
159cbfe771924d126a695656c271e385,169.85000000000002,75.6,24.4,VIP Customer,VIP Loyalty Benefits,38.43,53.3,24.4,Loyal Stage
15a33d71521853eefc0976cef8249065,55.0,76.51,23.49,Regular Customer,Regular Marketing,38.46,53.68,23.49,Loyal Stage
15a52a044cbf18c87283f8c460ad5ccf,24.5,76.52,23.48,Regular Customer,Regular Marketing,38.35,53.62,23.48,Loyal Stage
15a981406bf7ff3eec3a9bfe70ace61b,439.0,77.5,22.5,VIP Customer,VIP Loyalty Benefits,40.38,55.23,22.5,Loyal Stage
15aa251aeeec331d7ee4e1851397e8f5,113.8,76.13,23.87,Regular Customer,Regular Marketing,38.49,53.55,23.87,Loyal Stage
15ac25e2b25065073f99110af705cd19,0.0,75.55,24.45,Regular Customer,Regular Marketing,37.78,52.89,24.45,Loyal Stage
15b5b77270f5ead0f01ea0ced1ef789e,95.0,76.42,23.58,Regular Customer,Regular Marketing,38.56,53.7,23.58,Loyal Stage
15d25c8e3dd07a3c561fd20afecf37c3,19.99,75.48,24.52,Regular Customer,Regular Marketing,37.81,52.88,24.52,Loyal Stage
15dc5cc01e20978570e7b51f5537a0a1,279.8,74.76,25.24,VIP Customer,VIP Loyalty Benefits,38.42,52.96,25.24,Loyal Stage
15fbda9a56959b58dffde5a4426f0b52,102.9,76.95,23.05,Regular Customer,Regular Marketing,38.86,54.1,23.05,Loyal Stage
1600d3c2e067a36e34255f8457ed2eab,14.9,75.57,24.43,Regular Customer,Regular Marketing,37.84,52.93,24.43,Loyal Stage
1605f22a19fdd5fd49dd962929107cf7,399.0,77.33,22.67,VIP Customer,VIP Loyalty Benefits,40.15,55.02,22.67,Loyal Stage
1638f897236f626b7da7e04066ad0630,52.0,76.41,23.59,Regular Customer,Regular Marketing,38.4,53.6,23.59,Loyal Stage
164b46961e3ef442750fed496929369f,122.99,77.13,22.87,Regular Customer,Regular Marketing,39.02,54.26,22.87,Loyal Stage
165961169e5ec74a761f2d4cf0feb9a1,98.9,76.48,23.52,Regular Customer,Regular Marketing,38.61,53.76,23.52,Loyal Stage
16669e4bd8c11be0627f946c2ec1f9ed,39.8,75.82,24.18,Regular Customer,Regular Marketing,38.06,53.16,24.18,Loyal Stage
16685d085229f6315c19ee66eff0049a,75.0,75.97,24.03,Regular Customer,Regular Marketing,38.26,53.34,24.03,Loyal Stage
166ec5dd3ecbfd90e6f4b58e37c73623,159.9,76.46,23.54,VIP Customer,VIP Loyalty Benefits,38.82,53.88,23.54,Loyal Stage
166f5f82137eea831b3288649dcffb81,78.0,76.08,23.92,Regular Customer,Regular Marketing,38.33,53.43,23.92,Loyal Stage
167598f3b3a218d8e76d71ee3f1fb6fd,657.8,77.2,22.8,VIP Customer,VIP Loyalty Benefits,41.05,55.51,22.8,Loyal Stage
167745ef1f549f90866a8f6fc8fe6e5f,0.0,76.9,23.1,Regular Customer,Regular Marketing,38.45,53.83,23.1,Loyal Stage
167d137b34ca4a407c59e3b8ed1742af,368.8,77.24,22.76,VIP Customer,VIP Loyalty Benefits,39.99,54.89,22.76,Loyal Stage
1680c593cfe1d6c798df5bd696544a19,79.99,76.6,23.4,Regular Customer,Regular Marketing,38.6,53.8,23.4,Loyal Stage
16840fe27040d55fedbd956d8b575774,29.0,75.54,24.46,Regular Customer,Regular Marketing,37.88,52.94,24.46,Loyal Stage
1693124191a45438ce1dca38a40455bb,70.0,75.65,24.35,Regular Customer,Regular Marketing,38.09,53.11,24.35,Loyal Stage
169a96b0cee3f0ff7d95d697f10d5414,759.9,78.13,21.87,VIP Customer,VIP Loyalty Benefits,41.89,56.39,21.87,Loyal Stage
16b256e5df531b940170cd24e7b26a82,39.0,76.02,23.98,Regular Customer,Regular Marketing,38.16,53.3,23.98,Loyal Stage
16c3fbe7788b5a59f325ac0175b48e2a,0.0,76.12,23.88,Regular Customer,Regular Marketing,38.06,53.28,23.88,Loyal Stage
16c549662b5f19ceb7590ded8264165d,139.9,75.91,24.09,VIP Customer,VIP Loyalty Benefits,38.48,53.45,24.09,Loyal Stage
16e0f0577c09e6c32d6ae9a42ebf874b,33.0,77.05,22.95,Regular Customer,Regular Marketing,38.65,54.01,22.95,Loyal Stage
16e261d3a16e5ffbdf45706276e1cd40,79.0,77.17,22.83,Regular Customer,Regular Marketing,38.88,54.2,22.83,Loyal Stage
16f05451b77595965b2be4bc350654bb,29.9,76.22,23.78,Regular Customer,Regular Marketing,38.22,53.42,23.78,Loyal Stage
16f21fd8f7f369baee82f0db4f32b8e6,58.99,75.59,24.41,Regular Customer,Regular Marketing,38.01,53.04,24.41,Loyal Stage
17030da4cff1fc639556306a1b0ab0c5,56.1,76.82,23.18,Regular Customer,Regular Marketing,38.62,53.9,23.18,Loyal Stage
170b179af20bc4e04c33835c6c2feef4,0.0,76.69,23.31,Regular Customer,Regular Marketing,38.34,53.68,23.31,Loyal Stage
173ad75d7ffd8702409e735638343ff7,139.99,76.9,23.1,VIP Customer,VIP Loyalty Benefits,38.97,54.14,23.1,Loyal Stage
174e260482fef58dc5e9539791653abd,119.9,76.25,23.75,Regular Customer,Regular Marketing,38.57,53.64,23.75,Loyal Stage
175ae4df7fa8fb29c01b066b086bbf55,20.0,76.1,23.9,Regular Customer,Regular Marketing,38.12,53.31,23.9,Loyal Stage
1760576731f518edcc21e95674f94273,149.9,76.4,23.6,VIP Customer,VIP Loyalty Benefits,38.76,53.82,23.6,Loyal Stage
176c21456fab655afee57b3ea9799f47,0.0,77.0,23.0,Regular Customer,Regular Marketing,38.5,53.9,23.0,Loyal Stage
176d62f6768d78163dd36be8881eb1eb,121.99,76.97,23.03,Regular Customer,Regular Marketing,38.94,54.15,23.03,Loyal Stage
177046a5910ce6dcbebb14997a36fb18,129.99,75.54,24.46,Regular Customer,Regular Marketing,38.25,53.17,24.46,Loyal Stage
1777ec87dbf32b675fa4d040b2613669,175.0,76.38,23.62,VIP Customer,VIP Loyalty Benefits,38.84,53.86,23.62,Loyal Stage
178abcae329614ef88c84a4f2d01b536,132.0,77.2,22.8,Regular Customer,Regular Marketing,39.09,54.33,22.8,Loyal Stage
178e608a51a1033918913882d44a1e1e,149.99,75.62,24.38,VIP Customer,VIP Loyalty Benefits,38.37,53.27,24.38,Loyal Stage
17937682a0684a1fb193dbc4173e4103,109.0,76.23,23.77,Regular Customer,Regular Marketing,38.52,53.6,23.77,Loyal Stage
179babd2eecb53125e973b715317114b,89.99,76.72,23.28,Regular Customer,Regular Marketing,38.69,53.9,23.28,Loyal Stage
17a0204249424bbc48c5c644f1f59570,46.9,77.02,22.98,Regular Customer,Regular Marketing,38.68,54.02,22.98,Loyal Stage
17b0188c89ac68aa7fcc43c9d48fd3ff,0.0,75.76,24.24,Regular Customer,Regular Marketing,37.88,53.03,24.24,Loyal Stage
17b5b166d728e181d7e83e1b9234c52e,259.99,76.81,23.19,VIP Customer,VIP Loyalty Benefits,39.37,54.35,23.19,Loyal Stage
17c23f12c872693690933e21c2c0b6b1,0.0,75.65,24.35,Regular Customer,Regular Marketing,37.83,52.96,24.35,Loyal Stage
17cdf6816dc474284c1b7a7c2a0bfe9f,0.0,76.95,23.05,Regular Customer,Regular Marketing,38.48,53.87,23.05,Loyal Stage
17ce6eedc5e8ec89bb143e97521b72b5,74.99,76.7,23.3,Regular Customer,Regular Marketing,38.63,53.86,23.3,Loyal Stage
17e2da2b70a6c98e60fe4ae99cdde9ca,49.9,76.35,23.65,Regular Customer,Regular Marketing,38.36,53.56,23.65,Loyal Stage
17e5225da8b67384722afdde9284e7f7,49.49,76.45,23.55,Regular Customer,Regular Marketing,38.41,53.63,23.55,Loyal Stage
17f346648ace67e72c3fa161e69edcf2,259.99,76.61,23.39,VIP Customer,VIP Loyalty Benefits,39.27,54.21,23.39,Loyal Stage
18073c73168b57515a82664fc75581ed,149.5,76.29,23.71,VIP Customer,VIP Loyalty Benefits,38.7,53.74,23.71,Loyal Stage
180ce6c4e74b5e16c027958bf2241881,0.0,76.79,23.21,Regular Customer,Regular Marketing,38.4,53.76,23.21,Loyal Stage
1810e538a85f28a974dca2ad08da3c62,1277.5,77.97,22.03,VIP Customer,VIP Loyalty Benefits,43.74,57.43,22.03,Loyal Stage
181140d7efb649ab366d289513884bdb,0.0,75.34,24.66,Regular Customer,Regular Marketing,37.67,52.74,24.66,Loyal Stage
182053495bc94c2f41090ce8c41be266,169.7,76.35,23.65,VIP Customer,VIP Loyalty Benefits,38.81,53.83,23.65,Loyal Stage
182491a144858edd68163675689069d6,185.0,75.93,24.07,VIP Customer,VIP Loyalty Benefits,38.65,53.56,24.07,Loyal Stage
18310cb961d1f20bbaf428b22dc0e92d,139.0,75.91,24.09,VIP Customer,VIP Loyalty Benefits,38.47,53.45,24.09,Loyal Stage
18360b995b0df86f1cb2b91b8687fbed,48.9,77.12,22.88,Regular Customer,Regular Marketing,38.74,54.09,22.88,Loyal Stage
183694e413cc577ea63e277edb06d393,56.1,75.84,24.16,Regular Customer,Regular Marketing,38.13,53.21,24.16,Loyal Stage
1839f92c34d9c200eccfb1e4202828fa,19.9,76.87,23.13,Regular Customer,Regular Marketing,38.51,53.85,23.13,Loyal Stage
183ae197d39a50d6286b7abeac5f0675,85.0,76.45,23.55,Regular Customer,Regular Marketing,38.54,53.7,23.55,Loyal Stage
183b3b30ae54f3d2aa95dffbafe03a51,168.75,76.73,23.27,VIP Customer,VIP Loyalty Benefits,38.99,54.09,23.27,Loyal Stage
184daad168b4f72322110f787d236f36,0.0,75.76,24.24,Regular Customer,Regular Marketing,37.88,53.03,24.24,Loyal Stage
185cdd4764015289d22da5fb45280116,102.49,76.74,23.26,Regular Customer,Regular Marketing,38.75,53.95,23.26,Loyal Stage
185dee501a0c28b9c799ff72a3e527c7,40.0,76.02,23.98,Regular Customer,Regular Marketing,38.16,53.3,23.98,Loyal Stage
1866e928e2fcaa6ceb5c7cafe4e65c6a,162.9,76.26,23.74,VIP Customer,VIP Loyalty Benefits,38.74,53.75,23.74,Loyal Stage
18721874fc1a8af5a28e2e8525ec39ef,798.0,76.79,23.21,VIP Customer,VIP Loyalty Benefits,41.36,55.53,23.21,Loyal Stage
1872c83694649c6b1d3bc62f8b28e1a3,0.0,75.65,24.35,Regular Customer,Regular Marketing,37.83,52.96,24.35,Loyal Stage
188347c7425484ea7458af502e62ac33,0.0,76.12,23.88,Regular Customer,Regular Marketing,38.06,53.28,23.88,Loyal Stage
1887c42c6365899216d2d380ffb013fc,162.9,76.21,23.79,VIP Customer,VIP Loyalty Benefits,38.71,53.71,23.79,Loyal Stage
188fef954caac5f041726349d2bd8a6e,61.5,76.47,23.53,Regular Customer,Regular Marketing,38.46,53.66,23.53,Loyal Stage
189695385be9c98b90ddc8d84aa7ce36,13.99,76.81,23.19,Regular Customer,Regular Marketing,38.46,53.8,23.19,Loyal Stage
1896efb077779c378d7cc57a290a303d,9.88,75.83,24.17,Regular Customer,Regular Marketing,37.95,53.1,24.17,Loyal Stage
1899d90f4d0689ebf2f45f683c414fda,49.9,75.57,24.43,Regular Customer,Regular Marketing,37.97,53.01,24.43,Loyal Stage
18aa81b516fd270cfdbb7b414773077e,300.0,77.03,22.97,VIP Customer,VIP Loyalty Benefits,39.63,54.59,22.97,Loyal Stage
18ac369326ec0aafe3ae0e397b14102b,874.0,77.52,22.48,VIP Customer,VIP Loyalty Benefits,42.01,56.21,22.48,Loyal Stage
18add9866a5b48978797303297604c43,19.0,77.03,22.97,Regular Customer,Regular Marketing,38.59,53.97,22.97,Loyal Stage
18aefa83b07d1a2361169dfc50da053d,300.0,76.67,23.33,VIP Customer,VIP Loyalty Benefits,39.45,54.34,23.33,Loyal Stage
18c76b8716ed445f9fed650f3bce9e73,120.0,76.25,23.75,Regular Customer,Regular Marketing,38.57,53.64,23.75,Loyal Stage
18d74082ad9d19a77aaa05ebd87efdc9,149.0,76.5,23.5,VIP Customer,VIP Loyalty Benefits,38.8,53.88,23.5,Loyal Stage
18d901bdf0719f2906b712ef0b2e6eea,0.0,75.86,24.14,Regular Customer,Regular Marketing,37.93,53.1,24.14,Loyal Stage
18dcd673fc4409d92b3dbbb72e482316,29.9,76.37,23.63,Regular Customer,Regular Marketing,38.3,53.53,23.63,Loyal Stage
18e6d5256e6af69df772549a8ffa0ac5,21.99,76.1,23.9,Regular Customer,Regular Marketing,38.13,53.32,23.9,Loyal Stage
18f13a4030ea2c8f9faf14771f09d8f6,29.0,75.96,24.04,Regular Customer,Regular Marketing,38.09,53.24,24.04,Loyal Stage
18f17d06cfab0ac657117484cd1f6fd6,0.0,75.86,24.14,Regular Customer,Regular Marketing,37.93,53.1,24.14,Loyal Stage
18f53104747d0a9042e8e1597243a99d,45.0,76.34,23.66,Regular Customer,Regular Marketing,38.34,53.54,23.66,Loyal Stage
18f701ac2eb0d7cb1aa0134d9aeeceda,345.0,76.53,23.47,VIP Customer,VIP Loyalty Benefits,39.55,54.34,23.47,Loyal Stage
19067e6acbb88e562f0f58eca762ac76,119.8,75.52,24.48,Regular Customer,Regular Marketing,38.21,53.13,24.48,Loyal Stage
19155174f7c66d50d2021547e0ce3f55,49.0,76.55,23.45,Regular Customer,Regular Marketing,38.46,53.7,23.45,Loyal Stage
191613585d1a037fdf560067edcd0527,0.0,76.28,23.72,Regular Customer,Regular Marketing,38.14,53.4,23.72,Loyal Stage
19184372884d2304b4ff266b4d6e716c,110.32,77.01,22.99,Regular Customer,Regular Marketing,38.92,54.16,22.99,Loyal Stage
191cbd8c43c59d09299e59f21fbab0cb,59.9,77.04,22.96,Regular Customer,Regular Marketing,38.74,54.06,22.96,Loyal Stage
192c01f38c11a232c09098cf73f10d7d,0.0,75.4,24.6,Regular Customer,Regular Marketing,37.7,52.78,24.6,Loyal Stage
192e466fe57545895c6f3db499e57651,179.9,76.44,23.56,VIP Customer,VIP Loyalty Benefits,38.89,53.91,23.56,Loyal Stage
193298eb249a916be586a514e92c8c73,149.9,76.7,23.3,VIP Customer,VIP Loyalty Benefits,38.91,54.03,23.3,Loyal Stage
19416a0da35288cfce110f84839ff052,398.0,77.12,22.88,VIP Customer,VIP Loyalty Benefits,40.04,54.87,22.88,Loyal Stage
194f1bab01e4e36f4255603e9a427b89,219.9,75.83,24.17,VIP Customer,VIP Loyalty Benefits,38.73,53.57,24.17,Loyal Stage
19502867e25b623b5098a2ea1542b3a8,0.0,76.95,23.05,Regular Customer,Regular Marketing,38.48,53.87,23.05,Loyal Stage
19506c32fa96c6fa4505b4e3ad453b7b,54.8,75.99,24.01,Regular Customer,Regular Marketing,38.2,53.32,24.01,Loyal Stage
19560db94472cdf51948e02929642a0b,47.7,75.41,24.59,Regular Customer,Regular Marketing,37.88,52.89,24.59,Loyal Stage
195abc208e67b0b558e46b5614f385b9,49.9,75.83,24.17,Regular Customer,Regular Marketing,38.1,53.19,24.17,Loyal Stage
196e7fb65889f06c5198f6fcf207e22b,109.9,76.49,23.51,Regular Customer,Regular Marketing,38.65,53.79,23.51,Loyal Stage
1970968ddb1d98f965f367ee7843bcb3,50.19,75.73,24.27,Regular Customer,Regular Marketing,38.05,53.12,24.27,Loyal Stage
198ab1271f3bb949ef63fe8522bb938d,135.0,76.22,23.78,Regular Customer,Regular Marketing,38.61,53.65,23.78,Loyal Stage
198fa73f9282fb46d9b5b5c25394b7e1,43.0,77.06,22.94,Regular Customer,Regular Marketing,38.69,54.04,22.94,Loyal Stage
19a3afe298ff2fea6a4ab598eb8935b8,0.0,76.53,23.47,Regular Customer,Regular Marketing,38.26,53.57,23.47,Loyal Stage
19a4c35463da4ec8db87a8e2222f5911,70.9,76.59,23.41,Regular Customer,Regular Marketing,38.56,53.77,23.41,Loyal Stage
19c476e5937deb6adc3240137af8f786,0.0,76.12,23.88,Regular Customer,Regular Marketing,38.06,53.28,23.88,Loyal Stage
19e12e2ad467f6b5c90944392261cb8f,158.26,77.08,22.92,VIP Customer,VIP Loyalty Benefits,39.13,54.31,22.92,Loyal Stage
19e9c460e75ea7654140c90e06bc9ae8,129.9,76.42,23.58,Regular Customer,Regular Marketing,38.69,53.78,23.58,Loyal Stage
19ec0b29446735170b035f6d2abcd667,86.8,76.97,23.03,Regular Customer,Regular Marketing,38.81,54.07,23.03,Loyal Stage
19f433bebc8caaec7d06d05d170cf314,149.99,76.19,23.81,VIP Customer,VIP Loyalty Benefits,38.65,53.67,23.81,Loyal Stage
19f79a2e7708ffa5d3cc9ca72b416533,69.95,76.53,23.47,Regular Customer,Regular Marketing,38.53,53.73,23.47,Loyal Stage
19fb9d4c1e61c26e2a0b8d80e97b057e,46.9,76.81,23.19,Regular Customer,Regular Marketing,38.58,53.87,23.19,Loyal Stage
19fc7c717e6449cfcae37b1ca03a1b2a,299.9,77.13,22.87,VIP Customer,VIP Loyalty Benefits,39.68,54.66,22.87,Loyal Stage
1a0070e3fe102154e4bb6e463dde5035,48.89,76.35,23.65,Regular Customer,Regular Marketing,38.36,53.56,23.65,Loyal Stage
1a15478ddcc303eacae38ca53659ef2f,118.4,76.24,23.76,Regular Customer,Regular Marketing,38.56,53.63,23.76,Loyal Stage
1a195982d360650b48c729ef241d8150,15.99,75.68,24.32,Regular Customer,Regular Marketing,37.9,53.01,24.32,Loyal Stage
1a1a377f5763ff26f116f954820e1ee1,0.0,76.48,23.52,Regular Customer,Regular Marketing,38.24,53.54,23.52,Loyal Stage
1a27a558aac4c4bfe3642b8c9bffcf4f,457.9,76.7,23.3,VIP Customer,VIP Loyalty Benefits,40.05,54.71,23.3,Loyal Stage
1a2acc314942f27ddcbcd83d86197293,241.6,76.17,23.83,VIP Customer,VIP Loyalty Benefits,38.98,53.86,23.83,Loyal Stage
1a2ede4e787ad199c46719ecb02d81ea,208.24,77.1,22.9,VIP Customer,VIP Loyalty Benefits,39.32,54.43,22.9,Loyal Stage
1a32115fdff184509016b24334cd822b,106.0,76.74,23.26,Regular Customer,Regular Marketing,38.76,53.95,23.26,Loyal Stage
1a334d89e143e6cebb3506ad38ddd0c2,0.0,75.6,24.4,Regular Customer,Regular Marketing,37.8,52.92,24.4,Loyal Stage
1a35f28e0a73098a686e8cfa59cdfb34,169.9,76.58,23.42,VIP Customer,VIP Loyalty Benefits,38.92,53.98,23.42,Loyal Stage
1a391ee8180cea7235bcb454aef7f5ed,38.99,76.39,23.61,Regular Customer,Regular Marketing,38.34,53.56,23.61,Loyal Stage
1a3d7d7bd4aea92843d759141de1dfe1,69.99,76.17,23.83,Regular Customer,Regular Marketing,38.35,53.48,23.83,Loyal Stage
1a3eefe727f7fb12267714f60060fa91,0.0,75.6,24.4,Regular Customer,Regular Marketing,37.8,52.92,24.4,Loyal Stage
1a48fa7d9b21a45add445c6d57420d13,128.0,75.74,24.26,Regular Customer,Regular Marketing,38.35,53.31,24.26,Loyal Stage
1a4e78b4dd5dcf620f9256901eac431f,355.9,77.48,22.52,VIP Customer,VIP Loyalty Benefits,40.06,55.03,22.52,Loyal Stage
1a5f53459ebb9f8a705378dc76f572b3,25.9,75.9,24.1,Regular Customer,Regular Marketing,38.05,53.19,24.1,Loyal Stage
1a685b15bf8795c9fb28bb6c347fe88c,0.0,76.17,23.83,Regular Customer,Regular Marketing,38.08,53.32,23.83,Loyal Stage
1a6c2d0ed3299790cb718bb7981558c7,52.9,76.45,23.55,Regular Customer,Regular Marketing,38.42,53.63,23.55,Loyal Stage
1a76265119d59d42762c37c8cfb675dc,230.0,77.34,22.66,VIP Customer,VIP Loyalty Benefits,39.53,54.65,22.66,Loyal Stage
1a85c26c13723572f916e7326ad16d02,109.9,76.08,23.92,Regular Customer,Regular Marketing,38.45,53.5,23.92,Loyal Stage
1a8e0392b6e9191dfc159e9688fa1a43,128.0,76.72,23.28,Regular Customer,Regular Marketing,38.84,53.99,23.28,Loyal Stage
1abb99e02611f2a9d4540470575ac3b8,14.49,75.52,24.48,Regular Customer,Regular Marketing,37.81,52.89,24.48,Loyal Stage
1ac4011bec2c0d9ce8eceb56bb1142c7,0.0,76.95,23.05,Regular Customer,Regular Marketing,38.48,53.87,23.05,Loyal Stage
1acfddcc366d45e07b84eedc46282cdc,249.0,76.9,23.1,VIP Customer,VIP Loyalty Benefits,39.38,54.39,23.1,Loyal Stage
1ad3add9a8c3adfbaadf8d4d63925a94,64.0,76.78,23.22,Regular Customer,Regular Marketing,38.63,53.89,23.22,Loyal Stage
1adee71d97c04b5a132eb30411732f64,49.9,76.76,23.24,Regular Customer,Regular Marketing,38.57,53.85,23.24,Loyal Stage
1ae2ca057af5e68ed97bae308f089b16,189.0,76.97,23.03,VIP Customer,VIP Loyalty Benefits,39.19,54.3,23.03,Loyal Stage
1af52bf9de2237c7818ae8d24324f5f2,230.0,76.25,23.75,VIP Customer,VIP Loyalty Benefits,38.98,53.89,23.75,Loyal Stage
1af861d447d1ef3b5c7641d0fbe7c761,288.0,76.03,23.97,VIP Customer,VIP Loyalty Benefits,39.09,53.87,23.97,Loyal Stage
1b05903fcaa109be8026cae17a22422f,25.9,75.49,24.51,Regular Customer,Regular Marketing,37.84,52.9,24.51,Loyal Stage
1b153b4606cb6f4a89a5b74db2eceb6c,0.0,75.76,24.24,Regular Customer,Regular Marketing,37.88,53.03,24.24,Loyal Stage
1b18bc689cd5f83c4c9e84c5150a07fe,144.0,77.01,22.99,VIP Customer,VIP Loyalty Benefits,39.04,54.23,22.99,Loyal Stage
1b212e01626154e4d6c51b595c2332e6,89.9,75.63,24.37,Regular Customer,Regular Marketing,38.15,53.14,24.37,Loyal Stage
1b25ea1318d69e729374305c521abdb8,55.0,76.77,23.23,Regular Customer,Regular Marketing,38.59,53.86,23.23,Loyal Stage
1b2ca7e6f04df407b81492b44aef46eb,0.0,77.36,22.64,Regular Customer,Regular Marketing,38.68,54.15,22.64,Loyal Stage
1b2fb6c5b88d8e186f796a1665e10c84,119.8,75.52,24.48,Regular Customer,Regular Marketing,38.21,53.13,24.48,Loyal Stage
1b32a259d74e2cebbcfda6754e39d421,323.97,76.13,23.87,VIP Customer,VIP Loyalty Benefits,39.27,54.01,23.87,Loyal Stage
1b347d3fb70074212eea755ab9adf0df,54.0,76.25,23.75,Regular Customer,Regular Marketing,38.33,53.5,23.75,Loyal Stage
1b365650796860e67994a7f0d14ae89c,42.9,76.65,23.35,Regular Customer,Regular Marketing,38.48,53.75,23.35,Loyal Stage
1b488d6a0c87d33242faf8d9715d4ff4,9.99,76.08,23.92,Regular Customer,Regular Marketing,38.08,53.28,23.92,Loyal Stage
1b49ce51d99880de7810b867c49a2c6e,90.8,76.16,23.84,Regular Customer,Regular Marketing,38.42,53.52,23.84,Loyal Stage
1b4f9a1919551dbf3bb3d0151557ad73,139.98,76.38,23.62,VIP Customer,VIP Loyalty Benefits,38.71,53.78,23.62,Loyal Stage
1b5f9e9a593f59e9b716b6994ab2e197,0.0,76.02,23.98,Regular Customer,Regular Marketing,38.01,53.21,23.98,Loyal Stage
1b681ab145e46464c8bc53ee72c55ee8,250.0,76.54,23.46,VIP Customer,VIP Loyalty Benefits,39.2,54.14,23.46,Loyal Stage
1b6b0794e27afc2a2f56caf7783ac5bb,13.9,75.52,24.48,Regular Customer,Regular Marketing,37.81,52.89,24.48,Loyal Stage
1b6d2664b20a04a1fa9c900aedf29440,268.38,76.26,23.74,VIP Customer,VIP Loyalty Benefits,39.13,53.98,23.74,Loyal Stage
1b6d29725255a77667a8c639eeb4ccc0,50.0,76.71,23.29,Regular Customer,Regular Marketing,38.54,53.81,23.29,Loyal Stage
1b6e96ed99cb8d135efe220d761bbd67,70.69,75.85,24.15,Regular Customer,Regular Marketing,38.19,53.25,24.15,Loyal Stage
1b79a5d60ecce51435ee59276d820340,27.9,75.8,24.2,Regular Customer,Regular Marketing,38.0,53.12,24.2,Loyal Stage
1ba882e77c6f5adbedd98f53307c00f5,19.9,77.18,22.82,Regular Customer,Regular Marketing,38.66,54.07,22.82,Loyal Stage
1bb2295ddfa362eca59fe965283b9a66,122.99,76.51,23.49,Regular Customer,Regular Marketing,38.71,53.83,23.49,Loyal Stage
1bbe92403f551af2702ed4bbd3c60f63,55.49,77.19,22.81,Regular Customer,Regular Marketing,38.8,54.16,22.81,Loyal Stage
1bc973dd0c2d4b8eb3b9c44b42eff102,127.27,76.15,23.85,Regular Customer,Regular Marketing,38.55,53.59,23.85,Loyal Stage
1bd5d0c2a8d4401513a58bb76c10a1d1,28.9,75.75,24.25,Regular Customer,Regular Marketing,37.98,53.09,24.25,Loyal Stage
1bd726b9d6353e79900935bd9f77b727,74.99,76.44,23.56,Regular Customer,Regular Marketing,38.5,53.68,23.56,Loyal Stage
1bd7e8af25eb9272aec7e421a4dac5f2,0.0,76.02,23.98,Regular Customer,Regular Marketing,38.01,53.21,23.98,Loyal Stage
1be4b3e9d2811e17fbced81bbd1dbb50,49.9,76.35,23.65,Regular Customer,Regular Marketing,38.36,53.56,23.65,Loyal Stage
1be76de96145dae16cfbd1dc5cdfae68,66.9,77.1,22.9,Regular Customer,Regular Marketing,38.8,54.12,22.9,Loyal Stage
1bf01d651bed9bce021e42821cf2836b,119.85,76.4,23.6,Regular Customer,Regular Marketing,38.65,53.75,23.6,Loyal Stage
1bffb251ab9271a8f618dc633e766d6b,126.99,76.26,23.74,Regular Customer,Regular Marketing,38.6,53.66,23.74,Loyal Stage
1c085622f3e08953ec41c54723d017c5,199.0,76.78,23.22,VIP Customer,VIP Loyalty Benefits,39.13,54.19,23.22,Loyal Stage
1c12fb820ab4fda07eb3d72f03c5ac3b,249.0,77.63,22.37,VIP Customer,VIP Loyalty Benefits,39.74,54.9,22.37,Loyal Stage
1c17656ec65029ae51ca6c7cb7f8288a,78.5,76.49,23.51,Regular Customer,Regular Marketing,38.54,53.72,23.51,Loyal Stage
1c184c6c4c8c4057eb91e5093cbbdec0,45.0,75.51,24.49,Regular Customer,Regular Marketing,37.92,52.96,24.49,Loyal Stage
1c5b30f7336c8f25b895cdc0b5a942f2,49.9,75.67,24.33,Regular Customer,Regular Marketing,38.02,53.08,24.33,Loyal Stage
1c5dd68f2c1da0fbf935a9c6c810a5ba,0.0,76.95,23.05,Regular Customer,Regular Marketing,38.48,53.87,23.05,Loyal Stage
1c69e121838730cf0680995a1ece611b,119.9,76.55,23.45,Regular Customer,Regular Marketing,38.72,53.85,23.45,Loyal Stage
1c70a019867106ec567056e97be5c22f,54.99,75.94,24.06,Regular Customer,Regular Marketing,38.17,53.28,24.06,Loyal Stage
1c74c4374e229167743e71a8c2235726,122.8,76.3,23.7,Regular Customer,Regular Marketing,38.61,53.69,23.7,Loyal Stage
1c82e048ed0403e0651365bc7fcaa7e7,125.0,76.87,23.13,Regular Customer,Regular Marketing,38.9,54.09,23.13,Loyal Stage
1ca847a7ae5278f0a785fbaf9ed50cfd,0.0,77.05,22.95,Regular Customer,Regular Marketing,38.52,53.93,22.95,Loyal Stage
1caa43df498d168ee748d5d7790775ec,18.9,76.61,23.39,Regular Customer,Regular Marketing,38.38,53.67,23.39,Loyal Stage
1cba1401f3cd5c4b2d15ecb5c391223b,69.9,76.53,23.47,Regular Customer,Regular Marketing,38.53,53.73,23.47,Loyal Stage
1cd60d3658331ad4d42bb8c35ea76c98,79.99,77.12,22.88,Regular Customer,Regular Marketing,38.86,54.16,22.88,Loyal Stage
1ce30ef5d3dd24768f66a2fed83a8763,329.0,75.99,24.01,VIP Customer,VIP Loyalty Benefits,39.22,53.93,24.01,Loyal Stage
1ce4c92ec79612a4da7933e6b3f6c59d,199.0,76.16,23.84,VIP Customer,VIP Loyalty Benefits,38.82,53.76,23.84,Loyal Stage
1d0be6ff723818bb810023b236405017,59.8,75.95,24.05,Regular Customer,Regular Marketing,38.2,53.3,24.05,Loyal Stage
1d18594dcb30012bc307435361aaea4b,0.0,76.48,23.52,Regular Customer,Regular Marketing,38.24,53.54,23.52,Loyal Stage
1d2aa136a8aa54abff6fa6906287e926,49.49,77.43,22.57,Regular Customer,Regular Marketing,38.9,54.31,22.57,Loyal Stage
1d34beeda3b2d9a16c418c0d1419bdea,179.4,76.59,23.41,VIP Customer,VIP Loyalty Benefits,38.96,54.01,23.41,Loyal Stage
1d43feae2a0ae9a54336cfd6d7cfd022,20.0,76.36,23.64,Regular Customer,Regular Marketing,38.25,53.49,23.64,Loyal Stage
1d4c192bada6d060c03cb0464f40c871,74.99,76.13,23.87,Regular Customer,Regular Marketing,38.34,53.46,23.87,Loyal Stage
1d66d18a1e2d00a5bc86d48be7a7a6d8,39.9,77.26,22.74,Regular Customer,Regular Marketing,38.78,54.17,22.74,Loyal Stage
1d6b10164a653cc7b008b27a3d1a6598,0.0,75.4,24.6,Regular Customer,Regular Marketing,37.7,52.78,24.6,Loyal Stage
1d7e8be24bca64576da891970638bfe3,119.85,75.28,24.72,Regular Customer,Regular Marketing,38.09,52.97,24.72,Loyal Stage
1d84ae042ab75a74c83ee89130cd9115,139.9,76.84,23.16,VIP Customer,VIP Loyalty Benefits,38.94,54.1,23.16,Loyal Stage
1d92dda603cb0ab1915644e6142e8289,24.99,76.93,23.07,Regular Customer,Regular Marketing,38.56,53.91,23.07,Loyal Stage
1d94328e99e3a20baebf58fbdf717dea,42.99,76.08,23.92,Regular Customer,Regular Marketing,38.2,53.35,23.92,Loyal Stage
1da711f9e39c5e80c145a5285cb4acdf,19.9,76.36,23.64,Regular Customer,Regular Marketing,38.25,53.49,23.64,Loyal Stage
1dafa806240ea5b3e51122493796dd4c,0.0,77.15,22.85,Regular Customer,Regular Marketing,38.58,54.01,22.85,Loyal Stage
1db732151d934ac1075ad87efd82a697,100.0,76.22,23.78,Regular Customer,Regular Marketing,38.48,53.58,23.78,Loyal Stage
1dbf8e84f39c0414260c3cbd2c182dfa,0.0,76.02,23.98,Regular Customer,Regular Marketing,38.01,53.21,23.98,Loyal Stage
1dc10db37be09f940b982da2975f2007,0.0,75.5,24.5,Regular Customer,Regular Marketing,37.75,52.85,24.5,Loyal Stage
1dc294a89ee8ad59868a1954e1c93ab1,89.97,75.9,24.1,Regular Customer,Regular Marketing,38.28,53.33,24.1,Loyal Stage
1dd189ae626c773c96b30ddcc49a9cbd,39.99,76.85,23.15,Regular Customer,Regular Marketing,38.57,53.88,23.15,Loyal Stage
1de5850ca9f40f0dd5a13262b56223aa,0.0,76.02,23.98,Regular Customer,Regular Marketing,38.01,53.21,23.98,Loyal Stage
1dec77470a00863ec42e1167b3268f08,63.0,77.04,22.96,Regular Customer,Regular Marketing,38.75,54.07,22.96,Loyal Stage
1df15fd7f97823fb37e2f04913d91343,61.4,76.32,23.68,Regular Customer,Regular Marketing,38.39,53.56,23.68,Loyal Stage
1e007f34a068548c0f0a411e301fa115,29.97,76.63,23.37,Regular Customer,Regular Marketing,38.43,53.71,23.37,Loyal Stage
1e247c81fc2d6e54fddb0c5b1232bbf7,50.3,77.33,22.67,Regular Customer,Regular Marketing,38.85,54.24,22.67,Loyal Stage
1e2c7891e273489845ebabe0310029c3,199.8,75.95,24.05,VIP Customer,VIP Loyalty Benefits,38.72,53.61,24.05,Loyal Stage
1e2ce8e4f49582730eb003ac5f1712d0,0.0,75.34,24.66,Regular Customer,Regular Marketing,37.67,52.74,24.66,Loyal Stage
1e2ffe198fd3615aa1e280a9543a40f3,0.0,75.96,24.04,Regular Customer,Regular Marketing,37.98,53.17,24.04,Loyal Stage
1e47cb6d051c1b0782049444fd0c9834,144.99,75.92,24.08,VIP Customer,VIP Loyalty Benefits,38.5,53.47,24.08,Loyal Stage
1e61bb90b840b1575ae73d90c72eda3e,69.9,75.86,24.14,Regular Customer,Regular Marketing,38.19,53.26,24.14,Loyal Stage
1e81e9225f5ee14fe675197a5ee8b337,56.1,76.67,23.33,Regular Customer,Regular Marketing,38.54,53.79,23.33,Loyal Stage
1e887ea4fea3832176079f70db143f08,585.0,78.02,21.98,VIP Customer,VIP Loyalty Benefits,41.19,55.92,21.98,Loyal Stage
1e8a5806ca2c2ea36811c73ba6acc6f9,79.0,76.7,23.3,Regular Customer,Regular Marketing,38.64,53.86,23.3,Loyal Stage
1e9d50e8cc7efe73697d7f8a5029f806,0.0,76.58,23.42,Regular Customer,Regular Marketing,38.29,53.61,23.42,Loyal Stage
1e9fa0158ae3b204846d94031fea875f,29.45,77.04,22.96,Regular Customer,Regular Marketing,38.63,53.99,22.96,Loyal Stage
1e9fcfb163cbbb23c71dabbd9167f73d,75.0,76.8,23.2,Regular Customer,Regular Marketing,38.68,53.93,23.2,Loyal Stage
1ea707801f2dd940c8c60d0f7046c765,59.9,76.05,23.95,Regular Customer,Regular Marketing,38.25,53.37,23.95,Loyal Stage
1eab1aa8050d859f30b03df0f9b01f9a,99.0,76.94,23.06,Regular Customer,Regular Marketing,38.84,54.08,23.06,Loyal Stage
1ec10ef3846663625725d95e43231203,69.99,75.65,24.35,Regular Customer,Regular Marketing,38.09,53.11,24.35,Loyal Stage
1ec1e474012a40f81dc40c69014fb4ea,47.3,76.65,23.35,Regular Customer,Regular Marketing,38.5,53.76,23.35,Loyal Stage
1ecd872d7c87a92bccd42e450cc58031,47.55,76.76,23.24,Regular Customer,Regular Marketing,38.56,53.84,23.24,Loyal Stage
1ecf79b2f5ad7e9afa392af18dc22ae6,138.0,75.55,24.45,Regular Customer,Regular Marketing,38.29,53.19,24.45,Loyal Stage
1ed627696a9557c23de62bcecdfa54c8,0.0,76.43,23.57,Regular Customer,Regular Marketing,38.22,53.5,23.57,Loyal Stage
1ee115cb16d5bae5f1fa699870281e70,89.9,77.03,22.97,Regular Customer,Regular Marketing,38.85,54.12,22.97,Loyal Stage
1f0398124d2afeaa8ed34e3be1eddffc,39.9,76.28,23.72,Regular Customer,Regular Marketing,38.29,53.49,23.72,Loyal Stage
1f0b3099c60783f6939ff11c74ad2b33,35.9,76.28,23.72,Regular Customer,Regular Marketing,38.27,53.47,23.72,Loyal Stage
1f13a9716fb2039f8df0a0dfd8bac2f8,105.0,76.95,23.05,Regular Customer,Regular Marketing,38.87,54.1,23.05,Loyal Stage
1f16347ffdba1e1e559fcbf1498b305d,56.1,75.94,24.06,Regular Customer,Regular Marketing,38.18,53.28,24.06,Loyal Stage
1f1fc48daa24df1935daa7127dae2cd8,52.0,75.42,24.58,Regular Customer,Regular Marketing,37.9,52.91,24.58,Loyal Stage
1f20df13b6bf8133c4b522afaa65f0f8,0.0,76.64,23.36,Regular Customer,Regular Marketing,38.32,53.65,23.36,Loyal Stage
1f22ecb07d25446bf52c51afa93cfa3b,0.0,76.58,23.42,Regular Customer,Regular Marketing,38.29,53.61,23.42,Loyal Stage
1f2c9b0a8a2102d040a1d456d9a08cbd,23.9,75.95,24.05,Regular Customer,Regular Marketing,38.06,53.22,24.05,Loyal Stage
1f384d009ea1f061ecdf85fe6838173a,0.0,76.12,23.88,Regular Customer,Regular Marketing,38.06,53.28,23.88,Loyal Stage
1f3bbb22d9ae7c8c560c0fe6bf56ab04,23.73,76.57,23.43,Regular Customer,Regular Marketing,38.37,53.65,23.43,Loyal Stage
1f3f63978e635987c3063bd1005037f9,220.0,77.48,22.52,VIP Customer,VIP Loyalty Benefits,39.56,54.73,22.52,Loyal Stage
1f44054faaecb5ba43ca49625fb81767,24.8,75.38,24.62,Regular Customer,Regular Marketing,37.78,52.82,24.62,Loyal Stage
1f536df9b5c0b4aa6a19fedefdae3ef2,148.0,76.8,23.2,VIP Customer,VIP Loyalty Benefits,38.95,54.09,23.2,Loyal Stage
1f53a28536539df3fecec45ae1e212e8,357.13,76.03,23.97,VIP Customer,VIP Loyalty Benefits,39.34,54.02,23.97,Loyal Stage
1f53b88248f7dd4c47d69eaeb0da3d88,149.65,75.57,24.43,VIP Customer,VIP Loyalty Benefits,38.34,53.23,24.43,Loyal Stage
1f5432901a51397060ee6a5578b3fb02,170.0,76.58,23.42,VIP Customer,VIP Loyalty Benefits,38.92,53.98,23.42,Loyal Stage
1f7e66899db77ffcb466b245bd594df8,49.0,75.72,24.28,Regular Customer,Regular Marketing,38.04,53.11,24.28,Loyal Stage
1f8b38300bb7bf1d1e94ce980a02b550,0.0,75.86,24.14,Regular Customer,Regular Marketing,37.93,53.1,24.14,Loyal Stage
1f952929ae8c3ee57644aaa153eb737c,49.9,75.62,24.38,Regular Customer,Regular Marketing,38.0,53.05,24.38,Loyal Stage
1f977702abec9b27c57c36d3bd862f6f,118.8,75.93,24.07,Regular Customer,Regular Marketing,38.41,53.42,24.07,Loyal Stage
1fa677123baa5518ae63c12d3f5c850f,0.0,75.81,24.19,Regular Customer,Regular Marketing,37.9,53.06,24.19,Loyal Stage
1fc15ac51becba15ac7765025b7cf9bb,76.0,75.97,24.03,Regular Customer,Regular Marketing,38.27,53.35,24.03,Loyal Stage
1fc8630d25cd738b571a0acc08c2eff7,204.75,75.65,24.35,VIP Customer,VIP Loyalty Benefits,38.59,53.41,24.35,Loyal Stage
1fca9e6bc55b17b765c10d62eff1bee7,19.95,76.47,23.53,Regular Customer,Regular Marketing,38.31,53.57,23.53,Loyal Stage
1fcc793560d2d5f8b2ecf1229b215305,49.9,76.66,23.34,Regular Customer,Regular Marketing,38.52,53.78,23.34,Loyal Stage
1ffb46d9942b49f06558eedc2be2ac29,83.81,76.86,23.14,Regular Customer,Regular Marketing,38.74,53.99,23.14,Loyal Stage
20185c8c9a8735753b2cb000d6024c14,134.9,76.53,23.47,Regular Customer,Regular Marketing,38.77,53.87,23.47,Loyal Stage
201c72d7a094d84c55f00c6cd0a5223e,79.0,75.62,24.38,Regular Customer,Regular Marketing,38.1,53.11,24.38,Loyal Stage
202b08b868653c0c5302dae190ac7e74,0.0,77.2,22.8,Regular Customer,Regular Marketing,38.6,54.04,22.8,Loyal Stage
204afc6af4c6ee8b7979907edde57ce7,25.99,75.43,24.57,Regular Customer,Regular Marketing,37.81,52.86,24.57,Loyal Stage
204cba313368c5a47c2fc7856eb8a499,170.0,76.37,23.63,VIP Customer,VIP Loyalty Benefits,38.82,53.84,23.63,Loyal Stage
206d34806d7b78f5ec90993d79cf57bf,49.9,76.35,23.65,Regular Customer,Regular Marketing,38.36,53.56,23.65,Loyal Stage
20738507f8a57dbde7be8f66ce61a1b5,299.0,75.79,24.21,VIP Customer,VIP Loyalty Benefits,39.01,53.72,24.21,Loyal Stage
207ba0e71c642b6eda7d0f4d41673751,0.0,76.28,23.72,Regular Customer,Regular Marketing,38.14,53.4,23.72,Loyal Stage
20802dd4d187913c6d5b2b8f605bb817,69.9,76.12,23.88,Regular Customer,Regular Marketing,38.32,53.44,23.88,Loyal Stage
208c7030afb3a54227fc04cc4349f568,219.9,75.98,24.02,VIP Customer,VIP Loyalty Benefits,38.81,53.68,24.02,Loyal Stage
208fe9aa6033a77419f8f503b7698e03,88.99,76.41,23.59,Regular Customer,Regular Marketing,38.54,53.69,23.59,Loyal Stage
2097af5d28bb3ea0a2003ac1c4d53b7d,116.85,75.67,24.33,Regular Customer,Regular Marketing,38.27,53.23,24.33,Loyal Stage
2098c28fe80f222ed41eaa2171be6f01,21.99,75.43,24.57,Regular Customer,Regular Marketing,37.8,52.85,24.57,Loyal Stage
20b05bc4bf55c5a39c092c9ae790d330,0.0,76.02,23.98,Regular Customer,Regular Marketing,38.01,53.21,23.98,Loyal Stage
20bb1d9431264f331e47b2da94991eaf,199.9,76.78,23.22,VIP Customer,VIP Loyalty Benefits,39.13,54.19,23.22,Loyal Stage
20c83e8a5bf555973c157804dd0de4b7,0.0,76.38,23.62,Regular Customer,Regular Marketing,38.19,53.47,23.62,Loyal Stage
20db8475a0682feceb84c00059eb55ac,99.9,75.54,24.46,Regular Customer,Regular Marketing,38.14,53.1,24.46,Loyal Stage
20f63f201e5243070adec9b519194085,0.0,76.22,23.78,Regular Customer,Regular Marketing,38.11,53.35,23.78,Loyal Stage
210389466c22efb9d46bb767bbf205eb,24.99,76.31,23.69,Regular Customer,Regular Marketing,38.25,53.47,23.69,Loyal Stage
210e71925511890787a1bbf415645f1b,77.9,75.46,24.54,Regular Customer,Regular Marketing,38.02,53.0,24.54,Loyal Stage
2119a2791dbe7153654dced771ce25e7,239.9,76.9,23.1,VIP Customer,VIP Loyalty Benefits,39.34,54.36,23.1,Loyal Stage
211d4cb1670eb582754334d7f7d84c13,16.9,77.03,22.97,Regular Customer,Regular Marketing,38.58,53.96,22.97,Loyal Stage
212b0fc38e1732b0473ff67039c308f6,259.99,77.18,22.82,VIP Customer,VIP Loyalty Benefits,39.56,54.61,22.82,Loyal Stage
212b273eed006f96498ccd8e91427e42,64.42,76.89,23.11,Regular Customer,Regular Marketing,38.68,53.96,23.11,Loyal Stage
213dc56df4763e3150c5972390f9b2e4,0.0,77.05,22.95,Regular Customer,Regular Marketing,38.52,53.93,22.95,Loyal Stage
2146a17bed7c5350d6a38bd6a5632920,0.0,76.79,23.21,Regular Customer,Regular Marketing,38.4,53.76,23.21,Loyal Stage
214fec674c7caf26dd0ba53a34541ffc,89.9,75.48,24.52,Regular Customer,Regular Marketing,38.07,53.03,24.52,Loyal Stage
2151650ef25043d6c9631829e8a634db,22.5,76.0,24.0,Regular Customer,Regular Marketing,38.08,53.25,24.0,Loyal Stage
21559d7ff0ebff720e5e160184338fed,0.0,75.34,24.66,Regular Customer,Regular Marketing,37.67,52.74,24.66,Loyal Stage
2157586e083812fbdd11c89877b7c37d,44.9,77.27,22.73,Regular Customer,Regular Marketing,38.8,54.19,22.73,Loyal Stage
215a9975430b79bfc8e836ca2dcffb92,0.0,75.7,24.3,Regular Customer,Regular Marketing,37.85,52.99,24.3,Loyal Stage
215c346bf0164978a8725f01f7715ab4,238.0,77.46,22.54,VIP Customer,VIP Loyalty Benefits,39.62,54.76,22.54,Loyal Stage
215ea7f5a1601fcf949dfe01cfd0f3a0,27.9,75.95,24.05,Regular Customer,Regular Marketing,38.08,53.23,24.05,Loyal Stage
216488bb7fe19d4c1044ac25d62eee53,49.9,76.04,23.96,Regular Customer,Regular Marketing,38.21,53.34,23.96,Loyal Stage
216ab90e27f18940cfac8f9f02fb4239,259.8,74.43,25.57,VIP Customer,VIP Loyalty Benefits,38.18,52.68,25.57,Loyal Stage
216b36ee50ce6c169df00611adfde0f4,69.9,76.64,23.36,Regular Customer,Regular Marketing,38.58,53.8,23.36,Loyal Stage
2197ff2cef41c0d4f19739aabc1a8b4c,76.95,76.13,23.87,Regular Customer,Regular Marketing,38.35,53.46,23.87,Loyal Stage
219dbe91a40560b6acf7df58ad0d029b,39.0,76.9,23.1,Regular Customer,Regular Marketing,38.6,53.92,23.1,Loyal Stage
21a4118d0a32f8c94bf3bb113644abc6,0.0,76.79,23.21,Regular Customer,Regular Marketing,38.4,53.76,23.21,Loyal Stage
21b123b5213f8b5019ea3a6d050e5e76,109.7,76.39,23.61,Regular Customer,Regular Marketing,38.6,53.72,23.61,Loyal Stage
21c746e9ba5ae5956248b2db75515483,51.9,77.39,22.61,Regular Customer,Regular Marketing,38.89,54.29,22.61,Loyal Stage
21ca0625d6f2e5f1560bb614095a4cae,0.0,75.86,24.14,Regular Customer,Regular Marketing,37.93,53.1,24.14,Loyal Stage
21cbe31f69e09f090416af81ccf535aa,179.9,76.02,23.98,VIP Customer,VIP Loyalty Benefits,38.68,53.62,23.98,Loyal Stage
21db33ae4e53cdd22632abd4592f863c,129.9,76.57,23.43,Regular Customer,Regular Marketing,38.77,53.89,23.43,Loyal Stage
21dbe8eabd00b34492a939c540e2b1a7,0.0,77.41,22.59,Regular Customer,Regular Marketing,38.7,54.18,22.59,Loyal Stage
21dc969f69627eb5ebb1de66c5b974ab,166.94,75.64,24.36,VIP Customer,VIP Loyalty Benefits,38.44,53.32,24.36,Loyal Stage
21e61aad3bba3bfa836a0f17d0fca14e,49.9,76.76,23.24,Regular Customer,Regular Marketing,38.57,53.85,23.24,Loyal Stage
21ecf7a5d273f14a1a691b040bd4f0ab,134.9,76.27,23.73,Regular Customer,Regular Marketing,38.64,53.69,23.73,Loyal Stage
220b6837da42337a632eaac808f41a49,118.13,75.72,24.28,Regular Customer,Regular Marketing,38.3,53.27,24.28,Loyal Stage
220c4476ff2c7c9553c9953059d0f9ae,32.99,76.38,23.62,Regular Customer,Regular Marketing,38.31,53.54,23.62,Loyal Stage
221d59abddcd719f3ec72c50078b9e31,56.1,75.68,24.32,Regular Customer,Regular Marketing,38.05,53.1,24.32,Loyal Stage
2230bb50ba0ac32729912dcbf433dfd5,45.0,76.13,23.87,Regular Customer,Regular Marketing,38.23,53.39,23.87,Loyal Stage
223695e4bcc4f7b660ae257524363af2,21.99,77.34,22.66,Regular Customer,Regular Marketing,38.75,54.19,22.66,Loyal Stage
223c97ccbce9be6184d48379f0362e48,79.9,76.7,23.3,Regular Customer,Regular Marketing,38.65,53.87,23.3,Loyal Stage
224c7f76cc5ca78ea71fd3c8574e16e5,45.97,76.03,23.97,Regular Customer,Regular Marketing,38.19,53.33,23.97,Loyal Stage
224f7dc1344ecd979b9c354e2be92b15,74.0,76.69,23.31,Regular Customer,Regular Marketing,38.62,53.85,23.31,Loyal Stage
224fec58b2ae81595fd9dfe2a09253e4,149.65,76.24,23.76,VIP Customer,VIP Loyalty Benefits,38.68,53.7,23.76,Loyal Stage
2251d23822d93aad6a428c68dd285f8e,171.9,75.76,24.24,VIP Customer,VIP Loyalty Benefits,38.52,53.42,24.24,Loyal Stage
2275e8c3a55ae493da404450189633e8,0.0,76.02,23.98,Regular Customer,Regular Marketing,38.01,53.21,23.98,Loyal Stage
2279cf489dcf3b1d919069199fd70387,116.9,76.19,23.81,Regular Customer,Regular Marketing,38.53,53.59,23.81,Loyal Stage
227dee340139e8c2f57bf05bcb1246f8,369.9,77.39,22.61,VIP Customer,VIP Loyalty Benefits,40.07,55.0,22.61,Loyal Stage
228730f0174f0b7f8e7b4500b0472d05,0.0,75.96,24.04,Regular Customer,Regular Marketing,37.98,53.17,24.04,Loyal Stage
22922c14a63a020f04ee428cf5f2e995,226.0,76.87,23.13,VIP Customer,VIP Loyalty Benefits,39.28,54.32,23.13,Loyal Stage
22a07b6d7ab3667efbe93ad136c0f100,0.0,76.17,23.83,Regular Customer,Regular Marketing,38.08,53.32,23.83,Loyal Stage
22aa818d91760f0e8ef6515d8b6af549,166.9,76.78,23.22,VIP Customer,VIP Loyalty Benefits,39.01,54.12,23.22,Loyal Stage
22ac8971f405f9520b3e7cf37e042ee7,153.7,76.81,23.19,VIP Customer,VIP Loyalty Benefits,38.98,54.11,23.19,Loyal Stage
22b64b2593e49bec4155fa8b853c52a0,48.9,77.02,22.98,Regular Customer,Regular Marketing,38.69,54.02,22.98,Loyal Stage
22c2155762f4b698b0d96fe900863bdb,45.0,75.61,24.39,Regular Customer,Regular Marketing,37.97,53.03,24.39,Loyal Stage
22d3cfebd5ec975761dbc407b82ec0b0,199.0,77.04,22.96,VIP Customer,VIP Loyalty Benefits,39.26,54.37,22.96,Loyal Stage
22d55b80911feb50b4972eb10edce653,48.9,76.3,23.7,Regular Customer,Regular Marketing,38.33,53.52,23.7,Loyal Stage
22e2a6909c8debb64e8560df49a25260,0.0,75.45,24.55,Regular Customer,Regular Marketing,37.72,52.81,24.55,Loyal Stage
22e8b5bc5e81dfa4a832da8f0b1452da,104.0,77.31,22.69,Regular Customer,Regular Marketing,39.04,54.35,22.69,Loyal Stage
22f40e2ad166e2b438ed6b61c9bd6cc3,414.62,77.15,22.85,VIP Customer,VIP Loyalty Benefits,40.12,54.93,22.85,Loyal Stage
22fc43805362081852900eab46ec116b,134.9,76.58,23.42,Regular Customer,Regular Marketing,38.79,53.91,23.42,Loyal Stage
230061b6b7d06e99964e3d22c92ae0ad,69.99,76.07,23.93,Regular Customer,Regular Marketing,38.3,53.41,23.93,Loyal Stage
230a1e9f42924d41f37fd22a1d4a9707,0.0,77.83,22.17,Regular Customer,Regular Marketing,38.92,54.48,22.17,Loyal Stage
2329e176e6fa26919d55839e0421906f,184.0,75.93,24.07,VIP Customer,VIP Loyalty Benefits,38.65,53.56,24.07,Loyal Stage
23371fcb2f92f745b6657e4a27e34740,74.99,76.02,23.98,Regular Customer,Regular Marketing,38.29,53.38,23.98,Loyal Stage
23381fd98cf504b5218cf319d4f5bdb1,27.64,76.11,23.89,Regular Customer,Regular Marketing,38.16,53.34,23.89,Loyal Stage
233918b333b963b55f6cc62e0f5e146b,19.9,77.18,22.82,Regular Customer,Regular Marketing,38.66,54.07,22.82,Loyal Stage
2347396f327733dde34b1f0ba356c3fa,249.99,76.75,23.25,VIP Customer,VIP Loyalty Benefits,39.31,54.29,23.25,Loyal Stage
2348acb8486ed639e2a7e9e2aa198d45,226.2,76.61,23.39,VIP Customer,VIP Loyalty Benefits,39.15,54.13,23.39,Loyal Stage
234cc5348b41521d7d7aeafb5111f0a7,0.0,76.9,23.1,Regular Customer,Regular Marketing,38.45,53.83,23.1,Loyal Stage
235779957c2021aca8a67006d358b807,43.0,75.41,24.59,Regular Customer,Regular Marketing,37.86,52.88,24.59,Loyal Stage
235e44672edfd9e6c77f2c69f4bb8427,59.99,76.62,23.38,Regular Customer,Regular Marketing,38.53,53.77,23.38,Loyal Stage
236230fc929fc51e8c2b6e699cd31ed2,28.99,77.04,22.96,Regular Customer,Regular Marketing,38.63,53.99,22.96,Loyal Stage
2362e48b42786303ad71363c2af5d58d,178.0,76.64,23.36,VIP Customer,VIP Loyalty Benefits,38.98,54.04,23.36,Loyal Stage
23644744634b2b439efef13456885ce0,69.9,76.9,23.1,Regular Customer,Regular Marketing,38.71,53.99,23.1,Loyal Stage
236f1336a16f73113828df1b645db6b5,259.0,76.66,23.34,VIP Customer,VIP Loyalty Benefits,39.29,54.24,23.34,Loyal Stage
238078f2d4bb00e77bec9b68f980d5ee,8.9,76.44,23.56,Regular Customer,Regular Marketing,38.25,53.53,23.56,Loyal Stage
2394cb19e85fbde68fca1939414879fa,91.55,75.48,24.52,Regular Customer,Regular Marketing,38.08,53.04,24.52,Loyal Stage
239e7d1ca02870766feb3de2c277132e,119.0,76.51,23.49,Regular Customer,Regular Marketing,38.7,53.82,23.49,Loyal Stage
23a37f309015b9c6d25358158567209b,0.0,75.86,24.14,Regular Customer,Regular Marketing,37.93,53.1,24.14,Loyal Stage
23b833537a1b57f8e1233d20320885cf,8.5,77.01,22.99,Regular Customer,Regular Marketing,38.54,53.93,22.99,Loyal Stage
23be4b5b1e9add3f80da9607e9de5775,59.9,76.52,23.48,Regular Customer,Regular Marketing,38.48,53.7,23.48,Loyal Stage
23c033f6c75a249727d9fdd366352b97,170.0,76.53,23.47,VIP Customer,VIP Loyalty Benefits,38.9,53.95,23.47,Loyal Stage
23c5c015ea7389e4b8b88ac37c5d3a88,162.5,75.89,24.11,VIP Customer,VIP Loyalty Benefits,38.55,53.49,24.11,Loyal Stage
23c77f83f3c1b81420911c38579b8766,149.0,75.72,24.28,VIP Customer,VIP Loyalty Benefits,38.41,53.33,24.28,Loyal Stage
23d119699ad2ed4740e0b2049b9ef532,69.9,76.69,23.31,Regular Customer,Regular Marketing,38.61,53.84,23.31,Loyal Stage
23d4170a35eee4611945183a4ae92a50,113.1,76.44,23.56,Regular Customer,Regular Marketing,38.64,53.76,23.56,Loyal Stage
23e6a9d387ba03e2099233222d7635cf,169.0,77.61,22.39,VIP Customer,VIP Loyalty Benefits,39.43,54.7,22.39,Loyal Stage
23f6a86c22a4bd4dc19cebe5f4125767,150.0,76.19,23.81,VIP Customer,VIP Loyalty Benefits,38.65,53.67,23.81,Loyal Stage
240376bd4c65d3e2ad7c6c9256d5cdec,122.99,77.03,22.97,Regular Customer,Regular Marketing,38.97,54.19,22.97,Loyal Stage
240b137f917ddd1d7f2b05cc4a766401,369.0,76.72,23.28,VIP Customer,VIP Loyalty Benefits,39.73,54.53,23.28,Loyal Stage
240f980f7c03e873c538e86792646919,514.0,76.89,23.11,VIP Customer,VIP Loyalty Benefits,40.36,54.97,23.11,Loyal Stage
241eec1d7a6ede773f38253ed84d6e88,0.0,76.02,23.98,Regular Customer,Regular Marketing,38.01,53.21,23.98,Loyal Stage
243688855565ef019c3621e9147346bd,0.0,76.64,23.36,Regular Customer,Regular Marketing,38.32,53.65,23.36,Loyal Stage
245c870b2ffc61c7cbf173b9b1667dcd,180.0,76.39,23.61,VIP Customer,VIP Loyalty Benefits,38.86,53.87,23.61,Loyal Stage
24608d721db0752f56074485d847f79d,0.0,76.38,23.62,Regular Customer,Regular Marketing,38.19,53.47,23.62,Loyal Stage
2472afd0e8eb035583a1aae9f577b5bd,65.0,76.16,23.84,Regular Customer,Regular Marketing,38.32,53.46,23.84,Loyal Stage
247e5800f22950ce58eb2b9bf273a205,59.0,76.83,23.17,Regular Customer,Regular Marketing,38.63,53.91,23.17,Loyal Stage
248b7cede37b4c9d2800654c5c022a71,339.9,75.85,24.15,VIP Customer,VIP Loyalty Benefits,39.19,53.85,24.15,Loyal Stage
248bf919367fa1e37a5af84d254e9adb,99.9,76.42,23.58,Regular Customer,Regular Marketing,38.58,53.72,23.58,Loyal Stage
249edbea73721545a4705796bb38f128,19.99,76.05,23.95,Regular Customer,Regular Marketing,38.1,53.28,23.95,Loyal Stage
24a0683609e642fe0d86e5e2c97712f5,102.9,76.58,23.42,Regular Customer,Regular Marketing,38.67,53.83,23.42,Loyal Stage
24a2aa45549d34a910425326c6e54e60,0.0,76.64,23.36,Regular Customer,Regular Marketing,38.32,53.65,23.36,Loyal Stage
24a305ebd4a90674972ca0db342eccd7,107.0,76.8,23.2,Regular Customer,Regular Marketing,38.8,54.0,23.2,Loyal Stage
24a438c52577c3c30ba86532b4166ff8,599.99,77.89,22.11,VIP Customer,VIP Loyalty Benefits,41.18,55.86,22.11,Loyal Stage
24cd37bf2e8fad096bc0b807541311db,77.58,76.8,23.2,Regular Customer,Regular Marketing,38.69,53.93,23.2,Loyal Stage
24cfe0332d62ad579e22b4f248948a4b,209.99,75.96,24.04,VIP Customer,VIP Loyalty Benefits,38.76,53.64,24.04,Loyal Stage
24ef20f64a513f7b0b0767fccb5a0ada,0.0,76.02,23.98,Regular Customer,Regular Marketing,38.01,53.21,23.98,Loyal Stage
24f13d2bd814db614014ddaeeaad604d,36.98,76.38,23.62,Regular Customer,Regular Marketing,38.33,53.55,23.62,Loyal Stage
24f1a2cd59b1e75983ac5393d6010e38,105.0,76.58,23.42,Regular Customer,Regular Marketing,38.68,53.84,23.42,Loyal Stage
24f8fb3587b82676b7354df6a625de72,99.8,75.85,24.15,Regular Customer,Regular Marketing,38.3,53.32,24.15,Loyal Stage
24fd9cec951c076195ca963c419f0d08,20.0,77.34,22.66,Regular Customer,Regular Marketing,38.74,54.18,22.66,Loyal Stage
24ffbb655914998319377df431e3c47a,56.9,77.08,22.92,Regular Customer,Regular Marketing,38.75,54.08,22.92,Loyal Stage
2503bd9d9031e8c9297d1b43d0c1711a,49.0,76.04,23.96,Regular Customer,Regular Marketing,38.2,53.34,23.96,Loyal Stage
2514de05d7364db53325196cd9e1b2ab,0.0,75.45,24.55,Regular Customer,Regular Marketing,37.72,52.81,24.55,Loyal Stage
251b32bc8e6d7b165e8eaa30349680b1,15.99,76.71,23.29,Regular Customer,Regular Marketing,38.41,53.73,23.29,Loyal Stage
25238cf185493ea8e19a5733165a0f56,74.99,76.8,23.2,Regular Customer,Regular Marketing,38.68,53.93,23.2,Loyal Stage
25314849bf706df0e00da89ccff9bdc3,26.9,75.49,24.51,Regular Customer,Regular Marketing,37.85,52.91,24.51,Loyal Stage
25354a204038f00da4dfd958be91fcf4,234.5,76.93,23.07,VIP Customer,VIP Loyalty Benefits,39.34,54.38,23.07,Loyal Stage
253fee70f4263eb24f8cf47129b6ef39,66.99,76.48,23.52,Regular Customer,Regular Marketing,38.49,53.69,23.52,Loyal Stage
254051b32617c41ec4f5120de0af0217,78.9,75.82,24.18,Regular Customer,Regular Marketing,38.2,53.25,24.18,Loyal Stage
25490880dbde23ebe2cab247196b958b,0.0,77.05,22.95,Regular Customer,Regular Marketing,38.52,53.93,22.95,Loyal Stage
255e8fb13698098da785abb2e130732b,74.9,75.71,24.29,Regular Customer,Regular Marketing,38.13,53.16,24.29,Loyal Stage
255eddaa20c9ceaa373bc884a216c969,125.6,76.2,23.8,Regular Customer,Regular Marketing,38.57,53.62,23.8,Loyal Stage
25775ec7ac8aff278f093e8614bb3331,139.0,77.05,22.95,VIP Customer,VIP Loyalty Benefits,39.04,54.24,22.95,Loyal Stage
257f96feeb4ad8cbf75ae0207f1c9fbb,126.49,77.03,22.97,Regular Customer,Regular Marketing,38.99,54.21,22.97,Loyal Stage
2580a5868f26b306e707058cf9cb2761,69.5,76.07,23.93,Regular Customer,Regular Marketing,38.29,53.4,23.93,Loyal Stage
2587f2fbf466ff9e409952f2feba0005,59.99,77.09,22.91,Regular Customer,Regular Marketing,38.77,54.1,22.91,Loyal Stage
25a6ca0750dc1858bb68ef7915788846,96.0,75.95,24.05,Regular Customer,Regular Marketing,38.33,53.38,24.05,Loyal Stage
25a9d6db808f7c55cdd544ef254b1f2d,876.0,76.8,23.2,VIP Customer,VIP Loyalty Benefits,41.66,55.72,23.2,Loyal Stage
25bddbfb5b46c81561813f2615b6daf7,14.0,76.04,23.96,Regular Customer,Regular Marketing,38.07,53.26,23.96,Loyal Stage
25c092bd41435b85c8654522e96b5d33,95.0,75.85,24.15,Regular Customer,Regular Marketing,38.28,53.31,24.15,Loyal Stage
25c8b790b3dfcacce54015fd1076f284,0.0,75.91,24.09,Regular Customer,Regular Marketing,37.96,53.14,24.09,Loyal Stage
25cc177af76414e81821879fc131bfd0,29.99,76.27,23.73,Regular Customer,Regular Marketing,38.25,53.46,23.73,Loyal Stage
25d2851d2a412e0dae38b1b720ff9f5b,107.53,76.49,23.51,Regular Customer,Regular Marketing,38.65,53.79,23.51,Loyal Stage
25dd38daca4038b1743a592e8c7391c5,79.9,75.51,24.49,Regular Customer,Regular Marketing,38.05,53.03,24.49,Loyal Stage
25e028fa8de01a4043fe40595f9edcff,0.0,76.95,23.05,Regular Customer,Regular Marketing,38.48,53.87,23.05,Loyal Stage
25e1b5240ae610b163924a49e7e85bc6,19.83,76.36,23.64,Regular Customer,Regular Marketing,38.25,53.49,23.64,Loyal Stage
25e209db74cdfc51c2247904c8951408,0.0,76.22,23.78,Regular Customer,Regular Marketing,38.11,53.35,23.78,Loyal Stage
25e874d5e9610b2406ba7405aabb45ca,259.9,76.4,23.6,VIP Customer,VIP Loyalty Benefits,39.17,54.06,23.6,Loyal Stage
25fa1985314f902dc8656f63ca83f5e1,129.9,76.57,23.43,Regular Customer,Regular Marketing,38.77,53.89,23.43,Loyal Stage
25fb8daf9c2b65823d6091521a31587b,60.5,77.14,22.86,Regular Customer,Regular Marketing,38.8,54.14,22.86,Loyal Stage
261746f667454e7dac957e73051e0b39,0.0,76.33,23.67,Regular Customer,Regular Marketing,38.16,53.43,23.67,Loyal Stage
26282ebe59148b5c5d3f7b58c0bb7d56,0.0,77.36,22.64,Regular Customer,Regular Marketing,38.68,54.15,22.64,Loyal Stage
262e0757ddc8161af284bab34b6e5206,510.99,76.88,23.12,VIP Customer,VIP Loyalty Benefits,40.34,54.96,23.12,Loyal Stage
262e1f1e26e92e86375f86840b4ffd63,0.0,79.95,20.05,Regular Customer,Regular Marketing,39.98,55.97,20.05,Loyal Stage
263e9285d676558c0e6ff5d84b2ff4d0,0.0,76.22,23.78,Regular Customer,Regular Marketing,38.11,53.35,23.78,Loyal Stage
2642f11f7c5588a63213b5e67e8ad0a7,255.19,76.1,23.9,VIP Customer,VIP Loyalty Benefits,39.0,53.84,23.9,Loyal Stage
26469f9fa8372eb8dec9753aeb80fa65,145.9,76.55,23.45,VIP Customer,VIP Loyalty Benefits,38.82,53.91,23.45,Loyal Stage
26496794f5aacd2ca15912eb6decd217,108.9,75.81,24.19,Regular Customer,Regular Marketing,38.31,53.31,24.19,Loyal Stage
264a20874923afec499b9734e81037dc,249.9,76.85,23.15,VIP Customer,VIP Loyalty Benefits,39.35,54.35,23.15,Loyal Stage
264abd7963898374ec074c0863bfb290,0.0,75.91,24.09,Regular Customer,Regular Marketing,37.96,53.14,24.09,Loyal Stage
265e2e22b38005c7d8bd4446b0943e7b,139.98,76.95,23.05,VIP Customer,VIP Loyalty Benefits,39.0,54.18,23.05,Loyal Stage
2662dd48cf4cacf12d22bcddef936e28,55.9,76.05,23.95,Regular Customer,Regular Marketing,38.23,53.36,23.95,Loyal Stage
266dad3ed9cfa83422da37f456da418d,89.77,76.87,23.13,Regular Customer,Regular Marketing,38.77,54.01,23.13,Loyal Stage
2682a5cb362bfd3245758ba272e7e248,99.9,75.6,24.4,Regular Customer,Regular Marketing,38.17,53.14,24.4,Loyal Stage
2683999c7b3dc785684105f447db1f6a,25.89,76.16,23.84,Regular Customer,Regular Marketing,38.18,53.37,23.84,Loyal Stage
268833989314e84669d5893545377ead,135.0,76.73,23.27,Regular Customer,Regular Marketing,38.87,54.01,23.27,Loyal Stage
268a7f591b53e9d437da6fa851aecd9e,78.0,75.98,24.02,Regular Customer,Regular Marketing,38.28,53.36,24.02,Loyal Stage
26ad164ad913649d86d05c20c3eaad57,129.9,77.19,22.81,Regular Customer,Regular Marketing,39.08,54.32,22.81,Loyal Stage
26d8e97a00c1077e9032499763d72d3e,93.0,76.57,23.43,Regular Customer,Regular Marketing,38.63,53.81,23.43,Loyal Stage
26da0172c125783bb823a86d6d077fe6,9.99,75.61,24.39,Regular Customer,Regular Marketing,37.84,52.95,24.39,Loyal Stage
26dc89c9859432057153824b8191db2d,289.0,77.43,22.57,VIP Customer,VIP Loyalty Benefits,39.79,54.85,22.57,Loyal Stage
26e345817aaf0bea827776f48966a6c7,0.0,77.0,23.0,Regular Customer,Regular Marketing,38.5,53.9,23.0,Loyal Stage
26e5858ed2c3babd7db45448c297d0ca,119.0,75.88,24.12,Regular Customer,Regular Marketing,38.38,53.38,24.12,Loyal Stage
26eeafb746fcaa7f640aad03a1410fa5,56.9,75.43,24.57,Regular Customer,Regular Marketing,37.93,52.93,24.57,Loyal Stage
26f17bce4c85dfa04d493059fe609cd5,0.0,75.81,24.19,Regular Customer,Regular Marketing,37.9,53.06,24.19,Loyal Stage
26fffff8099e48dcbe68d143bd5e8ad8,357.82,77.43,22.57,VIP Customer,VIP Loyalty Benefits,40.05,55.0,22.57,Loyal Stage
2703eaa145ffb0dd28f62f79ff32b2a7,179.9,76.34,23.66,VIP Customer,VIP Loyalty Benefits,38.84,53.84,23.66,Loyal Stage
270c0ad2a232e4a10be51000bc69eb03,52.8,76.82,23.18,Regular Customer,Regular Marketing,38.61,53.89,23.18,Loyal Stage
270f7bec71e8a56e5e9b8f402c1d35ec,42.49,76.29,23.71,Regular Customer,Regular Marketing,38.3,53.5,23.71,Loyal Stage
271868bfc8c00119ae123bf13704679c,74.99,76.28,23.72,Regular Customer,Regular Marketing,38.42,53.56,23.72,Loyal Stage
272f0ffe236b0bf765e14f5a2b577a6b,68.9,76.12,23.88,Regular Customer,Regular Marketing,38.32,53.44,23.88,Loyal Stage
272fb8eb2fb19932bbc3f78ac1ddf321,269.9,77.14,22.86,VIP Customer,VIP Loyalty Benefits,39.57,54.6,22.86,Loyal Stage
273047f188ca0f38396842d5548be365,12.0,77.18,22.82,Regular Customer,Regular Marketing,38.63,54.05,22.82,Loyal Stage
27426909dcd8c82c90ef8498a0b171ad,39.9,75.66,24.34,Regular Customer,Regular Marketing,37.98,53.05,24.34,Loyal Stage
2744066af4bd156c08ec0c0549e2a539,26.99,76.78,23.22,Regular Customer,Regular Marketing,38.49,53.81,23.22,Loyal Stage
274d4e175e327cce95f86619d7ebe6dd,0.0,76.74,23.26,Regular Customer,Regular Marketing,38.37,53.72,23.26,Loyal Stage
2750ea8eaed9066e36245a18802eac17,1325.9,78.51,21.49,VIP Customer,VIP Loyalty Benefits,44.19,57.92,21.49,Loyal Stage
27523a0e3d93e54c0491cd5feed33a65,0.0,76.22,23.78,Regular Customer,Regular Marketing,38.11,53.35,23.78,Loyal Stage
275f2448ad7d14563c3c355f982cc313,29.0,76.47,23.53,Regular Customer,Regular Marketing,38.34,53.59,23.53,Loyal Stage
276175229d0061ba2c4e4c6bc1f93d10,250.0,76.6,23.4,VIP Customer,VIP Loyalty Benefits,39.23,54.18,23.4,Loyal Stage
277125a4e4d6b40f9bf6f2d460774b8b,44.99,76.81,23.19,Regular Customer,Regular Marketing,38.57,53.87,23.19,Loyal Stage
2778fb68c2c1a27d25dc51be36a64789,69.9,75.96,24.04,Regular Customer,Regular Marketing,38.24,53.33,24.04,Loyal Stage
278579bb082b2f6ce89a8a13075e0150,185.9,76.4,23.6,VIP Customer,VIP Loyalty Benefits,38.89,53.89,23.6,Loyal Stage
2786c621f0e301eacba2d60b3d79ec2a,24.9,76.78,23.22,Regular Customer,Regular Marketing,38.48,53.8,23.22,Loyal Stage
2787bad67ca7454a847429acc517dd8c,81.0,76.19,23.81,Regular Customer,Regular Marketing,38.4,53.52,23.81,Loyal Stage
27882c07591b6e9fca6661b9e14c6978,0.0,76.43,23.57,Regular Customer,Regular Marketing,38.22,53.5,23.57,Loyal Stage
2790cd0039a2a06b65fee475db410fc2,200.0,76.31,23.69,VIP Customer,VIP Loyalty Benefits,38.9,53.86,23.69,Loyal Stage
2793875498529cad20ec2226d36446ba,44.99,76.55,23.45,Regular Customer,Regular Marketing,38.44,53.68,23.45,Loyal Stage
279bd194cc9790cf88fbd6442e3cf716,55.9,76.15,23.85,Regular Customer,Regular Marketing,38.28,53.43,23.85,Loyal Stage
27a0e0c0e08304f34e92e68c9c8dbcfe,0.0,76.84,23.16,Regular Customer,Regular Marketing,38.42,53.79,23.16,Loyal Stage
27aea16254196d2f9e9cff771d053fd8,170.0,76.16,23.84,VIP Customer,VIP Loyalty Benefits,38.71,53.69,23.84,Loyal Stage
27bbdb1c8c1324bfb03ad56475bbfb83,100.0,76.73,23.27,Regular Customer,Regular Marketing,38.74,53.94,23.27,Loyal Stage
27cbfa02d06fde5a0e612721ec5bd891,50.2,76.04,23.96,Regular Customer,Regular Marketing,38.21,53.34,23.96,Loyal Stage
27da09a1dfd834f3c6888caa2319063c,157.0,76.51,23.49,VIP Customer,VIP Loyalty Benefits,38.84,53.91,23.49,Loyal Stage
27eecff5a6338f7c36c78ad05eacc575,511.0,77.3,22.7,VIP Customer,VIP Loyalty Benefits,40.55,55.25,22.7,Loyal Stage
27eee15dbb0785058c72a2bf4733a01f,14.3,76.72,23.28,Regular Customer,Regular Marketing,38.41,53.73,23.28,Loyal Stage
281033552e7e74124cd83d3fadae538d,0.0,75.5,24.5,Regular Customer,Regular Marketing,37.75,52.85,24.5,Loyal Stage
2823c9f4b36374d54c42641d2caead07,119.9,76.81,23.19,Regular Customer,Regular Marketing,38.85,54.03,23.19,Loyal Stage
28560e4c7a451f72696bb60095930236,0.0,76.22,23.78,Regular Customer,Regular Marketing,38.11,53.35,23.78,Loyal Stage
2858429ae804e35c06b80a799fd79d91,0.0,76.79,23.21,Regular Customer,Regular Marketing,38.4,53.76,23.21,Loyal Stage
2864a61fd48b467734363359fb9d513f,0.0,77.15,22.85,Regular Customer,Regular Marketing,38.58,54.01,22.85,Loyal Stage
28688aa533c27e6735ec9fb139fa6104,159.8,76.93,23.07,VIP Customer,VIP Loyalty Benefits,39.06,54.21,23.07,Loyal Stage
286af58dd53e53cac21c7985527712ce,0.0,76.22,23.78,Regular Customer,Regular Marketing,38.11,53.35,23.78,Loyal Stage
287a7cdacbcda8f842d7719e77cb8457,2150.0,79.53,20.47,VIP Customer,VIP Loyalty Benefits,47.76,60.47,20.47,Loyal Stage
287b357d3f439f7a81acb81307e52d46,122.99,76.72,23.28,Regular Customer,Regular Marketing,38.82,53.98,23.28,Loyal Stage
287de6b37e84b6042b32e6f4c665fb4e,299.9,77.55,22.45,VIP Customer,VIP Loyalty Benefits,39.89,54.95,22.45,Loyal Stage
2892872833c8f4b1dac4dc1391c53154,119.9,76.09,23.91,Regular Customer,Regular Marketing,38.49,53.53,23.91,Loyal Stage
289bc385e927d2777efdd16b74040d1c,159.0,75.84,24.16,VIP Customer,VIP Loyalty Benefits,38.51,53.44,24.16,Loyal Stage
28a3ae98731c6bf62767b91aeca1a809,11.0,76.19,23.81,Regular Customer,Regular Marketing,38.14,53.36,23.81,Loyal Stage
28a8e96d14a461d4f0a10684a608b9e9,0.0,76.12,23.88,Regular Customer,Regular Marketing,38.06,53.28,23.88,Loyal Stage
28cb2105de0e24c2dd3e21e364510937,96.8,76.16,23.84,Regular Customer,Regular Marketing,38.44,53.53,23.84,Loyal Stage
29196be5455e33f24dc8fcaa916f5a2b,82.89,77.28,22.72,Regular Customer,Regular Marketing,38.95,54.28,22.72,Loyal Stage
2923900e7b03718557ce9a4bb3c1c52e,39.99,76.34,23.66,Regular Customer,Regular Marketing,38.32,53.53,23.66,Loyal Stage
2934eddaa1eb7e92a038176dec91e73f,132.8,76.73,23.27,Regular Customer,Regular Marketing,38.86,54.01,23.27,Loyal Stage
29368e4aa7a6adbb540f40b3074cdd66,30.0,77.04,22.96,Regular Customer,Regular Marketing,38.63,53.99,22.96,Loyal Stage
2939eb5c5bf062a54061a6b0790057b5,0.0,76.17,23.83,Regular Customer,Regular Marketing,38.08,53.32,23.83,Loyal Stage
293a0d1d0df31bbc3caaa535cf74486c,24.99,76.31,23.69,Regular Customer,Regular Marketing,38.25,53.47,23.69,Loyal Stage
293d83a19659c4d3800744751f773288,269.9,76.78,23.22,VIP Customer,VIP Loyalty Benefits,39.39,54.35,23.22,Loyal Stage
29526de902848e13cc7d8b27b24406b2,33.9,76.17,23.83,Regular Customer,Regular Marketing,38.21,53.39,23.83,Loyal Stage
2958e5f113a1af2379be10e492071071,14.9,77.33,22.67,Regular Customer,Regular Marketing,38.72,54.16,22.67,Loyal Stage
296082239e7b3aadd6a3376fef0ff290,0.0,76.33,23.67,Regular Customer,Regular Marketing,38.16,53.43,23.67,Loyal Stage
2968cb453924e6c2381a1f4320c50e94,150.0,75.82,24.18,VIP Customer,VIP Loyalty Benefits,38.47,53.41,24.18,Loyal Stage
296f430e8b0a2a082a689aa4460d2b27,0.0,77.05,22.95,Regular Customer,Regular Marketing,38.52,53.93,22.95,Loyal Stage
297871f85f3905d13eaa1afed708ca57,123.47,76.2,23.8,Regular Customer,Regular Marketing,38.56,53.62,23.8,Loyal Stage
297f25d165987a0979a138aa7529d19d,75.0,77.01,22.99,Regular Customer,Regular Marketing,38.78,54.07,22.99,Loyal Stage
2985795121ad4d51185c81a2e49b89fc,69.99,76.58,23.42,Regular Customer,Regular Marketing,38.55,53.76,23.42,Loyal Stage
298e413b1f757ff4e361b4af0837c4f1,39.9,76.34,23.66,Regular Customer,Regular Marketing,38.32,53.53,23.66,Loyal Stage
29939d49096b68defc67b5d5a24cfb6a,24.99,77.14,22.86,Regular Customer,Regular Marketing,38.66,54.05,22.86,Loyal Stage
299b2d1bcebfb18807ad9185f5a1f058,18.9,77.23,22.77,Regular Customer,Regular Marketing,38.69,54.11,22.77,Loyal Stage
29a42800a23063e555b08f02bbabb3f3,49.99,76.5,23.5,Regular Customer,Regular Marketing,38.44,53.66,23.5,Loyal Stage
29b98d99b4cbbce6f99a2b7cc96274a4,35.0,75.65,24.35,Regular Customer,Regular Marketing,37.96,53.04,24.35,Loyal Stage
29bb913f8dc41dfc1da7a18e7bace3a5,39.9,76.02,23.98,Regular Customer,Regular Marketing,38.16,53.3,23.98,Loyal Stage
29bea95c72abb63bd9da0018a398b594,32.9,76.94,23.06,Regular Customer,Regular Marketing,38.59,53.93,23.06,Loyal Stage
29d404644ba0bd6a54aa84f0807f8f40,527.9,77.01,22.99,VIP Customer,VIP Loyalty Benefits,40.47,55.09,22.99,Loyal Stage
29d56ba9603f96d29d2a776a5b321635,34.5,76.33,23.67,Regular Customer,Regular Marketing,38.29,53.51,23.67,Loyal Stage
29d7f781472bbb9d4c76050dee6cc80b,24.9,75.59,24.41,Regular Customer,Regular Marketing,37.89,52.97,24.41,Loyal Stage
29db8a5d87a8a68aac9e2efb68bd67b3,0.0,76.69,23.31,Regular Customer,Regular Marketing,38.34,53.68,23.31,Loyal Stage
29fa253f2dcf257608c1d2296560d60d,0.0,75.65,24.35,Regular Customer,Regular Marketing,37.83,52.96,24.35,Loyal Stage
2a076e462c89b70dcc757188ded9aa78,0.0,75.45,24.55,Regular Customer,Regular Marketing,37.72,52.81,24.55,Loyal Stage
2a07bb527e9136109981057d48af3924,0.0,76.17,23.83,Regular Customer,Regular Marketing,38.08,53.32,23.83,Loyal Stage
2a17d0a71f5910d7207819f9ca9ec12b,0.0,76.12,23.88,Regular Customer,Regular Marketing,38.06,53.28,23.88,Loyal Stage
2a375540830e5c1f6834bad1c4f9dd9d,240.99,76.69,23.31,VIP Customer,VIP Loyalty Benefits,39.24,54.22,23.31,Loyal Stage
2a4a52239ae7cbfbcc3ea345cdc953e8,29.99,76.63,23.37,Regular Customer,Regular Marketing,38.43,53.71,23.37,Loyal Stage
2a5474461e07b6b56772a17b0db2e9bf,0.0,77.0,23.0,Regular Customer,Regular Marketing,38.5,53.9,23.0,Loyal Stage
2a6a543dbc412fe3440485f2e863155e,119.9,75.83,24.17,Regular Customer,Regular Marketing,38.36,53.35,24.17,Loyal Stage
2a6e23d3fef1afc8a57239980eec0ebc,186.0,76.29,23.71,VIP Customer,VIP Loyalty Benefits,38.84,53.82,23.71,Loyal Stage
2a71f9e7d759364bda9e2acb39512509,72.6,76.8,23.2,Regular Customer,Regular Marketing,38.67,53.92,23.2,Loyal Stage
2a755533cd57e55764b968b579014ba2,55.0,75.73,24.27,Regular Customer,Regular Marketing,38.07,53.13,24.27,Loyal Stage
2a87b667d8f245547f3dad4341d8b850,179.9,76.96,23.04,VIP Customer,VIP Loyalty Benefits,39.15,54.27,23.04,Loyal Stage
2a97090125bc64367040b2c040bfdd39,27.9,75.75,24.25,Regular Customer,Regular Marketing,37.98,53.09,24.25,Loyal Stage
2a9c5cb3b3d815a92e567693b4abff28,0.0,76.38,23.62,Regular Customer,Regular Marketing,38.19,53.47,23.62,Loyal Stage
2aa42e268eb5208e68313f4b5df1f4f9,42.0,76.13,23.87,Regular Customer,Regular Marketing,38.22,53.38,23.87,Loyal Stage
2aafc5241571cdd2006d5570da1b5445,0.0,75.91,24.09,Regular Customer,Regular Marketing,37.96,53.14,24.09,Loyal Stage
2ab6849c49556e537fc2b22a52888a2a,51.9,75.68,24.32,Regular Customer,Regular Marketing,38.03,53.09,24.32,Loyal Stage
2abcf8fae9a4d0c9be9efde977e2358e,189.0,76.14,23.86,VIP Customer,VIP Loyalty Benefits,38.77,53.72,23.86,Loyal Stage
2abf0c5e018b115de3e5b31d19a7a26b,318.98,75.93,24.07,VIP Customer,VIP Loyalty Benefits,39.15,53.86,24.07,Loyal Stage
2ac7bf33d2ed0b6f7b23f5ab5688b30e,97.99,77.3,22.7,Regular Customer,Regular Marketing,39.01,54.33,22.7,Loyal Stage
2acb24d6955995033f7c9d493100759f,0.0,76.48,23.52,Regular Customer,Regular Marketing,38.24,53.54,23.52,Loyal Stage
2af2ef40d71352810a97f2d068a5b72e,123.0,77.03,22.97,Regular Customer,Regular Marketing,38.97,54.19,22.97,Loyal Stage
2b011d1ae8e53ef35a81a43e1e95acc5,0.0,75.34,24.66,Regular Customer,Regular Marketing,37.67,52.74,24.66,Loyal Stage
2b06e763fa13b4a3e25352630fc9fc7a,0.0,76.95,23.05,Regular Customer,Regular Marketing,38.48,53.87,23.05,Loyal Stage
2b08b37c414eedba2764accd09699c60,0.0,75.4,24.6,Regular Customer,Regular Marketing,37.7,52.78,24.6,Loyal Stage
2b0e1bb3dab9775004ec764ce399228b,39.99,76.7,23.3,Regular Customer,Regular Marketing,38.5,53.78,23.3,Loyal Stage
2b155682ad857dd6c196b58c31f24d6f,0.0,76.28,23.72,Regular Customer,Regular Marketing,38.14,53.4,23.72,Loyal Stage
2b18cd5c428106cc024ee2cc951a0b68,59.99,76.73,23.27,Regular Customer,Regular Marketing,38.59,53.85,23.27,Loyal Stage
2b2158c52c9993c93702e86b0e751b93,99.9,76.48,23.52,Regular Customer,Regular Marketing,38.61,53.76,23.52,Loyal Stage
2b22fac410c77b08b937809c68e7481e,146.01,76.59,23.41,VIP Customer,VIP Loyalty Benefits,38.84,53.94,23.41,Loyal Stage
2b2896060944d2d39e46d833324116bb,0.0,76.43,23.57,Regular Customer,Regular Marketing,38.22,53.5,23.57,Loyal Stage
2b4da640a7f35b9bb36d6f2ee4b28741,119.98,76.35,23.65,Regular Customer,Regular Marketing,38.62,53.71,23.65,Loyal Stage
2b5cb158bce256f401d39bf934189c86,62.9,76.32,23.68,Regular Customer,Regular Marketing,38.39,53.56,23.68,Loyal Stage
2b6aaeb06d9fa42428020e78ea607ea5,89.0,76.36,23.64,Regular Customer,Regular Marketing,38.51,53.65,23.64,Loyal Stage
2b8649d1a9912afc25d2943a04782756,0.0,77.1,22.9,Regular Customer,Regular Marketing,38.55,53.97,22.9,Loyal Stage
2b8b0a82ecf5edb76c0fb304e2c506d5,109.9,75.82,24.18,Regular Customer,Regular Marketing,38.32,53.32,24.18,Loyal Stage
2ba36291fedc8a6bf91584f3e6b840ce,14.99,76.45,23.55,Regular Customer,Regular Marketing,38.28,53.55,23.55,Loyal Stage
2ba3b74dc3bbf6a4b1e3692fcce257d7,89.9,76.36,23.64,Regular Customer,Regular Marketing,38.51,53.65,23.64,Loyal Stage
2bab170efa94ecb122a619aa0fd5609b,70.0,76.58,23.42,Regular Customer,Regular Marketing,38.55,53.76,23.42,Loyal Stage
2bb3ba4dc5cea88949645027d417b4d4,175.0,77.21,22.79,VIP Customer,VIP Loyalty Benefits,39.26,54.44,22.79,Loyal Stage
2bbbb94ef81021f37a7adb3caed3a01f,34.99,77.05,22.95,Regular Customer,Regular Marketing,38.66,54.02,22.95,Loyal Stage
2bcbc94dd2ff7b15765fd1f97e2f34c8,52.0,75.42,24.58,Regular Customer,Regular Marketing,37.9,52.91,24.58,Loyal Stage
2bda8b5ca873c93f2e13ee19397429c8,160.66,77.24,22.76,VIP Customer,VIP Loyalty Benefits,39.22,54.43,22.76,Loyal Stage
2be5dce8b491a7bc6a65d6e91bf49812,100.49,77.3,22.7,Regular Customer,Regular Marketing,39.02,54.33,22.7,Loyal Stage
2be7d578854588f75b1922cf7627e1be,1389.99,77.32,22.68,VIP Customer,VIP Loyalty Benefits,43.83,57.23,22.68,Loyal Stage
2be7e51058c4afda672bf4d14a4dcda9,79.2,75.67,24.33,Regular Customer,Regular Marketing,38.13,53.15,24.33,Loyal Stage
2bfc87dd748d0930243e43472414fbf6,49.9,76.45,23.55,Regular Customer,Regular Marketing,38.41,53.63,23.55,Loyal Stage
2bfc986b56fcf38bcf38d409343e5b66,59.0,76.88,23.12,Regular Customer,Regular Marketing,38.66,53.95,23.12,Loyal Stage
2c0e2b55cfd436b75a426f34ba921fdd,44.99,76.96,23.04,Regular Customer,Regular Marketing,38.65,53.97,23.04,Loyal Stage
2c0feac2de7b519f5a02fadb95b1e17f,0.0,75.96,24.04,Regular Customer,Regular Marketing,37.98,53.17,24.04,Loyal Stage
2c136b31e3f187d6c1e251011183a29a,27.9,75.9,24.1,Regular Customer,Regular Marketing,38.05,53.19,24.1,Loyal Stage
2c14de942f22109496e19c01f23454e8,0.0,76.07,23.93,Regular Customer,Regular Marketing,38.03,53.25,23.93,Loyal Stage
2c1909908a8785c7c8bc786fe9c201d4,63.99,77.46,22.54,Regular Customer,Regular Marketing,38.97,54.37,22.54,Loyal Stage
2c1bcb31c2c74538b614b05046084776,84.49,75.99,24.01,Regular Customer,Regular Marketing,38.31,53.38,24.01,Loyal Stage
2c1fd85b76dbae1183e7f72866dde523,119.9,75.52,24.48,Regular Customer,Regular Marketing,38.21,53.13,24.48,Loyal Stage
2c22bd0f6f94ba7aaa846a3c3285f2dc,100.0,75.65,24.35,Regular Customer,Regular Marketing,38.2,53.18,24.35,Loyal Stage
2c2c02e654d903debe68668bab307b9f,60.0,76.37,23.63,Regular Customer,Regular Marketing,38.41,53.59,23.63,Loyal Stage
2c2ccd48722aa6843d258a9f16f012a9,48.0,76.86,23.14,Regular Customer,Regular Marketing,38.61,53.91,23.14,Loyal Stage
2c33e3f163592742b3c29b2983900708,196.8,76.67,23.33,VIP Customer,VIP Loyalty Benefits,39.07,54.11,23.33,Loyal Stage
2c35043ad8f1d00f47150c486b585d8d,129.49,75.79,24.21,Regular Customer,Regular Marketing,38.38,53.34,24.21,Loyal Stage
2c3951930dbff1b18def8abcc492cd08,169.9,76.58,23.42,VIP Customer,VIP Loyalty Benefits,38.92,53.98,23.42,Loyal Stage
2c3a02b9098fd98785f390c9cdf3fb58,64.0,77.4,22.6,Regular Customer,Regular Marketing,38.94,54.32,22.6,Loyal Stage
2c45ab66a3dae52960147e76a35740ff,191.9,76.3,23.7,VIP Customer,VIP Loyalty Benefits,38.86,53.84,23.7,Loyal Stage
2c49253c33437164d786eaacb7ace8af,125.0,76.93,23.07,Regular Customer,Regular Marketing,38.93,54.13,23.07,Loyal Stage
2c4f12ef543ba44eead3e3a43c229c11,19.0,77.13,22.87,Regular Customer,Regular Marketing,38.64,54.04,22.87,Loyal Stage
2c53cb714cd777eabc8a3ec12568e3cd,78.0,76.86,23.14,Regular Customer,Regular Marketing,38.72,53.98,23.14,Loyal Stage
2c69eb3f556d263a81d6928a6a2e25f8,52.98,76.25,23.75,Regular Customer,Regular Marketing,38.32,53.49,23.75,Loyal Stage
2c84f1599c2cbebed0b8fa6cadf82003,128.0,77.29,22.71,Regular Customer,Regular Marketing,39.12,54.39,22.71,Loyal Stage
2c86215f20da4f0ebc1f31628afbaf45,0.0,77.0,23.0,Regular Customer,Regular Marketing,38.5,53.9,23.0,Loyal Stage
2c926b0fa4cf4e7a56a84f5165398378,30.0,76.16,23.84,Regular Customer,Regular Marketing,38.19,53.38,23.84,Loyal Stage
2c9622b8ee4b9ed61e9bcc0983486cfd,0.0,75.4,24.6,Regular Customer,Regular Marketing,37.7,52.78,24.6,Loyal Stage
2c9b981cbaf2a21fe0085b78964ec877,89.9,77.44,22.56,Regular Customer,Regular Marketing,39.05,54.41,22.56,Loyal Stage
2c9d53f20e3055c7729299150d40a5ec,143.7,75.76,24.24,VIP Customer,VIP Loyalty Benefits,38.41,53.35,24.24,Loyal Stage
2ca298adaa0c377d5450bb1558b40e27,34.9,76.12,23.88,Regular Customer,Regular Marketing,38.19,53.36,23.88,Loyal Stage
2cbb27285e259123d5b9aac321b7085e,179.0,77.63,22.37,VIP Customer,VIP Loyalty Benefits,39.48,54.74,22.37,Loyal Stage
2cc83d64e8c62d3761d81c3f4043804c,25.9,75.59,24.41,Regular Customer,Regular Marketing,37.89,52.97,24.41,Loyal Stage
2cc96b2c23330b72cd3042bb627a66fb,0.0,75.45,24.55,Regular Customer,Regular Marketing,37.72,52.81,24.55,Loyal Stage
2ce2fe3cd651be702b08c29865c8feb4,149.99,75.72,24.28,VIP Customer,VIP Loyalty Benefits,38.42,53.34,24.28,Loyal Stage
2ced79abf967d8e317c032eed8d66d86,170.0,75.9,24.1,VIP Customer,VIP Loyalty Benefits,38.58,53.51,24.1,Loyal Stage
2cf2aa79a6a7165ea380a4fcea303c0b,29.99,76.52,23.48,Regular Customer,Regular Marketing,38.37,53.63,23.48,Loyal Stage
2cfc4f48a853b448dceac2dbf223236c,71.98,75.5,24.5,Regular Customer,Regular Marketing,38.02,53.01,24.5,Loyal Stage
2d0087f0c1347971d3d16c9aca21d9dc,199.99,77.14,22.86,VIP Customer,VIP Loyalty Benefits,39.31,54.44,22.86,Loyal Stage
2d09c3394311fd15314910fcab2477e8,105.0,75.76,24.24,Regular Customer,Regular Marketing,38.27,53.27,24.24,Loyal Stage
2d0b5c3a0b200f10d09a3927412a9203,418.8,76.54,23.46,VIP Customer,VIP Loyalty Benefits,39.83,54.51,23.46,Loyal Stage
2d0d69cb131ce9922d4b8684f3fdc720,46.9,76.71,23.29,Regular Customer,Regular Marketing,38.53,53.8,23.29,Loyal Stage
2d182fe8deb883454361e888c6891c7c,55.8,76.77,23.23,Regular Customer,Regular Marketing,38.59,53.86,23.23,Loyal Stage
2d29cee94876349c0b1c8c565e8075bd,247.99,75.82,24.18,VIP Customer,VIP Loyalty Benefits,38.83,53.63,24.18,Loyal Stage
2d2bec98674a3a70e42e011de3b4e189,59.99,76.0,24.0,Regular Customer,Regular Marketing,38.22,53.33,24.0,Loyal Stage
2d2eb242540892ba55d99479dab48a95,49.9,76.4,23.6,Regular Customer,Regular Marketing,38.39,53.59,23.6,Loyal Stage
2d30d103867f9b1e2295ae67595a6c8f,129.9,76.52,23.48,Regular Customer,Regular Marketing,38.74,53.85,23.48,Loyal Stage
2d3b554f12f5d020dc14fdd4857515d2,29.89,76.37,23.63,Regular Customer,Regular Marketing,38.3,53.53,23.63,Loyal Stage
2d4074b3c97f59583f71150c70e91c8e,44.99,75.57,24.43,Regular Customer,Regular Marketing,37.95,53.0,24.43,Loyal Stage
2d489f002755a46455a166e4deec2f36,14.9,75.52,24.48,Regular Customer,Regular Marketing,37.82,52.9,24.48,Loyal Stage
2d4a27515cca5fe88808116f4df0ed26,49.9,76.4,23.6,Regular Customer,Regular Marketing,38.39,53.59,23.6,Loyal Stage
2d4e4d4120d92c7fb25165583baa4ac1,129.89,76.52,23.48,Regular Customer,Regular Marketing,38.74,53.85,23.48,Loyal Stage
2d53a70b3240e2e08e214b2e0841d294,99.99,77.2,22.8,Regular Customer,Regular Marketing,38.97,54.26,22.8,Loyal Stage
2d55aacf7688e281b83de3ffaa61c058,119.9,76.45,23.55,Regular Customer,Regular Marketing,38.67,53.78,23.55,Loyal Stage
2d5c600f8cc7477dc616b9bd2d00a0fd,44.9,75.87,24.13,Regular Customer,Regular Marketing,38.1,53.21,24.13,Loyal Stage
2d7219eeb76e3ac39948aa84f4b0828d,37.6,76.69,23.31,Regular Customer,Regular Marketing,38.48,53.76,23.31,Loyal Stage
2d7d009b35fd30434c8753a42e6a339d,189.0,76.92,23.08,VIP Customer,VIP Loyalty Benefits,39.16,54.26,23.08,Loyal Stage
2d8319d39b8bb4ffed426877fd8e434a,48.9,75.67,24.33,Regular Customer,Regular Marketing,38.02,53.08,24.33,Loyal Stage
2d97bdd6a91c63d6464c5e412ceb603a,56.99,75.79,24.21,Regular Customer,Regular Marketing,38.11,53.18,24.21,Loyal Stage
2d9851ff5ef3d3131dc8135a3a578642,212.0,76.54,23.46,VIP Customer,VIP Loyalty Benefits,39.06,54.05,23.46,Loyal Stage
2da2a01f3b907a9754a2ff4a8e999fc7,39.0,75.92,24.08,Regular Customer,Regular Marketing,38.11,53.23,24.08,Loyal Stage
2dc76f1f9332f576c53931a0502784b9,32.0,76.22,23.78,Regular Customer,Regular Marketing,38.23,53.43,23.78,Loyal Stage
2dcc3f3bcffa402ae206b4f5c0b6074f,0.0,75.55,24.45,Regular Customer,Regular Marketing,37.78,52.89,24.45,Loyal Stage
2dd1d99c3ff427b74f938c2daf370622,14.9,76.4,23.6,Regular Customer,Regular Marketing,38.26,53.52,23.6,Loyal Stage
2dd85e167573338f53ec563747165bbf,0.0,75.86,24.14,Regular Customer,Regular Marketing,37.93,53.1,24.14,Loyal Stage
2de521d3fd097acfbd5bed9c7b9ed0d0,169.85000000000002,75.7,24.3,VIP Customer,VIP Loyalty Benefits,38.48,53.37,24.3,Loyal Stage
2dec6f67cb441c837a9f315fccc1703f,138.6,76.63,23.37,VIP Customer,VIP Loyalty Benefits,38.83,53.95,23.37,Loyal Stage
2deeacd4088ed129cde8cdeccdd46261,119.0,77.18,22.82,Regular Customer,Regular Marketing,39.03,54.29,22.82,Loyal Stage
2df3668c4487ba2cc80bd990a2f4d9e5,41.99,77.17,22.83,Regular Customer,Regular Marketing,38.74,54.11,22.83,Loyal Stage
2df3a866961f92bc7aa6f74b64fd898c,139.0,77.31,22.69,VIP Customer,VIP Loyalty Benefits,39.17,54.43,22.69,Loyal Stage
2e0008e84752474d11070ea036133aa8,59.5,75.79,24.21,Regular Customer,Regular Marketing,38.12,53.19,24.21,Loyal Stage
2e002c27ac2b7f8ca51cb8c4ccef272b,49.9,77.18,22.82,Regular Customer,Regular Marketing,38.78,54.14,22.82,Loyal Stage
2e117084eaafeb9b19031f6791e9d51c,45.89,76.81,23.19,Regular Customer,Regular Marketing,38.58,53.87,23.19,Loyal Stage
2e1b64c1d5f3deff4e082315a7595750,120.0,76.09,23.91,Regular Customer,Regular Marketing,38.49,53.53,23.91,Loyal Stage
2e2c8f84cbaa2d64dfcee2648ab1e5d7,79.99,76.34,23.66,Regular Customer,Regular Marketing,38.47,53.62,23.66,Loyal Stage
2e38c5e27223e745e98f309754212d0c,95.0,75.79,24.21,Regular Customer,Regular Marketing,38.25,53.27,24.21,Loyal Stage
2e3991c453b7a3b24907879771ac7818,679.0,76.97,23.03,VIP Customer,VIP Loyalty Benefits,41.01,55.39,23.03,Loyal Stage
2e3acb7d5a04d4d65219ca4a9617d03a,79.99,75.46,24.54,Regular Customer,Regular Marketing,38.03,53.0,24.54,Loyal Stage
2e438ed54223fcca39c725b9a3e6376f,49.99,76.09,23.91,Regular Customer,Regular Marketing,38.23,53.37,23.91,Loyal Stage
2e49a3bbeb76297ee0ff49df39c2456c,99.0,77.04,22.96,Regular Customer,Regular Marketing,38.89,54.15,22.96,Loyal Stage
2e51876c3eb7beed472aec1de06ed865,65.0,76.47,23.53,Regular Customer,Regular Marketing,38.48,53.68,23.53,Loyal Stage
2e61b6f7d17742eff7dd51f666f79623,69.0,76.89,23.11,Regular Customer,Regular Marketing,38.7,53.98,23.11,Loyal Stage
2e68d3ea72cb1eaffaa36ff12afc8aa8,0.0,76.33,23.67,Regular Customer,Regular Marketing,38.16,53.43,23.67,Loyal Stage
2e70bb026bb9a192d6cf9e91486c412c,23.99,76.31,23.69,Regular Customer,Regular Marketing,38.24,53.47,23.69,Loyal Stage
2e71aeb27847c057da198ea6f45dbddc,0.0,76.84,23.16,Regular Customer,Regular Marketing,38.42,53.79,23.16,Loyal Stage
2e737bac763d766ec41abbefa2533872,31.98,75.65,24.35,Regular Customer,Regular Marketing,37.94,53.02,24.35,Loyal Stage
2e8448d6d72c0472ac0907e6ef487d5e,58.59,76.52,23.48,Regular Customer,Regular Marketing,38.48,53.7,23.48,Loyal Stage
2e87695ef69b7236c17c1f1e021ed36a,181.5,76.49,23.51,VIP Customer,VIP Loyalty Benefits,38.92,53.95,23.51,Loyal Stage
2e8dc4d92d86480e3d3905740aaab902,52.9,76.04,23.96,Regular Customer,Regular Marketing,38.22,53.35,23.96,Loyal Stage
2e956ae4ca5b5d28539c75c1d2adc716,0.0,76.12,23.88,Regular Customer,Regular Marketing,38.06,53.28,23.88,Loyal Stage
2e95d6f7cfe39bf5a98e4e6ab34b732f,29.99,76.11,23.89,Regular Customer,Regular Marketing,38.17,53.35,23.89,Loyal Stage
2ea923bacbdb468e28ef09b0bddd76e2,48.99,75.62,24.38,Regular Customer,Regular Marketing,37.99,53.04,24.38,Loyal Stage
2eb024f5600d788ebc45caf7b962f243,42.89,76.54,23.46,Regular Customer,Regular Marketing,38.43,53.67,23.46,Loyal Stage
2ec53a1b618762c17d71cba7442ad27e,99.98,76.89,23.11,Regular Customer,Regular Marketing,38.82,54.05,23.11,Loyal Stage
2ec723cccfb1cb7457fcba909e382d7b,25.89,76.05,23.95,Regular Customer,Regular Marketing,38.12,53.29,23.95,Loyal Stage
2ecfaea14bd703ab890a6036cc4e16cf,72.9,75.71,24.29,Regular Customer,Regular Marketing,38.13,53.16,24.29,Loyal Stage
2ed3ac7bc9417e096ad7515460451515,527.9,76.65,23.35,VIP Customer,VIP Loyalty Benefits,40.29,54.83,23.35,Loyal Stage
2ed56cc05e70c955b7f85cc3ff8ef931,0.0,77.0,23.0,Regular Customer,Regular Marketing,38.5,53.9,23.0,Loyal Stage
2edc621fb9d6ffdd6639dfc84a89d4fc,45.0,76.24,23.76,Regular Customer,Regular Marketing,38.29,53.47,23.76,Loyal Stage
2edd52d62d9082e037b1ebbf3190516e,69.0,76.74,23.26,Regular Customer,Regular Marketing,38.63,53.87,23.26,Loyal Stage
2ee27a6992275f12e9b8320102979055,30.0,76.06,23.94,Regular Customer,Regular Marketing,38.14,53.31,23.94,Loyal Stage
2ee7ec1f76d53708b7665e5b28a80ff1,142.9,76.12,23.88,VIP Customer,VIP Loyalty Benefits,38.59,53.6,23.88,Loyal Stage
2f08332afa68530c6ab0f1a1cf2e4244,169.9,76.32,23.68,VIP Customer,VIP Loyalty Benefits,38.79,53.8,23.68,Loyal Stage
2f1285ef465dd07f5dce44b512e20759,229.0,75.94,24.06,VIP Customer,VIP Loyalty Benefits,38.82,53.67,24.06,Loyal Stage
2f20ceb1eb3b10b4ef6428103681a38b,0.0,75.5,24.5,Regular Customer,Regular Marketing,37.75,52.85,24.5,Loyal Stage
2f2357b27b9290dc7110f8a46c99afa4,98.0,75.49,24.51,Regular Customer,Regular Marketing,38.11,53.06,24.51,Loyal Stage
2f2ea462ef0e8e1fbdbbbda9fe591ada,119.0,76.87,23.13,Regular Customer,Regular Marketing,38.88,54.08,23.13,Loyal Stage
2f38d11d1609db1fc9003a0cc495cb30,0.0,76.58,23.42,Regular Customer,Regular Marketing,38.29,53.61,23.42,Loyal Stage
2f5310ddeaf98eafea76a45cb17a8a5a,0.0,76.33,23.67,Regular Customer,Regular Marketing,38.16,53.43,23.67,Loyal Stage
2f692e9949726dec0abecee3a4721488,245.0,77.1,22.9,VIP Customer,VIP Loyalty Benefits,39.46,54.52,22.9,Loyal Stage
2f7040ff8e20664c0856a138a97eecce,34.39,77.1,22.9,Regular Customer,Regular Marketing,38.68,54.05,22.9,Loyal Stage
2f7597687aeb6a542aa308ee8618fc72,25.99,76.16,23.84,Regular Customer,Regular Marketing,38.18,53.37,23.84,Loyal Stage
2f76c8ac8310a38b82baafddbf090db8,89.9,76.1,23.9,Regular Customer,Regular Marketing,38.38,53.47,23.9,Loyal Stage
2f78bf8f3acd1ebd6cfddd420083f942,49.98,76.5,23.5,Regular Customer,Regular Marketing,38.44,53.66,23.5,Loyal Stage
2f7920af5858f8f73ae5af711c28471a,0.0,77.36,22.64,Regular Customer,Regular Marketing,38.68,54.15,22.64,Loyal Stage
2f7aaffbc328f9b34ed14ee64ae6dfbb,105.2,76.44,23.56,Regular Customer,Regular Marketing,38.61,53.74,23.56,Loyal Stage
2f8c498249d784bf07fae8692d4355d9,17.42,75.37,24.63,Regular Customer,Regular Marketing,37.75,52.8,24.63,Loyal Stage
2fa6601f8fb9ea21a06d5633f7ef96f6,112.99,77.22,22.78,Regular Customer,Regular Marketing,39.03,54.31,22.78,Loyal Stage
2faf78e5bfb2808753f951e111b1ba2e,29.0,76.11,23.89,Regular Customer,Regular Marketing,38.16,53.34,23.89,Loyal Stage
2fc033d92b92c12c7561a382370a881b,57.4,76.88,23.12,Regular Customer,Regular Marketing,38.65,53.94,23.12,Loyal Stage
2fc31f83b2f82832ba213e1d67e7f271,119.0,76.87,23.13,Regular Customer,Regular Marketing,38.88,54.08,23.13,Loyal Stage
2fcb3ddd2aa9cd6caa49108b24a5e1a4,269.9,77.3,22.7,VIP Customer,VIP Loyalty Benefits,39.65,54.71,22.7,Loyal Stage
2fcb9194bf02e8181be3ae0fa37feabd,80.5,76.24,23.76,Regular Customer,Regular Marketing,38.42,53.55,23.76,Loyal Stage
2fd2605d96688c4af76c27d2218c4585,150.0,75.67,24.33,VIP Customer,VIP Loyalty Benefits,38.39,53.3,24.33,Loyal Stage
2fd8de3e5ca34f5108d291d666c1ba58,79.9,76.39,23.61,Regular Customer,Regular Marketing,38.49,53.65,23.61,Loyal Stage
2fda52516cd81f3fdd6f488c08aec8f2,59.0,75.9,24.1,Regular Customer,Regular Marketing,38.17,53.26,24.1,Loyal Stage
2fe5af51eacb6ecea9d47314c8e521ff,77.4,75.66,24.34,Regular Customer,Regular Marketing,38.12,53.14,24.34,Loyal Stage
2fe6c4529825d758b955ef6537b105c2,139.0,76.53,23.47,VIP Customer,VIP Loyalty Benefits,38.78,53.88,23.47,Loyal Stage
2fe85096af3a84e576d8cbd30e32bbf4,19.9,75.89,24.11,Regular Customer,Regular Marketing,38.02,53.17,24.11,Loyal Stage
2ff85a88d2a10e213a173eeb015e8d20,99.89,76.58,23.42,Regular Customer,Regular Marketing,38.66,53.83,23.42,Loyal Stage
2ffe6c4e1c337cd6c2dfc0c5c5c3f592,66.41,76.58,23.42,Regular Customer,Regular Marketing,38.54,53.76,23.42,Loyal Stage
3009980c921a074305e7eaa78caca4d0,220.7,76.66,23.34,VIP Customer,VIP Loyalty Benefits,39.15,54.15,23.34,Loyal Stage
300b4fbe132eb27cb930a4bf0b9c835d,341.79,76.52,23.48,VIP Customer,VIP Loyalty Benefits,39.53,54.33,23.48,Loyal Stage
30120e1371340fef09f4e3c4a2c93cb4,126.99,76.2,23.8,Regular Customer,Regular Marketing,38.57,53.62,23.8,Loyal Stage
30242b01548a825ae54ef3ed3d5f33be,127.3,77.39,22.61,Regular Customer,Regular Marketing,39.17,54.46,22.61,Loyal Stage
3025f2b0d2fb8fc5db3586d307ae890c,69.2,75.7,24.3,Regular Customer,Regular Marketing,38.11,53.15,24.3,Loyal Stage
305694891f340b55b040ef49f872ca09,0.0,76.9,23.1,Regular Customer,Regular Marketing,38.45,53.83,23.1,Loyal Stage
305726b8672a266ba5997fcdc9403c61,180.0,76.64,23.36,VIP Customer,VIP Loyalty Benefits,38.99,54.05,23.36,Loyal Stage
3058f1cb6f29801c908499b888b1cd0b,0.0,76.58,23.42,Regular Customer,Regular Marketing,38.29,53.61,23.42,Loyal Stage
30601ff4bc10bc566c995c703a463866,0.0,75.6,24.4,Regular Customer,Regular Marketing,37.8,52.92,24.4,Loyal Stage
3062bdce438d3d55da73b1cb60d328d3,250.0,75.87,24.13,VIP Customer,VIP Loyalty Benefits,38.87,53.67,24.13,Loyal Stage
3067372c1402a44e9172921ad83eb8ce,179.0,76.69,23.31,VIP Customer,VIP Loyalty Benefits,39.01,54.08,23.31,Loyal Stage
30697952688c6a8b53a9ac179089ca10,0.0,76.64,23.36,Regular Customer,Regular Marketing,38.32,53.65,23.36,Loyal Stage
3074d9559c8da1c065b79c6174c00dd9,470.0,76.72,23.28,VIP Customer,VIP Loyalty Benefits,40.11,54.75,23.28,Loyal Stage
30888fabbe35d54b5dcef294496af86b,0.0,76.12,23.88,Regular Customer,Regular Marketing,38.06,53.28,23.88,Loyal Stage
309722f7e774dc335d7ba2104705c4bb,0.0,76.69,23.31,Regular Customer,Regular Marketing,38.34,53.68,23.31,Loyal Stage
30981ec392b1ea9ddc964fb988356062,34.0,76.58,23.42,Regular Customer,Regular Marketing,38.42,53.68,23.42,Loyal Stage
309b2d3929bfb28ea14294b0e5112035,99.99,76.42,23.58,Regular Customer,Regular Marketing,38.58,53.72,23.58,Loyal Stage
309cefe2828348f0bba9a66189da5b26,93.0,77.14,22.86,Regular Customer,Regular Marketing,38.92,54.21,22.86,Loyal Stage
30a6dc54d77a1da02be5324d4eea8077,14.9,77.17,22.83,Regular Customer,Regular Marketing,38.64,54.05,22.83,Loyal Stage
30a8b4677ce9d06ade9960a91b3d5e9d,45.0,77.07,22.93,Regular Customer,Regular Marketing,38.7,54.05,22.93,Loyal Stage
30b782a79466007756f170cb5bd6bbd8,137.46,73.72,26.28,Regular Customer,Regular Marketing,37.37,51.91,26.28,Loyal Stage
30d1db88b4b84f7c2aafba0c1ba023fa,69.99,76.53,23.47,Regular Customer,Regular Marketing,38.53,53.73,23.47,Loyal Stage
30e105cba6d3ced811512c8cf4f50a82,49.9,76.14,23.86,Regular Customer,Regular Marketing,38.26,53.41,23.86,Loyal Stage
30ea774d4791fa28f78abe9a89eaf46d,90.0,76.77,23.23,Regular Customer,Regular Marketing,38.72,53.94,23.23,Loyal Stage
30f58a70b375b24035eb7ef8f3587aee,75.0,76.44,23.56,Regular Customer,Regular Marketing,38.5,53.68,23.56,Loyal Stage
3109996d4fbd9ee195129df93d759a6c,488.0,76.69,23.31,VIP Customer,VIP Loyalty Benefits,40.16,54.77,23.31,Loyal Stage
3123dc97347a751c4d825f45d6d6e4c0,199.0,76.57,23.43,VIP Customer,VIP Loyalty Benefits,39.03,54.05,23.43,Loyal Stage
3128b02155500306be4504a92c35c4de,119.0,76.55,23.45,Regular Customer,Regular Marketing,38.72,53.85,23.45,Loyal Stage
3129dce5dc566246ea1354bff5bb6fea,105.0,76.74,23.26,Regular Customer,Regular Marketing,38.76,53.95,23.26,Loyal Stage
313a1411e58266af71ecec9da279ad12,74.99,77.11,22.89,Regular Customer,Regular Marketing,38.83,54.14,22.89,Loyal Stage
313febe2adc914a7cb3f6e903f8e13cf,97.59,76.73,23.27,Regular Customer,Regular Marketing,38.73,53.93,23.27,Loyal Stage
3158fc4f60ca92412de397461b64cee3,459.0,77.95,22.05,VIP Customer,VIP Loyalty Benefits,40.68,55.59,22.05,Loyal Stage
31771f8f793e3bbe3122fc1eba2b92f8,110.32,75.82,24.18,Regular Customer,Regular Marketing,38.32,53.32,24.18,Loyal Stage
31955ab63d5898c22935aa10c6522c8f,31.5,75.44,24.56,Regular Customer,Regular Marketing,37.84,52.88,24.56,Loyal Stage
319cb8b5ea49d6dc93c38d6d49a5e6f3,138.52,76.89,23.11,VIP Customer,VIP Loyalty Benefits,38.96,54.13,23.11,Loyal Stage
31a5ad3ec6f5494abdc69be5f2e4e74a,54.99,76.25,23.75,Regular Customer,Regular Marketing,38.33,53.5,23.75,Loyal Stage
31c733afaf6875ccb2a96b7d5cb79b64,200.0,75.75,24.25,VIP Customer,VIP Loyalty Benefits,38.62,53.47,24.25,Loyal Stage
31d0b55cfd9a400a5786b5de885bba7e,45.0,77.32,22.68,Regular Customer,Regular Marketing,38.83,54.23,22.68,Loyal Stage
31d2262badf1dea086cfbb7463f62c0d,158.0,77.08,22.92,VIP Customer,VIP Loyalty Benefits,39.13,54.31,22.92,Loyal Stage
31d29e85e904e0b8ffa2af37319cb8a9,0.0,76.43,23.57,Regular Customer,Regular Marketing,38.22,53.5,23.57,Loyal Stage
31d3e4ea0bd3eded67809f54889f56a2,159.0,76.98,23.02,VIP Customer,VIP Loyalty Benefits,39.08,54.24,23.02,Loyal Stage
31d5f22b3788dee2a6d03c13e90e0c69,110.32,77.11,22.89,Regular Customer,Regular Marketing,38.97,54.23,22.89,Loyal Stage
31da3a25a698af90c645cc6bb62e50f1,0.0,75.86,24.14,Regular Customer,Regular Marketing,37.93,53.1,24.14,Loyal Stage
31dbc99d6ed9ae1073af0580582cc461,94.0,75.59,24.41,Regular Customer,Regular Marketing,38.14,53.12,24.41,Loyal Stage
31e7af8414a4c6c40d9a4f217d269e99,0.0,75.5,24.5,Regular Customer,Regular Marketing,37.75,52.85,24.5,Loyal Stage
31f1c1348185be629ce9ea2d4d71617e,199.9,76.42,23.58,VIP Customer,VIP Loyalty Benefits,38.95,53.94,23.58,Loyal Stage
31f24c5fa105c2e0b0b5fe5d08c1e484,13.4,75.88,24.12,Regular Customer,Regular Marketing,37.99,53.15,24.12,Loyal Stage
31f587e5afb9ca5efad537ab69de67d6,0.0,76.64,23.36,Regular Customer,Regular Marketing,38.32,53.65,23.36,Loyal Stage
31ffd7ebf0a3657a9d21ae8f3f302164,0.0,77.36,22.64,Regular Customer,Regular Marketing,38.68,54.15,22.64,Loyal Stage
320a00e3ad8ecf1ca896a4e642a5c24d,39.0,76.07,23.93,Regular Customer,Regular Marketing,38.18,53.34,23.93,Loyal Stage
3221c71be65fa0dc473a67aa36d85151,238.0,76.99,23.01,VIP Customer,VIP Loyalty Benefits,39.38,54.42,23.01,Loyal Stage
322c3cfed5f9ddb133c7f9b93239270d,101.62,76.48,23.52,Regular Customer,Regular Marketing,38.62,53.76,23.52,Loyal Stage
322c98d05796e724d38e35a11c5e0b5b,149.9,76.91,23.09,VIP Customer,VIP Loyalty Benefits,39.01,54.17,23.09,Loyal Stage
322e1b9e5b24a2a76cfa1c109c442c01,59.0,76.1,23.9,Regular Customer,Regular Marketing,38.27,53.4,23.9,Loyal Stage
32487d3d5098e884a1c85ce855234fb3,250.0,76.34,23.66,VIP Customer,VIP Loyalty Benefits,39.1,54.0,23.66,Loyal Stage
325149f3fd67b6e44a634ca8524e75f6,119.8,76.71,23.29,Regular Customer,Regular Marketing,38.8,53.96,23.29,Loyal Stage
32583a4bb59d2e82e5c5d2924d26b509,197.5,76.98,23.02,VIP Customer,VIP Loyalty Benefits,39.22,54.32,23.02,Loyal Stage
325dfeb1809ea61290f5d3f2adafcda7,299.9,76.51,23.49,VIP Customer,VIP Loyalty Benefits,39.37,54.23,23.49,Loyal Stage
325eef70a26376c2e72c30925a5f8827,0.0,76.79,23.21,Regular Customer,Regular Marketing,38.4,53.76,23.21,Loyal Stage
32788468d0b9ff196663c5659861c8db,119.0,76.51,23.49,Regular Customer,Regular Marketing,38.7,53.82,23.49,Loyal Stage
327cb0a898628560f2f09ecb14d4cae7,120.0,76.71,23.29,Regular Customer,Regular Marketing,38.8,53.96,23.29,Loyal Stage
327d5e33e57f7c4d96aff80677f25d94,53.8,75.53,24.47,Regular Customer,Regular Marketing,37.97,52.99,24.47,Loyal Stage
328224782226c0f6889518461f702ddd,54.99,77.03,22.97,Regular Customer,Regular Marketing,38.72,54.04,22.97,Loyal Stage
328685e0fb890223f3ab37351a0f33e1,35.94,77.16,22.84,Regular Customer,Regular Marketing,38.71,54.09,22.84,Loyal Stage
32977ad79e18d02868a56afa22a3a270,36.49,76.23,23.77,Regular Customer,Regular Marketing,38.25,53.44,23.77,Loyal Stage
329aad6fa941f787358a07e787be91e8,134.89,76.73,23.27,Regular Customer,Regular Marketing,38.87,54.01,23.27,Loyal Stage
32abbbd59e2730d6f78129d3ffb905c8,0.0,76.95,23.05,Regular Customer,Regular Marketing,38.48,53.87,23.05,Loyal Stage
32b3af6c5548b794f1924e7dc83f9e00,120.0,75.52,24.48,Regular Customer,Regular Marketing,38.21,53.13,24.48,Loyal Stage
32c5259b38e5259914d2da7c52c2c91c,289.99,77.07,22.93,VIP Customer,VIP Loyalty Benefits,39.61,54.59,22.93,Loyal Stage
32d9b2ee331979f5f37273cb9353e28e,99.9,75.65,24.35,Regular Customer,Regular Marketing,38.2,53.18,24.35,Loyal Stage
32e3357880db81aeae23bae1337c6e63,129.9,75.54,24.46,Regular Customer,Regular Marketing,38.25,53.17,24.46,Loyal Stage
32f5b6a5a3bc68667579db0df13dca86,179.9,76.9,23.1,VIP Customer,VIP Loyalty Benefits,39.12,54.23,23.1,Loyal Stage
32fb60e2ce6a1f62eeccbc2d33046072,427.8,76.86,23.14,VIP Customer,VIP Loyalty Benefits,40.02,54.76,23.14,Loyal Stage
3301ed311d556f65038f3c50002eef18,143.8,76.55,23.45,VIP Customer,VIP Loyalty Benefits,38.81,53.91,23.45,Loyal Stage
33094ac6ba8c6a0851b9775bcea7b932,57.98,75.43,24.57,Regular Customer,Regular Marketing,37.93,52.93,24.57,Loyal Stage
330ca5e049b32835732e86fdf8402418,0.0,76.33,23.67,Regular Customer,Regular Marketing,38.16,53.43,23.67,Loyal Stage
331b3b4cbbec4a67b2d5544a3ee694b6,38.95,76.49,23.51,Regular Customer,Regular Marketing,38.39,53.63,23.51,Loyal Stage
3333f0287d8a19d37985d4920dac1ddd,0.0,76.02,23.98,Regular Customer,Regular Marketing,38.01,53.21,23.98,Loyal Stage
333cc446a591ca3e833a3a0bdbf84744,74.99,77.01,22.99,Regular Customer,Regular Marketing,38.78,54.07,22.99,Loyal Stage
3353f4c5877c92dabf4068661b4564fd,34.9,75.55,24.45,Regular Customer,Regular Marketing,37.9,52.96,24.45,Loyal Stage
336997ec3051eb32cabd9564ba1980c3,0.0,75.76,24.24,Regular Customer,Regular Marketing,37.88,53.03,24.24,Loyal Stage
336a5319af40378c86fd797109f2b818,0.0,77.05,22.95,Regular Customer,Regular Marketing,38.52,53.93,22.95,Loyal Stage
337691bc9242e1d53d521ed78a12ab8d,107.98,76.23,23.77,Regular Customer,Regular Marketing,38.52,53.6,23.77,Loyal Stage
337bf0efbf9e5ba67461d2e5b4e5c2b1,99.8,77.2,22.8,Regular Customer,Regular Marketing,38.97,54.26,22.8,Loyal Stage
339f34206b47320a2fce8cb2197e13cb,0.0,76.9,23.1,Regular Customer,Regular Marketing,38.45,53.83,23.1,Loyal Stage
33a419b0647279e06d968238c820a7b0,87.99,76.77,23.23,Regular Customer,Regular Marketing,38.71,53.93,23.23,Loyal Stage
33a420dd96071ffb3fba60e0e2d31ee6,0.0,77.0,23.0,Regular Customer,Regular Marketing,38.5,53.9,23.0,Loyal Stage
33ad06a63dc935b7e0f1771725840c2e,31.9,77.0,23.0,Regular Customer,Regular Marketing,38.62,53.97,23.0,Loyal Stage
33bb2307143a2aad355b397ea98f9298,0.0,76.07,23.93,Regular Customer,Regular Marketing,38.03,53.25,23.93,Loyal Stage
33c147c0a18acae143ff99d7b7b3c88d,89.8,76.63,23.37,Regular Customer,Regular Marketing,38.65,53.84,23.37,Loyal Stage
33cbc3280a7e0b74aee288e7f087773a,330.0,77.28,22.72,VIP Customer,VIP Loyalty Benefits,39.87,54.83,22.72,Loyal Stage
33d03a27f57497a1f9f27b2b31d5b6f0,29.9,75.8,24.2,Regular Customer,Regular Marketing,38.01,53.13,24.2,Loyal Stage
33d09aad1208fc5635c7a7cc5b669f47,0.0,76.69,23.31,Regular Customer,Regular Marketing,38.34,53.68,23.31,Loyal Stage
33dc85cfdc3b4c5fe951512e9b426f78,29.7,76.32,23.68,Regular Customer,Regular Marketing,38.27,53.49,23.68,Loyal Stage
33e608856217dd0b34bf69e313470406,54.9,76.05,23.95,Regular Customer,Regular Marketing,38.23,53.36,23.95,Loyal Stage
33e670a0bcac60875ceada1c240aa9fd,0.0,75.34,24.66,Regular Customer,Regular Marketing,37.67,52.74,24.66,Loyal Stage
33e79e15e9937ba1bc8f61eedae9e7f0,0.0,75.91,24.09,Regular Customer,Regular Marketing,37.96,53.14,24.09,Loyal Stage
33ed8e5d195087469e8b468711050e78,119.99,75.83,24.17,Regular Customer,Regular Marketing,38.36,53.35,24.17,Loyal Stage
33ede6358f72431c7089ee96f2cc74d9,0.0,75.7,24.3,Regular Customer,Regular Marketing,37.85,52.99,24.3,Loyal Stage
3407e598096dd434796b258aa5f82352,383.5,76.07,23.93,VIP Customer,VIP Loyalty Benefits,39.46,54.1,23.93,Loyal Stage
340dadff945403735c1e1194312527b8,99.8,76.58,23.42,Regular Customer,Regular Marketing,38.66,53.83,23.42,Loyal Stage
340f62385fbaaf2d7947c6cb82fb0318,28.9,76.42,23.58,Regular Customer,Regular Marketing,38.32,53.56,23.58,Loyal Stage
34100feaf9480c1d7abfceadd873fed4,0.0,75.91,24.09,Regular Customer,Regular Marketing,37.96,53.14,24.09,Loyal Stage
3418a727cb2b8049ade87e9c7d253a8f,99.0,76.84,23.16,Regular Customer,Regular Marketing,38.79,54.01,23.16,Loyal Stage
34262db1627aa18036fc53e7f7401a83,219.9,76.03,23.97,VIP Customer,VIP Loyalty Benefits,38.83,53.71,23.97,Loyal Stage
342b3688cdd90937ef04134ad81f9cd8,88.9,75.53,24.47,Regular Customer,Regular Marketing,38.1,53.07,24.47,Loyal Stage
343734b4c50198f05c837175753511e5,99.0,76.01,23.99,Regular Customer,Regular Marketing,38.37,53.43,23.99,Loyal Stage
3443e2eebf6b2795c6bac47c21c62f0d,0.0,77.31,22.69,Regular Customer,Regular Marketing,38.66,54.12,22.69,Loyal Stage
34502bdbecbd6a3b1dd162fe201556dd,110.32,77.27,22.73,Regular Customer,Regular Marketing,39.05,54.34,22.73,Loyal Stage
3452ab2292e6f5f62bba6adf0904d0f2,57.0,76.82,23.18,Regular Customer,Regular Marketing,38.62,53.9,23.18,Loyal Stage
345ecd01c38d18a9036ed96c73b8d066,230.0,76.15,23.85,VIP Customer,VIP Loyalty Benefits,38.93,53.82,23.85,Loyal Stage
345f826a792323c0f3ee7c5ef83bd697,107.9,75.66,24.34,Regular Customer,Regular Marketing,38.23,53.2,24.34,Loyal Stage
34728d8e24570a2c5be957176d56f1af,77.9,75.98,24.02,Regular Customer,Regular Marketing,38.28,53.36,24.02,Loyal Stage
34790c4ad838df9777dc1c36e1c3ec8a,98.0,75.9,24.1,Regular Customer,Regular Marketing,38.31,53.35,24.1,Loyal Stage
347bfbf36e1d0f1d044b3cb416a8b7c4,218.0,77.43,22.57,VIP Customer,VIP Loyalty Benefits,39.53,54.69,22.57,Loyal Stage
3481fb2fa4580acaf2846d4a12df6ea9,99.0,76.22,23.78,Regular Customer,Regular Marketing,38.48,53.58,23.78,Loyal Stage
3496647e29e6d83f3aa91a822818d94d,102.9,76.27,23.73,Regular Customer,Regular Marketing,38.52,53.62,23.73,Loyal Stage
34a17d2030388bc2dcc3082c8f77a75c,42.2,77.06,22.94,Regular Customer,Regular Marketing,38.69,54.04,22.94,Loyal Stage
34b0cd95480e55c2a701293a2b9671b3,30.0,77.4,22.6,Regular Customer,Regular Marketing,38.81,54.25,22.6,Loyal Stage
34c13cd5451e9a2b8dcd0a2260ad631b,0.0,75.96,24.04,Regular Customer,Regular Marketing,37.98,53.17,24.04,Loyal Stage
34e8a974abc4fbfce131ab2b1c872439,81.0,75.98,24.02,Regular Customer,Regular Marketing,38.29,53.37,24.02,Loyal Stage
34f15eaffb86fbc89f0f05b534986c8f,56.99,76.1,23.9,Regular Customer,Regular Marketing,38.26,53.4,23.9,Loyal Stage
34f29e42f5a797ce5e5a26370440ccd7,272.01,77.26,22.74,VIP Customer,VIP Loyalty Benefits,39.64,54.69,22.74,Loyal Stage
34f70f4e502d74bebd37b1875c1c4ccd,0.0,76.79,23.21,Regular Customer,Regular Marketing,38.4,53.76,23.21,Loyal Stage
34f82fd6f1daf2fe8cf04e71cee4606a,24.9,76.21,23.79,Regular Customer,Regular Marketing,38.2,53.4,23.79,Loyal Stage
34fb8e7f0f5aa9d667b02f387fcbcc53,49.9,76.45,23.55,Regular Customer,Regular Marketing,38.41,53.63,23.55,Loyal Stage
35030ce0e8fbaf8850ae26fc3d882331,43.6,76.18,23.82,Regular Customer,Regular Marketing,38.25,53.42,23.82,Loyal Stage
3505269571f6d50ac816db11161326df,110.0,76.85,23.15,Regular Customer,Regular Marketing,38.83,54.04,23.15,Loyal Stage
3508403af254d6222c16e8e289120285,79.49,77.27,22.73,Regular Customer,Regular Marketing,38.93,54.27,22.73,Loyal Stage
350b4f552289d46cd2a225f9a5f9d869,459.8,76.49,23.51,VIP Customer,VIP Loyalty Benefits,39.96,54.57,23.51,Loyal Stage
350b6a7c7aeb1f5fe013e0dc536c8e9e,68.5,76.79,23.21,Regular Customer,Regular Marketing,38.65,53.91,23.21,Loyal Stage
350cf2359f4dc8e9c0681754e1556972,0.0,76.02,23.98,Regular Customer,Regular Marketing,38.01,53.21,23.98,Loyal Stage
3510fde90b47c4962dfe1ba700580534,0.0,76.69,23.31,Regular Customer,Regular Marketing,38.34,53.68,23.31,Loyal Stage
35265d972a3f3e1c348e8c280ae3afd4,28.9,75.44,24.56,Regular Customer,Regular Marketing,37.83,52.87,24.56,Loyal Stage
35337be503b4bbaaf0ff2c6210875aed,79.9,76.29,23.71,Regular Customer,Regular Marketing,38.44,53.58,23.71,Loyal Stage
353abbc2c1236d9879d97de370db0980,129.9,76.47,23.53,Regular Customer,Regular Marketing,38.72,53.82,23.53,Loyal Stage
3545e72419b85e854dd74997461beb73,134.9,77.35,22.65,Regular Customer,Regular Marketing,39.18,54.45,22.65,Loyal Stage
354be39d3b37cfd58e73f53cfd0174da,55.0,77.23,22.77,Regular Customer,Regular Marketing,38.82,54.18,22.77,Loyal Stage
354fa4b6a34304600de128c7196a7a2a,598.0,77.84,22.16,VIP Customer,VIP Loyalty Benefits,41.14,55.82,22.16,Loyal Stage
355c5fff422190fa2474ace9e1582d5e,44.9,77.01,22.99,Regular Customer,Regular Marketing,38.67,54.01,22.99,Loyal Stage
355e4d8054479703e56d694dc661e35d,129.0,76.42,23.58,Regular Customer,Regular Marketing,38.69,53.78,23.58,Loyal Stage
357347144c44f5fbd1c9c2155de9a3b6,75.0,76.9,23.1,Regular Customer,Regular Marketing,38.73,54.0,23.1,Loyal Stage
3573b9d42bc178dbd9498308a0f2ea97,447.0,77.09,22.91,VIP Customer,VIP Loyalty Benefits,40.21,54.96,22.91,Loyal Stage
3584499f418a3d1561146c07564c3ee4,252.9,76.03,23.97,VIP Customer,VIP Loyalty Benefits,38.96,53.79,23.97,Loyal Stage
359491f8f6503bc517f4974cf235e161,119.0,76.97,23.03,Regular Customer,Regular Marketing,38.93,54.15,23.03,Loyal Stage
35a99f9a80b0882ad631427a67f2d363,49.99,75.42,24.58,Regular Customer,Regular Marketing,37.9,52.91,24.58,Loyal Stage
35b7b2964b474b63fcd4346f63805bbb,98.0,76.32,23.68,Regular Customer,Regular Marketing,38.52,53.64,23.68,Loyal Stage
35bf77c96c4199cc426de8c6906bf726,49.0,76.81,23.19,Regular Customer,Regular Marketing,38.59,53.88,23.19,Loyal Stage
35c09f58f876343230e0917e8b4309c8,79.9,75.67,24.33,Regular Customer,Regular Marketing,38.13,53.15,24.33,Loyal Stage
35c62cb24d4c38a9d121fed1a43b2237,0.0,77.15,22.85,Regular Customer,Regular Marketing,38.58,54.01,22.85,Loyal Stage
35d4b67f1f0e72796088a52048cc6abd,79.0,77.27,22.73,Regular Customer,Regular Marketing,38.93,54.27,22.73,Loyal Stage
35dfd97c18fdac5b44db61ce1cf39704,26.5,76.47,23.53,Regular Customer,Regular Marketing,38.33,53.59,23.53,Loyal Stage
35ea3181ac054386b2ae83b29bef9b20,119.9,76.81,23.19,Regular Customer,Regular Marketing,38.85,54.03,23.19,Loyal Stage
35edcc3677135912a62091c6fc98a12d,0.0,76.33,23.67,Regular Customer,Regular Marketing,38.16,53.43,23.67,Loyal Stage
35f74ae943b52b63c40c381e16118b32,179.0,76.23,23.77,VIP Customer,VIP Loyalty Benefits,38.78,53.76,23.77,Loyal Stage
35f9c06b21bcfc50e0d0ebdfa147a94e,42.0,76.34,23.66,Regular Customer,Regular Marketing,38.33,53.53,23.66,Loyal Stage
35fc79d55fecaba18ca450947c90630e,78.9,76.96,23.04,Regular Customer,Regular Marketing,38.77,54.05,23.04,Loyal Stage
35ffdc750d13d77f2c0f2bde57693c41,0.0,76.12,23.88,Regular Customer,Regular Marketing,38.06,53.28,23.88,Loyal Stage
36108c0f9b850fc04c4c84ece40ec40c,99.9,76.27,23.73,Regular Customer,Regular Marketing,38.51,53.61,23.73,Loyal Stage
3624922ce5eb67c51426dadf911508fa,0.0,75.7,24.3,Regular Customer,Regular Marketing,37.85,52.99,24.3,Loyal Stage
362f74c1d6e7015625b8464d05a8a149,69.9,76.07,23.93,Regular Customer,Regular Marketing,38.3,53.41,23.93,Loyal Stage
36332743565d2d80c0ab9ae2f448ef32,13.97,76.45,23.55,Regular Customer,Regular Marketing,38.28,53.55,23.55,Loyal Stage
36354e8bfa93c7852a8eae51ae4a311a,25.0,77.14,22.86,Regular Customer,Regular Marketing,38.66,54.05,22.86,Loyal Stage
3640313d0b30f61df4c9de775fb1ecbd,24.99,77.35,22.65,Regular Customer,Regular Marketing,38.77,54.2,22.65,Loyal Stage
364cd8a1b36e7aeadf24976a3e7a0702,69.0,75.96,24.04,Regular Customer,Regular Marketing,38.24,53.33,24.04,Loyal Stage
36531b83002d76ec03ce7dff56beacb8,0.0,76.64,23.36,Regular Customer,Regular Marketing,38.32,53.65,23.36,Loyal Stage
3655eeed8edb6b61ad8522a4a0e60391,99.99,76.73,23.27,Regular Customer,Regular Marketing,38.74,53.94,23.27,Loyal Stage
366b695cc30ab1d5e28552c0704af5cb,58.0,76.26,23.74,Regular Customer,Regular Marketing,38.35,53.51,23.74,Loyal Stage
36b070a7ce61be43443f1f608fa56201,29.9,76.63,23.37,Regular Customer,Regular Marketing,38.43,53.71,23.37,Loyal Stage
36b2580720d92788789073253ae6b8a1,0.0,76.28,23.72,Regular Customer,Regular Marketing,38.14,53.4,23.72,Loyal Stage
36bd892f6057fa876faf6352fe330a6a,129.9,76.52,23.48,Regular Customer,Regular Marketing,38.74,53.85,23.48,Loyal Stage
36c2e404800b055e0ebeb26c96e23fd0,0.0,76.07,23.93,Regular Customer,Regular Marketing,38.03,53.25,23.93,Loyal Stage
36c376ed4b37b55c76d73b4f75086c6d,329.99,76.4,23.6,VIP Customer,VIP Loyalty Benefits,39.43,54.22,23.6,Loyal Stage
36cd1438569a7617fba172c014dc48dd,55.0,75.58,24.42,Regular Customer,Regular Marketing,37.99,53.03,24.42,Loyal Stage
36d5ed64f0e47b76656cb3843887a8cb,0.0,76.12,23.88,Regular Customer,Regular Marketing,38.06,53.28,23.88,Loyal Stage
36f8e4ca148a3c0916e6233c825b13c0,74.9,75.66,24.34,Regular Customer,Regular Marketing,38.11,53.13,24.34,Loyal Stage
370c6f261334ee5235f6f6e13825d707,24.9,76.78,23.22,Regular Customer,Regular Marketing,38.48,53.8,23.22,Loyal Stage
370f5ba1aff084f218101f709b1f0e94,129.49,76.42,23.58,Regular Customer,Regular Marketing,38.69,53.78,23.58,Loyal Stage
371731a0c38d36355c9391a2050e46ea,364.0,77.33,22.67,VIP Customer,VIP Loyalty Benefits,40.02,54.94,22.67,Loyal Stage
371e3bf1adb3cd4edd421e32c7a2af97,0.0,77.05,22.95,Regular Customer,Regular Marketing,38.52,53.93,22.95,Loyal Stage
3725c5b8c1cf5ee69158f66922a862c4,119.0,77.07,22.93,Regular Customer,Regular Marketing,38.98,54.22,22.93,Loyal Stage
372b41e8faa2819e0b6346b16cdf402b,12.88,75.62,24.38,Regular Customer,Regular Marketing,37.86,52.96,24.38,Loyal Stage
372f4d64dacadbf63821f503090ff4de,42.9,76.7,23.3,Regular Customer,Regular Marketing,38.51,53.79,23.3,Loyal Stage
373b58bc6a02d3603399480b5a9ae434,8.49,77.32,22.68,Regular Customer,Regular Marketing,38.69,54.14,22.68,Loyal Stage
37466c67c3becb974e230f418df28055,99.0,76.11,23.89,Regular Customer,Regular Marketing,38.42,53.5,23.89,Loyal Stage
374f6f36f49399403bb170eb8d4cd468,69.9,76.74,23.26,Regular Customer,Regular Marketing,38.63,53.87,23.26,Loyal Stage
37545fcae46b8fcf901d198ca10d82ab,81.9,76.81,23.19,Regular Customer,Regular Marketing,38.71,53.95,23.19,Loyal Stage
3759e74e43a422fd5caaff932a6c82be,0.0,76.28,23.72,Regular Customer,Regular Marketing,38.14,53.4,23.72,Loyal Stage
375beeae21434d7c54c4c2ff5bad9e42,105.0,76.43,23.57,Regular Customer,Regular Marketing,38.61,53.74,23.57,Loyal Stage
376c6321c9b503efcd9614adb8cc0d30,49.7,76.55,23.45,Regular Customer,Regular Marketing,38.46,53.7,23.45,Loyal Stage
37785d41ce5c42aa3e3774e944f6d035,0.0,76.07,23.93,Regular Customer,Regular Marketing,38.03,53.25,23.93,Loyal Stage
3791233090cbbeefbc0518859472bd2d,0.0,77.05,22.95,Regular Customer,Regular Marketing,38.52,53.93,22.95,Loyal Stage
3796a05fa0711926a786f151fe8124d1,196.9,76.21,23.79,VIP Customer,VIP Loyalty Benefits,38.84,53.79,23.79,Loyal Stage
379ede85ebaa3908364a741eccd70a6e,50.75,76.82,23.18,Regular Customer,Regular Marketing,38.6,53.89,23.18,Loyal Stage
37a37a6bed18e2117e1896597a539b21,0.0,76.02,23.98,Regular Customer,Regular Marketing,38.01,53.21,23.98,Loyal Stage
37a9d4e1f5d25c9632995c050fb1b1f2,49.0,76.24,23.76,Regular Customer,Regular Marketing,38.3,53.48,23.76,Loyal Stage
37b54c95638fd68ce8bd69a4c011ee36,124.43,76.72,23.28,Regular Customer,Regular Marketing,38.82,53.98,23.28,Loyal Stage
37bec3b390413f0006aadd2685a3de74,0.0,75.65,24.35,Regular Customer,Regular Marketing,37.83,52.96,24.35,Loyal Stage
37bf045929bf4c8e2f73deaf9432e9fe,166.9,76.68,23.32,VIP Customer,VIP Loyalty Benefits,38.96,54.05,23.32,Loyal Stage
37d537a20fa2fa2de974af98c552fdfd,74.9,76.28,23.72,Regular Customer,Regular Marketing,38.42,53.56,23.72,Loyal Stage
37d9674ba5b7cf1b8a1595ecce66ffd1,129.9,75.64,24.36,Regular Customer,Regular Marketing,38.3,53.24,24.36,Loyal Stage
37d96e337d68c6e37e9612dcd39f5de6,35.0,75.4,24.6,Regular Customer,Regular Marketing,37.83,52.86,24.6,Loyal Stage
37e17edc107a2e3feecf9514f555b5c3,105.0,76.17,23.83,Regular Customer,Regular Marketing,38.48,53.56,23.83,Loyal Stage
37e2b1b11cd1d83c2b4e3d63049b80bb,50.0,77.07,22.93,Regular Customer,Regular Marketing,38.72,54.06,22.93,Loyal Stage
37e5868f809fe493cedc716bec6e4e71,199.0,75.64,24.36,VIP Customer,VIP Loyalty Benefits,38.56,53.39,24.36,Loyal Stage
37ebc5d2bfb5e627815f16fe28da474a,40.0,76.49,23.51,Regular Customer,Regular Marketing,38.39,53.63,23.51,Loyal Stage
37ee946073f13847d64af1e3bc984da7,225.0,76.31,23.69,VIP Customer,VIP Loyalty Benefits,38.99,53.92,23.69,Loyal Stage
37f0979ea3d385eeb459cb1a8b75a994,129.9,76.42,23.58,Regular Customer,Regular Marketing,38.69,53.78,23.58,Loyal Stage
380617198d4ae9d6723d5735ce1ea8b7,0.0,76.95,23.05,Regular Customer,Regular Marketing,38.48,53.87,23.05,Loyal Stage
38147120ef93174c2a4dc73918c2489a,47.0,76.14,23.86,Regular Customer,Regular Marketing,38.24,53.4,23.86,Loyal Stage
381a3e3bda7b6f4c7c5908e2b385cd48,105.0,76.38,23.62,Regular Customer,Regular Marketing,38.58,53.7,23.62,Loyal Stage
38205800fd0c2ef9abfe21ac70979cb1,0.0,75.55,24.45,Regular Customer,Regular Marketing,37.78,52.89,24.45,Loyal Stage
382eed2ef04ec2c6afdb28d7492a17f5,78.0,75.62,24.38,Regular Customer,Regular Marketing,38.1,53.11,24.38,Loyal Stage
3835ffb159db5caefaee811db9477b6c,0.0,77.0,23.0,Regular Customer,Regular Marketing,38.5,53.9,23.0,Loyal Stage
383d3467a4c68eb30648087a9373525b,98.9,76.48,23.52,Regular Customer,Regular Marketing,38.61,53.76,23.52,Loyal Stage
383fa1a759c0437605732a46d4f43d2c,24.89,75.64,24.36,Regular Customer,Regular Marketing,37.91,53.0,24.36,Loyal Stage
38617bf4355f96ed474cacae71db2873,107.65,75.56,24.44,Regular Customer,Regular Marketing,38.18,53.13,24.44,Loyal Stage
386dc0c56992750e382bed7a3b18e64e,136.9,76.06,23.94,Regular Customer,Regular Marketing,38.54,53.55,23.94,Loyal Stage
387207b587c829c6678a03c8b711ae1e,129.9,77.04,22.96,Regular Customer,Regular Marketing,39.0,54.22,22.96,Loyal Stage
387afde4c4a143dd03995326000b009e,49.9,76.4,23.6,Regular Customer,Regular Marketing,38.39,53.59,23.6,Loyal Stage
387b38ebe598313ef56ef3df19b192af,67.0,75.45,24.55,Regular Customer,Regular Marketing,37.97,52.96,24.55,Loyal Stage
387dfe9949a341018335ecc237ee7a28,550.0,77.1,22.9,VIP Customer,VIP Loyalty Benefits,40.6,55.2,22.9,Loyal Stage
388d4116976d6a8a99dd31e6b027ec16,193.0,77.29,22.71,VIP Customer,VIP Loyalty Benefits,39.36,54.53,22.71,Loyal Stage
38984b0187e1e54e2ffe2d03cba9d4e4,98.0,76.37,23.63,Regular Customer,Regular Marketing,38.55,53.68,23.63,Loyal Stage
38a3c9dc08bcc55b0a95377544598efb,49.9,75.78,24.22,Regular Customer,Regular Marketing,38.08,53.16,24.22,Loyal Stage
38af33fca0e5c2be6bb04f77f51b2cbe,237.9,75.85,24.15,VIP Customer,VIP Loyalty Benefits,38.81,53.63,24.15,Loyal Stage
38b8752d745e01a425f8df47f7b2f57d,129.0,76.52,23.48,Regular Customer,Regular Marketing,38.74,53.85,23.48,Loyal Stage
38cf1d19f55fcf73ffb24fd534657f89,129.9,76.78,23.22,Regular Customer,Regular Marketing,38.87,54.03,23.22,Loyal Stage
38d65d91905088a7b7d5be3ac5a05509,0.0,76.22,23.78,Regular Customer,Regular Marketing,38.11,53.35,23.78,Loyal Stage
38dc6bac2ab46dd484d3548b84d91956,29.9,76.89,23.11,Regular Customer,Regular Marketing,38.56,53.89,23.11,Loyal Stage
38e5765c17873bd5faff89560d38ca0d,30.99,76.17,23.83,Regular Customer,Regular Marketing,38.2,53.39,23.83,Loyal Stage
38fc890f517a8327ca25ef4b190fcc29,0.0,76.38,23.62,Regular Customer,Regular Marketing,38.19,53.47,23.62,Loyal Stage
391d6062da3dd65b4de4524f28c478de,0.0,77.36,22.64,Regular Customer,Regular Marketing,38.68,54.15,22.64,Loyal Stage
391e6e8aa37c7fbad878931eb061a4ed,0.0,75.45,24.55,Regular Customer,Regular Marketing,37.72,52.81,24.55,Loyal Stage
3921cce6cea68738f49b58a1efa5efe4,139.0,76.17,23.83,VIP Customer,VIP Loyalty Benefits,38.6,53.63,23.83,Loyal Stage
392feae61144aae9e719bfa700c095f0,19.9,76.77,23.23,Regular Customer,Regular Marketing,38.46,53.78,23.23,Loyal Stage
393c2ace23a135d0bcc7e70167448e16,145.9,75.56,24.44,VIP Customer,VIP Loyalty Benefits,38.32,53.22,24.44,Loyal Stage
39406d5888ebe67839dc26b348c0d12f,18.9,75.68,24.32,Regular Customer,Regular Marketing,37.91,53.02,24.32,Loyal Stage
3941d548b98c232be3b02321648523ad,102.89,75.4,24.6,Regular Customer,Regular Marketing,38.08,53.01,24.6,Loyal Stage
394ac4de8f3acb14253c177f0e15bc58,633.16,75.28,24.72,VIP Customer,VIP Loyalty Benefits,40.0,54.11,24.72,Loyal Stage
394b2ce444baae9ae609f5d32000de0f,0.0,76.17,23.83,Regular Customer,Regular Marketing,38.08,53.32,23.83,Loyal Stage
39518dab7aa8a79da80322d53bf504d4,190.0,75.99,24.01,VIP Customer,VIP Loyalty Benefits,38.7,53.62,24.01,Loyal Stage
39618678c9395910a7d675df2b0af941,228.08,75.64,24.36,VIP Customer,VIP Loyalty Benefits,38.67,53.46,24.36,Loyal Stage
39625643b498b08ebf941f9170277974,166.9,76.58,23.42,VIP Customer,VIP Loyalty Benefits,38.91,53.98,23.42,Loyal Stage
396bda2718b577957f49b356de0788ab,94.8,76.93,23.07,Regular Customer,Regular Marketing,38.82,54.06,23.07,Loyal Stage
397567bb88c56e494c4b4173b676266e,122.99,77.18,22.82,Regular Customer,Regular Marketing,39.05,54.3,22.82,Loyal Stage
397a4356d59c9e071dac70a4b83ec753,57.98,77.09,22.91,Regular Customer,Regular Marketing,38.76,54.09,22.91,Loyal Stage
397cc6f362ce814681a6d95e3b9cde2c,478.0,76.62,23.38,VIP Customer,VIP Loyalty Benefits,40.09,54.7,23.38,Loyal Stage
39890e8a7f409dde80aef016e9601937,127.9,76.93,23.07,Regular Customer,Regular Marketing,38.94,54.14,23.07,Loyal Stage
39904c3df1113ce1f1eeef9746ddb249,14.99,77.38,22.62,Regular Customer,Regular Marketing,38.75,54.2,22.62,Loyal Stage
399526cecdd93d45674f155913f3ee80,0.0,76.43,23.57,Regular Customer,Regular Marketing,38.22,53.5,23.57,Loyal Stage
39970ad502d08af64974aa8a8379df75,879.33,77.27,22.73,VIP Customer,VIP Loyalty Benefits,41.91,56.05,22.73,Loyal Stage
39b98c468a5e77a2fbccd907f7f093a1,38.9,75.56,24.44,Regular Customer,Regular Marketing,37.92,52.98,24.44,Loyal Stage
39bd5891db7b87eb546edc28933505c8,89.9,77.39,22.61,Regular Customer,Regular Marketing,39.03,54.37,22.61,Loyal Stage
39c3f1da75901b25ddc87e18ba12238e,0.0,75.86,24.14,Regular Customer,Regular Marketing,37.93,53.1,24.14,Loyal Stage
39c94711f67eef8b333eec08e1b96762,94.9,76.73,23.27,Regular Customer,Regular Marketing,38.72,53.92,23.27,Loyal Stage
39d08553577355fffa4c5e741c43bc8d,0.0,76.33,23.67,Regular Customer,Regular Marketing,38.16,53.43,23.67,Loyal Stage
39d26db6530f0ad21b671a973cb6e03f,330.0,77.39,22.61,VIP Customer,VIP Loyalty Benefits,39.92,54.91,22.61,Loyal Stage
39dddcbd76319f479030f4d291ef9592,0.0,76.28,23.72,Regular Customer,Regular Marketing,38.14,53.4,23.72,Loyal Stage
39e16ad9a306c8729696f7732acde86f,292.37,76.61,23.39,VIP Customer,VIP Loyalty Benefits,39.39,54.28,23.39,Loyal Stage
39e5c3959933167d14a989edd3b125a1,28.9,75.49,24.51,Regular Customer,Regular Marketing,37.85,52.91,24.51,Loyal Stage
39f31c1aae7c88de15521a33a3d5e44c,0.0,76.95,23.05,Regular Customer,Regular Marketing,38.48,53.87,23.05,Loyal Stage
3a03c18e57b25beb04fab567f3a38153,0.0,76.53,23.47,Regular Customer,Regular Marketing,38.26,53.57,23.47,Loyal Stage
3a0aa905da1ce8ced9144570dd49fd18,0.0,76.12,23.88,Regular Customer,Regular Marketing,38.06,53.28,23.88,Loyal Stage
3a1e94e3308e45730624bfb5c0b3bdd3,59.9,76.37,23.63,Regular Customer,Regular Marketing,38.41,53.59,23.63,Loyal Stage
3a25d96d18de69b1f8e5b49ba4b5d05e,77.9,75.66,24.34,Regular Customer,Regular Marketing,38.12,53.14,24.34,Loyal Stage
3a2b0491632d0fec093918658b12509f,0.0,76.02,23.98,Regular Customer,Regular Marketing,38.01,53.21,23.98,Loyal Stage
3a3de82351020a20e58a29338b9ef25f,0.0,75.96,24.04,Regular Customer,Regular Marketing,37.98,53.17,24.04,Loyal Stage
3a4e81aa3579f223320a3b7042746cf9,29.9,77.25,22.75,Regular Customer,Regular Marketing,38.74,54.14,22.75,Loyal Stage
3a4f4384f7eb8a1b73bd5d0ff73cf463,21.99,75.89,24.11,Regular Customer,Regular Marketing,38.03,53.17,24.11,Loyal Stage
3a50260990258c04dfa14e6f9d74533b,65.0,76.32,23.68,Regular Customer,Regular Marketing,38.4,53.57,23.68,Loyal Stage
3a54e2381195debdc5852a59f27086ad,249.0,76.49,23.51,VIP Customer,VIP Loyalty Benefits,39.17,54.1,23.51,Loyal Stage
3a5a2a6b6641daad335f911a79a3297d,99.9,76.37,23.63,Regular Customer,Regular Marketing,38.56,53.68,23.63,Loyal Stage
3a5e187267ab22976608fffc86276c44,0.0,76.28,23.72,Regular Customer,Regular Marketing,38.14,53.4,23.72,Loyal Stage
3a653a41f6f9fc3d2a113cf8398680e8,159.9,76.57,23.43,VIP Customer,VIP Loyalty Benefits,38.88,53.96,23.43,Loyal Stage
3a6bdbb79e6f1c8a32976584c0bfd5a3,49.0,76.86,23.14,Regular Customer,Regular Marketing,38.61,53.91,23.14,Loyal Stage
3a6de17201bd68a1fca5da3603f90eb6,0.0,76.95,23.05,Regular Customer,Regular Marketing,38.48,53.87,23.05,Loyal Stage
3a7eda76f0c7ac59d5d62dac7f3446b8,34.9,75.81,24.19,Regular Customer,Regular Marketing,38.03,53.14,24.19,Loyal Stage
3a9cbbf8b49fc8cab4e91ed1e3a25625,40.0,76.49,23.51,Regular Customer,Regular Marketing,38.39,53.63,23.51,Loyal Stage
3ab2f8203c5f8d73a1260109eb82eb20,1240.0,78.38,21.62,VIP Customer,VIP Loyalty Benefits,43.8,57.63,21.62,Loyal Stage
3ab5aca40607efa3d15d20637f81d42b,399.0,76.92,23.08,VIP Customer,VIP Loyalty Benefits,39.94,54.73,23.08,Loyal Stage
3ab5f644490e3bd3a743ca4e43710859,47.9,75.67,24.33,Regular Customer,Regular Marketing,38.01,53.07,24.33,Loyal Stage
3aba191a5118822792b669b766403a3f,279.9,76.9,23.1,VIP Customer,VIP Loyalty Benefits,39.49,54.45,23.1,Loyal Stage
3acd02ebfa5992ca408cbc3da8718093,289.0,77.58,22.42,VIP Customer,VIP Loyalty Benefits,39.87,54.95,22.42,Loyal Stage
3ad92ac14eaadf43a7fbeb9c1d8258fc,13.99,76.4,23.6,Regular Customer,Regular Marketing,38.25,53.51,23.6,Loyal Stage
3ae68a873484afec224de126a94c5974,209.99,75.76,24.24,VIP Customer,VIP Loyalty Benefits,38.66,53.5,24.24,Loyal Stage
3b03ec0592804e363b6cdbaeb22ef1b8,47.0,75.93,24.07,Regular Customer,Regular Marketing,38.14,53.26,24.07,Loyal Stage
3b0745c48a097ed671e15d6172db3c58,61.4,76.37,23.63,Regular Customer,Regular Marketing,38.41,53.59,23.63,Loyal Stage
3b0dbe4a609266add687a14510b8e74d,43.0,76.96,23.04,Regular Customer,Regular Marketing,38.64,53.97,23.04,Loyal Stage
3b152015193072c3f233ae67497e90af,26.5,76.57,23.43,Regular Customer,Regular Marketing,38.38,53.66,23.43,Loyal Stage
3b247557d39bbe49256993300b981adb,189.0,76.81,23.19,VIP Customer,VIP Loyalty Benefits,39.11,54.19,23.19,Loyal Stage
3b25730ea4e83eae8c0e90b100dde51d,109.99,76.49,23.51,Regular Customer,Regular Marketing,38.65,53.79,23.51,Loyal Stage
3b2aa6306d89754f8563a8e569f99a41,100.0,75.7,24.3,Regular Customer,Regular Marketing,38.22,53.21,24.3,Loyal Stage
3b3b1305abb17ce0e475af2fbd55d624,59.9,75.64,24.36,Regular Customer,Regular Marketing,38.04,53.08,24.36,Loyal Stage
3b4aa27b4c31050dc11c6c69867185e4,99.0,75.45,24.55,Regular Customer,Regular Marketing,38.09,53.03,24.55,Loyal Stage
3b5111374ff7e72e37bc2c9c6a78fb96,59.0,77.34,22.66,Regular Customer,Regular Marketing,38.89,54.27,22.66,Loyal Stage
3b53a1869c7172b2e89266d4e7d7b6a4,49.91,76.66,23.34,Regular Customer,Regular Marketing,38.52,53.78,23.34,Loyal Stage
3b601088e809efd71b63f5f5d02c6d31,29.99,75.96,24.04,Regular Customer,Regular Marketing,38.09,53.24,24.04,Loyal Stage
3b74d8b3502e3c66e17463cafb35b89f,1190.0,76.12,23.88,VIP Customer,VIP Loyalty Benefits,42.49,55.94,23.88,Loyal Stage
3b757b2d4351aae134b2f7e7bb9b156a,49.9,76.92,23.08,Regular Customer,Regular Marketing,38.65,53.96,23.08,Loyal Stage
3b75d1b422a2117edbde3a35b55b8692,29.9,75.39,24.61,Regular Customer,Regular Marketing,37.81,52.84,24.61,Loyal Stage
3b7860ba1d1bca8b56c192479bcbfe07,39.9,76.49,23.51,Regular Customer,Regular Marketing,38.39,53.63,23.51,Loyal Stage
3b840168e2fe4caf2e80969f83f368da,0.0,76.79,23.21,Regular Customer,Regular Marketing,38.4,53.76,23.21,Loyal Stage
3b8b040e02598a340cb390713891f895,120.49,77.02,22.98,Regular Customer,Regular Marketing,38.96,54.18,22.98,Loyal Stage
3b8fee1059c154ff8a64b7456b8eda97,96.99,77.2,22.8,Regular Customer,Regular Marketing,38.96,54.26,22.8,Loyal Stage
3b93bfab3bdce83683d66becddd9df2b,78.0,75.66,24.34,Regular Customer,Regular Marketing,38.12,53.14,24.34,Loyal Stage
3b974605c0e7e9dc99c2ef3e36aa0c6c,0.0,75.6,24.4,Regular Customer,Regular Marketing,37.8,52.92,24.4,Loyal Stage
3b9e02f3344d4d5f94465f05f296210f,28.28,75.59,24.41,Regular Customer,Regular Marketing,37.9,52.98,24.41,Loyal Stage
3ba8d36bd11c56cddc1f638858d4bf7c,34.9,76.43,23.57,Regular Customer,Regular Marketing,38.34,53.58,23.57,Loyal Stage
3bb10208b3ed9eeca8e7cfe769fd896e,67.9,77.36,22.64,Regular Customer,Regular Marketing,38.93,54.3,22.64,Loyal Stage
3bb2ce27d2180fbe3a27d6a93b6890d3,35.0,76.84,23.16,Regular Customer,Regular Marketing,38.55,53.87,23.16,Loyal Stage
3bb3aceda878cde8fae82efe6a416dd9,104.0,76.43,23.57,Regular Customer,Regular Marketing,38.6,53.73,23.57,Loyal Stage
3bbf03908fb2863f5537cec78cf5f70b,39.99,76.59,23.41,Regular Customer,Regular Marketing,38.44,53.7,23.41,Loyal Stage
3bcf206a716a39cc5964baf3a221886b,56.9,75.94,24.06,Regular Customer,Regular Marketing,38.18,53.28,24.06,Loyal Stage
3bcfb921ad1e10ee41c67dee1dc7aeab,80.9,77.07,22.93,Regular Customer,Regular Marketing,38.84,54.13,22.93,Loyal Stage
3bd36679c791dd432c81d931b3a86d32,79.0,77.17,22.83,Regular Customer,Regular Marketing,38.88,54.2,22.83,Loyal Stage
3bde82b4ad6c7f8eb68eb036e0258e85,116.9,76.91,23.09,Regular Customer,Regular Marketing,38.89,54.1,23.09,Loyal Stage
3be3fd5060ef3d08691b1b9d56cd0018,150.0,76.81,23.19,VIP Customer,VIP Loyalty Benefits,38.96,54.1,23.19,Loyal Stage
3bec6798ceb2e8fafb2e95e06b3610b7,60.0,76.16,23.84,Regular Customer,Regular Marketing,38.3,53.44,23.84,Loyal Stage
3bf9a44ef770ac450177ebc53c1445e0,59.99,76.26,23.74,Regular Customer,Regular Marketing,38.35,53.51,23.74,Loyal Stage
3c001938ee306e3e8c52c7c3bbbd0d3e,99.0,76.32,23.68,Regular Customer,Regular Marketing,38.53,53.65,23.68,Loyal Stage
3c068da825c04776514f05089b83ef6b,99.8,76.32,23.68,Regular Customer,Regular Marketing,38.53,53.65,23.68,Loyal Stage
3c103d77bd410537ae2a32c2b8155477,199.99,76.47,23.53,VIP Customer,VIP Loyalty Benefits,38.98,53.98,23.53,Loyal Stage
3c3cb7aa7b1db23bdc1a83276f38d118,59.55,76.46,23.54,Regular Customer,Regular Marketing,38.45,53.65,23.54,Loyal Stage
3c4d7fdb25ab947c7ac866ba940f9c32,97.2,75.95,24.05,Regular Customer,Regular Marketing,38.34,53.38,24.05,Loyal Stage
3c569102e3f62b32eb0300a277e57385,530.0,77.79,22.21,VIP Customer,VIP Loyalty Benefits,40.87,55.64,22.21,Loyal Stage
3c6556e3fc08ba08740f82c0ae799d29,56.1,76.82,23.18,Regular Customer,Regular Marketing,38.62,53.9,23.18,Loyal Stage
3c927aa188eb452fb90f9b5062247a8c,66.99,76.84,23.16,Regular Customer,Regular Marketing,38.67,53.94,23.16,Loyal Stage
3c943fa0307df17ea17cff5d8af3a96c,240.0,75.86,24.14,VIP Customer,VIP Loyalty Benefits,38.82,53.64,24.14,Loyal Stage
3c9c494fa1a6a69d05d632d8247cf684,549.9,76.42,23.58,VIP Customer,VIP Loyalty Benefits,40.26,54.72,23.58,Loyal Stage
3ca364ff88dc112d45daa31211480103,95.0,76.88,23.12,Regular Customer,Regular Marketing,38.79,54.03,23.12,Loyal Stage
3cb378e234a3ccc64f737a6bc4cad150,146.01,76.44,23.56,VIP Customer,VIP Loyalty Benefits,38.76,53.83,23.56,Loyal Stage
3cd7008d6897af25059399ccad52c76b,138.0,76.17,23.83,Regular Customer,Regular Marketing,38.6,53.63,23.83,Loyal Stage
3cdf85343de9512ef29d07a8c46a3ef0,49.0,76.14,23.86,Regular Customer,Regular Marketing,38.25,53.41,23.86,Loyal Stage
3ce1f073f23064622d54167bd161f9a8,23.0,75.53,24.47,Regular Customer,Regular Marketing,37.85,52.92,24.47,Loyal Stage
3cedce8d574ecec6c8043a8cf200d19d,66.99,76.27,23.73,Regular Customer,Regular Marketing,38.38,53.54,23.73,Loyal Stage
3cfb64438dca81224571761388af351c,199.9,76.31,23.69,VIP Customer,VIP Loyalty Benefits,38.9,53.86,23.69,Loyal Stage
3d0d76f399043498a5d188136c389b51,0.0,75.6,24.4,Regular Customer,Regular Marketing,37.8,52.92,24.4,Loyal Stage
3d1cd211ba069a73ccc4d17dcc8e5786,47.5,75.93,24.07,Regular Customer,Regular Marketing,38.14,53.26,24.07,Loyal Stage
3d1ebae4e6b553141e99a3fa5c3f21fc,14.9,75.47,24.53,Regular Customer,Regular Marketing,37.79,52.86,24.53,Loyal Stage
3d2906056c2f9ba0c2c955474fb6854f,36.9,75.4,24.6,Regular Customer,Regular Marketing,37.84,52.86,24.6,Loyal Stage
3d2af73eb54f22fa880d1523e4b9a6c7,87.97,76.25,23.75,Regular Customer,Regular Marketing,38.45,53.57,23.75,Loyal Stage
3d2b62a896340357f4cbbe6fb804b4ab,0.0,76.64,23.36,Regular Customer,Regular Marketing,38.32,53.65,23.36,Loyal Stage
3d2ef5f086d6689fb4d917d3ce727fe7,54.0,77.08,22.92,Regular Customer,Regular Marketing,38.74,54.08,22.92,Loyal Stage
3d3b321ab293296bc1ad4752ddbb0767,259.99,76.61,23.39,VIP Customer,VIP Loyalty Benefits,39.27,54.21,23.39,Loyal Stage
3d42778c5622056bc1891cd69d92f7ae,24.9,77.29,22.71,Regular Customer,Regular Marketing,38.74,54.16,22.71,Loyal Stage
3d4f12dece1264e5d6321f1b7f003336,28.82,77.25,22.75,Regular Customer,Regular Marketing,38.73,54.14,22.75,Loyal Stage
3d524cae0ddfe0e918f39e7e8ab49e8b,122.99,76.46,23.54,Regular Customer,Regular Marketing,38.69,53.8,23.54,Loyal Stage
3d5e14abd47ad7ae589af619b8d2489e,59.9,76.42,23.58,Regular Customer,Regular Marketing,38.43,53.63,23.58,Loyal Stage
3d6a13a1aa18fe9eb1ca966388a67ce8,0.0,76.58,23.42,Regular Customer,Regular Marketing,38.29,53.61,23.42,Loyal Stage
3d6e5110bc64eceed4091b4209f9935e,59.9,76.11,23.89,Regular Customer,Regular Marketing,38.28,53.41,23.89,Loyal Stage
3d7140f7eb346da3202a5f121dc31f94,340.0,76.73,23.27,VIP Customer,VIP Loyalty Benefits,39.63,54.47,23.27,Loyal Stage
3d7201a23fdbd167157b7abd027f92a7,35.0,77.0,23.0,Regular Customer,Regular Marketing,38.63,53.98,23.0,Loyal Stage
3d851653ff7a4c5393e62039bf02cfdd,74.99,77.06,22.94,Regular Customer,Regular Marketing,38.81,54.11,22.94,Loyal Stage
3d86efb31ed14a05d994860891ac529c,269.45,76.0,24.0,VIP Customer,VIP Loyalty Benefits,39.0,53.8,24.0,Loyal Stage
3d88eb9dbdae62a25db397df10cec4ec,300.0,76.67,23.33,VIP Customer,VIP Loyalty Benefits,39.45,54.34,23.33,Loyal Stage
3d8a51057b28b7b5172c8bc46cb6a7f5,0.0,75.5,24.5,Regular Customer,Regular Marketing,37.75,52.85,24.5,Loyal Stage
3d8f828c75606575e20a26416deea675,77.0,77.11,22.89,Regular Customer,Regular Marketing,38.84,54.15,22.89,Loyal Stage
3d9c211b025d7bb8837440ea8bd2eaa5,109.49,75.81,24.19,Regular Customer,Regular Marketing,38.31,53.31,24.19,Loyal Stage
3da48078f617c821d6887dbae37d9c6d,34.99,76.33,23.67,Regular Customer,Regular Marketing,38.3,53.51,23.67,Loyal Stage
3da952ce80be94f390086f4f4dcf4f21,149.9,76.29,23.71,VIP Customer,VIP Loyalty Benefits,38.7,53.74,23.71,Loyal Stage
3db70423f1e5cf9d8aba8a2d460f1700,37.91,76.95,23.05,Regular Customer,Regular Marketing,38.62,53.95,23.05,Loyal Stage
3dc92fbc9d257c1a071177ed6a88e192,0.0,76.69,23.31,Regular Customer,Regular Marketing,38.34,53.68,23.31,Loyal Stage
3dd21204331bd7a301e6f5a54cc83c34,118.9,76.5,23.5,Regular Customer,Regular Marketing,38.69,53.81,23.5,Loyal Stage
3de63ee92820ab2271995a05366d5955,148.8,76.6,23.4,VIP Customer,VIP Loyalty Benefits,38.85,53.95,23.4,Loyal Stage
3deefd795808c47f79519d9461a5cbe4,139.8,75.91,24.09,VIP Customer,VIP Loyalty Benefits,38.48,53.45,24.09,Loyal Stage
3df8c4ac8466c619ae81fb4931c494c5,0.0,76.9,23.1,Regular Customer,Regular Marketing,38.45,53.83,23.1,Loyal Stage
3e14eae48d5e0483f7a5e8c500f30ceb,110.65,76.39,23.61,Regular Customer,Regular Marketing,38.61,53.72,23.61,Loyal Stage
3e2662d873c55f390786c29319aaaeac,390.0,76.86,23.14,VIP Customer,VIP Loyalty Benefits,39.88,54.67,23.14,Loyal Stage
3e292f6c505245366c427567d218301b,79.0,77.07,22.93,Regular Customer,Regular Marketing,38.83,54.13,22.93,Loyal Stage
3e332338454c5752a0ff8cb3858fabfb,147.69,75.77,24.23,VIP Customer,VIP Loyalty Benefits,38.43,53.37,24.23,Loyal Stage
3e36d59a55c36aeb0c4c974c3c506246,39.0,76.85,23.15,Regular Customer,Regular Marketing,38.57,53.88,23.15,Loyal Stage
3e3be4ab20da89485d950d6be80201ec,19.99,75.68,24.32,Regular Customer,Regular Marketing,37.91,53.02,24.32,Loyal Stage
3e3d56f9737c010ccb5b67c601a18b53,185.79,76.19,23.81,VIP Customer,VIP Loyalty Benefits,38.79,53.75,23.81,Loyal Stage
3e3eb75c7d1339dba4a8bc472244032f,24.9,76.11,23.89,Regular Customer,Regular Marketing,38.15,53.33,23.89,Loyal Stage
3e4097c77d4fc69d520b2e7ceca9f4f5,85.9,77.33,22.67,Regular Customer,Regular Marketing,38.98,54.32,22.67,Loyal Stage
3e4e094846680d745e8769dcbe6732fa,20.0,77.03,22.97,Regular Customer,Regular Marketing,38.59,53.97,22.97,Loyal Stage
3e720608d10c93f40324a355df2f15d8,0.0,76.22,23.78,Regular Customer,Regular Marketing,38.11,53.35,23.78,Loyal Stage
3e8516f7f5aaa6d4276831965b722ab1,54.49,75.73,24.27,Regular Customer,Regular Marketing,38.07,53.13,24.27,Loyal Stage
3e9011895198c8bfa8b0782214bcf043,19.9,75.43,24.57,Regular Customer,Regular Marketing,37.79,52.85,24.57,Loyal Stage
3e96d96e52761d91cdbd5c5c48392ba6,49.0,76.3,23.7,Regular Customer,Regular Marketing,38.33,53.52,23.7,Loyal Stage
3e9c196f94da349ceb80fbef9c18e870,93.8,76.93,23.07,Regular Customer,Regular Marketing,38.81,54.06,23.07,Loyal Stage
3eadc791253552b8fd96e5f63b403c8f,0.0,75.5,24.5,Regular Customer,Regular Marketing,37.75,52.85,24.5,Loyal Stage
3eadcbb5a228a4a978a8112bcbffe573,36.75,75.71,24.29,Regular Customer,Regular Marketing,37.99,53.08,24.29,Loyal Stage
3ec928687af2c793017f7e782fe88632,199.08,76.52,23.48,VIP Customer,VIP Loyalty Benefits,39.0,54.01,23.48,Loyal Stage
3edc782fca57d4eed5280c38212be740,238.99,76.27,23.73,VIP Customer,VIP Loyalty Benefits,39.02,53.92,23.73,Loyal Stage
3edcab192482e9871c17b34cf98c3996,118.7,76.3,23.7,Regular Customer,Regular Marketing,38.59,53.67,23.7,Loyal Stage
3edd49fdcd50245d98b53ebb126af882,139.0,76.79,23.21,VIP Customer,VIP Loyalty Benefits,38.91,54.06,23.21,Loyal Stage
3ee546e47c7da8b1914696a0d382b108,93.97,75.69,24.31,Regular Customer,Regular Marketing,38.19,53.19,24.31,Loyal Stage
3eeb34bf01a5c44ab33a96dbacf9cb0c,67.0,75.65,24.35,Regular Customer,Regular Marketing,38.07,53.1,24.35,Loyal Stage
3efe4df288340c55425041192e0badf1,110.32,75.92,24.08,Regular Customer,Regular Marketing,38.37,53.39,24.08,Loyal Stage
3efe8677ea2d8eb0634c53ff5812f75a,0.0,75.5,24.5,Regular Customer,Regular Marketing,37.75,52.85,24.5,Loyal Stage
3f0a8616a74ac61fd87f3c0a49f36c0c,0.0,75.91,24.09,Regular Customer,Regular Marketing,37.96,53.14,24.09,Loyal Stage
3f25d002dc6c5203197943be44869f58,330.0,76.14,23.86,VIP Customer,VIP Loyalty Benefits,39.3,54.04,23.86,Loyal Stage
3f2b84c2c216da65fe6920afeedd08b1,0.0,76.84,23.16,Regular Customer,Regular Marketing,38.42,53.79,23.16,Loyal Stage
3f2e59fe4ce9eefe4e12a262079ce810,179.99,77.06,22.94,VIP Customer,VIP Loyalty Benefits,39.2,54.34,22.94,Loyal Stage
3f2f5c51b7b76041f4603a33094928fd,855.0,76.98,23.02,VIP Customer,VIP Loyalty Benefits,41.67,55.79,23.02,Loyal Stage
3f39ce61f0389896b879678063882744,140.0,75.76,24.24,VIP Customer,VIP Loyalty Benefits,38.4,53.34,24.24,Loyal Stage
3f39d2ea588a0e5899aaa6b6418d3d05,115.98,76.5,23.5,Regular Customer,Regular Marketing,38.68,53.81,23.5,Loyal Stage
3f3ce271b7f095df5029946f9f8edc13,149.98,75.77,24.23,VIP Customer,VIP Loyalty Benefits,38.44,53.37,24.23,Loyal Stage
3f409213293da6704d37b4868dd90c50,0.0,76.28,23.72,Regular Customer,Regular Marketing,38.14,53.4,23.72,Loyal Stage
3f4265aac241999625e521ccb38ec1ff,109.8,76.34,23.66,Regular Customer,Regular Marketing,38.58,53.68,23.66,Loyal Stage
3f4451e0fd8a6eb5c9e0214ea989920d,59.89,77.19,22.81,Regular Customer,Regular Marketing,38.82,54.17,22.81,Loyal Stage
3f445b94fd2f670e67dfbc30370340ad,43.0,76.8,23.2,Regular Customer,Regular Marketing,38.56,53.86,23.2,Loyal Stage
3f5917c6d394d7d1004842b25039a59e,197.5,75.64,24.36,VIP Customer,VIP Loyalty Benefits,38.55,53.39,24.36,Loyal Stage
3f59da3cb710cc2853609980e1b820d3,114.9,75.87,24.13,Regular Customer,Regular Marketing,38.36,53.36,24.13,Loyal Stage
3f62289965300b31b83ffa2f978ccb53,48.9,75.98,24.02,Regular Customer,Regular Marketing,38.17,53.29,24.02,Loyal Stage
3f66d7e007ef728aa55bbf88f8c55034,49.9,76.09,23.91,Regular Customer,Regular Marketing,38.23,53.37,23.91,Loyal Stage
3f6f50910798d7d0b7420b3a49a7ae5c,0.0,76.07,23.93,Regular Customer,Regular Marketing,38.03,53.25,23.93,Loyal Stage
3f79d63e7e3a081e08233f0c8fd9352c,49.9,76.04,23.96,Regular Customer,Regular Marketing,38.21,53.34,23.96,Loyal Stage
3f903ae26d5419e71b3eae9201f54c85,68.0,77.31,22.69,Regular Customer,Regular Marketing,38.91,54.27,22.69,Loyal Stage
3f92c696e9b3d2f871fb771eb98b5dcd,0.0,75.86,24.14,Regular Customer,Regular Marketing,37.93,53.1,24.14,Loyal Stage
3f9bb1cc786f6a4ecfd6b3d868d39357,1300.0,78.88,21.12,VIP Customer,VIP Loyalty Benefits,44.28,58.12,21.12,Loyal Stage
3fad6653f88bd60e670e9b21e98a2d4e,39.9,77.01,22.99,Regular Customer,Regular Marketing,38.65,53.99,22.99,Loyal Stage
3fb97204945ca0c01bcf3eee6031c5f1,45.0,75.77,24.23,Regular Customer,Regular Marketing,38.05,53.14,24.23,Loyal Stage
3fbdb765b8e1d5608f2621ef4b8ab863,44.9,76.96,23.04,Regular Customer,Regular Marketing,38.65,53.97,23.04,Loyal Stage
3fc19a1a15d5d29c01c2f687bd497d00,60.99,76.42,23.58,Regular Customer,Regular Marketing,38.44,53.63,23.58,Loyal Stage
3fd5327c98bc13e8f578acbff87a47ad,38.0,77.0,23.0,Regular Customer,Regular Marketing,38.64,53.98,23.0,Loyal Stage
3fe3e628c6c7a15ae96416826a4c5952,249.0,77.21,22.79,VIP Customer,VIP Loyalty Benefits,39.53,54.6,22.79,Loyal Stage
3fe678665ed174230c56f10c156b20db,129.0,77.14,22.86,Regular Customer,Regular Marketing,39.05,54.29,22.86,Loyal Stage
3fe6e0ec04e3f210fccc62a5fda8a6a0,29.9,76.37,23.63,Regular Customer,Regular Marketing,38.3,53.53,23.63,Loyal Stage
3fee181a16778a8dec8eaf2470c6cd3f,0.0,76.79,23.21,Regular Customer,Regular Marketing,38.4,53.76,23.21,Loyal Stage
3ff4c32e851bed66b14cdc46ab01cfab,55.55,77.44,22.56,Regular Customer,Regular Marketing,38.93,54.33,22.56,Loyal Stage
3ff874206f1d7d1e3ffe12bc9c88c27c,88.9,76.04,23.96,Regular Customer,Regular Marketing,38.35,53.43,23.96,Loyal Stage
3ff9132b9f4a7e46118e5347c765f77b,233.8,77.55,22.45,VIP Customer,VIP Loyalty Benefits,39.64,54.8,22.45,Loyal Stage
400c8e8063481d1eae8f277f5c0de85b,0.0,75.96,24.04,Regular Customer,Regular Marketing,37.98,53.17,24.04,Loyal Stage
401e6fe43283a50076215582afded7e1,57.0,76.0,24.0,Regular Customer,Regular Marketing,38.21,53.33,24.0,Loyal Stage
4023332a1f99da8f3fca0549c6b501f0,0.0,76.12,23.88,Regular Customer,Regular Marketing,38.06,53.28,23.88,Loyal Stage
4024cc557c7862b59ed5b36d9e004861,8.59,76.6,23.4,Regular Customer,Regular Marketing,38.33,53.64,23.4,Loyal Stage
40418d42f6fe097b451c29318f01e357,129.49,77.14,22.86,Regular Customer,Regular Marketing,39.05,54.29,22.86,Loyal Stage
4041ea3e48950e323139bc93e290c059,169.0,76.99,23.01,VIP Customer,VIP Loyalty Benefits,39.12,54.27,23.01,Loyal Stage
404cff864766c22ae5918af70c2d15e4,98.99,76.07,23.93,Regular Customer,Regular Marketing,38.4,53.47,23.93,Loyal Stage
4051ab470e8991f98669105fe5ea7141,0.0,75.5,24.5,Regular Customer,Regular Marketing,37.75,52.85,24.5,Loyal Stage
40682a6bda55c041ac28f77b0818868a,51.98,75.63,24.37,Regular Customer,Regular Marketing,38.01,53.06,24.37,Loyal Stage
40774d861c6ca4cc0139739a04d930a8,38.0,77.21,22.79,Regular Customer,Regular Marketing,38.75,54.13,22.79,Loyal Stage
408604325b96735d6dbed039246efd64,1299.65,78.88,21.12,VIP Customer,VIP Loyalty Benefits,44.28,58.12,21.12,Loyal Stage
4088d727b87d3606748cf6e69fbf6dda,101.9,76.12,23.88,Regular Customer,Regular Marketing,38.44,53.51,23.88,Loyal Stage
409860ded7cc6991af6cb0d155260dda,66.99,76.74,23.26,Regular Customer,Regular Marketing,38.62,53.87,23.26,Loyal Stage
409b9ad422d4c4268bce0365f6e3fd38,699.4,77.83,22.17,VIP Customer,VIP Loyalty Benefits,41.52,56.04,22.17,Loyal Stage
40a04f5967ed1b1676064fe5542a0eff,49.9,76.45,23.55,Regular Customer,Regular Marketing,38.41,53.63,23.55,Loyal Stage
40aa7c86550b02c4f65d3e5ca344c7d6,65.0,75.8,24.2,Regular Customer,Regular Marketing,38.14,53.2,24.2,Loyal Stage
40b5e9eed4db7f956359145971056f5d,25.0,76.57,23.43,Regular Customer,Regular Marketing,38.38,53.66,23.43,Loyal Stage
40bbd3e4191a616a3fb2945f971c834f,69.9,75.76,24.24,Regular Customer,Regular Marketing,38.14,53.19,24.24,Loyal Stage
40bfd379bd349f89e737a4c5ef8ae52a,55.0,76.15,23.85,Regular Customer,Regular Marketing,38.28,53.43,23.85,Loyal Stage
40dc0d63ed50acb10021a6619e97d8ac,189.9,75.58,24.42,VIP Customer,VIP Loyalty Benefits,38.5,53.33,24.42,Loyal Stage
40de08731ffac957598c05683fdc18c1,95.9,76.0,24.0,Regular Customer,Regular Marketing,38.36,53.42,24.0,Loyal Stage
40e3c65c63fb2f9399614d7c25b7b4ee,0.0,76.69,23.31,Regular Customer,Regular Marketing,38.34,53.68,23.31,Loyal Stage
40e9cf59d384ccee0d2a3598e959182b,110.32,76.96,23.04,Regular Customer,Regular Marketing,38.89,54.12,23.04,Loyal Stage
40ed1832c6a9365f80ee90c702157684,150.0,76.29,23.71,VIP Customer,VIP Loyalty Benefits,38.7,53.74,23.71,Loyal Stage
40fc602f9c25e7f471d2e5b348c100f3,26.4,75.69,24.31,Regular Customer,Regular Marketing,37.94,53.04,24.31,Loyal Stage
4102966ccae17fb0464ea2211196a681,42.0,75.97,24.03,Regular Customer,Regular Marketing,38.14,53.27,24.03,Loyal Stage
4102cb7b6cea863b781653eeed5dd550,49.99,76.66,23.34,Regular Customer,Regular Marketing,38.52,53.78,23.34,Loyal Stage
410be97e8f53fbf298e813b543e52b57,33.9,76.17,23.83,Regular Customer,Regular Marketing,38.21,53.39,23.83,Loyal Stage
410ff93a8f2fb60433114a20ed7fcb89,118.7,75.62,24.38,Regular Customer,Regular Marketing,38.25,53.2,24.38,Loyal Stage
41187441b189057bde5777fa8575037d,80.3,76.34,23.66,Regular Customer,Regular Marketing,38.47,53.62,23.66,Loyal Stage
4126ee95b7096d3383d3885b8180c567,136.76,76.12,23.88,Regular Customer,Regular Marketing,38.57,53.59,23.88,Loyal Stage
414c39f83f4f28baac31864772bbf0eb,96.35,75.49,24.51,Regular Customer,Regular Marketing,38.1,53.06,24.51,Loyal Stage
415ac25ae6868ab36d6a9407ac982fd2,368.9,77.18,22.82,VIP Customer,VIP Loyalty Benefits,39.96,54.85,22.82,Loyal Stage
415c8201b982d9f1d02699252aba1402,489.06,76.85,23.15,VIP Customer,VIP Loyalty Benefits,40.24,54.88,23.15,Loyal Stage
417578c35961031ec2fa3232a6902e2d,0.0,76.9,23.1,Regular Customer,Regular Marketing,38.45,53.83,23.1,Loyal Stage
417f7554395a9d083d2ef9b8c319db10,69.9,77.0,23.0,Regular Customer,Regular Marketing,38.76,54.06,23.0,Loyal Stage
4185a980aa805f27e1191f57e53bf2d5,99.9,76.22,23.78,Regular Customer,Regular Marketing,38.48,53.58,23.78,Loyal Stage
4186760e2896ae243f51302b4287aab8,110.32,75.71,24.29,Regular Customer,Regular Marketing,38.27,53.25,24.29,Loyal Stage
4186b96df8197e7b4982a751c1dde3b6,0.0,76.79,23.21,Regular Customer,Regular Marketing,38.4,53.76,23.21,Loyal Stage
4190cd95848f843958c430791350f965,15.99,75.88,24.12,Regular Customer,Regular Marketing,38.0,53.15,24.12,Loyal Stage
4193c3b925c28a8bed29a97e6f30421e,39.0,76.39,23.61,Regular Customer,Regular Marketing,38.34,53.56,23.61,Loyal Stage
4197912ab45219b426014f2bbd935e1f,82.49,77.12,22.88,Regular Customer,Regular Marketing,38.87,54.17,22.88,Loyal Stage
419bfb14302648d06e8786d945bdf203,69.0,76.69,23.31,Regular Customer,Regular Marketing,38.6,53.84,23.31,Loyal Stage
419d63538e5483a353166732afc9978f,120.0,75.99,24.01,Regular Customer,Regular Marketing,38.44,53.46,24.01,Loyal Stage
41a1cae49b12f4dae1568565ffa223ff,79.0,76.81,23.19,Regular Customer,Regular Marketing,38.7,53.94,23.19,Loyal Stage
41bde58d7d6ab7158dc9f4dff2c0d677,35.35,75.91,24.09,Regular Customer,Regular Marketing,38.09,53.22,24.09,Loyal Stage
41bec52362021d022db0035eb9256a22,89.0,76.61,23.39,Regular Customer,Regular Marketing,38.64,53.83,23.39,Loyal Stage
41cd7ce01442f4b1844ff9e934a1fa48,27.99,75.85,24.15,Regular Customer,Regular Marketing,38.03,53.16,24.15,Loyal Stage
41d015d8f575b00c1b26805133997ad3,39.0,76.75,23.25,Regular Customer,Regular Marketing,38.52,53.81,23.25,Loyal Stage
41edba3f31cd6ab2fe7bdb769422fd2b,0.0,76.53,23.47,Regular Customer,Regular Marketing,38.26,53.57,23.47,Loyal Stage
41edd0f0f3c64bc0c9462b636b1ed425,215.0,76.6,23.4,VIP Customer,VIP Loyalty Benefits,39.1,54.1,23.4,Loyal Stage
41ee175c985a80197337531155581467,0.0,76.07,23.93,Regular Customer,Regular Marketing,38.03,53.25,23.93,Loyal Stage
420be7d41ee4292cb55d2616584b28f9,78.0,76.08,23.92,Regular Customer,Regular Marketing,38.33,53.43,23.92,Loyal Stage
421ea24d5a52662619471cf08f4e32cc,39.99,76.7,23.3,Regular Customer,Regular Marketing,38.5,53.78,23.3,Loyal Stage
42219828c7f1f7a96ea1053dfbd44a3e,59.0,76.42,23.58,Regular Customer,Regular Marketing,38.43,53.63,23.58,Loyal Stage
4234d91b8e44e6f45d2d03c183d8f5cf,199.0,76.21,23.79,VIP Customer,VIP Loyalty Benefits,38.85,53.79,23.79,Loyal Stage
42359f0d1ad83cadd2728fb1738c9218,219.0,76.29,23.71,VIP Customer,VIP Loyalty Benefits,38.96,53.89,23.71,Loyal Stage
423d40b193638955a782839886648464,719.9,77.4,22.6,VIP Customer,VIP Loyalty Benefits,41.38,55.79,22.6,Loyal Stage
4245e973fc511fc23bf9bfcef317f7d1,78.0,76.08,23.92,Regular Customer,Regular Marketing,38.33,53.43,23.92,Loyal Stage
424aa60d4261d5f42316c3c8e761b454,0.0,75.91,24.09,Regular Customer,Regular Marketing,37.96,53.14,24.09,Loyal Stage
424f29ff12eedc934f6bc9c90c449aec,69.8,76.58,23.42,Regular Customer,Regular Marketing,38.55,53.76,23.42,Loyal Stage
42524391e44e8534aaebab8a9e1fbb00,0.0,76.07,23.93,Regular Customer,Regular Marketing,38.03,53.25,23.93,Loyal Stage
425c559c26283940cbae21e5641e9bdb,132.8,77.04,22.96,Regular Customer,Regular Marketing,39.01,54.22,22.96,Loyal Stage
4268e61cd0e6ffa364ad1ea504f9329f,139.9,76.22,23.78,VIP Customer,VIP Loyalty Benefits,38.63,53.67,23.78,Loyal Stage
4278164513bb3a729370a12a3dd2e64b,49.0,75.78,24.22,Regular Customer,Regular Marketing,38.07,53.15,24.22,Loyal Stage
427f7005ef94773154b340a84b7d7b28,170.0,76.53,23.47,VIP Customer,VIP Loyalty Benefits,38.9,53.95,23.47,Loyal Stage
428d376d4bb166dbd01452db6ff42a86,12.06,75.94,24.06,Regular Customer,Regular Marketing,38.01,53.18,24.06,Loyal Stage
428f4721a509be8c52de6ec2900ba918,11.9,77.12,22.88,Regular Customer,Regular Marketing,38.6,54.01,22.88,Loyal Stage
429d5f2617a825c4df3e372dc5d6667d,799.9,76.79,23.21,VIP Customer,VIP Loyalty Benefits,41.37,55.54,23.21,Loyal Stage
42ae5fc8e51ccabaa26d6d7392263020,19.9,75.68,24.32,Regular Customer,Regular Marketing,37.91,53.02,24.32,Loyal Stage
42bb902a6bb8846bd157d39bccc2fd68,25.99,76.52,23.48,Regular Customer,Regular Marketing,38.36,53.62,23.48,Loyal Stage
42bfaa0b5e0552df4694c38dad7d8c61,95.9,76.57,23.43,Regular Customer,Regular Marketing,38.64,53.81,23.43,Loyal Stage
42c5c592246da756a57bee44955b09e3,0.0,75.76,24.24,Regular Customer,Regular Marketing,37.88,53.03,24.24,Loyal Stage
42c837a3d7df8cfa87de63fbc1aade2f,84.0,75.67,24.33,Regular Customer,Regular Marketing,38.15,53.16,24.33,Loyal Stage
42cc6f7c734a80b9557b8831fa6aa958,477.0,76.62,23.38,VIP Customer,VIP Loyalty Benefits,40.08,54.7,23.38,Loyal Stage
42d375c653e53f11d9555ece299a0ac8,44.88,76.86,23.14,Regular Customer,Regular Marketing,38.6,53.9,23.14,Loyal Stage
42d81ea8afbce2c81d75519706028a12,13.49,75.42,24.58,Regular Customer,Regular Marketing,37.76,52.82,24.58,Loyal Stage
42e8e8fa2f1aea2811ec60c21e918648,118.0,76.71,23.29,Regular Customer,Regular Marketing,38.79,53.96,23.29,Loyal Stage
42fbe6ab4be2d0760e5a134370da0ff5,0.0,76.28,23.72,Regular Customer,Regular Marketing,38.14,53.4,23.72,Loyal Stage
431009e9bc3dbfd4d5076bf068706013,0.0,75.96,24.04,Regular Customer,Regular Marketing,37.98,53.17,24.04,Loyal Stage
4322436fce8de0016f4e3ba6f94f5211,54.9,77.29,22.71,Regular Customer,Regular Marketing,38.85,54.23,22.71,Loyal Stage
4324608f0fb4b7580feabbca205480bb,59.9,75.95,24.05,Regular Customer,Regular Marketing,38.2,53.3,24.05,Loyal Stage
4329ca9025968ae028dd7eb9106750fa,339.65,76.73,23.27,VIP Customer,VIP Loyalty Benefits,39.63,54.47,23.27,Loyal Stage
436f1e6b8b786b442de034f6f73ca700,19.99,76.61,23.39,Regular Customer,Regular Marketing,38.38,53.67,23.39,Loyal Stage
4373db0b13cd7a66fe5216287dd689ce,81.35,77.07,22.93,Regular Customer,Regular Marketing,38.84,54.13,22.93,Loyal Stage
438075c81d9754683acd493b24660f76,159.6,75.89,24.11,VIP Customer,VIP Loyalty Benefits,38.54,53.48,24.11,Loyal Stage
4386504bf5420ab6c643c134a5dc6357,180.0,76.08,23.92,VIP Customer,VIP Loyalty Benefits,38.71,53.66,23.92,Loyal Stage
4388fb7d7e6d1b06402683cf1d1d7c80,39.8,76.7,23.3,Regular Customer,Regular Marketing,38.5,53.78,23.3,Loyal Stage
439421cbffd71ce3f84112c80a0ff2f6,74.5,75.81,24.19,Regular Customer,Regular Marketing,38.18,53.23,24.19,Loyal Stage
439853dd0f0e61149cf809fb83d3c137,29.9,75.64,24.36,Regular Customer,Regular Marketing,37.93,53.01,24.36,Loyal Stage
4399f1c9b351d4c09e167b8ce3d8da76,0.0,75.5,24.5,Regular Customer,Regular Marketing,37.75,52.85,24.5,Loyal Stage
43ba236cb787fef4a1c13e1e7ee9a351,49.5,75.52,24.48,Regular Customer,Regular Marketing,37.94,52.97,24.48,Loyal Stage
43c3369dad25da2107acd184075b0217,49.9,76.45,23.55,Regular Customer,Regular Marketing,38.41,53.63,23.55,Loyal Stage
43c76d8449efa11b096323bb6ed593e3,148.0,77.12,22.88,VIP Customer,VIP Loyalty Benefits,39.11,54.31,22.88,Loyal Stage
43c91b8a1bc8ee8ad0005a2690d4c39c,125.0,76.77,23.23,Regular Customer,Regular Marketing,38.85,54.02,23.23,Loyal Stage
43c9959df2b196aa650b48eab5d1a411,149.65,76.19,23.81,VIP Customer,VIP Loyalty Benefits,38.65,53.67,23.81,Loyal Stage
43cf4a43292dc5137517632a0683d645,330.96,77.6,22.4,VIP Customer,VIP Loyalty Benefits,40.03,55.06,22.4,Loyal Stage
43dafbf52f09295f38378b8a91816f0a,79.0,76.49,23.51,Regular Customer,Regular Marketing,38.54,53.72,23.51,Loyal Stage
43df6d8e63d695d5887aa0478824a617,129.9,77.14,22.86,Regular Customer,Regular Marketing,39.05,54.29,22.86,Loyal Stage
43fe8326b27663855afa3b0c49acee63,49.0,76.81,23.19,Regular Customer,Regular Marketing,38.59,53.88,23.19,Loyal Stage
4400e681a699edfa0228e7a79cd3a945,239.9,75.6,24.4,VIP Customer,VIP Loyalty Benefits,38.69,53.45,24.4,Loyal Stage
44016db6072d394d603eb8e7741554a2,0.0,76.95,23.05,Regular Customer,Regular Marketing,38.48,53.87,23.05,Loyal Stage
44118bf5d3da9df65fdb0135743ea3de,44.99,77.27,22.73,Regular Customer,Regular Marketing,38.8,54.19,22.73,Loyal Stage
4411d41c99cd32e47a60eb301e67725e,249.9,76.02,23.98,VIP Customer,VIP Loyalty Benefits,38.94,53.77,23.98,Loyal Stage
4412ff92330051eb18b7aa95d9d172e7,0.0,77.05,22.95,Regular Customer,Regular Marketing,38.52,53.93,22.95,Loyal Stage
44240c92e496d412b4ca322348477275,64.0,76.78,23.22,Regular Customer,Regular Marketing,38.63,53.89,23.22,Loyal Stage
443ed0c23fac9e05d9726d72b9d5d6b5,25.0,75.38,24.62,Regular Customer,Regular Marketing,37.78,52.82,24.62,Loyal Stage
444946057416d7fda05d04d26e47a5cb,0.0,76.33,23.67,Regular Customer,Regular Marketing,38.16,53.43,23.67,Loyal Stage
4455e8f6fe30a164efb0265370000dd3,179.0,76.28,23.72,VIP Customer,VIP Loyalty Benefits,38.81,53.8,23.72,Loyal Stage
445fb07c9d21bf62b5b66866ec7a02f7,29.9,76.47,23.53,Regular Customer,Regular Marketing,38.35,53.6,23.53,Loyal Stage
446025260daa3c3a0af4ff1c5ee18a52,0.0,76.79,23.21,Regular Customer,Regular Marketing,38.4,53.76,23.21,Loyal Stage
44697669c48b44a36a5d7f6f4af0d075,85.99,75.68,24.32,Regular Customer,Regular Marketing,38.16,53.17,24.32,Loyal Stage
4470a1898b6f224ba5065ee72a9b7900,20.9,77.29,22.71,Regular Customer,Regular Marketing,38.72,54.15,22.71,Loyal Stage
44724750c1d81a95ef81e1ddb0fe80b5,22.0,76.41,23.59,Regular Customer,Regular Marketing,38.29,53.54,23.59,Loyal Stage
4483e2d9adf752a7b9f781eea1251bca,99.99,76.11,23.89,Regular Customer,Regular Marketing,38.43,53.5,23.89,Loyal Stage
4487bcce4f8716df99ebe4fca473acc7,37.99,76.02,23.98,Regular Customer,Regular Marketing,38.15,53.3,23.98,Loyal Stage
4488cb687b257fd4038974e0393188c3,22.99,76.21,23.79,Regular Customer,Regular Marketing,38.19,53.4,23.79,Loyal Stage
449a99af7d03b064ce3868eb9d972e08,124.0,75.53,24.47,Regular Customer,Regular Marketing,38.23,53.15,24.47,Loyal Stage
449ba149df652b663c8a8605eacb146d,219.0,75.67,24.33,VIP Customer,VIP Loyalty Benefits,38.65,53.46,24.33,Loyal Stage
449cc3016e1ca9323f603b9347f381af,0.0,75.86,24.14,Regular Customer,Regular Marketing,37.93,53.1,24.14,Loyal Stage
44a0a562a1fd549bb4db78377252fbc5,0.0,75.86,24.14,Regular Customer,Regular Marketing,37.93,53.1,24.14,Loyal Stage
44ab6b0db74475ba366d650cec941d10,0.0,75.5,24.5,Regular Customer,Regular Marketing,37.75,52.85,24.5,Loyal Stage
44af021c1880c69bce8f4528d8432553,65.0,77.04,22.96,Regular Customer,Regular Marketing,38.76,54.07,22.96,Loyal Stage
44b7b02e8a7f63ec7b93b0d2dda64825,0.0,76.48,23.52,Regular Customer,Regular Marketing,38.24,53.54,23.52,Loyal Stage
44bb109ed74da8a1651f3e8886eb56e5,61.4,76.16,23.84,Regular Customer,Regular Marketing,38.31,53.45,23.84,Loyal Stage
44bc05971f31dab3096eda170632eb1b,69.0,77.15,22.85,Regular Customer,Regular Marketing,38.83,54.16,22.85,Loyal Stage
44c134cff0d721f30da3d664e848bab6,56.81,77.03,22.97,Regular Customer,Regular Marketing,38.73,54.05,22.97,Loyal Stage
44c5750e9d14ed43fe5a67492bcd6a75,0.0,75.55,24.45,Regular Customer,Regular Marketing,37.78,52.89,24.45,Loyal Stage
44cf660de0c0d10e0e3040510791594d,58.0,76.36,23.64,Regular Customer,Regular Marketing,38.4,53.58,23.64,Loyal Stage
44d111bdc55faca551ef91cb74a444d8,249.9,77.78,22.22,VIP Customer,VIP Loyalty Benefits,39.82,55.0,22.22,Loyal Stage
44d67cc85baf7a55e2d0a4939bed5855,71.0,76.07,23.93,Regular Customer,Regular Marketing,38.3,53.41,23.93,Loyal Stage
44dd5e255cad61516acbd97a76d61367,134.9,76.37,23.63,Regular Customer,Regular Marketing,38.69,53.76,23.63,Loyal Stage
44e138a6fbc2aa209da0337fe56563b7,122.99,76.66,23.34,Regular Customer,Regular Marketing,38.79,53.94,23.34,Loyal Stage
44eca90daf8c29cb7a2c5c912b3282ac,99.0,76.63,23.37,Regular Customer,Regular Marketing,38.68,53.86,23.37,Loyal Stage
4502d5000c52cce9c171905b831cf770,107.9,77.26,22.74,Regular Customer,Regular Marketing,39.03,54.32,22.74,Loyal Stage
4512070eeda071f62cde3a31ded19f8e,169.99,76.63,23.37,VIP Customer,VIP Loyalty Benefits,38.95,54.02,23.37,Loyal Stage
4512ec8ef3c5ef84bf0a5609da3a7f5a,28.9,75.44,24.56,Regular Customer,Regular Marketing,37.83,52.87,24.56,Loyal Stage
451b44fd38ecf487d6c8d4ad58d0b758,76.0,76.8,23.2,Regular Customer,Regular Marketing,38.68,53.93,23.2,Loyal Stage
452df76d2b785ba9e1a622ea86758d66,44.9,76.34,23.66,Regular Customer,Regular Marketing,38.34,53.54,23.66,Loyal Stage
45325be297e2cbb04d9745d2b37bcf80,122.9,75.58,24.42,Regular Customer,Regular Marketing,38.25,53.18,24.42,Loyal Stage
455ee28f5e4eb0d93424c0383113fa8e,24.9,75.64,24.36,Regular Customer,Regular Marketing,37.91,53.0,24.36,Loyal Stage
45664ab7b79dd590e00060879cc861aa,49.98,77.23,22.77,Regular Customer,Regular Marketing,38.8,54.17,22.77,Loyal Stage
456abc432577505d26eeb707c4fecef2,22.0,76.41,23.59,Regular Customer,Regular Marketing,38.29,53.54,23.59,Loyal Stage
456f2c2a14db922638589f0e4d75ff1b,41.0,76.44,23.56,Regular Customer,Regular Marketing,38.37,53.6,23.56,Loyal Stage
4575635c52052ee618c2ef25aedc8809,99.9,76.42,23.58,Regular Customer,Regular Marketing,38.58,53.72,23.58,Loyal Stage
457626c51309d814c33966c88a161545,37.99,75.56,24.44,Regular Customer,Regular Marketing,37.92,52.98,24.44,Loyal Stage
4578d62c4ca82d84a7442229d96b6fc5,65.0,76.11,23.89,Regular Customer,Regular Marketing,38.3,53.42,23.89,Loyal Stage
458002de8cae44d033a19aa4eba0f5e5,72.0,76.69,23.31,Regular Customer,Regular Marketing,38.61,53.84,23.31,Loyal Stage
458c3456f2ba8a240dc4e3bbe0859311,330.0,77.34,22.66,VIP Customer,VIP Loyalty Benefits,39.9,54.88,22.66,Loyal Stage
459a68fbf277556ad8bc2343a06328be,1490.6999999999998,77.41,22.59,VIP Customer,VIP Loyalty Benefits,44.25,57.51,22.59,Loyal Stage
459bef486812aa25204be022145caa62,0.0,75.65,24.35,Regular Customer,Regular Marketing,37.83,52.96,24.35,Loyal Stage
459f3320f9d64153e4ba8858d58df4fc,0.0,76.9,23.1,Regular Customer,Regular Marketing,38.45,53.83,23.1,Loyal Stage
45afd57c6d54e4ed051848bca25ea414,399.0,76.92,23.08,VIP Customer,VIP Loyalty Benefits,39.94,54.73,23.08,Loyal Stage
45b9a533d5b692464bf969616e757643,90.0,76.05,23.95,Regular Customer,Regular Marketing,38.36,53.44,23.95,Loyal Stage
45bb5ba248ce0878c360173c73263bc7,139.0,76.01,23.99,VIP Customer,VIP Loyalty Benefits,38.52,53.52,23.99,Loyal Stage
45c5dd3fdc368daa9761e72a98f1a86b,0.0,76.17,23.83,Regular Customer,Regular Marketing,38.08,53.32,23.83,Loyal Stage
45cdd28db31005e64ad06cbbcc826d81,185.0,76.14,23.86,VIP Customer,VIP Loyalty Benefits,38.76,53.71,23.86,Loyal Stage
45d76157b9fac347a91c6e0545110587,37.0,76.18,23.82,Regular Customer,Regular Marketing,38.23,53.41,23.82,Loyal Stage
45e07930fa58c10fe8c8b1278c343f2c,139.9,76.28,23.72,VIP Customer,VIP Loyalty Benefits,38.66,53.71,23.72,Loyal Stage
45f95ec2f14442de49d9580396597ee9,159.8,76.31,23.69,VIP Customer,VIP Loyalty Benefits,38.75,53.77,23.69,Loyal Stage
4604bef2f7091a97d534af2a62c65952,20.9,75.94,24.06,Regular Customer,Regular Marketing,38.05,53.21,24.06,Loyal Stage
46096c74a26672fe76dfcaf234d00864,56.58,76.77,23.23,Regular Customer,Regular Marketing,38.6,53.87,23.23,Loyal Stage
461833ffb72f0fe0511a801c96d58350,120.0,75.73,24.27,Regular Customer,Regular Marketing,38.31,53.28,24.27,Loyal Stage
4619a0062095f6d6946a97ae46be4782,27.99,76.42,23.58,Regular Customer,Regular Marketing,38.31,53.55,23.58,Loyal Stage
461aac4bb2f4d6ae5f6375f5b0958e83,92.99,76.15,23.85,Regular Customer,Regular Marketing,38.42,53.51,23.85,Loyal Stage
46298e3a5aebca6fd516a2a13401c0cd,0.0,77.05,22.95,Regular Customer,Regular Marketing,38.52,53.93,22.95,Loyal Stage
462bdc23a9aeccf92dc12e5893e54c30,101.0,76.58,23.42,Regular Customer,Regular Marketing,38.67,53.83,23.42,Loyal Stage
462f8d38d1ca830befd60355240fbe39,249.0,76.65,23.35,VIP Customer,VIP Loyalty Benefits,39.25,54.21,23.35,Loyal Stage
462ff63205c9198d9f958dc16618405e,69.99,76.53,23.47,Regular Customer,Regular Marketing,38.53,53.73,23.47,Loyal Stage
463b274f7ab4cac3b894531a03a7afa1,64.9,76.63,23.37,Regular Customer,Regular Marketing,38.56,53.79,23.37,Loyal Stage
463e5ed3fbfa51867d17780b904bf4cf,59.9,76.26,23.74,Regular Customer,Regular Marketing,38.35,53.51,23.74,Loyal Stage
46450c74a0d8c5ca9395da1daac6c120,3109.99,79.1,20.9,VIP Customer,VIP Loyalty Benefits,51.12,62.31,20.9,Loyal Stage
4647dada7eacabaaaf65edea85ddae43,6.37,75.51,24.49,Regular Customer,Regular Marketing,37.78,52.87,24.49,Loyal Stage
4648c711cbe27ad988bd420693c16744,49.95,76.3,23.7,Regular Customer,Regular Marketing,38.34,53.52,23.7,Loyal Stage
464a3d024ae34727fcaf86198537f5f1,15.99,76.14,23.86,Regular Customer,Regular Marketing,38.13,53.33,23.86,Loyal Stage
465245bfcd32c50c0024472220b5f46c,50.0,75.67,24.33,Regular Customer,Regular Marketing,38.02,53.08,24.33,Loyal Stage
4656b3fa1f47c6d0a513e9eedfaaeeec,0.0,75.45,24.55,Regular Customer,Regular Marketing,37.72,52.81,24.55,Loyal Stage
4664f627d5c347246564d2df85a394d3,35.9,77.36,22.64,Regular Customer,Regular Marketing,38.81,54.23,22.64,Loyal Stage
467bf79ce2396e5892760388eae4fcce,110.32,76.34,23.66,Regular Customer,Regular Marketing,38.58,53.68,23.66,Loyal Stage
467e5ed1441cd3bb58f41492efb75b4b,71.98,76.48,23.52,Regular Customer,Regular Marketing,38.51,53.7,23.52,Loyal Stage
467f2ac77aed108600b9ed0be16c990e,13.47,76.14,23.86,Regular Customer,Regular Marketing,38.12,53.33,23.86,Loyal Stage
4686de5cf477e8cd46974f09f5414508,0.0,76.28,23.72,Regular Customer,Regular Marketing,38.14,53.4,23.72,Loyal Stage
468d40ce35b561fdc6875f11cbc68b52,0.0,75.5,24.5,Regular Customer,Regular Marketing,37.75,52.85,24.5,Loyal Stage
4694564248fbec64fdb096291fbbe92f,0.0,76.28,23.72,Regular Customer,Regular Marketing,38.14,53.4,23.72,Loyal Stage
46bc23522a5cfc52739f59b1a7770ad5,0.0,77.05,22.95,Regular Customer,Regular Marketing,38.52,53.93,22.95,Loyal Stage
46c3e28fe8d7700d01084877a6371471,129.9,76.21,23.79,Regular Customer,Regular Marketing,38.59,53.64,23.79,Loyal Stage
46c8be21c8054a3997428b1bd1e2ff0d,25.99,77.35,22.65,Regular Customer,Regular Marketing,38.77,54.2,22.65,Loyal Stage
46d2e80a1ca0ee7a62db0ab302e8b4b7,1240.0,78.9,21.1,VIP Customer,VIP Loyalty Benefits,44.06,58.0,21.1,Loyal Stage
46df7382c666159526532d5ffe8138b3,99.9,76.52,23.48,Regular Customer,Regular Marketing,38.63,53.79,23.48,Loyal Stage
46e3762ffeb4800d601476dc9dd7f001,0.0,76.9,23.1,Regular Customer,Regular Marketing,38.45,53.83,23.1,Loyal Stage
46f8480c92b05fd97e37974a582df787,89.77,75.58,24.42,Regular Customer,Regular Marketing,38.12,53.1,24.42,Loyal Stage
4702ba5faa8283e0f6b6a545cdaf8a9f,160.0,76.51,23.49,VIP Customer,VIP Loyalty Benefits,38.85,53.91,23.49,Loyal Stage
4706721f3a6d9c24567ee139423d530a,0.0,77.36,22.64,Regular Customer,Regular Marketing,38.68,54.15,22.64,Loyal Stage
4709f700d732ecc6841b3c33ecb46dd4,199.9,76.05,23.95,VIP Customer,VIP Loyalty Benefits,38.77,53.68,23.95,Loyal Stage
4713eb62e56286069b3da61d18ddbcab,150.0,76.86,23.14,VIP Customer,VIP Loyalty Benefits,38.99,54.14,23.14,Loyal Stage
47241156f53adb201a393df4569ed484,0.0,75.6,24.4,Regular Customer,Regular Marketing,37.8,52.92,24.4,Loyal Stage
47341c0065bef56d7433bfabf25a942e,20.9,77.24,22.76,Regular Customer,Regular Marketing,38.7,54.12,22.76,Loyal Stage
473823fb6dec58ab655e98d0da8daaa4,110.0,77.01,22.99,Regular Customer,Regular Marketing,38.91,54.15,22.99,Loyal Stage
4746432412e3484e8db19d5ac859841b,113.89,75.72,24.28,Regular Customer,Regular Marketing,38.28,53.26,24.28,Loyal Stage
4746c99fe8b7985f53cb6885c456defd,220.64,75.88,24.12,VIP Customer,VIP Loyalty Benefits,38.76,53.61,24.12,Loyal Stage
47540661634928b76c9e863afd1bfce1,0.0,76.69,23.31,Regular Customer,Regular Marketing,38.34,53.68,23.31,Loyal Stage
476044a045850de49b672f57aee54b5d,58.32,75.84,24.16,Regular Customer,Regular Marketing,38.14,53.22,24.16,Loyal Stage
476d2a8557b63e068870877925589f40,0.0,75.86,24.14,Regular Customer,Regular Marketing,37.93,53.1,24.14,Loyal Stage
47770fce2a0398a1da5ccd4adf5e515b,34.5,76.28,23.72,Regular Customer,Regular Marketing,38.27,53.47,23.72,Loyal Stage
47777bf4b8cae8a127d5dfa770cc38fe,109.0,75.81,24.19,Regular Customer,Regular Marketing,38.31,53.31,24.19,Loyal Stage
47799f5596a33639cf8178774df3ea83,0.0,75.55,24.45,Regular Customer,Regular Marketing,37.78,52.89,24.45,Loyal Stage
478718b4a397f32138833829a1215a13,214.0,75.82,24.18,VIP Customer,VIP Loyalty Benefits,38.71,53.55,24.18,Loyal Stage
478a0a8d25ca79847ce2ff79ac2433b5,22.44,75.89,24.11,Regular Customer,Regular Marketing,38.03,53.17,24.11,Loyal Stage
47911c12fe5b77683f7cb593c027c479,139.0,76.89,23.11,VIP Customer,VIP Loyalty Benefits,38.96,54.13,23.11,Loyal Stage
479d8ad9a1e3416a7bc7d21c840c60d5,0.0,77.31,22.69,Regular Customer,Regular Marketing,38.66,54.12,22.69,Loyal Stage
47af326d2a6a556ac6b589a1fd9e4195,25.9,76.67,23.33,Regular Customer,Regular Marketing,38.43,53.73,23.33,Loyal Stage
47b23c87420c414f59e6c0c3983bab3b,0.0,75.86,24.14,Regular Customer,Regular Marketing,37.93,53.1,24.14,Loyal Stage
47b9f69142df2477cd6ba07673989ed6,45.97,76.91,23.09,Regular Customer,Regular Marketing,38.63,53.94,23.09,Loyal Stage
47bf59d74df990d3aaec20b76a2c9964,277.9,75.76,24.24,VIP Customer,VIP Loyalty Benefits,38.91,53.65,24.24,Loyal Stage
47c1737f10465e1d00d0c02ea916c74a,320.0,77.68,22.32,VIP Customer,VIP Loyalty Benefits,40.03,55.09,22.32,Loyal Stage
47e73a2fd380ec487a3b25fa01104859,1200.0,76.94,23.06,VIP Customer,VIP Loyalty Benefits,42.93,56.53,23.06,Loyal Stage
47e8ef9d4dbc59ab98422f3a07f6865a,129.49,76.26,23.74,Regular Customer,Regular Marketing,38.61,53.67,23.74,Loyal Stage
47ed909ad8168055b4cff7733f7ce616,330.0,76.92,23.08,VIP Customer,VIP Loyalty Benefits,39.69,54.58,23.08,Loyal Stage
47edf8b777008e963fe2b02194214abe,735.0,77.42,22.58,VIP Customer,VIP Loyalty Benefits,41.44,55.83,22.58,Loyal Stage
48077185731cde7710255423841a8523,55.0,76.56,23.44,Regular Customer,Regular Marketing,38.48,53.71,23.44,Loyal Stage
483657668ef62e08ead5fe50f0b1d4db,0.0,75.86,24.14,Regular Customer,Regular Marketing,37.93,53.1,24.14,Loyal Stage
4837d18df7cb3d4baf1a3959d0244554,49.0,76.4,23.6,Regular Customer,Regular Marketing,38.38,53.59,23.6,Loyal Stage
4851463625df0c8c8e3e60f6119673aa,85.9,76.14,23.86,Regular Customer,Regular Marketing,38.39,53.49,23.86,Loyal Stage
48527a7dddae8927c8b9827dde17b61a,34.5,75.76,24.24,Regular Customer,Regular Marketing,38.01,53.11,24.24,Loyal Stage
4859987c60ae8e304bb98146180152ae,69.9,75.45,24.55,Regular Customer,Regular Marketing,37.99,52.97,24.55,Loyal Stage
485f1a21b1d956898035a6affa72b28b,0.0,76.33,23.67,Regular Customer,Regular Marketing,38.16,53.43,23.67,Loyal Stage
485fa7a9f88095891461b34b3085d87e,349.99,76.48,23.52,VIP Customer,VIP Loyalty Benefits,39.54,54.32,23.52,Loyal Stage
486129c00e9e2aa0ffac5affa80696e8,179.0,75.87,24.13,VIP Customer,VIP Loyalty Benefits,38.6,53.51,24.13,Loyal Stage
486a411f40fe3cbdf049451bd713d2be,149.0,76.39,23.61,VIP Customer,VIP Loyalty Benefits,38.75,53.81,23.61,Loyal Stage
486ffc689e774a45f98f9a10f369a65d,115.99,76.5,23.5,Regular Customer,Regular Marketing,38.68,53.81,23.5,Loyal Stage
48804d0ed0bd01583e1caed259cd5173,110.4,76.28,23.72,Regular Customer,Regular Marketing,38.55,53.64,23.72,Loyal Stage
488b6351e048ce2bb695d12612dc33da,55.0,75.79,24.21,Regular Customer,Regular Marketing,38.1,53.18,24.21,Loyal Stage
488d52ee8028ef0b0bf8c28b1be59f04,259.99,76.81,23.19,VIP Customer,VIP Loyalty Benefits,39.37,54.35,23.19,Loyal Stage
488d96a00173be5fa90b4a09a5c5609d,105.0,75.7,24.3,Regular Customer,Regular Marketing,38.24,53.22,24.3,Loyal Stage
48988315c344c6964a309c67916e250e,55.9,77.14,22.86,Regular Customer,Regular Marketing,38.78,54.12,22.86,Loyal Stage
48a3c002c371b3cc51ddb3117c1daf02,284.70000000000005,76.75,23.25,VIP Customer,VIP Loyalty Benefits,39.43,54.36,23.25,Loyal Stage
48aa7753f2622c7b4a1bb3e59d880ebc,200.0,76.0,24.0,VIP Customer,VIP Loyalty Benefits,38.74,53.64,24.0,Loyal Stage
48aa83248476ac4d2b058596436b7680,0.0,76.02,23.98,Regular Customer,Regular Marketing,38.01,53.21,23.98,Loyal Stage
48b6916b505792a199f8fe6d844053f3,0.0,76.58,23.42,Regular Customer,Regular Marketing,38.29,53.61,23.42,Loyal Stage
48bfb0e7bc39f3d4dbd5b242179be1e3,117.9,77.23,22.77,Regular Customer,Regular Marketing,39.05,54.32,22.77,Loyal Stage
48cb4ab6df376580842b26d06e20001d,17.45,76.35,23.65,Regular Customer,Regular Marketing,38.24,53.48,23.65,Loyal Stage
48d379b84eef0b6d463d3c7d6f0f5eb3,65.0,76.78,23.22,Regular Customer,Regular Marketing,38.63,53.89,23.22,Loyal Stage
48d767f982023e9698b1b07a87e1df05,59.5,76.52,23.48,Regular Customer,Regular Marketing,38.48,53.7,23.48,Loyal Stage
48e1a3e847b35714a75755943ac1005d,31.98,75.96,24.04,Regular Customer,Regular Marketing,38.1,53.24,24.04,Loyal Stage
48e211365405f1f76b9f582c4acc60e7,0.0,76.95,23.05,Regular Customer,Regular Marketing,38.48,53.87,23.05,Loyal Stage
48e57d4f0156fa9776721b687a75c29c,0.0,76.28,23.72,Regular Customer,Regular Marketing,38.14,53.4,23.72,Loyal Stage
48e72f3a47082dbb7773a9c2099a3f51,56.0,75.94,24.06,Regular Customer,Regular Marketing,38.18,53.28,24.06,Loyal Stage
48f0d48d1c701b6b100673a5e7666581,39.99,75.92,24.08,Regular Customer,Regular Marketing,38.11,53.23,24.08,Loyal Stage
48fb15c89a4654ef7ac2e5c3cdc397da,11.55,77.07,22.93,Regular Customer,Regular Marketing,38.58,53.98,22.93,Loyal Stage
49223558dc36c20e8577f85e82c23a55,809.4,78.15,21.85,VIP Customer,VIP Loyalty Benefits,42.09,56.51,21.85,Loyal Stage
4923b8ab746ce20a1fd5e6cb567a948b,160.0,77.03,22.97,VIP Customer,VIP Loyalty Benefits,39.11,54.28,22.97,Loyal Stage
49310ef544ebebbcba9b1f5cf4aa4e02,38.99,77.42,22.58,Regular Customer,Regular Marketing,38.86,54.28,22.58,Loyal Stage
4931fffd4f47e17f87b89eaf7f239cd1,55.2,76.93,23.07,Regular Customer,Regular Marketing,38.67,53.97,23.07,Loyal Stage
49361d2f6bb07c3029d82b4b8eed0902,139.9,77.26,22.74,VIP Customer,VIP Loyalty Benefits,39.15,54.39,22.74,Loyal Stage
493d4fabbc73c10039e8aabc0a74df3e,0.0,76.95,23.05,Regular Customer,Regular Marketing,38.48,53.87,23.05,Loyal Stage
493f3e2114badbd36273531549b6d21c,43.0,76.44,23.56,Regular Customer,Regular Marketing,38.38,53.6,23.56,Loyal Stage
49448603b610a118b4328fc16f891974,10.0,76.08,23.92,Regular Customer,Regular Marketing,38.08,53.28,23.92,Loyal Stage
4945b2ddf9cdb29a36b21804a7e42ee8,79.5,77.32,22.68,Regular Customer,Regular Marketing,38.96,54.3,22.68,Loyal Stage
494b6bc66546cacf158249544077cd27,105.0,76.48,23.52,Regular Customer,Regular Marketing,38.63,53.77,23.52,Loyal Stage
494c6658198b47787205a06421bb9403,59.49,76.05,23.95,Regular Customer,Regular Marketing,38.25,53.37,23.95,Loyal Stage
494e43282d9bcf8611235ef3b78dfdf4,98.0,76.73,23.27,Regular Customer,Regular Marketing,38.73,53.93,23.27,Loyal Stage
494e887fef923d79982b3c0e1ab49cdd,55.0,75.89,24.11,Regular Customer,Regular Marketing,38.15,53.25,24.11,Loyal Stage
4959bd250fc12ae68ecc707331565abf,78.0,76.8,23.2,Regular Customer,Regular Marketing,38.69,53.93,23.2,Loyal Stage
495f005aabbf7f43683c66610fdb8c1e,109.9,76.8,23.2,Regular Customer,Regular Marketing,38.81,54.01,23.2,Loyal Stage
495f52d7e8424e7846a614a0d1d19352,109.0,75.76,24.24,Regular Customer,Regular Marketing,38.29,53.28,24.24,Loyal Stage
495f88c975e91fdb2480dd4a61a3cc92,152.0,76.03,23.97,VIP Customer,VIP Loyalty Benefits,38.58,53.56,23.97,Loyal Stage
4964b30e0f0fd6fe49698ee0f5f4fb03,0.0,77.1,22.9,Regular Customer,Regular Marketing,38.55,53.97,22.9,Loyal Stage
4969dd7ba634962d85a8a10242aa4c0f,134.9,77.15,22.85,Regular Customer,Regular Marketing,39.08,54.31,22.85,Loyal Stage
497d7d98c6a7402c8014f15d15afbd5a,0.0,75.6,24.4,Regular Customer,Regular Marketing,37.8,52.92,24.4,Loyal Stage
4985c6f86aaf1460d9b6fdc74465a5a5,110.32,76.18,23.82,Regular Customer,Regular Marketing,38.5,53.57,23.82,Loyal Stage
4987996ddcd0ddb20740fdce7c2bfbb1,99.9,76.84,23.16,Regular Customer,Regular Marketing,38.79,54.01,23.16,Loyal Stage
498efeb29fadb952bb079a5f75988664,0.0,76.07,23.93,Regular Customer,Regular Marketing,38.03,53.25,23.93,Loyal Stage
49907e733fdac652917f3b2a296f6435,19.0,76.66,23.34,Regular Customer,Regular Marketing,38.4,53.7,23.34,Loyal Stage
499ccb2890ed3131ee3854c7b00211a8,114.99,76.08,23.92,Regular Customer,Regular Marketing,38.47,53.51,23.92,Loyal Stage
49aca91995992bbff94b3698587bd35e,162.5,75.59,24.41,VIP Customer,VIP Loyalty Benefits,38.4,53.28,24.41,Loyal Stage
49c8a2f9c1fcee72efe8276d6f6f3770,18.0,75.63,24.37,Regular Customer,Regular Marketing,37.88,52.98,24.37,Loyal Stage
49d3a1f906a4e5b999c691112446aa9b,42.9,76.13,23.87,Regular Customer,Regular Marketing,38.22,53.38,23.87,Loyal Stage
49e30036e0a9b1d35c61e3095d05e263,1045.0,77.74,22.26,VIP Customer,VIP Loyalty Benefits,42.76,56.75,22.26,Loyal Stage
49e3d7c10489b29211f25665184b9935,261.59000000000003,77.34,22.66,VIP Customer,VIP Loyalty Benefits,39.64,54.72,22.66,Loyal Stage
49f8f0fe12795257f4c54b14c06e2f38,68.0,76.17,23.83,Regular Customer,Regular Marketing,38.34,53.47,23.83,Loyal Stage
49fda5633989ae0e429cc3078998ac51,0.0,76.79,23.21,Regular Customer,Regular Marketing,38.4,53.76,23.21,Loyal Stage
4a3545dbfdf7bc14e6cee312a234b133,379.75,76.79,23.21,VIP Customer,VIP Loyalty Benefits,39.81,54.6,23.21,Loyal Stage
4a3c199753ba02224a21c7421a6398bc,119.9,76.19,23.81,Regular Customer,Regular Marketing,38.54,53.6,23.81,Loyal Stage
4a3fa1d0b16402332665b0e5ece33739,195.9,77.34,22.66,VIP Customer,VIP Loyalty Benefits,39.4,54.58,22.66,Loyal Stage
4a4a08689d530c0fec717a4163370d16,0.0,75.4,24.6,Regular Customer,Regular Marketing,37.7,52.78,24.6,Loyal Stage
4a5b66044bb7ee6d4e33d2c19ccbd5b1,0.0,75.65,24.35,Regular Customer,Regular Marketing,37.83,52.96,24.35,Loyal Stage
4a5d1c7991061fc4025e6444e0676265,135.0,76.37,23.63,Regular Customer,Regular Marketing,38.69,53.76,23.63,Loyal Stage
4a5da3384b540ab10f10447146be22b4,68.9,76.69,23.31,Regular Customer,Regular Marketing,38.6,53.84,23.31,Loyal Stage
4a69e669b4b97dcdf6ac4b3ee17fa89b,0.0,77.05,22.95,Regular Customer,Regular Marketing,38.52,53.93,22.95,Loyal Stage
4a705c728ee9a493d5bce6a1639aad23,129.9,75.69,24.31,Regular Customer,Regular Marketing,38.33,53.27,24.31,Loyal Stage
4a7b98c63e40adcaf751c0e495f36218,199.0,76.88,23.12,VIP Customer,VIP Loyalty Benefits,39.18,54.26,23.12,Loyal Stage
4a82b398ab04cbb01ddd7b602c22bd80,24.99,76.88,23.12,Regular Customer,Regular Marketing,38.53,53.87,23.12,Loyal Stage
4a8b7c8d02cad7d510a0561c724e755b,29.9,76.47,23.53,Regular Customer,Regular Marketing,38.35,53.6,23.53,Loyal Stage
4a92ba1c862cac631ed27c29f6cd7fb5,0.0,75.65,24.35,Regular Customer,Regular Marketing,37.83,52.96,24.35,Loyal Stage
4a9fa3bb2925782cde9c9560f2e8d30b,59.0,75.79,24.21,Regular Customer,Regular Marketing,38.11,53.18,24.21,Loyal Stage
4aa1f32110cbeb6c40b0c0f368557803,89.99,76.87,23.13,Regular Customer,Regular Marketing,38.77,54.01,23.13,Loyal Stage
4ac78fd8ee70982e8f64983c856edace,59.9,75.69,24.31,Regular Customer,Regular Marketing,38.07,53.12,24.31,Loyal Stage
4ac8a006e9b5c9fe3d26b345ef6484ba,110.32,77.22,22.78,Regular Customer,Regular Marketing,39.02,54.3,22.78,Loyal Stage
4ad24023bdc79038ec5799f650ecc0bc,39.9,76.8,23.2,Regular Customer,Regular Marketing,38.55,53.85,23.2,Loyal Stage
4adb08de8932929dcf4fb86147020329,190.0,76.09,23.91,VIP Customer,VIP Loyalty Benefits,38.75,53.69,23.91,Loyal Stage
4aea39c014f60a5fa5bb77452069aabc,11.87,76.6,23.4,Regular Customer,Regular Marketing,38.34,53.64,23.4,Loyal Stage
4aed79dc2cf59f8b81ea9242fd2a66cb,29.9,75.54,24.46,Regular Customer,Regular Marketing,37.88,52.94,24.46,Loyal Stage
4aee996e01e1a5c4c1e2eb3f7ace9063,99.9,76.32,23.68,Regular Customer,Regular Marketing,38.53,53.65,23.68,Loyal Stage
4af3daacb09857c02fa5be742849e59d,157.0,76.77,23.23,VIP Customer,VIP Loyalty Benefits,38.97,54.09,23.23,Loyal Stage
4affc8f04011f35b1b1411bf56841f0e,68.8,76.74,23.26,Regular Customer,Regular Marketing,38.63,53.87,23.26,Loyal Stage
4b0f1a28c6fd7af4705d217c728f22de,359.0,76.65,23.35,VIP Customer,VIP Loyalty Benefits,39.66,54.46,23.35,Loyal Stage
4b154e0720d0923cee4489015af0f662,144.9,75.76,24.24,VIP Customer,VIP Loyalty Benefits,38.42,53.36,24.24,Loyal Stage
4b2f09b5b5e6c7ac4511090c265d6287,145.9,76.49,23.51,VIP Customer,VIP Loyalty Benefits,38.79,53.87,23.51,Loyal Stage
4b3496d4740f8929ba830bb965b82891,152.0,76.6,23.4,VIP Customer,VIP Loyalty Benefits,38.87,53.96,23.4,Loyal Stage
4b349b23d13779e2b43625e1b661615b,0.0,75.4,24.6,Regular Customer,Regular Marketing,37.7,52.78,24.6,Loyal Stage
4b3fdfc4f52dcab6630cd18c49a6f831,139.99,77.05,22.95,VIP Customer,VIP Loyalty Benefits,39.05,54.25,22.95,Loyal Stage
4b4700fc2d686ef4d2238d27161bafc7,116.9,76.24,23.76,Regular Customer,Regular Marketing,38.55,53.63,23.76,Loyal Stage
4b48b3ba43eca5e212825cbde90b1b76,19.9,75.94,24.06,Regular Customer,Regular Marketing,38.04,53.2,24.06,Loyal Stage
4b4b6c80670b645e78fdc3438ffc0720,253.57,76.6,23.4,VIP Customer,VIP Loyalty Benefits,39.24,54.18,23.4,Loyal Stage
4b5261a871201b26c11fca20ba437740,168.9,75.7,24.3,VIP Customer,VIP Loyalty Benefits,38.48,53.37,24.3,Loyal Stage
4b54dce0c254a2c434f4d404076f53c1,37.8,77.06,22.94,Regular Customer,Regular Marketing,38.67,54.03,22.94,Loyal Stage
4b6bcfb30dea0fb9f99c22b2269a2d47,79.9,76.03,23.97,Regular Customer,Regular Marketing,38.31,53.4,23.97,Loyal Stage
4b7c894a279253ac1d9bf3dea34a4b9f,0.0,76.28,23.72,Regular Customer,Regular Marketing,38.14,53.4,23.72,Loyal Stage
4b8d6f6291cad9a96bfdbe5376a995e1,69.9,77.05,22.95,Regular Customer,Regular Marketing,38.79,54.09,22.95,Loyal Stage
4b939e88121ef0cdc6aa0af6d6435337,49.99,75.52,24.48,Regular Customer,Regular Marketing,37.95,52.98,24.48,Loyal Stage
4b95a53436c63633e197769acb5a18c9,129.0,76.36,23.64,Regular Customer,Regular Marketing,38.66,53.74,23.64,Loyal Stage
4b98d8942832e2a86692b80540bca2d0,31.8,77.3,22.7,Regular Customer,Regular Marketing,38.77,54.18,22.7,Loyal Stage
4b9cb72fe60bca55b0b86f51577096ed,156.0,75.58,24.42,VIP Customer,VIP Loyalty Benefits,38.37,53.25,24.42,Loyal Stage
4b9f60f3e61ff3b12a2f9e53b914fd8f,157.9,75.99,24.01,VIP Customer,VIP Loyalty Benefits,38.58,53.54,24.01,Loyal Stage
4bac35931842898ef246fe185e61f7b3,120.9,76.25,23.75,Regular Customer,Regular Marketing,38.57,53.64,23.75,Loyal Stage
4bb711b39caba79bf164ff9cf467880b,129.9,75.79,24.21,Regular Customer,Regular Marketing,38.38,53.34,24.21,Loyal Stage
4bc2330b457b3ee80867b82aa262ec7a,0.0,77.1,22.9,Regular Customer,Regular Marketing,38.55,53.97,22.9,Loyal Stage
4bc4469dd267b3b0ffe375f9d286b4b7,0.0,75.91,24.09,Regular Customer,Regular Marketing,37.96,53.14,24.09,Loyal Stage
4bc84c92722f0c26ae39e49e716b0691,113.98,76.96,23.04,Regular Customer,Regular Marketing,38.9,54.12,23.04,Loyal Stage
4bca9d65362f922b564902c98bd3aabb,729.0,77.41,22.59,VIP Customer,VIP Loyalty Benefits,41.42,55.82,22.59,Loyal Stage
4bd7520a518774940bb234b23ac1b8bf,95.28,76.57,23.43,Regular Customer,Regular Marketing,38.64,53.81,23.43,Loyal Stage
4be7adfef8293d4e7dff59a8ddc70e32,299.0,76.72,23.28,VIP Customer,VIP Loyalty Benefits,39.47,54.37,23.28,Loyal Stage
4beb171d402535985ed8f5843bcc8dd0,29.0,75.44,24.56,Regular Customer,Regular Marketing,37.83,52.87,24.56,Loyal Stage
4bf6a57b3515187009d7e1a803781833,29.9,75.9,24.1,Regular Customer,Regular Marketing,38.06,53.2,24.1,Loyal Stage
4bf859da8228b3eca66a7ecf383c9ac7,49.0,76.14,23.86,Regular Customer,Regular Marketing,38.25,53.41,23.86,Loyal Stage
4bfb29642b89e0eb9dd24f7a397f3c73,96.8,76.42,23.58,Regular Customer,Regular Marketing,38.57,53.71,23.58,Loyal Stage
4c1d5130a8d1d1edc9a7977504b2d40d,0.0,76.33,23.67,Regular Customer,Regular Marketing,38.16,53.43,23.67,Loyal Stage
4c237ca40d269674b297ffa8209e5bee,0.0,75.6,24.4,Regular Customer,Regular Marketing,37.8,52.92,24.4,Loyal Stage
4c2648c5850ac8a3f7105333ef641e6b,29.99,75.44,24.56,Regular Customer,Regular Marketing,37.83,52.87,24.56,Loyal Stage
4c29ad3f71e71c31c6e2a860330cc9a8,14.9,77.13,22.87,Regular Customer,Regular Marketing,38.62,54.02,22.87,Loyal Stage
4c36676b8d41302c5b0e435688f0af0b,214.0,75.71,24.29,VIP Customer,VIP Loyalty Benefits,38.65,53.47,24.29,Loyal Stage
4c375932a1d77bfca4f51d9b2fc5d081,200.0,77.09,22.91,VIP Customer,VIP Loyalty Benefits,39.29,54.41,22.91,Loyal Stage
4c383e149ae7603966fa9ee353a930c3,64.49,76.16,23.84,Regular Customer,Regular Marketing,38.32,53.46,23.84,Loyal Stage
4c4c72eb462217f161fa65fbcfa85e91,63.98,76.94,23.06,Regular Customer,Regular Marketing,38.71,54.0,23.06,Loyal Stage
4c73b752f85e6832df7e28468b408401,47.99,76.71,23.29,Regular Customer,Regular Marketing,38.53,53.8,23.29,Loyal Stage
4c748ff629c2a44a487423c83399805d,24.99,76.37,23.63,Regular Customer,Regular Marketing,38.28,53.52,23.63,Loyal Stage
4c9611ca29bde9a76c5ed381169cff9b,17.0,75.37,24.63,Regular Customer,Regular Marketing,37.75,52.8,24.63,Loyal Stage
4c972a4342ba0526c1eabfb9ec50dc4d,0.0,75.91,24.09,Regular Customer,Regular Marketing,37.96,53.14,24.09,Loyal Stage
4ca02abfa1e292470224e0bf32c772f3,0.0,75.55,24.45,Regular Customer,Regular Marketing,37.78,52.89,24.45,Loyal Stage
4ca9d5bd0850282d87754ca17be42525,154.75,75.88,24.12,VIP Customer,VIP Loyalty Benefits,38.52,53.46,24.12,Loyal Stage
4cac39a165a3de1c35e26650a9da1d4c,57.9,76.51,23.49,Regular Customer,Regular Marketing,38.47,53.69,23.49,Loyal Stage
4cb2715411a93edcb78bdc928dc13ba7,59.99,76.99,23.01,Regular Customer,Regular Marketing,38.72,54.03,23.01,Loyal Stage
4cb9a0c69594489bc5bf3ab2befa899d,797.0,77.61,22.39,VIP Customer,VIP Loyalty Benefits,41.77,56.11,22.39,Loyal Stage
4cc309a4c2f94e0909af0cfe2af70d19,479.99,76.26,23.74,VIP Customer,VIP Loyalty Benefits,39.92,54.46,23.74,Loyal Stage
4cc42f1aa7e2ff4619c5901b3ebbb3ca,0.0,75.34,24.66,Regular Customer,Regular Marketing,37.67,52.74,24.66,Loyal Stage
4cc93c73069ea5ba716248771a30fffb,45.0,76.39,23.61,Regular Customer,Regular Marketing,38.36,53.57,23.61,Loyal Stage
4cd4cb526654238ded7f91fcd82bcacc,21.9,75.53,24.47,Regular Customer,Regular Marketing,37.85,52.92,24.47,Loyal Stage
4ce4fa1b0d9f5639e79b823389f8b095,120.0,76.4,23.6,Regular Customer,Regular Marketing,38.65,53.75,23.6,Loyal Stage
4cf3877a5a87b1237cd5d127ea20faa4,0.0,75.34,24.66,Regular Customer,Regular Marketing,37.67,52.74,24.66,Loyal Stage
4cfa5155cf7cff8eb15e0b12041d058e,189.89,76.2,23.8,VIP Customer,VIP Loyalty Benefits,38.81,53.77,23.8,Loyal Stage
4cfb89ebdba119ac83d7abfe4f47a63c,155.9,76.82,23.18,VIP Customer,VIP Loyalty Benefits,38.99,54.12,23.18,Loyal Stage
4d0d481f5a938ec64900b4e0b317e15c,59.99,76.31,23.69,Regular Customer,Regular Marketing,38.38,53.55,23.69,Loyal Stage
4d0e78f8c401beeb7be2c0e8cd6acb92,0.0,77.0,23.0,Regular Customer,Regular Marketing,38.5,53.9,23.0,Loyal Stage
4d217a85dd8a6e4f9c2102da961bd7ff,59.9,77.19,22.81,Regular Customer,Regular Marketing,38.82,54.17,22.81,Loyal Stage
4d21bcf9b7309d5b97176d15ffa30d6d,113.1,76.03,23.97,Regular Customer,Regular Marketing,38.44,53.48,23.97,Loyal Stage
4d34abf1db61181563c31fbd723a926a,0.0,77.26,22.74,Regular Customer,Regular Marketing,38.63,54.08,22.74,Loyal Stage
4d386f0c8f4ca6760283647577ac8c6a,189.0,77.43,22.57,VIP Customer,VIP Loyalty Benefits,39.42,54.62,22.57,Loyal Stage
4d3b1d474a94887d1bde3f841e49b64b,14.99,75.83,24.17,Regular Customer,Regular Marketing,37.97,53.11,24.17,Loyal Stage
4d3ff54b804572c7cb01e31c48684809,119.99,76.45,23.55,Regular Customer,Regular Marketing,38.67,53.78,23.55,Loyal Stage
4d460c931a0745463118eea12e90e154,199.9,76.42,23.58,VIP Customer,VIP Loyalty Benefits,38.95,53.94,23.58,Loyal Stage
4d46468a975352fcca7ab6e1d828fea8,59.8,75.69,24.31,Regular Customer,Regular Marketing,38.07,53.12,24.31,Loyal Stage
4d55f1a833d2f3351faec4f3360079d0,54.9,76.36,23.64,Regular Customer,Regular Marketing,38.38,53.57,23.64,Loyal Stage
4d6bd0eb9e942d7ecd71731ebc321e23,0.0,75.81,24.19,Regular Customer,Regular Marketing,37.9,53.06,24.19,Loyal Stage
4d72bfdc6c5442aa9c88a833bdc2b681,42.0,75.71,24.29,Regular Customer,Regular Marketing,38.01,53.09,24.29,Loyal Stage
4d76ce9a79540306c7c6a2f94bbd611b,99.0,77.15,22.85,Regular Customer,Regular Marketing,38.94,54.22,22.85,Loyal Stage
4d79dc7488d0c0a6af048c5dc363e2cd,120.0,76.55,23.45,Regular Customer,Regular Marketing,38.72,53.85,23.45,Loyal Stage
4d7b6c39aa3c7b53acb8058e4094a593,449.7000000000001,77.93,22.07,VIP Customer,VIP Loyalty Benefits,40.64,55.56,22.07,Loyal Stage
4d8630af5cec97e959e55129dc8eaabe,259.8,77.18,22.82,VIP Customer,VIP Loyalty Benefits,39.56,54.61,22.82,Loyal Stage
4d8c3637d0d15f2ee3cc0927f8ab968f,0.0,77.1,22.9,Regular Customer,Regular Marketing,38.55,53.97,22.9,Loyal Stage
4d96714bb58abb631a3752375807bbc1,399.0,76.45,23.55,VIP Customer,VIP Loyalty Benefits,39.71,54.41,23.55,Loyal Stage
4d9a9b75dbd405c526d23aec7920d9b7,12.99,75.52,24.48,Regular Customer,Regular Marketing,37.81,52.89,24.48,Loyal Stage
4d9e104764077f7dfae917c7cc803212,93.98,75.69,24.31,Regular Customer,Regular Marketing,38.19,53.19,24.31,Loyal Stage
4da2676bb23e0570ae16444d91fac5e9,0.0,76.69,23.31,Regular Customer,Regular Marketing,38.34,53.68,23.31,Loyal Stage
4dadd95b67d24306c066d6cffd452a7b,179.6,76.13,23.87,VIP Customer,VIP Loyalty Benefits,38.73,53.69,23.87,Loyal Stage
4dc105bde97d5f8bf38a8ad92e49fe2f,35.0,76.07,23.93,Regular Customer,Regular Marketing,38.17,53.33,23.93,Loyal Stage
4ddf673d7de7137cf1241cb0e35745f5,75.6,76.85,23.15,Regular Customer,Regular Marketing,38.71,53.97,23.15,Loyal Stage
4de0066d5e32f9bd282991a485d35c03,50.0,76.19,23.81,Regular Customer,Regular Marketing,38.28,53.44,23.81,Loyal Stage
4dfe2064941a7630609ca9f76a7ef236,29.99,76.27,23.73,Regular Customer,Regular Marketing,38.25,53.46,23.73,Loyal Stage
4e012ebff739bde041e02fcabd42d3d0,1376.55,78.42,21.58,VIP Customer,VIP Loyalty Benefits,44.33,57.97,21.58,Loyal Stage
4e1554d1a2dcb38dcf22770eb7390fe1,0.0,77.36,22.64,Regular Customer,Regular Marketing,38.68,54.15,22.64,Loyal Stage
4e15fee963523774998876e3624952f4,139.99,76.48,23.52,VIP Customer,VIP Loyalty Benefits,38.76,53.85,23.52,Loyal Stage
4e1880f9ad64b328afddeda8582db702,50.75,76.87,23.13,Regular Customer,Regular Marketing,38.62,53.92,23.13,Loyal Stage
4e1be68fdb65f1ffe1cb79ce38da2a84,41.9,77.42,22.58,Regular Customer,Regular Marketing,38.87,54.29,22.58,Loyal Stage
4e1cce07cd5937c69dacac3c8b13d965,1216.6,75.27,24.73,VIP Customer,VIP Loyalty Benefits,42.16,55.4,24.73,Loyal Stage
4e221a359739341e00227caff0f9c026,0.0,75.34,24.66,Regular Customer,Regular Marketing,37.67,52.74,24.66,Loyal Stage
4e259b39ec0e420fd5b67cbfc6291554,170.0,76.22,23.78,VIP Customer,VIP Loyalty Benefits,38.74,53.73,23.78,Loyal Stage
4e3486ef3f11a015b6a8e6d0e39399ae,239.9,76.17,23.83,VIP Customer,VIP Loyalty Benefits,38.98,53.86,23.83,Loyal Stage
4e4747fabd8ad96fe94d8e5682057e03,0.0,76.95,23.05,Regular Customer,Regular Marketing,38.48,53.87,23.05,Loyal Stage
4e480c651903b26e987ad098dd01cfd3,56.0,75.43,24.57,Regular Customer,Regular Marketing,37.92,52.92,24.57,Loyal Stage
4e5438f203266aac84d9dff6c46b777b,0.0,75.55,24.45,Regular Customer,Regular Marketing,37.78,52.89,24.45,Loyal Stage
4e5aba2c9b150920c8c7b5b4ee0c197d,225.59,75.39,24.61,VIP Customer,VIP Loyalty Benefits,38.53,53.27,24.61,Loyal Stage
4e70a82228226ffd96cb25aa6376f286,170.0,76.32,23.68,VIP Customer,VIP Loyalty Benefits,38.79,53.8,23.68,Loyal Stage
4e8a462337cfd94ff9798e7a91dcabec,78.0,75.62,24.38,Regular Customer,Regular Marketing,38.1,53.11,24.38,Loyal Stage
4e8b237cda68814e622271239caf8d01,0.0,76.22,23.78,Regular Customer,Regular Marketing,38.11,53.35,23.78,Loyal Stage
4e8c732957439ada25d816c98f786697,56.0,75.79,24.21,Regular Customer,Regular Marketing,38.1,53.18,24.21,Loyal Stage
4ea2815173da22073d45c43bd6a4c527,527.9,76.75,23.25,VIP Customer,VIP Loyalty Benefits,40.34,54.9,23.25,Loyal Stage
4ec054490c2e65ed02c94f114bf91454,49.99,75.57,24.43,Regular Customer,Regular Marketing,37.97,53.01,24.43,Loyal Stage
4ecdb958c2b1b099ed5e56d9ca156773,249.9,77.32,22.68,VIP Customer,VIP Loyalty Benefits,39.59,54.68,22.68,Loyal Stage
4ed82d2c4fb7be1abe53c72f75c4e269,38.0,76.95,23.05,Regular Customer,Regular Marketing,38.62,53.95,23.05,Loyal Stage
4edb41f4555044def164944f4bc31c3c,29.0,76.63,23.37,Regular Customer,Regular Marketing,38.42,53.7,23.37,Loyal Stage
4ee41b2ea43aadfae757447904989dec,59.0,77.24,22.76,Regular Customer,Regular Marketing,38.84,54.2,22.76,Loyal Stage
4ee553fa4da24e46926241e4a67812b0,118.7,75.68,24.32,Regular Customer,Regular Marketing,38.28,53.24,24.32,Loyal Stage
4f0a93edbe276308a671448764c8e1c2,0.0,75.5,24.5,Regular Customer,Regular Marketing,37.75,52.85,24.5,Loyal Stage
4f114ef058f9d3a854fec64219e8d91f,159.9,76.98,23.02,VIP Customer,VIP Loyalty Benefits,39.08,54.24,23.02,Loyal Stage
4f13efad183849754d81498775a8718e,0.0,75.34,24.66,Regular Customer,Regular Marketing,37.67,52.74,24.66,Loyal Stage
4f1a8d703d88162a87bf13b50ef9c75f,349.97,77.26,22.74,VIP Customer,VIP Loyalty Benefits,39.93,54.86,22.74,Loyal Stage
4f1a96d7fdc1c50b5b163e16de1c2166,62.9,75.59,24.41,Regular Customer,Regular Marketing,38.03,53.05,24.41,Loyal Stage
4f1dced97eedcc55e4966d0b746c2f4a,122.99,76.61,23.39,Regular Customer,Regular Marketing,38.76,53.9,23.39,Loyal Stage
4f2ad3c906341fa7f17cb54526d34427,189.9,76.25,23.75,VIP Customer,VIP Loyalty Benefits,38.83,53.8,23.75,Loyal Stage
4f33256e74e56b333e07e47064ff32fe,0.0,76.28,23.72,Regular Customer,Regular Marketing,38.14,53.4,23.72,Loyal Stage
4f4061658a12c907deabcbfd79715788,69.9,76.43,23.57,Regular Customer,Regular Marketing,38.48,53.66,23.57,Loyal Stage
4f42bd047403d725c47c10d46d2075eb,24.0,75.58,24.42,Regular Customer,Regular Marketing,37.88,52.96,24.42,Loyal Stage
4f44a385b3f93b433eaa7936b1ae045f,0.0,77.31,22.69,Regular Customer,Regular Marketing,38.66,54.12,22.69,Loyal Stage
4f61f987195e64cefcaaac744734ae43,110.32,76.49,23.51,Regular Customer,Regular Marketing,38.66,53.79,23.51,Loyal Stage
4f6a76ff888ac68a646c515920c0f3e3,40.7,76.18,23.82,Regular Customer,Regular Marketing,38.24,53.42,23.82,Loyal Stage
4f707a6d68a8bf72f76ab07cfe1b108f,89.0,77.18,22.82,Regular Customer,Regular Marketing,38.92,54.22,22.82,Loyal Stage
4f7853c1b46c1db7ecd23c82cc589acd,109.8,75.51,24.49,Regular Customer,Regular Marketing,38.16,53.1,24.49,Loyal Stage
4fa4365000c7090fcb8cad5713c6d3db,0.0,77.36,22.64,Regular Customer,Regular Marketing,38.68,54.15,22.64,Loyal Stage
4fa62147a0294ea8e717288b6615d2a5,48.9,77.22,22.78,Regular Customer,Regular Marketing,38.79,54.16,22.78,Loyal Stage
4fabe276b1e63a047b87cf7d79af884e,18.9,76.61,23.39,Regular Customer,Regular Marketing,38.38,53.67,23.39,Loyal Stage
4facc2e6fbc2bffab2fea92d2b4aa7e4,299.9,75.79,24.21,VIP Customer,VIP Loyalty Benefits,39.01,53.72,24.21,Loyal Stage
4fc0bed2293b60132d8d750003a78598,39.49,77.11,22.89,Regular Customer,Regular Marketing,38.7,54.06,22.89,Loyal Stage
4fd54ed3a77745bcdb748a22ba6a5496,19.99,75.89,24.11,Regular Customer,Regular Marketing,38.02,53.17,24.11,Loyal Stage
4fda11b271e3bf58d66d34729397114a,99.0,76.11,23.89,Regular Customer,Regular Marketing,38.42,53.5,23.89,Loyal Stage
4fefe0e53334d2252f3b920db8df4776,48.5,76.66,23.34,Regular Customer,Regular Marketing,38.51,53.77,23.34,Loyal Stage
4ff45cad7cc2f8aeb3b81edd8a269ca2,109.7,76.08,23.92,Regular Customer,Regular Marketing,38.45,53.5,23.92,Loyal Stage
4ffc8b4c0b31be69c7faa74d49b76858,0.0,76.02,23.98,Regular Customer,Regular Marketing,38.01,53.21,23.98,Loyal Stage
50062688859efc9b34ffd4629bea6aef,29.0,75.64,24.36,Regular Customer,Regular Marketing,37.93,53.01,24.36,Loyal Stage
501b28230db2d94161afce9e4c14fb1a,0.0,76.17,23.83,Regular Customer,Regular Marketing,38.08,53.32,23.83,Loyal Stage
50243d810c9d4d98304ef276022d9c13,269.9,75.8,24.2,VIP Customer,VIP Loyalty Benefits,38.9,53.66,24.2,Loyal Stage
5024a905691936575a6ae846c93a3b02,126.99,76.15,23.85,Regular Customer,Regular Marketing,38.55,53.59,23.85,Loyal Stage
503055e262756581eb9598f07466e485,0.0,76.02,23.98,Regular Customer,Regular Marketing,38.01,53.21,23.98,Loyal Stage
50344414b85e2dc2ef9fc59c456aab28,219.65,76.65,23.35,VIP Customer,VIP Loyalty Benefits,39.14,54.14,23.35,Loyal Stage
5043bc86d7ef76a990557af7e00b0698,74.99,75.66,24.34,Regular Customer,Regular Marketing,38.11,53.13,24.34,Loyal Stage
504f3cc1d208cca81e89309c7c30b0c0,0.0,76.02,23.98,Regular Customer,Regular Marketing,38.01,53.21,23.98,Loyal Stage
50500aaa111638b51c4c729d7a35794f,290.0,76.71,23.29,VIP Customer,VIP Loyalty Benefits,39.43,54.34,23.29,Loyal Stage
50506e4bd541cf64d10b8568e5d06083,67.9,75.7,24.3,Regular Customer,Regular Marketing,38.1,53.14,24.3,Loyal Stage
505824fb4f1d7fd780d749da901eb412,879.0,76.96,23.04,VIP Customer,VIP Loyalty Benefits,41.75,55.83,23.04,Loyal Stage
50668121fe2b136853f3db238639d4fa,91.6,76.41,23.59,Regular Customer,Regular Marketing,38.55,53.69,23.59,Loyal Stage
506e75b37532165adf8def1540e82f46,55.0,75.43,24.57,Regular Customer,Regular Marketing,37.92,52.92,24.57,Loyal Stage
5079f2ed906aa7db1cc50019db46684e,115.9,76.5,23.5,Regular Customer,Regular Marketing,38.68,53.81,23.5,Loyal Stage
507f6af076decee5860e7b57d23ca4aa,61.8,77.35,22.65,Regular Customer,Regular Marketing,38.9,54.28,22.65,Loyal Stage
509a24208bfed03ac85ee506d70fc64c,26.9,75.95,24.05,Regular Customer,Regular Marketing,38.08,53.23,24.05,Loyal Stage
50bb522b463517d5cdcb4ce2ac2fc610,278.0,76.8,23.2,VIP Customer,VIP Loyalty Benefits,39.43,54.38,23.2,Loyal Stage
50c331e195b1b8f694e1a20c147b0539,146.0,76.44,23.56,VIP Customer,VIP Loyalty Benefits,38.76,53.83,23.56,Loyal Stage
50c544adc0b470eef70217bd327e672a,159.99,76.51,23.49,VIP Customer,VIP Loyalty Benefits,38.85,53.91,23.49,Loyal Stage
50c7adf7c25188cf27f66e1cfe278fad,178.99,76.64,23.36,VIP Customer,VIP Loyalty Benefits,38.99,54.05,23.36,Loyal Stage
50d88e3877608dc4a6fdbf3fb319f2e0,31.9,77.25,22.75,Regular Customer,Regular Marketing,38.74,54.14,22.75,Loyal Stage
510c0b04c0a1d626ec12a7bc05852be2,139.98,75.81,24.19,VIP Customer,VIP Loyalty Benefits,38.43,53.38,24.19,Loyal Stage
510d2ad55ab5c0d2667afd44c5cfa9c4,107.99,76.74,23.26,Regular Customer,Regular Marketing,38.77,53.96,23.26,Loyal Stage
51169b8e8a78bb508f12797454b6876d,159.0,75.74,24.26,VIP Customer,VIP Loyalty Benefits,38.46,53.37,24.26,Loyal Stage
5128cfed3714b48fe3e07fb068152293,31.99,76.27,23.73,Regular Customer,Regular Marketing,38.25,53.46,23.73,Loyal Stage
51380d57536cda6e31c1013f4ffaa739,32.0,77.15,22.85,Regular Customer,Regular Marketing,38.69,54.07,22.85,Loyal Stage
513c9e0028a7ec60a40cff40de4eb223,23.9,76.1,23.9,Regular Customer,Regular Marketing,38.14,53.32,23.9,Loyal Stage
51498d611c600d2fbc05374a3928cfb2,230.0,77.29,22.71,VIP Customer,VIP Loyalty Benefits,39.5,54.62,22.71,Loyal Stage
514b451172db4107ee9c59f6e89cc0f1,34.9,76.12,23.88,Regular Customer,Regular Marketing,38.19,53.36,23.88,Loyal Stage
5161496006176d32620f5443fd1bcf8b,0.0,76.74,23.26,Regular Customer,Regular Marketing,38.37,53.72,23.26,Loyal Stage
516aae6b5114b40f0c423bcec3f73bc3,0.0,75.34,24.66,Regular Customer,Regular Marketing,37.67,52.74,24.66,Loyal Stage
51704a97c1330b83acdd1682e39170cb,24.99,77.09,22.91,Regular Customer,Regular Marketing,38.64,54.02,22.91,Loyal Stage
518b5058581d593d28957b8e168d4461,0.0,77.1,22.9,Regular Customer,Regular Marketing,38.55,53.97,22.9,Loyal Stage
5190bcfdcfbabaaca397e80a3cda2925,179.0,76.13,23.87,VIP Customer,VIP Loyalty Benefits,38.73,53.69,23.87,Loyal Stage
5192c897072033288df55bd01b0e5737,219.0,75.77,24.23,VIP Customer,VIP Loyalty Benefits,38.7,53.53,24.23,Loyal Stage
51a1ead0ba50c55efd446d0f057c4e2a,19.9,75.58,24.42,Regular Customer,Regular Marketing,37.86,52.95,24.42,Loyal Stage
51c3c1f2163c5e5a546e0478cbe00c57,319.8,77.53,22.47,VIP Customer,VIP Loyalty Benefits,39.95,54.98,22.47,Loyal Stage
51cbe23eea8c734d0de210b863c2a7ff,79.0,75.62,24.38,Regular Customer,Regular Marketing,38.1,53.11,24.38,Loyal Stage
51d368d03eceff9882c5870827f9ce0e,269.70000000000005,76.26,23.74,VIP Customer,VIP Loyalty Benefits,39.13,53.98,23.74,Loyal Stage
51d749720bbcf42fb9f553160011b42c,125.85,76.0,24.0,Regular Customer,Regular Marketing,38.47,53.48,24.0,Loyal Stage
51e44a2ff755a990daa6186a1bfb502b,0.0,76.33,23.67,Regular Customer,Regular Marketing,38.16,53.43,23.67,Loyal Stage
52049d8a3b5cb34d885a3837a9ac2232,69.99,76.22,23.78,Regular Customer,Regular Marketing,38.37,53.51,23.78,Loyal Stage
5212e48260bdb9f6d256cc790bfa141b,109.9,76.85,23.15,Regular Customer,Regular Marketing,38.83,54.04,23.15,Loyal Stage
5219a75dd09b1cf3c7df129fe720365b,0.0,76.58,23.42,Regular Customer,Regular Marketing,38.29,53.61,23.42,Loyal Stage
5222f35858bccb6bff5973b504733fac,45.0,76.24,23.76,Regular Customer,Regular Marketing,38.29,53.47,23.76,Loyal Stage
522400bdef84d75fe0c0f2b8be406321,129.9,76.78,23.22,Regular Customer,Regular Marketing,38.87,54.03,23.22,Loyal Stage
522503b8c5f3a0529896375646bd5550,58.0,76.62,23.38,Regular Customer,Regular Marketing,38.53,53.77,23.38,Loyal Stage
522c6a57e42e6b75c0db5003f6526edf,8.7,76.75,23.25,Regular Customer,Regular Marketing,38.41,53.75,23.25,Loyal Stage
5238a74a89a5376a9c693cd09e3946c9,90.0,76.1,23.9,Regular Customer,Regular Marketing,38.38,53.47,23.9,Loyal Stage
524e35dd7c90f48c76141a4bd25b3d4b,36.82,77.21,22.79,Regular Customer,Regular Marketing,38.74,54.13,22.79,Loyal Stage
525cda9909aa001ebed396f6e55eae01,169.99,76.58,23.42,VIP Customer,VIP Loyalty Benefits,38.92,53.98,23.42,Loyal Stage
525eb1a84ca6c1c0df03dcafaf9c0afc,59.6,76.31,23.69,Regular Customer,Regular Marketing,38.38,53.55,23.69,Loyal Stage
5261ab58714f513f01e23dccad2dbb5f,78.0,75.46,24.54,Regular Customer,Regular Marketing,38.02,53.0,24.54,Loyal Stage
526ff66903c8f540946c5043517fb190,19.9,75.58,24.42,Regular Customer,Regular Marketing,37.86,52.95,24.42,Loyal Stage
528365331125afafdfb72f4ba6c42ca5,44.49,76.7,23.3,Regular Customer,Regular Marketing,38.52,53.79,23.3,Loyal Stage
5287bb98e3da27fddfa3c3b13993f04f,49.9,76.81,23.19,Regular Customer,Regular Marketing,38.59,53.88,23.19,Loyal Stage
52b09be0ba9316e29bcc8bf687612b19,59.5,76.42,23.58,Regular Customer,Regular Marketing,38.43,53.63,23.58,Loyal Stage
52b36a9b4047dab9a0db4f739e15f947,119.9,75.73,24.27,Regular Customer,Regular Marketing,38.31,53.28,24.27,Loyal Stage
52b7e40d53b336e18d6346d2236a5ede,350.0,76.43,23.57,VIP Customer,VIP Loyalty Benefits,39.52,54.28,23.57,Loyal Stage
52b8fc428690f8974a3d3ff3a162f7b7,169.9,77.51,22.49,VIP Customer,VIP Loyalty Benefits,39.39,54.64,22.49,Loyal Stage
52bacdc3b01e5e8379f859adda1ff811,0.0,76.69,23.31,Regular Customer,Regular Marketing,38.34,53.68,23.31,Loyal Stage
52c9810e18350cd0e9f0d30f8272541d,359.0,75.88,24.12,VIP Customer,VIP Loyalty Benefits,39.28,53.92,24.12,Loyal Stage
52ca43132ea5c0f2805b1537bb841857,0.0,76.33,23.67,Regular Customer,Regular Marketing,38.16,53.43,23.67,Loyal Stage
52d1ba60dd7489550beb785ec71c6f37,90.0,76.05,23.95,Regular Customer,Regular Marketing,38.36,53.44,23.95,Loyal Stage
52deacc5ca33fcca81bd873003e66969,118.9,76.55,23.45,Regular Customer,Regular Marketing,38.72,53.85,23.45,Loyal Stage
52fc446155bc2a278dbaa6695e3c06c6,142.0,76.18,23.82,VIP Customer,VIP Loyalty Benefits,38.62,53.64,23.82,Loyal Stage
52ff299027b82ad5886b78d57dd8be1d,76.0,75.46,24.54,Regular Customer,Regular Marketing,38.01,52.99,24.54,Loyal Stage
530ab57e58a828708915c053612b81a6,35.0,76.02,23.98,Regular Customer,Regular Marketing,38.14,53.29,23.98,Loyal Stage
5311cc6d162c6572cb5a2bf299a7c200,26.9,76.37,23.63,Regular Customer,Regular Marketing,38.29,53.52,23.63,Loyal Stage
53448444dde1ffd4734e3c65fc5f5374,712.3,76.66,23.34,VIP Customer,VIP Loyalty Benefits,40.98,55.25,23.34,Loyal Stage
534f8a2bb6107470a5cf33bc14d8fa00,64.99,75.7,24.3,Regular Customer,Regular Marketing,38.09,53.13,24.3,Loyal Stage
535be5be128daa162973845876b8f0e0,58.67,76.16,23.84,Regular Customer,Regular Marketing,38.3,53.44,23.84,Loyal Stage
535c917d84cbf6c71c74d02ee0bf0e72,63.0,75.49,24.51,Regular Customer,Regular Marketing,37.98,52.98,24.51,Loyal Stage
5362503059c670f5f7f0879a5b363fe5,149.9,76.08,23.92,VIP Customer,VIP Loyalty Benefits,38.6,53.59,23.92,Loyal Stage
5365b76b807e5f2a23e7656bb8fc7d46,95.0,75.79,24.21,Regular Customer,Regular Marketing,38.25,53.27,24.21,Loyal Stage
5366e4f51085e586e7d09c203623f6fb,92.99,75.74,24.26,Regular Customer,Regular Marketing,38.22,53.23,24.26,Loyal Stage
53691c7e18b12d8d852bc04f801d4fe4,49.9,75.62,24.38,Regular Customer,Regular Marketing,38.0,53.05,24.38,Loyal Stage
536dfadbe03a1508f0300502ddb0545f,99.9,75.49,24.51,Regular Customer,Regular Marketing,38.12,53.07,24.51,Loyal Stage
5378395f91f3af57397a66396bc5aa49,79.0,77.01,22.99,Regular Customer,Regular Marketing,38.8,54.08,22.99,Loyal Stage
537eaa7044e92f1ce907e98a5eeb989e,59.8,75.54,24.46,Regular Customer,Regular Marketing,37.99,53.01,24.46,Loyal Stage
5385e920cc8eb8bf2ec7c6fee79ee666,369.9,77.08,22.92,VIP Customer,VIP Loyalty Benefits,39.92,54.78,22.92,Loyal Stage
5389a42a672b7d0dbe349b5bd6b2a566,129.9,75.79,24.21,Regular Customer,Regular Marketing,38.38,53.34,24.21,Loyal Stage
5396147addaa2351cb6bcc0d55d61167,12.0,76.45,23.55,Regular Customer,Regular Marketing,38.27,53.54,23.55,Loyal Stage
539b6ae3b5f2999db7e44c8d4dc2069f,99.0,75.4,24.6,Regular Customer,Regular Marketing,38.07,53.0,24.6,Loyal Stage
53b79b163547934f6f13f39421e6c930,229.0,76.51,23.49,VIP Customer,VIP Loyalty Benefits,39.11,54.07,23.49,Loyal Stage
53bfb7666b508a9d940d714d534c4192,14.9,75.47,24.53,Regular Customer,Regular Marketing,37.79,52.86,24.53,Loyal Stage
53d6898973016b454942a026c1ffe1b6,0.0,76.28,23.72,Regular Customer,Regular Marketing,38.14,53.4,23.72,Loyal Stage
53d8755826278070b6744540b82dbd54,0.0,76.28,23.72,Regular Customer,Regular Marketing,38.14,53.4,23.72,Loyal Stage
53e9c392877777b537c258b8bc281845,0.0,76.53,23.47,Regular Customer,Regular Marketing,38.26,53.57,23.47,Loyal Stage
53ee07881a49fd508030f345ed9ad12b,39.0,76.28,23.72,Regular Customer,Regular Marketing,38.29,53.49,23.72,Loyal Stage
53f83d958a9f00d0e7913a0e6261885d,0.0,76.07,23.93,Regular Customer,Regular Marketing,38.03,53.25,23.93,Loyal Stage
54038fdafde7c49533a306f961281d9c,229.98,76.36,23.64,VIP Customer,VIP Loyalty Benefits,39.04,53.97,23.64,Loyal Stage
5406d6a56f0e9267cd7820616828c382,280.0,75.62,24.38,VIP Customer,VIP Loyalty Benefits,38.85,53.56,24.38,Loyal Stage
541605c030a175016e7f070836946584,554.9,77.16,22.84,VIP Customer,VIP Loyalty Benefits,40.64,55.25,22.84,Loyal Stage
54471308461c633773c872f5036729d7,79.99,77.22,22.78,Regular Customer,Regular Marketing,38.91,54.23,22.78,Loyal Stage
54542a226570cfc79a4a2c1930105e1c,0.0,77.1,22.9,Regular Customer,Regular Marketing,38.55,53.97,22.9,Loyal Stage
5457ae2c352c18e3bf5cba68301d96a8,1174.9,76.0,24.0,VIP Customer,VIP Loyalty Benefits,42.37,55.82,24.0,Loyal Stage
5460c602044c610414e3faa53a9f2e9c,215.0,77.32,22.68,VIP Customer,VIP Loyalty Benefits,39.46,54.6,22.68,Loyal Stage
5474eda88098f9eba4af9be1de8ad9ec,369.0,76.51,23.49,VIP Customer,VIP Loyalty Benefits,39.63,54.38,23.49,Loyal Stage
547815ef9a8d4503278645b8d39c2a87,0.0,75.6,24.4,Regular Customer,Regular Marketing,37.8,52.92,24.4,Loyal Stage
547a1e0f4b92c02fe1c106a80bde2c56,0.0,77.1,22.9,Regular Customer,Regular Marketing,38.55,53.97,22.9,Loyal Stage
547e8ae6a6b3beb0587f3dc6d2d62efd,29.9,76.42,23.58,Regular Customer,Regular Marketing,38.32,53.56,23.58,Loyal Stage
548414d4fae122dfdee2518e86d1e5e6,0.0,76.69,23.31,Regular Customer,Regular Marketing,38.34,53.68,23.31,Loyal Stage
5489b136a698126b54baccf463d71dd7,200.0,77.09,22.91,VIP Customer,VIP Loyalty Benefits,39.29,54.41,22.91,Loyal Stage
5491b2d821c91fb135fcf80cafd381c0,17.5,76.77,23.23,Regular Customer,Regular Marketing,38.45,53.78,23.23,Loyal Stage
5492ec0f39ac91306b5dc46fc99ddc95,245.0,76.95,23.05,VIP Customer,VIP Loyalty Benefits,39.39,54.41,23.05,Loyal Stage
54982b0c374191195d5f433c7cccae90,0.0,76.28,23.72,Regular Customer,Regular Marketing,38.14,53.4,23.72,Loyal Stage
549a24530925587e2faddb35f667e458,199.9,76.31,23.69,VIP Customer,VIP Loyalty Benefits,38.9,53.86,23.69,Loyal Stage
54a291c818769a4198d011d467c99130,9.99,77.12,22.88,Regular Customer,Regular Marketing,38.6,54.01,22.88,Loyal Stage
54b6018925eb8978e66b7afe03853e87,110.32,76.08,23.92,Regular Customer,Regular Marketing,38.45,53.5,23.92,Loyal Stage
54b71c436921f08a38a26b65eb05dfb4,437.0,76.56,23.44,VIP Customer,VIP Loyalty Benefits,39.91,54.57,23.44,Loyal Stage
54ba613d4129ba5a15d92d1491b098cb,0.0,75.96,24.04,Regular Customer,Regular Marketing,37.98,53.17,24.04,Loyal Stage
54c04569682d546b81f081b5b62a9d88,49.99,75.99,24.01,Regular Customer,Regular Marketing,38.18,53.3,24.01,Loyal Stage
54d020f986a115a20bfab3694af204d4,159.9,77.19,22.81,VIP Customer,VIP Loyalty Benefits,39.19,54.39,22.81,Loyal Stage
54e7622690229436c11774f5f186e4a4,639.0,77.43,22.57,VIP Customer,VIP Loyalty Benefits,41.09,55.63,22.57,Loyal Stage
54ea74076e60c74695e2ef5375cd496b,36.5,75.86,24.14,Regular Customer,Regular Marketing,38.07,53.19,24.14,Loyal Stage
54eb010282ed1c4a38e101aa8b9aca37,79.9,77.22,22.78,Regular Customer,Regular Marketing,38.91,54.23,22.78,Loyal Stage
54f2711f2fa5fa43b63e30c4092e1b0b,212.0,76.59,23.41,VIP Customer,VIP Loyalty Benefits,39.08,54.08,23.41,Loyal Stage
5501229f067d77af54f8242b218e2d51,0.0,75.65,24.35,Regular Customer,Regular Marketing,37.83,52.96,24.35,Loyal Stage
5509f09308a722e08252bb22bb0d870f,99.9,75.6,24.4,Regular Customer,Regular Marketing,38.17,53.14,24.4,Loyal Stage
551cb9a6b9db0bd6a96672e542ec83d3,735.0,76.8,23.2,VIP Customer,VIP Loyalty Benefits,41.13,55.4,23.2,Loyal Stage
551fdff84d3809ededcc078c25179e4d,118.99,76.3,23.7,Regular Customer,Regular Marketing,38.59,53.67,23.7,Loyal Stage
55216b33e90f01b5e801f5f3c59acfd5,0.0,76.22,23.78,Regular Customer,Regular Marketing,38.11,53.35,23.78,Loyal Stage
5523dc4bddbf8978048e5571b0cb5f87,44.99,76.75,23.25,Regular Customer,Regular Marketing,38.54,53.82,23.25,Loyal Stage
552e9107c35b874bbdf2abb8515f4d84,49.9,76.14,23.86,Regular Customer,Regular Marketing,38.26,53.41,23.86,Loyal Stage
552f9632aafabca9f9013740161f8db2,0.0,75.91,24.09,Regular Customer,Regular Marketing,37.96,53.14,24.09,Loyal Stage
553416bc52eccbf87ee50a5a4102629f,98.0,76.83,23.17,Regular Customer,Regular Marketing,38.78,54.0,23.17,Loyal Stage
553d4ddf98f0c04aa7e4a938826eb335,0.0,77.1,22.9,Regular Customer,Regular Marketing,38.55,53.97,22.9,Loyal Stage
553f3ea5d1e743cd91146d3d06e944f0,13.5,77.12,22.88,Regular Customer,Regular Marketing,38.61,54.01,22.88,Loyal Stage
5549e9f67a5d7feb36b0a0c05d12a77b,0.0,76.22,23.78,Regular Customer,Regular Marketing,38.11,53.35,23.78,Loyal Stage
554f20b1190198361a931b75a6fda43d,36.49,76.9,23.1,Regular Customer,Regular Marketing,38.59,53.91,23.1,Loyal Stage
555c9a08eb946bc1d57e5a2bbe9dcb31,120.0,76.55,23.45,Regular Customer,Regular Marketing,38.72,53.85,23.45,Loyal Stage
5562519ab10ca3a2bcafca081618d2ea,0.0,76.38,23.62,Regular Customer,Regular Marketing,38.19,53.47,23.62,Loyal Stage
5567ff09b0607b9546948fec46fe15ad,33.99,76.12,23.88,Regular Customer,Regular Marketing,38.19,53.36,23.88,Loyal Stage
5568fb2b583235812ed08eb9587d0465,99.0,76.48,23.52,Regular Customer,Regular Marketing,38.61,53.76,23.52,Loyal Stage
55692a0f0ec224f23be0c790a2fbdaf2,0.0,77.36,22.64,Regular Customer,Regular Marketing,38.68,54.15,22.64,Loyal Stage
5582ad5016d37d31c654c108b34cc54d,59.0,76.67,23.33,Regular Customer,Regular Marketing,38.55,53.8,23.33,Loyal Stage
558840a2856f4e074a6cff1e954f949f,0.0,76.58,23.42,Regular Customer,Regular Marketing,38.29,53.61,23.42,Loyal Stage
5590344046361f50100e9faaad848e0b,59.95,76.52,23.48,Regular Customer,Regular Marketing,38.48,53.7,23.48,Loyal Stage
5595ba3152a598ad5cb09fa2e4304e0f,35.98,76.43,23.57,Regular Customer,Regular Marketing,38.35,53.58,23.57,Loyal Stage
55aae3968b53661e6a6905fdd223cbeb,99.99,75.54,24.46,Regular Customer,Regular Marketing,38.14,53.1,24.46,Loyal Stage
55ab86d9b0939b03afebc707ed6c81a9,270.0,75.85,24.15,VIP Customer,VIP Loyalty Benefits,38.93,53.7,24.15,Loyal Stage
55b488a273c6ec9ca293736e9a69d0b3,93.6,76.0,24.0,Regular Customer,Regular Marketing,38.35,53.41,24.0,Loyal Stage
55bbddc6c1dab5d6b051bbeedbdaf0dd,49.9,76.87,23.13,Regular Customer,Regular Marketing,38.62,53.92,23.13,Loyal Stage
55bd4776f1b2e6854ee14ef35adf286d,399.0,77.85,22.15,VIP Customer,VIP Loyalty Benefits,40.41,55.39,22.15,Loyal Stage
55c00c8a161d2e6d7d731dd87341ad2f,14.9,76.35,23.65,Regular Customer,Regular Marketing,38.23,53.48,23.65,Loyal Stage
55ca38e33aa46dac0aba47cff0b5613c,170.0,76.22,23.78,VIP Customer,VIP Loyalty Benefits,38.74,53.73,23.78,Loyal Stage
55cfdb1ec3c5bf60d9ccc0d5f276f8a9,250.0,77.73,22.27,VIP Customer,VIP Loyalty Benefits,39.8,54.97,22.27,Loyal Stage
55e63b514e461b8929512bafd0bc0735,59.0,76.67,23.33,Regular Customer,Regular Marketing,38.55,53.8,23.33,Loyal Stage
55e8c65e0e22ea79e00690463d172894,48.9,76.45,23.55,Regular Customer,Regular Marketing,38.41,53.63,23.55,Loyal Stage
55eddae30967e5021ff7569f5b124e00,55.27,77.19,22.81,Regular Customer,Regular Marketing,38.8,54.16,22.81,Loyal Stage
55ede04c78726dd791684e2e1c2ee049,188.0,76.66,23.34,VIP Customer,VIP Loyalty Benefits,39.03,54.08,23.34,Loyal Stage
55f9cc0d647cdf920b02786fd25437db,38.79,77.06,22.94,Regular Customer,Regular Marketing,38.67,54.03,22.94,Loyal Stage
55fbb64f60861980e74c4f136f304297,45.52,75.64,24.36,Regular Customer,Regular Marketing,37.99,53.05,24.36,Loyal Stage
55fce1ba5ed536b6b60c5b799815f45c,98.0,76.83,23.17,Regular Customer,Regular Marketing,38.78,54.0,23.17,Loyal Stage
560a6282f0b9f4176cb56ff6024632d8,0.0,75.96,24.04,Regular Customer,Regular Marketing,37.98,53.17,24.04,Loyal Stage
560f9523eb41b967e76296537846815c,44.9,76.39,23.61,Regular Customer,Regular Marketing,38.36,53.57,23.61,Loyal Stage
56139a11fd758105e9df4db3a0fed099,0.0,75.91,24.09,Regular Customer,Regular Marketing,37.96,53.14,24.09,Loyal Stage
561a5e784539f3452c077fbfcf54a1e5,59.9,76.05,23.95,Regular Customer,Regular Marketing,38.25,53.37,23.95,Loyal Stage
561c55720d6ad810863839fea8f32329,23.95,76.26,23.74,Regular Customer,Regular Marketing,38.22,53.44,23.74,Loyal Stage
561d12b11588768ed517a0357a98c42e,1095.65,77.35,22.65,VIP Customer,VIP Loyalty Benefits,42.75,56.59,22.65,Loyal Stage
562b3bca5a8903b7451462b6e7aa6082,64.8,76.63,23.37,Regular Customer,Regular Marketing,38.56,53.79,23.37,Loyal Stage
56337e3e78cb8aed2e183b78f4101a22,79.98,76.19,23.81,Regular Customer,Regular Marketing,38.39,53.51,23.81,Loyal Stage
5634e75d99bb303da48151ff3bdba1a1,204.66000000000005,76.43,23.57,VIP Customer,VIP Loyalty Benefits,38.98,53.96,23.57,Loyal Stage
563b980dde8fd13268c0fa66541c141c,0.0,76.38,23.62,Regular Customer,Regular Marketing,38.19,53.47,23.62,Loyal Stage
563dc9dc9f253c5c77566643c8e4ea4c,109.9,76.08,23.92,Regular Customer,Regular Marketing,38.45,53.5,23.92,Loyal Stage
56417f325f6955150cc373b57ec91774,119.7,75.93,24.07,Regular Customer,Regular Marketing,38.41,53.42,24.07,Loyal Stage
56420296fd5d06cf0488ee32a547b2ba,0.0,75.6,24.4,Regular Customer,Regular Marketing,37.8,52.92,24.4,Loyal Stage
565283fe12fa1a894ef451c4bfb391ed,45.95,76.5,23.5,Regular Customer,Regular Marketing,38.42,53.65,23.5,Loyal Stage
5656eb169546146caeab56c3ffc3d268,110.0,75.82,24.18,Regular Customer,Regular Marketing,38.32,53.32,24.18,Loyal Stage
5662855e2f6ad60ab412adcd3ed030fe,16.0,76.76,23.24,Regular Customer,Regular Marketing,38.44,53.77,23.24,Loyal Stage
5663c2758eb1402dda352026f363a0b6,131.8,77.04,22.96,Regular Customer,Regular Marketing,39.01,54.22,22.96,Loyal Stage
566ef46eec03ac4a0e424357fa71db1e,78.0,76.7,23.3,Regular Customer,Regular Marketing,38.64,53.86,23.3,Loyal Stage
5673d9f5705618734ad0e72865a66d07,215.0,76.34,23.66,VIP Customer,VIP Loyalty Benefits,38.97,53.92,23.66,Loyal Stage
56741af99968c78688e558b5551c68ec,72.0,76.12,23.88,Regular Customer,Regular Marketing,38.33,53.45,23.88,Loyal Stage
567f80d13acb77cfc2b4e3a516925eaa,101.0,75.85,24.15,Regular Customer,Regular Marketing,38.3,53.32,24.15,Loyal Stage
5688ba2948d79fc61dd9931d6646929c,189.0,75.88,24.12,VIP Customer,VIP Loyalty Benefits,38.64,53.54,24.12,Loyal Stage
568c55c1df1dd77d62d3c93f7d03c58b,100.0,76.73,23.27,Regular Customer,Regular Marketing,38.74,53.94,23.27,Loyal Stage
56929b4cf5b306902176697e4b487528,0.0,76.74,23.26,Regular Customer,Regular Marketing,38.37,53.72,23.26,Loyal Stage
56987d3e10c71d7d4e0fc479e65a35b6,246.9,77.47,22.53,VIP Customer,VIP Loyalty Benefits,39.65,54.78,22.53,Loyal Stage
56a4b3c63eed5992fbaccb3550671162,529.65,76.49,23.51,VIP Customer,VIP Loyalty Benefits,40.22,54.73,23.51,Loyal Stage
56aa2869985453b8c205ee9ef0a1f2c0,0.0,76.17,23.83,Regular Customer,Regular Marketing,38.08,53.32,23.83,Loyal Stage
56b2223fdb44fe84354175cfc2375dca,0.0,76.22,23.78,Regular Customer,Regular Marketing,38.11,53.35,23.78,Loyal Stage
56b6eede1b10925212f054a7ba614796,89.9,77.13,22.87,Regular Customer,Regular Marketing,38.9,54.19,22.87,Loyal Stage
56b7b493361cf14f3bc96d81c0efbc3b,199.9,75.85,24.15,VIP Customer,VIP Loyalty Benefits,38.67,53.54,24.15,Loyal Stage
56bb6bd8a4f7ad9972cb34ea3c8510f3,69.0,76.22,23.78,Regular Customer,Regular Marketing,38.37,53.51,23.78,Loyal Stage
56c70c2138a78b7d67061a16a1995567,138.0,76.07,23.93,Regular Customer,Regular Marketing,38.55,53.56,23.93,Loyal Stage
56db89223742ab43a1831acd2f8c4344,0.0,76.84,23.16,Regular Customer,Regular Marketing,38.42,53.79,23.16,Loyal Stage
56e1345d266f31c440bb8c809fcadd02,139.9,77.26,22.74,VIP Customer,VIP Loyalty Benefits,39.15,54.39,22.74,Loyal Stage
56e298bed3f665a2f3bf0212f88331b2,38.25,77.21,22.79,Regular Customer,Regular Marketing,38.75,54.13,22.79,Loyal Stage
56e674dd2fe123d7ddd38e34b53163ac,49.99,75.47,24.53,Regular Customer,Regular Marketing,37.92,52.94,24.53,Loyal Stage
56e9ccb289fa7230f6d823d9799a3b91,173.67,75.86,24.14,VIP Customer,VIP Loyalty Benefits,38.58,53.49,24.14,Loyal Stage
5710203a16b48df3013f69a8f9d6c1e0,0.0,75.7,24.3,Regular Customer,Regular Marketing,37.85,52.99,24.3,Loyal Stage
5713bd94b489fc23241f2b27946a8990,160.0,77.39,22.61,VIP Customer,VIP Loyalty Benefits,39.29,54.53,22.61,Loyal Stage
573d26de6cec5eb586a5098e19391918,69.9,75.65,24.35,Regular Customer,Regular Marketing,38.09,53.11,24.35,Loyal Stage
573ff8a94d4f6ead11ddfd5e57345cb0,0.0,77.0,23.0,Regular Customer,Regular Marketing,38.5,53.9,23.0,Loyal Stage
574241537a24a10ba4219b4a7c308b4e,123.51,76.36,23.64,Regular Customer,Regular Marketing,38.64,53.73,23.64,Loyal Stage
5744cb545c3e8137a49e4078190dcb2c,0.0,76.28,23.72,Regular Customer,Regular Marketing,38.14,53.4,23.72,Loyal Stage
575605c52d041c777fd46210b3e30272,89.0,75.73,24.27,Regular Customer,Regular Marketing,38.2,53.21,24.27,Loyal Stage
57599e9341e1ce4306e39daa2af248b2,414.0,77.82,22.18,VIP Customer,VIP Loyalty Benefits,40.45,55.4,22.18,Loyal Stage
575e4f30d7ffab952c6968c7bde8ee45,99.99,75.54,24.46,Regular Customer,Regular Marketing,38.14,53.1,24.46,Loyal Stage
575e8735ac3203bfb92c7d52919faf70,0.0,75.91,24.09,Regular Customer,Regular Marketing,37.96,53.14,24.09,Loyal Stage
577f2e045d1fb82671fac5c14e4ab6b0,79.99,75.82,24.18,Regular Customer,Regular Marketing,38.21,53.25,24.18,Loyal Stage
578b6cae96786a167ce81b3d0b884be5,0.0,76.02,23.98,Regular Customer,Regular Marketing,38.01,53.21,23.98,Loyal Stage
578dd7ef7f97da2aa0a2dd73132005b4,89.0,76.1,23.9,Regular Customer,Regular Marketing,38.38,53.47,23.9,Loyal Stage
5790ed6dd6bf7e5089d7b5425a9859f6,159.9,76.93,23.07,VIP Customer,VIP Loyalty Benefits,39.06,54.21,23.07,Loyal Stage
57ab30ac5f9bf8b1e23bb1732aabc91d,0.0,75.96,24.04,Regular Customer,Regular Marketing,37.98,53.17,24.04,Loyal Stage
57cce8aaddd9bf6acc0d54ffdd68a0ac,293.97,76.09,23.91,VIP Customer,VIP Loyalty Benefits,39.14,53.92,23.91,Loyal Stage
57f06135a2656bfab535243f705fc8f6,35.0,75.7,24.3,Regular Customer,Regular Marketing,37.98,53.07,24.3,Loyal Stage
57f66dc16e5edbe9417e1e21c783b5a9,69.0,76.43,23.57,Regular Customer,Regular Marketing,38.47,53.65,23.57,Loyal Stage
5811acd4bae8dc09af9fa10402d1472d,378.0,76.21,23.79,VIP Customer,VIP Loyalty Benefits,39.51,54.19,23.79,Loyal Stage
581499ad4abed228b0791d946e982a50,229.99,77.19,22.81,VIP Customer,VIP Loyalty Benefits,39.45,54.55,22.81,Loyal Stage
581641ee64988e2cb6569a5370073038,91.9,76.93,23.07,Regular Customer,Regular Marketing,38.81,54.06,23.07,Loyal Stage
581e841ea48ffed8c5d3a7f2b52c4789,99.9,76.52,23.48,Regular Customer,Regular Marketing,38.63,53.79,23.48,Loyal Stage
582d5652f94a284e67644cbe0bb48ebf,29.99,76.42,23.58,Regular Customer,Regular Marketing,38.32,53.56,23.58,Loyal Stage
58347af0efa79da4ecf611c931efebb9,0.0,76.28,23.72,Regular Customer,Regular Marketing,38.14,53.4,23.72,Loyal Stage
58386f30fd7958103a4a30bb0f2217cd,49.9,76.35,23.65,Regular Customer,Regular Marketing,38.36,53.56,23.65,Loyal Stage
583973d1d74829deaaff6709f318737f,29.0,75.39,24.61,Regular Customer,Regular Marketing,37.8,52.84,24.61,Loyal Stage
584346d237bc1c383739317dc24ea75f,105.0,76.53,23.47,Regular Customer,Regular Marketing,38.66,53.81,23.47,Loyal Stage
58494a6181d7709ff13761178ab4a1e6,126.8,76.0,24.0,Regular Customer,Regular Marketing,38.47,53.48,24.0,Loyal Stage
584a1dfaa42bc5c9786a3399fe526148,40.0,75.97,24.03,Regular Customer,Regular Marketing,38.13,53.27,24.03,Loyal Stage
588f5c02d61b8236e90d314d3cee94bd,249.99,76.54,23.46,VIP Customer,VIP Loyalty Benefits,39.2,54.14,23.46,Loyal Stage
589d385bdb6ea79dde137bf8ed137491,0.0,76.69,23.31,Regular Customer,Regular Marketing,38.34,53.68,23.31,Loyal Stage
58a36e5c8a6ee775b3560452f7daa02e,119.99,76.51,23.49,Regular Customer,Regular Marketing,38.7,53.82,23.49,Loyal Stage
58ad4c0b2c76235398e073dd0042e18d,37.99,76.12,23.88,Regular Customer,Regular Marketing,38.2,53.37,23.88,Loyal Stage
58ad94c521ac249ea3349c4bf19df446,19.99,75.48,24.52,Regular Customer,Regular Marketing,37.81,52.88,24.52,Loyal Stage
58af2ee44a9ca5487bd47d13db071ea5,199.75,75.49,24.51,VIP Customer,VIP Loyalty Benefits,38.49,53.29,24.51,Loyal Stage
58b543fb88ff2dd1af70029acb7fedf9,0.0,75.5,24.5,Regular Customer,Regular Marketing,37.75,52.85,24.5,Loyal Stage
58b8872a48432a1556bdde035e980f06,0.0,75.81,24.19,Regular Customer,Regular Marketing,37.9,53.06,24.19,Loyal Stage
58bd8e8e646077fbc3a02f1dbc610ac1,39.9,75.97,24.03,Regular Customer,Regular Marketing,38.13,53.27,24.03,Loyal Stage
58bfed1b2306655c80e33215ba6d494a,44.5,76.81,23.19,Regular Customer,Regular Marketing,38.57,53.87,23.19,Loyal Stage
58c35d38acff62e4db02c16b669c6a89,360.0,77.43,22.57,VIP Customer,VIP Loyalty Benefits,40.05,55.0,22.57,Loyal Stage
58c59e12a9aa68ceb0a0e6ee51abd087,895.0,78.02,21.98,VIP Customer,VIP Loyalty Benefits,42.34,56.61,21.98,Loyal Stage
58ce9a3763e87da8572269d62c54f343,0.0,75.96,24.04,Regular Customer,Regular Marketing,37.98,53.17,24.04,Loyal Stage
58d07c7e7f8a64cc18b9da5aacf2acbe,40.9,75.61,24.39,Regular Customer,Regular Marketing,37.96,53.02,24.39,Loyal Stage
58d4cf224e6986a2e6603e959b56c18a,29.99,77.4,22.6,Regular Customer,Regular Marketing,38.81,54.25,22.6,Loyal Stage
58d7dccba104a9fa2a08af3eea15ec23,89.9,76.93,23.07,Regular Customer,Regular Marketing,38.8,54.05,23.07,Loyal Stage
58e2253f083d42930c64ca32b510a512,21.99,75.95,24.05,Regular Customer,Regular Marketing,38.06,53.22,24.05,Loyal Stage
58e37d5a5108c1debf38dfeb9933cad7,209.99,77.05,22.95,VIP Customer,VIP Loyalty Benefits,39.31,54.41,22.95,Loyal Stage
58fc198f4a508164b8e0c1ebb0b85b1a,19.99,77.08,22.92,Regular Customer,Regular Marketing,38.61,54.0,22.92,Loyal Stage
590180f08e3f630449409ec094fcb1de,39.9,76.18,23.82,Regular Customer,Regular Marketing,38.24,53.42,23.82,Loyal Stage
5923b4f6520b20526b5a59f063e6b0ee,0.0,76.07,23.93,Regular Customer,Regular Marketing,38.03,53.25,23.93,Loyal Stage
592596924fbb356d2f929f3a57b0187d,140.75,76.28,23.72,VIP Customer,VIP Loyalty Benefits,38.66,53.71,23.72,Loyal Stage
5926155748a17bea012987f22a4e73a6,56.9,76.77,23.23,Regular Customer,Regular Marketing,38.6,53.87,23.23,Loyal Stage
59352112760f13affef9511f77f9fd9d,239.7,76.95,23.05,VIP Customer,VIP Loyalty Benefits,39.37,54.4,23.05,Loyal Stage
5936869a15efc4fd39ba6789dc089d89,319.8,77.27,22.73,VIP Customer,VIP Loyalty Benefits,39.82,54.8,22.73,Loyal Stage
5936fabf5dfeaa6c31d9f649b5794e2c,106.9,75.97,24.03,Regular Customer,Regular Marketing,38.38,53.42,24.03,Loyal Stage
5946c7eb7093ad678e3510213f1b6f09,26.9,75.85,24.15,Regular Customer,Regular Marketing,38.03,53.16,24.15,Loyal Stage
59568992fe4257370cc179cef201607c,105.0,76.64,23.36,Regular Customer,Regular Marketing,38.71,53.88,23.36,Loyal Stage
5957e9a021f52b5405741f5092ec749c,119.9,75.88,24.12,Regular Customer,Regular Marketing,38.39,53.39,24.12,Loyal Stage
59683b9b04171ba51cf17632a8e8a9ce,199.9,76.78,23.22,VIP Customer,VIP Loyalty Benefits,39.13,54.19,23.22,Loyal Stage
596ef1de0dbc8272ca72cfca3b3d871e,439.9,77.19,22.81,VIP Customer,VIP Loyalty Benefits,40.23,55.01,22.81,Loyal Stage
59775d57770e03aa8ad34d4c54528994,106.0,77.0,23.0,Regular Customer,Regular Marketing,38.89,54.13,23.0,Loyal Stage
5983e4b51909d0d1ca140ea6a2bca82d,54.9,76.87,23.13,Regular Customer,Regular Marketing,38.64,53.93,23.13,Loyal Stage
5998ec995841d32983e0b32f7a6c5c80,37.4,77.31,22.69,Regular Customer,Regular Marketing,38.79,54.2,22.69,Loyal Stage
59aff619adb6008c7b562fc260c1b29b,49.99,77.13,22.87,Regular Customer,Regular Marketing,38.75,54.1,22.87,Loyal Stage
59bb10015afb7afabc67252dbbf21985,24.9,76.67,23.33,Regular Customer,Regular Marketing,38.43,53.73,23.33,Loyal Stage
59beea6727534eabf3af451f092fb8b5,135.0,76.99,23.01,Regular Customer,Regular Marketing,39.0,54.2,23.01,Loyal Stage
59cd6345c0d1920b6a42f672173a78fd,45.97,76.81,23.19,Regular Customer,Regular Marketing,38.58,53.87,23.19,Loyal Stage
59e84d0d472db8ce153e8a8841e6f661,119.9,76.04,23.96,Regular Customer,Regular Marketing,38.47,53.5,23.96,Loyal Stage
59e9260732bd3ec2fbb4bebd61acbffc,199.9,77.04,22.96,VIP Customer,VIP Loyalty Benefits,39.26,54.37,22.96,Loyal Stage
59f00123fa766cafee685ba1667aa30b,0.0,75.91,24.09,Regular Customer,Regular Marketing,37.96,53.14,24.09,Loyal Stage
59f5e5c0ff8a1ca7026faa8c316693eb,64.99,75.96,24.04,Regular Customer,Regular Marketing,38.22,53.32,24.04,Loyal Stage
59ff17822f2fb14b2ca08f74204c3a16,299.0,77.55,22.45,VIP Customer,VIP Loyalty Benefits,39.89,54.95,22.45,Loyal Stage
5a0137cf7dd0e5de477f414f59aa05f2,0.0,76.79,23.21,Regular Customer,Regular Marketing,38.4,53.76,23.21,Loyal Stage
5a04b8d0b0186a8c54bf27375f3fb3e7,0.0,77.1,22.9,Regular Customer,Regular Marketing,38.55,53.97,22.9,Loyal Stage
5a04d5472eb5ee998250f0977b31f772,1999.9,79.51,20.49,VIP Customer,VIP Loyalty Benefits,47.2,60.12,20.49,Loyal Stage
5a050b063ed2697381b449b2ff7b422e,1322.64,77.37,22.63,VIP Customer,VIP Loyalty Benefits,43.61,57.11,22.63,Loyal Stage
5a073c7f8c64f64c90e08200465e0ad7,82.49,77.12,22.88,Regular Customer,Regular Marketing,38.87,54.17,22.88,Loyal Stage
5a0ff93cfaa09dab931deb90247502b5,110.65,76.8,23.2,Regular Customer,Regular Marketing,38.81,54.01,23.2,Loyal Stage
5a301da3a0c50579da166564ac781176,55.0,76.82,23.18,Regular Customer,Regular Marketing,38.61,53.89,23.18,Loyal Stage
5a318f8964459f0ec1af3f4bb4b1166e,24.0,75.95,24.05,Regular Customer,Regular Marketing,38.06,53.22,24.05,Loyal Stage
5a3b54ced0e209a899d0352364135bab,19.99,75.37,24.63,Regular Customer,Regular Marketing,37.76,52.8,24.63,Loyal Stage
5a3f5fbbab137680e842172402d2f291,29.99,76.73,23.27,Regular Customer,Regular Marketing,38.48,53.78,23.27,Loyal Stage
5a47d7090e95d17293b69b047b39e7f1,68.5,76.89,23.11,Regular Customer,Regular Marketing,38.7,53.98,23.11,Loyal Stage
5a4fa1e501791e36c757683e9fd20c1b,299.0,76.41,23.59,VIP Customer,VIP Loyalty Benefits,39.32,54.16,23.59,Loyal Stage
5a5bf3bc05c89879f4d63206e24565ca,359.0,76.65,23.35,VIP Customer,VIP Loyalty Benefits,39.66,54.46,23.35,Loyal Stage
5a64b3fb0a71caa68a2cc3ac67c3c6df,0.0,76.33,23.67,Regular Customer,Regular Marketing,38.16,53.43,23.67,Loyal Stage
5a689ab0069d25bc6c2be47d4b3863d4,99.5,75.8,24.2,Regular Customer,Regular Marketing,38.27,53.28,24.2,Loyal Stage
5a7f299c8747e5ee47d8212833a551a6,240.0,76.58,23.42,VIP Customer,VIP Loyalty Benefits,39.18,54.14,23.42,Loyal Stage
5a7ff7d4adb18a0d64314cc177a2f89a,0.0,76.22,23.78,Regular Customer,Regular Marketing,38.11,53.35,23.78,Loyal Stage
5a90c04310014a55c85bc753606bcce3,32.9,76.63,23.37,Regular Customer,Regular Marketing,38.44,53.72,23.37,Loyal Stage
5a922e13e58eb78ae93110685d14700f,129.0,77.34,22.66,Regular Customer,Regular Marketing,39.15,54.43,22.66,Loyal Stage
5a9749306bde2b86113efa96bbeb201a,22.9,76.88,23.12,Regular Customer,Regular Marketing,38.53,53.87,23.12,Loyal Stage
5a995876f96b9c5b16c690009e92ac6b,169.9,75.96,24.04,VIP Customer,VIP Loyalty Benefits,38.61,53.55,24.04,Loyal Stage
5aa47e4947fad63e026efcf382737b7f,48.99,75.93,24.07,Regular Customer,Regular Marketing,38.15,53.26,24.07,Loyal Stage
5aa7ef34373fcdc118b1b3b29f663754,287.0,76.86,23.14,VIP Customer,VIP Loyalty Benefits,39.5,54.44,23.14,Loyal Stage
5aadf276014508c111699eade2d710d6,101.9,76.22,23.78,Regular Customer,Regular Marketing,38.49,53.58,23.78,Loyal Stage
5ab603cce283352d94cc28dad9bb9570,29.9,76.52,23.48,Regular Customer,Regular Marketing,38.37,53.63,23.48,Loyal Stage
5ab6e955205058ae5491af57f51f0302,45.5,77.12,22.88,Regular Customer,Regular Marketing,38.73,54.09,22.88,Loyal Stage
5ab9507e934f43e77e18f3b19673649f,34.98,75.5,24.5,Regular Customer,Regular Marketing,37.88,52.93,24.5,Loyal Stage
5abe7c02ed9770eba399489d567c1287,259.99,76.45,23.55,VIP Customer,VIP Loyalty Benefits,39.19,54.09,23.55,Loyal Stage
5ac53376e1062bedef136a6928961d44,79.99,76.81,23.19,Regular Customer,Regular Marketing,38.7,53.94,23.19,Loyal Stage
5ac868e117b9ada5e11590ef74144102,109.79,76.64,23.36,Regular Customer,Regular Marketing,38.73,53.89,23.36,Loyal Stage
5ad84888519e10ff52d8af00641d41bc,465.8,76.76,23.24,VIP Customer,VIP Loyalty Benefits,40.11,54.77,23.24,Loyal Stage
5adaea6b8fef96ea29207caf25e7d54c,42.79,76.13,23.87,Regular Customer,Regular Marketing,38.22,53.38,23.87,Loyal Stage
5ae08af8f3515283b1828222edcb9aea,36.5,75.65,24.35,Regular Customer,Regular Marketing,37.96,53.04,24.35,Loyal Stage
5aef2622c33adfe3f039bf344709772f,180.0,76.54,23.46,VIP Customer,VIP Loyalty Benefits,38.94,53.98,23.46,Loyal Stage
5af79d89508d36628b0796f94afa3fa9,77.98,76.49,23.51,Regular Customer,Regular Marketing,38.54,53.72,23.51,Loyal Stage
5afde1c9bba8add22daf7930d6c8fd83,199.9,76.88,23.12,VIP Customer,VIP Loyalty Benefits,39.18,54.26,23.12,Loyal Stage
5b1e08010c71227dd7531a2defd33b33,54.99,76.31,23.69,Regular Customer,Regular Marketing,38.36,53.54,23.69,Loyal Stage
5b21a9cd28e730b3ac4978f6dbabcb37,159.9,75.58,24.42,VIP Customer,VIP Loyalty Benefits,38.38,53.26,24.42,Loyal Stage
5b586399e94f316df6602acbe6d80f70,59.0,77.09,22.91,Regular Customer,Regular Marketing,38.76,54.09,22.91,Loyal Stage
5b7589e703f37814665a1fffed8dffa7,0.0,75.34,24.66,Regular Customer,Regular Marketing,37.67,52.74,24.66,Loyal Stage
5b7724b62e5a4740a84759766904e425,0.0,75.45,24.55,Regular Customer,Regular Marketing,37.72,52.81,24.55,Loyal Stage
5b7743d8f930a9dd5cfdb503aa8e31dc,24.99,75.43,24.57,Regular Customer,Regular Marketing,37.81,52.86,24.57,Loyal Stage
5b7909708bbae6ed80be12a430afc315,59.0,76.67,23.33,Regular Customer,Regular Marketing,38.55,53.8,23.33,Loyal Stage
5b8cf1a4afc70dfb0344a6f9c98aa18e,104.9,75.66,24.34,Regular Customer,Regular Marketing,38.22,53.2,24.34,Loyal Stage
5b92df6945d212dcba4b6997d2fcaf24,44.99,76.65,23.35,Regular Customer,Regular Marketing,38.49,53.75,23.35,Loyal Stage
5b952e3dc4849109f9b9287dfafdec45,134.9,76.42,23.58,Regular Customer,Regular Marketing,38.71,53.79,23.58,Loyal Stage
5b99b037dd23d71e703eeb9a1f643cda,27.9,75.44,24.56,Regular Customer,Regular Marketing,37.82,52.87,24.56,Loyal Stage
5ba4a353f2e66822e7e74359ebf8d071,0.0,75.96,24.04,Regular Customer,Regular Marketing,37.98,53.17,24.04,Loyal Stage
5ba572c778c07ea0ce0acc8bdda8d263,53.0,76.3,23.7,Regular Customer,Regular Marketing,38.35,53.53,23.7,Loyal Stage
5baacaeecffec953748df99453bce1d7,129.97,75.74,24.26,Regular Customer,Regular Marketing,38.35,53.31,24.26,Loyal Stage
5bbf0e22adec84c744d699fe6fd674e9,32.99,76.84,23.16,Regular Customer,Regular Marketing,38.54,53.86,23.16,Loyal Stage
5bcb3b3af07be38f0a4ed0433745481d,39.9,75.92,24.08,Regular Customer,Regular Marketing,38.11,53.23,24.08,Loyal Stage
5bd1c37640938dd794e2f1f9c6164f11,23.9,76.1,23.9,Regular Customer,Regular Marketing,38.14,53.32,23.9,Loyal Stage
5be2630961b92684db5a1db32cbd41bc,497.98,76.81,23.19,VIP Customer,VIP Loyalty Benefits,40.26,54.88,23.19,Loyal Stage
5be2f401ff4c32131a4f6ea1633f0a84,329.0,76.35,23.65,VIP Customer,VIP Loyalty Benefits,39.4,54.18,23.65,Loyal Stage
5bee2adfebafd09cb7d9f6050f9d2bc0,0.0,75.45,24.55,Regular Customer,Regular Marketing,37.72,52.81,24.55,Loyal Stage
5bee6cfb202119f72b4ac7808af2e21a,0.0,75.81,24.19,Regular Customer,Regular Marketing,37.9,53.06,24.19,Loyal Stage
5bf6014626aaa36cdb6f1d0d955ded28,157.41,77.39,22.61,VIP Customer,VIP Loyalty Benefits,39.28,54.52,22.61,Loyal Stage
5bf7274f42d022ba05ae7252fc4ccbf2,849.0,76.81,23.19,VIP Customer,VIP Loyalty Benefits,41.56,55.66,23.19,Loyal Stage
5bff7e6ba295452d98a709c9bef2bf45,0.0,75.55,24.45,Regular Customer,Regular Marketing,37.78,52.89,24.45,Loyal Stage
5c00e849b56a56ea31560d5d66f933e9,26.19,76.17,23.83,Regular Customer,Regular Marketing,38.18,53.38,23.83,Loyal Stage
5c0e24fc9e6c3094e6e43ae5efd4123f,179.2,76.8,23.2,VIP Customer,VIP Loyalty Benefits,39.07,54.16,23.2,Loyal Stage
5c22dbb9d8b5385953f2f1e6d9d115a7,49.9,76.09,23.91,Regular Customer,Regular Marketing,38.23,53.37,23.91,Loyal Stage
5c29495a80be1cb218d3428a8cd3a6d7,799.0,77.15,22.85,VIP Customer,VIP Loyalty Benefits,41.55,55.79,22.85,Loyal Stage
5c322fba2f17b7a044345f2e45d2f6ab,0.0,76.58,23.42,Regular Customer,Regular Marketing,38.29,53.61,23.42,Loyal Stage
5c370ae01de98718e08950c11ad618b2,289.99,76.91,23.09,VIP Customer,VIP Loyalty Benefits,39.53,54.48,23.09,Loyal Stage
5c3914b94ee76459cbcc768f1bd2dd0a,499.9,76.4,23.6,VIP Customer,VIP Loyalty Benefits,40.06,54.6,23.6,Loyal Stage
5c43c65dc3caed3683f10ab4902232bd,46.9,77.07,22.93,Regular Customer,Regular Marketing,38.71,54.05,22.93,Loyal Stage
5c4a479772969c56f11925cd8957a367,199.0,76.88,23.12,VIP Customer,VIP Loyalty Benefits,39.18,54.26,23.12,Loyal Stage
5c58de6fb80e93396e2f35642666b693,418.0,78.03,21.97,VIP Customer,VIP Loyalty Benefits,40.57,55.55,21.97,Loyal Stage
5c592a4a6e10497444ac1f7c46d8c51f,99.0,76.37,23.63,Regular Customer,Regular Marketing,38.55,53.68,23.63,Loyal Stage
5c6c8d73c5a9a4fc2d83fdd96309d068,220.7,76.24,23.76,VIP Customer,VIP Loyalty Benefits,38.94,53.86,23.76,Loyal Stage
5c77da09750b42091c93c331d544ab53,269.74,73.8,26.2,VIP Customer,VIP Loyalty Benefits,37.9,52.26,26.2,Loyal Stage
5c7e7268daf2b58c8def09906a9b6a7a,165.0,75.75,24.25,VIP Customer,VIP Loyalty Benefits,38.49,53.39,24.25,Loyal Stage
5c7fdc5b910c753f1f86570b8b52817e,950.0,78.36,21.64,VIP Customer,VIP Loyalty Benefits,42.71,56.97,21.64,Loyal Stage
5c89979be936e2b8e12f245f1899836e,0.0,75.34,24.66,Regular Customer,Regular Marketing,37.67,52.74,24.66,Loyal Stage
5c92f755ae805b8828636f282c298238,69.9,76.02,23.98,Regular Customer,Regular Marketing,38.27,53.37,23.98,Loyal Stage
5c950be09247ebf8d672c20cbc30383a,55.0,76.25,23.75,Regular Customer,Regular Marketing,38.33,53.5,23.75,Loyal Stage
5c9f8b7abc2b49d75a2f6711deada9a1,104.0,76.95,23.05,Regular Customer,Regular Marketing,38.86,54.1,23.05,Loyal Stage
5ca257126b5a58068a2ad97b6133a28f,64.0,76.78,23.22,Regular Customer,Regular Marketing,38.63,53.89,23.22,Loyal Stage
5cac520e0d32fbde17b1eec2eed08f37,22.35,76.05,23.95,Regular Customer,Regular Marketing,38.11,53.29,23.95,Loyal Stage
5cb955b555b3ea961bfce8cf00439d47,64.9,76.89,23.11,Regular Customer,Regular Marketing,38.69,53.97,23.11,Loyal Stage
5cce8eaffb5151c60641055712c328fc,299.0,76.41,23.59,VIP Customer,VIP Loyalty Benefits,39.32,54.16,23.59,Loyal Stage
5ce0fe1fb00b7bd8dcb41e207c831c82,131.8,75.9,24.1,Regular Customer,Regular Marketing,38.44,53.42,24.1,Loyal Stage
5d04d82dc42c00279536239a5193c10e,16.9,77.13,22.87,Regular Customer,Regular Marketing,38.63,54.03,22.87,Loyal Stage
5d090bf0d5a39b62327ccc888d1ec0bb,0.0,76.33,23.67,Regular Customer,Regular Marketing,38.16,53.43,23.67,Loyal Stage
5d0e326bb243778a92bcf9f60fc783e5,89.0,75.48,24.52,Regular Customer,Regular Marketing,38.07,53.03,24.52,Loyal Stage
5d186779066a00491fe5c0429b1d3342,148.9,77.17,22.83,VIP Customer,VIP Loyalty Benefits,39.14,54.35,22.83,Loyal Stage
5d19139a14cc83b4d1b9a6ad9af11147,139.9,76.64,23.36,VIP Customer,VIP Loyalty Benefits,38.84,53.96,23.36,Loyal Stage
5d1d2bf42c3a6bd8cd1a8a4dbf29983d,59.9,75.85,24.15,Regular Customer,Regular Marketing,38.15,53.23,24.15,Loyal Stage
5d1fde9eb27149c695624f8bb84cf6f7,1319.9,78.19,21.81,VIP Customer,VIP Loyalty Benefits,44.01,57.68,21.81,Loyal Stage
5d27e9bfc5574277994b6cdc527a12be,0.0,75.6,24.4,Regular Customer,Regular Marketing,37.8,52.92,24.4,Loyal Stage
5d3535a17b0b280949f7fda54bf4c721,24.9,75.54,24.46,Regular Customer,Regular Marketing,37.86,52.93,24.46,Loyal Stage
5d47565d0d2435f1cf9d189c94853720,106.0,77.16,22.84,Regular Customer,Regular Marketing,38.97,54.25,22.84,Loyal Stage
5d63628c95182301765aa1482b0293aa,178.9,76.75,23.25,VIP Customer,VIP Loyalty Benefits,39.04,54.12,23.25,Loyal Stage
5d6c8ac1fd6cb1e436465bd970b78ec1,33.0,75.86,24.14,Regular Customer,Regular Marketing,38.05,53.17,24.14,Loyal Stage
5d78c6a8ce4a87d56bec6d801ca0f91f,79.9,76.13,23.87,Regular Customer,Regular Marketing,38.36,53.47,23.87,Loyal Stage
5d823c5e7d1d0e13ee32090ca889975d,0.0,76.33,23.67,Regular Customer,Regular Marketing,38.16,53.43,23.67,Loyal Stage
5d8c508f148157b5095cab78700ae2a4,12.9,77.07,22.93,Regular Customer,Regular Marketing,38.58,53.98,22.93,Loyal Stage
5d8e868e66c537267dc1eba2fb66f52b,22.32,75.58,24.42,Regular Customer,Regular Marketing,37.87,52.95,24.42,Loyal Stage
5d9a935069dbcca38415cb23b8cc4ef4,98.0,77.2,22.8,Regular Customer,Regular Marketing,38.96,54.26,22.8,Loyal Stage
5d9f1482b3b5390cf257ab6299165e7d,39.9,76.75,23.25,Regular Customer,Regular Marketing,38.52,53.81,23.25,Loyal Stage
5da306ece745a9311ebcb7ea06ebc166,122.73,77.29,22.71,Regular Customer,Regular Marketing,39.1,54.38,22.71,Loyal Stage
5da6e0ea4957aadbca5906b6c6173a7e,89.9,75.73,24.27,Regular Customer,Regular Marketing,38.2,53.21,24.27,Loyal Stage
5db33403549e744b4cdd3092edc966a8,165.8,76.21,23.79,VIP Customer,VIP Loyalty Benefits,38.72,53.72,23.79,Loyal Stage
5dbbda7fd2a3d5d3e748cdca489b68dd,29.9,76.06,23.94,Regular Customer,Regular Marketing,38.14,53.31,23.94,Loyal Stage
5dc033c91ee12d58f65c917e0ed03c2d,27.9,76.06,23.94,Regular Customer,Regular Marketing,38.13,53.3,23.94,Loyal Stage
5dc2ad61493777c5321a48bae16bfa6a,124.9,76.46,23.54,Regular Customer,Regular Marketing,38.69,53.8,23.54,Loyal Stage
5dd6e6ccbf66521ab5ecd6da289bf673,22.0,76.26,23.74,Regular Customer,Regular Marketing,38.21,53.43,23.74,Loyal Stage
5dd951642f5b3235daf210585691243c,44.05,75.98,24.02,Regular Customer,Regular Marketing,38.15,53.28,24.02,Loyal Stage
5de57fee97489a43d506193371e3991a,22.0,76.36,23.64,Regular Customer,Regular Marketing,38.26,53.5,23.64,Loyal Stage
5de800818b163722702b209e372dcb33,79.9,77.43,22.57,Regular Customer,Regular Marketing,39.01,54.38,22.57,Loyal Stage
5dfc12ff66fbee3b02210e2e98739d9e,545.98,76.88,23.12,VIP Customer,VIP Loyalty Benefits,40.47,55.03,23.12,Loyal Stage
5e065c2ae315b9c4549a30b40277d6ad,61.9,76.47,23.53,Regular Customer,Regular Marketing,38.47,53.67,23.53,Loyal Stage
5e0fce51c98009db0362993fe6f16981,0.0,75.5,24.5,Regular Customer,Regular Marketing,37.75,52.85,24.5,Loyal Stage
5e0fe55f37791a9d6be26cadfe5a2383,109.0,76.85,23.15,Regular Customer,Regular Marketing,38.83,54.04,23.15,Loyal Stage
5e1748ead74e7c7de4f511a0800319b4,149.0,76.86,23.14,VIP Customer,VIP Loyalty Benefits,38.98,54.13,23.14,Loyal Stage
5e237c923446d52bdb73ffa484329c0e,157.0,76.87,23.13,VIP Customer,VIP Loyalty Benefits,39.02,54.16,23.13,Loyal Stage
5e27fb1ca5f8f65f60eecfb1c468b202,228.0,76.15,23.85,VIP Customer,VIP Loyalty Benefits,38.92,53.81,23.85,Loyal Stage
5e3d08833a705bdc7ebe3709488a00df,549.9,76.52,23.48,VIP Customer,VIP Loyalty Benefits,40.31,54.79,23.48,Loyal Stage
5e3e104c632be6607c4e66bbfad5556a,59.9,77.09,22.91,Regular Customer,Regular Marketing,38.77,54.1,22.91,Loyal Stage
5e452c7100eb681c1ae6cd5662f1d153,0.0,76.95,23.05,Regular Customer,Regular Marketing,38.48,53.87,23.05,Loyal Stage
5e55dde40568204a0b11cb09f2c38c54,53.49,77.08,22.92,Regular Customer,Regular Marketing,38.74,54.08,22.92,Loyal Stage
5e5e45d10f0d852c85733ded028ab58e,30.09,75.39,24.61,Regular Customer,Regular Marketing,37.81,52.84,24.61,Loyal Stage
5e6fa0f7430f7ff95d2ae12438ee96e6,85.99,76.04,23.96,Regular Customer,Regular Marketing,38.34,53.42,23.96,Loyal Stage
5e721437cc4cc7c291bfb73ed3782790,115.99,76.08,23.92,Regular Customer,Regular Marketing,38.47,53.51,23.92,Loyal Stage
5e75eb1c98e57682d3004e9d644197c1,0.0,76.79,23.21,Regular Customer,Regular Marketing,38.4,53.76,23.21,Loyal Stage
5e7a18314651805724705ec336ed3415,0.0,76.64,23.36,Regular Customer,Regular Marketing,38.32,53.65,23.36,Loyal Stage
5e8da91e476f88a5793468512a8c4ea0,19.9,76.05,23.95,Regular Customer,Regular Marketing,38.1,53.28,23.95,Loyal Stage
5e8e7a5e50ca291250f874d09c037f72,138.0,76.07,23.93,Regular Customer,Regular Marketing,38.55,53.56,23.93,Loyal Stage
5e99be6456fee291a84af71e58fdb40e,92.99,76.21,23.79,Regular Customer,Regular Marketing,38.45,53.55,23.79,Loyal Stage
5e9c90f330da0758e806f4d69b012db1,64.86,75.85,24.15,Regular Customer,Regular Marketing,38.17,53.24,24.15,Loyal Stage
5e9cb24410928581ed2009a03bcc07c5,56.99,76.15,23.85,Regular Customer,Regular Marketing,38.29,53.43,23.85,Loyal Stage
5ea07eb49d71317baa63658681ab1dbf,0.0,76.22,23.78,Regular Customer,Regular Marketing,38.11,53.35,23.78,Loyal Stage
5ea62f0f260b8f62b7f84dd3d5219a30,192.0,77.03,22.97,VIP Customer,VIP Loyalty Benefits,39.23,54.35,22.97,Loyal Stage
5eac32fd7c8fbf52e46c891228ac3067,59.0,76.88,23.12,Regular Customer,Regular Marketing,38.66,53.95,23.12,Loyal Stage
5eb351044bd6b55c52e33510a8529bc3,42.89,76.91,23.09,Regular Customer,Regular Marketing,38.61,53.93,23.09,Loyal Stage
5ebb4b34c5aeed7ddda4fefe8e38f64a,95.38,77.25,22.75,Regular Customer,Regular Marketing,38.98,54.29,22.75,Loyal Stage
5ebcc5c8c91b96b3a4451f88903e0ab1,49.9,75.52,24.48,Regular Customer,Regular Marketing,37.95,52.98,24.48,Loyal Stage
5edad18806aa14fdb3b8521cd4aaf307,0.0,75.55,24.45,Regular Customer,Regular Marketing,37.78,52.89,24.45,Loyal Stage
5edef036518282b6628d79eaba98b95c,69.0,75.55,24.45,Regular Customer,Regular Marketing,38.03,53.04,24.45,Loyal Stage
5ee117899ac24cfbecfb13175f7884fc,125.0,76.05,23.95,Regular Customer,Regular Marketing,38.49,53.51,23.95,Loyal Stage
5eef461e1881783a821d431b83d84a4c,469.0,77.44,22.56,VIP Customer,VIP Loyalty Benefits,40.46,55.25,22.56,Loyal Stage
5eefb861d4921a3e628bbc65c50a480a,0.0,76.17,23.83,Regular Customer,Regular Marketing,38.08,53.32,23.83,Loyal Stage
5ef2199b05665d461d5e6fdd13f60f75,0.0,75.96,24.04,Regular Customer,Regular Marketing,37.98,53.17,24.04,Loyal Stage
5ef749f2915e7196dba56703be6d9eaf,1230.0,78.38,21.62,VIP Customer,VIP Loyalty Benefits,43.77,57.61,21.62,Loyal Stage
5f169f1ca0d38f41c8bcf72ad1d8fb1d,74.8,76.8,23.2,Regular Customer,Regular Marketing,38.68,53.93,23.2,Loyal Stage
5f32e35f44f6b94899759d719822b6c8,0.0,76.9,23.1,Regular Customer,Regular Marketing,38.45,53.83,23.1,Loyal Stage
5f3417e9a4199b947a7418ff484f8a8b,72.2,75.45,24.55,Regular Customer,Regular Marketing,37.99,52.97,24.55,Loyal Stage
5f349193a205124186b7433d20ac52e6,44.0,76.34,23.66,Regular Customer,Regular Marketing,38.33,53.53,23.66,Loyal Stage
5f41b1957f063351f20bf9d83f59c3ae,112.99,77.32,22.68,Regular Customer,Regular Marketing,39.08,54.38,22.68,Loyal Stage
5f4aaa87db6bfe806d2e08bd3a782f8d,69.0,76.17,23.83,Regular Customer,Regular Marketing,38.34,53.47,23.83,Loyal Stage
5f4b804b2fb21bc0a8b25b01b7efa59c,44.06,76.91,23.09,Regular Customer,Regular Marketing,38.62,53.94,23.09,Loyal Stage
5f5072aea26091ec5d4d4ac22bd889a3,0.0,76.17,23.83,Regular Customer,Regular Marketing,38.08,53.32,23.83,Loyal Stage
5f6edfa5d3f33bc9b96c1e91153c8e2b,59.0,75.79,24.21,Regular Customer,Regular Marketing,38.11,53.18,24.21,Loyal Stage
5f7084619c4929d7f7f242560f980ba7,349.3,77.06,22.94,VIP Customer,VIP Loyalty Benefits,39.83,54.72,22.94,Loyal Stage
5f767d103332ebefbce36dd1581acafb,36.9,76.33,23.67,Regular Customer,Regular Marketing,38.3,53.51,23.67,Loyal Stage
5f775bffbca1a693a2546917dd5b2ed9,91.8,76.41,23.59,Regular Customer,Regular Marketing,38.55,53.69,23.59,Loyal Stage
5f8840d789dea9688d0702c14d52c884,140.7,75.97,24.03,VIP Customer,VIP Loyalty Benefits,38.51,53.49,24.03,Loyal Stage
5f8ad624020f7db33a63d5a0e5d14348,154.9,76.19,23.81,VIP Customer,VIP Loyalty Benefits,38.67,53.68,23.81,Loyal Stage
5fb693e616b5ced7fcbcab50be1b1fdf,395.0,76.55,23.45,VIP Customer,VIP Loyalty Benefits,39.74,54.46,23.45,Loyal Stage
5fb8f5b784dc8f85eaaef76b91faf431,34.97,77.05,22.95,Regular Customer,Regular Marketing,38.66,54.02,22.95,Loyal Stage
5fbd0db43d845f806db24e5ef013b81e,0.0,76.43,23.57,Regular Customer,Regular Marketing,38.22,53.5,23.57,Loyal Stage
5fbd187e2b87c72593ed5c8a498a928a,199.0,76.16,23.84,VIP Customer,VIP Loyalty Benefits,38.82,53.76,23.84,Loyal Stage
5fcce9584c278b76076b93720089b546,69.9,76.12,23.88,Regular Customer,Regular Marketing,38.32,53.44,23.88,Loyal Stage
5fce3567a69e158290a6d73138f4f69b,198.0,76.57,23.43,VIP Customer,VIP Loyalty Benefits,39.02,54.04,23.43,Loyal Stage
5fd3e50cd600d076eda5e076611c35c6,549.9,76.16,23.84,VIP Customer,VIP Loyalty Benefits,40.13,54.54,23.84,Loyal Stage
5fdaa160e3043888527c3995993c487b,29.99,76.84,23.16,Regular Customer,Regular Marketing,38.53,53.85,23.16,Loyal Stage
5fdcf38147b7d4395d1e76320974494f,199.98,76.67,23.33,VIP Customer,VIP Loyalty Benefits,39.08,54.12,23.33,Loyal Stage
5fe117882be55ee9ad0d6c6c56d11019,298.98,77.03,22.97,VIP Customer,VIP Loyalty Benefits,39.63,54.59,22.97,Loyal Stage
5ff35578cd099e98396341404ef288f2,150.0,76.6,23.4,VIP Customer,VIP Loyalty Benefits,38.86,53.96,23.4,Loyal Stage
5ff3b50583f44ecf55b7e7f704ca97bd,0.0,76.28,23.72,Regular Customer,Regular Marketing,38.14,53.4,23.72,Loyal Stage
5ff5ee62ebd03a9ade4bb576f7f1e483,49.49,76.35,23.65,Regular Customer,Regular Marketing,38.36,53.56,23.65,Loyal Stage
60020d766f34f0d51c9bf869745802a6,0.0,76.53,23.47,Regular Customer,Regular Marketing,38.26,53.57,23.47,Loyal Stage
600658393632741f0eadfe731b4d10a3,124.99,76.61,23.39,Regular Customer,Regular Marketing,38.77,53.91,23.39,Loyal Stage
600b095965c455653716468d65c234cf,64.99,76.16,23.84,Regular Customer,Regular Marketing,38.32,53.46,23.84,Loyal Stage
600d5de3a11b76cad6cd46f9e57a9f92,498.9,77.53,22.47,VIP Customer,VIP Loyalty Benefits,40.62,55.38,22.47,Loyal Stage
601c762ab733c9be4b4dccad69d21ede,49.0,76.14,23.86,Regular Customer,Regular Marketing,38.25,53.41,23.86,Loyal Stage
6036881055faefffbf23fbeb6e1545a6,0.0,76.07,23.93,Regular Customer,Regular Marketing,38.03,53.25,23.93,Loyal Stage
6036d9ccfdc05114b85a37affd3b894c,114.9,75.77,24.23,Regular Customer,Regular Marketing,38.31,53.29,24.23,Loyal Stage
604a2d4c691fa883f0f8720ec32df7ea,89.0,76.56,23.44,Regular Customer,Regular Marketing,38.61,53.79,23.44,Loyal Stage
605b061fa0abcd3c972303a1f6ecd08d,35.98,75.45,24.55,Regular Customer,Regular Marketing,37.86,52.9,24.55,Loyal Stage
605eaf991e19c9d172ac44ea5cc337a8,159.0,76.66,23.34,VIP Customer,VIP Loyalty Benefits,38.92,54.02,23.34,Loyal Stage
60652323a3edeb46c166db5284202d6d,0.0,76.33,23.67,Regular Customer,Regular Marketing,38.16,53.43,23.67,Loyal Stage
60676486b9681a6de27cc34fbfbc057c,64.9,76.94,23.06,Regular Customer,Regular Marketing,38.71,54.0,23.06,Loyal Stage
60754aba0b3c184232df3cb2145ba1bf,70.0,76.02,23.98,Regular Customer,Regular Marketing,38.27,53.37,23.98,Loyal Stage
60799935920e33ddbc14527820597e2e,57.99,75.63,24.37,Regular Customer,Regular Marketing,38.03,53.07,24.37,Loyal Stage
607af2eaaa18649557f9f2f55eb8ea15,41.99,76.7,23.3,Regular Customer,Regular Marketing,38.51,53.79,23.3,Loyal Stage
60863e9f13562f664b73e6f76ff85910,29.0,75.91,24.09,Regular Customer,Regular Marketing,38.06,53.2,24.09,Loyal Stage
60ad8e5d883bf4980a1bf8f28d730411,13.0,76.3,23.7,Regular Customer,Regular Marketing,38.2,53.44,23.7,Loyal Stage
60b1f3a63a343b4062c21cd5efdbfa11,82.0,76.55,23.45,Regular Customer,Regular Marketing,38.58,53.77,23.45,Loyal Stage
60c2519b36172bfaa3bafd069985f56b,0.0,76.58,23.42,Regular Customer,Regular Marketing,38.29,53.61,23.42,Loyal Stage
60d801e7acaea7b1368ba117854ef4a0,0.0,75.76,24.24,Regular Customer,Regular Marketing,37.88,53.03,24.24,Loyal Stage
60e2c1c1b1d94d1a3f157741545ffc39,16.29,75.99,24.01,Regular Customer,Regular Marketing,38.06,53.23,24.01,Loyal Stage
60e75f3fa543f352de295b479191fecd,0.0,77.1,22.9,Regular Customer,Regular Marketing,38.55,53.97,22.9,Loyal Stage
60ec651482858c327c177cf9360cc0a2,52.99,76.87,23.13,Regular Customer,Regular Marketing,38.63,53.93,23.13,Loyal Stage
60ef1068bcbffaed11615482aeb7c8bf,149.9,77.38,22.62,VIP Customer,VIP Loyalty Benefits,39.25,54.5,22.62,Loyal Stage
60f1b085e37165dedac5067b2996213c,249.0,76.9,23.1,VIP Customer,VIP Loyalty Benefits,39.38,54.39,23.1,Loyal Stage
610d3e47ad4921adc40aa9fd6bbeeaa5,0.0,76.69,23.31,Regular Customer,Regular Marketing,38.34,53.68,23.31,Loyal Stage
6114b8aeda65706a7231e72094f8ac66,50.0,77.02,22.98,Regular Customer,Regular Marketing,38.7,54.03,22.98,Loyal Stage
61159d186d522e45f8473cdae04f2a35,79.99,76.86,23.14,Regular Customer,Regular Marketing,38.73,53.98,23.14,Loyal Stage
61172f1f85b147f579536247e376b782,311.0,77.57,22.43,VIP Customer,VIP Loyalty Benefits,39.94,54.99,22.43,Loyal Stage
61194a973b4afc068e049f5317ee4468,52.61,76.66,23.34,Regular Customer,Regular Marketing,38.53,53.78,23.34,Loyal Stage
61340330de2868e31897e56c6c74ee06,0.0,75.7,24.3,Regular Customer,Regular Marketing,37.85,52.99,24.3,Loyal Stage
613adcbc81caa148755ad948d8a49b00,29.99,76.37,23.63,Regular Customer,Regular Marketing,38.3,53.53,23.63,Loyal Stage
613b9f6c5dc2b333c2d6574713398729,149.0,76.55,23.45,VIP Customer,VIP Loyalty Benefits,38.83,53.92,23.45,Loyal Stage
613e666e3bca361445747f748a2980f1,29.99,76.94,23.06,Regular Customer,Regular Marketing,38.58,53.92,23.06,Loyal Stage
613ec909841aba715418f8fc5459b0a9,66.9,75.55,24.45,Regular Customer,Regular Marketing,38.02,53.03,24.45,Loyal Stage
6142e278d63f40dd65e24a89cda7f4cd,0.0,76.64,23.36,Regular Customer,Regular Marketing,38.32,53.65,23.36,Loyal Stage
6146f341573c3d49d52cb007c14796e2,34.9,76.07,23.93,Regular Customer,Regular Marketing,38.16,53.32,23.93,Loyal Stage
614e87ddad7bba047be9897c8faeafaf,29.99,76.01,23.99,Regular Customer,Regular Marketing,38.12,53.28,23.99,Loyal Stage
615090ca899dcd8385b019b4092c57cf,99.0,76.58,23.42,Regular Customer,Regular Marketing,38.66,53.83,23.42,Loyal Stage
615cdbd1d5344e00731595b46e6f211a,94.9,77.25,22.75,Regular Customer,Regular Marketing,38.98,54.29,22.75,Loyal Stage
617b34d5da0d6b8816bdf284b8c1d144,75.0,76.75,23.25,Regular Customer,Regular Marketing,38.65,53.89,23.25,Loyal Stage
618114fa5e560b9573797987c2fdf820,122.0,77.18,22.82,Regular Customer,Regular Marketing,39.04,54.3,22.82,Loyal Stage
6183466d2bb310b5b0698d30fff75685,900.0,77.25,22.75,VIP Customer,VIP Loyalty Benefits,41.97,56.08,22.75,Loyal Stage
6185320ede320f19021cdfdcc7664c7c,0.0,76.74,23.26,Regular Customer,Regular Marketing,38.37,53.72,23.26,Loyal Stage
61891679419a7cd51f239be92ced8f81,129.9,77.14,22.86,Regular Customer,Regular Marketing,39.05,54.29,22.86,Loyal Stage
61cf3026236d1e90189a45d3550b116c,190.0,76.71,23.29,VIP Customer,VIP Loyalty Benefits,39.06,54.12,23.29,Loyal Stage
61d36066163dfcf83989f7d6edabaff6,550.0,76.79,23.21,VIP Customer,VIP Loyalty Benefits,40.44,54.98,23.21,Loyal Stage
61d6eaa71eb1a2243e511679e1818b91,59.9,76.57,23.43,Regular Customer,Regular Marketing,38.51,53.73,23.43,Loyal Stage
61dc85df031b1e73d5f133e6a814e2eb,129.99,76.62,23.38,Regular Customer,Regular Marketing,38.79,53.92,23.38,Loyal Stage
61e55a4c5ac0890968648505e89a0dd5,0.0,76.74,23.26,Regular Customer,Regular Marketing,38.37,53.72,23.26,Loyal Stage
61ed6dbae0e47f36937a930897a9afa7,66.0,76.89,23.11,Regular Customer,Regular Marketing,38.69,53.97,23.11,Loyal Stage
61ef8f0d68325c9d33434d23239086ba,25.89,76.05,23.95,Regular Customer,Regular Marketing,38.12,53.29,23.95,Loyal Stage
61f40a85864a53d307fafcf1b627c96f,89.9,76.36,23.64,Regular Customer,Regular Marketing,38.51,53.65,23.64,Loyal Stage
61f8e187caf6984fb1fd9d3bc8ba9525,405.89,77.5,22.5,VIP Customer,VIP Loyalty Benefits,40.26,55.16,22.5,Loyal Stage
61fe766e454d5e750b33250035b4311d,358.79,77.18,22.82,VIP Customer,VIP Loyalty Benefits,39.92,54.82,22.82,Loyal Stage
620f32b6cc324a0f6b00348eed5b9f28,29.9,76.63,23.37,Regular Customer,Regular Marketing,38.43,53.71,23.37,Loyal Stage
621e115832c0d4258a86adb2a4650b6e,0.0,75.4,24.6,Regular Customer,Regular Marketing,37.7,52.78,24.6,Loyal Stage
622e0790cc617e9cf5ed9f1075e5196c,24.9,76.93,23.07,Regular Customer,Regular Marketing,38.56,53.91,23.07,Loyal Stage
622e721871c74d33f43798ca536cb973,199.0,76.88,23.12,VIP Customer,VIP Loyalty Benefits,39.18,54.26,23.12,Loyal Stage
622e7326e8ef9aa065b58c8879eb9a84,193.99,76.41,23.59,VIP Customer,VIP Loyalty Benefits,38.93,53.92,23.59,Loyal Stage
623390a0dce25eabc9ffc31eb0467582,199.9,76.31,23.69,VIP Customer,VIP Loyalty Benefits,38.9,53.86,23.69,Loyal Stage
62345fb1babc1e9fa7bd617eb3a4fb37,0.0,75.65,24.35,Regular Customer,Regular Marketing,37.83,52.96,24.35,Loyal Stage
62387a0b1a55ae92bd2786f098ae526a,70.0,75.7,24.3,Regular Customer,Regular Marketing,38.11,53.15,24.3,Loyal Stage
623a176fdd3580ef73b98083818ebb26,191.98,76.2,23.8,VIP Customer,VIP Loyalty Benefits,38.81,53.77,23.8,Loyal Stage
623f793edcfd07606238ea16fad4fc96,109.0,76.75,23.25,Regular Customer,Regular Marketing,38.78,53.97,23.25,Loyal Stage
624667f4f10c25937e9a538ecb466afa,15.99,75.57,24.43,Regular Customer,Regular Marketing,37.84,52.93,24.43,Loyal Stage
625ab6b7083ae66185db2dcaee383237,49.97,76.87,23.13,Regular Customer,Regular Marketing,38.62,53.92,23.13,Loyal Stage
6262e5cf1c84fd903d308e41989eb1a5,120.0,76.35,23.65,Regular Customer,Regular Marketing,38.62,53.71,23.65,Loyal Stage
62638efb394dae43f9fe84688732283f,100.0,76.11,23.89,Regular Customer,Regular Marketing,38.43,53.5,23.89,Loyal Stage
626802ad04f9db2ff5d053de21a1ef67,29.3,76.94,23.06,Regular Customer,Regular Marketing,38.58,53.92,23.06,Loyal Stage
626e317e72950078204d2643b72614ce,135.0,77.25,22.75,Regular Customer,Regular Marketing,39.13,54.38,22.75,Loyal Stage
6270037c300339dac3bce2198d4fd560,98.9,76.68,23.32,Regular Customer,Regular Marketing,38.71,53.9,23.32,Loyal Stage
6275f17d7e82e7702321b867bac13e62,17.0,75.83,24.17,Regular Customer,Regular Marketing,37.98,53.12,24.17,Loyal Stage
62789dfe332c095569f5ce35d10a3062,25.89,75.38,24.62,Regular Customer,Regular Marketing,37.79,52.83,24.62,Loyal Stage
628657de2faa40af2535b4adf8e7b8ac,115.0,76.03,23.97,Regular Customer,Regular Marketing,38.44,53.48,23.97,Loyal Stage
629dde990657dba8fbe6923e66804091,69.0,76.01,23.99,Regular Customer,Regular Marketing,38.26,53.36,23.99,Loyal Stage
629efa22bb20f2263370589defe312c1,127.27,76.41,23.59,Regular Customer,Regular Marketing,38.68,53.77,23.59,Loyal Stage
62aa17c2f785fde9c5b6ecb884f63a11,0.0,76.74,23.26,Regular Customer,Regular Marketing,38.37,53.72,23.26,Loyal Stage
62b3d690a09f7ab9d12728198a548bc8,59.9,77.19,22.81,Regular Customer,Regular Marketing,38.82,54.17,22.81,Loyal Stage
62bdb7bcd7865f4f547c9ead83138745,32.0,76.27,23.73,Regular Customer,Regular Marketing,38.25,53.46,23.73,Loyal Stage
62c17a9631a1a12d877943b6d1515abc,98.9,75.49,24.51,Regular Customer,Regular Marketing,38.11,53.06,24.51,Loyal Stage
62d55590d6388864b69a25523eb7b043,69.9,76.38,23.62,Regular Customer,Regular Marketing,38.45,53.62,23.62,Loyal Stage
62e32e0b239b36c93427f7910eb6a173,49.91,76.71,23.29,Regular Customer,Regular Marketing,38.54,53.81,23.29,Loyal Stage
62eacc3e25a6d950f720972aa8238d28,160.0,76.77,23.23,VIP Customer,VIP Loyalty Benefits,38.98,54.1,23.23,Loyal Stage
62eca5ea5b4b59d286f6ef16278ea9f8,269.9,76.83,23.17,VIP Customer,VIP Loyalty Benefits,39.42,54.38,23.17,Loyal Stage
62f9bc39826e3ec534897be6eb99b9d8,0.0,77.2,22.8,Regular Customer,Regular Marketing,38.6,54.04,22.8,Loyal Stage
630f415f1227cf9a63cef45b2dc16861,399.8,76.87,23.13,VIP Customer,VIP Loyalty Benefits,39.92,54.7,23.13,Loyal Stage
6339984045a8cfce8426496fc4854640,86.0,76.46,23.54,Regular Customer,Regular Marketing,38.55,53.71,23.54,Loyal Stage
633aa358e90a435dc47a30af5a0a832d,32.9,75.44,24.56,Regular Customer,Regular Marketing,37.84,52.88,24.56,Loyal Stage
633ade40fc9909e909c9f941b7072d8d,48.9,76.86,23.14,Regular Customer,Regular Marketing,38.61,53.91,23.14,Loyal Stage
633ae8941a2bb09f94c8c4e032b9a325,129.9,76.99,23.01,Regular Customer,Regular Marketing,38.98,54.18,23.01,Loyal Stage
633cde82da54389c1018461f59427a42,554.9,77.16,22.84,VIP Customer,VIP Loyalty Benefits,40.64,55.25,22.84,Loyal Stage
633fe14cd1aaed19dce95a5149799220,43.9,76.81,23.19,Regular Customer,Regular Marketing,38.57,53.87,23.19,Loyal Stage
634420a0ea42302205032ed44ac7fccc,65.0,76.84,23.16,Regular Customer,Regular Marketing,38.66,53.93,23.16,Loyal Stage
6349eb680aa752abc9f30f21a9e3cd13,150.0,76.4,23.6,VIP Customer,VIP Loyalty Benefits,38.76,53.82,23.6,Loyal Stage
63596e42d64da2ef4b6b36786c0ffa55,387.0,77.47,22.53,VIP Customer,VIP Loyalty Benefits,40.17,55.09,22.53,Loyal Stage
6384ac2d58e223539e9a158ca39d1db9,95.9,76.73,23.27,Regular Customer,Regular Marketing,38.72,53.92,23.27,Loyal Stage
638b990b3b08f2b36b0eb8dc89cc11f4,0.0,75.7,24.3,Regular Customer,Regular Marketing,37.85,52.99,24.3,Loyal Stage
63923c0ec5cbc6893736efc26df5767e,1309.0,78.02,21.98,VIP Customer,VIP Loyalty Benefits,43.88,57.54,21.98,Loyal Stage
6392727a45eeb5883dfa0cbca9c9f47b,0.0,75.91,24.09,Regular Customer,Regular Marketing,37.96,53.14,24.09,Loyal Stage
63adc4def3cd3c39bd83083d737d98b5,173.9,77.31,22.69,VIP Customer,VIP Loyalty Benefits,39.3,54.5,22.69,Loyal Stage
63b0ed2628e0284a549954901ce677e1,60.0,75.49,24.51,Regular Customer,Regular Marketing,37.97,52.98,24.51,Loyal Stage
63c21441e3cb9c9796f03cbb22060132,195.9,75.89,24.11,VIP Customer,VIP Loyalty Benefits,38.67,53.56,24.11,Loyal Stage
63cfbb7440fcd019f1f8f43af946d8d7,25.0,76.73,23.27,Regular Customer,Regular Marketing,38.46,53.77,23.27,Loyal Stage
63dfbd8f45b63fcf5c5aa1f023209592,269.98,75.15,24.85,VIP Customer,VIP Loyalty Benefits,38.58,53.21,24.85,Loyal Stage
63e00255a2ecd18585be8142b920727a,0.0,76.69,23.31,Regular Customer,Regular Marketing,38.34,53.68,23.31,Loyal Stage
63ebabf91afda8d43e0f6412fcfe6bf1,0.0,77.0,23.0,Regular Customer,Regular Marketing,38.5,53.9,23.0,Loyal Stage
63fe99fa23473a7340917d48f548ccd7,214.99,76.08,23.92,VIP Customer,VIP Loyalty Benefits,38.84,53.74,23.92,Loyal Stage
6402d1b2927387b210f6360a1933d931,539.7,76.46,23.54,VIP Customer,VIP Loyalty Benefits,40.24,54.73,23.54,Loyal Stage
6412aa74da46cb3373ac10fa00843ea2,122.99,76.98,23.02,Regular Customer,Regular Marketing,38.95,54.16,23.02,Loyal Stage
64279f54b703d1be3569d25f64dcbc6d,27.9,76.99,23.01,Regular Customer,Regular Marketing,38.6,53.96,23.01,Loyal Stage
642b722279c9d9cfc519d58c46d0c035,229.9,76.51,23.49,VIP Customer,VIP Loyalty Benefits,39.11,54.07,23.49,Loyal Stage
642f52b54322cbc08c9e4fa66e9e9b58,0.0,75.81,24.19,Regular Customer,Regular Marketing,37.9,53.06,24.19,Loyal Stage
6436ad2025eb0c01e5b78b0d7ee9500a,49.0,76.86,23.14,Regular Customer,Regular Marketing,38.61,53.91,23.14,Loyal Stage
644012661ef14548947e747720e4cc7b,28.9,75.59,24.41,Regular Customer,Regular Marketing,37.9,52.98,24.41,Loyal Stage
6447bed5e7c9aa59a6c62a5c4a0e1188,28.8,76.78,23.22,Regular Customer,Regular Marketing,38.5,53.81,23.22,Loyal Stage
64486bf653abe2d395affb980587b5a2,74.9,76.8,23.2,Regular Customer,Regular Marketing,38.68,53.93,23.2,Loyal Stage
6449a8997d152f9b43f12f31b12a951d,39.97,76.7,23.3,Regular Customer,Regular Marketing,38.5,53.78,23.3,Loyal Stage
64510e766d989ff92d22b0b2c2c04884,0.0,77.2,22.8,Regular Customer,Regular Marketing,38.6,54.04,22.8,Loyal Stage
645a04fe8ffc2dc4ad44f194a455cfdf,107.99,76.23,23.77,Regular Customer,Regular Marketing,38.52,53.6,23.77,Loyal Stage
645c9cb2c3f485b7757d9fe0ce376e78,19.9,76.36,23.64,Regular Customer,Regular Marketing,38.25,53.49,23.64,Loyal Stage
645ddf9c2ff4189cd6588016b7b16e09,0.0,76.07,23.93,Regular Customer,Regular Marketing,38.03,53.25,23.93,Loyal Stage
645e62428b52293c8e00a13b23237b0a,149.0,75.98,24.02,VIP Customer,VIP Loyalty Benefits,38.54,53.52,24.02,Loyal Stage
6464d9201af097faef8c835c241396d1,105.0,76.02,23.98,Regular Customer,Regular Marketing,38.4,53.45,23.98,Loyal Stage
6475f2400dbb12665847b9e998268923,105.99,75.97,24.03,Regular Customer,Regular Marketing,38.38,53.42,24.03,Loyal Stage
647834fa9bee90050574fb5a00b8f0c1,79.9,77.37,22.63,Regular Customer,Regular Marketing,38.98,54.34,22.63,Loyal Stage
64819f4e9718cef3c90128dafcfaaac5,189.0,77.02,22.98,VIP Customer,VIP Loyalty Benefits,39.21,54.33,22.98,Loyal Stage
6497ed50b6c370d8ac59bfc3ddb0775d,109.0,75.66,24.34,Regular Customer,Regular Marketing,38.24,53.21,24.34,Loyal Stage
649e1c7dcd3e08f4b90658af0102b498,131.9,77.3,22.7,Regular Customer,Regular Marketing,39.14,54.4,22.7,Loyal Stage
64ac246c6a14f646814dff0c80af4162,159.9,76.72,23.28,VIP Customer,VIP Loyalty Benefits,38.95,54.06,23.28,Loyal Stage
64ad86130d2f9c2af8c89854628a0c8b,379.8,76.43,23.57,VIP Customer,VIP Loyalty Benefits,39.63,54.35,23.57,Loyal Stage
64b3dd5cf5a406c3595225321cf1face,39.97,76.75,23.25,Regular Customer,Regular Marketing,38.52,53.81,23.25,Loyal Stage
64db2e8f89e557920f7e33e8d5ab6be8,14.99,76.87,23.13,Regular Customer,Regular Marketing,38.49,53.84,23.13,Loyal Stage
64ee3e71d9a27034db0c6a48c29d35d5,1499.99,78.93,21.07,VIP Customer,VIP Loyalty Benefits,45.05,58.6,21.07,Loyal Stage
64f66f9fb3f3c522e310821c0d67fc89,168.9,76.11,23.89,VIP Customer,VIP Loyalty Benefits,38.68,53.65,23.89,Loyal Stage
64faf0e0d5618314500d43f4c26f254e,74.99,76.39,23.61,Regular Customer,Regular Marketing,38.47,53.64,23.61,Loyal Stage
65012c428083737f5354bf9f14c47b87,0.0,76.84,23.16,Regular Customer,Regular Marketing,38.42,53.79,23.16,Loyal Stage
6508136a1b17fd2e1452746901ea0219,189.0,76.66,23.34,VIP Customer,VIP Loyalty Benefits,39.03,54.08,23.34,Loyal Stage
65228ee90c5cd97c7ac393bc7cdabb3d,105.0,75.55,24.45,Regular Customer,Regular Marketing,38.17,53.12,24.45,Loyal Stage
6525a7a9d5a867590e69cab391177e1f,62.4,76.83,23.17,Regular Customer,Regular Marketing,38.65,53.92,23.17,Loyal Stage
6527831e04fc7df632155f984a31219a,110.0,76.02,23.98,Regular Customer,Regular Marketing,38.42,53.46,23.98,Loyal Stage
65290fc39fc326193c8a5b9c71aee62f,161.87,76.67,23.33,VIP Customer,VIP Loyalty Benefits,38.94,54.03,23.33,Loyal Stage
653104bffaaac1eb89c8c593a76fa200,134.99,76.53,23.47,Regular Customer,Regular Marketing,38.77,53.87,23.47,Loyal Stage
6532316a8c1a7c7a569482db073530bb,0.0,76.95,23.05,Regular Customer,Regular Marketing,38.48,53.87,23.05,Loyal Stage
6537bbbfb2b8169a6f5f87a004fc28c3,79.99,75.67,24.33,Regular Customer,Regular Marketing,38.13,53.15,24.33,Loyal Stage
653be8468290908dd1c11327eb9dd8a7,24.53,75.48,24.52,Regular Customer,Regular Marketing,37.83,52.89,24.52,Loyal Stage
654115cd862a4c18f7a3cfbeec04203c,0.0,76.74,23.26,Regular Customer,Regular Marketing,38.37,53.72,23.26,Loyal Stage
654a194f73f10c5eeefa2cb3feb7946f,139.0,76.43,23.57,VIP Customer,VIP Loyalty Benefits,38.73,53.81,23.57,Loyal Stage
6550bfddbb6eb18f5cfc4d8e410c485a,19.49,77.08,22.92,Regular Customer,Regular Marketing,38.61,54.0,22.92,Loyal Stage
65528a8e28bc32503795207d0d962fd2,17.99,76.2,23.8,Regular Customer,Regular Marketing,38.17,53.38,23.8,Loyal Stage
65532f2b074f3af48fc6f58801d0bae3,0.0,75.34,24.66,Regular Customer,Regular Marketing,37.67,52.74,24.66,Loyal Stage
6554ee157a59425e99e1b9c87913ca2a,0.0,76.12,23.88,Regular Customer,Regular Marketing,38.06,53.28,23.88,Loyal Stage
656ecc157fc75a9963d2d35d8c17dfaf,0.0,76.38,23.62,Regular Customer,Regular Marketing,38.19,53.47,23.62,Loyal Stage
657136ea94966f0a72ef6c4cf9294670,29.9,76.84,23.16,Regular Customer,Regular Marketing,38.53,53.85,23.16,Loyal Stage
657592e723013b9723458a09e6576097,179.0,75.97,24.03,VIP Customer,VIP Loyalty Benefits,38.65,53.58,24.03,Loyal Stage
6585dba135cf88bd887690111e9f1fc9,48.9,76.86,23.14,Regular Customer,Regular Marketing,38.61,53.91,23.14,Loyal Stage
659087cf3e6aa5354adbd6d6033956e5,0.0,76.64,23.36,Regular Customer,Regular Marketing,38.32,53.65,23.36,Loyal Stage
659212e1ec89c7d2bdeea02f8f027dd9,43.0,75.56,24.44,Regular Customer,Regular Marketing,37.94,52.99,24.44,Loyal Stage
65af2ae0625e2d7f0adcff19dda46b88,42.9,76.08,23.92,Regular Customer,Regular Marketing,38.2,53.35,23.92,Loyal Stage
65c413f2ef25d30506eb87aee5c2563e,0.0,77.05,22.95,Regular Customer,Regular Marketing,38.52,53.93,22.95,Loyal Stage
65c93574b95092f262cd6ad6de8376db,259.99,77.13,22.87,VIP Customer,VIP Loyalty Benefits,39.53,54.57,22.87,Loyal Stage
65d58cdae26c09320ea4e17fe66d19de,39.9,77.42,22.58,Regular Customer,Regular Marketing,38.86,54.28,22.58,Loyal Stage
65e5aaf9f721945f29cdba45c206cb83,24.99,75.79,24.21,Regular Customer,Regular Marketing,37.99,53.11,24.21,Loyal Stage
65f0acd0c2488dc4bc397395197cb67a,14.9,75.52,24.48,Regular Customer,Regular Marketing,37.82,52.9,24.48,Loyal Stage
6601512778b46c301f29d2d16848cc28,53.0,77.18,22.82,Regular Customer,Regular Marketing,38.79,54.15,22.82,Loyal Stage
6603603a63305f833777f313da23b3cc,85.99,76.14,23.86,Regular Customer,Regular Marketing,38.39,53.49,23.86,Loyal Stage
6608c37202accfe3cda3fca4c8a16062,320.0,76.85,23.15,VIP Customer,VIP Loyalty Benefits,39.62,54.51,23.15,Loyal Stage
660b9b1a3946216e199ec529e3efc762,95.28,76.93,23.07,Regular Customer,Regular Marketing,38.82,54.06,23.07,Loyal Stage
660f3640907ce2cd4742caee5ddf14b7,0.0,75.91,24.09,Regular Customer,Regular Marketing,37.96,53.14,24.09,Loyal Stage
66289a9ac52d1305faa42fb91b915ba9,75.0,76.08,23.92,Regular Customer,Regular Marketing,38.32,53.42,23.92,Loyal Stage
662a3be5a2a1fa880bd1ea2387fd1a70,159.9,76.57,23.43,VIP Customer,VIP Loyalty Benefits,38.88,53.96,23.43,Loyal Stage
662c0bb8f1ed1fea5a58cc76e3dc88ba,98.0,76.68,23.32,Regular Customer,Regular Marketing,38.7,53.89,23.32,Loyal Stage
663c126eb97316f20643364c3aa618bf,119.0,76.51,23.49,Regular Customer,Regular Marketing,38.7,53.82,23.49,Loyal Stage
663cb908e7dfa34193fa1bbfe3a193e4,0.0,76.58,23.42,Regular Customer,Regular Marketing,38.29,53.61,23.42,Loyal Stage
664a249a9c711041a0357f005a20dca3,150.0,75.77,24.23,VIP Customer,VIP Loyalty Benefits,38.44,53.37,24.23,Loyal Stage
66596e08440320718dd23ea4d89ed37f,388.35,76.49,23.51,VIP Customer,VIP Loyalty Benefits,39.69,54.41,23.51,Loyal Stage
66638d4e6ade7a409fb4cf91e30b04c5,129.99,76.31,23.69,Regular Customer,Regular Marketing,38.64,53.71,23.69,Loyal Stage
666ffb10cccacedbca81902616a4e09b,79.99,76.96,23.04,Regular Customer,Regular Marketing,38.78,54.05,23.04,Loyal Stage
667449901ab3becab247e45af647cba5,216.0,76.75,23.25,VIP Customer,VIP Loyalty Benefits,39.18,54.21,23.25,Loyal Stage
6682581c8fa800c2b0de2b735bb07a5e,39.97,76.8,23.2,Regular Customer,Regular Marketing,38.55,53.85,23.2,Loyal Stage
66825e86b4e55808007214c22ebb9167,0.0,76.9,23.1,Regular Customer,Regular Marketing,38.45,53.83,23.1,Loyal Stage
66b1d7f471c8c9e8d9f9f624d6962aff,0.0,76.17,23.83,Regular Customer,Regular Marketing,38.08,53.32,23.83,Loyal Stage
66bef7380f710801ab2baaed04096bc1,26.4,77.04,22.96,Regular Customer,Regular Marketing,38.62,53.99,22.96,Loyal Stage
66ee4f46c50e9c8bde4931382f12b0ea,177.32,77.11,22.89,VIP Customer,VIP Loyalty Benefits,39.21,54.37,22.89,Loyal Stage
670a3140c8ece3f8978ac5989dc8765f,84.99,76.3,23.7,Regular Customer,Regular Marketing,38.47,53.6,23.7,Loyal Stage
670daf87858a7295184c51effc238d60,0.0,75.5,24.5,Regular Customer,Regular Marketing,37.75,52.85,24.5,Loyal Stage
671bcf6087437b77056bd95e29ba22ec,219.0,75.72,24.28,VIP Customer,VIP Loyalty Benefits,38.67,53.49,24.28,Loyal Stage
6726866c9e7dbbac4a4954417a5e6149,108.9,76.85,23.15,Regular Customer,Regular Marketing,38.83,54.04,23.15,Loyal Stage
672a85aa76b77c8ae6746e9fc9c41049,0.0,76.22,23.78,Regular Customer,Regular Marketing,38.11,53.35,23.78,Loyal Stage
67300bae399a6dbc69304829f60d9094,89.99000000000001,76.25,23.75,Regular Customer,Regular Marketing,38.46,53.58,23.75,Loyal Stage
67389771199962d3a79dedf3277530a1,99.9,76.52,23.48,Regular Customer,Regular Marketing,38.63,53.79,23.48,Loyal Stage
673d08996b6f3e23a85bc869585ba305,159.8,76.31,23.69,VIP Customer,VIP Loyalty Benefits,38.75,53.77,23.69,Loyal Stage
6752250a97692ea4e4375a1e6c11a64f,28.99,75.9,24.1,Regular Customer,Regular Marketing,38.06,53.2,24.1,Loyal Stage
6752e46d4f28ebc4d783b203b9cc232d,379.99,77.1,22.9,VIP Customer,VIP Loyalty Benefits,39.96,54.82,22.9,Loyal Stage
6757405dfa01aafd65a4745688e9c816,0.0,77.31,22.69,Regular Customer,Regular Marketing,38.66,54.12,22.69,Loyal Stage
6759159ea4c86bd73134b77aa90f13ce,15.0,77.28,22.72,Regular Customer,Regular Marketing,38.7,54.13,22.72,Loyal Stage
675ea553e9970a90997c47df60fc6275,147.0,75.56,24.44,VIP Customer,VIP Loyalty Benefits,38.33,53.22,24.44,Loyal Stage
67798c2a2ad8d90cedd7146e3ef9335a,69.0,76.38,23.62,Regular Customer,Regular Marketing,38.45,53.62,23.62,Loyal Stage
677e8fb8d35d03be1fd8fd461c60a1cf,64.99,76.52,23.48,Regular Customer,Regular Marketing,38.5,53.71,23.48,Loyal Stage
67806996190d3af60247f64e1d03877f,102.8,75.81,24.19,Regular Customer,Regular Marketing,38.29,53.3,24.19,Loyal Stage
67829da12cd01c7ca0641cc9890f592a,12.99,77.28,22.72,Regular Customer,Regular Marketing,38.69,54.13,22.72,Loyal Stage
67864845a751540781a1bb2dd2e1ab1c,49.99,76.92,23.08,Regular Customer,Regular Marketing,38.65,53.96,23.08,Loyal Stage
678939d60a25a0085362fea2de179f2a,0.0,75.96,24.04,Regular Customer,Regular Marketing,37.98,53.17,24.04,Loyal Stage
679c725af99af665b8df48e387d41708,0.0,76.95,23.05,Regular Customer,Regular Marketing,38.48,53.87,23.05,Loyal Stage
67a4c5e74e51364ed94b1822508c2e7f,62.0,76.16,23.84,Regular Customer,Regular Marketing,38.31,53.45,23.84,Loyal Stage
67a89b297d7937e5ffd2d93759e128a7,0.0,76.02,23.98,Regular Customer,Regular Marketing,38.01,53.21,23.98,Loyal Stage
67c069b1347ff0bfea48b5035a0153da,179.9,77.37,22.63,VIP Customer,VIP Loyalty Benefits,39.35,54.56,22.63,Loyal Stage
67c573c5421c4980f01fdc8bbcd59ed5,12.99,75.83,24.17,Regular Customer,Regular Marketing,37.96,53.11,24.17,Loyal Stage
67d009c99c6839a0aa74b9ee05e999a5,39.9,75.56,24.44,Regular Customer,Regular Marketing,37.93,52.98,24.44,Loyal Stage
67d10e7cba2463af38fed39867efcc85,102.9,76.89,23.11,Regular Customer,Regular Marketing,38.83,54.05,23.11,Loyal Stage
67d825e1df23a4149d08fa45a102cd45,66.99,77.15,22.85,Regular Customer,Regular Marketing,38.82,54.15,22.85,Loyal Stage
67e37049d40048331a75921199104d1d,55.9,76.0,24.0,Regular Customer,Regular Marketing,38.21,53.33,24.0,Loyal Stage
67ed19c063b20fa032f6bcbfff49df25,0.0,76.9,23.1,Regular Customer,Regular Marketing,38.45,53.83,23.1,Loyal Stage
67f90af2318b59a2f13beeb6bacf4ed4,648.0,77.86,22.14,VIP Customer,VIP Loyalty Benefits,41.34,55.95,22.14,Loyal Stage
67fa6261c97d3a0ba5c4c779575a0c5a,0.0,76.38,23.62,Regular Customer,Regular Marketing,38.19,53.47,23.62,Loyal Stage
68007d8eb53ede6ef0c8fe8f7cfa0dd0,145.49,76.8,23.2,VIP Customer,VIP Loyalty Benefits,38.94,54.08,23.2,Loyal Stage
6803a8540886d35893fd54f75609fd98,179.9,76.6,23.4,VIP Customer,VIP Loyalty Benefits,38.97,54.02,23.4,Loyal Stage
68041dc76662fa5c940d7869f110b844,39.89,76.85,23.15,Regular Customer,Regular Marketing,38.57,53.88,23.15,Loyal Stage
68095fcd29e56af20457143f1bb15b79,329.9,77.44,22.56,VIP Customer,VIP Loyalty Benefits,39.95,54.95,22.56,Loyal Stage
680f14d7d05037d2685474299c6af319,128.0,76.93,23.07,Regular Customer,Regular Marketing,38.94,54.14,23.07,Loyal Stage
68192e944ee4ef3826622717118cb180,72.0,76.38,23.62,Regular Customer,Regular Marketing,38.46,53.63,23.62,Loyal Stage
681e49ea1e6ceb13cd7d53312ae92044,110.65,76.39,23.61,Regular Customer,Regular Marketing,38.61,53.72,23.61,Loyal Stage
681e78b2bb4e86af70cb3b45adbe122a,179.9,76.44,23.56,VIP Customer,VIP Loyalty Benefits,38.89,53.91,23.56,Loyal Stage
681fdecc35cc336d0d0ceb9fb25722fe,0.0,76.95,23.05,Regular Customer,Regular Marketing,38.48,53.87,23.05,Loyal Stage
6827f82c5b6f65f31946549e05636b5d,0.0,75.96,24.04,Regular Customer,Regular Marketing,37.98,53.17,24.04,Loyal Stage
682dd9d89b6bd17e600db2ebb25bd46d,29.0,76.63,23.37,Regular Customer,Regular Marketing,38.42,53.7,23.37,Loyal Stage
6845b26cd877899e09fe743ab15c1a63,0.0,76.38,23.62,Regular Customer,Regular Marketing,38.19,53.47,23.62,Loyal Stage
684a5af2fdb1b2f2e74df1660a897e7c,1099.0,76.98,23.02,VIP Customer,VIP Loyalty Benefits,42.58,56.34,23.02,Loyal Stage
684dbcfeb4fb7b835a7a0e477d35afd1,49.99,77.38,22.62,Regular Customer,Regular Marketing,38.88,54.28,22.62,Loyal Stage
68518148a770767420be5bbc4af11a9f,169.99,75.75,24.25,VIP Customer,VIP Loyalty Benefits,38.51,53.41,24.25,Loyal Stage
685d6bcd43bbb1ea9edb8672e0fa1aa2,22.59,75.48,24.52,Regular Customer,Regular Marketing,37.82,52.88,24.52,Loyal Stage
68624d7c499c22f25e30d71da380e465,59.8,76.0,24.0,Regular Customer,Regular Marketing,38.22,53.33,24.0,Loyal Stage
6873126f83a50571c29ddf214c81e9d0,159.95,76.61,23.39,VIP Customer,VIP Loyalty Benefits,38.9,53.98,23.39,Loyal Stage
687d9299d0ff57790aa49a28d7240b93,169.0,77.25,22.75,VIP Customer,VIP Loyalty Benefits,39.25,54.45,22.75,Loyal Stage
687e023f28ba71f085104c1339b798fe,28.0,77.09,22.91,Regular Customer,Regular Marketing,38.65,54.03,22.91,Loyal Stage
6893b41a1b6bb36ae089d72ed9d166a4,118.89,75.52,24.48,Regular Customer,Regular Marketing,38.2,53.13,24.48,Loyal Stage
6897ea9a949c1009af8cc38e691f260b,120.0,75.79,24.21,Regular Customer,Regular Marketing,38.34,53.32,24.21,Loyal Stage
68b47ae4390052f8d60dd4f4a0c45102,74.99,76.75,23.25,Regular Customer,Regular Marketing,38.65,53.89,23.25,Loyal Stage
68da7668b72fe5a53dc260c38e5338d9,38.4,76.9,23.1,Regular Customer,Regular Marketing,38.59,53.91,23.1,Loyal Stage
68e3b9aa8653faf591d8e33d5154e325,79.0,76.7,23.3,Regular Customer,Regular Marketing,38.64,53.86,23.3,Loyal Stage
68eb9953a8ab7328ef60c98bbd84bc5c,59.9,76.99,23.01,Regular Customer,Regular Marketing,38.72,54.03,23.01,Loyal Stage
68eda43465aed52e460e912f9bb53707,88.99,76.56,23.44,Regular Customer,Regular Marketing,38.61,53.79,23.44,Loyal Stage
68f3964c2fcd67a5c983b1d788a363ef,0.0,76.95,23.05,Regular Customer,Regular Marketing,38.48,53.87,23.05,Loyal Stage
68fefc63c7f4712e422886b114d20241,189.0,75.99,24.01,VIP Customer,VIP Loyalty Benefits,38.7,53.62,24.01,Loyal Stage
68ffbee8870781bba0eaa257c8160788,55.99,77.14,22.86,Regular Customer,Regular Marketing,38.78,54.12,22.86,Loyal Stage
69021c0f14d956106e47a18dad381b01,110.32,75.82,24.18,Regular Customer,Regular Marketing,38.32,53.32,24.18,Loyal Stage
69037903e6b10250c703fc2fa8f3ae12,35.9,77.26,22.74,Regular Customer,Regular Marketing,38.76,54.16,22.74,Loyal Stage
690f1daf39d150896d05b876490b6fc5,78.0,76.86,23.14,Regular Customer,Regular Marketing,38.72,53.98,23.14,Loyal Stage
690f41c0188783c3babd9cab15bc4b13,99.99,75.75,24.25,Regular Customer,Regular Marketing,38.25,53.25,24.25,Loyal Stage
6914885f4de2475f7de936f8f8c41a78,105.0,75.66,24.34,Regular Customer,Regular Marketing,38.22,53.2,24.34,Loyal Stage
691d7c123d38d152eaf29bb03ab75a53,23.99,75.69,24.31,Regular Customer,Regular Marketing,37.93,53.03,24.31,Loyal Stage
6940b55bb4d1823ebbf3240a36f05e57,0.0,76.48,23.52,Regular Customer,Regular Marketing,38.24,53.54,23.52,Loyal Stage
69438114b54f18813004b8a6249b19e7,59.7,77.34,22.66,Regular Customer,Regular Marketing,38.89,54.27,22.66,Loyal Stage
69446a8db60fc5dea48ea9ec3478f36a,32.0,76.12,23.88,Regular Customer,Regular Marketing,38.18,53.36,23.88,Loyal Stage
6954a50b9d0de5b2c747f12743915254,264.84000000000003,77.34,22.66,VIP Customer,VIP Loyalty Benefits,39.66,54.73,22.66,Loyal Stage
695a8d041b1d12210b6d29b0637004d6,7.5,75.66,24.34,Regular Customer,Regular Marketing,37.86,52.98,24.34,Loyal Stage
695fe92fcf628afb36e8fe30636bae7e,64.9,76.52,23.48,Regular Customer,Regular Marketing,38.5,53.71,23.48,Loyal Stage
696890a000395749a190726ee5b9855e,135.65,76.32,23.68,Regular Customer,Regular Marketing,38.66,53.72,23.68,Loyal Stage
696fca7af7f751e1749087433a92c790,100.99,75.65,24.35,Regular Customer,Regular Marketing,38.2,53.18,24.35,Loyal Stage
6976f84ae2c2580fa6a0a07b3ac31872,48.9,76.66,23.34,Regular Customer,Regular Marketing,38.51,53.77,23.34,Loyal Stage
697a39ac117410bd4bd201eecdc2ba00,59.9,76.52,23.48,Regular Customer,Regular Marketing,38.48,53.7,23.48,Loyal Stage
697fa5666dfd5b8cec3c999776633db8,14.9,75.37,24.63,Regular Customer,Regular Marketing,37.74,52.79,24.63,Loyal Stage
6985e81d9007fa0eac3c04a9752efd6c,0.0,76.33,23.67,Regular Customer,Regular Marketing,38.16,53.43,23.67,Loyal Stage
698657c808c9bfe87b9330cfcb796d63,58.82,76.05,23.95,Regular Customer,Regular Marketing,38.24,53.36,23.95,Loyal Stage
699a6be6e54f898ba87579934d25863a,0.0,76.38,23.62,Regular Customer,Regular Marketing,38.19,53.47,23.62,Loyal Stage
699cb38722c24d1196730b383683ea43,0.0,75.6,24.4,Regular Customer,Regular Marketing,37.8,52.92,24.4,Loyal Stage
69ae560f1f5448b1c3b9ae3e619808af,99.8,76.99,23.01,Regular Customer,Regular Marketing,38.87,54.12,23.01,Loyal Stage
69b8f6a975716dd41ef98c78d1618f11,179.8,76.18,23.82,VIP Customer,VIP Loyalty Benefits,38.76,53.73,23.82,Loyal Stage
69c55e1fb63d49b22cfd5d439497f846,49.0,76.81,23.19,Regular Customer,Regular Marketing,38.59,53.88,23.19,Loyal Stage
69ce43a0395347971e5e602adf779604,75.99,76.39,23.61,Regular Customer,Regular Marketing,38.48,53.64,23.61,Loyal Stage
69dcd2dc479281caa1feb5138428de2e,79.0,75.57,24.43,Regular Customer,Regular Marketing,38.08,53.08,24.43,Loyal Stage
69e6cc87a9eb80c6815799251e83150c,46.0,75.98,24.02,Regular Customer,Regular Marketing,38.16,53.29,24.02,Loyal Stage
69e772acba5d86336594e13d79faaf2f,32.9,75.96,24.04,Regular Customer,Regular Marketing,38.1,53.24,24.04,Loyal Stage
69ebcfb15e500f10ed057068ce343330,49.0,76.55,23.45,Regular Customer,Regular Marketing,38.46,53.7,23.45,Loyal Stage
69eee323aa549b444026553c25e378ba,97.5,75.75,24.25,Regular Customer,Regular Marketing,38.24,53.24,24.25,Loyal Stage
69f01dcd25cf034057a9c17b0a969f3e,0.0,76.38,23.62,Regular Customer,Regular Marketing,38.19,53.47,23.62,Loyal Stage
69f209c87656328a84be38ce7813d2a1,44.99,76.39,23.61,Regular Customer,Regular Marketing,38.36,53.57,23.61,Loyal Stage
6a015fe2d51ae41c3a73e35aab508644,74.89,77.01,22.99,Regular Customer,Regular Marketing,38.78,54.07,22.99,Loyal Stage
6a0a549e7d20a02c112dc6be0c395a51,199.0,76.72,23.28,VIP Customer,VIP Loyalty Benefits,39.1,54.15,23.28,Loyal Stage
6a0f1df8b6e7073a864df1d15d55ea8e,13.69,75.78,24.22,Regular Customer,Regular Marketing,37.94,53.08,24.22,Loyal Stage
6a1789624e4dd9c4e708f5f886a65160,0.0,76.64,23.36,Regular Customer,Regular Marketing,38.32,53.65,23.36,Loyal Stage
6a2c40e8c69094a25650af05fc1a69d4,85.99,76.56,23.44,Regular Customer,Regular Marketing,38.6,53.78,23.44,Loyal Stage
6a2e8efa9b01f6e303f8303232405a65,0.0,76.74,23.26,Regular Customer,Regular Marketing,38.37,53.72,23.26,Loyal Stage
6a3d98f9569414eb638023d2eb1470d5,0.0,77.15,22.85,Regular Customer,Regular Marketing,38.58,54.01,22.85,Loyal Stage
6a3edb309612a38197be6e1bcb0d3dea,34.9,75.45,24.55,Regular Customer,Regular Marketing,37.85,52.89,24.55,Loyal Stage
6a4a6b6ca4705fbb205db9348233410c,35.6,76.33,23.67,Regular Customer,Regular Marketing,38.3,53.51,23.67,Loyal Stage
6a56338046eea107d761e02d0998c4e2,19.99,76.82,23.18,Regular Customer,Regular Marketing,38.48,53.82,23.18,Loyal Stage
6a6a7141119ceaeca4dfbae7a580a515,78.29,68.46,31.54,Regular Customer,Regular Marketing,34.52,48.1,31.54,Growth Stage
6a6cb845c817bd5dadb35ab8cada50f2,178.5,76.59,23.41,VIP Customer,VIP Loyalty Benefits,38.96,54.01,23.41,Loyal Stage
6a735d48c5116d8b8b182d99b3f8f304,0.0,76.58,23.42,Regular Customer,Regular Marketing,38.29,53.61,23.42,Loyal Stage
6a8721efbaba71eb10c13a89c2e44c9b,48.0,77.38,22.62,Regular Customer,Regular Marketing,38.87,54.27,22.62,Loyal Stage
6a8a24e593bae849d77f65cae0afd180,38.71,76.95,23.05,Regular Customer,Regular Marketing,38.62,53.95,23.05,Loyal Stage
6a91146dfadf349c2a9b8c39b7326841,16.0,76.3,23.7,Regular Customer,Regular Marketing,38.21,53.45,23.7,Loyal Stage
6a913f4df8666d4ee42547e14ae1f1c1,0.0,76.22,23.78,Regular Customer,Regular Marketing,38.11,53.35,23.78,Loyal Stage
6a9e15d6fa8ce1cabf193c21aa577f64,291.7,75.41,24.59,VIP Customer,VIP Loyalty Benefits,38.79,53.44,24.59,Loyal Stage
6aabcd4352cc0807820437f47d65a80a,66.9,77.1,22.9,Regular Customer,Regular Marketing,38.8,54.12,22.9,Loyal Stage
6aac31a85fef9baa81a8f4af77e6531a,156.0,76.66,23.34,VIP Customer,VIP Loyalty Benefits,38.91,54.01,23.34,Loyal Stage
6ab722fe84643343e7ad4213f8587305,56.0,76.0,24.0,Regular Customer,Regular Marketing,38.21,53.33,24.0,Loyal Stage
6ac3770209c7cf2e5b54d47abb41063a,147.0,76.7,23.3,VIP Customer,VIP Loyalty Benefits,38.9,54.02,23.3,Loyal Stage
6ac4c2b8476a9b14dc824e2cda804dfc,398.0,77.07,22.93,VIP Customer,VIP Loyalty Benefits,40.02,54.84,22.93,Loyal Stage
6ac6902b78ed854e42f75c8e25234e8c,0.0,77.31,22.69,Regular Customer,Regular Marketing,38.66,54.12,22.69,Loyal Stage
6acd491e5e771e8ce1287196704579c1,219.0,77.48,22.52,VIP Customer,VIP Loyalty Benefits,39.55,54.72,22.52,Loyal Stage
6acf05191f069f9819ddaef370945f00,69.9,76.84,23.16,Regular Customer,Regular Marketing,38.68,53.94,23.16,Loyal Stage
6ae0c4c53fc40060aeb822ce9ac194a7,69.9,76.84,23.16,Regular Customer,Regular Marketing,38.68,53.94,23.16,Loyal Stage
6ae137e770f4b67cdd1326b13b358181,514.9,76.07,23.93,VIP Customer,VIP Loyalty Benefits,39.95,54.4,23.93,Loyal Stage
6ae1ae4714e95b8f8f910a3b690b37f9,142.5,77.06,22.94,VIP Customer,VIP Loyalty Benefits,39.06,54.26,22.94,Loyal Stage
6ae4955db9c67243996f71e3572d7678,0.0,76.17,23.83,Regular Customer,Regular Marketing,38.08,53.32,23.83,Loyal Stage
6ae98e2bdf8d09e86cd16479fa511f9e,0.0,75.86,24.14,Regular Customer,Regular Marketing,37.93,53.1,24.14,Loyal Stage
6af6fb422d6fbf0b4686d35157cb0be4,0.0,76.28,23.72,Regular Customer,Regular Marketing,38.14,53.4,23.72,Loyal Stage
6af755cf76aa131d264d452649cae807,0.0,75.65,24.35,Regular Customer,Regular Marketing,37.83,52.96,24.35,Loyal Stage
6b05110cdbb6841273fdb6718c9f58ea,0.0,76.28,23.72,Regular Customer,Regular Marketing,38.14,53.4,23.72,Loyal Stage
6b206dda97662a85a6ed4c94a2906fad,28.99,75.75,24.25,Regular Customer,Regular Marketing,37.98,53.09,24.25,Loyal Stage
6b2135fcabed65970ffcf4421ab5696a,48.99,75.72,24.28,Regular Customer,Regular Marketing,38.04,53.11,24.28,Loyal Stage
6b2d156cc732c2a9ff0ae48268cd7f2d,0.0,77.05,22.95,Regular Customer,Regular Marketing,38.52,53.93,22.95,Loyal Stage
6b326d132ac040958c26535e9e14d9e0,0.0,75.96,24.04,Regular Customer,Regular Marketing,37.98,53.17,24.04,Loyal Stage
6b383324d91b86a77b78116f947fa8e1,0.0,75.96,24.04,Regular Customer,Regular Marketing,37.98,53.17,24.04,Loyal Stage
6b39f919c2614b3cf1cb0e082656b566,29.0,76.68,23.32,Regular Customer,Regular Marketing,38.45,53.74,23.32,Loyal Stage
6b527aa2aff22d94408e2c1bf496ce47,75.8,76.13,23.87,Regular Customer,Regular Marketing,38.35,53.46,23.87,Loyal Stage
6b619e0217dbe64b4cdc74160be64f2f,49.9,75.88,24.12,Regular Customer,Regular Marketing,38.13,53.23,24.12,Loyal Stage
6b638ffdec710483b7709ec6454b23c8,15.45,75.73,24.27,Regular Customer,Regular Marketing,37.92,53.04,24.27,Loyal Stage
6b663f38a6b717c09f4dca07f546fe4b,203.9,75.7,24.3,VIP Customer,VIP Loyalty Benefits,38.61,53.45,24.3,Loyal Stage
6b6668ad4727c86f9c4c4517ab973d31,315.9,74.87,25.13,VIP Customer,VIP Loyalty Benefits,38.61,53.11,25.13,Loyal Stage
6b672d19bb5daf36d2e500d90b753a1e,158.0,76.1,23.9,VIP Customer,VIP Loyalty Benefits,38.64,53.62,23.9,Loyal Stage
6b6b815f43f5bb5de08a22bfd1826357,0.0,76.22,23.78,Regular Customer,Regular Marketing,38.11,53.35,23.78,Loyal Stage
6b80dad983ea5de44579101c9131e728,66.9,75.96,24.04,Regular Customer,Regular Marketing,38.23,53.32,24.04,Loyal Stage
6ba5b2dcb81470882212da717a171539,268.96,76.78,23.22,VIP Customer,VIP Loyalty Benefits,39.39,54.35,23.22,Loyal Stage
6ba812cae0dbebe46cabe62b1a77b91b,80.49,76.91,23.09,Regular Customer,Regular Marketing,38.75,54.01,23.09,Loyal Stage
6ba987d564bad1f9da8e14b9d3b71c8f,49.89,77.29,22.71,Regular Customer,Regular Marketing,38.83,54.21,22.71,Loyal Stage
6bcfc16246486f925fbaf30ad9cf3caf,265.0,75.94,24.06,VIP Customer,VIP Loyalty Benefits,38.96,53.75,24.06,Loyal Stage
6bd06f958324c634ad8995ed4a17701b,0.0,75.96,24.04,Regular Customer,Regular Marketing,37.98,53.17,24.04,Loyal Stage
6bda880d3010df6afe07005de1b980fc,31.99,76.06,23.94,Regular Customer,Regular Marketing,38.15,53.31,23.94,Loyal Stage
6bf245ddc29953483253de1f6fd2b538,19.9,76.93,23.07,Regular Customer,Regular Marketing,38.54,53.9,23.07,Loyal Stage
6bfca63ef6ccdccee94ef0b0f6b6b158,114.08,76.29,23.71,Regular Customer,Regular Marketing,38.57,53.66,23.71,Loyal Stage
6c09a1b2276ad843fe5649cb2f92660c,410.0,76.26,23.74,VIP Customer,VIP Loyalty Benefits,39.66,54.3,23.74,Loyal Stage
6c0b91fe3180a9bc15adcd0098310d07,0.0,75.65,24.35,Regular Customer,Regular Marketing,37.83,52.96,24.35,Loyal Stage
6c111901c7fe1cbd93a8995adcf51350,259.99,76.4,23.6,VIP Customer,VIP Loyalty Benefits,39.17,54.06,23.6,Loyal Stage
6c2662935a686e86c8bf44527eba4bd5,219.89,76.4,23.6,VIP Customer,VIP Loyalty Benefits,39.02,53.97,23.6,Loyal Stage
6c286f4b415764f00f8ebbe4f8fe271c,278.5,75.46,24.54,VIP Customer,VIP Loyalty Benefits,38.77,53.45,24.54,Loyal Stage
6c2d022850b74d7bfcc074ec405986ab,35.33,77.05,22.95,Regular Customer,Regular Marketing,38.66,54.02,22.95,Loyal Stage
6c3974f2a296fbcb0aa071279dbf6f24,0.0,75.55,24.45,Regular Customer,Regular Marketing,37.78,52.89,24.45,Loyal Stage
6c3e649bc44018fe7218697fc8650aac,110.0,76.39,23.61,Regular Customer,Regular Marketing,38.6,53.72,23.61,Loyal Stage
6c46fac4427c66dba3d39905e3d81497,0.0,76.28,23.72,Regular Customer,Regular Marketing,38.14,53.4,23.72,Loyal Stage
6c4c54e2a78d1cc194ef87015c7a64fe,27.9,75.85,24.15,Regular Customer,Regular Marketing,38.03,53.16,24.15,Loyal Stage
6c50a1d82303c16736b2ee32920f0d30,146.99,76.49,23.51,VIP Customer,VIP Loyalty Benefits,38.79,53.87,23.51,Loyal Stage
6c5524784076044070d9fe6cf151912d,56.99,76.46,23.54,Regular Customer,Regular Marketing,38.44,53.65,23.54,Loyal Stage
6c570b7fb12e68f0e0cf5dd0c11e74c9,79.99,76.08,23.92,Regular Customer,Regular Marketing,38.34,53.44,23.92,Loyal Stage
6c6ff848f6f705ca1235ac80c414f709,29.0,76.37,23.63,Regular Customer,Regular Marketing,38.29,53.52,23.63,Loyal Stage
6c77b3def5fdeb852ee4407969de9838,87.0,76.87,23.13,Regular Customer,Regular Marketing,38.76,54.0,23.13,Loyal Stage
6c8a79f1eba093cbfd4fbc28c06fccf7,28.8,75.54,24.46,Regular Customer,Regular Marketing,37.88,52.94,24.46,Loyal Stage
6ca64aa28917ec5f253c90fda7032b6c,1299.65,78.62,21.38,VIP Customer,VIP Loyalty Benefits,44.15,57.94,21.38,Loyal Stage
6ca72e10ed21fc12e5be15d7812c7eea,27.9,76.11,23.89,Regular Customer,Regular Marketing,38.16,53.34,23.89,Loyal Stage
6cad4c6e0f924934cb7ef9ef61d64302,34.0,76.12,23.88,Regular Customer,Regular Marketing,38.19,53.36,23.88,Loyal Stage
6cb8df9c62d9348289dc83231d60d294,65.9,75.6,24.4,Regular Customer,Regular Marketing,38.05,53.07,24.4,Loyal Stage
6cbb34f793d1c6dd7148a0bd44b9717e,29.6,75.96,24.04,Regular Customer,Regular Marketing,38.09,53.24,24.04,Loyal Stage
6cbb5d0b135abad7d9ee648eecd59a47,69.0,76.22,23.78,Regular Customer,Regular Marketing,38.37,53.51,23.78,Loyal Stage
6cbe8a392b76916e84c2faf69d0d0da0,179.0,76.13,23.87,VIP Customer,VIP Loyalty Benefits,38.73,53.69,23.87,Loyal Stage
6cc728d3c22ad303f53b4a3bba9e8248,49.9,75.99,24.01,Regular Customer,Regular Marketing,38.18,53.3,24.01,Loyal Stage
6cd5cf8d699886a4bde2cb85c8cd3e0e,165.0,76.21,23.79,VIP Customer,VIP Loyalty Benefits,38.72,53.72,23.79,Loyal Stage
6cdb0af66d147aaa257692164e8e39dd,19.9,75.37,24.63,Regular Customer,Regular Marketing,37.76,52.8,24.63,Loyal Stage
6ce8ed350919be94899fcab482036a90,170.0,76.06,23.94,VIP Customer,VIP Loyalty Benefits,38.66,53.62,23.94,Loyal Stage
6ceba80b09219eea72938cca246b5339,299.9,77.24,22.76,VIP Customer,VIP Loyalty Benefits,39.74,54.74,22.76,Loyal Stage
6cf0d28024ebfa218fd7dafc2ea37dad,75.0,75.46,24.54,Regular Customer,Regular Marketing,38.01,52.99,24.54,Loyal Stage
6cf4228e1512fc12c0d2b932cca21bdc,78.0,76.39,23.61,Regular Customer,Regular Marketing,38.49,53.65,23.61,Loyal Stage
6cf435fc7c34c882d7688012eb54b43c,54.3,77.08,22.92,Regular Customer,Regular Marketing,38.74,54.08,22.92,Loyal Stage
6cf62f27f789c57b96c1351cd5036e2d,69.9,77.21,22.79,Regular Customer,Regular Marketing,38.87,54.21,22.79,Loyal Stage
6cf79af1832aa0475eb3a0945b792a9e,349.99,76.69,23.31,VIP Customer,VIP Loyalty Benefits,39.65,54.47,23.31,Loyal Stage
6cfde434af484ecd9ba516600818805d,24.99,76.31,23.69,Regular Customer,Regular Marketing,38.25,53.47,23.69,Loyal Stage
6d053f472a670c33c21c012f7c72c4cc,54.9,76.77,23.23,Regular Customer,Regular Marketing,38.59,53.86,23.23,Loyal Stage
6d20cbea5470080612d5968224af7e10,59.19,75.95,24.05,Regular Customer,Regular Marketing,38.2,53.3,24.05,Loyal Stage
6d2ca69d13c11fd702133bfc8a1310a3,0.0,77.41,22.59,Regular Customer,Regular Marketing,38.7,54.18,22.59,Loyal Stage
6d2e48142a6bf4ba1595c11fcf2e55bb,190.0,75.78,24.22,VIP Customer,VIP Loyalty Benefits,38.6,53.47,24.22,Loyal Stage
6d338ce1c12a81b0273d0f82bd0a2482,0.0,77.36,22.64,Regular Customer,Regular Marketing,38.68,54.15,22.64,Loyal Stage
6d44ca47f1c510df4438031a57fe30ea,64.0,76.73,23.27,Regular Customer,Regular Marketing,38.6,53.85,23.27,Loyal Stage
6d516cb92493017d5044fa487678f428,155.0,75.78,24.22,VIP Customer,VIP Loyalty Benefits,38.47,53.39,24.22,Loyal Stage
6d55b6103f942a114679dd75e8bcf719,219.0,77.38,22.62,VIP Customer,VIP Loyalty Benefits,39.5,54.65,22.62,Loyal Stage
6d5fb2675f2ec46c06cc8c79aff628bd,0.0,76.9,23.1,Regular Customer,Regular Marketing,38.45,53.83,23.1,Loyal Stage
6d69d0679df6373f318bef6b148b46a3,0.0,76.95,23.05,Regular Customer,Regular Marketing,38.48,53.87,23.05,Loyal Stage
6d6bb30745d6e09085783d23a5c2e7d6,0.0,76.58,23.42,Regular Customer,Regular Marketing,38.29,53.61,23.42,Loyal Stage
6d742fbb67a43981bf79c0f6a24cae38,313.8,76.69,23.31,VIP Customer,VIP Loyalty Benefits,39.51,54.38,23.31,Loyal Stage
6d78a5a0d52c0259e73fb97d61205e54,69.9,75.6,24.4,Regular Customer,Regular Marketing,38.06,53.08,24.4,Loyal Stage
6d8233fd7ed301850f5d518f841d86e1,0.0,76.02,23.98,Regular Customer,Regular Marketing,38.01,53.21,23.98,Loyal Stage
6d83178dbb3c2055c67310a37bb9b270,0.0,75.91,24.09,Regular Customer,Regular Marketing,37.96,53.14,24.09,Loyal Stage
6d8e66151e7677010d3bb44b8604cf8e,45.05,75.21,24.79,Regular Customer,Regular Marketing,37.77,52.75,24.79,Loyal Stage
6d90b4cc432b22857f3660864f240b0c,21.9,75.43,24.57,Regular Customer,Regular Marketing,37.8,52.85,24.57,Loyal Stage
6da978ae0a1651e61c566f73e571f279,35.0,75.91,24.09,Regular Customer,Regular Marketing,38.09,53.22,24.09,Loyal Stage
6da9ed1445df35f239b6e8ce93011883,35.9,75.97,24.03,Regular Customer,Regular Marketing,38.12,53.26,24.03,Loyal Stage
6db2ff0bfea2ecd92d9b251b3e89a1f5,198.9,76.1,23.9,VIP Customer,VIP Loyalty Benefits,38.79,53.71,23.9,Loyal Stage
6db99644c69ba64b1a944bf6a14d1147,189.9,76.56,23.44,VIP Customer,VIP Loyalty Benefits,38.99,54.02,23.44,Loyal Stage
6dc1e0d59613f27a7cd773e30b9ee60e,0.0,76.84,23.16,Regular Customer,Regular Marketing,38.42,53.79,23.16,Loyal Stage
6dc35d652557b7bed5254b29b01185e1,0.0,76.12,23.88,Regular Customer,Regular Marketing,38.06,53.28,23.88,Loyal Stage
6dd8f39d9ea8263c0c842416419693f9,29.15,76.84,23.16,Regular Customer,Regular Marketing,38.53,53.85,23.16,Loyal Stage
6dda77ce7d03b1b6a7cae2a037be41dc,0.0,77.0,23.0,Regular Customer,Regular Marketing,38.5,53.9,23.0,Loyal Stage
6de9de2dd055cad94ee838808323f4c6,34.99,75.76,24.24,Regular Customer,Regular Marketing,38.01,53.11,24.24,Loyal Stage
6def0be9b84bca2275ecb28a673f811a,89.99,75.79,24.21,Regular Customer,Regular Marketing,38.23,53.25,24.21,Loyal Stage
6df4dbb9f375adc16b7590e6ef377ad9,178.9,76.02,23.98,VIP Customer,VIP Loyalty Benefits,38.68,53.62,23.98,Loyal Stage
6df7971a61f4ed9e3bbe9c7dd6c6a1d3,126.48,76.88,23.12,Regular Customer,Regular Marketing,38.91,54.1,23.12,Loyal Stage
6dfa7ab54f2b76b30f635565a163e347,0.0,77.15,22.85,Regular Customer,Regular Marketing,38.58,54.01,22.85,Loyal Stage
6e10d6571ddd6b7b58d61e4d5e7dde95,0.0,76.95,23.05,Regular Customer,Regular Marketing,38.48,53.87,23.05,Loyal Stage
6e1bd606bd55f8d88842159f291a4501,0.0,77.36,22.64,Regular Customer,Regular Marketing,38.68,54.15,22.64,Loyal Stage
6e1ed5dfd98249d9b1a4a00736ee2d77,27.9,75.95,24.05,Regular Customer,Regular Marketing,38.08,53.23,24.05,Loyal Stage
6e3150675102c8e3a7886905248448de,12.99,75.98,24.02,Regular Customer,Regular Marketing,38.04,53.22,24.02,Loyal Stage
6e35083480b2a962613d9547f50e8ba4,69.8,76.07,23.93,Regular Customer,Regular Marketing,38.29,53.4,23.93,Loyal Stage
6e38e1b30614aac73384d109efb9681e,69.99,76.28,23.72,Regular Customer,Regular Marketing,38.4,53.55,23.72,Loyal Stage
6e3a167b6908386aaff774280e6eb1cb,45.95,75.57,24.43,Regular Customer,Regular Marketing,37.96,53.0,24.43,Loyal Stage
6e42c259222a050373bfabfab9a814e1,64.0,76.16,23.84,Regular Customer,Regular Marketing,38.32,53.46,23.84,Loyal Stage
6e46cf8edbb20e52f1eae047019255c4,0.0,76.22,23.78,Regular Customer,Regular Marketing,38.11,53.35,23.78,Loyal Stage
6e4df650faf2c070fc5cbc95efd6c01a,49.0,77.22,22.78,Regular Customer,Regular Marketing,38.79,54.16,22.78,Loyal Stage
6e637d6cb653d1438d197ada844ed780,122.99,77.08,22.92,Regular Customer,Regular Marketing,39.0,54.23,22.92,Loyal Stage
6e6a6567e76bd5bbc112d7d7f9a9c0e5,330.0,76.77,23.23,VIP Customer,VIP Loyalty Benefits,39.61,54.47,23.23,Loyal Stage
6e76634fa3513f8ae8ac50b397571590,79.99,76.86,23.14,Regular Customer,Regular Marketing,38.73,53.98,23.14,Loyal Stage
6e8dab044fed54dbac55f98c27c23cf4,189.9,75.63,24.37,VIP Customer,VIP Loyalty Benefits,38.52,53.36,24.37,Loyal Stage
6e9359d145dcf22cc8c1d9116f403f17,23.97,75.58,24.42,Regular Customer,Regular Marketing,37.88,52.96,24.42,Loyal Stage
6ea270c94f6954415e7760358195b0d7,104.6,75.96,24.04,Regular Customer,Regular Marketing,38.37,53.41,24.04,Loyal Stage
6eb59f7b1132420bbca105d1fd5f74df,40.99,75.61,24.39,Regular Customer,Regular Marketing,37.96,53.02,24.39,Loyal Stage
6eb8e2b6fcf8074c670ebdac39ba6442,55.16,75.79,24.21,Regular Customer,Regular Marketing,38.1,53.18,24.21,Loyal Stage
6ec442f3fae06e01393b5af7e393506b,0.0,75.76,24.24,Regular Customer,Regular Marketing,37.88,53.03,24.24,Loyal Stage
6ec75d7e0032c13ab96440fa90cab1fe,84.0,77.07,22.93,Regular Customer,Regular Marketing,38.85,54.14,22.93,Loyal Stage
6f004cc093e223ff73ebc64ce5f4ede5,44.6,75.72,24.28,Regular Customer,Regular Marketing,38.03,53.11,24.28,Loyal Stage
6f05cf68a5f0baccd946a9b3df2ad09c,39.0,76.75,23.25,Regular Customer,Regular Marketing,38.52,53.81,23.25,Loyal Stage
6f070c196a22f70ff35e9a2fb5f94b47,139.0,76.07,23.93,VIP Customer,VIP Loyalty Benefits,38.55,53.56,23.93,Loyal Stage
6f159c60e52468c89aa81edebe11fe88,89.9,77.08,22.92,Regular Customer,Regular Marketing,38.87,54.15,22.92,Loyal Stage
6f1d94e7bf3b50398380fa2a21081830,32.9,77.05,22.95,Regular Customer,Regular Marketing,38.65,54.01,22.95,Loyal Stage
6f24c77a36d67a196068ae95cdd4e044,149.99,77.33,22.67,VIP Customer,VIP Loyalty Benefits,39.22,54.46,22.67,Loyal Stage
6f2c390d13e34756276886c8d0400237,31.9,76.27,23.73,Regular Customer,Regular Marketing,38.25,53.46,23.73,Loyal Stage
6f2e9b9193b3a5c590c0a2b296f81337,105.0,75.76,24.24,Regular Customer,Regular Marketing,38.27,53.27,24.24,Loyal Stage
6f35424ab0a4f25807ac4e03b155832e,1330.0,77.43,22.57,VIP Customer,VIP Loyalty Benefits,43.66,57.17,22.57,Loyal Stage
6f54e4948259bd0c7563d961f4ac921c,170.0,76.53,23.47,VIP Customer,VIP Loyalty Benefits,38.9,53.95,23.47,Loyal Stage
6f59eba24fd00a27069b57c896d8899a,97.6,76.01,23.99,Regular Customer,Regular Marketing,38.37,53.43,23.99,Loyal Stage
6f5b8bc0cffa64578cf4994354dc2aaa,139.0,77.26,22.74,VIP Customer,VIP Loyalty Benefits,39.15,54.39,22.74,Loyal Stage
6f657798db8faf0781e345923ff13175,179.9,76.18,23.82,VIP Customer,VIP Loyalty Benefits,38.76,53.73,23.82,Loyal Stage
6f6e03402c514c5bc7141ff3c345dacd,110.65,77.01,22.99,Regular Customer,Regular Marketing,38.92,54.16,22.99,Loyal Stage
6f6e1078dff9301f8f946b5eace8253f,59.88,76.88,23.12,Regular Customer,Regular Marketing,38.66,53.95,23.12,Loyal Stage
6f764c8c008b4c11759525a587d5c23c,33.4,76.53,23.47,Regular Customer,Regular Marketing,38.39,53.65,23.47,Loyal Stage
6f7c6c8b6f6589599907dae484d21d54,139.9,76.74,23.26,VIP Customer,VIP Loyalty Benefits,38.89,54.03,23.26,Loyal Stage
6f7db2812ff3fc7e881594b5a1903898,49.99,76.14,23.86,Regular Customer,Regular Marketing,38.26,53.41,23.86,Loyal Stage
6f8082b8f7365a98f3594867c2ae993b,180.0,75.77,24.23,VIP Customer,VIP Loyalty Benefits,38.55,53.44,24.23,Loyal Stage
6f80dd8505a9fcaf272aeaa787e8daa8,138.0,76.48,23.52,Regular Customer,Regular Marketing,38.75,53.84,23.52,Loyal Stage
6f90f04011f53535e2ed7add0e6e9775,18.0,76.71,23.29,Regular Customer,Regular Marketing,38.42,53.74,23.29,Loyal Stage
6f930a9989791bfe75ceaf7468ee3f79,0.0,76.64,23.36,Regular Customer,Regular Marketing,38.32,53.65,23.36,Loyal Stage
6f982ac5bccd4b6f931347d3a87bd489,79.99,76.65,23.35,Regular Customer,Regular Marketing,38.62,53.83,23.35,Loyal Stage
6fa30a5917169e7d5b000cc166bfb8ca,259.0,76.81,23.19,VIP Customer,VIP Loyalty Benefits,39.37,54.35,23.19,Loyal Stage
6fc93f2fa8e88b7ae9dbe66f0410aaba,119.0,76.51,23.49,Regular Customer,Regular Marketing,38.7,53.82,23.49,Loyal Stage
6fdd493f3384a3ecbe665e0900c15a6f,10.0,75.51,24.49,Regular Customer,Regular Marketing,37.79,52.88,24.49,Loyal Stage
6fddad01fc95963a667e3d96d751d051,189.96,75.53,24.47,VIP Customer,VIP Loyalty Benefits,38.47,53.29,24.47,Loyal Stage
6fdea157b64e36e7d70e7c4676e093fb,0.0,76.84,23.16,Regular Customer,Regular Marketing,38.42,53.79,23.16,Loyal Stage
6fe9dc85cc39c201968bb903477895cf,239.6,76.84,23.16,VIP Customer,VIP Loyalty Benefits,39.31,54.32,23.16,Loyal Stage
6fee629ee4d4173c57b299647856f266,62.9,75.75,24.25,Regular Customer,Regular Marketing,38.11,53.17,24.25,Loyal Stage
6fefebbfc298caf747487c94c4806f3c,14.95,76.82,23.18,Regular Customer,Regular Marketing,38.47,53.81,23.18,Loyal Stage
700740bf9157a830e0728f14d64282bf,169.99,76.94,23.06,VIP Customer,VIP Loyalty Benefits,39.1,54.24,23.06,Loyal Stage
700e0d1f54a4261d5c8f5a310585cb23,59.99,75.43,24.57,Regular Customer,Regular Marketing,37.94,52.94,24.57,Loyal Stage
7020078859b9015b76e7469322c2c415,139.9,76.22,23.78,VIP Customer,VIP Loyalty Benefits,38.63,53.67,23.78,Loyal Stage
702b073491f360532059ba3dec84492f,64.99,76.47,23.53,Regular Customer,Regular Marketing,38.48,53.68,23.53,Loyal Stage
7030164c13386d397107bfdf15f3814f,78.0,76.29,23.71,Regular Customer,Regular Marketing,38.44,53.58,23.71,Loyal Stage
703826613a480456a32d33a68cd8f1b2,58.0,75.95,24.05,Regular Customer,Regular Marketing,38.19,53.29,24.05,Loyal Stage
7038d2e4cfd7555e105bdfdd27e313f0,0.0,76.33,23.67,Regular Customer,Regular Marketing,38.16,53.43,23.67,Loyal Stage
703afa585e769a0a4f90ba4540b3c80b,0.0,76.84,23.16,Regular Customer,Regular Marketing,38.42,53.79,23.16,Loyal Stage
7040204cafb030750c3d1c8add529d83,59.8,76.46,23.54,Regular Customer,Regular Marketing,38.45,53.65,23.54,Loyal Stage
705050f4eda6b8b9e7c38a5e61bed2d6,0.0,76.02,23.98,Regular Customer,Regular Marketing,38.01,53.21,23.98,Loyal Stage
70518a076bbefc731a405ef820db9d65,142.0,77.06,22.94,VIP Customer,VIP Loyalty Benefits,39.06,54.26,22.94,Loyal Stage
7058e3a031a68395e4c985414b389dea,64.89,76.47,23.53,Regular Customer,Regular Marketing,38.48,53.68,23.53,Loyal Stage
707464f6fc1bb8238162a2ed443d226a,37.5,75.71,24.29,Regular Customer,Regular Marketing,37.99,53.08,24.29,Loyal Stage
7079dba72dfcab838a77454dc5e86ec1,55.8,76.62,23.38,Regular Customer,Regular Marketing,38.52,53.76,23.38,Loyal Stage
707b8f5939d2711713ecdcc5c40e77b8,299.8,76.72,23.28,VIP Customer,VIP Loyalty Benefits,39.48,54.38,23.28,Loyal Stage
708976af642e89528bcb19b3e72b4152,149.9,76.14,23.86,VIP Customer,VIP Loyalty Benefits,38.63,53.63,23.86,Loyal Stage
7089d4f625f4705fae12eaf02c504281,54.9,76.1,23.9,Regular Customer,Regular Marketing,38.25,53.39,23.9,Loyal Stage
7098eb76749af213a85508c2a48f9718,145.0,76.13,23.87,VIP Customer,VIP Loyalty Benefits,38.6,53.61,23.87,Loyal Stage
709c286a652f0f46a1d34ad1aada2ccf,125.0,76.41,23.59,Regular Customer,Regular Marketing,38.67,53.77,23.59,Loyal Stage
709c4c5ec8924ff8c85de5801b65458b,44.64,76.86,23.14,Regular Customer,Regular Marketing,38.6,53.9,23.14,Loyal Stage
70a618fb02f696a6cabe4de1c7d48654,32.9,75.91,24.09,Regular Customer,Regular Marketing,38.08,53.21,24.09,Loyal Stage
70adb84279cd1c8345ff8d0c6a41256c,18.9,77.08,22.92,Regular Customer,Regular Marketing,38.61,54.0,22.92,Loyal Stage
70af4c53ef8785a916deae4611f1ad24,252.06,76.5,23.5,VIP Customer,VIP Loyalty Benefits,39.19,54.11,23.5,Loyal Stage
70c7bc295f2ffdd9125c96d2ace32fb4,0.0,76.53,23.47,Regular Customer,Regular Marketing,38.26,53.57,23.47,Loyal Stage
70cf7c1a2ee65622275286a438160730,27.99,75.49,24.51,Regular Customer,Regular Marketing,37.85,52.91,24.51,Loyal Stage
70e15e657d597f3c096fb696e815018f,59.9,76.42,23.58,Regular Customer,Regular Marketing,38.43,53.63,23.58,Loyal Stage
70f023b13072d262c2d27b022dd6e9c4,40.0,76.75,23.25,Regular Customer,Regular Marketing,38.52,53.81,23.25,Loyal Stage
7109729919d4c68b91fbab589089eb5e,64.99,76.32,23.68,Regular Customer,Regular Marketing,38.4,53.57,23.68,Loyal Stage
710ec146adadcefce620cb2e08da0544,20.0,76.82,23.18,Regular Customer,Regular Marketing,38.48,53.82,23.18,Loyal Stage
71150730b022797afd6a487820125da0,1450.0,76.7,23.3,VIP Customer,VIP Loyalty Benefits,43.74,56.92,23.3,Loyal Stage
71168dfb69f1d949ca08ba4f5474597e,179.9,76.54,23.46,VIP Customer,VIP Loyalty Benefits,38.94,53.98,23.46,Loyal Stage
7116e5cd7a02545640934ef0d25a5bb7,301.17,76.83,23.17,VIP Customer,VIP Loyalty Benefits,39.54,54.46,23.17,Loyal Stage
71200e5ed443c22e1df3cfe1e053c07c,279.6,75.68,24.32,VIP Customer,VIP Loyalty Benefits,38.88,53.6,24.32,Loyal Stage
71273ccf833448b454fb8398754caa92,289.0,75.98,24.02,VIP Customer,VIP Loyalty Benefits,39.07,53.83,24.02,Loyal Stage
71289f58e61bb9977ff1c6f7d91a5af7,20.0,75.37,24.63,Regular Customer,Regular Marketing,37.76,52.8,24.63,Loyal Stage
712ca24816b7413fe4000bdf6d547aea,98.0,76.01,23.99,Regular Customer,Regular Marketing,38.37,53.43,23.99,Loyal Stage
7144781fc1db342c4bfd4a1b60a169dc,0.0,75.81,24.19,Regular Customer,Regular Marketing,37.9,53.06,24.19,Loyal Stage
714730d7c3728ff66a78c4534e83f132,99.8,76.63,23.37,Regular Customer,Regular Marketing,38.69,53.87,23.37,Loyal Stage
715597f38ef8947e954d08739d2bdbf7,0.0,76.58,23.42,Regular Customer,Regular Marketing,38.29,53.61,23.42,Loyal Stage
71570c9b76f11df814726260cf634fb8,679.0,76.71,23.29,VIP Customer,VIP Loyalty Benefits,40.88,55.21,23.29,Loyal Stage
71692b73230707ce0f95d8a6091c22b4,330.0,76.92,23.08,VIP Customer,VIP Loyalty Benefits,39.69,54.58,23.08,Loyal Stage
717369626ec16ea93f95caaa053e0bb6,49.9,76.19,23.81,Regular Customer,Regular Marketing,38.28,53.44,23.81,Loyal Stage
717aff83d47386f47bf900ab864916f6,0.0,76.22,23.78,Regular Customer,Regular Marketing,38.11,53.35,23.78,Loyal Stage
718035a1435a427d46fd383caa59feb2,78.9,76.34,23.66,Regular Customer,Regular Marketing,38.46,53.61,23.66,Loyal Stage
7194aedf92f96de4f609595adc4c6441,0.0,75.96,24.04,Regular Customer,Regular Marketing,37.98,53.17,24.04,Loyal Stage
7196c4f487f78ce96dd88064ddab32ba,438.0,76.56,23.44,VIP Customer,VIP Loyalty Benefits,39.91,54.57,23.44,Loyal Stage
719b416ebeb9f51638f343c4cc19f742,0.0,76.28,23.72,Regular Customer,Regular Marketing,38.14,53.4,23.72,Loyal Stage
71a5cdf7a8c5994c5845613c8c011057,0.0,76.22,23.78,Regular Customer,Regular Marketing,38.11,53.35,23.78,Loyal Stage
71a92fd3087501bcfba6e6e1ef7e8fd7,248.0,76.2,23.8,VIP Customer,VIP Loyalty Benefits,39.02,53.89,23.8,Loyal Stage
71b1fcfaec7986c1f21990eb91d26fc1,0.0,76.69,23.31,Regular Customer,Regular Marketing,38.34,53.68,23.31,Loyal Stage
71b81b3b9bf1d73555376197536f598b,0.0,76.84,23.16,Regular Customer,Regular Marketing,38.42,53.79,23.16,Loyal Stage
71b9eef1ec1e4ea4eb8f5db6307156f0,189.99,77.33,22.67,VIP Customer,VIP Loyalty Benefits,39.37,54.55,22.67,Loyal Stage
71babfd3fd874b9a27dd02d352408647,36.0,76.02,23.98,Regular Customer,Regular Marketing,38.14,53.29,23.98,Loyal Stage
71bb258c3488c3ea32219c64c000ff3d,200.0,76.42,23.58,VIP Customer,VIP Loyalty Benefits,38.95,53.94,23.58,Loyal Stage
71bc312e28f745e3f1fd70f15c5b194a,190.32,76.51,23.49,VIP Customer,VIP Loyalty Benefits,38.96,53.98,23.49,Loyal Stage
71be9a28f9608e32a2386e97c6910ffe,55.98,76.77,23.23,Regular Customer,Regular Marketing,38.59,53.86,23.23,Loyal Stage
71d5e9bcbe05f2adfa08c33a109c12e0,59.0,75.59,24.41,Regular Customer,Regular Marketing,38.01,53.04,24.41,Loyal Stage
71df4133a5dbdc2f6db175f7cd3f8d10,59.9,76.47,23.53,Regular Customer,Regular Marketing,38.46,53.66,23.53,Loyal Stage
71f545b9f6343c56082214728419c637,128.7,76.42,23.58,Regular Customer,Regular Marketing,38.69,53.78,23.58,Loyal Stage
71fa3fe2a53fdf039b0dfb07332be412,188.9,76.4,23.6,VIP Customer,VIP Loyalty Benefits,38.9,53.9,23.6,Loyal Stage
71fc6a8faee5a414d80feac6ea0e7976,535.6999999999999,77.17,22.83,VIP Customer,VIP Loyalty Benefits,40.58,55.22,22.83,Loyal Stage
71fcea170af3baf5b39c2fb95bb28e47,0.0,76.79,23.21,Regular Customer,Regular Marketing,38.4,53.76,23.21,Loyal Stage
7201ceac903d5dc8876cafd6cf0ea616,38.9,76.39,23.61,Regular Customer,Regular Marketing,38.34,53.56,23.61,Loyal Stage
7211099994328230699cad95871cfbd3,189.99,76.3,23.7,VIP Customer,VIP Loyalty Benefits,38.86,53.84,23.7,Loyal Stage
721753e3cd58abfc617b532d19ee7ea8,54.9,76.31,23.69,Regular Customer,Regular Marketing,38.36,53.54,23.69,Loyal Stage
721b54017d86a9ceb21b520a2cc14860,45.0,75.41,24.59,Regular Customer,Regular Marketing,37.87,52.89,24.59,Loyal Stage
72266f20c4be9cfe463262b3d7b1a9c5,980.0,76.65,23.35,VIP Customer,VIP Loyalty Benefits,41.97,55.84,23.35,Loyal Stage
722c93504c2dfc6da249c8fc4664ea19,38.9,76.85,23.15,Regular Customer,Regular Marketing,38.57,53.88,23.15,Loyal Stage
7236dee958fe8db7b71ae8858c07640e,149.9,76.19,23.81,VIP Customer,VIP Loyalty Benefits,38.65,53.67,23.81,Loyal Stage
72421b30e46c895e99e8560a48a33fb6,62.7,76.73,23.27,Regular Customer,Regular Marketing,38.6,53.85,23.27,Loyal Stage
7249013c9e600dd351fbb2c074d85c6b,0.0,76.38,23.62,Regular Customer,Regular Marketing,38.19,53.47,23.62,Loyal Stage
726664f54062f159c63f0f400c163ae2,0.0,75.65,24.35,Regular Customer,Regular Marketing,37.83,52.96,24.35,Loyal Stage
727cb6c3deda85bd0414830fbaf64c06,0.0,76.79,23.21,Regular Customer,Regular Marketing,38.4,53.76,23.21,Loyal Stage
72a4f3be6a2d2a278670600064a0e403,0.0,76.07,23.93,Regular Customer,Regular Marketing,38.03,53.25,23.93,Loyal Stage
72a8b18fc6e02d98796664610f6e59e7,129.0,76.93,23.07,Regular Customer,Regular Marketing,38.94,54.14,23.07,Loyal Stage
72abcd406bff5122c45828b69034479b,0.0,76.28,23.72,Regular Customer,Regular Marketing,38.14,53.4,23.72,Loyal Stage
72af495ff67720e5af38537948c052f1,80.9,77.07,22.93,Regular Customer,Regular Marketing,38.84,54.13,22.93,Loyal Stage
72af58d63ff7b96ab0f296e553841def,0.0,77.26,22.74,Regular Customer,Regular Marketing,38.63,54.08,22.74,Loyal Stage
72c417dd84d9b7e8fe87a97ac36a2b53,56.1,75.79,24.21,Regular Customer,Regular Marketing,38.1,53.18,24.21,Loyal Stage
72db16a48d2efe7052acbcd2ec0b209e,18.9,75.48,24.52,Regular Customer,Regular Marketing,37.81,52.88,24.52,Loyal Stage
72e05cde2a8e5d8f08ca3ef3bcfadc63,0.0,76.79,23.21,Regular Customer,Regular Marketing,38.4,53.76,23.21,Loyal Stage
7305430719d715992b00be82af4a6aa8,49.9,76.61,23.39,Regular Customer,Regular Marketing,38.49,53.74,23.39,Loyal Stage
730b6f406d2a1bc25225f6132cf0e96d,0.0,76.33,23.67,Regular Customer,Regular Marketing,38.16,53.43,23.67,Loyal Stage
731d225b9315bdc8f31dd72a2724fbed,80.9,76.86,23.14,Regular Customer,Regular Marketing,38.73,53.98,23.14,Loyal Stage
73279480c0c6e3b47b71419dccf5f610,52.58,75.58,24.42,Regular Customer,Regular Marketing,37.99,53.03,24.42,Loyal Stage
7343a634f52f941a1fb851a53bedb2cf,125.0,76.77,23.23,Regular Customer,Regular Marketing,38.85,54.02,23.23,Loyal Stage
7353be07ce9cac1da115dcc3a29c8794,0.0,77.36,22.64,Regular Customer,Regular Marketing,38.68,54.15,22.64,Loyal Stage
735b3528d57657121bf180701d085568,105.0,75.66,24.34,Regular Customer,Regular Marketing,38.22,53.2,24.34,Loyal Stage
7361b9114e6a9c55744f01645bbf62b4,169.9,76.48,23.52,VIP Customer,VIP Loyalty Benefits,38.87,53.91,23.52,Loyal Stage
73671e3655d8ff8fe543826f6f883999,59.0,75.84,24.16,Regular Customer,Regular Marketing,38.14,53.22,24.16,Loyal Stage
7375e5404563c99a1f80ef5e6c0f1795,0.0,76.64,23.36,Regular Customer,Regular Marketing,38.32,53.65,23.36,Loyal Stage
73960f0ed4345b0ab408823fb368db34,14.89,76.81,23.19,Regular Customer,Regular Marketing,38.46,53.8,23.19,Loyal Stage
73a03e843555993655fd18215597aad5,0.0,75.55,24.45,Regular Customer,Regular Marketing,37.78,52.89,24.45,Loyal Stage
73ab88904d8a605460b77ac0b8c14fc1,0.0,76.28,23.72,Regular Customer,Regular Marketing,38.14,53.4,23.72,Loyal Stage
73afa5c15ab1d93277de26f6989e36bf,98.7,76.47,23.53,Regular Customer,Regular Marketing,38.6,53.75,23.53,Loyal Stage
73b62c771f1f1e0760f88376d4a2b150,18.95,75.69,24.31,Regular Customer,Regular Marketing,37.92,53.03,24.31,Loyal Stage
73bba9ed29bc0a8863652807643ea724,64.0,77.15,22.85,Regular Customer,Regular Marketing,38.81,54.15,22.85,Loyal Stage
73bbc2ec866d6c9398e35e5c1cf0bb8d,19.9,76.46,23.54,Regular Customer,Regular Marketing,38.3,53.56,23.54,Loyal Stage
73bca24adfdcfe1658f5626c4881d8c3,89.9,76.77,23.23,Regular Customer,Regular Marketing,38.72,53.94,23.23,Loyal Stage
73bf20bb22133ed5ae8457527dcd5e4c,0.0,76.28,23.72,Regular Customer,Regular Marketing,38.14,53.4,23.72,Loyal Stage
73c516a64ff064268d32efce2a9b333b,59.8,76.05,23.95,Regular Customer,Regular Marketing,38.25,53.37,23.95,Loyal Stage
73d96942cdfb8fea36382781503ebdd6,199.9,75.95,24.05,VIP Customer,VIP Loyalty Benefits,38.72,53.61,24.05,Loyal Stage
73de59bf3a2643b862a6045683ab50a8,0.0,76.33,23.67,Regular Customer,Regular Marketing,38.16,53.43,23.67,Loyal Stage
73e585a76132f4e75579f84ff7b72460,55.5,77.29,22.71,Regular Customer,Regular Marketing,38.85,54.23,22.71,Loyal Stage
73f114d20e161efe2a16cea9855bd2be,99.9,77.25,22.75,Regular Customer,Regular Marketing,39.0,54.3,22.75,Loyal Stage
73f2248eb4705834587fc9e1ef45b3bf,169.9,76.53,23.47,VIP Customer,VIP Loyalty Benefits,38.9,53.95,23.47,Loyal Stage
73fd87bc61d72aaea6291c1fb03108b9,0.0,76.02,23.98,Regular Customer,Regular Marketing,38.01,53.21,23.98,Loyal Stage
7401e49287261fe0a312715de282eee8,69.9,76.64,23.36,Regular Customer,Regular Marketing,38.58,53.8,23.36,Loyal Stage
7405e681e406d9a415ddd4e86f9bb3d6,59.99,76.83,23.17,Regular Customer,Regular Marketing,38.64,53.92,23.17,Loyal Stage
74084085261435e53305c2b031007d88,44.9,75.82,24.18,Regular Customer,Regular Marketing,38.08,53.18,24.18,Loyal Stage
7408628c2a758359d2ee3df32b4127df,44.99,76.08,23.92,Regular Customer,Regular Marketing,38.21,53.36,23.92,Loyal Stage
74106deb9358d8a8c9fa300f1484a764,59.89,76.62,23.38,Regular Customer,Regular Marketing,38.53,53.77,23.38,Loyal Stage
7415e06e610d97fcc5307a0cefc9238f,0.0,76.74,23.26,Regular Customer,Regular Marketing,38.37,53.72,23.26,Loyal Stage
7419850411a470c611c1a6d398c853aa,0.0,75.55,24.45,Regular Customer,Regular Marketing,37.78,52.89,24.45,Loyal Stage
742d11444e35206112494bbba88ab1ae,178.0,77.26,22.74,VIP Customer,VIP Loyalty Benefits,39.29,54.48,22.74,Loyal Stage
742e8f4db90f93804a21be643fc3ef18,242.9,76.43,23.57,VIP Customer,VIP Loyalty Benefits,39.12,54.04,23.57,Loyal Stage
742fda6ab77445c9747d63569a795ae4,0.0,76.95,23.05,Regular Customer,Regular Marketing,38.48,53.87,23.05,Loyal Stage
7448da86d2bf3d1eedd9712336f8a49e,68.65,76.69,23.31,Regular Customer,Regular Marketing,38.6,53.84,23.31,Loyal Stage
744b3c3f9726f16a6817b60a9c52e60f,62.0,75.59,24.41,Regular Customer,Regular Marketing,38.03,53.05,24.41,Loyal Stage
744cef91ca7639dfd472854b4a5976f7,49.9,76.45,23.55,Regular Customer,Regular Marketing,38.41,53.63,23.55,Loyal Stage
745a8079a4369fd584854b4a87a8b9c4,129.49,76.52,23.48,Regular Customer,Regular Marketing,38.74,53.85,23.48,Loyal Stage
745b43c8daa7a1dfd4a15cd2f436fecd,135.0,77.2,22.8,Regular Customer,Regular Marketing,39.1,54.34,22.8,Loyal Stage
745c291c0ff724e7ec6ea73d662319ce,0.0,76.28,23.72,Regular Customer,Regular Marketing,38.14,53.4,23.72,Loyal Stage
745cbae3ad0a811ab5cbf89c0ecdb280,59.9,75.49,24.51,Regular Customer,Regular Marketing,37.97,52.98,24.51,Loyal Stage
745e1490d4eb16895c8556c44973f64a,59.9,75.43,24.57,Regular Customer,Regular Marketing,37.94,52.94,24.57,Loyal Stage
7462a753a77ed093330660f7003064c7,115.8,76.76,23.24,Regular Customer,Regular Marketing,38.81,53.99,23.24,Loyal Stage
74635e4c481883885fbc9429b880df02,79.9,76.6,23.4,Regular Customer,Regular Marketing,38.6,53.8,23.4,Loyal Stage
747c1b1b035efbd0ccfc9e704382f6a1,43.9,75.83,24.17,Regular Customer,Regular Marketing,38.08,53.18,24.17,Loyal Stage
748023de9f80b6385f2873e3e492253c,24.9,76.47,23.53,Regular Customer,Regular Marketing,38.33,53.59,23.53,Loyal Stage
748e84169ace592af7a9bd3d01b47b4c,0.0,75.91,24.09,Regular Customer,Regular Marketing,37.96,53.14,24.09,Loyal Stage
74a06ebddd0798542b902dfe09c3ee29,30.5,77.15,22.85,Regular Customer,Regular Marketing,38.69,54.07,22.85,Loyal Stage
74a63835c6e5eaef19af58cc83f663aa,0.0,75.5,24.5,Regular Customer,Regular Marketing,37.75,52.85,24.5,Loyal Stage
74b8021516f25eb91f5b4e704a2cd671,55.9,76.77,23.23,Regular Customer,Regular Marketing,38.59,53.86,23.23,Loyal Stage
74bbd00f6ed06b3d6dcc9dec469ccca4,37.99,76.8,23.2,Regular Customer,Regular Marketing,38.54,53.84,23.2,Loyal Stage
74c1b37b9f9b2405c4cbba42ab2ea996,49.9,76.09,23.91,Regular Customer,Regular Marketing,38.23,53.37,23.91,Loyal Stage
74c8064d4a5b9de1030e8f41959e2cac,229.0,76.1,23.9,VIP Customer,VIP Loyalty Benefits,38.9,53.78,23.9,Loyal Stage
74cd2924d881a678aaf2481796c975b4,149.0,76.45,23.55,VIP Customer,VIP Loyalty Benefits,38.78,53.85,23.55,Loyal Stage
74da9bfeaa1c29dc1e5b3a07a4ec17a2,0.0,76.58,23.42,Regular Customer,Regular Marketing,38.29,53.61,23.42,Loyal Stage
74ec77145a467b1a96152aac1c3ab137,0.0,75.6,24.4,Regular Customer,Regular Marketing,37.8,52.92,24.4,Loyal Stage
74f1cb6900dadb1afca23c04643b06ce,199.6,76.67,23.33,VIP Customer,VIP Loyalty Benefits,39.08,54.12,23.33,Loyal Stage
7508fcee150d3d55a1f0f2f590232de2,170.0,76.63,23.37,VIP Customer,VIP Loyalty Benefits,38.95,54.02,23.37,Loyal Stage
750d05ca464c997d77832cc3b43683c2,134.99,75.54,24.46,Regular Customer,Regular Marketing,38.27,53.18,24.46,Loyal Stage
75109d97f264aa44d4b06f733058da59,94.99,76.63,23.37,Regular Customer,Regular Marketing,38.67,53.85,23.37,Loyal Stage
7516451d834b1d3806ca8ad6640d40eb,105.0,76.17,23.83,Regular Customer,Regular Marketing,38.48,53.56,23.83,Loyal Stage
752ea7a0315f9117021ee1d6df7e8821,139.9,76.54,23.46,VIP Customer,VIP Loyalty Benefits,38.79,53.89,23.46,Loyal Stage
7539138e26d0cb7e38835cc7b00f56a2,0.0,76.07,23.93,Regular Customer,Regular Marketing,38.03,53.25,23.93,Loyal Stage
753e0db552dae3b85fa02153705d95cf,99.0,76.22,23.78,Regular Customer,Regular Marketing,38.48,53.58,23.78,Loyal Stage
754930beac1344cef117a650a010e18e,95.0,75.54,24.46,Regular Customer,Regular Marketing,38.12,53.09,24.46,Loyal Stage
755751fa93cd2d53adcd3f55b2fcab3a,179.9,77.32,22.68,VIP Customer,VIP Loyalty Benefits,39.33,54.53,22.68,Loyal Stage
756056dc496b52935b053a6f0d02c68f,0.0,76.95,23.05,Regular Customer,Regular Marketing,38.48,53.87,23.05,Loyal Stage
757519460c88ffb15a5285978195557e,39.0,75.56,24.44,Regular Customer,Regular Marketing,37.93,52.98,24.44,Loyal Stage
7580e539c3d74ce5ff3946877db01dd2,0.0,76.69,23.31,Regular Customer,Regular Marketing,38.34,53.68,23.31,Loyal Stage
758f3208e28e4a1f4b969dab621dd82c,46.9,76.5,23.5,Regular Customer,Regular Marketing,38.42,53.65,23.5,Loyal Stage
7599f84d293b7883666925869a5b5d4c,0.0,75.76,24.24,Regular Customer,Regular Marketing,37.88,53.03,24.24,Loyal Stage
75ac1e377342a28517b8d98af5f0b1e4,0.0,76.33,23.67,Regular Customer,Regular Marketing,38.16,53.43,23.67,Loyal Stage
75b6bb1b9c8a759302a3585e10c9f3d9,57.26,76.15,23.85,Regular Customer,Regular Marketing,38.29,53.43,23.85,Loyal Stage
75cb7567a565c49238a598788d9560c6,230.0,76.98,23.02,VIP Customer,VIP Loyalty Benefits,39.35,54.4,23.02,Loyal Stage
75ce5b46b7e55b267e26f126683b8d28,0.0,75.65,24.35,Regular Customer,Regular Marketing,37.83,52.96,24.35,Loyal Stage
75d441e15d55741e935e018e42adca06,87.89,76.46,23.54,Regular Customer,Regular Marketing,38.56,53.72,23.54,Loyal Stage
75d884bcca2e43a850f7abff664a9ebf,118.7,75.78,24.22,Regular Customer,Regular Marketing,38.33,53.31,24.22,Loyal Stage
75db9a792bb0c4ef4858e3db3f1f42c5,57.99,76.88,23.12,Regular Customer,Regular Marketing,38.66,53.95,23.12,Loyal Stage
75eacb17f5ef482c37c7b7903f014ece,298.9,76.56,23.44,VIP Customer,VIP Loyalty Benefits,39.39,54.26,23.44,Loyal Stage
75ecead8782ef6730e1f7e51f7052f75,57.78,76.41,23.59,Regular Customer,Regular Marketing,38.42,53.62,23.59,Loyal Stage
760c47f803bf55ae0415c56179c515f0,127.96,75.89,24.11,Regular Customer,Regular Marketing,38.42,53.41,24.11,Loyal Stage
7611dc15468ce938cb03585bf51faad8,174.99,76.54,23.46,VIP Customer,VIP Loyalty Benefits,38.92,53.97,23.46,Loyal Stage
763c8b1c9c68a0229c42c9fc6f662b93,7160.0,45.74,54.26,VIP Customer,VIP Loyalty Benefits,49.51,48.0,54.26,Declining Stage
765a9027d2ee6f5151e958a3da143286,119.99,75.57,24.43,Regular Customer,Regular Marketing,38.23,53.17,24.43,Loyal Stage
765b26fd3ca647226b284fd82c00d0c7,0.0,75.34,24.66,Regular Customer,Regular Marketing,37.67,52.74,24.66,Loyal Stage
765f7f06179162cdb176930def20f825,0.0,77.1,22.9,Regular Customer,Regular Marketing,38.55,53.97,22.9,Loyal Stage
7660a232556d0dde39c89c1cc9efda8b,0.0,76.69,23.31,Regular Customer,Regular Marketing,38.34,53.68,23.31,Loyal Stage
76706f48b50836d776734fabb149cb4b,59.54,75.54,24.46,Regular Customer,Regular Marketing,37.99,53.01,24.46,Loyal Stage
767bea758a58d2b420ffbf1eef7f5751,12.5,76.97,23.03,Regular Customer,Regular Marketing,38.53,53.91,23.03,Loyal Stage
76a99432e54f558a374707afa8385c87,155.0,76.66,23.34,VIP Customer,VIP Loyalty Benefits,38.91,54.01,23.34,Loyal Stage
76ad0d32f1eb7f899d6ff2807e4482a1,36.9,76.12,23.88,Regular Customer,Regular Marketing,38.2,53.37,23.88,Loyal Stage
76bd899b33276be987ec91428191aa77,35.9,75.5,24.5,Regular Customer,Regular Marketing,37.88,52.93,24.5,Loyal Stage
76cb203c679bde2016c546ea884c0460,64.0,76.63,23.37,Regular Customer,Regular Marketing,38.55,53.78,23.37,Loyal Stage
76d6c7ba0dd378d0481c5d066fc86d23,32.0,77.2,22.8,Regular Customer,Regular Marketing,38.72,54.11,22.8,Loyal Stage
76d8a7cc837890edbf3b7b2d0b09064e,21.9,76.98,23.02,Regular Customer,Regular Marketing,38.57,53.93,23.02,Loyal Stage
76dbd05cdab2c1e8f6db5de719eb2838,0.0,76.95,23.05,Regular Customer,Regular Marketing,38.48,53.87,23.05,Loyal Stage
76e5f3bca2b1f5c510c41563c2ea31a4,34.0,78.13,21.87,Regular Customer,Regular Marketing,39.19,54.77,21.87,Loyal Stage
76e65678e8bbb313461fb19a6d2c97ee,149.0,76.03,23.97,VIP Customer,VIP Loyalty Benefits,38.57,53.55,23.97,Loyal Stage
76f5ea09f4861f3b8d672a7870a83c3c,189.0,76.71,23.29,VIP Customer,VIP Loyalty Benefits,39.06,54.12,23.29,Loyal Stage
76fd1df54cf7752d829f556f5e5d1827,124.0,75.68,24.32,Regular Customer,Regular Marketing,38.3,53.25,24.32,Loyal Stage
7704b4ee92be4fc9b92ec80163c45272,36.99,77.11,22.89,Regular Customer,Regular Marketing,38.69,54.06,22.89,Loyal Stage
771b1df4a321aba7a8b8c5e519bb88af,40.0,76.18,23.82,Regular Customer,Regular Marketing,38.24,53.42,23.82,Loyal Stage
771d104f829fafdfde8f4f1950002860,26.0,76.62,23.38,Regular Customer,Regular Marketing,38.41,53.69,23.38,Loyal Stage
7723fec2b74dba644d7e063a9ed5a3c8,29.99,76.42,23.58,Regular Customer,Regular Marketing,38.32,53.56,23.58,Loyal Stage
7728b30e6e69efce169e6ab19f341c66,249.9,77.06,22.94,VIP Customer,VIP Loyalty Benefits,39.46,54.5,22.94,Loyal Stage
7731ae42cc6ac3f3813e6e4aced32258,229.0,76.77,23.23,VIP Customer,VIP Loyalty Benefits,39.24,54.25,23.23,Loyal Stage
7732a45632157fea201d2d4b417a1354,0.0,76.84,23.16,Regular Customer,Regular Marketing,38.42,53.79,23.16,Loyal Stage
7732ee57ffb624c39ed389678618f5c1,0.0,76.22,23.78,Regular Customer,Regular Marketing,38.11,53.35,23.78,Loyal Stage
77338b259868d54b539b0296b01fc635,22.6,77.39,22.61,Regular Customer,Regular Marketing,38.78,54.22,22.61,Loyal Stage
773427e58e9396f234a16271a8fa4947,375.9,77.76,22.24,VIP Customer,VIP Loyalty Benefits,40.28,55.27,22.24,Loyal Stage
77367b6fbb034ca710d4f41aad009151,59.9,77.5,22.5,Regular Customer,Regular Marketing,38.97,54.38,22.5,Loyal Stage
7738c1fd7e3b64b02ebac8389f1f3b54,54.99,76.51,23.49,Regular Customer,Regular Marketing,38.46,53.68,23.49,Loyal Stage
773be09978771b203928da3b2091ec2d,95.8,76.11,23.89,Regular Customer,Regular Marketing,38.41,53.49,23.89,Loyal Stage
773f7afc109782abc1bb001faaf4c5fc,185.0,75.67,24.33,VIP Customer,VIP Loyalty Benefits,38.52,53.38,24.33,Loyal Stage
77510a8b11f62c910ac832b7d8f70dd7,0.0,76.17,23.83,Regular Customer,Regular Marketing,38.08,53.32,23.83,Loyal Stage
775d0889568d2ab623769e6f242f9387,0.0,76.28,23.72,Regular Customer,Regular Marketing,38.14,53.4,23.72,Loyal Stage
776970bb01d9a481a0a09d0db9453d5f,17.49,76.71,23.29,Regular Customer,Regular Marketing,38.42,53.74,23.29,Loyal Stage
7769dfedcf8ad724f8c13775f64f2e0f,51.0,76.45,23.55,Regular Customer,Regular Marketing,38.41,53.63,23.55,Loyal Stage
776ec4e57febe32c0cb38c8122b7a832,60.0,75.9,24.1,Regular Customer,Regular Marketing,38.17,53.26,24.1,Loyal Stage
7776df56786edf5e0f5cdb708d07ad97,253.98,76.6,23.4,VIP Customer,VIP Loyalty Benefits,39.24,54.18,23.4,Loyal Stage
77807178e3955a3352d9e7101cceb07f,95.1,76.42,23.58,Regular Customer,Regular Marketing,38.56,53.7,23.58,Loyal Stage
7790c5e57083e41620d71f9824c64eca,250.0,77.06,22.94,VIP Customer,VIP Loyalty Benefits,39.46,54.5,22.94,Loyal Stage
7794b57f872f890cdfdc0787ae708591,115.9,76.24,23.76,Regular Customer,Regular Marketing,38.55,53.63,23.76,Loyal Stage
77ae8593ddc144fec682767757867975,58.99,76.26,23.74,Regular Customer,Regular Marketing,38.35,53.51,23.74,Loyal Stage
77b32e765fd8cdded5c63bcb0ff889a4,81.9,76.29,23.71,Regular Customer,Regular Marketing,38.45,53.59,23.71,Loyal Stage
77bef31f6f788d1649b8b918295c738c,209.9,75.91,24.09,VIP Customer,VIP Loyalty Benefits,38.74,53.61,24.09,Loyal Stage
77c06511f1821d4952a692985b9d88b8,84.2,76.3,23.7,Regular Customer,Regular Marketing,38.46,53.6,23.7,Loyal Stage
77c1de9fc5e7838eeed8e2b258db2e20,17.19,76.35,23.65,Regular Customer,Regular Marketing,38.24,53.48,23.65,Loyal Stage
77c50c34a4e15bbf8adeeb6de222f7f5,119.9,75.93,24.07,Regular Customer,Regular Marketing,38.41,53.42,24.07,Loyal Stage
77cb7e6834fcba5aedaa7c92d17504e2,29.8,75.44,24.56,Regular Customer,Regular Marketing,37.83,52.87,24.56,Loyal Stage
77d9cb30f296c026560aa40dca3b2ea2,95.0,75.79,24.21,Regular Customer,Regular Marketing,38.25,53.27,24.21,Loyal Stage
77e4a907ae533160f3e5220d9d9084e9,127.5,76.31,23.69,Regular Customer,Regular Marketing,38.63,53.7,23.69,Loyal Stage
780344d838da47df96160e0d99bfccdd,43.5,77.12,22.88,Regular Customer,Regular Marketing,38.72,54.08,22.88,Loyal Stage
78074258b634884e20542b012106c6df,179.9,75.87,24.13,VIP Customer,VIP Loyalty Benefits,38.6,53.51,24.13,Loyal Stage
78130fb0014a1ecce98e7faa41b6f06e,150.0,75.57,24.43,VIP Customer,VIP Loyalty Benefits,38.34,53.23,24.43,Loyal Stage
7813baf15c79ddb88f8908b2f9c34417,49.9,75.99,24.01,Regular Customer,Regular Marketing,38.18,53.3,24.01,Loyal Stage
78166e035051f0332e453bd9f28b6879,450.0,77.05,22.95,VIP Customer,VIP Loyalty Benefits,40.2,54.94,22.95,Loyal Stage
781b5890a0c5604582557e2125b42ada,139.9,77.46,22.54,VIP Customer,VIP Loyalty Benefits,39.25,54.53,22.54,Loyal Stage
781c7fbc90131602c73f721c69de73f2,66.99,76.48,23.52,Regular Customer,Regular Marketing,38.49,53.69,23.52,Loyal Stage
782192ec1b37a38c2cbcb0b1c99d87a7,19.9,75.53,24.47,Regular Customer,Regular Marketing,37.84,52.92,24.47,Loyal Stage
78226cd13665e08ed26c983b0d81f4e4,357.0,76.81,23.19,VIP Customer,VIP Loyalty Benefits,39.73,54.56,23.19,Loyal Stage
78275e95a4296105923051e0ad4577b3,749.0,77.39,22.61,VIP Customer,VIP Loyalty Benefits,41.48,55.84,22.61,Loyal Stage
782d02779fa7cf0981341f04323c41f0,55.0,77.13,22.87,Regular Customer,Regular Marketing,38.77,54.11,22.87,Loyal Stage
782dd69026a466a6c503fd586757337d,0.0,75.55,24.45,Regular Customer,Regular Marketing,37.78,52.89,24.45,Loyal Stage
7834dc05d682d73517451bc1655add08,129.9,75.85,24.15,Regular Customer,Regular Marketing,38.41,53.39,24.15,Loyal Stage
7839f50558d5b6c21331887939c0f414,289.0,77.38,22.62,VIP Customer,VIP Loyalty Benefits,39.77,54.81,22.62,Loyal Stage
7849336c1b7785f258ffef06aedbd216,537.5,75.8,24.2,VIP Customer,VIP Loyalty Benefits,39.9,54.26,24.2,Loyal Stage
784cb4bb6f10b1951129e20b3e0ae20b,82.49,77.12,22.88,Regular Customer,Regular Marketing,38.87,54.17,22.88,Loyal Stage
785350657e82cd7e13ba1e6a82bb62ab,17.9,76.25,23.75,Regular Customer,Regular Marketing,38.19,53.41,23.75,Loyal Stage
787c21e4ce93962bb809fbd0209d7d36,20.49,76.77,23.23,Regular Customer,Regular Marketing,38.46,53.78,23.23,Loyal Stage
787dbbc5b0dc8c8e599f1c4806da4f71,0.0,76.53,23.47,Regular Customer,Regular Marketing,38.26,53.57,23.47,Loyal Stage
788ced55a1e6f66effe1f65b87810d45,0.0,76.69,23.31,Regular Customer,Regular Marketing,38.34,53.68,23.31,Loyal Stage
788d483ddbc76600203293f71d1d0672,0.0,76.02,23.98,Regular Customer,Regular Marketing,38.01,53.21,23.98,Loyal Stage
78911f9f3ff8b99a272b39a458a9120b,15.0,76.97,23.03,Regular Customer,Regular Marketing,38.54,53.91,23.03,Loyal Stage
789f16b677c23651a377bfb4c2ac3e88,159.9,76.31,23.69,VIP Customer,VIP Loyalty Benefits,38.75,53.77,23.69,Loyal Stage
78b2443c711ce5237112525cadcb4783,169.99,75.7,24.3,VIP Customer,VIP Loyalty Benefits,38.48,53.37,24.3,Loyal Stage
78b76655676933803baa26f6e09a8ed6,42.0,76.7,23.3,Regular Customer,Regular Marketing,38.51,53.79,23.3,Loyal Stage
78bef0347251a744f11157bb3cf07471,30.0,77.04,22.96,Regular Customer,Regular Marketing,38.63,53.99,22.96,Loyal Stage
78c390345260ecfb2b8e07b6bb64fe29,399.0,76.45,23.55,VIP Customer,VIP Loyalty Benefits,39.71,54.41,23.55,Loyal Stage
78d1762e8291fc6ea2ce82c42055b78a,85.99,76.61,23.39,Regular Customer,Regular Marketing,38.62,53.82,23.39,Loyal Stage
78d3be2196c6ca18956e9979b2f595e4,54.99,75.94,24.06,Regular Customer,Regular Marketing,38.17,53.28,24.06,Loyal Stage
78d500411f37b330a860dad74fb8751b,39.9,75.61,24.39,Regular Customer,Regular Marketing,37.95,53.01,24.39,Loyal Stage
78e0b35105bce7cc43ea81a4bbe7be3e,79.8,77.17,22.83,Regular Customer,Regular Marketing,38.88,54.2,22.83,Loyal Stage
78e3d4cd1f3d3d98ed1e2a82359243fa,59.0,77.09,22.91,Regular Customer,Regular Marketing,38.76,54.09,22.91,Loyal Stage
78f3629c3005c8f367f6187ac9f99472,161.0,76.52,23.48,VIP Customer,VIP Loyalty Benefits,38.86,53.92,23.48,Loyal Stage
78f899779d5eb5ea8554d6f21e1d1c9f,99.9,76.01,23.99,Regular Customer,Regular Marketing,38.38,53.43,23.99,Loyal Stage
78fab739f967caf7f60c97a320f23261,38.0,75.92,24.08,Regular Customer,Regular Marketing,38.1,53.23,24.08,Loyal Stage
7900a56ab4c87791be283411b519a9a0,119.0,77.43,22.57,Regular Customer,Regular Marketing,39.16,54.47,22.57,Loyal Stage
79066fb583868e4fdd17fc83a96db5e8,104.0,77.21,22.79,Regular Customer,Regular Marketing,38.99,54.28,22.79,Loyal Stage
790982964ea7e540a4b70e6b505cf90d,29.9,75.85,24.15,Regular Customer,Regular Marketing,38.04,53.16,24.15,Loyal Stage
7910ceff3751cb10f8d0d1d663784fa2,0.0,75.86,24.14,Regular Customer,Regular Marketing,37.93,53.1,24.14,Loyal Stage
79187a54df6ac88e07ae63368b67c771,149.0,77.27,22.73,VIP Customer,VIP Loyalty Benefits,39.19,54.42,22.73,Loyal Stage
791f2253e254ec795277b1effec927c6,99.0,76.06,23.94,Regular Customer,Regular Marketing,38.4,53.46,23.94,Loyal Stage
792147c07e9f17ec90a0f87ad9304438,95.34,76.16,23.84,Regular Customer,Regular Marketing,38.43,53.52,23.84,Loyal Stage
7921531d800b80f9bdcc78c66d088537,0.0,75.5,24.5,Regular Customer,Regular Marketing,37.75,52.85,24.5,Loyal Stage
7934187db6e4477f02fa27ba1b764465,0.0,76.58,23.42,Regular Customer,Regular Marketing,38.29,53.61,23.42,Loyal Stage
7938014a27f5b340a0b4dc85e031ad36,0.0,77.05,22.95,Regular Customer,Regular Marketing,38.52,53.93,22.95,Loyal Stage
794a542461efefc5e9f0aed3254cbba0,0.0,75.4,24.6,Regular Customer,Regular Marketing,37.7,52.78,24.6,Loyal Stage
794c2d52792f8edb79ed1225a9afb1a5,158.9,75.78,24.22,VIP Customer,VIP Loyalty Benefits,38.48,53.4,24.22,Loyal Stage
79508a74919b6f31fedae6afd1323c6f,53.76,76.56,23.44,Regular Customer,Regular Marketing,38.48,53.71,23.44,Loyal Stage
7955f38fdbf226214308c5fd11bf43b6,101.0,76.27,23.73,Regular Customer,Regular Marketing,38.51,53.61,23.73,Loyal Stage
79562ecc27202f3eb4722d854306c3a1,148.5,75.87,24.13,VIP Customer,VIP Loyalty Benefits,38.49,53.44,24.13,Loyal Stage
795c1622cf7a53d63d324e862349d01c,161.4,76.08,23.92,VIP Customer,VIP Loyalty Benefits,38.64,53.62,23.92,Loyal Stage
79600d089f870e1787795b429b5be3c5,339.9,77.09,22.91,VIP Customer,VIP Loyalty Benefits,39.81,54.72,22.91,Loyal Stage
7968b545ea270ae70c1cc36570eeaf93,71.4,76.48,23.52,Regular Customer,Regular Marketing,38.51,53.7,23.52,Loyal Stage
796bcd966e5d0272abe040712ca6034f,129.0,77.3,22.7,Regular Customer,Regular Marketing,39.13,54.4,22.7,Loyal Stage
796cfb26da26a83ab0809f40903e1ae2,0.0,77.2,22.8,Regular Customer,Regular Marketing,38.6,54.04,22.8,Loyal Stage
796e54b703cc908357f50ae5cd70072b,26.88,76.42,23.58,Regular Customer,Regular Marketing,38.31,53.55,23.58,Loyal Stage
7971eb2f207598bc37e1cd44a7d8dddc,29.99,76.63,23.37,Regular Customer,Regular Marketing,38.43,53.71,23.37,Loyal Stage
7995500ad11496d8d7686bf3381d3f86,364.0,76.14,23.86,VIP Customer,VIP Loyalty Benefits,39.42,54.11,23.86,Loyal Stage
79990f52533d7cc779cc7fe75c73369e,45.0,76.75,23.25,Regular Customer,Regular Marketing,38.54,53.82,23.25,Loyal Stage
79a0b307b44974216a780af39a34ff31,0.0,75.55,24.45,Regular Customer,Regular Marketing,37.78,52.89,24.45,Loyal Stage
79a0f98ef4cdf14d8fa7305febafe5b4,179.9,76.44,23.56,VIP Customer,VIP Loyalty Benefits,38.89,53.91,23.56,Loyal Stage
79a34be4a92fc400b28527551f595339,24.9,75.95,24.05,Regular Customer,Regular Marketing,38.07,53.22,24.05,Loyal Stage
79a515575bfb55b9ab59c9595df5cf8b,259.99,76.87,23.13,VIP Customer,VIP Loyalty Benefits,39.4,54.39,23.13,Loyal Stage
79ae72fd0b476edd6a6d4c7ebf329b4c,90.0,75.58,24.42,Regular Customer,Regular Marketing,38.12,53.1,24.42,Loyal Stage
79b02568421e994e50334a23d009480d,48.9,76.81,23.19,Regular Customer,Regular Marketing,38.59,53.88,23.19,Loyal Stage
79b39409c0cc6951d0a01b6c4ac1a328,0.0,75.45,24.55,Regular Customer,Regular Marketing,37.72,52.81,24.55,Loyal Stage
79cb10643c4c675f8b4ec966ebbd14db,44.9,76.86,23.14,Regular Customer,Regular Marketing,38.6,53.9,23.14,Loyal Stage
79cf3ce992d319c1037e32e9f1235b06,140.0,76.95,23.05,VIP Customer,VIP Loyalty Benefits,39.0,54.18,23.05,Loyal Stage
79d38893c966642b3c3ff1fe02d76552,209.0,75.91,24.09,VIP Customer,VIP Loyalty Benefits,38.73,53.6,24.09,Loyal Stage
79dbcd2f36ded23128f0fb765613f137,99.9,76.11,23.89,Regular Customer,Regular Marketing,38.43,53.5,23.89,Loyal Stage
79e12483f9b14c3254db94bd137a4b70,1349.0,78.28,21.72,VIP Customer,VIP Loyalty Benefits,44.16,57.81,21.72,Loyal Stage
79e202e98dce01ba48c18f48d22cf789,15.19,75.83,24.17,Regular Customer,Regular Marketing,37.97,53.11,24.17,Loyal Stage
7a0f2eaff476686b9422b91874e1aef2,179.9,76.39,23.61,VIP Customer,VIP Loyalty Benefits,38.86,53.87,23.61,Loyal Stage
7a372481bc2f6b080c0c860d6836b39b,116.9,76.76,23.24,Regular Customer,Regular Marketing,38.81,53.99,23.24,Loyal Stage
7a40f23f1fdc4704605cc6db0d4f160b,65.98,76.11,23.89,Regular Customer,Regular Marketing,38.3,53.42,23.89,Loyal Stage
7a43b10aeea933161f61890f838d1cef,103.6,76.38,23.62,Regular Customer,Regular Marketing,38.58,53.7,23.62,Loyal Stage
7a4593fd994912c840cf26a0ded104be,14.9,75.99,24.01,Regular Customer,Regular Marketing,38.05,53.23,24.01,Loyal Stage
7a4c7a21fd3aad6cc3dbffa5743d7b70,198.9,75.9,24.1,VIP Customer,VIP Loyalty Benefits,38.69,53.57,24.1,Loyal Stage
7a59e6b746e01c279424d73675d3fe8b,146.0,76.96,23.04,VIP Customer,VIP Loyalty Benefits,39.02,54.2,23.04,Loyal Stage
7a68b1b6ab4a97ee02ed9c44152f5801,109.9,76.8,23.2,Regular Customer,Regular Marketing,38.81,54.01,23.2,Loyal Stage
7a719658eed0828e426754ed3aa9eb2d,35.0,77.2,22.8,Regular Customer,Regular Marketing,38.73,54.12,22.8,Loyal Stage
7a7624599a4cb965bc69cd179b850be2,0.0,77.15,22.85,Regular Customer,Regular Marketing,38.58,54.01,22.85,Loyal Stage
7a774055fedca2666e77244c5e50368f,31.0,76.47,23.53,Regular Customer,Regular Marketing,38.35,53.6,23.53,Loyal Stage
7a921def610c60bdb6f6a13ecc2271c3,129.9,75.64,24.36,Regular Customer,Regular Marketing,38.3,53.24,24.36,Loyal Stage
7a9f8489e96f0c53f32c8bf362bf4ed2,87.99,76.41,23.59,Regular Customer,Regular Marketing,38.53,53.68,23.59,Loyal Stage
7aa39b5004216556ea3013c7ae23ba40,51.9,76.71,23.29,Regular Customer,Regular Marketing,38.55,53.81,23.29,Loyal Stage
7ab3a0a367344e6c8143e3313986ad49,49.9,75.78,24.22,Regular Customer,Regular Marketing,38.08,53.16,24.22,Loyal Stage
7ab630d037f2c14955a4b06d272501e3,149.9,76.6,23.4,VIP Customer,VIP Loyalty Benefits,38.86,53.96,23.4,Loyal Stage
7abc460d8f4c676d83f188aa7f9a21b7,36.9,77.36,22.64,Regular Customer,Regular Marketing,38.82,54.24,22.64,Loyal Stage
7abf67f973d56cc3fc6d993a715dd3ee,108.7,76.23,23.77,Regular Customer,Regular Marketing,38.52,53.6,23.77,Loyal Stage
7ac3ad93a1f5beab2a96084f6f0dad4d,0.0,76.95,23.05,Regular Customer,Regular Marketing,38.48,53.87,23.05,Loyal Stage
7ac70e85ee5c115fca1147ee0f59616e,40.0,75.0,25.0,Regular Customer,Regular Marketing,37.65,52.59,25.0,Loyal Stage
7ad04c71bfca958e6f2ec44bce34e2da,345.0,77.46,22.54,VIP Customer,VIP Loyalty Benefits,40.01,54.99,22.54,Loyal Stage
7ade0a53f402457e6553c68ee945cfef,78.9,76.81,23.19,Regular Customer,Regular Marketing,38.7,53.94,23.19,Loyal Stage
7ae0d12487db80163fd8a2c7506ac52f,39.9,76.49,23.51,Regular Customer,Regular Marketing,38.39,53.63,23.51,Loyal Stage
7ae91d0327fb06c557aaa56c16409150,69.99,75.96,24.04,Regular Customer,Regular Marketing,38.24,53.33,24.04,Loyal Stage
7aeb8dc11cd50c32f37fea0435c4e9b1,27.72,77.19,22.81,Regular Customer,Regular Marketing,38.7,54.1,22.81,Loyal Stage
7aebb923329b1d8eda1290f37b56564d,35.0,76.28,23.72,Regular Customer,Regular Marketing,38.27,53.47,23.72,Loyal Stage
7af162f1dd9504838abdf4a5e225701b,0.0,76.38,23.62,Regular Customer,Regular Marketing,38.19,53.47,23.62,Loyal Stage
7af5f8dedeb7639610202d270fad5a5c,59.9,76.31,23.69,Regular Customer,Regular Marketing,38.38,53.55,23.69,Loyal Stage
7b03054b90e1c46360273803ece62706,229.99,76.41,23.59,VIP Customer,VIP Loyalty Benefits,39.06,54.0,23.59,Loyal Stage
7b05e0471103ce0ef346e87c357273fe,54.9,75.79,24.21,Regular Customer,Regular Marketing,38.1,53.18,24.21,Loyal Stage
7b0662b2bc6c7ed0097a51f9aefb376a,0.0,75.45,24.55,Regular Customer,Regular Marketing,37.72,52.81,24.55,Loyal Stage
7b09482951912a5fb582aa19d353cfe3,49.0,75.42,24.58,Regular Customer,Regular Marketing,37.89,52.9,24.58,Loyal Stage
7b0b4da90f4fb19fe03e9c846c77c7e6,49.9,76.71,23.29,Regular Customer,Regular Marketing,38.54,53.81,23.29,Loyal Stage
7b2112b44bcd0be24a0ae321f3e6f532,298.0,75.84,24.16,VIP Customer,VIP Loyalty Benefits,39.03,53.75,24.16,Loyal Stage
7b2bcec826f9d8f92176ff06dbe62c5c,0.0,75.96,24.04,Regular Customer,Regular Marketing,37.98,53.17,24.04,Loyal Stage
7b2c49e67ec236216ca7fd41b48de652,297.0,75.84,24.16,VIP Customer,VIP Loyalty Benefits,39.02,53.75,24.16,Loyal Stage
7b3303f316a91c177cf7c00df7b1f265,149.99,76.91,23.09,VIP Customer,VIP Loyalty Benefits,39.01,54.17,23.09,Loyal Stage
7b3379048177f789400a420d2d6231b7,79.0,76.91,23.09,Regular Customer,Regular Marketing,38.75,54.01,23.09,Loyal Stage
7b42fe72625f3fcd1d907014be5d8cb0,164.0,76.26,23.74,VIP Customer,VIP Loyalty Benefits,38.74,53.75,23.74,Loyal Stage
7b43527b7822f62357d4461632aa26c7,59.99,75.9,24.1,Regular Customer,Regular Marketing,38.17,53.26,24.1,Loyal Stage
7b5e32f31022d46fd737bf47c0c376bc,295.0,77.02,22.98,VIP Customer,VIP Loyalty Benefits,39.61,54.57,22.98,Loyal Stage
7b7c6a9f85497a476d2276bf12c2a82d,61.4,76.11,23.89,Regular Customer,Regular Marketing,38.28,53.41,23.89,Loyal Stage
7b7d279dcd8c4096df6622f18d344569,151.72,77.23,22.77,VIP Customer,VIP Loyalty Benefits,39.18,54.4,22.77,Loyal Stage
7b850baeeae653a201ad36ba35fb62d0,0.0,75.34,24.66,Regular Customer,Regular Marketing,37.67,52.74,24.66,Loyal Stage
7b988c0649f07c0765b73145fe48c341,0.0,76.58,23.42,Regular Customer,Regular Marketing,38.29,53.61,23.42,Loyal Stage
7ba1117f6db163e3bab9c57f8b2f08a4,29.9,75.9,24.1,Regular Customer,Regular Marketing,38.06,53.2,24.1,Loyal Stage
7ba4e1c44f34ce244666826c869e46f8,22.99,77.03,22.97,Regular Customer,Regular Marketing,38.6,53.97,22.97,Loyal Stage
7ba50edff75214b77f7082278ff258c6,29.9,76.06,23.94,Regular Customer,Regular Marketing,38.14,53.31,23.94,Loyal Stage
7bad183933c2afc589ac4f9e6b2537e1,69.5,75.76,24.24,Regular Customer,Regular Marketing,38.14,53.19,24.24,Loyal Stage
7bb13d6b4074bf6058ea0c8faf957909,22.32,76.26,23.74,Regular Customer,Regular Marketing,38.21,53.43,23.74,Loyal Stage
7bc29f4b393ee06be9dec0116a12b4d2,45.0,76.34,23.66,Regular Customer,Regular Marketing,38.34,53.54,23.66,Loyal Stage
7bc6683e049a0f49bfd194145f0706a8,170.0,75.75,24.25,VIP Customer,VIP Loyalty Benefits,38.51,53.41,24.25,Loyal Stage
7bc9c2bb11da40b84734fa5a4ccc8241,48.89,75.57,24.43,Regular Customer,Regular Marketing,37.97,53.01,24.43,Loyal Stage
7bcbce4f3beaeabbb1207934260de958,14.99,77.23,22.77,Regular Customer,Regular Marketing,38.67,54.09,22.77,Loyal Stage
7bd0f588e7a945f2b1c376079556f871,18.9,76.61,23.39,Regular Customer,Regular Marketing,38.38,53.67,23.39,Loyal Stage
7bdf68ccc25fb82d8fa0dc1b6235cc75,109.0,76.85,23.15,Regular Customer,Regular Marketing,38.83,54.04,23.15,Loyal Stage
7c17fa5b4d1414e4317c736f6b8e1655,49.0,76.92,23.08,Regular Customer,Regular Marketing,38.64,53.95,23.08,Loyal Stage
7c2077547e0d1560517823d9b30315c2,39.5,75.61,24.39,Regular Customer,Regular Marketing,37.95,53.01,24.39,Loyal Stage
7c248affa05f75f235461b8b48444bde,47.9,75.52,24.48,Regular Customer,Regular Marketing,37.94,52.97,24.48,Loyal Stage
7c27d6df62d60292efe98c3b42d00ec0,51.92,76.66,23.34,Regular Customer,Regular Marketing,38.52,53.78,23.34,Loyal Stage
7c30e0700f372e000e2d6c0672ff0fdf,142.0,76.12,23.88,VIP Customer,VIP Loyalty Benefits,38.59,53.6,23.88,Loyal Stage
7c31429c12fa5c7e965792e0b153314f,0.0,76.17,23.83,Regular Customer,Regular Marketing,38.08,53.32,23.83,Loyal Stage
7c339b45e5971d4e6b60e93ab4fade02,309.9,77.05,22.95,VIP Customer,VIP Loyalty Benefits,39.68,54.63,22.95,Loyal Stage
7c33d5f23520e688ccef0874ae9770a9,139.98,76.12,23.88,VIP Customer,VIP Loyalty Benefits,38.58,53.6,23.88,Loyal Stage
7c3de819c5c8202f72ba56ff8f51ae39,0.0,76.95,23.05,Regular Customer,Regular Marketing,38.48,53.87,23.05,Loyal Stage
7c4b027ac052ab1d1ad320aa83ad743e,0.0,76.38,23.62,Regular Customer,Regular Marketing,38.19,53.47,23.62,Loyal Stage
7c534bad6850d94161a9cf12e8171339,122.99,76.98,23.02,Regular Customer,Regular Marketing,38.95,54.16,23.02,Loyal Stage
7c539e737a76fee1efafa00b105ab6d7,199.0,76.78,23.22,VIP Customer,VIP Loyalty Benefits,39.13,54.19,23.22,Loyal Stage
7c588c097689b0b77fd73d171332b0ba,98.9,75.49,24.51,Regular Customer,Regular Marketing,38.11,53.06,24.51,Loyal Stage
7c5cd64106c9160122fd28b026cec28b,60.0,76.78,23.22,Regular Customer,Regular Marketing,38.61,53.88,23.22,Loyal Stage
7c61df63da03abb1153e68b3bf758f0e,12.88,77.33,22.67,Regular Customer,Regular Marketing,38.71,54.16,22.67,Loyal Stage
7c6494d4a4bee05409aef014c1e16300,120.0,77.23,22.77,Regular Customer,Regular Marketing,39.06,54.33,22.77,Loyal Stage
7c675c73c913ef2bc355178d845e7209,548.0,77.97,22.03,VIP Customer,VIP Loyalty Benefits,41.02,55.8,22.03,Loyal Stage
7c7bfb401444a00bbde18756aba06ee4,65.0,75.64,24.36,Regular Customer,Regular Marketing,38.06,53.09,24.36,Loyal Stage
7c8284fefd28c44e2fe71c9c7bef64d3,229.9,76.62,23.38,VIP Customer,VIP Loyalty Benefits,39.17,54.15,23.38,Loyal Stage
7c9f20c08a4bc9d2e7337e87e29de2f2,129.9,76.26,23.74,Regular Customer,Regular Marketing,38.61,53.67,23.74,Loyal Stage
7cb70acedde27a8e2356536f641df7d8,0.0,75.91,24.09,Regular Customer,Regular Marketing,37.96,53.14,24.09,Loyal Stage
7cc360c518a120c158ddf65744f263ff,27.99,76.47,23.53,Regular Customer,Regular Marketing,38.34,53.59,23.53,Loyal Stage
7cc7d622f03de2065576bc49db8a72d0,980.0,78.04,21.96,VIP Customer,VIP Loyalty Benefits,42.67,56.82,21.96,Loyal Stage
7cca7a0f41853e81cac7f579d77e9b43,121.99,76.15,23.85,Regular Customer,Regular Marketing,38.53,53.58,23.85,Loyal Stage
7cd455c1d71d264771df28ab75c49bde,1245.0,77.87,22.13,VIP Customer,VIP Loyalty Benefits,43.57,57.29,22.13,Loyal Stage
7cdd7f3ca688aee98375ced1d1a86ae2,136.0,76.53,23.47,Regular Customer,Regular Marketing,38.77,53.87,23.47,Loyal Stage
7ce330c8fb25941d71f6484680ca3cfe,179.9,77.01,22.99,VIP Customer,VIP Loyalty Benefits,39.17,54.31,22.99,Loyal Stage
7cea775e5522ca8da1419ef8feea98ee,0.0,76.02,23.98,Regular Customer,Regular Marketing,38.01,53.21,23.98,Loyal Stage
7cecee7f130941c470e112c8c9234e4e,89.9,76.15,23.85,Regular Customer,Regular Marketing,38.41,53.51,23.85,Loyal Stage
7cf08ae31d63eeac393658332093b3ba,119.0,75.83,24.17,Regular Customer,Regular Marketing,38.36,53.35,24.17,Loyal Stage
7d15fd580b793c8ff29e3667ec862df8,84.89,76.5,23.5,Regular Customer,Regular Marketing,38.57,53.74,23.5,Loyal Stage
7d23932bed18bb15fea519d84389c3a3,49.0,75.88,24.12,Regular Customer,Regular Marketing,38.12,53.22,24.12,Loyal Stage
7d2df5c2566f1fa43f9cd060da58e489,64.0,76.63,23.37,Regular Customer,Regular Marketing,38.55,53.78,23.37,Loyal Stage
7d4237ca3e15d16434f782badc94e724,0.0,76.12,23.88,Regular Customer,Regular Marketing,38.06,53.28,23.88,Loyal Stage
7d435b111211b3f34f6995914fdef980,0.0,75.55,24.45,Regular Customer,Regular Marketing,37.78,52.89,24.45,Loyal Stage
7d4df31262dd8ba49ca733793347fae7,55.0,76.67,23.33,Regular Customer,Regular Marketing,38.54,53.79,23.33,Loyal Stage
7d4f2092516e2d6d87f82491164a3609,134.99,77.3,22.7,Regular Customer,Regular Marketing,39.15,54.41,22.7,Loyal Stage
7d61460bf236d1d2b306edb1f93c23fe,44.98,76.29,23.71,Regular Customer,Regular Marketing,38.31,53.5,23.71,Loyal Stage
7d7614482b7a72d2226a280f1d3c180c,39.99,77.11,22.89,Regular Customer,Regular Marketing,38.7,54.06,22.89,Loyal Stage
7d810ed5b79014ca136c273e694b10c2,7.99,75.56,24.44,Regular Customer,Regular Marketing,37.81,52.91,24.44,Loyal Stage
7d87ba0bd6466390cf5d4c9735236086,65.49,76.58,23.42,Regular Customer,Regular Marketing,38.53,53.75,23.42,Loyal Stage
7d89fe793aa164403292b607a6adf735,0.0,76.95,23.05,Regular Customer,Regular Marketing,38.48,53.87,23.05,Loyal Stage
7d974ece7b8826fa4336ead304193584,118.99,77.28,22.72,Regular Customer,Regular Marketing,39.08,54.36,22.72,Loyal Stage
7da070da8d184c584b85225f3c883927,16.9,76.77,23.23,Regular Customer,Regular Marketing,38.45,53.78,23.23,Loyal Stage
7db16fffcf785af3c3a7d5f623d9be65,228.0,75.79,24.21,VIP Customer,VIP Loyalty Benefits,38.74,53.56,24.21,Loyal Stage
7db2ade5a435ecbf6b071a5c4100f63a,19.0,77.08,22.92,Regular Customer,Regular Marketing,38.61,54.0,22.92,Loyal Stage
7db49ae8299963bb5031da6c0c5de8ff,49.0,76.5,23.5,Regular Customer,Regular Marketing,38.43,53.66,23.5,Loyal Stage
7db4ea89b426e5d22106c2084b70667a,0.0,76.48,23.52,Regular Customer,Regular Marketing,38.24,53.54,23.52,Loyal Stage
7dc34cb3fd6dbae23add67e72c735025,122.99,76.77,23.23,Regular Customer,Regular Marketing,38.84,54.01,23.23,Loyal Stage
7dc75818fbd3ceb035fd69cc2aac8b0b,329.9,76.04,23.96,VIP Customer,VIP Loyalty Benefits,39.25,53.97,23.96,Loyal Stage
7dc9f5b742ea9e6e4cff3ca5b1c8a78b,299.0,77.39,22.61,VIP Customer,VIP Loyalty Benefits,39.81,54.84,22.61,Loyal Stage
7dd2e8827e0bb9c6e63127eafc85d9e3,69.9,76.64,23.36,Regular Customer,Regular Marketing,38.58,53.8,23.36,Loyal Stage
7de6d654e4d5b71483c3799468bc27e6,1999.0,78.06,21.94,VIP Customer,VIP Loyalty Benefits,46.47,59.11,21.94,Loyal Stage
7df568d4a7381521c38d7772789c84ff,0.0,76.53,23.47,Regular Customer,Regular Marketing,38.26,53.57,23.47,Loyal Stage
7df86d35dd52ae9901773b858727662e,69.9,76.22,23.78,Regular Customer,Regular Marketing,38.37,53.51,23.78,Loyal Stage
7e16dc849b8d954febd4c2ab9a1b1c60,78.0,75.46,24.54,Regular Customer,Regular Marketing,38.02,53.0,24.54,Loyal Stage
7e18751f9a1a9c1b28daa5f4bad5d162,149.99,76.4,23.6,VIP Customer,VIP Loyalty Benefits,38.76,53.82,23.6,Loyal Stage
7e21c5322ef11a24dfb0f27a2991f4b2,19.9,76.25,23.75,Regular Customer,Regular Marketing,38.2,53.42,23.75,Loyal Stage
7e222c2054b16d50c5c2e746d14dc313,0.0,76.69,23.31,Regular Customer,Regular Marketing,38.34,53.68,23.31,Loyal Stage
7e3b6916cdc9629811177f17f7ab07ce,139.89,77.46,22.54,VIP Customer,VIP Loyalty Benefits,39.25,54.53,22.54,Loyal Stage
7e49d5a69b6825991678c670e495f1b1,96.0,75.59,24.41,Regular Customer,Regular Marketing,38.15,53.13,24.41,Loyal Stage
7e4c4ace1ba6ccf6876543e949c00e62,294.9,76.4,23.6,VIP Customer,VIP Loyalty Benefits,39.3,54.14,23.6,Loyal Stage
7e518b9896c26844bf24c1802c7d8775,100.0,76.27,23.73,Regular Customer,Regular Marketing,38.51,53.61,23.73,Loyal Stage
7e59d854b9bb4cbb2c85fcd93877c694,135.56,76.53,23.47,Regular Customer,Regular Marketing,38.77,53.87,23.47,Loyal Stage
7e5ea35b3b148a29f6ea845f1096757c,126.31,76.88,23.12,Regular Customer,Regular Marketing,38.91,54.1,23.12,Loyal Stage
7e706e55aec816de5d9b8b8799f5aefd,217.9,77.43,22.57,VIP Customer,VIP Loyalty Benefits,39.53,54.69,22.57,Loyal Stage
7e77d2206e1198060426893237e14964,68.5,75.7,24.3,Regular Customer,Regular Marketing,38.1,53.14,24.3,Loyal Stage
7e7d3978df85d18900e2251e7432d532,239.9,76.28,23.72,VIP Customer,VIP Loyalty Benefits,39.03,53.93,23.72,Loyal Stage
7e84cccad8b5b4c96e0c07d28a039abd,21.9,75.48,24.52,Regular Customer,Regular Marketing,37.82,52.88,24.52,Loyal Stage
7ea092b63b0f76aa49ccb5f9524af893,333.8,77.03,22.97,VIP Customer,VIP Loyalty Benefits,39.76,54.67,22.97,Loyal Stage
7eb01375acdb31f459378ee720ab1121,74.99,75.61,24.39,Regular Customer,Regular Marketing,38.08,53.09,24.39,Loyal Stage
7eb01c1ef439cd15ed3a4cc601d15dd8,0.0,75.55,24.45,Regular Customer,Regular Marketing,37.78,52.89,24.45,Loyal Stage
7ec0e18938791c57eb16ad7f03edcc06,0.0,76.69,23.31,Regular Customer,Regular Marketing,38.34,53.68,23.31,Loyal Stage
7ec90d689376a4d8aee359183d6f5b0a,0.0,75.96,24.04,Regular Customer,Regular Marketing,37.98,53.17,24.04,Loyal Stage
7ec962a11b981f234719fd87ba0dff28,29.67,75.64,24.36,Regular Customer,Regular Marketing,37.93,53.01,24.36,Loyal Stage
7ed0ea20347f67fe61d1c99fdf8556ae,74.0,75.66,24.34,Regular Customer,Regular Marketing,38.11,53.13,24.34,Loyal Stage
7edfa2876fa97b99672bc1b31efab6be,27.98,76.01,23.99,Regular Customer,Regular Marketing,38.11,53.27,23.99,Loyal Stage
7ee1d53407ed1c60113953f969f79d28,0.0,76.53,23.47,Regular Customer,Regular Marketing,38.26,53.57,23.47,Loyal Stage
7ef7b38de97c7ed8593b9e6651497213,13.9,76.86,23.14,Regular Customer,Regular Marketing,38.48,53.83,23.14,Loyal Stage
7f1bf15534ff0f39b9a8f072b5b99902,31.78,75.55,24.45,Regular Customer,Regular Marketing,37.89,52.95,24.45,Loyal Stage
7f2b05918dba5f972a8fc8757490bc8a,169.9,75.6,24.4,VIP Customer,VIP Loyalty Benefits,38.43,53.3,24.4,Loyal Stage
7f2dfd48dba158dbf61ba2ea631d93df,58.9,76.1,23.9,Regular Customer,Regular Marketing,38.27,53.4,23.9,Loyal Stage
7f3e8656011a9b8d6c12df5991ca69ff,38.0,75.51,24.49,Regular Customer,Regular Marketing,37.9,52.94,24.49,Loyal Stage
7f4590973f18fe340256da5393d31264,44.9,75.46,24.54,Regular Customer,Regular Marketing,37.9,52.92,24.54,Loyal Stage
7f48c2671dde965a4017d66d1f8ef9b2,0.0,76.95,23.05,Regular Customer,Regular Marketing,38.48,53.87,23.05,Loyal Stage
7f4c1190dffe5dc69870ec021c95b42f,219.99,76.34,23.66,VIP Customer,VIP Loyalty Benefits,38.99,53.93,23.66,Loyal Stage
7f4ecb1b7d84711ba1f4cca0618ba63b,129.98,76.16,23.84,Regular Customer,Regular Marketing,38.56,53.6,23.84,Loyal Stage
7f56ce681ee64c458ef8fa5e8bfaa1f8,0.0,76.84,23.16,Regular Customer,Regular Marketing,38.42,53.79,23.16,Loyal Stage
7f570b7c4a27ab0c22faed8b1f7286e0,296.89,76.87,23.13,VIP Customer,VIP Loyalty Benefits,39.54,54.47,23.13,Loyal Stage
7f5f43a9394964ac51bc5d1e0204ead4,0.0,76.9,23.1,Regular Customer,Regular Marketing,38.45,53.83,23.1,Loyal Stage
7f7023a69e886b0c3fa34ae637315994,57.0,77.24,22.76,Regular Customer,Regular Marketing,38.83,54.19,22.76,Loyal Stage
7f78ef49a3ec6ff5ca63eb05bf82fefc,0.0,76.84,23.16,Regular Customer,Regular Marketing,38.42,53.79,23.16,Loyal Stage
7f8481fbd8e94e2acaa94a33603069e9,0.0,76.07,23.93,Regular Customer,Regular Marketing,38.03,53.25,23.93,Loyal Stage
7f86f5d5351f8924c413e856ffe1a0a9,99.9,76.37,23.63,Regular Customer,Regular Marketing,38.56,53.68,23.63,Loyal Stage
7f8bac457c1d938d234436386853ed53,73.3,76.95,23.05,Regular Customer,Regular Marketing,38.75,54.03,23.05,Loyal Stage
7f989dba6c114e944159f7eb5e42cd73,0.0,76.17,23.83,Regular Customer,Regular Marketing,38.08,53.32,23.83,Loyal Stage
7fa3993251972fc3b3e5f4903bb15f82,32.0,75.91,24.09,Regular Customer,Regular Marketing,38.07,53.21,24.09,Loyal Stage
7fb9799d995f17c3db2652a1adb14e10,39.9,76.44,23.56,Regular Customer,Regular Marketing,38.37,53.6,23.56,Loyal Stage
7fcc165d6ad0d1eba335f8f13181b77b,29.9,76.37,23.63,Regular Customer,Regular Marketing,38.3,53.53,23.63,Loyal Stage
7fd460732747aad1fe20e1049400c03d,181.8,76.29,23.71,VIP Customer,VIP Loyalty Benefits,38.82,53.81,23.71,Loyal Stage
7fde2d6f2cf3c49133b7bdb1a06f6499,24.8,76.72,23.28,Regular Customer,Regular Marketing,38.45,53.76,23.28,Loyal Stage
7fe9cf15cf1de9a6ffb4a9206c6cad29,145.9,75.61,24.39,VIP Customer,VIP Loyalty Benefits,38.35,53.25,24.39,Loyal Stage
7febafa06d9d8f232a900a2937f04338,45.9,77.48,22.52,Regular Customer,Regular Marketing,38.91,54.34,22.52,Loyal Stage
8012cd1b2c99f33fe82d0bf478a9d2ac,27.9,76.06,23.94,Regular Customer,Regular Marketing,38.13,53.3,23.94,Loyal Stage
8020cb61d67a964fdf5f246d5f6cb201,539.8,76.87,23.13,VIP Customer,VIP Loyalty Benefits,40.44,55.01,23.13,Loyal Stage
80223ef359d6c077926ffa46568bec0f,0.0,76.95,23.05,Regular Customer,Regular Marketing,38.48,53.87,23.05,Loyal Stage
8026ec946c27bc09c707cbeedc0ab774,49.99,76.35,23.65,Regular Customer,Regular Marketing,38.36,53.56,23.65,Loyal Stage
80282a1a77281692a0339c2a08d0e6af,74.69999999999999,75.56,24.44,Regular Customer,Regular Marketing,38.06,53.06,24.44,Loyal Stage
803835af9c83a4c9d3c116cd4628de5d,30.0,75.8,24.2,Regular Customer,Regular Marketing,38.01,53.13,24.2,Loyal Stage
8042fad72d0031829f81d15f1b4cca63,56.99,76.15,23.85,Regular Customer,Regular Marketing,38.29,53.43,23.85,Loyal Stage
8047663cc2501e282cbabfca268ecd60,39.99,75.82,24.18,Regular Customer,Regular Marketing,38.06,53.16,24.18,Loyal Stage
8049669c9b8c462504431cb2d0444b03,47.64,75.98,24.02,Regular Customer,Regular Marketing,38.17,53.29,24.02,Loyal Stage
8054a88a9a8d77ac917989011ae4e6f4,75.0,75.61,24.39,Regular Customer,Regular Marketing,38.08,53.09,24.39,Loyal Stage
805ac6dcfedc51e45c96efa8db9bab8e,54.48,76.2,23.8,Regular Customer,Regular Marketing,38.3,53.46,23.8,Loyal Stage
806a6fb487f516c444a869530b6eaa6e,0.0,76.48,23.52,Regular Customer,Regular Marketing,38.24,53.54,23.52,Loyal Stage
807842f72de3de898317fbb8d1942cd0,0.0,75.55,24.45,Regular Customer,Regular Marketing,37.78,52.89,24.45,Loyal Stage
807c1f920ed66cd5304366cf432d11fa,77.9,75.82,24.18,Regular Customer,Regular Marketing,38.2,53.25,24.18,Loyal Stage
80837a2321208eb775854b3ef4a42bfe,95.4,76.21,23.79,Regular Customer,Regular Marketing,38.46,53.56,23.79,Loyal Stage
8092a8fcf8f2bf3d2026175efac28c7b,247.0,76.95,23.05,VIP Customer,VIP Loyalty Benefits,39.39,54.41,23.05,Loyal Stage
8092be8b66d8a7baca53323ce95dad7c,74.99,75.92,24.08,Regular Customer,Regular Marketing,38.24,53.31,24.08,Loyal Stage
80a2bcd9d0fa5395832a6e86e18d7e0d,0.0,75.86,24.14,Regular Customer,Regular Marketing,37.93,53.1,24.14,Loyal Stage
80b5ded033acdf0dbbf95d15d1fd1c19,32.9,75.39,24.61,Regular Customer,Regular Marketing,37.82,52.85,24.61,Loyal Stage
80d1ea0d2b7efed97c0d9f71a5033e7e,24.9,75.49,24.51,Regular Customer,Regular Marketing,37.84,52.9,24.51,Loyal Stage
80d29c5d01827c0bcbbec7dd1f76fd13,123.6,77.08,22.92,Regular Customer,Regular Marketing,39.0,54.23,22.92,Loyal Stage
80d5bfd39be6d50ebffbd997cd3ca1df,65.9,75.8,24.2,Regular Customer,Regular Marketing,38.15,53.21,24.2,Loyal Stage
80d8a69b7c8b84247423da36627c0402,0.0,76.48,23.52,Regular Customer,Regular Marketing,38.24,53.54,23.52,Loyal Stage
8104ecb982dd3732001f64eb7406563c,56.99,76.36,23.64,Regular Customer,Regular Marketing,38.39,53.58,23.64,Loyal Stage
8105a4e993076bcc55ba58303db6b397,110.32,76.39,23.61,Regular Customer,Regular Marketing,38.61,53.72,23.61,Loyal Stage
81098a634d4eab46ab9fbd0df37e52bd,146.01,77.06,22.94,VIP Customer,VIP Loyalty Benefits,39.07,54.27,22.94,Loyal Stage
8117e61e5a8fdc71acf2b0b25cab6b3d,48.9,77.33,22.67,Regular Customer,Regular Marketing,38.85,54.24,22.67,Loyal Stage
8141b3314eae4933d7029781cd8ee1c5,33.9,75.7,24.3,Regular Customer,Regular Marketing,37.98,53.07,24.3,Loyal Stage
81758f3723ad1c3ae56c4819266cb0d6,358.0,76.39,23.61,VIP Customer,VIP Loyalty Benefits,39.53,54.27,23.61,Loyal Stage
818185d870d1943551594b83ec4004ea,0.0,76.53,23.47,Regular Customer,Regular Marketing,38.26,53.57,23.47,Loyal Stage
81920926e32d32a6e32bd6bbe60fe1e9,120.0,76.19,23.81,Regular Customer,Regular Marketing,38.54,53.6,23.81,Loyal Stage
81a42a5e9b85c39c9dcf8087bb3d1341,129.0,75.95,24.05,Regular Customer,Regular Marketing,38.45,53.45,24.05,Loyal Stage
81d1bc1a5a2136671396cb6fa80fb42f,0.0,75.76,24.24,Regular Customer,Regular Marketing,37.88,53.03,24.24,Loyal Stage
81d2923bb77ffedb4cd2f5a5fd4dfa5f,34.99,76.33,23.67,Regular Customer,Regular Marketing,38.3,53.51,23.67,Loyal Stage
81d38e30a3b26a97f159631ecbf52362,69.0,75.6,24.4,Regular Customer,Regular Marketing,38.06,53.08,24.4,Loyal Stage
81de0b5d3753b115f251fe476f3afc9f,527.9,76.8,23.2,VIP Customer,VIP Loyalty Benefits,40.36,54.94,23.2,Loyal Stage
81e4010e03542920c2ed6a9e4e818c5a,15.55,76.1,23.9,Regular Customer,Regular Marketing,38.11,53.31,23.9,Loyal Stage
81e481d14580da9f6a46a942be25a6ff,19.0,76.15,23.85,Regular Customer,Regular Marketing,38.15,53.35,23.85,Loyal Stage
81ed63903142641cd6b9318258281764,38.0,77.06,22.94,Regular Customer,Regular Marketing,38.67,54.03,22.94,Loyal Stage
81f3e3289b23460a82aa60a77017d421,69.99,77.16,22.84,Regular Customer,Regular Marketing,38.84,54.17,22.84,Loyal Stage
820c3c979ae7d6055d37b1a01809fb63,66.99,76.89,23.11,Regular Customer,Regular Marketing,38.69,53.97,23.11,Loyal Stage
820fdd31b7c5630cecb51be081a686ac,174.0,76.33,23.67,VIP Customer,VIP Loyalty Benefits,38.81,53.82,23.67,Loyal Stage
821f08dc4dc701d18c04761ad21a1359,125.0,76.56,23.44,Regular Customer,Regular Marketing,38.75,53.87,23.44,Loyal Stage
823585bcff1523372b59e3feddb376d0,0.0,75.34,24.66,Regular Customer,Regular Marketing,37.67,52.74,24.66,Loyal Stage
82586394e0357210f5182218326d9110,0.0,76.22,23.78,Regular Customer,Regular Marketing,38.11,53.35,23.78,Loyal Stage
826a63183ef3a328f99d54414fe0da55,99.8,77.15,22.85,Regular Customer,Regular Marketing,38.95,54.23,22.85,Loyal Stage
82733a80d34737aa9a9696794feeb841,50.0,76.35,23.65,Regular Customer,Regular Marketing,38.36,53.56,23.65,Loyal Stage
827cb558b8e933df76f80bc47f7e07be,89.99,75.63,24.37,Regular Customer,Regular Marketing,38.15,53.14,24.37,Loyal Stage
82a8c37d57e84d839d4f387111a5bd91,49.0,76.4,23.6,Regular Customer,Regular Marketing,38.38,53.59,23.6,Loyal Stage
82b6d31baa9c3905f4d3a9ec67db715b,129.0,76.47,23.53,Regular Customer,Regular Marketing,38.71,53.81,23.53,Loyal Stage
82b862f7fbe153bcf484ecb0fd37899e,110.32,77.47,22.53,Regular Customer,Regular Marketing,39.15,54.48,22.53,Loyal Stage
82bb804b1ce4844e9fcb9be805767b97,549.1,76.99,23.01,VIP Customer,VIP Loyalty Benefits,40.54,55.12,23.01,Loyal Stage
82c3bf2fecda44c673f7da909fb639cf,0.0,76.58,23.42,Regular Customer,Regular Marketing,38.29,53.61,23.42,Loyal Stage
82c887949254710fd671db2d84d7a220,18.0,76.25,23.75,Regular Customer,Regular Marketing,38.19,53.41,23.75,Loyal Stage
82c973ad1c212a9ecfb6fb8180cb1e75,59.0,77.14,22.86,Regular Customer,Regular Marketing,38.79,54.13,22.86,Loyal Stage
8305beba9229336efc837417f8d659ab,120.0,76.4,23.6,Regular Customer,Regular Marketing,38.65,53.75,23.6,Loyal Stage
830be05486a3cdadc108dc8c434beea3,31.9,76.01,23.99,Regular Customer,Regular Marketing,38.12,53.28,23.99,Loyal Stage
830bfef2c7154008273c7e293965718f,330.0,76.35,23.65,VIP Customer,VIP Loyalty Benefits,39.4,54.18,23.65,Loyal Stage
83176537f63ef9c7510572006c85ac50,712.9,78.47,21.53,VIP Customer,VIP Loyalty Benefits,41.89,56.52,21.53,Loyal Stage
833d0fafdfac39dc21d2f10bb3204121,82.0,76.76,23.24,Regular Customer,Regular Marketing,38.69,53.92,23.24,Loyal Stage
83457c761b6c00823416ee26ae189fc4,94.98,77.19,22.81,Regular Customer,Regular Marketing,38.95,54.25,22.81,Loyal Stage
83511e439930d5ee33c12a4712d1baa3,0.0,75.55,24.45,Regular Customer,Regular Marketing,37.78,52.89,24.45,Loyal Stage
8356af66c0132c203bc366a3d6720ca2,49.0,76.55,23.45,Regular Customer,Regular Marketing,38.46,53.7,23.45,Loyal Stage
8357549278949996c0eb4c8823a64f25,78.8,76.7,23.3,Regular Customer,Regular Marketing,38.64,53.86,23.3,Loyal Stage
8359909e0b1e9f97fca681cddd7eddc1,99.0,75.96,24.04,Regular Customer,Regular Marketing,38.35,53.39,24.04,Loyal Stage
836b2050fa44c82f1e6dadd7a1c9eac8,178.0,76.74,23.26,VIP Customer,VIP Loyalty Benefits,39.03,54.11,23.26,Loyal Stage
83713f647f81aaccd6a0826b0f8d5b93,899.0,77.82,22.18,VIP Customer,VIP Loyalty Benefits,42.25,56.48,22.18,Loyal Stage
8371680538b9d830239c9109814c8ab1,0.0,75.96,24.04,Regular Customer,Regular Marketing,37.98,53.17,24.04,Loyal Stage
837502a03089bd6634038d02e13e828f,49.98,76.45,23.55,Regular Customer,Regular Marketing,38.41,53.63,23.55,Loyal Stage
83777094b4f10f1cd007f58ae73731df,29.99,75.44,24.56,Regular Customer,Regular Marketing,37.83,52.87,24.56,Loyal Stage
8381bb7c1a0fac1247790fff95b56df6,319.5,76.23,23.77,VIP Customer,VIP Loyalty Benefits,39.3,54.07,23.77,Loyal Stage
838220ee1d5eefbc13a167592288f9aa,259.0,77.49,22.51,VIP Customer,VIP Loyalty Benefits,39.71,54.82,22.51,Loyal Stage
83855aa953d1bda3d37b62407695a433,0.0,76.53,23.47,Regular Customer,Regular Marketing,38.26,53.57,23.47,Loyal Stage
83915016a26b0ca42e3caf1070664d1f,18.99,76.2,23.8,Regular Customer,Regular Marketing,38.17,53.38,23.8,Loyal Stage
8399b819867aecaf684401ea850d3105,0.0,76.79,23.21,Regular Customer,Regular Marketing,38.4,53.76,23.21,Loyal Stage
839a04051a2c347397fd425d01fc3eb2,509.7000000000001,77.13,22.87,VIP Customer,VIP Loyalty Benefits,40.46,55.13,22.87,Loyal Stage
839a6a8d2ca0b2ca53770c3b8b0ed8dd,75.0,76.39,23.61,Regular Customer,Regular Marketing,38.47,53.64,23.61,Loyal Stage
839c32321fa84b510637510d32436aff,45.9,75.62,24.38,Regular Customer,Regular Marketing,37.98,53.04,24.38,Loyal Stage
839c363922615cf40c8fe20a1fe505b6,177.67000000000002,75.92,24.08,VIP Customer,VIP Loyalty Benefits,38.62,53.54,24.08,Loyal Stage
83b16f874d0dbf1553a9e556925dcad8,22.98,76.05,23.95,Regular Customer,Regular Marketing,38.11,53.29,23.95,Loyal Stage
83bcfeb972ccaa57c18425b7e67ff5b5,0.0,76.58,23.42,Regular Customer,Regular Marketing,38.29,53.61,23.42,Loyal Stage
83c9cab44e9704290e6302a6a315dfed,219.0,76.55,23.45,VIP Customer,VIP Loyalty Benefits,39.09,54.07,23.45,Loyal Stage
83e196722e24231a97389de0f3d173c3,0.0,75.55,24.45,Regular Customer,Regular Marketing,37.78,52.89,24.45,Loyal Stage
83e8281db92841314f911511c67f6e20,179.9,76.54,23.46,VIP Customer,VIP Loyalty Benefits,38.94,53.98,23.46,Loyal Stage
83ece8f00fe7797a34e553ee79bae30e,31.8,76.84,23.16,Regular Customer,Regular Marketing,38.54,53.86,23.16,Loyal Stage
83f25b5de03e8c151cf79275249643e4,52.99,76.66,23.34,Regular Customer,Regular Marketing,38.53,53.78,23.34,Loyal Stage
8409538dd13716baf525432c99d7fb79,96.99,76.0,24.0,Regular Customer,Regular Marketing,38.36,53.42,24.0,Loyal Stage
841139ef881163411bfa4288167f9ecf,59.99,77.09,22.91,Regular Customer,Regular Marketing,38.77,54.1,22.91,Loyal Stage
841397dd40072d8e2135cb0725d74ad0,201.9,76.37,23.63,VIP Customer,VIP Loyalty Benefits,38.94,53.91,23.63,Loyal Stage
84220a49722bfd4dbbee9b4d13516111,70.0,75.65,24.35,Regular Customer,Regular Marketing,38.09,53.11,24.35,Loyal Stage
84266c22b736615751313a868961abed,159.9,76.1,23.9,VIP Customer,VIP Loyalty Benefits,38.64,53.62,23.9,Loyal Stage
8435a9cfc61e4cc170e657e9bce90f22,118.13,75.78,24.22,Regular Customer,Regular Marketing,38.33,53.31,24.22,Loyal Stage
843807484a792fd1c8623490e3d9f36f,72.9,75.86,24.14,Regular Customer,Regular Marketing,38.2,53.26,24.14,Loyal Stage
8438f60526ce652b4310c9a860b9c218,27.99,76.78,23.22,Regular Customer,Regular Marketing,38.49,53.81,23.22,Loyal Stage
844022059684e7a51ff0a093fc43c33e,28.9,75.8,24.2,Regular Customer,Regular Marketing,38.01,53.13,24.2,Loyal Stage
845029c43770cb4ee07fb474384e6f2e,92.99,75.69,24.31,Regular Customer,Regular Marketing,38.19,53.19,24.31,Loyal Stage
84581bcc9cd2ee220626ca0917b93cc0,149.0,76.75,23.25,VIP Customer,VIP Loyalty Benefits,38.93,54.06,23.25,Loyal Stage
846cc82097677a122b93094e20b421d9,97.5,75.65,24.35,Regular Customer,Regular Marketing,38.19,53.17,24.35,Loyal Stage
8470a01721d0c023de20efdfea0c9b78,0.0,76.43,23.57,Regular Customer,Regular Marketing,38.22,53.5,23.57,Loyal Stage
849438bd973d9af25c6166b85106929d,48.0,77.12,22.88,Regular Customer,Regular Marketing,38.74,54.09,22.88,Loyal Stage
849eefa91907d63e6dcaca86a4de7696,99.9,76.11,23.89,Regular Customer,Regular Marketing,38.43,53.5,23.89,Loyal Stage
84a7bab3a01dd7085bf2b17082e6c8a4,49.98,77.13,22.87,Regular Customer,Regular Marketing,38.75,54.1,22.87,Loyal Stage
84b0fff98a58a5dfa9dfba4a5d42056b,37.99,75.97,24.03,Regular Customer,Regular Marketing,38.13,53.27,24.03,Loyal Stage
84b716b75427a213c1077894e4e97bb8,0.0,75.96,24.04,Regular Customer,Regular Marketing,37.98,53.17,24.04,Loyal Stage
84d416694948fd681e59f5c6fb216999,155.7,77.23,22.77,VIP Customer,VIP Loyalty Benefits,39.19,54.41,22.77,Loyal Stage
84dfd767031aa71218737ef85c85bc12,29.99,76.73,23.27,Regular Customer,Regular Marketing,38.48,53.78,23.27,Loyal Stage
84e037025fe4760f11813baa2e18191d,0.0,76.12,23.88,Regular Customer,Regular Marketing,38.06,53.28,23.88,Loyal Stage
84e980ddc764302628d9be7734c5ced7,79.98,76.86,23.14,Regular Customer,Regular Marketing,38.73,53.98,23.14,Loyal Stage
84ea5edcb098552f93ca07054924270a,39.67,75.66,24.34,Regular Customer,Regular Marketing,37.98,53.05,24.34,Loyal Stage
84ffccc982f51cfd250f56d09d870cd1,99.9,75.6,24.4,Regular Customer,Regular Marketing,38.17,53.14,24.4,Loyal Stage
850db6522d1e600ff42059931882b914,65.0,77.04,22.96,Regular Customer,Regular Marketing,38.76,54.07,22.96,Loyal Stage
852de9c8adefefe4482f0aa99676ef95,38.4,76.85,23.15,Regular Customer,Regular Marketing,38.57,53.88,23.15,Loyal Stage
853254c35b5ee150b4da2b3698d73f9e,58.9,76.36,23.64,Regular Customer,Regular Marketing,38.4,53.58,23.64,Loyal Stage
85348a924e845ce744bee27e179162e0,119.0,75.93,24.07,Regular Customer,Regular Marketing,38.41,53.42,24.07,Loyal Stage
8539847c461dd9b6552e4391fabe7731,99.9,76.99,23.01,Regular Customer,Regular Marketing,38.87,54.12,23.01,Loyal Stage
85435d6cc5bd5352951d634eafa51ff6,110.77,77.47,22.53,Regular Customer,Regular Marketing,39.15,54.48,22.53,Loyal Stage
85475e754525d6d222d917dbc8251801,2399.0,79.38,20.62,VIP Customer,VIP Loyalty Benefits,48.61,60.92,20.62,Loyal Stage
856b96cff746b8cd17367dcc72189a14,190.0,76.51,23.49,VIP Customer,VIP Loyalty Benefits,38.96,53.98,23.49,Loyal Stage
8571902aed25da9414ad2d7d07b15beb,0.0,76.69,23.31,Regular Customer,Regular Marketing,38.34,53.68,23.31,Loyal Stage
8578601ec5393996f22afb3f787b89af,69.8,75.6,24.4,Regular Customer,Regular Marketing,38.06,53.08,24.4,Loyal Stage
85822dfcef7586733032bf270baeeb18,0.0,77.15,22.85,Regular Customer,Regular Marketing,38.58,54.01,22.85,Loyal Stage
85963fd37bfd387aa6d915d8a1065486,9888.0,41.99,58.01,VIP Customer,VIP Loyalty Benefits,57.78,51.46,58.01,Declining Stage
859b9860c869f778dc048ebde8025cb4,55.93,76.82,23.18,Regular Customer,Regular Marketing,38.62,53.9,23.18,Loyal Stage
859e3cbfe63e855467fb316b30267188,13.98,76.24,23.76,Regular Customer,Regular Marketing,38.17,53.4,23.76,Loyal Stage
85a1b5804de46e89eb874a605e439db6,74.9,75.82,24.18,Regular Customer,Regular Marketing,38.19,53.24,24.18,Loyal Stage
85a2de2e7865c09017e1a32f9476060a,158.9,76.46,23.54,VIP Customer,VIP Loyalty Benefits,38.82,53.88,23.54,Loyal Stage
85ac153c07851a940770823715ef7604,679.0,77.03,22.97,VIP Customer,VIP Loyalty Benefits,41.04,55.44,22.97,Loyal Stage
85ac6bbd9993be0819bbea3cd2bfd266,0.0,75.5,24.5,Regular Customer,Regular Marketing,37.75,52.85,24.5,Loyal Stage
85d6439a40fc12f6805c04147e9c3743,111.27,76.7,23.3,Regular Customer,Regular Marketing,38.76,53.94,23.3,Loyal Stage
8614ac51282d77ed22393201f26ca405,179.9,76.13,23.87,VIP Customer,VIP Loyalty Benefits,38.73,53.69,23.87,Loyal Stage
8616838509a6c7181b26db78dec86e46,54.0,76.77,23.23,Regular Customer,Regular Marketing,38.59,53.86,23.23,Loyal Stage
86198788a3820aea74bf6d0520f4eef9,199.0,76.93,23.07,VIP Customer,VIP Loyalty Benefits,39.21,54.3,23.07,Loyal Stage
862b2c6ccf4352c087cd60cdac498b48,77.83,76.13,23.87,Regular Customer,Regular Marketing,38.35,53.46,23.87,Loyal Stage
862e1936729b52974099383cd4f07fab,192.5,76.71,23.29,VIP Customer,VIP Loyalty Benefits,39.07,54.13,23.29,Loyal Stage
8632c4862d819878dc37d5d2867d87ba,19.95,76.26,23.74,Regular Customer,Regular Marketing,38.2,53.42,23.74,Loyal Stage
86355a1e848c20a89a37c1c0f2cedf15,24.0,76.05,23.95,Regular Customer,Regular Marketing,38.11,53.29,23.95,Loyal Stage
8636c0528cd8e314532e15d6889b563f,99.99,76.48,23.52,Regular Customer,Regular Marketing,38.61,53.76,23.52,Loyal Stage
865596c51fb15badeea1d33d62614c80,0.0,76.22,23.78,Regular Customer,Regular Marketing,38.11,53.35,23.78,Loyal Stage
865dec7a34ed7880aef2046e4bdb0dbe,119.9,76.81,23.19,Regular Customer,Regular Marketing,38.85,54.03,23.19,Loyal Stage
8660311748ba18cadc814eb18fe8472a,110.0,76.8,23.2,Regular Customer,Regular Marketing,38.81,54.01,23.2,Loyal Stage
8676422a5c30ff97f055b28adadbb506,138.9,77.36,22.64,VIP Customer,VIP Loyalty Benefits,39.2,54.46,22.64,Loyal Stage
867bd5d847441c4437493b52f60cca6f,0.0,76.02,23.98,Regular Customer,Regular Marketing,38.01,53.21,23.98,Loyal Stage
867ec8fc686ce0c4b2ef7e0489359e33,24.18,76.36,23.64,Regular Customer,Regular Marketing,38.27,53.51,23.64,Loyal Stage
8689e7e20c973ded968e1bb824ed860f,24.97,75.64,24.36,Regular Customer,Regular Marketing,37.91,53.0,24.36,Loyal Stage
8698752d731db8f1961309a1fa72cf5e,0.0,76.69,23.31,Regular Customer,Regular Marketing,38.34,53.68,23.31,Loyal Stage
86a27279a5d8e37c1fe8cd438a1a6f99,34.9,76.84,23.16,Regular Customer,Regular Marketing,38.55,53.87,23.16,Loyal Stage
86cbe11fd60a1037c99ac650997ff80a,52.58,76.61,23.39,Regular Customer,Regular Marketing,38.5,53.74,23.39,Loyal Stage
86e091b998439d057ce818eedc37f0d0,36.94,77.11,22.89,Regular Customer,Regular Marketing,38.69,54.06,22.89,Loyal Stage
86e4a80a0c744eb7d574fde3af8b83e0,139.9,76.38,23.62,VIP Customer,VIP Loyalty Benefits,38.71,53.78,23.62,Loyal Stage
86e8c3ba2ed532a69fe4cf338b2ee6fa,39.99,76.18,23.82,Regular Customer,Regular Marketing,38.24,53.42,23.82,Loyal Stage
86ec2fb8f005cc27710a4a9bf12386f0,29.99,76.78,23.22,Regular Customer,Regular Marketing,38.5,53.81,23.22,Loyal Stage
86ee56bed18cafd3161326fd6108ccee,25.2,76.52,23.48,Regular Customer,Regular Marketing,38.35,53.62,23.48,Loyal Stage
86f63e9017ec6edb9b9f866dc595ce75,137.8,76.74,23.26,Regular Customer,Regular Marketing,38.88,54.02,23.26,Loyal Stage
86f640c7e3643b14b581bb1396422502,199.6,76.57,23.43,VIP Customer,VIP Loyalty Benefits,39.03,54.05,23.43,Loyal Stage
870d0204d001599410a8e29a6610084b,127.26,75.69,24.31,Regular Customer,Regular Marketing,38.32,53.27,24.31,Loyal Stage
871090876d4f60c4c9935ff3eaf6d7ff,167.0,76.58,23.42,VIP Customer,VIP Loyalty Benefits,38.91,53.98,23.42,Loyal Stage
871a411b7d916351ed6a1a194e366507,166.95,77.09,22.91,VIP Customer,VIP Loyalty Benefits,39.17,54.34,22.91,Loyal Stage
871eb448a7e2cb7dee6dce3632fd3f22,25.9,76.47,23.53,Regular Customer,Regular Marketing,38.33,53.59,23.53,Loyal Stage
873d98d2e001445b2f97b8a33d8b1bbe,178.9,77.06,22.94,VIP Customer,VIP Loyalty Benefits,39.2,54.34,22.94,Loyal Stage
873f9e009227a7ee6deec94a05e82553,99.9,77.25,22.75,Regular Customer,Regular Marketing,39.0,54.3,22.75,Loyal Stage
874b879492701202d47e1025b8377c23,19.0,75.37,24.63,Regular Customer,Regular Marketing,37.76,52.8,24.63,Loyal Stage
8755b927cb43b4da13d66a7224905b30,35.0,76.48,23.52,Regular Customer,Regular Marketing,38.37,53.61,23.52,Loyal Stage
875a707bdfd8d6544f1b74a123b3010b,99.0,75.45,24.55,Regular Customer,Regular Marketing,38.09,53.03,24.55,Loyal Stage
875d7af9d517f8072e6c9c5c5148439e,35.0,76.79,23.21,Regular Customer,Regular Marketing,38.53,53.83,23.21,Loyal Stage
8763996f778ee9e22934cadfce1b677e,44.95,75.51,24.49,Regular Customer,Regular Marketing,37.92,52.96,24.49,Loyal Stage
8770740d878dc0c47af0dc5f73d9cfca,81.49,76.45,23.55,Regular Customer,Regular Marketing,38.53,53.7,23.55,Loyal Stage
8771f9ad1b9d31b9ed3c8cf99d51ffb4,110.0,76.64,23.36,Regular Customer,Regular Marketing,38.73,53.89,23.36,Loyal Stage
8774ebcc57a20931b0e318d4d4396f58,14.99,75.52,24.48,Regular Customer,Regular Marketing,37.82,52.9,24.48,Loyal Stage
87757c0b42204afd6cd78bb979b1a319,85.99,75.99,24.01,Regular Customer,Regular Marketing,38.31,53.38,24.01,Loyal Stage
878028a4d41bbb945295f5b196ca31df,0.0,75.76,24.24,Regular Customer,Regular Marketing,37.88,53.03,24.24,Loyal Stage
8785aa139e4d78f2555b3f6e8bc16111,0.0,76.22,23.78,Regular Customer,Regular Marketing,38.11,53.35,23.78,Loyal Stage
8787cab9a95fe5a494b21e2fd1047e7f,0.0,76.58,23.42,Regular Customer,Regular Marketing,38.29,53.61,23.42,Loyal Stage
878ddb99a1af6e5b498057efe78a6173,30.0,77.3,22.7,Regular Customer,Regular Marketing,38.76,54.18,22.7,Loyal Stage
87914a88352cdd7b45b8a66b0d315335,144.9,75.66,24.34,VIP Customer,VIP Loyalty Benefits,38.37,53.29,24.34,Loyal Stage
879bef497f8db6d71cfbb3ad7993737a,199.0,76.98,23.02,VIP Customer,VIP Loyalty Benefits,39.23,54.33,23.02,Loyal Stage
879c750469c3da5ce8aa345e2cdc8fab,71.6,77.11,22.89,Regular Customer,Regular Marketing,38.82,54.14,22.89,Loyal Stage
87ab9fec999db8bd5774917de3cdf01c,0.0,79.95,20.05,Regular Customer,Regular Marketing,39.98,55.97,20.05,Loyal Stage
87b97abb66a10eb6e28d82a8e7786496,220.0,77.12,22.88,VIP Customer,VIP Loyalty Benefits,39.38,54.48,22.88,Loyal Stage
87ba56012a8a77f540b03685ef76d050,119.85,76.51,23.49,Regular Customer,Regular Marketing,38.7,53.82,23.49,Loyal Stage
87c8b245d1214d5f14c62fa3c6b4a7ef,0.0,77.1,22.9,Regular Customer,Regular Marketing,38.55,53.97,22.9,Loyal Stage
87d5e42b1563c49610513cc6511c05bc,139.9,75.86,24.14,VIP Customer,VIP Loyalty Benefits,38.45,53.41,24.14,Loyal Stage
87e23f836bf7853cf7056d6b33ce09f4,103.9,77.41,22.59,Regular Customer,Regular Marketing,39.09,54.42,22.59,Loyal Stage
87e69f05e13093d268cc2de1a3690318,0.0,76.48,23.52,Regular Customer,Regular Marketing,38.24,53.54,23.52,Loyal Stage
87edab45c7b7068800caa444e90bf164,0.0,76.02,23.98,Regular Customer,Regular Marketing,38.01,53.21,23.98,Loyal Stage
87edab6661956d4d2f05e205251cf1a4,79.9,76.55,23.45,Regular Customer,Regular Marketing,38.57,53.76,23.45,Loyal Stage
87f4ace763b404bb5ca765639d873a0c,16.99,76.77,23.23,Regular Customer,Regular Marketing,38.45,53.78,23.23,Loyal Stage
881483770fdbfedae83075ad3ac0a289,119.8,76.25,23.75,Regular Customer,Regular Marketing,38.57,53.64,23.75,Loyal Stage
88184b659e4ddef218a3cce4265c741b,37.98,76.9,23.1,Regular Customer,Regular Marketing,38.59,53.91,23.1,Loyal Stage
8819be7d0039db445ba2f771034bb1c4,0.0,77.15,22.85,Regular Customer,Regular Marketing,38.58,54.01,22.85,Loyal Stage
883519b597f8b066ec374a583020430c,389.7000000000001,76.54,23.46,VIP Customer,VIP Loyalty Benefits,39.72,54.45,23.46,Loyal Stage
8837a3d0a8c6ca2e5db6316ff8685128,108.9,76.85,23.15,Regular Customer,Regular Marketing,38.83,54.04,23.15,Loyal Stage
883dc2fe8283fed1edf48c2f571d0aca,0.0,76.28,23.72,Regular Customer,Regular Marketing,38.14,53.4,23.72,Loyal Stage
884833b76575c308fcc6d414f7918585,59.0,76.78,23.22,Regular Customer,Regular Marketing,38.61,53.88,23.22,Loyal Stage
8850bcaf8541216fa9c321f189af8031,148.0,76.24,23.76,VIP Customer,VIP Loyalty Benefits,38.67,53.7,23.76,Loyal Stage
88529634e3dcc984a2b31c184fbe99dd,0.0,75.45,24.55,Regular Customer,Regular Marketing,37.72,52.81,24.55,Loyal Stage
886583680443fec2ba8b1426cc6facde,1400.0,78.26,21.74,VIP Customer,VIP Loyalty Benefits,44.34,57.91,21.74,Loyal Stage
8868915b7693d8dd554057e2323d87da,165.0,76.37,23.63,VIP Customer,VIP Loyalty Benefits,38.8,53.83,23.63,Loyal Stage
8872b784e55aac02ec982170ed7f25ce,26.89,76.78,23.22,Regular Customer,Regular Marketing,38.49,53.81,23.22,Loyal Stage
888126f1b154332995c01125378db342,98.9,76.89,23.11,Regular Customer,Regular Marketing,38.81,54.04,23.11,Loyal Stage
8889682a214c2f770be5ecb4facd1e40,17.7,76.25,23.75,Regular Customer,Regular Marketing,38.19,53.41,23.75,Loyal Stage
8897ea56bce6fe37a39cb2ec40898102,29.9,75.75,24.25,Regular Customer,Regular Marketing,37.99,53.09,24.25,Loyal Stage
889e20433bf76e2dba7d9a35c1ac4c47,57.98,77.03,22.97,Regular Customer,Regular Marketing,38.73,54.05,22.97,Loyal Stage
889ee9d5f625b585feead12f91ddaac4,44.9,76.96,23.04,Regular Customer,Regular Marketing,38.65,53.97,23.04,Loyal Stage
88b9a2b47a28764a168ebdd7bcb17861,57.9,76.15,23.85,Regular Customer,Regular Marketing,38.29,53.43,23.85,Loyal Stage
88bc2f177d920aa13a40e92c630cc439,0.0,75.86,24.14,Regular Customer,Regular Marketing,37.93,53.1,24.14,Loyal Stage
88c0873dc8073ec49376fa08e49bac90,45.99,75.57,24.43,Regular Customer,Regular Marketing,37.96,53.0,24.43,Loyal Stage
88c11a241bcbd239da19623bb23891a9,237.0,75.9,24.1,VIP Customer,VIP Loyalty Benefits,38.83,53.66,24.1,Loyal Stage
88d22eed30483c666a90137a8af4a675,0.0,75.45,24.55,Regular Customer,Regular Marketing,37.72,52.81,24.55,Loyal Stage
88d84988fcb70d91cbb76a42feab5a57,58.3,76.72,23.28,Regular Customer,Regular Marketing,38.58,53.84,23.28,Loyal Stage
88ec9231d6ff9e21ab72423255e538cd,49.0,76.66,23.34,Regular Customer,Regular Marketing,38.51,53.77,23.34,Loyal Stage
88f994e308b037460dd6f7e4cae770eb,478.0,76.57,23.43,VIP Customer,VIP Loyalty Benefits,40.06,54.66,23.43,Loyal Stage
890ca8d8c33663936ceb6315c8781e67,399.0,77.54,22.46,VIP Customer,VIP Loyalty Benefits,40.25,55.17,22.46,Loyal Stage
891da9ea4e5c6cd6003d698962e22693,139.98,75.55,24.45,VIP Customer,VIP Loyalty Benefits,38.3,53.2,24.45,Loyal Stage
8929b9f8e7f1a900939386dcf9933241,0.0,76.95,23.05,Regular Customer,Regular Marketing,38.48,53.87,23.05,Loyal Stage
89399f55afb7214d1d151832f9b1d916,62.99,75.54,24.46,Regular Customer,Regular Marketing,38.0,53.02,24.46,Loyal Stage
89467f9a4c2bdb76a7287d4f05e69f76,95.9,76.37,23.63,Regular Customer,Regular Marketing,38.54,53.67,23.63,Loyal Stage
894f1ac3651d01d6c8862601ac0a4935,98.6,77.09,22.91,Regular Customer,Regular Marketing,38.91,54.18,22.91,Loyal Stage
8959429661bc7683b7f9d9cb8c5a8c27,27.99,76.89,23.11,Regular Customer,Regular Marketing,38.55,53.89,23.11,Loyal Stage
8964628f0dd7ab0fe0751abedcbd317d,79.8,76.39,23.61,Regular Customer,Regular Marketing,38.49,53.65,23.61,Loyal Stage
8971e7d7e0698aa8c102482725f5f775,19.9,75.68,24.32,Regular Customer,Regular Marketing,37.91,53.02,24.32,Loyal Stage
8987280b085470a9fb0ee97d75342411,64.99,76.22,23.78,Regular Customer,Regular Marketing,38.35,53.5,23.78,Loyal Stage
898a3ab803ea2aea5757bf334f8d559d,143.9,77.17,22.83,VIP Customer,VIP Loyalty Benefits,39.12,54.34,22.83,Loyal Stage
89921797e6c1c39982ed6f103fdc32d5,340.0,76.37,23.63,VIP Customer,VIP Loyalty Benefits,39.45,54.22,23.63,Loyal Stage
899e389a3cbc0dce0d5df23b9b64679c,44.9,77.12,22.88,Regular Customer,Regular Marketing,38.73,54.09,22.88,Loyal Stage
899f643cc5cac51380894b9bcea1787b,119.0,76.51,23.49,Regular Customer,Regular Marketing,38.7,53.82,23.49,Loyal Stage
89a9963906dffee00f5c90c369f5b2a4,32.9,75.55,24.45,Regular Customer,Regular Marketing,37.9,52.96,24.45,Loyal Stage
89ac3e5e9a034510b8cc15f21bf1c8cf,38.0,76.9,23.1,Regular Customer,Regular Marketing,38.59,53.91,23.1,Loyal Stage
89b0378e12845c395b78ffd47eb66f46,199.9,76.78,23.22,VIP Customer,VIP Loyalty Benefits,39.13,54.19,23.22,Loyal Stage
89bd5259d9773ab19cceca68696d2729,199.0,76.0,24.0,VIP Customer,VIP Loyalty Benefits,38.74,53.64,24.0,Loyal Stage
89bf40642ddf6864a2e628e7be0cc735,24.99,76.37,23.63,Regular Customer,Regular Marketing,38.28,53.52,23.63,Loyal Stage
89c3fbfdfaaa1364eb099a0fe5aca266,0.0,76.84,23.16,Regular Customer,Regular Marketing,38.42,53.79,23.16,Loyal Stage
89c8fd00e68cd196611b48318f4b8bce,154.9,76.66,23.34,VIP Customer,VIP Loyalty Benefits,38.91,54.01,23.34,Loyal Stage
89f5cc69eed40bff0b1fe35ad25d81ac,44.99,77.07,22.93,Regular Customer,Regular Marketing,38.7,54.05,22.93,Loyal Stage
89f999ca4a3527965db76038ffd4bcdd,812.99,77.17,22.83,VIP Customer,VIP Loyalty Benefits,41.61,55.83,22.83,Loyal Stage
8a03bb160020b3fddcfeef12e8cd2283,118.8,75.88,24.12,Regular Customer,Regular Marketing,38.38,53.38,24.12,Loyal Stage
8a0fa67d05683533205eeecef46863c2,168.9,76.84,23.16,VIP Customer,VIP Loyalty Benefits,39.05,54.17,23.16,Loyal Stage
8a1e8b556fd5feb59a63729b5341e71a,239.9,75.55,24.45,VIP Customer,VIP Loyalty Benefits,38.67,53.42,24.45,Loyal Stage
8a289062a27520e4fd128e0065942869,53.9,76.46,23.54,Regular Customer,Regular Marketing,38.43,53.64,23.54,Loyal Stage
8a3c197115a0788cca4dbe09a740053e,139.99,75.86,24.14,VIP Customer,VIP Loyalty Benefits,38.45,53.41,24.14,Loyal Stage
8a3c791bd2aab8ffda1dbc05eec110a1,0.0,76.43,23.57,Regular Customer,Regular Marketing,38.22,53.5,23.57,Loyal Stage
8a3e02aa5ae44333346d1981b34f46d3,69.10000000000001,75.65,24.35,Regular Customer,Regular Marketing,38.08,53.11,24.35,Loyal Stage
8a46ba4b232e1642db5fff70ff47e6cc,165.0,75.69,24.31,VIP Customer,VIP Loyalty Benefits,38.46,53.35,24.31,Loyal Stage
8a5f7681b61832cfe091bb4ac6656028,139.9,75.91,24.09,VIP Customer,VIP Loyalty Benefits,38.48,53.45,24.09,Loyal Stage
8a67351128057cac9189df441f34e849,270.79,75.75,24.25,VIP Customer,VIP Loyalty Benefits,38.88,53.63,24.25,Loyal Stage
8a6f91a57c40b447d9814c5027108194,26.85,75.8,24.2,Regular Customer,Regular Marketing,38.0,53.12,24.2,Loyal Stage
8a785dd71ace2ab66acc62c9a350af35,155.0,76.04,23.96,VIP Customer,VIP Loyalty Benefits,38.6,53.58,23.96,Loyal Stage
8a8a31d188c3cf9dea0126d1b1049c18,44.9,75.72,24.28,Regular Customer,Regular Marketing,38.03,53.11,24.28,Loyal Stage
8a8ac60fd8ea25925f379a33ef277987,2258.0,80.05,19.95,VIP Customer,VIP Loyalty Benefits,48.43,61.08,19.95,Loyal Stage
8a8bb19b60003cf64841d16cea1d788b,0.0,77.0,23.0,Regular Customer,Regular Marketing,38.5,53.9,23.0,Loyal Stage
8a95fc4d4ad20814561966accde4ac2e,24.99,75.85,24.15,Regular Customer,Regular Marketing,38.02,53.15,24.15,Loyal Stage
8a9db9eecc862f85b411a51468d886a8,95.0,76.16,23.84,Regular Customer,Regular Marketing,38.43,53.52,23.84,Loyal Stage
8aae2f3fde12cb89d92051ea937d4793,249.9,76.18,23.82,VIP Customer,VIP Loyalty Benefits,39.02,53.88,23.82,Loyal Stage
8ab4df7b84aae318d55e776501cce37c,599.76,76.8,23.2,VIP Customer,VIP Loyalty Benefits,40.63,55.1,23.2,Loyal Stage
8ac7bb3fc186c6606dc0ef6d8ac77569,79.9,76.39,23.61,Regular Customer,Regular Marketing,38.49,53.65,23.61,Loyal Stage
8ac9e177f99800970ef9e27a96c7962b,209.99,76.17,23.83,VIP Customer,VIP Loyalty Benefits,38.87,53.79,23.83,Loyal Stage
8ad270ff4a5557d1a05e24abb6292017,13.47,76.3,23.7,Regular Customer,Regular Marketing,38.2,53.44,23.7,Loyal Stage
8ae1c90bc2d88b7414b2b011abe281c9,205.0,76.74,23.26,VIP Customer,VIP Loyalty Benefits,39.13,54.17,23.26,Loyal Stage
8af05f9f21aa83ea29eb90d9cbc3c996,24.9,76.73,23.27,Regular Customer,Regular Marketing,38.46,53.77,23.27,Loyal Stage
8af1a91b2cdfd4c0ca8690cf455ece8e,359.9,76.71,23.29,VIP Customer,VIP Loyalty Benefits,39.69,54.5,23.29,Loyal Stage
8affef1a9da1b5d0e18b9defcbb34f2b,119.99,77.18,22.82,Regular Customer,Regular Marketing,39.04,54.3,22.82,Loyal Stage
8b0d12cf86fbe3d7b1968f73807cdf97,55.0,75.68,24.32,Regular Customer,Regular Marketing,38.04,53.1,24.32,Loyal Stage
8b1def228c4c700e7d5658b09c966c9d,98.9,76.37,23.63,Regular Customer,Regular Marketing,38.55,53.68,23.63,Loyal Stage
8b25c3b5aa20159c08f30bfd1923bea5,49.0,76.81,23.19,Regular Customer,Regular Marketing,38.59,53.88,23.19,Loyal Stage
8b27e23ca14dc7d4d8e429abda30b5fb,99.8,76.48,23.52,Regular Customer,Regular Marketing,38.61,53.76,23.52,Loyal Stage
8b2f9f02aedff06e75d2ec99e6316429,39.9,75.4,24.6,Regular Customer,Regular Marketing,37.85,52.87,24.6,Loyal Stage
8b36bff10c251d3be3cfb60837263822,25.0,77.14,22.86,Regular Customer,Regular Marketing,38.66,54.05,22.86,Loyal Stage
8b3b343b297bb6838ffb9221d68b1a5f,119.85,76.4,23.6,Regular Customer,Regular Marketing,38.65,53.75,23.6,Loyal Stage
8b44f4fc8087c0c82f94b1a504ea44d8,74.65,76.44,23.56,Regular Customer,Regular Marketing,38.5,53.68,23.56,Loyal Stage
8b4870d5e710991db0eb07f29084b00f,1100.0,77.55,22.45,VIP Customer,VIP Loyalty Benefits,42.87,56.74,22.45,Loyal Stage
8b57ae2e81c35f05e114c1461ae84b6c,229.0,76.98,23.02,VIP Customer,VIP Loyalty Benefits,39.34,54.4,23.02,Loyal Stage
8b5cd6bf4803a4c6a1ee54b841dcdcbc,110.65,76.08,23.92,Regular Customer,Regular Marketing,38.45,53.5,23.92,Loyal Stage
8b8028d453a01986b48c4271cc341475,116.9,76.55,23.45,Regular Customer,Regular Marketing,38.71,53.85,23.45,Loyal Stage
8b8604f905b9307d94447449b3d55e4f,149.0,77.43,22.57,VIP Customer,VIP Loyalty Benefits,39.27,54.53,22.57,Loyal Stage
8b87de30e17e4685d7e61af6029a8d1d,129.9,76.16,23.84,Regular Customer,Regular Marketing,38.56,53.6,23.84,Loyal Stage
8b9781c716524570bf828fffec8218a5,23.9,76.31,23.69,Regular Customer,Regular Marketing,38.24,53.47,23.69,Loyal Stage
8b9915f50288ffce52cc109fcda53a27,31.0,76.63,23.37,Regular Customer,Regular Marketing,38.43,53.71,23.37,Loyal Stage
8ba0ba267bf46da2f206e78c3750e387,200.0,76.57,23.43,VIP Customer,VIP Loyalty Benefits,39.03,54.05,23.43,Loyal Stage
8bc183d9b9efac18f96f680940191c45,13.47,75.47,24.53,Regular Customer,Regular Marketing,37.79,52.86,24.53,Loyal Stage
8bc3746e85755be3cd732b6dbe4bc21a,527.9,77.01,22.99,VIP Customer,VIP Loyalty Benefits,40.47,55.09,22.99,Loyal Stage
8be62615a1d342d4113d8d30cf30cf55,49.95,75.67,24.33,Regular Customer,Regular Marketing,38.02,53.08,24.33,Loyal Stage
8bea890ef93defda655b18f57f08f72e,40.99,76.28,23.72,Regular Customer,Regular Marketing,38.29,53.49,23.72,Loyal Stage
8bfb6d6aa89f79427a03214069590a23,0.0,76.02,23.98,Regular Customer,Regular Marketing,38.01,53.21,23.98,Loyal Stage
8bff0e3c033614264b3cf65943fcebb4,0.0,76.69,23.31,Regular Customer,Regular Marketing,38.34,53.68,23.31,Loyal Stage
8c08102fd27c24adbc8c3a9995fa8d77,99.0,75.45,24.55,Regular Customer,Regular Marketing,38.09,53.03,24.55,Loyal Stage
8c3c961a52bb5a0ffbce1d4e6d25cd67,57.9,75.89,24.11,Regular Customer,Regular Marketing,38.16,53.25,24.11,Loyal Stage
8c3d5f1918f1c3f03642c376627fda5e,22.32,76.72,23.28,Regular Customer,Regular Marketing,38.44,53.75,23.28,Loyal Stage
8c446b198f0c92d5db58d3c8eacd3a11,196.8,77.6,22.4,VIP Customer,VIP Loyalty Benefits,39.53,54.76,22.4,Loyal Stage
8c4840f05ac6595c7b26b76945a69bde,122.99,76.77,23.23,Regular Customer,Regular Marketing,38.84,54.01,23.23,Loyal Stage
8c5f4c805be1a3f00349bd5868f75c47,35.9,75.55,24.45,Regular Customer,Regular Marketing,37.91,52.97,24.45,Loyal Stage
8c628e66ad97ce2163d23d1156e19a0e,289.9,77.43,22.57,VIP Customer,VIP Loyalty Benefits,39.79,54.85,22.57,Loyal Stage
8c632a369aa25d9e99b0e3f7488a738b,49.99,76.87,23.13,Regular Customer,Regular Marketing,38.62,53.92,23.13,Loyal Stage
8c8268a2915979efa64b481617356861,32.0,76.89,23.11,Regular Customer,Regular Marketing,38.56,53.89,23.11,Loyal Stage
8c8bec7ddbe8141f7af8f4b8be692be4,0.0,76.74,23.26,Regular Customer,Regular Marketing,38.37,53.72,23.26,Loyal Stage
8c8d91273330ce597546a695893d8d85,199.9,75.9,24.1,VIP Customer,VIP Loyalty Benefits,38.69,53.57,24.1,Loyal Stage
8c90ebe331bd64b98d2e2a5ec902aa35,89.9,76.51,23.49,Regular Customer,Regular Marketing,38.59,53.76,23.49,Loyal Stage
8c93f951b7b9bdd9a00c3da5b6e2ed65,340.0,76.88,23.12,VIP Customer,VIP Loyalty Benefits,39.7,54.57,23.12,Loyal Stage
8ca2d7073689a1dace07bbfb2ecc4614,0.0,75.91,24.09,Regular Customer,Regular Marketing,37.96,53.14,24.09,Loyal Stage
8cabd14272f05262621ffa151546bac6,64.99,76.37,23.63,Regular Customer,Regular Marketing,38.43,53.61,23.63,Loyal Stage
8cadc16a3352b3a9a6701d3701ebcbf4,95.4,76.16,23.84,Regular Customer,Regular Marketing,38.43,53.52,23.84,Loyal Stage
8cb552bb3d3254767f1e9078064ed7cf,52.51,77.39,22.61,Regular Customer,Regular Marketing,38.89,54.29,22.61,Loyal Stage
8cd6f80d3c3994e2060d46ec07ff0b0a,110.0,76.75,23.25,Regular Customer,Regular Marketing,38.78,53.97,23.25,Loyal Stage
8ce10399d5a3b5d565a348ba4cdfad9c,51.89,76.25,23.75,Regular Customer,Regular Marketing,38.32,53.49,23.75,Loyal Stage
8ce45913b5d9185d69241192b44c03d1,24.99,76.62,23.38,Regular Customer,Regular Marketing,38.4,53.69,23.38,Loyal Stage
8ce6a383fec2ae316e9b088d79d694e8,50.2,75.93,24.07,Regular Customer,Regular Marketing,38.15,53.26,24.07,Loyal Stage
8cf762b009cc30f28dbbe764e9c3ecbf,135.0,76.11,23.89,Regular Customer,Regular Marketing,38.56,53.58,23.89,Loyal Stage
8cf85514c748be75d35ace9a4cbc5c7f,0.0,77.0,23.0,Regular Customer,Regular Marketing,38.5,53.9,23.0,Loyal Stage
8cfc5350efe3bce6a0d6f96fbaf2c3b4,26.9,76.21,23.79,Regular Customer,Regular Marketing,38.21,53.41,23.79,Loyal Stage
8cffe951d8368bd81eaaf6fd1910319e,119.9,76.92,23.08,Regular Customer,Regular Marketing,38.91,54.11,23.08,Loyal Stage
8d073068b7eda86142f1563b922c9727,79.98,76.65,23.35,Regular Customer,Regular Marketing,38.62,53.83,23.35,Loyal Stage
8d187f36fa18c60c2ac49e7a966d8ff7,95.0,76.93,23.07,Regular Customer,Regular Marketing,38.82,54.06,23.07,Loyal Stage
8d1b75d2f05067cf8aed47d96d14345f,139.0,76.27,23.73,VIP Customer,VIP Loyalty Benefits,38.65,53.7,23.73,Loyal Stage
8d21e972ab73ea7e9fe312188243090f,54.9,75.99,24.01,Regular Customer,Regular Marketing,38.2,53.32,24.01,Loyal Stage
8d31197a7e5c636f67927bbf30bfc3a9,180.0,76.13,23.87,VIP Customer,VIP Loyalty Benefits,38.73,53.69,23.87,Loyal Stage
8d43f7b8f33f60fb6ae5ec21072135b5,299.0,76.87,23.13,VIP Customer,VIP Loyalty Benefits,39.55,54.48,23.13,Loyal Stage
8d50f5eadf50201ccdcedfb9e2ac8455,559.45,74.43,25.57,VIP Customer,VIP Loyalty Benefits,39.3,53.35,25.57,Loyal Stage
8d53fbea5a20c43213a4ae7d8f90032c,64.9,76.47,23.53,Regular Customer,Regular Marketing,38.48,53.68,23.53,Loyal Stage
8d552aa7be95696b63fcfe8168cb5bae,75.99,76.54,23.46,Regular Customer,Regular Marketing,38.55,53.75,23.46,Loyal Stage
8d74a4db61bd2fac0908bfc45a79bd0c,0.0,76.58,23.42,Regular Customer,Regular Marketing,38.29,53.61,23.42,Loyal Stage
8d7e10e12a94d62b79fd3c4c48ba9a84,0.0,76.48,23.52,Regular Customer,Regular Marketing,38.24,53.54,23.52,Loyal Stage
8da4b99dc1fe4d6774048e18f66c63da,16.9,76.4,23.6,Regular Customer,Regular Marketing,38.26,53.52,23.6,Loyal Stage
8da73d471e36a4e5d8869dbafe7aa522,29.99,75.9,24.1,Regular Customer,Regular Marketing,38.06,53.2,24.1,Loyal Stage
8da796b2a21c4f0bfbcae79c8507bb1a,149.0,76.55,23.45,VIP Customer,VIP Loyalty Benefits,38.83,53.92,23.45,Loyal Stage
8da8e5f4165a7d5e1d0fb2b6061c415f,220.0,76.6,23.4,VIP Customer,VIP Loyalty Benefits,39.12,54.11,23.4,Loyal Stage
8da9991adde01d555abcf1c515bed034,64.8,76.32,23.68,Regular Customer,Regular Marketing,38.4,53.57,23.68,Loyal Stage
8dae54b4398643e70bb47dd33239b55d,0.0,76.53,23.47,Regular Customer,Regular Marketing,38.26,53.57,23.47,Loyal Stage
8db23ea8429b2011a538fcbeca947904,220.0,77.58,22.42,VIP Customer,VIP Loyalty Benefits,39.61,54.8,22.42,Loyal Stage
8dc0d32543012e70ca0c0bc5535205f8,95.28,76.73,23.27,Regular Customer,Regular Marketing,38.72,53.92,23.27,Loyal Stage
8dc22023edc13658dc65b7d7d082ee65,0.0,76.74,23.26,Regular Customer,Regular Marketing,38.37,53.72,23.26,Loyal Stage
8dc697d03f771cecc2534534a73eaaf9,163.19,77.39,22.61,VIP Customer,VIP Loyalty Benefits,39.3,54.54,22.61,Loyal Stage
8dca5794b4cba889e5ee8c05c9ac68a0,161.0,75.69,24.31,VIP Customer,VIP Loyalty Benefits,38.44,53.34,24.31,Loyal Stage
8dca83ee79d162583345a8d6c98572f1,78.9,76.08,23.92,Regular Customer,Regular Marketing,38.33,53.43,23.92,Loyal Stage
8ddfc44c98f486f469ab04fd4116f6da,230.0,77.19,22.81,VIP Customer,VIP Loyalty Benefits,39.45,54.55,22.81,Loyal Stage
8df90e1f672bf05c11aca9a6c1d632b2,299.9,76.46,23.54,VIP Customer,VIP Loyalty Benefits,39.35,54.19,23.54,Loyal Stage
8df948efd5c903f51e2b7353430700c3,120.0,76.04,23.96,Regular Customer,Regular Marketing,38.47,53.5,23.96,Loyal Stage
8e06c5fa3e89b2100b17357c309799da,151.3,76.45,23.55,VIP Customer,VIP Loyalty Benefits,38.79,53.85,23.55,Loyal Stage
8e07b3d41f0f3c7afd1cc81864a5dff4,95.9,76.47,23.53,Regular Customer,Regular Marketing,38.59,53.74,23.53,Loyal Stage
8e07cbdbbb24328ece74135e2a81405b,2350.0,79.93,20.07,VIP Customer,VIP Loyalty Benefits,48.71,61.2,20.07,Loyal Stage
8e12975d0449c64a62aa04f1a1863b90,0.0,75.34,24.66,Regular Customer,Regular Marketing,37.67,52.74,24.66,Loyal Stage
8e12d069731871e72733b1b77c5931bd,85.0,76.09,23.91,Regular Customer,Regular Marketing,38.36,53.45,23.91,Loyal Stage
8e189d068ef04b5a5100820fcf317000,170.0,76.48,23.52,VIP Customer,VIP Loyalty Benefits,38.87,53.91,23.52,Loyal Stage
8e29799c4ba7191b201ee13f4acece91,89.77,76.46,23.54,Regular Customer,Regular Marketing,38.56,53.72,23.54,Loyal Stage
8e2cbe0458411443853166c1a81d2f9d,99.8,77.2,22.8,Regular Customer,Regular Marketing,38.97,54.26,22.8,Loyal Stage
8e2e2a6ed02f65c6ee8045a891a99b0a,20.9,77.34,22.66,Regular Customer,Regular Marketing,38.75,54.19,22.66,Loyal Stage
8e2fc98c436b396f11089ec57e4a4471,60.99,76.47,23.53,Regular Customer,Regular Marketing,38.46,53.66,23.53,Loyal Stage
8e31f8c64b847de447636be1ced917f2,81.49,76.45,23.55,Regular Customer,Regular Marketing,38.53,53.7,23.55,Loyal Stage
8e3c9cb462e961440d0017f034d6d46c,285.0,77.38,22.62,VIP Customer,VIP Loyalty Benefits,39.75,54.8,22.62,Loyal Stage
8e42ecde9a50c9ff5f89b58d7566bb88,0.0,75.6,24.4,Regular Customer,Regular Marketing,37.8,52.92,24.4,Loyal Stage
8e580bcfc25f825e7a9b7f66ae7d4a01,70.0,76.12,23.88,Regular Customer,Regular Marketing,38.32,53.44,23.88,Loyal Stage
8e590b80243c5491146a525d04eb40d9,129.98,76.05,23.95,Regular Customer,Regular Marketing,38.51,53.53,23.95,Loyal Stage
8e62db6f625288ad4792855f994abefd,85.71,77.13,22.87,Regular Customer,Regular Marketing,38.88,54.18,22.87,Loyal Stage
8e6c00f85f4114571cb7f9387a46c392,599.98,77.12,22.88,VIP Customer,VIP Loyalty Benefits,40.79,55.32,22.88,Loyal Stage
8e6c3249486634f7ba5d99b009c608f7,29.99,76.16,23.84,Regular Customer,Regular Marketing,38.19,53.38,23.84,Loyal Stage
8e8396c52591c16dc5337c7e9446d45e,150.0,76.19,23.81,VIP Customer,VIP Loyalty Benefits,38.65,53.67,23.81,Loyal Stage
8ea097b1824dbd4d17af71b0afe04301,25.0,76.16,23.84,Regular Customer,Regular Marketing,38.17,53.37,23.84,Loyal Stage
8eae234dee2521eeaeef6f97f660bbc2,265.0,76.41,23.59,VIP Customer,VIP Loyalty Benefits,39.19,54.08,23.59,Loyal Stage
8eb5eca7b6879807fb801224555d4231,39.9,75.56,24.44,Regular Customer,Regular Marketing,37.93,52.98,24.44,Loyal Stage
8ed2447ace7f204bf94f070f0dfffbb0,315.0,76.13,23.87,VIP Customer,VIP Loyalty Benefits,39.24,54.0,23.87,Loyal Stage
8ee1cad41a25870e75e7b78230277898,460.8,76.7,23.3,VIP Customer,VIP Loyalty Benefits,40.06,54.72,23.3,Loyal Stage
8ee6a26c817c3600f866d0bbd6ae4065,56.99,75.58,24.42,Regular Customer,Regular Marketing,38.0,53.03,24.42,Loyal Stage
8ee891b2d6dd0f6d8c05863038d99cfb,0.0,76.38,23.62,Regular Customer,Regular Marketing,38.19,53.47,23.62,Loyal Stage
8efe47cd0f34c081d09998929aed8e35,189.9,77.28,22.72,VIP Customer,VIP Loyalty Benefits,39.35,54.52,22.72,Loyal Stage
8f02022dccfa73911d7d45b28e9d9785,51.99,76.25,23.75,Regular Customer,Regular Marketing,38.32,53.49,23.75,Loyal Stage
8f0997f7fe24ce1f63d872a95bcfc358,0.0,75.45,24.55,Regular Customer,Regular Marketing,37.72,52.81,24.55,Loyal Stage
8f29552df9b476c07d4e156dc53d38ce,78.0,75.82,24.18,Regular Customer,Regular Marketing,38.2,53.25,24.18,Loyal Stage
8f2afd41c8f5e3862f4882dbc9f624b3,289.8,77.33,22.67,VIP Customer,VIP Loyalty Benefits,39.74,54.78,22.67,Loyal Stage
8f3111ce59c5dc5de1f424c61c2bd9a8,150.0,75.88,24.12,VIP Customer,VIP Loyalty Benefits,38.5,53.45,24.12,Loyal Stage
8f48a3e77f9cc4c4116cdc406c30625e,39.9,75.51,24.49,Regular Customer,Regular Marketing,37.9,52.94,24.49,Loyal Stage
8f5296bd464fb76bec1a7b45bcf5fc01,0.0,75.96,24.04,Regular Customer,Regular Marketing,37.98,53.17,24.04,Loyal Stage
8f567321ba12101dedc07c70b7021069,226.87,76.99,23.01,VIP Customer,VIP Loyalty Benefits,39.34,54.4,23.01,Loyal Stage
8f6773bfd31a23ed2681752d38bb8341,79.99,76.81,23.19,Regular Customer,Regular Marketing,38.7,53.94,23.19,Loyal Stage
8f6ce2295bdbec03cd50e34b4bd7ba0a,349.9,75.68,24.32,VIP Customer,VIP Loyalty Benefits,39.14,53.76,24.32,Loyal Stage
8f6d9b749a09d7115e090a3b67115d0d,15.0,76.76,23.24,Regular Customer,Regular Marketing,38.44,53.77,23.24,Loyal Stage
8f7f547488a05660770b51be707eb2a3,85.99,77.13,22.87,Regular Customer,Regular Marketing,38.88,54.18,22.87,Loyal Stage
8f807a098d7ff86f7d03c933ea035ab7,35.9,76.59,23.41,Regular Customer,Regular Marketing,38.43,53.69,23.41,Loyal Stage
8f8c9eb22f9bcd2be2eedc79fd8cab61,79.9,77.01,22.99,Regular Customer,Regular Marketing,38.8,54.08,22.99,Loyal Stage
8f93b4a77ed604eedc3d23382426f321,198.9,77.04,22.96,VIP Customer,VIP Loyalty Benefits,39.26,54.37,22.96,Loyal Stage
8f9c643a9d215e25448b3748fe014d6b,34.95,76.33,23.67,Regular Customer,Regular Marketing,38.3,53.51,23.67,Loyal Stage
8fa1a3e33ff386b4b49700b8256fe4b1,795.0,77.25,22.75,VIP Customer,VIP Loyalty Benefits,41.58,55.85,22.75,Loyal Stage
8fa601ff91e2b16379eb36737d10035b,69.9,76.07,23.93,Regular Customer,Regular Marketing,38.3,53.41,23.93,Loyal Stage
8fb8b3d5c3069c7ac464eb9102657b08,0.0,75.81,24.19,Regular Customer,Regular Marketing,37.9,53.06,24.19,Loyal Stage
8fc0fc75220896ec20902c2e4a282f83,194.99,75.79,24.21,VIP Customer,VIP Loyalty Benefits,38.62,53.49,24.21,Loyal Stage
8fc3c839b1d3142015c5fdd8ab625cd6,16.99,76.25,23.75,Regular Customer,Regular Marketing,38.19,53.41,23.75,Loyal Stage
8fdef5ce67c95465166d77d756ad3fd9,199.98,76.88,23.12,VIP Customer,VIP Loyalty Benefits,39.18,54.26,23.12,Loyal Stage
8fe5c7e8a5db0b3454f478dba0dc82f1,49.99,75.47,24.53,Regular Customer,Regular Marketing,37.92,52.94,24.53,Loyal Stage
8ff41cac6dc5c11fa1c5f47f111dc883,0.0,77.15,22.85,Regular Customer,Regular Marketing,38.58,54.01,22.85,Loyal Stage
8ff547d3fee99ff2a05c6bb7abf22976,59.99,76.47,23.53,Regular Customer,Regular Marketing,38.46,53.66,23.53,Loyal Stage
8ffed23719c1c881cd718a3345056467,39.99,76.13,23.87,Regular Customer,Regular Marketing,38.21,53.38,23.87,Loyal Stage
9010ee092258b05c97a2ee2755ac54b1,119.99,75.88,24.12,Regular Customer,Regular Marketing,38.39,53.39,24.12,Loyal Stage
90149dae3857b44597744541030794a3,19.9,75.53,24.47,Regular Customer,Regular Marketing,37.84,52.92,24.47,Loyal Stage
90203f82c4c1744c53453ac3a6c41b81,398.6,76.77,23.23,VIP Customer,VIP Loyalty Benefits,39.87,54.63,23.23,Loyal Stage
90219f44fa075abf64296935281ac317,639.0,77.48,22.52,VIP Customer,VIP Loyalty Benefits,41.12,55.66,22.52,Loyal Stage
9035b680491fe660ceaa34dce5af4d52,35.0,76.12,23.88,Regular Customer,Regular Marketing,38.19,53.36,23.88,Loyal Stage
9039fa4063ed33243494da180bf71b42,88.9,75.63,24.37,Regular Customer,Regular Marketing,38.15,53.14,24.37,Loyal Stage
903d4d509bd94965e57d07a5f78de590,250.0,77.52,22.48,VIP Customer,VIP Loyalty Benefits,39.69,54.82,22.48,Loyal Stage
903f67be9cd4337595d56086b022c117,180.0,77.16,22.84,VIP Customer,VIP Loyalty Benefits,39.25,54.41,22.84,Loyal Stage
90432b6223fc12d096b178932f19043c,0.0,77.2,22.8,Regular Customer,Regular Marketing,38.6,54.04,22.8,Loyal Stage
9044c1fa9dd82b9792f6d2faf209c131,59.0,76.16,23.84,Regular Customer,Regular Marketing,38.3,53.44,23.84,Loyal Stage
904911bd426459e4646ff3392eb9db4e,60.0,75.43,24.57,Regular Customer,Regular Marketing,37.94,52.94,24.57,Loyal Stage
904a6a8c41db7927d4bb241b306e539d,169.99,77.04,22.96,VIP Customer,VIP Loyalty Benefits,39.15,54.31,22.96,Loyal Stage
9066a8bead8e566a56cd74abaab8cda6,0.0,76.07,23.93,Regular Customer,Regular Marketing,38.03,53.25,23.93,Loyal Stage
9075f7211578ba5165cbd7fb49947eba,0.0,77.1,22.9,Regular Customer,Regular Marketing,38.55,53.97,22.9,Loyal Stage
907ce0c9f7aa99b571ee927abe179164,52.0,77.03,22.97,Regular Customer,Regular Marketing,38.71,54.04,22.97,Loyal Stage
9081705446f7325744a32de436236dc2,0.0,76.74,23.26,Regular Customer,Regular Marketing,38.37,53.72,23.26,Loyal Stage
90ab006282d5a81a0cf8dbc03f4be8d3,29.97,75.9,24.1,Regular Customer,Regular Marketing,38.06,53.2,24.1,Loyal Stage
90b255a154139ff1daf8d60818416113,139.9,77.46,22.54,VIP Customer,VIP Loyalty Benefits,39.25,54.53,22.54,Loyal Stage
90bca2fe011b661a21dcc4cad869f165,69.9,76.48,23.52,Regular Customer,Regular Marketing,38.5,53.69,23.52,Loyal Stage
90cc5067067bd4540ec8d22fa3208b92,49.99,75.73,24.27,Regular Customer,Regular Marketing,38.05,53.12,24.27,Loyal Stage
90d8fce10381449eb722d1e96e686e2b,79.0,75.46,24.54,Regular Customer,Regular Marketing,38.02,53.0,24.54,Loyal Stage
90f50d331b6fc558d5be8c903012d56d,106.9,76.9,23.1,Regular Customer,Regular Marketing,38.85,54.07,23.1,Loyal Stage
90f59279be46c00e09bd5e490b936a57,192.9,77.6,22.4,VIP Customer,VIP Loyalty Benefits,39.52,54.75,22.4,Loyal Stage
90fa020691a2c06c0e22e6dad02400e0,244.99,76.74,23.26,VIP Customer,VIP Loyalty Benefits,39.28,54.26,23.26,Loyal Stage
9107708e80782c0f6ccc2b607f5f2a6c,0.0,75.96,24.04,Regular Customer,Regular Marketing,37.98,53.17,24.04,Loyal Stage
91098f720b1423fb38a0e9bbb603ba28,17.0,76.35,23.65,Regular Customer,Regular Marketing,38.24,53.48,23.65,Loyal Stage
91098f922248b17843ebfe5b8659f7d8,44.9,76.44,23.56,Regular Customer,Regular Marketing,38.39,53.61,23.56,Loyal Stage
910f0afb84bc778e856d3683c7e8a46a,3300.0,80.47,19.53,VIP Customer,VIP Loyalty Benefits,52.51,63.69,19.53,Loyal Stage
91238ac9b555af75bab81ecb4a24ccca,74.0,75.76,24.24,Regular Customer,Regular Marketing,38.16,53.2,24.24,Loyal Stage
91275e7b1847f102954b73d856b4eee8,20.0,76.56,23.44,Regular Customer,Regular Marketing,38.35,53.63,23.44,Loyal Stage
9127aa9142b660298cfebd64b86f221c,109.0,76.8,23.2,Regular Customer,Regular Marketing,38.81,54.01,23.2,Loyal Stage
91352e06066eef42b60b24049ccde4fd,69.0,77.21,22.79,Regular Customer,Regular Marketing,38.86,54.2,22.79,Loyal Stage
91447a501ba52792405383556f602884,134.5,76.68,23.32,Regular Customer,Regular Marketing,38.84,53.98,23.32,Loyal Stage
9152ce996690fb1cb9bff122e9f7cf7d,33.9,75.65,24.35,Regular Customer,Regular Marketing,37.95,53.03,24.35,Loyal Stage
9153abcd7cd28665a59d5fba3a9ef152,116.9,76.55,23.45,Regular Customer,Regular Marketing,38.71,53.85,23.45,Loyal Stage
91544d22848a922381b73b5e21ad58ff,59.9,77.55,22.45,Regular Customer,Regular Marketing,39.0,54.42,22.45,Loyal Stage
9155b49cef29f734a84e3590cf53744a,247.0,76.44,23.56,VIP Customer,VIP Loyalty Benefits,39.14,54.06,23.56,Loyal Stage
9155d337b80f0c2b73519b61ee0b6437,0.0,76.33,23.67,Regular Customer,Regular Marketing,38.16,53.43,23.67,Loyal Stage
91570bb635619aacfcc8a0d4e4c6ab8e,364.0,76.66,23.34,VIP Customer,VIP Loyalty Benefits,39.68,54.47,23.34,Loyal Stage
915c0f70278a02ac026344f1ea994ec3,126.49,76.88,23.12,Regular Customer,Regular Marketing,38.91,54.1,23.12,Loyal Stage
915e75e4cb2d49ca4f2f11df06c57b06,0.0,76.9,23.1,Regular Customer,Regular Marketing,38.45,53.83,23.1,Loyal Stage
9163021adfb215c73c552b42533bd9ae,0.0,75.65,24.35,Regular Customer,Regular Marketing,37.83,52.96,24.35,Loyal Stage
917f89acc35bd14a9431b158236799a8,0.0,76.79,23.21,Regular Customer,Regular Marketing,38.4,53.76,23.21,Loyal Stage
918bcf2bc10b6743fb04773072c741bc,173.93,76.43,23.57,VIP Customer,VIP Loyalty Benefits,38.86,53.89,23.57,Loyal Stage
918fc1e0f62d6a9c6329dfd85e965e2a,699.4,77.62,22.38,VIP Customer,VIP Loyalty Benefits,41.41,55.89,22.38,Loyal Stage
91907ed201693e770b64ba1278e84c98,43.99,77.01,22.99,Regular Customer,Regular Marketing,38.67,54.01,22.99,Loyal Stage
91a9ea8955c590c56a2bc6e526333a3b,0.0,76.22,23.78,Regular Customer,Regular Marketing,38.11,53.35,23.78,Loyal Stage
91b79823141cfe7ee5c66acb0b48aff0,0.0,76.17,23.83,Regular Customer,Regular Marketing,38.08,53.32,23.83,Loyal Stage
91b7d0e2943bc6efa6b728d27dea86c5,95.28,76.67,23.33,Regular Customer,Regular Marketing,38.69,53.88,23.33,Loyal Stage
91bb6c8377b8e6b761c2183cd9058189,69.9,76.12,23.88,Regular Customer,Regular Marketing,38.32,53.44,23.88,Loyal Stage
91bd1731b3e980852cf59e0309295129,79.0,75.67,24.33,Regular Customer,Regular Marketing,38.13,53.15,24.33,Loyal Stage
91c8aa24bb4b5629d27b66a2dff9ff10,29.99,75.59,24.41,Regular Customer,Regular Marketing,37.91,52.98,24.41,Loyal Stage
91cf1d46a75f42788fedaa026a62de7a,0.0,76.74,23.26,Regular Customer,Regular Marketing,38.37,53.72,23.26,Loyal Stage
91d1f07e8f445d5c017f90a0047b07c5,79.49,76.34,23.66,Regular Customer,Regular Marketing,38.47,53.62,23.66,Loyal Stage
91dd3e913cf5d632ce605a3689a5126a,0.0,76.07,23.93,Regular Customer,Regular Marketing,38.03,53.25,23.93,Loyal Stage
91e2a2cab493008ec6525c5b50e085e8,387.9,77.58,22.42,VIP Customer,VIP Loyalty Benefits,40.23,55.17,22.42,Loyal Stage
91f75e89e981ef7304d0c1fb35e503b6,49.0,76.35,23.65,Regular Customer,Regular Marketing,38.36,53.56,23.65,Loyal Stage
91fb82fe3e8b269f82616f53f2a4a690,110.32,77.01,22.99,Regular Customer,Regular Marketing,38.92,54.16,22.99,Loyal Stage
9208ce69207484b05fdf552ee6c7d297,99.9,76.84,23.16,Regular Customer,Regular Marketing,38.79,54.01,23.16,Loyal Stage
921972f1568c1c75a26b18b4cb4ed5a7,0.0,76.79,23.21,Regular Customer,Regular Marketing,38.4,53.76,23.21,Loyal Stage
921c64811a511efe0c19136766fab4aa,0.0,76.53,23.47,Regular Customer,Regular Marketing,38.26,53.57,23.47,Loyal Stage
922234c767eb20840f16bb0aa97ef0c2,0.0,76.02,23.98,Regular Customer,Regular Marketing,38.01,53.21,23.98,Loyal Stage
922aeb425340feff3ee2f0ecb3428a67,32.0,75.7,24.3,Regular Customer,Regular Marketing,37.97,53.06,24.3,Loyal Stage
9234a74ab15e0578c3122dd752af538b,0.0,75.5,24.5,Regular Customer,Regular Marketing,37.75,52.85,24.5,Loyal Stage
9235718f885c9bf03e05ab387f3d82cf,236.0,77.25,22.75,VIP Customer,VIP Loyalty Benefits,39.5,54.6,22.75,Loyal Stage
9239cc451fc7a6a08ea8afe790a27fae,0.0,76.28,23.72,Regular Customer,Regular Marketing,38.14,53.4,23.72,Loyal Stage
924d9817dad96151ea1137d28b110a06,109.22,76.23,23.77,Regular Customer,Regular Marketing,38.52,53.6,23.77,Loyal Stage
925742ddab5f1e085496a74ac67657e5,69.9,76.53,23.47,Regular Customer,Regular Marketing,38.53,53.73,23.47,Loyal Stage
9263a6fc47a37b8b71cecfeb1defda4a,0.0,75.4,24.6,Regular Customer,Regular Marketing,37.7,52.78,24.6,Loyal Stage
927166030972d4c8138c8d561b6cc03c,180.0,77.58,22.42,VIP Customer,VIP Loyalty Benefits,39.46,54.71,22.42,Loyal Stage
92728d7e8084a741f4fcb49708a0b78d,51.9,76.04,23.96,Regular Customer,Regular Marketing,38.21,53.34,23.96,Loyal Stage
9279876eaa8bcd6f1ad8f02678ea251a,160.65,77.24,22.76,VIP Customer,VIP Loyalty Benefits,39.22,54.43,22.76,Loyal Stage
927c6529111b5d41b8a8426c649e6d18,28.5,75.69,24.31,Regular Customer,Regular Marketing,37.95,53.05,24.31,Loyal Stage
928c822f6eb7267fe1669503d1a24c89,0.0,76.38,23.62,Regular Customer,Regular Marketing,38.19,53.47,23.62,Loyal Stage
92940a7c21067630362e012337723701,45.0,76.03,23.97,Regular Customer,Regular Marketing,38.18,53.32,23.97,Loyal Stage
929c7ed1a0ca1152275bdcf4e6f0fbce,32.0,75.75,24.25,Regular Customer,Regular Marketing,37.99,53.09,24.25,Loyal Stage
929f67fce8f269879084f50385a16354,224.9,75.19,24.81,VIP Customer,VIP Loyalty Benefits,38.43,53.13,24.81,Loyal Stage
92bd848b73f8ca45c131e67b06d526b8,0.0,76.28,23.72,Regular Customer,Regular Marketing,38.14,53.4,23.72,Loyal Stage
92dbb8a519a6e824aaa5a53e3f62bb3b,527.9,76.8,23.2,VIP Customer,VIP Loyalty Benefits,40.36,54.94,23.2,Loyal Stage
92e0f98d5c6b1bbe7616666e0f1b23d6,0.0,75.76,24.24,Regular Customer,Regular Marketing,37.88,53.03,24.24,Loyal Stage
92e99d82e506f4f77a049aebe3341c27,13.99,75.57,24.43,Regular Customer,Regular Marketing,37.84,52.93,24.43,Loyal Stage
92e9e31875b64e3915b55d58c955a771,129.0,76.26,23.74,Regular Customer,Regular Marketing,38.61,53.67,23.74,Loyal Stage
92f10e85597cf7e09781a56e311b8c1c,41.79,75.87,24.13,Regular Customer,Regular Marketing,38.09,53.2,24.13,Loyal Stage
92f51b68833e730ed3563bad29ef1a7f,74.5,75.71,24.29,Regular Customer,Regular Marketing,38.13,53.16,24.29,Loyal Stage
92fb3823253d4c62c401a94adb8ef864,27.19,75.85,24.15,Regular Customer,Regular Marketing,38.03,53.16,24.15,Loyal Stage
92ff4b5fdcf9c55dde20ea759d5faa54,39.9,75.46,24.54,Regular Customer,Regular Marketing,37.88,52.91,24.54,Loyal Stage
930b47df55f7281c598c908585ae7435,59.0,77.19,22.81,Regular Customer,Regular Marketing,38.81,54.16,22.81,Loyal Stage
930ff10207a0155e4d569dc1b66714c2,34.9,76.28,23.72,Regular Customer,Regular Marketing,38.27,53.47,23.72,Loyal Stage
931a4a1a3e2cf8b4b4d33922f1469dbe,142.98,76.86,23.14,VIP Customer,VIP Loyalty Benefits,38.96,54.12,23.14,Loyal Stage
931ffb1e68127d25ba8a9285516f116f,0.0,75.96,24.04,Regular Customer,Regular Marketing,37.98,53.17,24.04,Loyal Stage
932be2b0f01a39dfb24c2af8299a6e80,100.0,75.65,24.35,Regular Customer,Regular Marketing,38.2,53.18,24.35,Loyal Stage
932dd957402f175a77919f49706bc080,0.0,75.86,24.14,Regular Customer,Regular Marketing,37.93,53.1,24.14,Loyal Stage
93303249f949b7cf03fec7605ca3219a,33.9,77.0,23.0,Regular Customer,Regular Marketing,38.63,53.98,23.0,Loyal Stage
9339ade05031453f881ef7db13a8da39,108.9,75.66,24.34,Regular Customer,Regular Marketing,38.24,53.21,24.34,Loyal Stage
933a3c344289b11dc67567fbe01a7eb4,129.9,77.14,22.86,Regular Customer,Regular Marketing,39.05,54.29,22.86,Loyal Stage
9343f3f5b50a126c8ca3d34b83d69197,0.0,76.43,23.57,Regular Customer,Regular Marketing,38.22,53.5,23.57,Loyal Stage
9347db75834c15caa6cb43e142c36fff,0.0,76.33,23.67,Regular Customer,Regular Marketing,38.16,53.43,23.67,Loyal Stage
934b9eb4677a33e446ebfe58a95794aa,0.0,76.33,23.67,Regular Customer,Regular Marketing,38.16,53.43,23.67,Loyal Stage
9361f66eb5cc5b3ae26947ad3363cbd2,197.38,76.52,23.48,VIP Customer,VIP Loyalty Benefits,38.99,54.0,23.48,Loyal Stage
9362389b0141a14ba2ae3c5878abd9fe,82.99,75.78,24.22,Regular Customer,Regular Marketing,38.2,53.23,24.22,Loyal Stage
9369070284424eca0fc33f978f2e8d0f,95.0,75.74,24.26,Regular Customer,Regular Marketing,38.22,53.23,24.26,Loyal Stage
937957cb1bc6deab6796d96f528d849d,329.8,76.82,23.18,VIP Customer,VIP Loyalty Benefits,39.64,54.51,23.18,Loyal Stage
937b44814a66ca475bed2512106e6d9b,28.99,76.01,23.99,Regular Customer,Regular Marketing,38.11,53.27,23.99,Loyal Stage
938638b4e8e194db5e20e3deb15a975f,22.99,76.72,23.28,Regular Customer,Regular Marketing,38.45,53.76,23.28,Loyal Stage
93b52b7591ca73fc44cdac70146a1b0d,129.9,76.16,23.84,Regular Customer,Regular Marketing,38.56,53.6,23.84,Loyal Stage
93b592cbb89abbda7dc554c39add344e,48.9,77.02,22.98,Regular Customer,Regular Marketing,38.69,54.02,22.98,Loyal Stage
93bc57358bbdea8f97a79a38f2319008,19.99,75.99,24.01,Regular Customer,Regular Marketing,38.07,53.24,24.01,Loyal Stage
93cfca541bfad0e9ea4885dbc7c8d2af,44.4,76.96,23.04,Regular Customer,Regular Marketing,38.65,53.97,23.04,Loyal Stage
93d4195a3ac24aa91929297338b56d6c,19.49,76.2,23.8,Regular Customer,Regular Marketing,38.17,53.38,23.8,Loyal Stage
93d5e580e27ed4d75679467817ab734d,229.99,76.31,23.69,VIP Customer,VIP Loyalty Benefits,39.01,53.93,23.69,Loyal Stage
93db82a737772d3f4ebdac173012fdf1,39.6,76.23,23.77,Regular Customer,Regular Marketing,38.26,53.45,23.77,Loyal Stage
93e0446b907d0a5fc78835cc52c0f3ee,0.0,75.81,24.19,Regular Customer,Regular Marketing,37.9,53.06,24.19,Loyal Stage
9406b09ee310bd556a634c55e6781208,97.5,76.83,23.17,Regular Customer,Regular Marketing,38.78,54.0,23.17,Loyal Stage
9414b67cf7f338e04d81f867351fd11c,389.0,77.27,22.73,VIP Customer,VIP Loyalty Benefits,40.08,54.96,22.73,Loyal Stage
941c731b8ffe27940e64d4b4793a2cd4,69.9,76.02,23.98,Regular Customer,Regular Marketing,38.27,53.37,23.98,Loyal Stage
942c87794610b49b670506def94b8f17,656.43,77.35,22.65,VIP Customer,VIP Loyalty Benefits,41.12,55.61,22.65,Loyal Stage
9434e757129676718dc007913135938e,122.99,76.87,23.13,Regular Customer,Regular Marketing,38.89,54.08,23.13,Loyal Stage
9435bf9cb949594e48029575dfa3461b,59.0,75.43,24.57,Regular Customer,Regular Marketing,37.93,52.93,24.57,Loyal Stage
9439251e563c4ea556db0b4dd90e6ea6,379.0,76.48,23.52,VIP Customer,VIP Loyalty Benefits,39.65,54.38,23.52,Loyal Stage
944779ed5e0464b49fbb2108382b0ddf,169.0,76.37,23.63,VIP Customer,VIP Loyalty Benefits,38.81,53.83,23.63,Loyal Stage
9460af1d681311224e08f4e6e00bf644,17.9,76.82,23.18,Regular Customer,Regular Marketing,38.48,53.82,23.18,Loyal Stage
94712531d11aaf8c9dd6732d10e46a7d,27.9,76.11,23.89,Regular Customer,Regular Marketing,38.16,53.34,23.89,Loyal Stage
94819dfaf894533d1106264e5b378a00,775.0,76.75,23.25,VIP Customer,VIP Loyalty Benefits,41.26,55.46,23.25,Loyal Stage
949b75abf6fdda78201547bf5f4c07f5,0.0,76.07,23.93,Regular Customer,Regular Marketing,38.03,53.25,23.93,Loyal Stage
94bb77e54d5b07b5fb1aee271da6c0a1,49.0,76.19,23.81,Regular Customer,Regular Marketing,38.28,53.44,23.81,Loyal Stage
94c78fbcb30456aa60064d87f14165f6,107.9,77.06,22.94,Regular Customer,Regular Marketing,38.93,54.18,22.94,Loyal Stage
94cac7a901fa7a145722dfd0a147b050,209.88,77.05,22.95,VIP Customer,VIP Loyalty Benefits,39.31,54.41,22.95,Loyal Stage
94cdb721bcebdc1abed657ece8d70413,420.0,75.97,24.03,VIP Customer,VIP Loyalty Benefits,39.55,54.12,24.03,Loyal Stage
94e81a0c24d50092623b2f5e8d5d88d6,135.9,77.1,22.9,Regular Customer,Regular Marketing,39.06,54.28,22.9,Loyal Stage
94fd3be3efb7f99e4b29fbc55faa7a11,105.99,76.9,23.1,Regular Customer,Regular Marketing,38.84,54.06,23.1,Loyal Stage
950bc6a4988c1e542ef65b3ec1718c0e,244.0,77.36,22.64,VIP Customer,VIP Loyalty Benefits,39.59,54.7,22.64,Loyal Stage
9514faadedf04aec66980238b2abfd06,99.9,77.35,22.65,Regular Customer,Regular Marketing,39.05,54.37,22.65,Loyal Stage
95173cac218c7f339439a93b929baa95,25.99,75.38,24.62,Regular Customer,Regular Marketing,37.79,52.83,24.62,Loyal Stage
951a6d4dc50443180d5e4f20f02693ad,23.9,76.98,23.02,Regular Customer,Regular Marketing,38.58,53.94,23.02,Loyal Stage
951e43ac800150729e3a81fd88e64503,39.9,77.42,22.58,Regular Customer,Regular Marketing,38.86,54.28,22.58,Loyal Stage
95258696e00ac71640c49bf140e86620,113.98,76.65,23.35,Regular Customer,Regular Marketing,38.75,53.91,23.35,Loyal Stage
952b39fb64312b177f6c1b27924dea54,0.0,75.5,24.5,Regular Customer,Regular Marketing,37.75,52.85,24.5,Loyal Stage
953514c82635bd8455f73c54418c866e,62.5,75.59,24.41,Regular Customer,Regular Marketing,38.03,53.05,24.41,Loyal Stage
95363a8b986159a83ccaf81b29ab9335,19.9,76.1,23.9,Regular Customer,Regular Marketing,38.12,53.31,23.9,Loyal Stage
954563d7d5bd56bdc5063256d610dab4,35.99,76.69,23.31,Regular Customer,Regular Marketing,38.48,53.76,23.31,Loyal Stage
954b7bf38f6844c27fc1d08957e5a500,38.79,76.9,23.1,Regular Customer,Regular Marketing,38.59,53.91,23.1,Loyal Stage
95588512dfe0237d8618882799288174,0.0,75.45,24.55,Regular Customer,Regular Marketing,37.72,52.81,24.55,Loyal Stage
9565b6eb599caea334238cf517c2408b,85.0,75.93,24.07,Regular Customer,Regular Marketing,38.28,53.34,24.07,Loyal Stage
956daa5a642d90beefe825a262c55b7e,26.5,76.26,23.74,Regular Customer,Regular Marketing,38.23,53.44,23.74,Loyal Stage
958ac7760e5484df1496ba5833ab6117,0.0,77.0,23.0,Regular Customer,Regular Marketing,38.5,53.9,23.0,Loyal Stage
95925cca0fef7730a06810c4e852ce5e,85.0,77.13,22.87,Regular Customer,Regular Marketing,38.88,54.18,22.87,Loyal Stage
95a34ff56c1b281831e7d4036b90c366,0.0,75.7,24.3,Regular Customer,Regular Marketing,37.85,52.99,24.3,Loyal Stage
95a7abf9b431f060b678258de8b211a4,69.0,76.69,23.31,Regular Customer,Regular Marketing,38.6,53.84,23.31,Loyal Stage
95aec963a6193f24401417870b648031,102.0,75.65,24.35,Regular Customer,Regular Marketing,38.2,53.18,24.35,Loyal Stage
95b1cb35aa91d54d59bc51c85b4de0a6,22.5,76.0,24.0,Regular Customer,Regular Marketing,38.08,53.25,24.0,Loyal Stage
95b621869cf337eac6bd9d42bf59c0c9,49.91,75.78,24.22,Regular Customer,Regular Marketing,38.08,53.16,24.22,Loyal Stage
95b91c055d768572e82f253201adf513,549.0,76.01,23.99,VIP Customer,VIP Loyalty Benefits,40.05,54.43,23.99,Loyal Stage
95cc1118ff67d9215f9d961a3719910c,109.9,76.23,23.77,Regular Customer,Regular Marketing,38.52,53.6,23.77,Loyal Stage
95cdf97b27ee968c78c00f794fba1adf,50.0,76.61,23.39,Regular Customer,Regular Marketing,38.49,53.74,23.39,Loyal Stage
95f225051e0d3ec011afce7cc422668f,139.9,77.0,23.0,VIP Customer,VIP Loyalty Benefits,39.02,54.21,23.0,Loyal Stage
95f2b2cbceea5975a3f2327282408348,99.9,76.11,23.89,Regular Customer,Regular Marketing,38.43,53.5,23.89,Loyal Stage
95f35e8d2e1ef9739f8e1aac0f0b74ca,25.99,77.29,22.71,Regular Customer,Regular Marketing,38.74,54.16,22.71,Loyal Stage
9602e5cc2967f434e775196bb06b9300,20.99,76.1,23.9,Regular Customer,Regular Marketing,38.13,53.32,23.9,Loyal Stage
960a0f31380c590db0df6c9300b38d9b,9.99,77.32,22.68,Regular Customer,Regular Marketing,38.7,54.15,22.68,Loyal Stage
960c22d4f63e80baa5cddcc1f77e5415,69.9,76.9,23.1,Regular Customer,Regular Marketing,38.71,53.99,23.1,Loyal Stage
960cd781de6f284ffe6a1af944d8811e,355.9,77.22,22.78,VIP Customer,VIP Loyalty Benefits,39.93,54.85,22.78,Loyal Stage
960f3d06dd3ce9d5b1093462141e596d,0.0,76.28,23.72,Regular Customer,Regular Marketing,38.14,53.4,23.72,Loyal Stage
961917d3393ed7ae96d4f140181f0e16,19.99,77.03,22.97,Regular Customer,Regular Marketing,38.59,53.97,22.97,Loyal Stage
9635cc2dc37d7d02dea728765b4055f2,64.8,76.78,23.22,Regular Customer,Regular Marketing,38.63,53.89,23.22,Loyal Stage
964419499a4f095f129f60a9e45e419b,0.0,76.12,23.88,Regular Customer,Regular Marketing,38.06,53.28,23.88,Loyal Stage
9655822fce78843a1c9fa79e6180346c,0.0,77.0,23.0,Regular Customer,Regular Marketing,38.5,53.9,23.0,Loyal Stage
965d76d83cba60e9985e4eb043a7e6c0,0.0,76.33,23.67,Regular Customer,Regular Marketing,38.16,53.43,23.67,Loyal Stage
9664301d1d552e283292f25928728393,49.49,75.62,24.38,Regular Customer,Regular Marketing,37.99,53.04,24.38,Loyal Stage
966972c5fb82afe633c9e3d374cb9dbd,0.0,75.91,24.09,Regular Customer,Regular Marketing,37.96,53.14,24.09,Loyal Stage
966f5f842a004b7bc13d636f1b0fdf9c,0.0,76.02,23.98,Regular Customer,Regular Marketing,38.01,53.21,23.98,Loyal Stage
96746b215a906b029fce5ce8d9c625ca,95.0,75.79,24.21,Regular Customer,Regular Marketing,38.25,53.27,24.21,Loyal Stage
967d07493b6792043f97262a0a4b15f8,78.76,76.03,23.97,Regular Customer,Regular Marketing,38.31,53.4,23.97,Loyal Stage
9689908caf4de73724feed92175d867a,318.98,74.14,25.86,VIP Customer,VIP Loyalty Benefits,38.26,52.61,25.86,Loyal Stage
968b624070feadc6205e18b1c6294671,39.9,76.13,23.87,Regular Customer,Regular Marketing,38.21,53.38,23.87,Loyal Stage
968f4bd1f9c551649e4a3a352615d43a,198.9,77.19,22.81,VIP Customer,VIP Loyalty Benefits,39.33,54.47,22.81,Loyal Stage
968fac81e2c44fb6c1e3ac2a45e6a102,0.0,77.67,22.33,Regular Customer,Regular Marketing,38.84,54.37,22.33,Loyal Stage
9691d22346754dd206a2b68a0b418096,110.0,75.66,24.34,Regular Customer,Regular Marketing,38.24,53.21,24.34,Loyal Stage
969e70114da622b7dbf67164497a279a,169.9,75.8,24.2,VIP Customer,VIP Loyalty Benefits,38.53,53.44,24.2,Loyal Stage
969fc1479dee95080c6854fecd1b57f5,119.9,77.07,22.93,Regular Customer,Regular Marketing,38.98,54.22,22.93,Loyal Stage
96b0a471aba52c813773729f3831ba52,220.64,77.17,22.83,VIP Customer,VIP Loyalty Benefits,39.41,54.51,22.83,Loyal Stage
96c1692c4cb26d24d406a32cdbbfde25,58.9,76.83,23.17,Regular Customer,Regular Marketing,38.63,53.91,23.17,Loyal Stage
96c6d4dd554cfd34869b06fe26ff3260,238.0,76.42,23.58,VIP Customer,VIP Loyalty Benefits,39.1,54.03,23.58,Loyal Stage
96cac4721c9a7a61d574c379183c2fba,29.99,75.9,24.1,Regular Customer,Regular Marketing,38.06,53.2,24.1,Loyal Stage
96d22e8028e8282c16059657709efd97,53.3,76.36,23.64,Regular Customer,Regular Marketing,38.38,53.57,23.64,Loyal Stage
96e9a6223e3064cbe7b469d3c20fa9f5,138.0,75.71,24.29,Regular Customer,Regular Marketing,38.37,53.31,24.29,Loyal Stage
96ff0ab5cbec1a9209e8ed0eb64ea544,59.98,76.73,23.27,Regular Customer,Regular Marketing,38.59,53.85,23.27,Loyal Stage
971805e691e4fcd4926ed761644b9d71,169.9,76.78,23.22,VIP Customer,VIP Loyalty Benefits,39.02,54.12,23.22,Loyal Stage
972181580a78cb0d90f4286d5a92e5eb,26.9,76.73,23.27,Regular Customer,Regular Marketing,38.47,53.77,23.27,Loyal Stage
97258e1c1f77f32358eccd1c9ee5954d,139.99,76.29,23.71,VIP Customer,VIP Loyalty Benefits,38.67,53.72,23.71,Loyal Stage
97486266dbd1e557a24a5044981c5a9e,0.0,75.7,24.3,Regular Customer,Regular Marketing,37.85,52.99,24.3,Loyal Stage
97589b6fa0b2d64caa1904274de130ef,111.8,76.75,23.25,Regular Customer,Regular Marketing,38.79,53.97,23.25,Loyal Stage
975d871f4d53cf89c6d11b1bce0f8077,0.0,76.48,23.52,Regular Customer,Regular Marketing,38.24,53.54,23.52,Loyal Stage
9762e6c31b598116ac89680124fe173e,0.0,75.7,24.3,Regular Customer,Regular Marketing,37.85,52.99,24.3,Loyal Stage
976983e03a6cbf97cc98c15661ace7b8,24.0,75.58,24.42,Regular Customer,Regular Marketing,37.88,52.96,24.42,Loyal Stage
976e9c3a12631871a0f102cfa256dd75,0.0,76.48,23.52,Regular Customer,Regular Marketing,38.24,53.54,23.52,Loyal Stage
976ff4311a82ab791a4798d19cf5fc67,0.0,75.65,24.35,Regular Customer,Regular Marketing,37.83,52.96,24.35,Loyal Stage
977b4a7bb7d2b75fcf72d0b2079f6078,99.98,76.16,23.84,Regular Customer,Regular Marketing,38.45,53.53,23.84,Loyal Stage
9787d0846546b31493d257d97f714f99,0.0,75.76,24.24,Regular Customer,Regular Marketing,37.88,53.03,24.24,Loyal Stage
978a800d90e640f035c08b4ee99dbaf9,129.0,76.88,23.12,Regular Customer,Regular Marketing,38.92,54.1,23.12,Loyal Stage
978dd40d16cefafe1800aaac355d0def,19.9,75.73,24.27,Regular Customer,Regular Marketing,37.94,53.06,24.27,Loyal Stage
979c082388d594af8ca214fb5dbca747,59.9,75.9,24.1,Regular Customer,Regular Marketing,38.17,53.26,24.1,Loyal Stage
97a04385cfbec0c373a1495e4b9427d5,319.6,77.16,22.84,VIP Customer,VIP Loyalty Benefits,39.77,54.73,22.84,Loyal Stage
97a59d8df259fc964075d71fff2656d0,20.9,76.41,23.59,Regular Customer,Regular Marketing,38.28,53.53,23.59,Loyal Stage
97a8c192968ddbded45b8fc64563ac3e,139.9,76.12,23.88,VIP Customer,VIP Loyalty Benefits,38.58,53.6,23.88,Loyal Stage
97c3a87ab5d63e6debeb38c8fc2aa765,839.0,77.06,22.94,VIP Customer,VIP Loyalty Benefits,41.65,55.81,22.94,Loyal Stage
97ccc019a6887ec03f664f02035a93df,124.0,75.63,24.37,Regular Customer,Regular Marketing,38.28,53.22,24.37,Loyal Stage
97cce9cfd565d0c7710a453ee93e220d,0.0,76.53,23.47,Regular Customer,Regular Marketing,38.26,53.57,23.47,Loyal Stage
97e1761b97da48fb11d3c8e1ed9be8dc,39.0,77.21,22.79,Regular Customer,Regular Marketing,38.75,54.13,22.79,Loyal Stage
97e42e3e7b1f76dd3c04a0aac41e3173,1099.0,78.64,21.36,VIP Customer,VIP Loyalty Benefits,43.41,57.5,21.36,Loyal Stage
981146523d8e000b77f1b136643bb776,155.0,77.49,22.51,VIP Customer,VIP Loyalty Benefits,39.32,54.59,22.51,Loyal Stage
98133f3d328de825de71642dc8a49467,76.0,75.51,24.49,Regular Customer,Regular Marketing,38.04,53.03,24.49,Loyal Stage
981434a709f694e96911faaa47eb2352,0.0,76.64,23.36,Regular Customer,Regular Marketing,38.32,53.65,23.36,Loyal Stage
981487ad8cc46b374cac102e632f99d7,39.9,75.71,24.29,Regular Customer,Regular Marketing,38.0,53.08,24.29,Loyal Stage
9819390871759f4e81b4e1843e4d5c42,220.64,76.4,23.6,VIP Customer,VIP Loyalty Benefits,39.02,53.97,23.6,Loyal Stage
982225d263b534c62133d7399fb264b1,124.9,77.13,22.87,Regular Customer,Regular Marketing,39.03,54.27,22.87,Loyal Stage
98291bb2060671474e3307b1fd3e621c,106.9,77.36,22.64,Regular Customer,Regular Marketing,39.08,54.39,22.64,Loyal Stage
982cd72d36a006db9ea1001555fc5f8a,160.65,76.93,23.07,VIP Customer,VIP Loyalty Benefits,39.06,54.21,23.07,Loyal Stage
9845116b46a09e48f157a11f4f340280,129.9,76.52,23.48,Regular Customer,Regular Marketing,38.74,53.85,23.48,Loyal Stage
9858c785781f08bd45191d685e5034f3,199.0,77.6,22.4,VIP Customer,VIP Loyalty Benefits,39.54,54.76,22.4,Loyal Stage
9864e405ffd4792b33e48e3976a6a2f9,29.64,75.39,24.61,Regular Customer,Regular Marketing,37.81,52.84,24.61,Loyal Stage
98656098821004280b916203db00398b,29.8,77.15,22.85,Regular Customer,Regular Marketing,38.69,54.07,22.85,Loyal Stage
9869013f22dd1e6b56c991ceeb8118e7,80.0,75.98,24.02,Regular Customer,Regular Marketing,38.29,53.37,24.02,Loyal Stage
987cd28cbb639f60404d8864ac8f6a41,229.9,76.31,23.69,VIP Customer,VIP Loyalty Benefits,39.01,53.93,23.69,Loyal Stage
9884599a18fe9f4a96352d0e9f36dc2c,44.9,76.86,23.14,Regular Customer,Regular Marketing,38.6,53.9,23.14,Loyal Stage
988b81dfa23d990287d6ba1cde7db614,0.0,75.6,24.4,Regular Customer,Regular Marketing,37.8,52.92,24.4,Loyal Stage
98a03156be35672ba83b57d01af7a424,85.0,76.4,23.6,Regular Customer,Regular Marketing,38.52,53.67,23.6,Loyal Stage
98a2c52988a695f74da3bd761ab640ec,79.9,76.86,23.14,Regular Customer,Regular Marketing,38.73,53.98,23.14,Loyal Stage
98a999d2745802e76ee3055041359237,35.2,76.9,23.1,Regular Customer,Regular Marketing,38.58,53.91,23.1,Loyal Stage
98bf5cbff159d8f79277af933854697b,119.0,76.3,23.7,Regular Customer,Regular Marketing,38.59,53.67,23.7,Loyal Stage
98c119f8f9c3bc5cce350b820bca3d43,35.0,76.02,23.98,Regular Customer,Regular Marketing,38.14,53.29,23.98,Loyal Stage
98cebbe1e5b9f6770fbbda3124028bdd,0.0,76.53,23.47,Regular Customer,Regular Marketing,38.26,53.57,23.47,Loyal Stage
98cf2f6f61000afafb2c1a276f5c21ba,46.8,75.57,24.43,Regular Customer,Regular Marketing,37.96,53.0,24.43,Loyal Stage
98d64cb8cf9878369a43bde681e16463,22.0,75.43,24.57,Regular Customer,Regular Marketing,37.8,52.85,24.57,Loyal Stage
98e3117841a2431959d17808f04bf23c,274.8,73.31,26.69,VIP Customer,VIP Loyalty Benefits,37.68,51.93,26.69,Loyal Stage
98ea40824c7fd232e76771e9786aaa76,0.0,76.28,23.72,Regular Customer,Regular Marketing,38.14,53.4,23.72,Loyal Stage
98ee363e6072583fdc54881c8bb7f67e,76.0,76.18,23.82,Regular Customer,Regular Marketing,38.37,53.49,23.82,Loyal Stage
98f04fe48471de2a411edc708bcd52a1,0.0,77.2,22.8,Regular Customer,Regular Marketing,38.6,54.04,22.8,Loyal Stage
98f7491a151cddb2d312ee194826c2eb,89.99,76.77,23.23,Regular Customer,Regular Marketing,38.72,53.94,23.23,Loyal Stage
990228d4f60cef7388323d8fc67d7169,44.9,75.98,24.02,Regular Customer,Regular Marketing,38.16,53.29,24.02,Loyal Stage
9912f49baede3c786db172a7251e93c2,0.0,75.65,24.35,Regular Customer,Regular Marketing,37.83,52.96,24.35,Loyal Stage
991d8d6fd4f06905faf01b1a17505535,109.0,76.44,23.56,Regular Customer,Regular Marketing,38.63,53.75,23.56,Loyal Stage
991f43020923fe70219ca5e44119ec16,79.9,76.45,23.55,Regular Customer,Regular Marketing,38.52,53.69,23.55,Loyal Stage
993ac39b14e1d7d2f325adbd31b831ab,99.98,77.46,22.54,Regular Customer,Regular Marketing,39.1,54.44,22.54,Loyal Stage
994cf0ee7af82a0fecac91a978eba7dc,0.0,76.22,23.78,Regular Customer,Regular Marketing,38.11,53.35,23.78,Loyal Stage
99708808b846a3b010608466cf4edc52,196.0,76.72,23.28,VIP Customer,VIP Loyalty Benefits,39.09,54.14,23.28,Loyal Stage
997871867623123ec99795f318b62c81,26.4,75.8,24.2,Regular Customer,Regular Marketing,38.0,53.12,24.2,Loyal Stage
99829659b11fdc940b09a440412559bc,58.0,75.95,24.05,Regular Customer,Regular Marketing,38.19,53.29,24.05,Loyal Stage
9987f1d85f8bf5863cd2fd4ab034d23b,59.9,75.49,24.51,Regular Customer,Regular Marketing,37.97,52.98,24.51,Loyal Stage
9988d896f4da053721eb16cafd268522,0.0,76.17,23.83,Regular Customer,Regular Marketing,38.08,53.32,23.83,Loyal Stage
998f20f15dcdc4cd0dcc8ae495645864,284.0,76.45,23.55,VIP Customer,VIP Loyalty Benefits,39.28,54.15,23.55,Loyal Stage
999c2da896c0a7e316253dd8b876242b,110.32,76.96,23.04,Regular Customer,Regular Marketing,38.89,54.12,23.04,Loyal Stage
999f73c83406dbc29f4c830fdb87b26b,74.99,76.39,23.61,Regular Customer,Regular Marketing,38.47,53.64,23.61,Loyal Stage
99a5e65c7e10304c6e5a9f9c241abb5c,118.8,76.55,23.45,Regular Customer,Regular Marketing,38.72,53.85,23.45,Loyal Stage
99a85972598ac28ae4f203676e133b31,99.9,77.1,22.9,Regular Customer,Regular Marketing,38.92,54.19,22.9,Loyal Stage
99b919a466001110a220392ef603ceac,0.0,76.79,23.21,Regular Customer,Regular Marketing,38.4,53.76,23.21,Loyal Stage
99c7aea61d6fbc8f439b6e2a663eb70e,65.9,76.63,23.37,Regular Customer,Regular Marketing,38.56,53.79,23.37,Loyal Stage
99cc2b3265f21c481b4dd4e1e0d3272e,56.1,76.88,23.12,Regular Customer,Regular Marketing,38.65,53.94,23.12,Loyal Stage
99d2a67470a906a6a8e3dd375750bc85,504.8,76.78,23.22,VIP Customer,VIP Loyalty Benefits,40.27,54.87,23.22,Loyal Stage
99d5d413cb5c987d03bfceba3e6728cd,132.08,77.09,22.91,Regular Customer,Regular Marketing,39.04,54.26,22.91,Loyal Stage
99eb84fd8716615abf2e294d20f306a2,79.99,76.81,23.19,Regular Customer,Regular Marketing,38.7,53.94,23.19,Loyal Stage
99ed8f3804f84832434ca928bcdee624,0.0,75.96,24.04,Regular Customer,Regular Marketing,37.98,53.17,24.04,Loyal Stage
99f4235bb5deb521b806dc9e5d30e163,107.99,76.74,23.26,Regular Customer,Regular Marketing,38.77,53.96,23.26,Loyal Stage
99f6c473d8738d88f9c774d331aa1bcb,68.8,76.63,23.37,Regular Customer,Regular Marketing,38.57,53.79,23.37,Loyal Stage
99f7e9e33601710413f79eb33e4f5b10,280.0,76.44,23.56,VIP Customer,VIP Loyalty Benefits,39.26,54.13,23.56,Loyal Stage
99f7fad55b93ef28bda9d8fe5561dc3b,599.8,76.96,23.04,VIP Customer,VIP Loyalty Benefits,40.71,55.21,23.04,Loyal Stage
99fb64bfe0cd6a4d70d01cac2c100dbe,0.0,76.28,23.72,Regular Customer,Regular Marketing,38.14,53.4,23.72,Loyal Stage
9a200825c9446733d069a82b7f5047d4,119.99,76.04,23.96,Regular Customer,Regular Marketing,38.47,53.5,23.96,Loyal Stage
9a2de4881b1c6afeef127a0cbaab68e4,0.0,75.5,24.5,Regular Customer,Regular Marketing,37.75,52.85,24.5,Loyal Stage
9a472b2130845c605e1581b58e27b504,220.64,76.91,23.09,VIP Customer,VIP Loyalty Benefits,39.28,54.33,23.09,Loyal Stage
9a599d443e9775f7c16096d465a5a3a2,22.9,76.0,24.0,Regular Customer,Regular Marketing,38.09,53.25,24.0,Loyal Stage
9a5db76deec0f13d3e1df2367a984b8a,35.9,76.79,23.21,Regular Customer,Regular Marketing,38.53,53.83,23.21,Loyal Stage
9a65dbebd1fc503bcff809884ee4639c,31.98,75.91,24.09,Regular Customer,Regular Marketing,38.07,53.21,24.09,Loyal Stage
9a8189578efbd707c49a4578d3406ef6,58.2,76.83,23.17,Regular Customer,Regular Marketing,38.63,53.91,23.17,Loyal Stage
9aa679326b151fc564c2a238f361aa7d,21.7,75.63,24.37,Regular Customer,Regular Marketing,37.9,52.99,24.37,Loyal Stage
9ab1fa98e23aa9eaa9b285974d105e96,0.0,76.38,23.62,Regular Customer,Regular Marketing,38.19,53.47,23.62,Loyal Stage
9ab2ee475b0b0398d2c9b9a5347ca531,74.9,76.59,23.41,Regular Customer,Regular Marketing,38.57,53.78,23.41,Loyal Stage
9ab4feb7c135d6c20aa7e6d68a89b35d,0.0,76.9,23.1,Regular Customer,Regular Marketing,38.45,53.83,23.1,Loyal Stage
9ac505349fbfdb42cbe2cfd832420db0,69.99,75.65,24.35,Regular Customer,Regular Marketing,38.09,53.11,24.35,Loyal Stage
9acdbfe69422cba27ed820c7bf532b94,129.0,77.09,22.91,Regular Customer,Regular Marketing,39.02,54.25,22.91,Loyal Stage
9ace74538dd1a190c2a4122a2e91c1a6,0.0,76.58,23.42,Regular Customer,Regular Marketing,38.29,53.61,23.42,Loyal Stage
9ad4e831d6e44322c9110d32feab5f35,36.9,76.85,23.15,Regular Customer,Regular Marketing,38.56,53.88,23.15,Loyal Stage
9af4bfb061d2b598f4352e22dfd145bd,12.88,75.52,24.48,Regular Customer,Regular Marketing,37.81,52.89,24.48,Loyal Stage
9b0d19e28982e84c4fe28593fa70329c,0.0,76.48,23.52,Regular Customer,Regular Marketing,38.24,53.54,23.52,Loyal Stage
9b1d4ea0e572459ee5e947abf3ca631d,155.0,76.61,23.39,VIP Customer,VIP Loyalty Benefits,38.88,53.97,23.39,Loyal Stage
9b352d0736779ff0e21fcbd59a7141b3,149.0,76.55,23.45,VIP Customer,VIP Loyalty Benefits,38.83,53.92,23.45,Loyal Stage
9b3b1250fb6c3987a2327cd72e8954d3,54.9,76.1,23.9,Regular Customer,Regular Marketing,38.25,53.39,23.9,Loyal Stage
9b475216704f39cb18ce448648b995e1,92.9,76.57,23.43,Regular Customer,Regular Marketing,38.63,53.81,23.43,Loyal Stage
9b495a90cb9498ad09a99f7c9f4213a3,109.0,76.64,23.36,Regular Customer,Regular Marketing,38.73,53.89,23.36,Loyal Stage
9b4b1b1d44cac8c95347eab0cf4231c8,19.99,76.46,23.54,Regular Customer,Regular Marketing,38.3,53.56,23.54,Loyal Stage
9b4eb1f9f270b301f8d4b2a4eb076017,215.0,75.97,24.03,VIP Customer,VIP Loyalty Benefits,38.78,53.66,24.03,Loyal Stage
9b50e23aaf9aa3767ffd0ebf4a6038a8,25.0,76.21,23.79,Regular Customer,Regular Marketing,38.2,53.4,23.79,Loyal Stage
9b5cbf747b4abb342ac133d9bc135c64,65.0,77.25,22.75,Regular Customer,Regular Marketing,38.87,54.22,22.75,Loyal Stage
9b64d22cbbf5f2c7bc5d137d252e54bd,119.9,76.04,23.96,Regular Customer,Regular Marketing,38.47,53.5,23.96,Loyal Stage
9b69530e0634e85ed714be31be339682,59.0,75.43,24.57,Regular Customer,Regular Marketing,37.93,52.93,24.57,Loyal Stage
9b74eb2e52bbbb88985c2fb43e02beae,102.88,76.95,23.05,Regular Customer,Regular Marketing,38.86,54.1,23.05,Loyal Stage
9b7abdc69d49bc881ca3913c9f8aa842,44.99,76.44,23.56,Regular Customer,Regular Marketing,38.39,53.61,23.56,Loyal Stage
9b82602fc3e9a153752f16553752d58d,238.1,75.95,24.05,VIP Customer,VIP Loyalty Benefits,38.86,53.7,24.05,Loyal Stage
9b974e428ce09e822df7ba82b5a66b1d,81.18,77.02,22.98,Regular Customer,Regular Marketing,38.81,54.09,22.98,Loyal Stage
9b983fb4579a3ac4c22c46d19bea7377,101.2,76.06,23.94,Regular Customer,Regular Marketing,38.41,53.47,23.94,Loyal Stage
9ba29d0b6083786c4e627ddda703b5cd,21.9,76.41,23.59,Regular Customer,Regular Marketing,38.29,53.54,23.59,Loyal Stage
9bb17125558a326bc9db37d5ba89cbff,69.0,75.86,24.14,Regular Customer,Regular Marketing,38.19,53.26,24.14,Loyal Stage
9bb884a82084120f71db97d7f0bb3507,0.0,76.17,23.83,Regular Customer,Regular Marketing,38.08,53.32,23.83,Loyal Stage
9bb92bebd4cb7511e1a02d5e50bc4655,0.0,79.02,20.98,Regular Customer,Regular Marketing,39.51,55.31,20.98,Loyal Stage
9bbd4425ee9d09fee42b757d0ce8fe22,0.0,76.43,23.57,Regular Customer,Regular Marketing,38.22,53.5,23.57,Loyal Stage
9bc3b3b03ac9c6c132aab1353e0d0dd9,798.0,77.62,22.38,VIP Customer,VIP Loyalty Benefits,41.78,56.12,22.38,Loyal Stage
9bcc66697a3c229fe7e4a27b5b219b75,22.9,76.67,23.33,Regular Customer,Regular Marketing,38.42,53.72,23.33,Loyal Stage
9bcdaf625493e8a678434f21285182fd,0.0,75.34,24.66,Regular Customer,Regular Marketing,37.67,52.74,24.66,Loyal Stage
9bcde0680c919dafc624bb445db28e7c,199.0,77.09,22.91,VIP Customer,VIP Loyalty Benefits,39.29,54.41,22.91,Loyal Stage
9bdeb44994c8a469d0555497fd70c3d5,89.7,76.56,23.44,Regular Customer,Regular Marketing,38.61,53.79,23.44,Loyal Stage
9c0284191406869263a38454cd28fb7d,89.9,76.46,23.54,Regular Customer,Regular Marketing,38.56,53.72,23.54,Loyal Stage
9c047eaba595212eef2c82ccee044f21,0.0,75.91,24.09,Regular Customer,Regular Marketing,37.96,53.14,24.09,Loyal Stage
9c10757abff082d82b5a522d88766395,105.0,76.95,23.05,Regular Customer,Regular Marketing,38.87,54.1,23.05,Loyal Stage
9c159cc781864a35bd6148db6e364aab,0.0,76.17,23.83,Regular Customer,Regular Marketing,38.08,53.32,23.83,Loyal Stage
9c1c77b7686a68db196d382910e75d10,0.0,76.07,23.93,Regular Customer,Regular Marketing,38.03,53.25,23.93,Loyal Stage
9c2585f927eee84bd3856201a2a1bc96,79.99,76.6,23.4,Regular Customer,Regular Marketing,38.6,53.8,23.4,Loyal Stage
9c28d882ff4322a7f25d34807c52b6f7,49.9,75.99,24.01,Regular Customer,Regular Marketing,38.18,53.3,24.01,Loyal Stage
9c330533c835ab41963b6e398914d43f,0.0,76.17,23.83,Regular Customer,Regular Marketing,38.08,53.32,23.83,Loyal Stage
9c3af16efacb7aa06aa3bc674556c5d6,0.0,78.81,21.19,Regular Customer,Regular Marketing,39.4,55.16,21.19,Loyal Stage
9c448549919ee7693e876a9536a9699a,28.9,76.27,23.73,Regular Customer,Regular Marketing,38.24,53.45,23.73,Loyal Stage
9c47d2a6bee13d14391057197fb4def3,84.9,76.3,23.7,Regular Customer,Regular Marketing,38.47,53.6,23.7,Loyal Stage
9c49fa7a57ef2dc5b85da10af332a1bc,0.0,75.34,24.66,Regular Customer,Regular Marketing,37.67,52.74,24.66,Loyal Stage
9c5b8288840b8c9dc1ba41fd831fe15b,270.0,77.3,22.7,VIP Customer,VIP Loyalty Benefits,39.65,54.71,22.7,Loyal Stage
9c5fc254e0b7e291be53e847dac81d25,14.9,75.52,24.48,Regular Customer,Regular Marketing,37.82,52.9,24.48,Loyal Stage
9c6df4f732107bea2f1afbdf84ca2201,31.5,75.7,24.3,Regular Customer,Regular Marketing,37.97,53.06,24.3,Loyal Stage
9c7dea3aa16d6a972fa85ba49976a2a3,0.0,76.07,23.93,Regular Customer,Regular Marketing,38.03,53.25,23.93,Loyal Stage
9c8cd7e1a0a0224f2846f8766eb1c6ee,50.2,76.09,23.91,Regular Customer,Regular Marketing,38.23,53.37,23.91,Loyal Stage
9c9242ad7f1b52d926ea76778e1c0c57,0.0,76.38,23.62,Regular Customer,Regular Marketing,38.19,53.47,23.62,Loyal Stage
9c9db470bcda9cb57fed04c03452cd0e,129.0,76.93,23.07,Regular Customer,Regular Marketing,38.94,54.14,23.07,Loyal Stage
9ca827c6f2b4068619212d6809fc64c7,0.0,76.02,23.98,Regular Customer,Regular Marketing,38.01,53.21,23.98,Loyal Stage
9cadc891447cf05c928600d185e170f7,0.0,76.84,23.16,Regular Customer,Regular Marketing,38.42,53.79,23.16,Loyal Stage
9cb59104da2858f0ed4ddc7b9d331f7b,647.0,76.16,23.84,VIP Customer,VIP Loyalty Benefits,40.49,54.76,23.84,Loyal Stage
9cb5b6ca9f36f66e35b55cd70fb81d12,78.0,76.34,23.66,Regular Customer,Regular Marketing,38.46,53.61,23.66,Loyal Stage
9cc0a829ff06d89278404b76489181ce,50.0,77.28,22.72,Regular Customer,Regular Marketing,38.83,54.21,22.72,Loyal Stage
9cc2a45f7e65601c02c02a6b829e0c79,110.32,75.66,24.34,Regular Customer,Regular Marketing,38.24,53.21,24.34,Loyal Stage
9cc5a07f169a1606fd347a56683e6ea6,365.7000000000001,75.2,24.8,VIP Customer,VIP Loyalty Benefits,38.96,53.46,24.8,Loyal Stage
9cd14738d67050a122e17596a97945a8,0.0,76.22,23.78,Regular Customer,Regular Marketing,38.11,53.35,23.78,Loyal Stage
9cd376adbdfaaafcac4c330f970fba56,77.0,77.22,22.78,Regular Customer,Regular Marketing,38.9,54.23,22.78,Loyal Stage
9cd3f50e2d601bc7c5f11c16f62d83ec,109.9,76.49,23.51,Regular Customer,Regular Marketing,38.65,53.79,23.51,Loyal Stage
9cd889bbd0b3e67db9d57ff266c44d53,45.0,76.96,23.04,Regular Customer,Regular Marketing,38.65,53.97,23.04,Loyal Stage
9cdfdbc9cc6ae546958ddfb3b310d925,72.9,75.92,24.08,Regular Customer,Regular Marketing,38.23,53.31,24.08,Loyal Stage
9ce6ae078350732e8632e29fcf2db082,89.99,75.99,24.01,Regular Customer,Regular Marketing,38.33,53.39,24.01,Loyal Stage
9cee985fec14f8cc2368f17ac2abea8f,119.99,76.45,23.55,Regular Customer,Regular Marketing,38.67,53.78,23.55,Loyal Stage
9cfcb2c9c4423f2101d813fbc8d52331,91.94,76.0,24.0,Regular Customer,Regular Marketing,38.34,53.4,24.0,Loyal Stage
9d0cc0aad4fc7436fd5ca50f7e899a45,196.8,76.36,23.64,VIP Customer,VIP Loyalty Benefits,38.91,53.89,23.64,Loyal Stage
9d182111ddcb4f07b855c3ae76e53d52,34.49,76.33,23.67,Regular Customer,Regular Marketing,38.29,53.51,23.67,Loyal Stage
9d2314c36fd6858be8a64387d6adb47f,32.0,75.6,24.4,Regular Customer,Regular Marketing,37.92,52.99,24.4,Loyal Stage
9d24f678ee98bb5e947d54918a6447f6,199.08,77.04,22.96,VIP Customer,VIP Loyalty Benefits,39.26,54.37,22.96,Loyal Stage
9d34e972bc8e81e5223abd70ecb299e3,125.9,76.62,23.38,Regular Customer,Regular Marketing,38.78,53.92,23.38,Loyal Stage
9d38fda947a47912232fb3ebe5ab04c4,0.0,76.28,23.72,Regular Customer,Regular Marketing,38.14,53.4,23.72,Loyal Stage
9d493b6fed36dd8659da595caf65f112,0.0,76.48,23.52,Regular Customer,Regular Marketing,38.24,53.54,23.52,Loyal Stage
9d508f9fe2600ccc19e894431d968e73,1280.0,78.18,21.82,VIP Customer,VIP Loyalty Benefits,43.85,57.58,21.82,Loyal Stage
9d5436ae02eadf36b1665cd72c23c03d,40.0,76.23,23.77,Regular Customer,Regular Marketing,38.26,53.45,23.77,Loyal Stage
9d5bd387403328e28f64f1171744f8f2,97.5,75.39,24.61,Regular Customer,Regular Marketing,38.06,52.99,24.61,Loyal Stage
9d605e775d4d5e73e7b4177ec85effc5,550.0,76.63,23.37,VIP Customer,VIP Loyalty Benefits,40.36,54.87,23.37,Loyal Stage
9d6200fb1e5ae954cd7d62fa612bfe9b,0.0,76.17,23.83,Regular Customer,Regular Marketing,38.08,53.32,23.83,Loyal Stage
9d63b836c63ed4ceaace112a3ec78f07,0.0,77.15,22.85,Regular Customer,Regular Marketing,38.58,54.01,22.85,Loyal Stage
9d73de168a875e7b337f3d8bda8e7d7e,133.8,77.1,22.9,Regular Customer,Regular Marketing,39.05,54.27,22.9,Loyal Stage
9d76aaca6dc4b936615ca296c7287a68,74.0,76.28,23.72,Regular Customer,Regular Marketing,38.42,53.56,23.72,Loyal Stage
9d8dc25430137a5ab65ced93af039e14,45.0,75.98,24.02,Regular Customer,Regular Marketing,38.16,53.29,24.02,Loyal Stage
9d9eb11f6090ecec7860e9ddfc22dc10,59.97,76.31,23.69,Regular Customer,Regular Marketing,38.38,53.55,23.69,Loyal Stage
9daacbb22d197dc535387716ee6424f4,190.0,76.04,23.96,VIP Customer,VIP Loyalty Benefits,38.73,53.65,23.96,Loyal Stage
9daf56a98a44009bba4f7f2a64ba849f,69.5,76.33,23.67,Regular Customer,Regular Marketing,38.42,53.58,23.67,Loyal Stage
9db07d9df74e56026773967803ad0c54,188.7,75.78,24.22,VIP Customer,VIP Loyalty Benefits,38.59,53.47,24.22,Loyal Stage
9db254a87951220e74c58549749cf128,2160.0,80.37,19.63,VIP Customer,VIP Loyalty Benefits,48.22,61.08,19.63,Loyal Stage
9dbb05f5577e862337b93feb8f358839,66.99,77.15,22.85,Regular Customer,Regular Marketing,38.82,54.15,22.85,Loyal Stage
9dbe78aa2dd8b7f5247ceb88038f1292,0.0,75.91,24.09,Regular Customer,Regular Marketing,37.96,53.14,24.09,Loyal Stage
9dd1a6ccc8266ee2038d259c3e717b65,68.69999999999999,77.05,22.95,Regular Customer,Regular Marketing,38.78,54.09,22.95,Loyal Stage
9dd70fcf60198251fad7fe202cc222c7,32.99,76.58,23.42,Regular Customer,Regular Marketing,38.41,53.68,23.42,Loyal Stage
9dd72402ded5710a71a292483c61f849,66.3,76.01,23.99,Regular Customer,Regular Marketing,38.25,53.35,23.99,Loyal Stage
9dfcc502727549f99c9f73dbd28b35e9,0.0,77.41,22.59,Regular Customer,Regular Marketing,38.7,54.18,22.59,Loyal Stage
9e066311b498f2311b3e21a6577fe238,0.0,77.05,22.95,Regular Customer,Regular Marketing,38.52,53.93,22.95,Loyal Stage
9e092289dbc85a5311191378937ad0d9,90.0,75.48,24.52,Regular Customer,Regular Marketing,38.07,53.03,24.52,Loyal Stage
9e11a53a57f750f786cf63a2c4543b27,158.9,77.03,22.97,VIP Customer,VIP Loyalty Benefits,39.11,54.28,22.97,Loyal Stage
9e1dfb17599bf0db24d2d85b06c492df,0.0,76.02,23.98,Regular Customer,Regular Marketing,38.01,53.21,23.98,Loyal Stage
9e2121a00989633ec9900d09f21755ac,112.0,76.18,23.82,Regular Customer,Regular Marketing,38.51,53.58,23.82,Loyal Stage
9e2fe11825d4619743be82cee7c6531b,0.0,76.33,23.67,Regular Customer,Regular Marketing,38.16,53.43,23.67,Loyal Stage
9e3296faf7fc550f8b36a9f6cbfc0b2f,199.9,75.95,24.05,VIP Customer,VIP Loyalty Benefits,38.72,53.61,24.05,Loyal Stage
9e36023ccfb1e439309efc920fb157b4,45.0,76.55,23.45,Regular Customer,Regular Marketing,38.44,53.68,23.45,Loyal Stage
9e3b0e8e372cb1b5bbe94f58905d9f7e,59.9,76.83,23.17,Regular Customer,Regular Marketing,38.64,53.92,23.17,Loyal Stage
9e3b14f1565f39f2b963e041f3fef97a,0.0,76.53,23.47,Regular Customer,Regular Marketing,38.26,53.57,23.47,Loyal Stage
9e4251942b07e2f74ebaaa07d62df0b8,0.0,76.07,23.93,Regular Customer,Regular Marketing,38.03,53.25,23.93,Loyal Stage
9e53fb0e13cd5d5f61fd0b8a3236ab93,98.7,75.65,24.35,Regular Customer,Regular Marketing,38.19,53.17,24.35,Loyal Stage
9e66b89a58cb299d58bca3a8018476a6,0.0,77.0,23.0,Regular Customer,Regular Marketing,38.5,53.9,23.0,Loyal Stage
9e6d4b608cf87fb6ba5ed111fffaf615,48.0,75.52,24.48,Regular Customer,Regular Marketing,37.94,52.97,24.48,Loyal Stage
9e7239922e75ab9bddd5474ba692ee34,230.0,76.62,23.38,VIP Customer,VIP Loyalty Benefits,39.17,54.15,23.38,Loyal Stage
9e745e64aa72640b9745909228e2f428,43.98,75.57,24.43,Regular Customer,Regular Marketing,37.95,53.0,24.43,Loyal Stage
9e7f77462df10081f5a74cf47f88208d,199.99,76.78,23.22,VIP Customer,VIP Loyalty Benefits,39.13,54.19,23.22,Loyal Stage
9e80855aee7a17e3e214da66f7d1c08f,0.0,76.22,23.78,Regular Customer,Regular Marketing,38.11,53.35,23.78,Loyal Stage
9e896005b47d42510d69930e898aec19,179.0,76.18,23.82,VIP Customer,VIP Loyalty Benefits,38.76,53.73,23.82,Loyal Stage
9e9c80ed5dc9063a5d63e97572af2b9f,107.9,76.33,23.67,Regular Customer,Regular Marketing,38.57,53.67,23.67,Loyal Stage
9ea65227cfac84dd2778bc0315dd8f10,99.9,77.3,22.7,Regular Customer,Regular Marketing,39.02,54.33,22.7,Loyal Stage
9eb4d19845a85fac90e70e9e790d4f7a,140.7,77.16,22.84,VIP Customer,VIP Loyalty Benefits,39.1,54.32,22.84,Loyal Stage
9ec5dd9399e8b72cb81c2f2d3d83d1f0,24.99,75.59,24.41,Regular Customer,Regular Marketing,37.89,52.97,24.41,Loyal Stage
9ed98d2f877849920b7b4d179aaf78c1,0.0,75.55,24.45,Regular Customer,Regular Marketing,37.78,52.89,24.45,Loyal Stage
9ee3c1dd1c70e7ff1a4155cfb33f3624,80.0,76.03,23.97,Regular Customer,Regular Marketing,38.31,53.4,23.97,Loyal Stage
9ef4b14a267d944e7406b84d9a382874,69.9,75.45,24.55,Regular Customer,Regular Marketing,37.99,52.97,24.55,Loyal Stage
9efb6a3782fed7a8277eddbb421e72c8,80.0,76.08,23.92,Regular Customer,Regular Marketing,38.34,53.44,23.92,Loyal Stage
9f00345fbcc355feab6e1c3ba8e0fd46,0.0,75.86,24.14,Regular Customer,Regular Marketing,37.93,53.1,24.14,Loyal Stage
9f01bb6d88c0427946689068af9c168a,95.9,77.25,22.75,Regular Customer,Regular Marketing,38.98,54.29,22.75,Loyal Stage
9f06a048c00afea13c0d66352dbf4d10,209.99,76.38,23.62,VIP Customer,VIP Loyalty Benefits,38.97,53.93,23.62,Loyal Stage
9f185e9464c467679ef8793bd665b3b1,44.9,77.37,22.63,Regular Customer,Regular Marketing,38.85,54.26,22.63,Loyal Stage
9f209af49a8a6e3383f55c0eda2e705b,129.9,75.59,24.41,Regular Customer,Regular Marketing,38.28,53.2,24.41,Loyal Stage
9f315b3900ef6c93c419ec67bb8afaa6,49.9,75.93,24.07,Regular Customer,Regular Marketing,38.15,53.26,24.07,Loyal Stage
9f3624c918ae7122fbb6d9b939289345,30.0,77.2,22.8,Regular Customer,Regular Marketing,38.71,54.11,22.8,Loyal Stage
9f378c0291194a2985066f2cf3e9ae23,0.0,75.5,24.5,Regular Customer,Regular Marketing,37.75,52.85,24.5,Loyal Stage
9f3a4f9a67346ae72d8edc3b766e664f,56.99,76.2,23.8,Regular Customer,Regular Marketing,38.31,53.47,23.8,Loyal Stage
9f45575a536109d829284ab1d98bff59,29.0,75.8,24.2,Regular Customer,Regular Marketing,38.01,53.13,24.2,Loyal Stage
9f530e81ed3d659caa06433c94660d4d,199.9,77.3,22.7,VIP Customer,VIP Loyalty Benefits,39.39,54.55,22.7,Loyal Stage
9f56efdf646831c601aa6a57e796253d,39.0,76.95,23.05,Regular Customer,Regular Marketing,38.62,53.95,23.05,Loyal Stage
9f67aa18a87ea9a76854deeb9385c011,46.9,76.14,23.86,Regular Customer,Regular Marketing,38.24,53.4,23.86,Loyal Stage
9f6c13f14a4f9b3dc1db3c38ac2090e0,0.0,75.91,24.09,Regular Customer,Regular Marketing,37.96,53.14,24.09,Loyal Stage
9f72a61e924e76354ec3822192786c12,55.0,76.72,23.28,Regular Customer,Regular Marketing,38.56,53.82,23.28,Loyal Stage
9f73c7d14fa33cf0c112c7a393c30900,0.0,75.86,24.14,Regular Customer,Regular Marketing,37.93,53.1,24.14,Loyal Stage
9f7b4889edfde8168e6963d71422864e,35.0,75.5,24.5,Regular Customer,Regular Marketing,37.88,52.93,24.5,Loyal Stage
9f8d795ab9d965e3c8b3bf9cbd913179,146.98,76.59,23.41,VIP Customer,VIP Loyalty Benefits,38.84,53.94,23.41,Loyal Stage
9f901bde9b9c27f73b6f9d15f2ff20c4,419.0,76.64,23.36,VIP Customer,VIP Loyalty Benefits,39.88,54.58,23.36,Loyal Stage
9f977f6727f07b13fc997f1e61cbed07,25.89,76.11,23.89,Regular Customer,Regular Marketing,38.15,53.33,23.89,Loyal Stage
9f9b454e416375f3c705666a76c37114,504.0,76.36,23.64,VIP Customer,VIP Loyalty Benefits,40.06,54.58,23.64,Loyal Stage
9f9e45ae79fc301d0418088e0ec91f11,169.9,76.58,23.42,VIP Customer,VIP Loyalty Benefits,38.92,53.98,23.42,Loyal Stage
9fb020faa1dfc7cc66b648e6a8ef0ca0,152.0,77.07,22.93,VIP Customer,VIP Loyalty Benefits,39.1,54.29,22.93,Loyal Stage
9fd74c4f8857af9900779476b7050114,171.9,76.53,23.47,VIP Customer,VIP Loyalty Benefits,38.9,53.95,23.47,Loyal Stage
9fdd9cbdbd5497b7a99b809f1c858017,129.49,75.59,24.41,Regular Customer,Regular Marketing,38.28,53.2,24.41,Loyal Stage
9fe07404a97e688ba9fc3dc107f094e5,149.99,76.5,23.5,VIP Customer,VIP Loyalty Benefits,38.81,53.89,23.5,Loyal Stage
9fe14b8d3c033726af785408b7d1454a,159.0,76.25,23.75,VIP Customer,VIP Loyalty Benefits,38.72,53.73,23.75,Loyal Stage
9febc9f07c093eff66ee9dae0dba9aa8,70.0,76.79,23.21,Regular Customer,Regular Marketing,38.66,53.91,23.21,Loyal Stage
9ff48a3599978eb4f92300c6c8daea24,0.0,76.28,23.72,Regular Customer,Regular Marketing,38.14,53.4,23.72,Loyal Stage
9ffb4406e0df3460c78afa4080f59738,848.9,77.49,22.51,VIP Customer,VIP Loyalty Benefits,41.9,56.14,22.51,Loyal Stage
a001dad8726d7eadddb0142d138d1cbb,129.95,76.47,23.53,Regular Customer,Regular Marketing,38.72,53.82,23.53,Loyal Stage
a0043bc864090e190eaa61754430b1c8,69.9,77.1,22.9,Regular Customer,Regular Marketing,38.81,54.13,22.9,Loyal Stage
a00e1d460f1901194e1db1ec8abaebcf,53.9,76.25,23.75,Regular Customer,Regular Marketing,38.33,53.5,23.75,Loyal Stage
a00e38794a6b0c88f86ebedb6b68c8b9,34.89,75.6,24.4,Regular Customer,Regular Marketing,37.93,53.0,24.4,Loyal Stage
a00fa52ddea707d5e192b7f87852add8,119.0,76.97,23.03,Regular Customer,Regular Marketing,38.93,54.15,23.03,Loyal Stage
a02152088bb8e51eaa946218a8e50744,41.99,76.03,23.97,Regular Customer,Regular Marketing,38.17,53.31,23.97,Loyal Stage
a02e04835582ffd73a04417c2f7fd58b,29.9,75.9,24.1,Regular Customer,Regular Marketing,38.06,53.2,24.1,Loyal Stage
a036e6c348830e037eb23a014fa24d45,0.0,76.43,23.57,Regular Customer,Regular Marketing,38.22,53.5,23.57,Loyal Stage
a03c69a07eaa6c1a0d7269c32219a66b,0.0,75.96,24.04,Regular Customer,Regular Marketing,37.98,53.17,24.04,Loyal Stage
a069914e4670f00ee7d2e9d70584d1f7,63.9,76.27,23.73,Regular Customer,Regular Marketing,38.37,53.53,23.73,Loyal Stage
a06babcbbb59612630e0b0c71c3f7da4,54.9,75.48,24.52,Regular Customer,Regular Marketing,37.94,52.96,24.52,Loyal Stage
a06e0591f39dbc4d76b67bee3f3b9b55,0.0,76.64,23.36,Regular Customer,Regular Marketing,38.32,53.65,23.36,Loyal Stage
a06e9194d3e2c064bce10431ec5548f8,129.0,77.24,22.76,Regular Customer,Regular Marketing,39.1,54.36,22.76,Loyal Stage
a07fcff691e2ea8553a134a00737c18c,43.9,76.04,23.96,Regular Customer,Regular Marketing,38.18,53.32,23.96,Loyal Stage
a08a307263e92900e2368f8cd47b5fca,149.0,76.5,23.5,VIP Customer,VIP Loyalty Benefits,38.8,53.88,23.5,Loyal Stage
a0931a30dcf7e2106f0939b799c54321,0.0,76.64,23.36,Regular Customer,Regular Marketing,38.32,53.65,23.36,Loyal Stage
a0a85362b95bf3829d020df33f381c24,65.9,76.68,23.32,Regular Customer,Regular Marketing,38.59,53.83,23.32,Loyal Stage
a0ad307305859d93985e5c19f4aa6393,19.9,75.99,24.01,Regular Customer,Regular Marketing,38.07,53.24,24.01,Loyal Stage
a0b5c0d19b4f543e7d64912aadc96424,179.9,76.34,23.66,VIP Customer,VIP Loyalty Benefits,38.84,53.84,23.66,Loyal Stage
a0b95bd8f303ed100b2eeabf2aee018e,79.0,77.12,22.88,Regular Customer,Regular Marketing,38.85,54.16,22.88,Loyal Stage
a0bf5d638529472a53555f00b4ec32b8,85.9,76.04,23.96,Regular Customer,Regular Marketing,38.34,53.42,23.96,Loyal Stage
a0c2291e43da5ca10c813423b352c1a8,440.0,76.2,23.8,VIP Customer,VIP Loyalty Benefits,39.74,54.32,23.8,Loyal Stage
a0c2e84d8ac83733cbbc70f0eaad7b90,154.9,76.04,23.96,VIP Customer,VIP Loyalty Benefits,38.6,53.58,23.96,Loyal Stage
a0cb03819b1c21f845ea582427946628,124.9,76.25,23.75,Regular Customer,Regular Marketing,38.59,53.65,23.75,Loyal Stage
a0ceb48ffaab665511ba11f3010c7b4a,198.9,75.64,24.36,VIP Customer,VIP Loyalty Benefits,38.56,53.39,24.36,Loyal Stage
a0d0af697bbb9d91d8c3bf370410d45d,12.88,75.67,24.33,Regular Customer,Regular Marketing,37.88,53.0,24.33,Loyal Stage
a0d20a4d4fb76cdf8d4047a01fc4cac0,32.0,76.48,23.52,Regular Customer,Regular Marketing,38.36,53.61,23.52,Loyal Stage
a0dad71a362c1b18bed7361e8abb7031,0.0,75.55,24.45,Regular Customer,Regular Marketing,37.78,52.89,24.45,Loyal Stage
a0e913a3db2eee9d3dde90b2807fcaf8,39.99,75.61,24.39,Regular Customer,Regular Marketing,37.95,53.01,24.39,Loyal Stage
a0f575c70c2eb6e4ba6843930b50f8f5,527.9,76.7,23.3,VIP Customer,VIP Loyalty Benefits,40.31,54.87,23.3,Loyal Stage
a1093bee1795c50b44d4e8d8a44c8b77,18.0,75.73,24.27,Regular Customer,Regular Marketing,37.93,53.05,24.27,Loyal Stage
a10be7ed9e8d0fa2f17d0f8504485194,0.0,76.9,23.1,Regular Customer,Regular Marketing,38.45,53.83,23.1,Loyal Stage
a1115d825bcc8a2878f31514a3e40d93,78.0,76.24,23.76,Regular Customer,Regular Marketing,38.41,53.54,23.76,Loyal Stage
a1189e15dc652a1a751af63b65371a93,0.0,76.74,23.26,Regular Customer,Regular Marketing,38.37,53.72,23.26,Loyal Stage
a14b178930d5095e2beda5ffa0641e7a,219.0,75.77,24.23,VIP Customer,VIP Loyalty Benefits,38.7,53.53,24.23,Loyal Stage
a15566e9efa4b19be06852de74f31970,890.0,76.92,23.08,VIP Customer,VIP Loyalty Benefits,41.77,55.83,23.08,Loyal Stage
a15b391ff35b6120f86c753396ed4ec3,0.0,77.2,22.8,Regular Customer,Regular Marketing,38.6,54.04,22.8,Loyal Stage
a15e74c51313b5519cda222ff6c84eb4,112.49,77.01,22.99,Regular Customer,Regular Marketing,38.92,54.16,22.99,Loyal Stage
a1605a83a0e36258d7eb2da55bb5ff4c,79.99,76.19,23.81,Regular Customer,Regular Marketing,38.39,53.51,23.81,Loyal Stage
a16463c2667c5194f1ed62daab06e79c,66.99,76.89,23.11,Regular Customer,Regular Marketing,38.69,53.97,23.11,Loyal Stage
a16f65d65c3ef42c39ca5f2c36e0d0f3,0.0,77.1,22.9,Regular Customer,Regular Marketing,38.55,53.97,22.9,Loyal Stage
a171cd85387e8a90aa715cb562a939d8,45.0,76.75,23.25,Regular Customer,Regular Marketing,38.54,53.82,23.25,Loyal Stage
a180108edfd35a0ea0ec49427a321ec9,12.5,75.67,24.33,Regular Customer,Regular Marketing,37.88,53.0,24.33,Loyal Stage
a1812e70a075e9ac3e1f6d5902a72e4a,144.0,76.13,23.87,VIP Customer,VIP Loyalty Benefits,38.6,53.61,23.87,Loyal Stage
a19057edeef36e8cd2249813f39f738b,110.0,75.61,24.39,Regular Customer,Regular Marketing,38.21,53.17,24.39,Loyal Stage
a1a3b4b4d79311ed7f6ae2f6666880c0,0.0,76.33,23.67,Regular Customer,Regular Marketing,38.16,53.43,23.67,Loyal Stage
a1c61f8566347ec44ea37d22854634a1,89.99,77.34,22.66,Regular Customer,Regular Marketing,39.0,54.34,22.66,Loyal Stage
a1d41a7e48b180342a85b93115f4263f,0.0,76.69,23.31,Regular Customer,Regular Marketing,38.34,53.68,23.31,Loyal Stage
a1de3c5e54af84b0f1c177fbdd418078,79.9,76.13,23.87,Regular Customer,Regular Marketing,38.36,53.47,23.87,Loyal Stage
a1ec25928532606ff2a113ef95963c12,122.99,77.08,22.92,Regular Customer,Regular Marketing,39.0,54.23,22.92,Loyal Stage
a1f13fd52fb60cb41779fe29fa1770bb,69.9,76.43,23.57,Regular Customer,Regular Marketing,38.48,53.66,23.57,Loyal Stage
a1fdca07add1ff66dda1ccc4de576050,69.0,77.31,22.69,Regular Customer,Regular Marketing,38.91,54.27,22.69,Loyal Stage
a2058e072a55d42210fcdb91d837c65c,122.99,76.46,23.54,Regular Customer,Regular Marketing,38.69,53.8,23.54,Loyal Stage
a2270b24fe16897fbb017084c049cac4,49.9,75.99,24.01,Regular Customer,Regular Marketing,38.18,53.3,24.01,Loyal Stage
a22964f39cb8758996ec42f5fb5a7028,19.9,75.53,24.47,Regular Customer,Regular Marketing,37.84,52.92,24.47,Loyal Stage
a22aca4889f1d5b235c42b40b059f78e,0.0,76.22,23.78,Regular Customer,Regular Marketing,38.11,53.35,23.78,Loyal Stage
a22db6502caed90511467435a9aa9c22,49.91,75.62,24.38,Regular Customer,Regular Marketing,38.0,53.05,24.38,Loyal Stage
a22ee6bd65e350c2d1a0d9a12c2e465f,0.0,76.79,23.21,Regular Customer,Regular Marketing,38.4,53.76,23.21,Loyal Stage
a230a68d10c46793875d1513faccb781,28.8,76.78,23.22,Regular Customer,Regular Marketing,38.5,53.81,23.22,Loyal Stage
a23c501587d77f83f65fc18639c811fe,61.97,75.49,24.51,Regular Customer,Regular Marketing,37.98,52.98,24.51,Loyal Stage
a24f17b8ba95624b0301d85ab9c897a9,99.0,76.63,23.37,Regular Customer,Regular Marketing,38.68,53.86,23.37,Loyal Stage
a25caeda7fa47edd27714e4ebcae0d60,23.8,77.24,22.76,Regular Customer,Regular Marketing,38.71,54.12,22.76,Loyal Stage
a262442e3ab89611b44877c7aaf77468,127.0,75.74,24.26,Regular Customer,Regular Marketing,38.34,53.3,24.26,Loyal Stage
a2659a2f67317655f6b14060a8377bec,146.01,76.55,23.45,VIP Customer,VIP Loyalty Benefits,38.82,53.91,23.45,Loyal Stage
a28a526b7c924991893bbbd2c5d6b0f8,57.9,76.88,23.12,Regular Customer,Regular Marketing,38.66,53.95,23.12,Loyal Stage
a28ecf838a6a7aabd3ea8d9db5e2e8f1,51.73,76.04,23.96,Regular Customer,Regular Marketing,38.21,53.34,23.96,Loyal Stage
a28fdce9208b7abf9c3e1bef3602a6b4,44.99,75.72,24.28,Regular Customer,Regular Marketing,38.03,53.11,24.28,Loyal Stage
a29e416e91f49fba4b15d185c3b5d1fa,95.0,75.54,24.46,Regular Customer,Regular Marketing,38.12,53.09,24.46,Loyal Stage
a2a934380af473b6418349e532b323aa,0.0,76.22,23.78,Regular Customer,Regular Marketing,38.11,53.35,23.78,Loyal Stage
a2ac4c64994786e12db70e1782d2bfef,0.0,76.69,23.31,Regular Customer,Regular Marketing,38.34,53.68,23.31,Loyal Stage
a2ada4fbd5341b782fc32e38b79db83b,0.0,75.4,24.6,Regular Customer,Regular Marketing,37.7,52.78,24.6,Loyal Stage
a2b3dadeee49f301f5307689f05d49c2,49.0,77.02,22.98,Regular Customer,Regular Marketing,38.69,54.02,22.98,Loyal Stage
a2b5cee68ef8dabc2e76c5136fba7cfe,0.0,75.96,24.04,Regular Customer,Regular Marketing,37.98,53.17,24.04,Loyal Stage
a2b6db091d630fb0769c10c3af80f964,47.0,76.14,23.86,Regular Customer,Regular Marketing,38.24,53.4,23.86,Loyal Stage
a2b764e7f5dfa8a8a21bac51aec9c1c8,195.0,76.41,23.59,VIP Customer,VIP Loyalty Benefits,38.93,53.92,23.59,Loyal Stage
a2b7ff1b78e90acd6810d2f646d38cb7,102.89,76.95,23.05,Regular Customer,Regular Marketing,38.86,54.1,23.05,Loyal Stage
a2c484052f03bb5d2533b1429eb938df,92.95,76.1,23.9,Regular Customer,Regular Marketing,38.4,53.48,23.9,Loyal Stage
a2d76872f0dca68506fa8a6653bfbe81,79.9,76.7,23.3,Regular Customer,Regular Marketing,38.65,53.87,23.3,Loyal Stage
a2d7f3423c7342a8768d8d6762e99f07,0.0,76.58,23.42,Regular Customer,Regular Marketing,38.29,53.61,23.42,Loyal Stage
a2dfb6300b6b54d58dd005d415dde92b,149.0,75.93,24.07,VIP Customer,VIP Loyalty Benefits,38.52,53.48,24.07,Loyal Stage
a2eefe752c732b4960a85852029a89e2,58.32,75.69,24.31,Regular Customer,Regular Marketing,38.06,53.11,24.31,Loyal Stage
a303d52a33f9b147dce5844929ec64ef,0.0,75.6,24.4,Regular Customer,Regular Marketing,37.8,52.92,24.4,Loyal Stage
a307cb0934b15ffb99d5247fb5616107,650.0,77.3,22.7,VIP Customer,VIP Loyalty Benefits,41.07,55.56,22.7,Loyal Stage
a30af9d68fbfcafb8451854c528587f5,24.99,75.64,24.36,Regular Customer,Regular Marketing,37.91,53.0,24.36,Loyal Stage
a30df00a22c69239b63f02b32fd233c7,132.0,76.26,23.74,Regular Customer,Regular Marketing,38.62,53.68,23.74,Loyal Stage
a32ab6ed820d51b18cfb895038f68220,149.9,76.45,23.55,VIP Customer,VIP Loyalty Benefits,38.78,53.85,23.55,Loyal Stage
a32be2e3d1dba17965097301df1f325b,75.0,76.39,23.61,Regular Customer,Regular Marketing,38.47,53.64,23.61,Loyal Stage
a345376a6d523d2178339d26feb7f2c4,40.9,76.8,23.2,Regular Customer,Regular Marketing,38.55,53.85,23.2,Loyal Stage
a346465f29d779b65c0d21ed42437e91,120.0,76.19,23.81,Regular Customer,Regular Marketing,38.54,53.6,23.81,Loyal Stage
a35698b8e9ba30327005b6794155ff90,131.8,75.7,24.3,Regular Customer,Regular Marketing,38.34,53.28,24.3,Loyal Stage
a358f5086c8e4e3e935c9bbf8b6db573,399.8,76.82,23.18,VIP Customer,VIP Loyalty Benefits,39.9,54.67,23.18,Loyal Stage
a35bc409f07cc07686483f116ec40002,24.99,75.69,24.31,Regular Customer,Regular Marketing,37.94,53.04,24.31,Loyal Stage
a35e6ad969a4298593c504f69c03efb4,58.47,76.05,23.95,Regular Customer,Regular Marketing,38.24,53.36,23.95,Loyal Stage
a37dcee138f1fe115ecf91c72970256c,0.0,75.91,24.09,Regular Customer,Regular Marketing,37.96,53.14,24.09,Loyal Stage
a37ee9764986cbff29ee8cad80dc08bf,19.9,76.67,23.33,Regular Customer,Regular Marketing,38.41,53.71,23.33,Loyal Stage
a393318d105b41e17b2b04716731d17e,168.9,75.75,24.25,VIP Customer,VIP Loyalty Benefits,38.5,53.4,24.25,Loyal Stage
a3964d35b345bd424ed862c468d3d8fc,87.9,77.13,22.87,Regular Customer,Regular Marketing,38.89,54.19,22.87,Loyal Stage
a3ad86e859f1d0466bc1beb77fdf218c,110.32,76.13,23.87,Regular Customer,Regular Marketing,38.48,53.54,23.87,Loyal Stage
a3b6510e33b7691f0a4b70389d08bc5d,80.0,76.29,23.71,Regular Customer,Regular Marketing,38.44,53.58,23.71,Loyal Stage
a3e04f4bbb17f87b62929ee66982946e,0.0,76.02,23.98,Regular Customer,Regular Marketing,38.01,53.21,23.98,Loyal Stage
a3e58f1846d3f558c6b4905c9af4b030,95.9,76.57,23.43,Regular Customer,Regular Marketing,38.64,53.81,23.43,Loyal Stage
a3ec147258387f5e0fa36bcc438dc265,26.9,76.68,23.32,Regular Customer,Regular Marketing,38.44,53.74,23.32,Loyal Stage
a3ecc23b4a266706c0e84855acac58f1,158.36,75.78,24.22,VIP Customer,VIP Loyalty Benefits,38.48,53.4,24.22,Loyal Stage
a3f3e2d8785b3f3614bc786b9515697c,48.99,76.24,23.76,Regular Customer,Regular Marketing,38.3,53.48,23.76,Loyal Stage
a3fe4cec12d8e56f33a80d593ede8056,135.0,76.53,23.47,Regular Customer,Regular Marketing,38.77,53.87,23.47,Loyal Stage
a4088da2ae451b8effea80bc96d363dc,0.0,76.64,23.36,Regular Customer,Regular Marketing,38.32,53.65,23.36,Loyal Stage
a450fcbdcd8ee5b47be8d61ee234123d,78.0,76.86,23.14,Regular Customer,Regular Marketing,38.72,53.98,23.14,Loyal Stage
a452201e3e0ac3e65cdfeca0e85dafbe,28.99,76.32,23.68,Regular Customer,Regular Marketing,38.27,53.49,23.68,Loyal Stage
a45774c5f77f3d193b2a2ec8751d4880,540.0,77.8,22.2,VIP Customer,VIP Loyalty Benefits,40.91,55.67,22.2,Loyal Stage
a4837630a9600d93cbd3b310854b8b00,79.9,76.55,23.45,Regular Customer,Regular Marketing,38.57,53.76,23.45,Loyal Stage
a48a1b0b5708e03743e9564390772ed0,66.0,75.6,24.4,Regular Customer,Regular Marketing,38.05,53.07,24.4,Loyal Stage
a4931ede16fa41135066b3c7f054e287,119.0,76.14,23.86,Regular Customer,Regular Marketing,38.51,53.56,23.86,Loyal Stage
a49d856b38eb1685f36a6726d9823461,124.9,76.93,23.07,Regular Customer,Regular Marketing,38.93,54.13,23.07,Loyal Stage
a4b06188937c8e27e5a51c37f7c90a3f,126.12,76.46,23.54,Regular Customer,Regular Marketing,38.7,53.8,23.54,Loyal Stage
a4b357709fff755b2816f24acf4852cb,36.9,76.28,23.72,Regular Customer,Regular Marketing,38.28,53.48,23.72,Loyal Stage
a4b4827ae7bcc15149ae31e25fbe1f95,0.0,76.95,23.05,Regular Customer,Regular Marketing,38.48,53.87,23.05,Loyal Stage
a4c1aa4fc70bf96d4ce285eaa0647cdf,0.0,76.12,23.88,Regular Customer,Regular Marketing,38.06,53.28,23.88,Loyal Stage
a4c54c49d2c5f112c069be5991718c35,119.85,76.66,23.34,Regular Customer,Regular Marketing,38.78,53.93,23.34,Loyal Stage
a4d8bc293bc8564b7d7e6bc9f244fe7b,149.99,77.28,22.72,VIP Customer,VIP Loyalty Benefits,39.2,54.43,22.72,Loyal Stage
a4fe9f117e2dbd6bb0cf4e4ce35d34df,129.99,76.52,23.48,Regular Customer,Regular Marketing,38.74,53.85,23.48,Loyal Stage
a50145e7db5cc4d0a2103c80bbadbb8f,65.0,76.73,23.27,Regular Customer,Regular Marketing,38.61,53.86,23.27,Loyal Stage
a5014689947ec9b1542a0ea854335ae4,42.89,76.8,23.2,Regular Customer,Regular Marketing,38.56,53.86,23.2,Loyal Stage
a522050af55d1141e89f1a56884648ac,0.0,76.02,23.98,Regular Customer,Regular Marketing,38.01,53.21,23.98,Loyal Stage
a52fecbb34bbba7fb780daa728e83204,35.99,76.38,23.62,Regular Customer,Regular Marketing,38.32,53.54,23.62,Loyal Stage
a5314ac290a8b141491e987ae37aa7cc,27.9,75.44,24.56,Regular Customer,Regular Marketing,37.82,52.87,24.56,Loyal Stage
a53680e999fa0fc8ef33e008234c02ab,169.9,75.85,24.15,VIP Customer,VIP Loyalty Benefits,38.56,53.48,24.15,Loyal Stage
a53c5bbb7be8b7a0f586d31c2bc499ef,338.9,77.66,22.34,VIP Customer,VIP Loyalty Benefits,40.09,55.12,22.34,Loyal Stage
a550160d4bf1400ec60ce91d064ddbf4,119.9,76.19,23.81,Regular Customer,Regular Marketing,38.54,53.6,23.81,Loyal Stage
a556d8605edbe68d8559410f3c54e42c,134.99,76.68,23.32,Regular Customer,Regular Marketing,38.84,53.98,23.32,Loyal Stage
a562159e3d08acc0eed0e08886989fcd,12.88,76.55,23.45,Regular Customer,Regular Marketing,38.32,53.61,23.45,Loyal Stage
a5738ff6026ddeee2cb18beb0aeabeb2,63.99,75.7,24.3,Regular Customer,Regular Marketing,38.09,53.13,24.3,Loyal Stage
a5784dce0bb434ba849e0c85d2c52899,527.9,76.75,23.25,VIP Customer,VIP Loyalty Benefits,40.34,54.9,23.25,Loyal Stage
a57919929c3b9dc956290623e67fa917,79.8,75.62,24.38,Regular Customer,Regular Marketing,38.11,53.11,24.38,Loyal Stage
a587d1b554822c7be53696a31cf367e3,19.45,76.56,23.44,Regular Customer,Regular Marketing,38.35,53.63,23.44,Loyal Stage
a58d75d906619891fbc629049af9a429,299.0,76.72,23.28,VIP Customer,VIP Loyalty Benefits,39.47,54.37,23.28,Loyal Stage
a58f644f46a601e9799151f14abd9ea6,109.99,77.01,22.99,Regular Customer,Regular Marketing,38.91,54.15,22.99,Loyal Stage
a5931be4783e1a1dfbda5c6e145d96bb,0.0,76.07,23.93,Regular Customer,Regular Marketing,38.03,53.25,23.93,Loyal Stage
a59a677187d1abced1c2c926364c76c4,249.99,75.77,24.23,VIP Customer,VIP Loyalty Benefits,38.82,53.6,24.23,Loyal Stage
a59c5e472440338d288f514777689867,89.9,76.51,23.49,Regular Customer,Regular Marketing,38.59,53.76,23.49,Loyal Stage
a59dc1bc590098f3c263f2334b8d152f,527.9,76.96,23.04,VIP Customer,VIP Loyalty Benefits,40.44,55.05,23.04,Loyal Stage
a5b002dd1d73428332e6679c7a98f1d8,97.98,76.42,23.58,Regular Customer,Regular Marketing,38.57,53.71,23.58,Loyal Stage
a5b426944dd8048820716aba080e0fa1,29.9,76.16,23.84,Regular Customer,Regular Marketing,38.19,53.38,23.84,Loyal Stage
a5b68529f99f0e219d3bffc49bde94fa,0.0,76.69,23.31,Regular Customer,Regular Marketing,38.34,53.68,23.31,Loyal Stage
a5c3e82a63848cb08546796194121927,699.42,77.32,22.68,VIP Customer,VIP Loyalty Benefits,41.26,55.68,22.68,Loyal Stage
a5d66eef5e4a6bf8cff6e4c1a941b82f,0.0,76.79,23.21,Regular Customer,Regular Marketing,38.4,53.76,23.21,Loyal Stage
a5dfe1ead2966c2523a57096d8611171,0.0,75.91,24.09,Regular Customer,Regular Marketing,37.96,53.14,24.09,Loyal Stage
a5e706a547ea42fde80e3cff5316c84b,359.8,77.02,22.98,VIP Customer,VIP Loyalty Benefits,39.85,54.72,22.98,Loyal Stage
a5ea267ed08cc63f6848c14b2f2ec313,549.0,75.96,24.04,VIP Customer,VIP Loyalty Benefits,40.02,54.4,24.04,Loyal Stage
a5f126f2eb313f751c8c48ea60849c63,0.0,75.34,24.66,Regular Customer,Regular Marketing,37.67,52.74,24.66,Loyal Stage
a5f5307e70d0827d21c8b9d9c598749c,56.99,76.1,23.9,Regular Customer,Regular Marketing,38.26,53.4,23.9,Loyal Stage
a5f68028c4993483b7530b094f427744,189.9,77.07,22.93,VIP Customer,VIP Loyalty Benefits,39.24,54.37,22.93,Loyal Stage
a5fe57d105a5ce9b3a36196a69c61b6c,66.99,76.74,23.26,Regular Customer,Regular Marketing,38.62,53.87,23.26,Loyal Stage
a616efa5c39f96dd2ac56f99b4b3b14d,150.0,75.77,24.23,VIP Customer,VIP Loyalty Benefits,38.44,53.37,24.23,Loyal Stage
a61a0484f0c42f81f6299b8d89123823,95.0,76.57,23.43,Regular Customer,Regular Marketing,38.64,53.81,23.43,Loyal Stage
a61f3d42fe066b53106cec5ad80499d3,108.9,77.01,22.99,Regular Customer,Regular Marketing,38.91,54.15,22.99,Loyal Stage
a626420a40f09529d6dc67cc76e1b213,1037.85,76.74,23.26,VIP Customer,VIP Loyalty Benefits,42.23,56.03,23.26,Loyal Stage
a629a3e0e409e310d6ff4c9e4ee1b843,60.99,76.42,23.58,Regular Customer,Regular Marketing,38.44,53.63,23.58,Loyal Stage
a62f1ea95f3b1031c7cabb98f147aa27,0.0,75.55,24.45,Regular Customer,Regular Marketing,37.78,52.89,24.45,Loyal Stage
a633794cb45ebc2c0aad497a9441c724,45.0,76.55,23.45,Regular Customer,Regular Marketing,38.44,53.68,23.45,Loyal Stage
a63810aeb9ec25fa0f4ae02554503513,49.0,75.62,24.38,Regular Customer,Regular Marketing,37.99,53.04,24.38,Loyal Stage
a64125c9db42482d780b911e199011f7,379.94,77.57,22.43,VIP Customer,VIP Loyalty Benefits,40.2,55.15,22.43,Loyal Stage
a6417f4ecd2487db46152b08753e3af3,159.9,76.87,23.13,VIP Customer,VIP Loyalty Benefits,39.03,54.17,23.13,Loyal Stage
a653a5d5213316bdf59e94dad3485582,735.0,77.11,22.89,VIP Customer,VIP Loyalty Benefits,41.29,55.62,22.89,Loyal Stage
a661964801ee5538806fc9b4186d1536,19.9,76.31,23.69,Regular Customer,Regular Marketing,38.23,53.46,23.69,Loyal Stage
a66356192f4dc596eec6bbff01112e31,55.8,75.84,24.16,Regular Customer,Regular Marketing,38.13,53.21,24.16,Loyal Stage
a66e6a190b489e6417f85af7092ddc46,19.9,75.37,24.63,Regular Customer,Regular Marketing,37.76,52.8,24.63,Loyal Stage
a672e4e4af506e713c1b4373e038cabb,89.9,76.82,23.18,Regular Customer,Regular Marketing,38.74,53.97,23.18,Loyal Stage
a68173346451e2a238f65dbb1d912c79,34.9,76.53,23.47,Regular Customer,Regular Marketing,38.39,53.65,23.47,Loyal Stage
a686b427a239fff6fcc3f329d50bba3e,49.0,75.62,24.38,Regular Customer,Regular Marketing,37.99,53.04,24.38,Loyal Stage
a691b07a1c60a4c00e2a36eee59ba76e,95.0,75.69,24.31,Regular Customer,Regular Marketing,38.2,53.2,24.31,Loyal Stage
a696d003f95de9cdb90ac03f9474d8dd,40.0,75.46,24.54,Regular Customer,Regular Marketing,37.88,52.91,24.54,Loyal Stage
a69774cf9758fc590d8cd63a1192f717,26.68,76.0,24.0,Regular Customer,Regular Marketing,38.1,53.26,24.0,Loyal Stage
a69877bbe7639d27d7a7e5ada870e938,90.0,77.13,22.87,Regular Customer,Regular Marketing,38.9,54.19,22.87,Loyal Stage
a6ac32321c28c66770ea4629366ff27f,146.01,76.59,23.41,VIP Customer,VIP Loyalty Benefits,38.84,53.94,23.41,Loyal Stage
a6ac63c6cecf4e5122bcedaa54c2b2de,45.0,75.82,24.18,Regular Customer,Regular Marketing,38.08,53.18,24.18,Loyal Stage
a6acaebfee00f4c666666c82c7508180,49.49,76.25,23.75,Regular Customer,Regular Marketing,38.31,53.49,23.75,Loyal Stage
a6b1c8e5ef0ebab10a56c3d5767696d8,48.9,76.92,23.08,Regular Customer,Regular Marketing,38.64,53.95,23.08,Loyal Stage
a6b905ecdd6cb0eabfb3e8f780e9c733,30.0,76.99,23.01,Regular Customer,Regular Marketing,38.61,53.96,23.01,Loyal Stage
a6cba59c4c0f2a153e06859f9c623890,59.0,76.21,23.79,Regular Customer,Regular Marketing,38.32,53.48,23.79,Loyal Stage
a6d0f0af65b75d0d96777a63602e375e,58.0,75.48,24.52,Regular Customer,Regular Marketing,37.96,52.97,24.52,Loyal Stage
a6d657af9fb3441e21a6d4cf7054e165,39.9,77.16,22.84,Regular Customer,Regular Marketing,38.73,54.1,22.84,Loyal Stage
a6e9adceab96d69b41eab3ed3f466a81,199.98,75.75,24.25,VIP Customer,VIP Loyalty Benefits,38.62,53.47,24.25,Loyal Stage
a6f4f84993467e946f8e1e4f3ee69fbf,161.99,75.84,24.16,VIP Customer,VIP Loyalty Benefits,38.52,53.45,24.16,Loyal Stage
a7061210fad3490c5ffc1d7646ead4f9,15.0,76.71,23.29,Regular Customer,Regular Marketing,38.41,53.73,23.29,Loyal Stage
a711506d93a11831909bde2e85b794e2,19.99,76.25,23.75,Regular Customer,Regular Marketing,38.2,53.42,23.75,Loyal Stage
a712a430955027da5bc257a10073a390,0.0,77.41,22.59,Regular Customer,Regular Marketing,38.7,54.18,22.59,Loyal Stage
a71cac9f356cfeb9db35061020806212,186.0,77.58,22.42,VIP Customer,VIP Loyalty Benefits,39.48,54.72,22.42,Loyal Stage
a724576ad7a63c339210b9e6d6d5c0e5,28.99,76.32,23.68,Regular Customer,Regular Marketing,38.27,53.49,23.68,Loyal Stage
a72a04723f900a300c568b4182f46697,64.9,76.22,23.78,Regular Customer,Regular Marketing,38.35,53.5,23.78,Loyal Stage
a72a2d4e19868dba726c0e6f49198c7e,387.89,77.01,22.99,VIP Customer,VIP Loyalty Benefits,39.95,54.77,22.99,Loyal Stage
a72dedb6e6e4b341fb3517746878a04f,238.99,76.16,23.84,VIP Customer,VIP Loyalty Benefits,38.97,53.85,23.84,Loyal Stage
a72f685c4420b26892fe72bfcca9341b,69.9,76.74,23.26,Regular Customer,Regular Marketing,38.63,53.87,23.26,Loyal Stage
a73e7aa41ad2bb8f870bbe407ab500cf,179.89,76.34,23.66,VIP Customer,VIP Loyalty Benefits,38.84,53.84,23.66,Loyal Stage
a745d59b0280432d80221b750b1e61fb,57.7,76.62,23.38,Regular Customer,Regular Marketing,38.52,53.76,23.38,Loyal Stage
a746b571acacb439f29a25e6456ad241,80.0,77.07,22.93,Regular Customer,Regular Marketing,38.83,54.13,22.93,Loyal Stage
a776783bcff11151d51eb829677eba05,0.0,75.91,24.09,Regular Customer,Regular Marketing,37.96,53.14,24.09,Loyal Stage
a78fe70bdc23cd53c7a1606a85adcfde,135.0,75.85,24.15,Regular Customer,Regular Marketing,38.43,53.4,24.15,Loyal Stage
a79a80d1b0dec1dee2f8ffd080f97089,59.9,76.88,23.12,Regular Customer,Regular Marketing,38.66,53.95,23.12,Loyal Stage
a7a0990a0bc15359977148c0d41bd277,14.9,76.25,23.75,Regular Customer,Regular Marketing,38.18,53.41,23.75,Loyal Stage
a7aaa065216eeb2a28e0e849a811b5df,24.0,75.64,24.36,Regular Customer,Regular Marketing,37.91,53.0,24.36,Loyal Stage
a7b492ef62514922d96164555734bf38,31.2,76.06,23.94,Regular Customer,Regular Marketing,38.15,53.31,23.94,Loyal Stage
a7b4c690609bea24107020ae85cc5aed,0.0,76.02,23.98,Regular Customer,Regular Marketing,38.01,53.21,23.98,Loyal Stage
a7bebc53acf7b2c31550f06a58076d17,27.9,75.39,24.61,Regular Customer,Regular Marketing,37.8,52.84,24.61,Loyal Stage
a7f1e3cc0162cac021c078b47c6750fd,797.8,77.52,22.48,VIP Customer,VIP Loyalty Benefits,41.73,56.05,22.48,Loyal Stage
a7f677eedf7e06162c5d4bb55d9e6272,0.0,76.17,23.83,Regular Customer,Regular Marketing,38.08,53.32,23.83,Loyal Stage
a7fc43c947be641c43b10125921c6398,75.7,76.75,23.25,Regular Customer,Regular Marketing,38.66,53.9,23.25,Loyal Stage
a8060584a077038962852f3184a4571e,423.9,76.7,23.3,VIP Customer,VIP Loyalty Benefits,39.93,54.64,23.3,Loyal Stage
a81a403c9b43458bb1535fe88d3e40c1,79.9,76.34,23.66,Regular Customer,Regular Marketing,38.47,53.62,23.66,Loyal Stage
a81b5656640d5bce851ea5ec937b4b4c,495.0,77.32,22.68,VIP Customer,VIP Loyalty Benefits,40.5,55.23,22.68,Loyal Stage
a81d8129eabc9d184da6e894b7655cfe,79.0,76.55,23.45,Regular Customer,Regular Marketing,38.57,53.76,23.45,Loyal Stage
a8279aeab541b34442d6ded94c31ddaf,139.0,77.0,23.0,VIP Customer,VIP Loyalty Benefits,39.02,54.21,23.0,Loyal Stage
a82abce9885f53dc78aba0f1d89149d3,49.9,77.13,22.87,Regular Customer,Regular Marketing,38.75,54.1,22.87,Loyal Stage
a83d56cc6f2defc82388a7dd029d9f92,0.0,76.95,23.05,Regular Customer,Regular Marketing,38.48,53.87,23.05,Loyal Stage
a84784bb897aa066e5ab29eddb7f1937,0.0,76.02,23.98,Regular Customer,Regular Marketing,38.01,53.21,23.98,Loyal Stage
a851ed7f60afaba7e4d4d4e1b0eeb87b,369.0,76.15,23.85,VIP Customer,VIP Loyalty Benefits,39.45,54.13,23.85,Loyal Stage
a8561213c3aa6bbc0ade2e513ba99359,87.8,76.3,23.7,Regular Customer,Regular Marketing,38.48,53.61,23.7,Loyal Stage
a856637b6dd58cf71bfbf7b6a21d8d84,119.5,75.57,24.43,Regular Customer,Regular Marketing,38.23,53.17,24.43,Loyal Stage
a864194c3b6f6af182c6c59543ad040e,186.9,75.62,24.38,VIP Customer,VIP Loyalty Benefits,38.51,53.35,24.38,Loyal Stage
a868a4839de521ea81a9b6662725e969,0.0,75.55,24.45,Regular Customer,Regular Marketing,37.78,52.89,24.45,Loyal Stage
a886c71d8148ca0e5991123be2079145,10.0,75.46,24.54,Regular Customer,Regular Marketing,37.77,52.85,24.54,Loyal Stage
a891da9e957092d973fd1fed28afc774,54.99,75.73,24.27,Regular Customer,Regular Marketing,38.07,53.13,24.27,Loyal Stage
a8a6a983a79ea83ce762f18712d9c058,34.98,76.69,23.31,Regular Customer,Regular Marketing,38.48,53.76,23.31,Loyal Stage
a8b4b512c8bfe17177791db87cc83a95,114.0,77.17,22.83,Regular Customer,Regular Marketing,39.01,54.27,22.83,Loyal Stage
a8b87e7f62a9a9276b516d8133061c88,269.89,76.63,23.37,VIP Customer,VIP Loyalty Benefits,39.32,54.24,23.37,Loyal Stage
a8c05441c4820e9780b8a6c63a6242c8,119.77,77.23,22.77,Regular Customer,Regular Marketing,39.06,54.33,22.77,Loyal Stage
a8c78f8c4faf800e1d0c164deda39157,114.0,75.82,24.18,Regular Customer,Regular Marketing,38.33,53.33,24.18,Loyal Stage
a8d4b30682739775c40e7988379edcfc,169.0,76.06,23.94,VIP Customer,VIP Loyalty Benefits,38.66,53.62,23.94,Loyal Stage
a8dd81392e5eee5d979c629a76abec2a,0.0,77.41,22.59,Regular Customer,Regular Marketing,38.7,54.18,22.59,Loyal Stage
a8e08d4f5f9bbf0b7834866de94b6aee,36.99,75.76,24.24,Regular Customer,Regular Marketing,38.02,53.12,24.24,Loyal Stage
a8e4ef0240d9bf6aeceb1fa07f98b7bb,69.9,77.21,22.79,Regular Customer,Regular Marketing,38.87,54.21,22.79,Loyal Stage
a8f2d0c982dc7985992fa2b93fdb7863,132.0,77.2,22.8,Regular Customer,Regular Marketing,39.09,54.33,22.8,Loyal Stage
a908688302c2488eb2b24d6ab2c4d7d5,110.0,76.49,23.51,Regular Customer,Regular Marketing,38.65,53.79,23.51,Loyal Stage
a90cf5a43a177612976f70bdccffbd0e,243.0,76.01,23.99,VIP Customer,VIP Loyalty Benefits,38.91,53.75,23.99,Loyal Stage
a914b2be4782207abc6758095ec9e8aa,229.6,76.62,23.38,VIP Customer,VIP Loyalty Benefits,39.16,54.14,23.38,Loyal Stage
a917c56ddf872625b041ef6521cd06a9,29.9,76.63,23.37,Regular Customer,Regular Marketing,38.43,53.71,23.37,Loyal Stage
a9230d79e397fb71fa526975917bf449,29.9,76.27,23.73,Regular Customer,Regular Marketing,38.25,53.46,23.73,Loyal Stage
a926aae38267e7f54e67de9b5775d0a5,74.89,76.13,23.87,Regular Customer,Regular Marketing,38.34,53.46,23.87,Loyal Stage
a930016dbc02c5ec1f9703a25414aabb,69.9,76.53,23.47,Regular Customer,Regular Marketing,38.53,53.73,23.47,Loyal Stage
a936a09f5e56a028c5ba4d6f6b744495,59.8,76.21,23.79,Regular Customer,Regular Marketing,38.33,53.48,23.79,Loyal Stage
a9399796b67df5d2b2efb4e66b92b4ec,33.49,76.01,23.99,Regular Customer,Regular Marketing,38.13,53.28,23.99,Loyal Stage
a93a47e9606d7979dcb5a63fbbfcf8db,139.0,76.89,23.11,VIP Customer,VIP Loyalty Benefits,38.96,54.13,23.11,Loyal Stage
a93ef4ff71d0f83d54ab658ad156cd23,238.0,76.78,23.22,VIP Customer,VIP Loyalty Benefits,39.28,54.28,23.22,Loyal Stage
a9403b325f6e6619eaf3cfe9af0773bd,69.9,76.69,23.31,Regular Customer,Regular Marketing,38.61,53.84,23.31,Loyal Stage
a94620256fe489d233badf3a8e492781,258.0,76.32,23.68,VIP Customer,VIP Loyalty Benefits,39.12,54.0,23.68,Loyal Stage
a95b2a758b2e0748b296c6671261a38a,135.0,76.37,23.63,Regular Customer,Regular Marketing,38.69,53.76,23.63,Loyal Stage
a9669782a17a0b5e26ebbd3e67d82908,69.9,76.02,23.98,Regular Customer,Regular Marketing,38.27,53.37,23.98,Loyal Stage
a97fc625e3f3081e1c7385e69dbebf75,0.0,75.91,24.09,Regular Customer,Regular Marketing,37.96,53.14,24.09,Loyal Stage
a984dc73180e58d6b3520c7e32dd33c9,211.05,76.64,23.36,VIP Customer,VIP Loyalty Benefits,39.11,54.12,23.36,Loyal Stage
a99ca5de16bb8737a59d562a3c32ca9b,118.13,76.3,23.7,Regular Customer,Regular Marketing,38.59,53.67,23.7,Loyal Stage
a9a01f767af5be3c3666cf307d5f790f,0.0,77.36,22.64,Regular Customer,Regular Marketing,38.68,54.15,22.64,Loyal Stage
a9ad39b80ace826baa900d906d27975f,24.9,76.05,23.95,Regular Customer,Regular Marketing,38.12,53.29,23.95,Loyal Stage
a9ad8c620ab4f33d092c38e1492afa3e,179.99,76.34,23.66,VIP Customer,VIP Loyalty Benefits,38.84,53.84,23.66,Loyal Stage
a9b026c8fe47c00c02d1eac79fb78cec,818.0,76.72,23.28,VIP Customer,VIP Loyalty Benefits,41.4,55.53,23.28,Loyal Stage
a9b8fb0610d44373d5cb1ec155cd25ce,169.99,76.37,23.63,VIP Customer,VIP Loyalty Benefits,38.82,53.84,23.63,Loyal Stage
a9bb8f5e3614e5e4976bea85a645a0ba,52.9,75.63,24.37,Regular Customer,Regular Marketing,38.01,53.06,24.37,Loyal Stage
a9bf88ae7e6a141ebeb3369b4914d488,243.0,77.51,22.49,VIP Customer,VIP Loyalty Benefits,39.66,54.8,22.49,Loyal Stage
a9c4c68a1b20aac9e9a5375b33a8235f,19.9,76.1,23.9,Regular Customer,Regular Marketing,38.12,53.31,23.9,Loyal Stage
a9c58149b8d3e6d19d3f1cc6d9fc8d10,55.0,75.99,24.01,Regular Customer,Regular Marketing,38.2,53.32,24.01,Loyal Stage
a9d00a051f6988fb866c9f1086a0f7bc,59.0,76.88,23.12,Regular Customer,Regular Marketing,38.66,53.95,23.12,Loyal Stage
a9d00c49a89c0e5cdccc3994c1917cf2,0.0,76.74,23.26,Regular Customer,Regular Marketing,38.37,53.72,23.26,Loyal Stage
a9e548f8d73f58feb2aa94dc33f67fcf,69.99,76.9,23.1,Regular Customer,Regular Marketing,38.71,53.99,23.1,Loyal Stage
a9f3a13c8e8317bc06a9899438471701,135.0,76.42,23.58,Regular Customer,Regular Marketing,38.71,53.79,23.58,Loyal Stage
aa0676894f362c7807254cb91d9c0b30,159.99,76.67,23.33,VIP Customer,VIP Loyalty Benefits,38.93,54.03,23.33,Loyal Stage
aa0a5b3534d3cc21fefa89c4f245e275,119.98,75.73,24.27,Regular Customer,Regular Marketing,38.31,53.28,24.27,Loyal Stage
aa124de464f5d05af1eec1837493cc45,129.9,76.11,23.89,Regular Customer,Regular Marketing,38.54,53.57,23.89,Loyal Stage
aa1c9c908a46198cf8b8fdc5c8037688,29.49,75.8,24.2,Regular Customer,Regular Marketing,38.01,53.13,24.2,Loyal Stage
aa26d42b1e161d0deefbd5c9ae974d7c,0.0,77.26,22.74,Regular Customer,Regular Marketing,38.63,54.08,22.74,Loyal Stage
aa2fda0537d2d5029dbd2d5d685f0781,189.9,76.4,23.6,VIP Customer,VIP Loyalty Benefits,38.91,53.91,23.6,Loyal Stage
aa4baf893fa81bf5c57a380869bb4cdb,0.0,75.4,24.6,Regular Customer,Regular Marketing,37.7,52.78,24.6,Loyal Stage
aa575dc3874ea4c97bd6e954a84db119,0.0,75.6,24.4,Regular Customer,Regular Marketing,37.8,52.92,24.4,Loyal Stage
aa591348866497ba6bf83de62e4f8813,25.9,76.41,23.59,Regular Customer,Regular Marketing,38.3,53.54,23.59,Loyal Stage
aa5dd0414c0e9ad24f22e06bec1dc805,47.8,75.88,24.12,Regular Customer,Regular Marketing,38.12,53.22,24.12,Loyal Stage
aa6124348c35f67e964051140056fa83,25.7,75.69,24.31,Regular Customer,Regular Marketing,37.94,53.04,24.31,Loyal Stage
aa7601db46d40e3f6a3a8a7d72797729,141.99,76.85,23.15,VIP Customer,VIP Loyalty Benefits,38.95,54.11,23.15,Loyal Stage
aa89a987e1e092c318fbdc4b0e3dcc44,135.9,76.37,23.63,Regular Customer,Regular Marketing,38.69,53.76,23.63,Loyal Stage
aaa606a7a5be91c8779edcfab22c1689,114.9,76.03,23.97,Regular Customer,Regular Marketing,38.44,53.48,23.97,Loyal Stage
aaaeb3040c346c01293d5cb509c06584,46.89,75.41,24.59,Regular Customer,Regular Marketing,37.88,52.89,24.59,Loyal Stage
aaba095fa2a2258b9deca8d73264320e,139.0,77.05,22.95,VIP Customer,VIP Loyalty Benefits,39.04,54.24,22.95,Loyal Stage
aabc3cb2442d5fde20de031b717eee8b,119.9,75.88,24.12,Regular Customer,Regular Marketing,38.39,53.39,24.12,Loyal Stage
aad1c7f54ec632ddf6ac8b080b27cd27,84.9,76.97,23.03,Regular Customer,Regular Marketing,38.8,54.07,23.03,Loyal Stage
aad99270bc43606a7af9647b7a7de9e4,704.6700000000001,77.63,22.37,VIP Customer,VIP Loyalty Benefits,41.44,55.92,22.37,Loyal Stage
aada7d9a5665bb8ef82d9e26ba4ad5f8,17.49,76.45,23.55,Regular Customer,Regular Marketing,38.29,53.55,23.55,Loyal Stage
aae296875a5380b09f3785a729183ff2,32.99,76.79,23.21,Regular Customer,Regular Marketing,38.52,53.83,23.21,Loyal Stage
aae2cacd213190a4428cb5975023d603,183.38,75.77,24.23,VIP Customer,VIP Loyalty Benefits,38.57,53.45,24.23,Loyal Stage
aaf42127a0270cf3994499c494bdc4cc,45.0,76.19,23.81,Regular Customer,Regular Marketing,38.26,53.43,23.81,Loyal Stage
ab0369f66ee9ae7a31ebc491f73b5c5b,0.0,76.38,23.62,Regular Customer,Regular Marketing,38.19,53.47,23.62,Loyal Stage
ab19eac6f484238b7fb42f4d97345634,0.0,75.96,24.04,Regular Customer,Regular Marketing,37.98,53.17,24.04,Loyal Stage
ab1b1335445f91862e930d735591527a,49.99,76.19,23.81,Regular Customer,Regular Marketing,38.28,53.44,23.81,Loyal Stage
ab1d731d10eee8bf32306f5452eb770f,199.5,76.26,23.74,VIP Customer,VIP Loyalty Benefits,38.87,53.83,23.74,Loyal Stage
ab2255eb14e071fbe873408ff2c4fd12,79.9,76.19,23.81,Regular Customer,Regular Marketing,38.39,53.51,23.81,Loyal Stage
ab2731479851fc8019caa384772a2a0b,59.9,76.47,23.53,Regular Customer,Regular Marketing,38.46,53.66,23.53,Loyal Stage
ab28b75b64cb61b5247aea7f391778cd,199.0,76.88,23.12,VIP Customer,VIP Loyalty Benefits,39.18,54.26,23.12,Loyal Stage
ab2ed50befdb3983c871c3aa3f542964,24.9,77.09,22.91,Regular Customer,Regular Marketing,38.64,54.02,22.91,Loyal Stage
ab451b486278ea9f8e30f3eff137ebd4,295.0,77.44,22.56,VIP Customer,VIP Loyalty Benefits,39.82,54.87,22.56,Loyal Stage
ab5a887e09eadc6c0a79c1ac34615c77,17.9,76.82,23.18,Regular Customer,Regular Marketing,38.48,53.82,23.18,Loyal Stage
ab65c8033f3f79397b23ae75b3944d15,48.9,76.6,23.4,Regular Customer,Regular Marketing,38.48,53.73,23.4,Loyal Stage
ab671212df2e019e3fe8e3e18cd60cc6,145.0,76.96,23.04,VIP Customer,VIP Loyalty Benefits,39.02,54.2,23.04,Loyal Stage
ab73bba6ba7821dce1a640729e5676fd,169.9,75.75,24.25,VIP Customer,VIP Loyalty Benefits,38.51,53.41,24.25,Loyal Stage
ab81aac5562f98c094a0a51b98f09eeb,0.0,76.64,23.36,Regular Customer,Regular Marketing,38.32,53.65,23.36,Loyal Stage
ab8464826de904f7996d12e32b2e45a4,105.0,76.07,23.93,Regular Customer,Regular Marketing,38.43,53.49,23.93,Loyal Stage
ab8855d757bc65779b23dfca9dbbca82,129.9,77.25,22.75,Regular Customer,Regular Marketing,39.11,54.37,22.75,Loyal Stage
abb248e062ac0172f20687bc019bed89,119.5,75.99,24.01,Regular Customer,Regular Marketing,38.44,53.46,24.01,Loyal Stage
abb2f3f74fa28b45a75820a83aea2811,39.0,76.8,23.2,Regular Customer,Regular Marketing,38.55,53.85,23.2,Loyal Stage
abb63d37cf15e36bbade3c9a0a3b8e18,0.0,76.69,23.31,Regular Customer,Regular Marketing,38.34,53.68,23.31,Loyal Stage
abc9e5b32caf6ec0c8fa356117b66d66,294.89,76.51,23.49,VIP Customer,VIP Loyalty Benefits,39.35,54.21,23.49,Loyal Stage
abcda22c8d3868d042053fd7dd63e0d6,64.0,76.06,23.94,Regular Customer,Regular Marketing,38.27,53.39,23.94,Loyal Stage
abdd9c82910d5e87bca444952d5469f3,99.9,76.63,23.37,Regular Customer,Regular Marketing,38.69,53.87,23.37,Loyal Stage
abe400901c993bb696f6212598ab5f20,45.99,75.93,24.07,Regular Customer,Regular Marketing,38.14,53.26,24.07,Loyal Stage
abf227dc917e1dd81b8149735d755b65,152.35000000000002,75.57,24.43,VIP Customer,VIP Loyalty Benefits,38.35,53.24,24.43,Loyal Stage
abf2bb6edd612a37e1573803f170901c,160.0,77.19,22.81,VIP Customer,VIP Loyalty Benefits,39.19,54.39,22.81,Loyal Stage
abfcf5294c0a5ee36b722b5773b68c1d,29.0,76.89,23.11,Regular Customer,Regular Marketing,38.55,53.89,23.11,Loyal Stage
ac096665c31a8a609691ad8ce54fe2cc,0.0,76.12,23.88,Regular Customer,Regular Marketing,38.06,53.28,23.88,Loyal Stage
ac1ce9b3fc0bbdc4d72c814871b23c35,278.0,76.64,23.36,VIP Customer,VIP Loyalty Benefits,39.35,54.27,23.36,Loyal Stage
ac234ce93625f413215b32d92af36d44,21.9,75.79,24.21,Regular Customer,Regular Marketing,37.98,53.1,24.21,Loyal Stage
ac2465a5d0b07f90b2f5ac6943f1e6da,32.0,75.44,24.56,Regular Customer,Regular Marketing,37.84,52.88,24.56,Loyal Stage
ac24803bdce566fa275258a3a91ad3a9,0.0,76.64,23.36,Regular Customer,Regular Marketing,38.32,53.65,23.36,Loyal Stage
ac24bfd114ac4d5769a8a8ddd98e52fd,48.9,77.38,22.62,Regular Customer,Regular Marketing,38.87,54.27,22.62,Loyal Stage
ac2593adb817694bb87be3eb71ea1c74,0.0,76.58,23.42,Regular Customer,Regular Marketing,38.29,53.61,23.42,Loyal Stage
ac4316047f392ac02340c4b6160d95a8,49.0,76.14,23.86,Regular Customer,Regular Marketing,38.25,53.41,23.86,Loyal Stage
ac43e0a3a9403aa4caed320690089bf4,19.9,76.1,23.9,Regular Customer,Regular Marketing,38.12,53.31,23.9,Loyal Stage
ac4a99ce4bbad4091cca1eb1aafc6d44,178.99,75.66,24.34,VIP Customer,VIP Loyalty Benefits,38.5,53.36,24.34,Loyal Stage
ac4bb8d4eaa1e1de3d75271ffd538d61,0.0,76.74,23.26,Regular Customer,Regular Marketing,38.37,53.72,23.26,Loyal Stage
ac4d73e97aa6d67f64ef83e45f20f668,0.0,75.7,24.3,Regular Customer,Regular Marketing,37.85,52.99,24.3,Loyal Stage
ac52ebfa9304256b625e6d71ebc27807,13.99,75.42,24.58,Regular Customer,Regular Marketing,37.76,52.82,24.58,Loyal Stage
ac58eba11e279c14834de56ed444f791,79.9,76.49,23.51,Regular Customer,Regular Marketing,38.54,53.72,23.51,Loyal Stage
ac66801a88ed2ab3440df7d0e6edfa7c,22.0,75.68,24.32,Regular Customer,Regular Marketing,37.92,53.02,24.32,Loyal Stage
ac6823dc21bd25c852134986a2c437c9,527.9,76.75,23.25,VIP Customer,VIP Loyalty Benefits,40.34,54.9,23.25,Loyal Stage
ac86b834ffa9d8790fcc78f20eed9745,88.83,77.08,22.92,Regular Customer,Regular Marketing,38.87,54.15,22.92,Loyal Stage
ac960c0979155ff8dbfdffc1c94ec676,28.0,76.42,23.58,Regular Customer,Regular Marketing,38.31,53.55,23.58,Loyal Stage
ac98f91383b2ac5a528ea7e7a363f969,85.8,75.99,24.01,Regular Customer,Regular Marketing,38.31,53.38,24.01,Loyal Stage
ac9a80a405cdd759de16b902ecc1cf32,0.0,77.0,23.0,Regular Customer,Regular Marketing,38.5,53.9,23.0,Loyal Stage
acb9b5f1c118fb2985a9b051e92f0600,0.0,76.33,23.67,Regular Customer,Regular Marketing,38.16,53.43,23.67,Loyal Stage
acbb9404f912d0baf4c5dcc4de5480ee,135.9,76.53,23.47,Regular Customer,Regular Marketing,38.77,53.87,23.47,Loyal Stage
acc0e3b063cb014e3ef92b08b5836bcf,98.0,76.78,23.22,Regular Customer,Regular Marketing,38.75,53.96,23.22,Loyal Stage
accd43278507145b2e40b2a8010e7223,149.0,75.62,24.38,VIP Customer,VIP Loyalty Benefits,38.36,53.26,24.38,Loyal Stage
accd68fd87adda3d6360d77daafd964d,149.99,76.2,23.8,VIP Customer,VIP Loyalty Benefits,38.66,53.68,23.8,Loyal Stage
acd7af4da419afee85373166387d5799,0.0,76.95,23.05,Regular Customer,Regular Marketing,38.48,53.87,23.05,Loyal Stage
acd9aa54ba1fb6d537ea8bb1bd65eed2,0.0,77.1,22.9,Regular Customer,Regular Marketing,38.55,53.97,22.9,Loyal Stage
acdc891424230535bd0833a2ac9e4c2f,140.0,75.71,24.29,VIP Customer,VIP Loyalty Benefits,38.38,53.31,24.29,Loyal Stage
ace0749d3f5aa3da6928601476742f55,109.99,76.59,23.41,Regular Customer,Regular Marketing,38.7,53.86,23.41,Loyal Stage
acea13a79aeaf715ba68122e9deb330a,205.0,76.89,23.11,VIP Customer,VIP Loyalty Benefits,39.21,54.28,23.11,Loyal Stage
ad155bc0931cb6bab63d4ff2515c3159,53.0,75.83,24.17,Regular Customer,Regular Marketing,38.11,53.2,24.17,Loyal Stage
ad20acec7b4a3d34152774684466a617,0.0,76.79,23.21,Regular Customer,Regular Marketing,38.4,53.76,23.21,Loyal Stage
ad218aecec00c5ef5f3ca7182ea0570c,11.97,76.86,23.14,Regular Customer,Regular Marketing,38.47,53.83,23.14,Loyal Stage
ad2bc20cbbcebc703b4525baf8d475b2,99.99,75.7,24.3,Regular Customer,Regular Marketing,38.22,53.21,24.3,Loyal Stage
ad30bc0453a6553d7fe530b1b822d124,29.99,75.8,24.2,Regular Customer,Regular Marketing,38.01,53.13,24.2,Loyal Stage
ad32fca3f475f02dfffa649ed0ef3cf6,55.0,76.41,23.59,Regular Customer,Regular Marketing,38.41,53.61,23.59,Loyal Stage
ad358ba52e3e3327a83f607f1a4bec6c,35.7,76.79,23.21,Regular Customer,Regular Marketing,38.53,53.83,23.21,Loyal Stage
ad42aacbb54f663cd9fbaaf3afbfe9aa,0.0,77.05,22.95,Regular Customer,Regular Marketing,38.52,53.93,22.95,Loyal Stage
ad54002d9aac830bdfa4669c5f2d84aa,355.0,77.22,22.78,VIP Customer,VIP Loyalty Benefits,39.93,54.85,22.78,Loyal Stage
ad5c2d22aefd6982c12d1f3bb2e3fe79,134.9,75.75,24.25,Regular Customer,Regular Marketing,38.38,53.33,24.25,Loyal Stage
ad5fe24bae335b3502a8731533351598,0.0,76.33,23.67,Regular Customer,Regular Marketing,38.16,53.43,23.67,Loyal Stage
ad7c9286abfd06762b553040264bdf3d,34.0,76.74,23.26,Regular Customer,Regular Marketing,38.5,53.8,23.26,Loyal Stage
ad7fda75731aed4991eb80d939db8115,17.0,76.68,23.32,Regular Customer,Regular Marketing,38.4,53.71,23.32,Loyal Stage
ad85c133449f220e90bc455eac37c5e7,149.9,76.24,23.76,VIP Customer,VIP Loyalty Benefits,38.68,53.7,23.76,Loyal Stage
ad8afaa36c68da1bb75598c756c1148e,22.32,76.77,23.23,Regular Customer,Regular Marketing,38.47,53.79,23.23,Loyal Stage
ad923bbe4abc7df8a0c419ecaf100bf3,49.0,77.02,22.98,Regular Customer,Regular Marketing,38.69,54.02,22.98,Loyal Stage
ad96c893319ca7c9235194c71c936464,129.0,76.05,23.95,Regular Customer,Regular Marketing,38.5,53.52,23.95,Loyal Stage
ad9ea4d00c39f9f3213f2cb69b1bf3a8,22.0,76.41,23.59,Regular Customer,Regular Marketing,38.29,53.54,23.59,Loyal Stage
ada82f7ac72cffa92b5603a2ff0414c5,79.99,75.77,24.23,Regular Customer,Regular Marketing,38.18,53.22,24.23,Loyal Stage
adaf57e0393e8bd61158e80749f58291,0.0,75.76,24.24,Regular Customer,Regular Marketing,37.88,53.03,24.24,Loyal Stage
adba870eb870a85fd09393ca02dd20a2,44.05,75.98,24.02,Regular Customer,Regular Marketing,38.15,53.28,24.02,Loyal Stage
adbbf858d1a083ef7a94eb715d6c975b,34.0,76.01,23.99,Regular Customer,Regular Marketing,38.13,53.28,23.99,Loyal Stage
adc650abc7894831caafbf528540e9ea,134.99,76.22,23.78,Regular Customer,Regular Marketing,38.61,53.65,23.78,Loyal Stage
adca77d38b941e9c8be582407f483419,30.94,77.05,22.95,Regular Customer,Regular Marketing,38.64,54.0,22.95,Loyal Stage
adcd4db76139274c3d9e3d84f550c1e6,130.0,76.93,23.07,Regular Customer,Regular Marketing,38.95,54.14,23.07,Loyal Stage
addbdb6a87401fca750e8aa543641232,182.0,75.72,24.28,VIP Customer,VIP Loyalty Benefits,38.54,53.41,24.28,Loyal Stage
adef59974ee894d29a09f8490a1e797b,103.95,76.22,23.78,Regular Customer,Regular Marketing,38.5,53.59,23.78,Loyal Stage
ae00eb90b34f0bee0b8084c6a22b6fe6,348.9,76.17,23.83,VIP Customer,VIP Loyalty Benefits,39.38,54.1,23.83,Loyal Stage
ae07f4e9a6fb72809102119f12da5221,110.32,76.39,23.61,Regular Customer,Regular Marketing,38.61,53.72,23.61,Loyal Stage
ae2a71382b06287246b07ca68b92f0a7,129.97,75.69,24.31,Regular Customer,Regular Marketing,38.33,53.27,24.31,Loyal Stage
ae6b9aab553e90039768186fe5a82648,29.84,76.84,23.16,Regular Customer,Regular Marketing,38.53,53.85,23.16,Loyal Stage
ae6cc36c6ffd4f5f3908dd1391636f22,0.0,76.28,23.72,Regular Customer,Regular Marketing,38.14,53.4,23.72,Loyal Stage
ae7f543e349dd405a2ff5d6ea850cb8d,19.8,75.53,24.47,Regular Customer,Regular Marketing,37.84,52.92,24.47,Loyal Stage
ae85882125a65f2ec171d10c893d9b05,49.99,75.99,24.01,Regular Customer,Regular Marketing,38.18,53.3,24.01,Loyal Stage
ae8c571034ecab31dd024d5ad236e049,79.99,75.46,24.54,Regular Customer,Regular Marketing,38.03,53.0,24.54,Loyal Stage
ae912dcdd2ca9b98cb0fef04feb2f6d3,122.99,76.66,23.34,Regular Customer,Regular Marketing,38.79,53.94,23.34,Loyal Stage
ae9ea41cc5cea5bd9ccbfee5fae4c8ef,49.99,75.57,24.43,Regular Customer,Regular Marketing,37.97,53.01,24.43,Loyal Stage
aeb228d2b33805c08b0744db20caa3df,129.9,76.16,23.84,Regular Customer,Regular Marketing,38.56,53.6,23.84,Loyal Stage
aeb77c078b8f6eff2669b7a724687d18,89.99,75.68,24.32,Regular Customer,Regular Marketing,38.17,53.17,24.32,Loyal Stage
aebc59e8819e9f43d427e3d1ec19e3c0,39.9,75.76,24.24,Regular Customer,Regular Marketing,38.03,53.12,24.24,Loyal Stage
aebda6ff8471f47c71a6fe298fa3f311,74.89,76.28,23.72,Regular Customer,Regular Marketing,38.42,53.56,23.72,Loyal Stage
aec122eaceeb8c84cc61479881a9e10f,70.0,75.65,24.35,Regular Customer,Regular Marketing,38.09,53.11,24.35,Loyal Stage
aec4d44a02c74d625116e7d94fafd67b,0.0,76.17,23.83,Regular Customer,Regular Marketing,38.08,53.32,23.83,Loyal Stage
aeca5150be9e955ecefdc4861b04da15,0.0,76.02,23.98,Regular Customer,Regular Marketing,38.01,53.21,23.98,Loyal Stage
aecb58a40bd7dffb5623df12cd8f4837,0.0,75.6,24.4,Regular Customer,Regular Marketing,37.8,52.92,24.4,Loyal Stage
aed42e87e8e87dcd62a19f37b59b1700,149.9,77.33,22.67,VIP Customer,VIP Loyalty Benefits,39.22,54.46,22.67,Loyal Stage
aed6109ee840da0ba3589f0c1103a292,149.8,76.24,23.76,VIP Customer,VIP Loyalty Benefits,38.68,53.7,23.76,Loyal Stage
aee096c516069e571d98f9e591cc9fd8,0.0,75.55,24.45,Regular Customer,Regular Marketing,37.78,52.89,24.45,Loyal Stage
aef1db2c61a9e712fe5a0ab9fa4f56be,100.0,76.48,23.52,Regular Customer,Regular Marketing,38.61,53.76,23.52,Loyal Stage
aef680348e7b2c166d782fe545be58ea,29.9,76.42,23.58,Regular Customer,Regular Marketing,38.32,53.56,23.58,Loyal Stage
af07308b275d755c9edb36a90c618231,118.7,75.78,24.22,Regular Customer,Regular Marketing,38.33,53.31,24.22,Loyal Stage
af096bb816f90a11731e6b258a785d85,0.0,76.43,23.57,Regular Customer,Regular Marketing,38.22,53.5,23.57,Loyal Stage
af0c81ca37585eaf94be120a572be1bf,88.99,77.03,22.97,Regular Customer,Regular Marketing,38.85,54.12,22.97,Loyal Stage
af188f400ae2502dd8afc8730dd52717,0.0,75.5,24.5,Regular Customer,Regular Marketing,37.75,52.85,24.5,Loyal Stage
af21f4525831bb14040012fd9bfec6d3,78.9,76.45,23.55,Regular Customer,Regular Marketing,38.52,53.69,23.55,Loyal Stage
af2af76a54c146da853816cfbc799c37,158.0,76.87,23.13,VIP Customer,VIP Loyalty Benefits,39.02,54.16,23.13,Loyal Stage
af329b8b816bc8de251c365f45c848af,70.0,75.55,24.45,Regular Customer,Regular Marketing,38.04,53.04,24.45,Loyal Stage
af365457cc03ab0c057920afc6cd6b1a,111.0,76.65,23.35,Regular Customer,Regular Marketing,38.74,53.9,23.35,Loyal Stage
af4060a17b4d8f42ec3924792f07200d,110.0,75.66,24.34,Regular Customer,Regular Marketing,38.24,53.21,24.34,Loyal Stage
af48beea16f83c193a924a8d56311737,0.0,76.17,23.83,Regular Customer,Regular Marketing,38.08,53.32,23.83,Loyal Stage
af4f285010c0961ad948e93170be4237,141.99,76.9,23.1,VIP Customer,VIP Loyalty Benefits,38.98,54.15,23.1,Loyal Stage
af5454198a97379394cacf676e1e96cb,178.0,79.54,20.46,VIP Customer,VIP Loyalty Benefits,40.43,56.07,20.46,Loyal Stage
af54c4ff3daa51ba005c4a027535dd16,117.0,76.86,23.14,Regular Customer,Regular Marketing,38.87,54.07,23.14,Loyal Stage
af5990af08c5ded79398a493a3be1842,0.0,76.48,23.52,Regular Customer,Regular Marketing,38.24,53.54,23.52,Loyal Stage
af5b766ebb8329a34871cbafc1e2352b,0.0,75.96,24.04,Regular Customer,Regular Marketing,37.98,53.17,24.04,Loyal Stage
af64f8f7745ebda82e9f949f35d1a893,330.0,77.23,22.77,VIP Customer,VIP Loyalty Benefits,39.84,54.8,22.77,Loyal Stage
af668a0f61ebe9de87d3f6d6a79ec920,96.99,77.45,22.55,Regular Customer,Regular Marketing,39.09,54.43,22.55,Loyal Stage
af77c6e4eccd9030ebbccf141c7ebabd,24.0,77.19,22.81,Regular Customer,Regular Marketing,38.68,54.08,22.81,Loyal Stage
af7bb09e58dadca0e5f11e1a3ad0c2a9,39.99,75.97,24.03,Regular Customer,Regular Marketing,38.13,53.27,24.03,Loyal Stage
af81655b9450b305507053d819c28c6a,170.0,75.9,24.1,VIP Customer,VIP Loyalty Benefits,38.58,53.51,24.1,Loyal Stage
af861d436cfc08b2c2ddefd0ba074622,12.99,76.35,23.65,Regular Customer,Regular Marketing,38.22,53.47,23.65,Loyal Stage
af8c079173ce0f739855639f3fed6354,69.9,76.17,23.83,Regular Customer,Regular Marketing,38.35,53.48,23.83,Loyal Stage
af982647bad6ee3e3a748ff4721e6644,0.0,75.86,24.14,Regular Customer,Regular Marketing,37.93,53.1,24.14,Loyal Stage
afab0377a864587c246f674ed081e87c,67.5,76.84,23.16,Regular Customer,Regular Marketing,38.67,53.94,23.16,Loyal Stage
afb52ea975d50186e84afb47816c156b,32.0,75.91,24.09,Regular Customer,Regular Marketing,38.07,53.21,24.09,Loyal Stage
afb67883736c4bfd7bf65d0a1bf6d372,142.42,77.0,23.0,VIP Customer,VIP Loyalty Benefits,39.03,54.22,23.0,Loyal Stage
afb9989f84153b07a89461702ca57f3a,0.0,76.79,23.21,Regular Customer,Regular Marketing,38.4,53.76,23.21,Loyal Stage
afbcfd0b9c5233e7ccc73428526fbb52,457.75,78.09,21.91,VIP Customer,VIP Loyalty Benefits,40.75,55.69,21.91,Loyal Stage
afc583504bc629f11fd265296a0cf700,45.0,75.61,24.39,Regular Customer,Regular Marketing,37.97,53.03,24.39,Loyal Stage
afd0fca67b5d1b8c632c26fd642999c2,59.9,76.73,23.27,Regular Customer,Regular Marketing,38.59,53.85,23.27,Loyal Stage
afd7112b4c782950295ef71875629dd4,72.9,76.74,23.26,Regular Customer,Regular Marketing,38.64,53.88,23.26,Loyal Stage
afd8d5e8cd05a34dac8cd8cec84d343d,170.0,76.32,23.68,VIP Customer,VIP Loyalty Benefits,38.79,53.8,23.68,Loyal Stage
afe9cdc000a97004ac5e560d40c4ce6a,39.9,76.08,23.92,Regular Customer,Regular Marketing,38.19,53.35,23.92,Loyal Stage
b00ea1e069481794abd873a9342fbf58,29.0,76.11,23.89,Regular Customer,Regular Marketing,38.16,53.34,23.89,Loyal Stage
b021c4914aaf3c673e92473fb1e61010,79.9,76.34,23.66,Regular Customer,Regular Marketing,38.47,53.62,23.66,Loyal Stage
b027a5e64b72907d4a6498caeb2e2fde,115.99,77.17,22.83,Regular Customer,Regular Marketing,39.02,54.28,22.83,Loyal Stage
b027a64eb19eaecd0959e635da67abff,19.0,76.1,23.9,Regular Customer,Regular Marketing,38.12,53.31,23.9,Loyal Stage
b02bd9f01b3253917bc4d51b022f1cad,570.0,77.24,22.76,VIP Customer,VIP Loyalty Benefits,40.74,55.34,22.76,Loyal Stage
b03155da610163a1626f1b99d4787774,218.0,75.98,24.02,VIP Customer,VIP Loyalty Benefits,38.8,53.67,24.02,Loyal Stage
b036a834a3a5f0902736f184b65936c9,99.0,76.16,23.84,Regular Customer,Regular Marketing,38.45,53.53,23.84,Loyal Stage
b03a311d59fb5151a8a836fc0a8d14bc,60.03,76.37,23.63,Regular Customer,Regular Marketing,38.41,53.59,23.63,Loyal Stage
b0468c2f2573d7b6bc5bc33479785e2a,100.04,76.38,23.62,Regular Customer,Regular Marketing,38.56,53.69,23.62,Loyal Stage
b04f9b6744c2b4091990a9dd1e0c7aaf,149.34,76.45,23.55,VIP Customer,VIP Loyalty Benefits,38.78,53.85,23.55,Loyal Stage
b0659017a3aae5e74b38d51c7c23a135,46.95,75.62,24.38,Regular Customer,Regular Marketing,37.98,53.04,24.38,Loyal Stage
b06cbcff71d24194308491c06c79592a,135.0,76.63,23.37,Regular Customer,Regular Marketing,38.82,53.94,23.37,Loyal Stage
b073fa02eea5042d41af91088a3dcced,0.0,75.5,24.5,Regular Customer,Regular Marketing,37.75,52.85,24.5,Loyal Stage
b08a631ea9c462557bc15f59b72790c0,79.9,75.82,24.18,Regular Customer,Regular Marketing,38.21,53.25,24.18,Loyal Stage
b08a67dfc3133fb089b5a40c28baefe5,45.0,76.08,23.92,Regular Customer,Regular Marketing,38.21,53.36,23.92,Loyal Stage
b08d7c8bbee2f760ad889bcaae2bc5af,59.9,77.14,22.86,Regular Customer,Regular Marketing,38.79,54.13,22.86,Loyal Stage
b0aec2a0437869f86a45f1719146f75f,36.5,76.28,23.72,Regular Customer,Regular Marketing,38.28,53.48,23.72,Loyal Stage
b0b18bfffa6a1fb823a25a9167e6877c,15.0,76.97,23.03,Regular Customer,Regular Marketing,38.54,53.91,23.03,Loyal Stage
b0b7a87b0b0c394965bd49368aefed80,32.0,77.1,22.9,Regular Customer,Regular Marketing,38.67,54.04,22.9,Loyal Stage
b0bcc8f488763575cc5801710e7b7586,349.3,75.82,24.18,VIP Customer,VIP Loyalty Benefits,39.21,53.85,24.18,Loyal Stage
b0bf646572e6c443de8d15a6ae0f3866,66.55,76.68,23.32,Regular Customer,Regular Marketing,38.59,53.83,23.32,Loyal Stage
b0c780eae439a01abbf097bd7611e40b,149.65,76.96,23.04,VIP Customer,VIP Loyalty Benefits,39.04,54.21,23.04,Loyal Stage
b0c835ab23d677c169486205e7d1d296,138.0,76.27,23.73,Regular Customer,Regular Marketing,38.65,53.7,23.73,Loyal Stage
b0cc12817defd6163ab8d3fa169bb24d,60.0,77.19,22.81,Regular Customer,Regular Marketing,38.82,54.17,22.81,Loyal Stage
b0cc9bcf3b98c2c2efe283ae363b3948,168.9,76.22,23.78,VIP Customer,VIP Loyalty Benefits,38.74,53.73,23.78,Loyal Stage
b0d476efb7e8ffa8cd5d6b929bdfce87,0.0,76.9,23.1,Regular Customer,Regular Marketing,38.45,53.83,23.1,Loyal Stage
b0defb480db685a5279ca42935c58fe7,168.99,76.68,23.32,VIP Customer,VIP Loyalty Benefits,38.97,54.05,23.32,Loyal Stage
b0df0c28ffa58ea9035f06f993bc717a,89.0,77.34,22.66,Regular Customer,Regular Marketing,39.0,54.34,22.66,Loyal Stage
b0e3d5226747d43d40b4f07aeb6de300,0.0,76.69,23.31,Regular Customer,Regular Marketing,38.34,53.68,23.31,Loyal Stage
b0ee7aeb838c0da4ed548629ae1607cf,0.0,75.7,24.3,Regular Customer,Regular Marketing,37.85,52.99,24.3,Loyal Stage
b1039a56990acdddd5438aea568557db,194.89,76.2,23.8,VIP Customer,VIP Loyalty Benefits,38.83,53.78,23.8,Loyal Stage
b106847a772fb305224a3270f85a06f0,169.0,77.3,22.7,VIP Customer,VIP Loyalty Benefits,39.28,54.49,22.7,Loyal Stage
b1154cb6531798276e4b3ef2f7060ea0,65.9,76.58,23.42,Regular Customer,Regular Marketing,38.54,53.76,23.42,Loyal Stage
b116610789b3383452eb6962a844364c,56.99,76.2,23.8,Regular Customer,Regular Marketing,38.31,53.47,23.8,Loyal Stage
b11752db44935c02e110c5ff2babcd54,74.0,76.33,23.67,Regular Customer,Regular Marketing,38.44,53.6,23.67,Loyal Stage
b12294f6bca2370dc2f2a46cdc484076,1669.87,77.49,22.51,VIP Customer,VIP Loyalty Benefits,44.96,57.97,22.51,Loyal Stage
b1318a7504d156ed676d807516f427d2,189.9,76.19,23.81,VIP Customer,VIP Loyalty Benefits,38.8,53.76,23.81,Loyal Stage
b1338d6f97d1fba0fa7b1467fdc93fd0,102.0,76.27,23.73,Regular Customer,Regular Marketing,38.51,53.61,23.73,Loyal Stage
b13dc4ed163b263501d5c3cd16512bf7,49.99,75.88,24.12,Regular Customer,Regular Marketing,38.13,53.23,24.12,Loyal Stage
b142799aa6bfac7c711c9d516e3112e2,148.0,76.55,23.45,VIP Customer,VIP Loyalty Benefits,38.83,53.92,23.45,Loyal Stage
b15035bdc5680d5f32c2d860cfc2f8fc,104.6,77.16,22.84,Regular Customer,Regular Marketing,38.97,54.25,22.84,Loyal Stage
b1509fcb21da7376ef86182f65298ded,237.0,76.26,23.74,VIP Customer,VIP Loyalty Benefits,39.01,53.91,23.74,Loyal Stage
b17404f111433a88df165b1358bbc15e,0.0,76.43,23.57,Regular Customer,Regular Marketing,38.22,53.5,23.57,Loyal Stage
b17dcef6e07833b61ff999b107066b78,126.49,77.29,22.71,Regular Customer,Regular Marketing,39.12,54.39,22.71,Loyal Stage
b17eaf0feeb4ddf931c35cfc5f95c4ea,11.87,76.65,23.35,Regular Customer,Regular Marketing,38.37,53.68,23.35,Loyal Stage
b1872bfc7094b43ed6ae7680f24ff687,0.0,76.22,23.78,Regular Customer,Regular Marketing,38.11,53.35,23.78,Loyal Stage
b187823a366419a40aa2758c1e9a6c17,65.95,76.06,23.94,Regular Customer,Regular Marketing,38.28,53.39,23.94,Loyal Stage
b188ef175fcdae4adfdbbeb9d8267b52,0.0,75.86,24.14,Regular Customer,Regular Marketing,37.93,53.1,24.14,Loyal Stage
b199f68a57e6afbf65d5d0e0ad11cbbc,42.9,75.46,24.54,Regular Customer,Regular Marketing,37.89,52.92,24.54,Loyal Stage
b1a82c8d03f1811eb03d6cb6555ea68e,75.5,74.86,25.14,Regular Customer,Regular Marketing,37.71,52.57,25.14,Loyal Stage
b1ad98d58fd0f92925b9accab32c0400,14.5,77.38,22.62,Regular Customer,Regular Marketing,38.74,54.2,22.62,Loyal Stage
b1b0842057222beaaed8c19b7b12f433,0.0,76.43,23.57,Regular Customer,Regular Marketing,38.22,53.5,23.57,Loyal Stage
b1b1b8aecd14c060c3f9dcdfbe315d8d,85.8,77.18,22.82,Regular Customer,Regular Marketing,38.91,54.22,22.82,Loyal Stage
b1cea2fe484ca4819c2f6a48563d03bf,55.0,75.63,24.37,Regular Customer,Regular Marketing,38.02,53.06,24.37,Loyal Stage
b1d331d598346f4682c504045921b326,0.0,75.96,24.04,Regular Customer,Regular Marketing,37.98,53.17,24.04,Loyal Stage
b1d959f858f4289c52deae8b410debae,148.0,76.13,23.87,VIP Customer,VIP Loyalty Benefits,38.62,53.62,23.87,Loyal Stage
b1e29255aab64f2a8c9b98f6e466c73c,0.0,76.28,23.72,Regular Customer,Regular Marketing,38.14,53.4,23.72,Loyal Stage
b1f7158c4df0bdff48da16f48da5577c,430.0,77.64,22.36,VIP Customer,VIP Loyalty Benefits,40.42,55.31,22.36,Loyal Stage
b1fa0628c8fd1c7ae145a3266c7c7f30,20.9,77.14,22.86,Regular Customer,Regular Marketing,38.65,54.05,22.86,Loyal Stage
b20bf234e1052dbc80c1b5d7ab538261,85.9,77.08,22.92,Regular Customer,Regular Marketing,38.86,54.15,22.92,Loyal Stage
b20c72d8343d25917e0cb974e9c1996a,75.0,76.44,23.56,Regular Customer,Regular Marketing,38.5,53.68,23.56,Loyal Stage
b224df8756a4e80f5598fff21316b833,79.9,76.24,23.76,Regular Customer,Regular Marketing,38.42,53.55,23.76,Loyal Stage
b225729f32aea3d05f33792a9a369c30,0.0,76.28,23.72,Regular Customer,Regular Marketing,38.14,53.4,23.72,Loyal Stage
b239347d4d27f75a5d272929368ba243,109.79,75.51,24.49,Regular Customer,Regular Marketing,38.16,53.1,24.49,Loyal Stage
b23a04cda64a25aef1b69b9cbdb97b4d,69.99,76.33,23.67,Regular Customer,Regular Marketing,38.43,53.59,23.67,Loyal Stage
b25515ed07f325ab43b6bd13de85d2d0,109.22,76.54,23.46,Regular Customer,Regular Marketing,38.68,53.82,23.46,Loyal Stage
b259b009b425d402eb2160a3a614d3be,111.6,75.77,24.23,Regular Customer,Regular Marketing,38.3,53.29,24.23,Loyal Stage
b259de30a9466a5a1a346e783a510532,89.7,76.56,23.44,Regular Customer,Regular Marketing,38.61,53.79,23.44,Loyal Stage
b26a2528747a40a5dc8092939f2ea290,220.7,77.33,22.67,VIP Customer,VIP Loyalty Benefits,39.49,54.63,22.67,Loyal Stage
b27098601c68e4d33aee22b74b991ebd,97.77,76.37,23.63,Regular Customer,Regular Marketing,38.55,53.68,23.63,Loyal Stage
b27fb6694b272b15f5f3cd8226cd91cc,16.99,76.87,23.13,Regular Customer,Regular Marketing,38.5,53.85,23.13,Loyal Stage
b285b91655e36b0a7a42a791af572c15,108.0,76.23,23.77,Regular Customer,Regular Marketing,38.52,53.6,23.77,Loyal Stage
b28b906d2e7c601ca1311dbefff7962e,93.8,76.16,23.84,Regular Customer,Regular Marketing,38.43,53.52,23.84,Loyal Stage
b29212f96d1f8da43aeb91cf742b28d5,79.9,75.67,24.33,Regular Customer,Regular Marketing,38.13,53.15,24.33,Loyal Stage
b2aa555ce3ce0bfba30f48652b8d22e4,1999.8,78.44,21.56,VIP Customer,VIP Loyalty Benefits,46.66,59.37,21.56,Loyal Stage
b2b9f2691a107ce19b6976944c6c5649,364.0,77.13,22.87,VIP Customer,VIP Loyalty Benefits,39.92,54.8,22.87,Loyal Stage
b2c342b926207abe8fe789288fe5fec8,59.99,76.26,23.74,Regular Customer,Regular Marketing,38.35,53.51,23.74,Loyal Stage
b2c6414f2d15d0d0904379c6f8ec4ccd,79.9,76.91,23.09,Regular Customer,Regular Marketing,38.75,54.01,23.09,Loyal Stage
b2d7e20f85ca24c7bc0f3eec57d79cc9,0.0,75.5,24.5,Regular Customer,Regular Marketing,37.75,52.85,24.5,Loyal Stage
b2daf2cafbd2dc01b8e89dbffeec5aca,93.0,77.19,22.81,Regular Customer,Regular Marketing,38.94,54.24,22.81,Loyal Stage
b2e899f05a6f78ed0359de81eb853941,0.0,75.96,24.04,Regular Customer,Regular Marketing,37.98,53.17,24.04,Loyal Stage
b2e9a05d23ea17713b5d7799f2004f8e,700.27,75.65,24.35,VIP Customer,VIP Loyalty Benefits,40.43,54.52,24.35,Loyal Stage
b2f37b4af3be9ae824df7fcf66f6f65a,155.0,75.88,24.12,VIP Customer,VIP Loyalty Benefits,38.52,53.46,24.12,Loyal Stage
b2f75bc558ab79d8db8330d1782993df,64.99,76.99,23.01,Regular Customer,Regular Marketing,38.74,54.04,23.01,Loyal Stage
b30692588e0b7db33f62aa7325755458,30.0,76.27,23.73,Regular Customer,Regular Marketing,38.25,53.46,23.73,Loyal Stage
b30cd8a695de2e63c59e9ba268407e8c,0.0,76.9,23.1,Regular Customer,Regular Marketing,38.45,53.83,23.1,Loyal Stage
b31124451c6d25e5fa513d12d33a51fb,34.0,76.43,23.57,Regular Customer,Regular Marketing,38.34,53.58,23.57,Loyal Stage
b31aa93dac6498f90336874e4d17f3d6,42.93,76.39,23.61,Regular Customer,Regular Marketing,38.35,53.57,23.61,Loyal Stage
b31c70aa250201536cfb62f5746ae827,54.99,76.87,23.13,Regular Customer,Regular Marketing,38.64,53.93,23.13,Loyal Stage
b31e2af882f59c495163fd60c09cc9a6,54.9,76.56,23.44,Regular Customer,Regular Marketing,38.48,53.71,23.44,Loyal Stage
b31e69e978d97f380d52102ac379fd7e,492.75,77.94,22.06,VIP Customer,VIP Loyalty Benefits,40.8,55.66,22.06,Loyal Stage
b326e628704a6e2662dc4471885fe112,175.0,76.07,23.93,VIP Customer,VIP Loyalty Benefits,38.69,53.64,23.93,Loyal Stage
b33fde46a855f73d50269a45b1e49320,69.99,76.33,23.67,Regular Customer,Regular Marketing,38.43,53.59,23.67,Loyal Stage
b351ac91ab0ef29bae6da7fbc05959c0,0.0,76.84,23.16,Regular Customer,Regular Marketing,38.42,53.79,23.16,Loyal Stage
b35f4a6eb5cbc76410d22dbe9dae49c8,107.99,76.85,23.15,Regular Customer,Regular Marketing,38.83,54.04,23.15,Loyal Stage
b37b0c57ba17d7a0ee6a63c3cc171af3,29.9,75.64,24.36,Regular Customer,Regular Marketing,37.93,53.01,24.36,Loyal Stage
b3879dce6b4a3b94b748b6c9b567695e,0.0,76.28,23.72,Regular Customer,Regular Marketing,38.14,53.4,23.72,Loyal Stage
b391b8f94198c52ccdf5dcd99e007a5a,38.99,76.13,23.87,Regular Customer,Regular Marketing,38.21,53.38,23.87,Loyal Stage
b3989aaea8a136281b3ba11272c93cc4,0.0,76.69,23.31,Regular Customer,Regular Marketing,38.34,53.68,23.31,Loyal Stage
b3a34bbf1a1d11885918ad3ad99083ae,191.9,75.63,24.37,VIP Customer,VIP Loyalty Benefits,38.53,53.37,24.37,Loyal Stage
b407698b36e4442c8f2de1fb6f7e27cc,0.0,76.95,23.05,Regular Customer,Regular Marketing,38.48,53.87,23.05,Loyal Stage
b40da3a9dd4fb291f7250036dd13fb1d,29.99,76.32,23.68,Regular Customer,Regular Marketing,38.27,53.49,23.68,Loyal Stage
b40ede6bb2a1753ece945a548908b4c2,0.0,76.74,23.26,Regular Customer,Regular Marketing,38.37,53.72,23.26,Loyal Stage
b41aa8ddca9511e49da1d571e7cf52fd,149.98,76.86,23.14,VIP Customer,VIP Loyalty Benefits,38.99,54.14,23.14,Loyal Stage
b420fbfe51ec2d3d07ac69f1302fcf00,49.9,76.55,23.45,Regular Customer,Regular Marketing,38.46,53.7,23.45,Loyal Stage
b4249aba7b44861b7fc54bda9d7c62f6,0.0,75.91,24.09,Regular Customer,Regular Marketing,37.96,53.14,24.09,Loyal Stage
b42b5cac8edac8235492b22c19b840d2,129.99,76.88,23.12,Regular Customer,Regular Marketing,38.92,54.1,23.12,Loyal Stage
b43530186123fb6d906380c873fdd9e6,109.9,76.39,23.61,Regular Customer,Regular Marketing,38.6,53.72,23.61,Loyal Stage
b4472cb7107b18e32c3cafa45d2a3e73,0.0,77.2,22.8,Regular Customer,Regular Marketing,38.6,54.04,22.8,Loyal Stage
b46c479b09bee8b1b2db13c1d1ec99cd,89.0,77.13,22.87,Regular Customer,Regular Marketing,38.9,54.19,22.87,Loyal Stage
b47b6acb9299af966a6dfb39323e9e14,0.0,75.76,24.24,Regular Customer,Regular Marketing,37.88,53.03,24.24,Loyal Stage
b47c7d42ac487c969cf130ee51ff8884,81.0,76.86,23.14,Regular Customer,Regular Marketing,38.73,53.98,23.14,Loyal Stage
b48b5c9e9a1f2e456f584824c122266a,22.9,76.62,23.38,Regular Customer,Regular Marketing,38.4,53.69,23.38,Loyal Stage
b48ba4be334f94490e91bedd0d424432,119.85,75.78,24.22,Regular Customer,Regular Marketing,38.34,53.32,24.22,Loyal Stage
b491f301f328a008608ded913bb4e5e7,39.0,76.69,23.31,Regular Customer,Regular Marketing,38.49,53.77,23.31,Loyal Stage
b49710ced8dd07a0d55d282980594879,27.99,76.27,23.73,Regular Customer,Regular Marketing,38.24,53.45,23.73,Loyal Stage
b49862d2d7d16d13e68d23e868b3d8e0,117.98,76.3,23.7,Regular Customer,Regular Marketing,38.59,53.67,23.7,Loyal Stage
b4b0901bb872cf9972b32a05733b3394,363.62,76.35,23.65,VIP Customer,VIP Loyalty Benefits,39.53,54.26,23.65,Loyal Stage
b4b65ef6799b929b91b67393ccad0ade,191.0,75.63,24.37,VIP Customer,VIP Loyalty Benefits,38.53,53.37,24.37,Loyal Stage
b4bd56d71a07759d4c4c96123065e77e,27.9,75.9,24.1,Regular Customer,Regular Marketing,38.05,53.19,24.1,Loyal Stage
b4bfffe1fcd1f298ea8c011b2ee348ae,79.0,77.12,22.88,Regular Customer,Regular Marketing,38.85,54.16,22.88,Loyal Stage
b4d5acff9a18529ea0bc2f53ec3e0ac3,52.9,76.77,23.23,Regular Customer,Regular Marketing,38.58,53.86,23.23,Loyal Stage
b4de17398d2dc5bf217db110c3ba67fa,89.9,75.68,24.32,Regular Customer,Regular Marketing,38.17,53.17,24.32,Loyal Stage
b4ef173cbc389c50bba14ac30d6cb128,25.0,75.54,24.46,Regular Customer,Regular Marketing,37.86,52.93,24.46,Loyal Stage
b500f2a821557b8ecee0ff0938fe54a4,129.0,77.19,22.81,Regular Customer,Regular Marketing,39.07,54.32,22.81,Loyal Stage
b50d00b47e3aeaf4ebad0b840921bc3a,49.9,75.62,24.38,Regular Customer,Regular Marketing,38.0,53.05,24.38,Loyal Stage
b51e5231c8ece4e6f463f2add2e07f60,25.89,77.14,22.86,Regular Customer,Regular Marketing,38.67,54.06,22.86,Loyal Stage
b52b6116da7ba7af1cf76076564c5bc4,20.9,76.46,23.54,Regular Customer,Regular Marketing,38.31,53.57,23.54,Loyal Stage
b52b6da8f90af873b4f66f0705fd6166,0.0,76.22,23.78,Regular Customer,Regular Marketing,38.11,53.35,23.78,Loyal Stage
b52b8debdefe66d4c0d7f44d9b4ff088,99.99,76.42,23.58,Regular Customer,Regular Marketing,38.58,53.72,23.58,Loyal Stage
b52c592eeccb7216a318c7a55efce436,165.9,76.11,23.89,VIP Customer,VIP Loyalty Benefits,38.67,53.65,23.89,Loyal Stage
b5319217468425a3ecb4fa98129b5f79,64.9,76.06,23.94,Regular Customer,Regular Marketing,38.27,53.39,23.94,Loyal Stage
b533e7f4520d68f94e3b7c394a870b60,134.9,76.37,23.63,Regular Customer,Regular Marketing,38.69,53.76,23.63,Loyal Stage
b5342d59b7905647e98f66e3985f0e3f,108.9,76.28,23.72,Regular Customer,Regular Marketing,38.55,53.64,23.72,Loyal Stage
b5477baf478d1ba4aeb6f0fe116e836d,25.97,75.54,24.46,Regular Customer,Regular Marketing,37.87,52.94,24.46,Loyal Stage
b5500a3c038b22b8a72fd191b0c76f98,42.2,76.44,23.56,Regular Customer,Regular Marketing,38.38,53.6,23.56,Loyal Stage
b552c0e9c828538cfe53434608288c81,0.0,76.9,23.1,Regular Customer,Regular Marketing,38.45,53.83,23.1,Loyal Stage
b553fe14a56ef1176c1ab86fbaefa2df,39.99,76.7,23.3,Regular Customer,Regular Marketing,38.5,53.78,23.3,Loyal Stage
b55b8421b976688d55c90683411ed21d,349.9,77.47,22.53,VIP Customer,VIP Loyalty Benefits,40.04,55.01,22.53,Loyal Stage
b55c7b134de7fa6dc4406d08bdf0af04,69.9,76.48,23.52,Regular Customer,Regular Marketing,38.5,53.69,23.52,Loyal Stage
b566f46e68c9857e7103d294f767870e,0.0,75.34,24.66,Regular Customer,Regular Marketing,37.67,52.74,24.66,Loyal Stage
b56bbb9352a15fd86933e9f88069ccbd,0.0,75.45,24.55,Regular Customer,Regular Marketing,37.72,52.81,24.55,Loyal Stage
b56cf9114a3336677146eb3f0fb33c55,0.0,76.84,23.16,Regular Customer,Regular Marketing,38.42,53.79,23.16,Loyal Stage
b570a0fdbecec7f4f17051b66ef05041,18.9,76.77,23.23,Regular Customer,Regular Marketing,38.46,53.78,23.23,Loyal Stage
b58456db9b788f270a385edd2ad26525,149.9,76.5,23.5,VIP Customer,VIP Loyalty Benefits,38.81,53.89,23.5,Loyal Stage
b58a4c3eb2889d8032cefee7d6e24b16,119.8,75.63,24.37,Regular Customer,Regular Marketing,38.26,53.21,24.37,Loyal Stage
b5929e64648eedfa20fbc0a4ddd82f12,199.0,77.09,22.91,VIP Customer,VIP Loyalty Benefits,39.29,54.41,22.91,Loyal Stage
b5942bee6bddbc0becb625c49cc1c46b,129.0,76.78,23.22,Regular Customer,Regular Marketing,38.87,54.03,23.22,Loyal Stage
b5b2a7fd4d491c96d488db899e42e0e2,38.6,75.71,24.29,Regular Customer,Regular Marketing,38.0,53.08,24.29,Loyal Stage
b5bc5b8271e6189bb4d80bdbc6e70bcc,0.0,76.12,23.88,Regular Customer,Regular Marketing,38.06,53.28,23.88,Loyal Stage
b5bf139e95255dcdc5eba1fa8e4ff98e,0.0,77.1,22.9,Regular Customer,Regular Marketing,38.55,53.97,22.9,Loyal Stage
b5c49f9e03226e50e460245cbc35898f,250.0,76.7,23.3,VIP Customer,VIP Loyalty Benefits,39.28,54.25,23.3,Loyal Stage
b5cbb082f005ef8136d2b17f85fbbda8,0.0,75.65,24.35,Regular Customer,Regular Marketing,37.83,52.96,24.35,Loyal Stage
b5cc7e2d1e3af050145b86b17f9395f7,0.0,75.45,24.55,Regular Customer,Regular Marketing,37.72,52.81,24.55,Loyal Stage
b5d2271828d674d713ab9a3618a66417,115.99,77.32,22.68,Regular Customer,Regular Marketing,39.09,54.38,22.68,Loyal Stage
b5d391e8447d5ae0f8b852be83249e07,387.0,77.26,22.74,VIP Customer,VIP Loyalty Benefits,40.07,54.95,22.74,Loyal Stage
b5f8487590dbf8c58d1abb635ff21d08,0.0,76.48,23.52,Regular Customer,Regular Marketing,38.24,53.54,23.52,Loyal Stage
b617fded6582af145caf2e8276e21a66,24.99,75.95,24.05,Regular Customer,Regular Marketing,38.07,53.22,24.05,Loyal Stage
b61cd386c324cb8c071b4bd6ce7dea86,348.0,76.38,23.62,VIP Customer,VIP Loyalty Benefits,39.48,54.24,23.62,Loyal Stage
b61dd513f7cca03e7c2c55fb80fa1772,0.0,76.74,23.26,Regular Customer,Regular Marketing,38.37,53.72,23.26,Loyal Stage
b6264382015251f0779ccb486bd9cc8e,0.0,77.0,23.0,Regular Customer,Regular Marketing,38.5,53.9,23.0,Loyal Stage
b62fa3390a459fc79af8ca9ee88110fe,120.0,75.73,24.27,Regular Customer,Regular Marketing,38.31,53.28,24.27,Loyal Stage
b63033d18261a6c1cb8ea51b7657dcb0,30.0,77.2,22.8,Regular Customer,Regular Marketing,38.71,54.11,22.8,Loyal Stage
b6304959c9eea86ecf3711029bb11dff,82.0,76.4,23.6,Regular Customer,Regular Marketing,38.51,53.67,23.6,Loyal Stage
b631651479e5f22e0ed0939080872f53,129.99,76.11,23.89,Regular Customer,Regular Marketing,38.54,53.57,23.89,Loyal Stage
b6409a3e4fb1319aa55da4b75155eec0,89.9,76.51,23.49,Regular Customer,Regular Marketing,38.59,53.76,23.49,Loyal Stage
b640ce9e719a58e56efeb4ac754cc11d,340.0,76.52,23.48,VIP Customer,VIP Loyalty Benefits,39.52,54.32,23.48,Loyal Stage
b6466605bdc9a94297b12987938db24a,71.0,76.12,23.88,Regular Customer,Regular Marketing,38.32,53.44,23.88,Loyal Stage
b64874aaa6ab96b94ce5b333f33c471b,0.0,76.95,23.05,Regular Customer,Regular Marketing,38.48,53.87,23.05,Loyal Stage
b64b51617120648f889d1112f3a71e6f,55.0,76.82,23.18,Regular Customer,Regular Marketing,38.61,53.89,23.18,Loyal Stage
b659acd60c6a36583dcb78c06639c324,260.9,76.4,23.6,VIP Customer,VIP Loyalty Benefits,39.17,54.06,23.6,Loyal Stage
b65db3f838c1bdb9bbab3fd56b9d6977,32.0,76.42,23.58,Regular Customer,Regular Marketing,38.33,53.57,23.58,Loyal Stage
b673435ec77f0b5f5d73d896fb992c8d,49.98,75.93,24.07,Regular Customer,Regular Marketing,38.15,53.26,24.07,Loyal Stage
b6757b3c7db8fb189624cb7f1e9f1bc8,14.99,76.66,23.34,Regular Customer,Regular Marketing,38.39,53.7,23.34,Loyal Stage
b6801e3055dd443371c4c28c66724fa6,66.9,77.15,22.85,Regular Customer,Regular Marketing,38.82,54.15,22.85,Loyal Stage
b680711d9a869502a6966a7892ab97cc,49.0,76.14,23.86,Regular Customer,Regular Marketing,38.25,53.41,23.86,Loyal Stage
b6862b461ae74dffcaa67eae0a5360f7,249.0,76.8,23.2,VIP Customer,VIP Loyalty Benefits,39.33,54.32,23.2,Loyal Stage
b687d81839105552ea710f08e0c5db8e,95.0,77.19,22.81,Regular Customer,Regular Marketing,38.95,54.25,22.81,Loyal Stage
b68994d00dd7bdcbb044c8a7f05110ce,58.99,77.09,22.91,Regular Customer,Regular Marketing,38.76,54.09,22.91,Loyal Stage
b68c657326beba0209d4e4e72f17694d,138.0,76.89,23.11,Regular Customer,Regular Marketing,38.96,54.13,23.11,Loyal Stage
b6912148370a74f981fdc8db883ff879,19.99,75.79,24.21,Regular Customer,Regular Marketing,37.97,53.1,24.21,Loyal Stage
b69b36cf39cfb2c756e6c1160853823e,97.5,76.52,23.48,Regular Customer,Regular Marketing,38.62,53.78,23.48,Loyal Stage
b69c03620a53caf75c5d3274d7b0b328,109.99,76.54,23.46,Regular Customer,Regular Marketing,38.68,53.82,23.46,Loyal Stage
b69d9ca9e8cc00bfd4a6196017e46277,29.99,76.52,23.48,Regular Customer,Regular Marketing,38.37,53.63,23.48,Loyal Stage
b6a6794b5bbb57f333b1bfbffd5f4541,75.9,76.34,23.66,Regular Customer,Regular Marketing,38.45,53.61,23.66,Loyal Stage
b6a8c9225915119f39925b7814f898df,0.0,76.28,23.72,Regular Customer,Regular Marketing,38.14,53.4,23.72,Loyal Stage
b6b375c8ce95327a2566a1dc4c72d665,129.9,76.37,23.63,Regular Customer,Regular Marketing,38.67,53.75,23.63,Loyal Stage
b6b383e45af4044c22f3c17e3d0e2a6c,0.0,76.64,23.36,Regular Customer,Regular Marketing,38.32,53.65,23.36,Loyal Stage
b6b65909737e1c43d35ad284f73cf150,0.0,77.05,22.95,Regular Customer,Regular Marketing,38.52,53.93,22.95,Loyal Stage
b6bc6eaab9eb9a657eef5c57a601713f,0.0,77.36,22.64,Regular Customer,Regular Marketing,38.68,54.15,22.64,Loyal Stage
b6d926fdda95c5c475fe48cfd35435d9,162.8,76.98,23.02,VIP Customer,VIP Loyalty Benefits,39.1,54.25,23.02,Loyal Stage
b6dfbc80cc3c05f843b5af95ef62601d,0.0,76.33,23.67,Regular Customer,Regular Marketing,38.16,53.43,23.67,Loyal Stage
b6e1611f308a8687ccd737d88cb6ce89,42.93,76.7,23.3,Regular Customer,Regular Marketing,38.51,53.79,23.3,Loyal Stage
b6f9b37d079d046b778bef7754e5ee66,122.99,76.41,23.59,Regular Customer,Regular Marketing,38.66,53.76,23.59,Loyal Stage
b701bebbdf478f5500348f03aff62121,24.9,77.45,22.55,Regular Customer,Regular Marketing,38.82,54.27,22.55,Loyal Stage
b70df1034a49c6068867f3999c16491f,45.0,76.13,23.87,Regular Customer,Regular Marketing,38.23,53.39,23.87,Loyal Stage
b722a2beec8ec800c2c5f8d91c575bf3,99.9,76.52,23.48,Regular Customer,Regular Marketing,38.63,53.79,23.48,Loyal Stage
b7236912d853456db4962d556627aa70,69.5,75.5,24.5,Regular Customer,Regular Marketing,38.01,53.01,24.5,Loyal Stage
b7299dacab794561f5843d4784478d4a,72.9,76.44,23.56,Regular Customer,Regular Marketing,38.49,53.67,23.56,Loyal Stage
b72d743326f19757ead0ea5dc29ffda5,59.99,76.78,23.22,Regular Customer,Regular Marketing,38.61,53.88,23.22,Loyal Stage
b748a37303fb3bc57594cfcaec33bad3,66.55,77.15,22.85,Regular Customer,Regular Marketing,38.82,54.15,22.85,Loyal Stage
b74cf1b9abf8b1bb798775aadd0bc901,0.0,76.74,23.26,Regular Customer,Regular Marketing,38.37,53.72,23.26,Loyal Stage
b74d0257dde8889acc280c1805bc2899,799.0,77.41,22.59,VIP Customer,VIP Loyalty Benefits,41.68,55.97,22.59,Loyal Stage
b7737cd1c12adf6a0bc2de497ce2935d,217.6,76.7,23.3,VIP Customer,VIP Loyalty Benefits,39.16,54.18,23.3,Loyal Stage
b7797fd6d615d2e30c7fe1164734f939,639.0,77.64,22.36,VIP Customer,VIP Loyalty Benefits,41.2,55.78,22.36,Loyal Stage
b77c65845ceb7b1b280a7c6f137e82d4,85.9,76.5,23.5,Regular Customer,Regular Marketing,38.57,53.74,23.5,Loyal Stage
b77f8ac92262c373ac7fbf59b7a990c7,55.0,76.72,23.28,Regular Customer,Regular Marketing,38.56,53.82,23.28,Loyal Stage
b78813f78f24f97f20dc1e8e20e4d8b5,244.0,77.26,22.74,VIP Customer,VIP Loyalty Benefits,39.54,54.63,22.74,Loyal Stage
b7a3d98c05bfa1b94ccdad4c1736b8eb,0.0,77.2,22.8,Regular Customer,Regular Marketing,38.6,54.04,22.8,Loyal Stage
b7ab287ff23be401c7b29b78c0a1ff86,64.99,77.1,22.9,Regular Customer,Regular Marketing,38.79,54.11,22.9,Loyal Stage
b7ab841c62e1ac37c5784b4bcb675b39,137.9,77.31,22.69,Regular Customer,Regular Marketing,39.17,54.43,22.69,Loyal Stage
b7b162291adff744d6f3c6450557ffee,419.9,76.33,23.67,VIP Customer,VIP Loyalty Benefits,39.73,54.37,23.67,Loyal Stage
b7d12dd279b98c2d0f8b920052eb2862,49.9,75.57,24.43,Regular Customer,Regular Marketing,37.97,53.01,24.43,Loyal Stage
b7d7aa14f6087f9808b124e93d184605,385.0,77.36,22.64,VIP Customer,VIP Loyalty Benefits,40.11,55.01,22.64,Loyal Stage
b7df71fafa3490ff60491207136d9b79,101.9,77.2,22.8,Regular Customer,Regular Marketing,38.98,54.27,22.8,Loyal Stage
b7e7dd5730e71d0c75f9ff3eacc80597,0.0,76.9,23.1,Regular Customer,Regular Marketing,38.45,53.83,23.1,Loyal Stage
b7e8af53ea725e96e5773eb529675c4b,225.0,77.64,22.36,VIP Customer,VIP Loyalty Benefits,39.66,54.85,22.36,Loyal Stage
b7f23b5b2f0bd23a2dbc373f4974d930,0.0,76.07,23.93,Regular Customer,Regular Marketing,38.03,53.25,23.93,Loyal Stage
b7ffb665ff10cf09ed37bf18682a9f5a,178.99,75.81,24.19,VIP Customer,VIP Loyalty Benefits,38.57,53.47,24.19,Loyal Stage
b80aea5d566c55201d7c72d6c8580477,39.0,76.85,23.15,Regular Customer,Regular Marketing,38.57,53.88,23.15,Loyal Stage
b80f9541100e1e3389fc76ad9c6d57ee,168.0,77.09,22.91,VIP Customer,VIP Loyalty Benefits,39.17,54.34,22.91,Loyal Stage
b818a223e044050d0b472dc4d215c160,245.0,75.91,24.09,VIP Customer,VIP Loyalty Benefits,38.87,53.69,24.09,Loyal Stage
b829dae01a25d79a42927f8a23bed610,34.0,76.43,23.57,Regular Customer,Regular Marketing,38.34,53.58,23.57,Loyal Stage
b83249f64d1c5d719ce04e1bc5775547,0.0,76.79,23.21,Regular Customer,Regular Marketing,38.4,53.76,23.21,Loyal Stage
b83281d34a0f64fcd9f2a825f5a86514,107.99,75.81,24.19,Regular Customer,Regular Marketing,38.31,53.31,24.19,Loyal Stage
b83722ed61968b223045b865deb698c8,0.0,76.79,23.21,Regular Customer,Regular Marketing,38.4,53.76,23.21,Loyal Stage
b840d2f735d4ececd4aa5ef3f9e3e3d3,110.32,75.71,24.29,Regular Customer,Regular Marketing,38.27,53.25,24.29,Loyal Stage
b84dc68f02f122a88d7e7bbd37b06204,349.0,76.85,23.15,VIP Customer,VIP Loyalty Benefits,39.72,54.57,23.15,Loyal Stage
b85011ba899681708e263f2a8e9f6d35,0.0,77.0,23.0,Regular Customer,Regular Marketing,38.5,53.9,23.0,Loyal Stage
b862b22cd187711bbb126470e46152c6,0.0,76.02,23.98,Regular Customer,Regular Marketing,38.01,53.21,23.98,Loyal Stage
b86bb7e170395e327dc427b4a2ab0f59,56.1,76.62,23.38,Regular Customer,Regular Marketing,38.52,53.76,23.38,Loyal Stage
b86f5690937f1eaf13acb19488d34b8a,105.0,75.55,24.45,Regular Customer,Regular Marketing,38.17,53.12,24.45,Loyal Stage
b87e839e8fddafb7b6711123b4450131,0.0,76.28,23.72,Regular Customer,Regular Marketing,38.14,53.4,23.72,Loyal Stage
b88642bb0d7fd10c8ce18b7bec9085b8,29.99,76.52,23.48,Regular Customer,Regular Marketing,38.37,53.63,23.48,Loyal Stage
b89917b120a313e3cbc951e4122f1e5c,0.0,77.26,22.74,Regular Customer,Regular Marketing,38.63,54.08,22.74,Loyal Stage
b8a871c20119098879d1138ab15f9de2,0.0,76.79,23.21,Regular Customer,Regular Marketing,38.4,53.76,23.21,Loyal Stage
b8b3ca36a32f331773421785348bb956,26.9,75.44,24.56,Regular Customer,Regular Marketing,37.82,52.87,24.56,Loyal Stage
b8b59f2f9eb5fef9d081df532265ef1a,39.0,76.43,23.57,Regular Customer,Regular Marketing,38.36,53.59,23.57,Loyal Stage
b8b7f727e3ad1e14243cb6f11b624351,119.99,75.57,24.43,Regular Customer,Regular Marketing,38.23,53.17,24.43,Loyal Stage
b8ba68f226b720edd0f6c241b1294a55,49.9,76.3,23.7,Regular Customer,Regular Marketing,38.34,53.52,23.7,Loyal Stage
b8ca31bf64904983bb13bb1b7eb87d35,49.9,76.4,23.6,Regular Customer,Regular Marketing,38.39,53.59,23.6,Loyal Stage
b8d69eda379e3c2f8a07869e0e5f547f,15.9,75.89,24.11,Regular Customer,Regular Marketing,38.0,53.16,24.11,Loyal Stage
b8d9b1b15ca56677760055d06f10a796,239.5,76.63,23.37,VIP Customer,VIP Loyalty Benefits,39.21,54.18,23.37,Loyal Stage
b8e1f9329cc7905afbbfb0f4d65086ba,157.0,76.61,23.39,VIP Customer,VIP Loyalty Benefits,38.89,53.98,23.39,Loyal Stage
b8f01be895ce1861948a28a2663d8a9f,265.9,77.19,22.81,VIP Customer,VIP Loyalty Benefits,39.58,54.62,22.81,Loyal Stage
b90587c498051476f4a75606c0639a0b,59.9,76.37,23.63,Regular Customer,Regular Marketing,38.41,53.59,23.63,Loyal Stage
b9142ba5f1b0dba9110cab4f4ebb114e,139.9,77.16,22.84,VIP Customer,VIP Loyalty Benefits,39.1,54.32,22.84,Loyal Stage
b9186cea0c4fc102347b239240c75f6e,149.9,77.33,22.67,VIP Customer,VIP Loyalty Benefits,39.22,54.46,22.67,Loyal Stage
b91c400abb5a94fabc5161b214964eca,0.0,75.86,24.14,Regular Customer,Regular Marketing,37.93,53.1,24.14,Loyal Stage
b91d537bc52a60759e99c7d7611d1079,295.9,76.61,23.39,VIP Customer,VIP Loyalty Benefits,39.41,54.29,23.39,Loyal Stage
b92e237018cbf3af73cc434dd3bda7e7,12.88,76.4,23.6,Regular Customer,Regular Marketing,38.25,53.51,23.6,Loyal Stage
b93cacded43b7d04c0c861c8f2f5bdd8,79.9,76.34,23.66,Regular Customer,Regular Marketing,38.47,53.62,23.66,Loyal Stage
b93f84b2e90bad6588cc4c819ed2e368,27.9,75.95,24.05,Regular Customer,Regular Marketing,38.08,53.23,24.05,Loyal Stage
b948343ff2e4e183e27e22ca63968d2b,36.93,76.79,23.21,Regular Customer,Regular Marketing,38.53,53.83,23.21,Loyal Stage
b94f03b648d62012030465a5f166aba4,29.9,76.89,23.11,Regular Customer,Regular Marketing,38.56,53.89,23.11,Loyal Stage
b95ebb28473078f46e90da8689ee36f7,19.9,75.94,24.06,Regular Customer,Regular Marketing,38.04,53.2,24.06,Loyal Stage
b976609d89b5d8e250312f30cdd0fe9d,69.99,77.1,22.9,Regular Customer,Regular Marketing,38.81,54.13,22.9,Loyal Stage
b9a662df058a7c5fbebeb0b2317ae20f,27.9,75.75,24.25,Regular Customer,Regular Marketing,37.98,53.09,24.25,Loyal Stage
b9a6cc06e014f28e0ecd1d8f5eb84ac8,49.0,76.66,23.34,Regular Customer,Regular Marketing,38.51,53.77,23.34,Loyal Stage
b9aea9544e876846880a6669429b85f0,107.0,76.74,23.26,Regular Customer,Regular Marketing,38.77,53.96,23.26,Loyal Stage
b9b631c792478688bb967a88b9f2053d,69.8,77.16,22.84,Regular Customer,Regular Marketing,38.84,54.17,22.84,Loyal Stage
b9bab1d3bf90360ff3942299971001ef,174.47,76.95,23.05,VIP Customer,VIP Loyalty Benefits,39.12,54.25,23.05,Loyal Stage
b9badb100ff8ecc16a403111209e3a06,203.9,76.28,23.72,VIP Customer,VIP Loyalty Benefits,38.9,53.85,23.72,Loyal Stage
b9be3471610862c1c965533de088071f,26.9,76.88,23.12,Regular Customer,Regular Marketing,38.54,53.88,23.12,Loyal Stage
b9c32b88ab548fa864d5652262430475,0.0,75.6,24.4,Regular Customer,Regular Marketing,37.8,52.92,24.4,Loyal Stage
b9c8333aa3dcaff68839b583f880397e,150.0,75.77,24.23,VIP Customer,VIP Loyalty Benefits,38.44,53.37,24.23,Loyal Stage
b9d026a7323a6a6e96961d4cb2ffc902,0.0,76.17,23.83,Regular Customer,Regular Marketing,38.08,53.32,23.83,Loyal Stage
b9d52f059c8dbd364ac0935f40ec765e,68.8,77.0,23.0,Regular Customer,Regular Marketing,38.76,54.06,23.0,Loyal Stage
b9d97754befdb3210ca980bcb754c64b,58.26,77.03,22.97,Regular Customer,Regular Marketing,38.73,54.05,22.97,Loyal Stage
b9e797b1c0caebb7644449e4c7e40676,189.9,76.51,23.49,VIP Customer,VIP Loyalty Benefits,38.96,53.98,23.49,Loyal Stage
b9e9a0ea97182194d0b96fc7b5cf4b8c,29.9,77.15,22.85,Regular Customer,Regular Marketing,38.69,54.07,22.85,Loyal Stage
b9edfe3d08ccc981d141ac6cfcc8768c,72.9,76.64,23.36,Regular Customer,Regular Marketing,38.59,53.81,23.36,Loyal Stage
b9ee98eca43a42742a634f6bb82f10cb,62.89,76.52,23.48,Regular Customer,Regular Marketing,38.49,53.7,23.48,Loyal Stage
b9f3daaf766fa1f2d111eb6b8bf8eeba,65.9,76.01,23.99,Regular Customer,Regular Marketing,38.25,53.35,23.99,Loyal Stage
b9f416c140793a5342b9f9eb7f7cce3c,128.78,76.52,23.48,Regular Customer,Regular Marketing,38.74,53.85,23.48,Loyal Stage
b9f7eefb8f104a1c8aa4e08a9a50485c,98.0,77.25,22.75,Regular Customer,Regular Marketing,38.99,54.29,22.75,Loyal Stage
b9f9911419ec994acdb9fbe23e2a4db8,48.99,76.6,23.4,Regular Customer,Regular Marketing,38.48,53.73,23.4,Loyal Stage
ba099a4b4151d3d2746aca3ca79250ab,199.08,75.9,24.1,VIP Customer,VIP Loyalty Benefits,38.69,53.57,24.1,Loyal Stage
ba0ac571960912286d71232645d1059a,99.0,76.32,23.68,Regular Customer,Regular Marketing,38.53,53.65,23.68,Loyal Stage
ba1792aceee33193d8fe49722f7c9416,70.0,76.07,23.93,Regular Customer,Regular Marketing,38.3,53.41,23.93,Loyal Stage
ba1cd0c6516d965b969b4ebe8761b267,0.0,77.1,22.9,Regular Customer,Regular Marketing,38.55,53.97,22.9,Loyal Stage
ba1e828b59fa27e05c2371b086f8e973,129.98,75.9,24.1,Regular Customer,Regular Marketing,38.43,53.42,24.1,Loyal Stage
ba274a51f4bf0e5017af92e4fd5f2001,118.9,76.6,23.4,Regular Customer,Regular Marketing,38.74,53.88,23.4,Loyal Stage
ba397fddea61cd1924c37c72c865c2ab,56.9,76.82,23.18,Regular Customer,Regular Marketing,38.62,53.9,23.18,Loyal Stage
ba3f2192a8512ec598dad62ec045152c,0.0,76.58,23.42,Regular Customer,Regular Marketing,38.29,53.61,23.42,Loyal Stage
ba4ed9f6b174012ec6ce8568b557b2f5,33.99,76.22,23.78,Regular Customer,Regular Marketing,38.24,53.43,23.78,Loyal Stage
ba546505eec1c9f4251cbfdc001fbf82,28.99,76.89,23.11,Regular Customer,Regular Marketing,38.55,53.89,23.11,Loyal Stage
ba5b89861d3366860b9166e90706a09f,499.65,76.14,23.86,VIP Customer,VIP Loyalty Benefits,39.93,54.41,23.86,Loyal Stage
ba65feca097c2a0bc64e2038fe08310c,179.9,76.9,23.1,VIP Customer,VIP Loyalty Benefits,39.12,54.23,23.1,Loyal Stage
ba66e5bc2e087243b725c956f1765196,38.4,76.8,23.2,Regular Customer,Regular Marketing,38.54,53.84,23.2,Loyal Stage
ba6864262a43be8c0c998cfc68016bc6,11.49,76.6,23.4,Regular Customer,Regular Marketing,38.34,53.64,23.4,Loyal Stage
ba6aa71aaed4cffaacbba4a1b62775d7,148.9,75.87,24.13,VIP Customer,VIP Loyalty Benefits,38.49,53.44,24.13,Loyal Stage
ba7b009639425078e02b8948c958bd83,80.0,75.72,24.28,Regular Customer,Regular Marketing,38.16,53.18,24.28,Loyal Stage
ba84da8c159659f116329563a0a981dd,0.0,78.86,21.14,Regular Customer,Regular Marketing,39.43,55.2,21.14,Loyal Stage
ba8cb30ffcc1d04326f0d51e09efd36e,139.0,76.48,23.52,VIP Customer,VIP Loyalty Benefits,38.76,53.85,23.52,Loyal Stage
ba91ddb8d6474f175375b4ced893eef9,50.0,76.19,23.81,Regular Customer,Regular Marketing,38.28,53.44,23.81,Loyal Stage
ba97be81353382fdea2ae8f8617d69bd,59.8,75.64,24.36,Regular Customer,Regular Marketing,38.04,53.08,24.36,Loyal Stage
baa0316877c1df32a04f23955f1dc9ec,128.0,76.0,24.0,Regular Customer,Regular Marketing,38.48,53.49,24.0,Loyal Stage
baa502f80485bad26d5243c762e4d511,85.5,76.35,23.65,Regular Customer,Regular Marketing,38.49,53.63,23.65,Loyal Stage
baafd3bbf4acc7d4e61e71c68e595daf,129.9,76.0,24.0,Regular Customer,Regular Marketing,38.48,53.49,24.0,Loyal Stage
bab51137b90b0fcec74bf6f9b47d3511,158.0,75.99,24.01,VIP Customer,VIP Loyalty Benefits,38.58,53.54,24.01,Loyal Stage
babf7ada0096c81673c10f03169c716c,99.0,77.4,22.6,Regular Customer,Regular Marketing,39.07,54.4,22.6,Loyal Stage
bac7b4b5798499ae07479beff94d2187,220.0,76.24,23.76,VIP Customer,VIP Loyalty Benefits,38.94,53.86,23.76,Loyal Stage
bac917328635cc37b0b81f900b1c6b86,119.0,76.35,23.65,Regular Customer,Regular Marketing,38.62,53.71,23.65,Loyal Stage
bac9812cea1445d4a6fb6259a117932f,179.0,77.42,22.58,VIP Customer,VIP Loyalty Benefits,39.38,54.6,22.58,Loyal Stage
bad9f8d034bcba8c667303a1e6bafca5,170.0,76.68,23.32,VIP Customer,VIP Loyalty Benefits,38.97,54.05,23.32,Loyal Stage
badd3733a76f531e02920c9ec7362b8b,9.99,75.77,24.23,Regular Customer,Regular Marketing,37.92,53.06,24.23,Loyal Stage
baf538b50226c3145a41aec103c62901,189.9,76.56,23.44,VIP Customer,VIP Loyalty Benefits,38.99,54.02,23.44,Loyal Stage
bafce5c8e82c5cb913c73819fcf1cebd,13.5,76.04,23.96,Regular Customer,Regular Marketing,38.07,53.26,23.96,Loyal Stage
bb084f6b44ae5b05f05711874e1f3132,104.0,77.36,22.64,Regular Customer,Regular Marketing,39.07,54.39,22.64,Loyal Stage
bb0ccd5578b0944bdb14be3d020074a3,118.44,76.97,23.03,Regular Customer,Regular Marketing,38.93,54.15,23.03,Loyal Stage
bb236796f6b27d12eecf6466717aa4a0,0.0,75.91,24.09,Regular Customer,Regular Marketing,37.96,53.14,24.09,Loyal Stage
bb361861b83a556ce2a5b2d537e22df9,99.82,76.37,23.63,Regular Customer,Regular Marketing,38.56,53.68,23.63,Loyal Stage
bb40e4b6e1062e6280c6a272fccf0567,97.5,76.01,23.99,Regular Customer,Regular Marketing,38.37,53.43,23.99,Loyal Stage
bb5229b359016fac21322cd7789dafad,43.89,77.07,22.93,Regular Customer,Regular Marketing,38.7,54.05,22.93,Loyal Stage
bb5d40ed8c3448238563262b4700bae5,125.4,77.55,22.45,Regular Customer,Regular Marketing,39.24,54.56,22.45,Loyal Stage
bb5e1476ac3d64e403b03c3e20dde8a5,0.0,76.33,23.67,Regular Customer,Regular Marketing,38.16,53.43,23.67,Loyal Stage
bb6d785b806cb1eef824812b06b9f15b,64.8,76.42,23.58,Regular Customer,Regular Marketing,38.45,53.64,23.58,Loyal Stage
bb79d959742bc5cfa09653723cfada37,78.0,76.18,23.82,Regular Customer,Regular Marketing,38.38,53.5,23.82,Loyal Stage
bb804ab3b59099c10245f17159faf55e,180.0,75.87,24.13,VIP Customer,VIP Loyalty Benefits,38.6,53.51,24.13,Loyal Stage
bb89e4f51744df82ecb801818a153037,68.5,76.17,23.83,Regular Customer,Regular Marketing,38.34,53.47,23.83,Loyal Stage
bb8be4ef1bb83c4165e071e88f6d7829,79.99,76.96,23.04,Regular Customer,Regular Marketing,38.78,54.05,23.04,Loyal Stage
bb928dea9172ce21b98b780e35daf0ea,127.9,77.14,22.86,Regular Customer,Regular Marketing,39.05,54.29,22.86,Loyal Stage
bb9c04f0a50c8023b09d2c7439cc4b2c,86.0,76.5,23.5,Regular Customer,Regular Marketing,38.57,53.74,23.5,Loyal Stage
bbae027c25a7e8c839053a1890227e21,0.0,76.53,23.47,Regular Customer,Regular Marketing,38.26,53.57,23.47,Loyal Stage
bbc0205db07a6b4053a94c6a349dec2d,24.99,76.78,23.22,Regular Customer,Regular Marketing,38.48,53.8,23.22,Loyal Stage
bbc4ff65af12c67c94d0b0eb1a05aba0,0.0,75.34,24.66,Regular Customer,Regular Marketing,37.67,52.74,24.66,Loyal Stage
bbcff052f7fab7a7409bb37e54f6160e,35.0,76.33,23.67,Regular Customer,Regular Marketing,38.3,53.51,23.67,Loyal Stage
bbe6355f7a8178493809c415b956b078,48.9,75.93,24.07,Regular Customer,Regular Marketing,38.15,53.26,24.07,Loyal Stage
bbf1e9a6690015ed6701aabe935d5611,0.0,77.0,23.0,Regular Customer,Regular Marketing,38.5,53.9,23.0,Loyal Stage
bbf476c6d07609db8e82faf8d9b03557,149.0,76.81,23.19,VIP Customer,VIP Loyalty Benefits,38.96,54.1,23.19,Loyal Stage
bbf7aecb4272f755e7ac76ecbe556345,100.0,76.01,23.99,Regular Customer,Regular Marketing,38.38,53.43,23.99,Loyal Stage
bbf82e905239b694c51fe17882d15c0c,140.0,75.55,24.45,VIP Customer,VIP Loyalty Benefits,38.3,53.2,24.45,Loyal Stage
bbfafdbb1aff81b3772c1ccbd6c26979,0.0,76.38,23.62,Regular Customer,Regular Marketing,38.19,53.47,23.62,Loyal Stage
bc0bfb0a5e9ada729f6190fcaf9f6b51,12.99,76.09,23.91,Regular Customer,Regular Marketing,38.09,53.29,23.91,Loyal Stage
bc104d43afd2a385d11f8df9e4b9e1e5,48.9,76.24,23.76,Regular Customer,Regular Marketing,38.3,53.48,23.76,Loyal Stage
bc1f556775d3a257626c8c7203e26366,0.0,76.33,23.67,Regular Customer,Regular Marketing,38.16,53.43,23.67,Loyal Stage
bc34dfc2112c786012b2b6a5e2e5c5e8,69.89,75.55,24.45,Regular Customer,Regular Marketing,38.04,53.04,24.45,Loyal Stage
bc36814f2550075a872ea415c73b8e4a,69.0,75.6,24.4,Regular Customer,Regular Marketing,38.06,53.08,24.4,Loyal Stage
bc3e7032668d3f411c227eec09221362,34.9,73.24,26.76,Regular Customer,Regular Marketing,36.75,51.35,26.76,Loyal Stage
bc48a527681808922a9f84958a8d2632,49.9,77.02,22.98,Regular Customer,Regular Marketing,38.7,54.03,22.98,Loyal Stage
bc67f324953ba00b1c8794f95df0e8b3,119.9,77.33,22.67,Regular Customer,Regular Marketing,39.11,54.4,22.67,Loyal Stage
bc6fde4d63f48695ca6cd049d93a4e66,0.0,76.07,23.93,Regular Customer,Regular Marketing,38.03,53.25,23.93,Loyal Stage
bc70357cbf265d958ea2649888a756b8,0.0,76.84,23.16,Regular Customer,Regular Marketing,38.42,53.79,23.16,Loyal Stage
bc7e09410b08895e9d9ad2144f7f17d5,38.0,76.33,23.67,Regular Customer,Regular Marketing,38.31,53.52,23.67,Loyal Stage
bc884d5ee8a1916d0cdb6814b1e3540e,99.9,77.25,22.75,Regular Customer,Regular Marketing,39.0,54.3,22.75,Loyal Stage
bc9fd6308f21541c2431ef862066776a,0.0,76.69,23.31,Regular Customer,Regular Marketing,38.34,53.68,23.31,Loyal Stage
bcb1ba6dbec192171cb200325ebfd7d2,129.01,76.1,23.9,Regular Customer,Regular Marketing,38.53,53.56,23.9,Loyal Stage
bcb63903e6e5a3a94181de0c728fbf4a,212.0,76.23,23.77,VIP Customer,VIP Loyalty Benefits,38.9,53.83,23.77,Loyal Stage
bcc967b7b6ae5c124298b4a977a45a9f,55.9,76.31,23.69,Regular Customer,Regular Marketing,38.36,53.54,23.69,Loyal Stage
bcd3e3707fc92aae9ccd5530f5ad0355,0.0,76.53,23.47,Regular Customer,Regular Marketing,38.26,53.57,23.47,Loyal Stage
bcd78c24d48f06e20212632ed6c4c424,84.99,75.27,24.73,Regular Customer,Regular Marketing,37.95,52.88,24.73,Loyal Stage
bcdf17a24eeda8ba5985cbfb8dcef5ad,139.9,77.05,22.95,VIP Customer,VIP Loyalty Benefits,39.05,54.25,22.95,Loyal Stage
bce1e4505f90411071ef9dc3a96e8d57,49.65,75.88,24.12,Regular Customer,Regular Marketing,38.12,53.22,24.12,Loyal Stage
bd0d97c6af77a1ef4850255bd6d17fec,0.0,76.02,23.98,Regular Customer,Regular Marketing,38.01,53.21,23.98,Loyal Stage
bd260558a19c1577f663eda16fb79224,33.49,76.69,23.31,Regular Customer,Regular Marketing,38.47,53.76,23.31,Loyal Stage
bd2b0f828049090848137ba7f0ce91c6,18.95,76.2,23.8,Regular Customer,Regular Marketing,38.17,53.38,23.8,Loyal Stage
bd315e83bbf6540e7d45fd73b5e41bdd,57.9,77.09,22.91,Regular Customer,Regular Marketing,38.76,54.09,22.91,Loyal Stage
bd3c54cfb4d231a2b0d7f26b3f9549de,0.0,75.7,24.3,Regular Customer,Regular Marketing,37.85,52.99,24.3,Loyal Stage
bd49106ea3278f03706622c9d1ba3b65,0.0,76.84,23.16,Regular Customer,Regular Marketing,38.42,53.79,23.16,Loyal Stage
bd6b2350bc12f618726fdf55ed11917c,14.0,75.83,24.17,Regular Customer,Regular Marketing,37.97,53.11,24.17,Loyal Stage
bd6d9c57e53cfb0a30f623ab2f369d83,129.99,76.47,23.53,Regular Customer,Regular Marketing,38.72,53.82,23.53,Loyal Stage
bd72b276b5a309fa4356e528f62f1e32,28.9,75.39,24.61,Regular Customer,Regular Marketing,37.8,52.84,24.61,Loyal Stage
bd8044f728d1cd66cb3ecc0e3a73c195,39.9,76.08,23.92,Regular Customer,Regular Marketing,38.19,53.35,23.92,Loyal Stage
bd82ed91c46ac8415a451591823b41e2,0.0,76.38,23.62,Regular Customer,Regular Marketing,38.19,53.47,23.62,Loyal Stage
bd8b95f73500416b13101441d6033d9a,329.9,76.82,23.18,VIP Customer,VIP Loyalty Benefits,39.64,54.51,23.18,Loyal Stage
bda58641cee65da823757597c5734fdd,49.9,75.47,24.53,Regular Customer,Regular Marketing,37.92,52.94,24.53,Loyal Stage
bdbc32f1050d9a778fd792c4ba18a66c,489.06,76.59,23.41,VIP Customer,VIP Loyalty Benefits,40.11,54.7,23.41,Loyal Stage
bdc98a892c4d5a526373afd38afa53ac,15.99,75.57,24.43,Regular Customer,Regular Marketing,37.84,52.93,24.43,Loyal Stage
bddbce40ba8847305fb9858313934193,110.32,76.23,23.77,Regular Customer,Regular Marketing,38.53,53.61,23.77,Loyal Stage
bdf5270da610426d53cd6011072c87cd,72.0,76.12,23.88,Regular Customer,Regular Marketing,38.33,53.45,23.88,Loyal Stage
bdfb29ae1ccb5ff4466a38b9a940118c,0.0,76.33,23.67,Regular Customer,Regular Marketing,38.16,53.43,23.67,Loyal Stage
be0606f39c5d49fbc9ca5192e174a4b3,0.0,75.76,24.24,Regular Customer,Regular Marketing,37.88,53.03,24.24,Loyal Stage
be07a9188b6ff8c7569dcfee545d900a,0.0,75.7,24.3,Regular Customer,Regular Marketing,37.85,52.99,24.3,Loyal Stage
be13d0722fe7b02cbb404ff2774ccd9e,19.9,75.53,24.47,Regular Customer,Regular Marketing,37.84,52.92,24.47,Loyal Stage
be1e99a0c57d7c3c699cfc4db26c8edf,24.99,75.95,24.05,Regular Customer,Regular Marketing,38.07,53.22,24.05,Loyal Stage
be24a01b6f700eef3524d82b469b2c01,99.0,76.11,23.89,Regular Customer,Regular Marketing,38.42,53.5,23.89,Loyal Stage
be295af7dc9d951b6d3f091379aec2f0,24.9,75.54,24.46,Regular Customer,Regular Marketing,37.86,52.93,24.46,Loyal Stage
be3d96c7ca89c166435cc3c297174679,39.9,75.87,24.13,Regular Customer,Regular Marketing,38.08,53.2,24.13,Loyal Stage
be4d46b2c26abc0280f42d8325aa54a0,148.0,77.17,22.83,VIP Customer,VIP Loyalty Benefits,39.14,54.35,22.83,Loyal Stage
be588cfeb615a7e34be21bcce06fec1b,37.8,76.12,23.88,Regular Customer,Regular Marketing,38.2,53.37,23.88,Loyal Stage
be5b83578b9fdbc09b4c512adad90146,20.9,76.77,23.23,Regular Customer,Regular Marketing,38.46,53.78,23.23,Loyal Stage
be5be2dbad1352c6b4966664a5bb4fe9,54.99,75.53,24.47,Regular Customer,Regular Marketing,37.97,52.99,24.47,Loyal Stage
be5dba93797ce19f2b4457c015086a20,62.0,75.95,24.05,Regular Customer,Regular Marketing,38.21,53.31,24.05,Loyal Stage
be6269aaf72b26ba4023062474797c41,135.82,76.79,23.21,Regular Customer,Regular Marketing,38.9,54.06,23.21,Loyal Stage
be63696980597505effe16942d6d83d3,107.9,77.11,22.89,Regular Customer,Regular Marketing,38.96,54.22,22.89,Loyal Stage
be63b3d8a2f5a9a657f1bb24295d5f56,198.8,76.26,23.74,VIP Customer,VIP Loyalty Benefits,38.87,53.83,23.74,Loyal Stage
be67ce7b34880aba2e673aa2bb14f4a3,129.15,75.84,24.16,Regular Customer,Regular Marketing,38.4,53.38,24.16,Loyal Stage
be728fc33a804276c023ac1911161035,232.9,77.09,22.91,VIP Customer,VIP Loyalty Benefits,39.41,54.48,22.91,Loyal Stage
be76535b02e7930b45c93e87d4d5049b,99.0,77.2,22.8,Regular Customer,Regular Marketing,38.97,54.26,22.8,Loyal Stage
be7816f461c5141d0fd0c0048e9aae51,68.5,76.95,23.05,Regular Customer,Regular Marketing,38.73,54.02,23.05,Loyal Stage
be7c06fc301ff03be9fee2634cd304ba,0.0,76.02,23.98,Regular Customer,Regular Marketing,38.01,53.21,23.98,Loyal Stage
be860dd3b7e6d4fee6116fdffebcf8f3,25.0,76.11,23.89,Regular Customer,Regular Marketing,38.15,53.33,23.89,Loyal Stage
be89a3c2ddbe23c21a4b437bc7f8a54c,99.9,75.7,24.3,Regular Customer,Regular Marketing,38.22,53.21,24.3,Loyal Stage
be8b41dc3f22146dbbe9c821aae33c7b,18.0,76.71,23.29,Regular Customer,Regular Marketing,38.42,53.74,23.29,Loyal Stage
be90ec50f4cf74326a1f9a41860d7f75,90.0,77.08,22.92,Regular Customer,Regular Marketing,38.87,54.15,22.92,Loyal Stage
be94d22dbfaefba68b11213bfcd8299b,52.9,77.23,22.77,Regular Customer,Regular Marketing,38.81,54.18,22.77,Loyal Stage
be98ec008d2c33c772e14b5ae7a54461,23.9,76.88,23.12,Regular Customer,Regular Marketing,38.53,53.87,23.12,Loyal Stage
be9a181fe55cd448322d67120fac3843,416.99,76.43,23.57,VIP Customer,VIP Loyalty Benefits,39.77,54.43,23.57,Loyal Stage
bea7d389efd65b310f6e4d95f96b1a0a,527.9,76.85,23.15,VIP Customer,VIP Loyalty Benefits,40.39,54.97,23.15,Loyal Stage
bebceda153d5cfb9db143960f3815ec3,399.99,76.77,23.23,VIP Customer,VIP Loyalty Benefits,39.87,54.63,23.23,Loyal Stage
bebdf6671ea49add6ee57ba489a0a143,24.99,75.95,24.05,Regular Customer,Regular Marketing,38.07,53.22,24.05,Loyal Stage
bec155d3569b43b5e6cd4ea53a153800,69.97,76.02,23.98,Regular Customer,Regular Marketing,38.27,53.37,23.98,Loyal Stage
bec4565233c872dc005b32e9616669d1,0.0,75.4,24.6,Regular Customer,Regular Marketing,37.7,52.78,24.6,Loyal Stage
bec5c5e9a338fefb4d02bbd22958fc17,540.0,76.51,23.49,VIP Customer,VIP Loyalty Benefits,40.26,54.76,23.49,Loyal Stage
bed7ad8109f1526b49c3b03401c0ac1c,80.0,75.82,24.18,Regular Customer,Regular Marketing,38.21,53.25,24.18,Loyal Stage
bee4558c93c983fdb28139b05afcdc09,42.9,76.7,23.3,Regular Customer,Regular Marketing,38.51,53.79,23.3,Loyal Stage
bef61c4e2f6c5afdc112a9dc3a55cdc0,412.0,76.63,23.37,VIP Customer,VIP Loyalty Benefits,39.85,54.56,23.37,Loyal Stage
bf031ca9921548300245c13a81fdd17d,0.0,76.58,23.42,Regular Customer,Regular Marketing,38.29,53.61,23.42,Loyal Stage
bf0d3b466b0f1b7e86bcfe526b9fc43b,151.8,75.88,24.12,VIP Customer,VIP Loyalty Benefits,38.5,53.45,24.12,Loyal Stage
bf1059e1fc8837e508d1af3fd636729e,0.0,75.34,24.66,Regular Customer,Regular Marketing,37.67,52.74,24.66,Loyal Stage
bf178dcd41bb6f3aa303171c40e95588,209.9,76.9,23.1,VIP Customer,VIP Loyalty Benefits,39.23,54.3,23.1,Loyal Stage
bf19a494ed7a53819593f9e95fafcb53,12.9,75.67,24.33,Regular Customer,Regular Marketing,37.88,53.0,24.33,Loyal Stage
bf334eb0f64130d3385bbb4f0a8b605b,44.0,76.81,23.19,Regular Customer,Regular Marketing,38.57,53.87,23.19,Loyal Stage
bf37ea2c2f3930ad84f1fe42bde6e67e,34.99,76.95,23.05,Regular Customer,Regular Marketing,38.61,53.95,23.05,Loyal Stage
bf3b9f35251a39ea43f88a85fbdd4594,39.0,75.61,24.39,Regular Customer,Regular Marketing,37.95,53.01,24.39,Loyal Stage
bf5deed757c6d9bd3a2bf7d2a2d9c4a7,49.9,77.07,22.93,Regular Customer,Regular Marketing,38.72,54.06,22.93,Loyal Stage
bf6d0f7af96584b82e351bb127574eab,0.0,76.84,23.16,Regular Customer,Regular Marketing,38.42,53.79,23.16,Loyal Stage
bf749c8955e01cdf2db8a16323554141,109.9,77.16,22.84,Regular Customer,Regular Marketing,38.99,54.26,22.84,Loyal Stage
bf8679a3ec7925ac3dc88943877facde,146.0,76.59,23.41,VIP Customer,VIP Loyalty Benefits,38.84,53.94,23.41,Loyal Stage
bf869f6a89c8ba217f47e22359f884f2,186.59,77.02,22.98,VIP Customer,VIP Loyalty Benefits,39.2,54.33,22.98,Loyal Stage
bf8a5ff4337410f09b50b0b9ffd74126,0.0,75.65,24.35,Regular Customer,Regular Marketing,37.83,52.96,24.35,Loyal Stage
bf999c0a859c35e11fbcd53d4d281e8b,19.9,77.23,22.77,Regular Customer,Regular Marketing,38.69,54.11,22.77,Loyal Stage
bf99b40f4ff449da94ac2760849fe1ce,499.99,76.92,23.08,VIP Customer,VIP Loyalty Benefits,40.32,54.96,23.08,Loyal Stage
bfb0ed763a4929dc5b7ef1e172c49308,19.9,76.77,23.23,Regular Customer,Regular Marketing,38.46,53.78,23.23,Loyal Stage
bfcc6bd0edfda4e6c7926e6c5924ec3d,42.0,75.56,24.44,Regular Customer,Regular Marketing,37.94,52.99,24.44,Loyal Stage
bfcc752781919c28fb1f9a4fa1cbd854,154.9,76.35,23.65,VIP Customer,VIP Loyalty Benefits,38.75,53.79,23.65,Loyal Stage
bfd24a027ebec40a97709388fb0fb34f,39.0,77.21,22.79,Regular Customer,Regular Marketing,38.75,54.13,22.79,Loyal Stage
bfd827e8a21c8be7bdef29573a885b76,0.0,77.36,22.64,Regular Customer,Regular Marketing,38.68,54.15,22.64,Loyal Stage
bfd8eb57759f69e3dfb7797e89dec292,453.89,76.48,23.52,VIP Customer,VIP Loyalty Benefits,39.93,54.55,23.52,Loyal Stage
bfdae5cb9d269fcc70115e6ce7408353,78.0,76.96,23.04,Regular Customer,Regular Marketing,38.77,54.05,23.04,Loyal Stage
bfdb1f4f667634b7ff30a716e6fafa95,25.89,76.37,23.63,Regular Customer,Regular Marketing,38.28,53.52,23.63,Loyal Stage
bfe14bfa136397036c4fd0cade75c68c,0.0,76.02,23.98,Regular Customer,Regular Marketing,38.01,53.21,23.98,Loyal Stage
bfeffeb68ce222717bd84a9736857a69,42.0,76.13,23.87,Regular Customer,Regular Marketing,38.22,53.38,23.87,Loyal Stage
bff277976e13a7a30f36f0e747f07f08,0.0,75.86,24.14,Regular Customer,Regular Marketing,37.93,53.1,24.14,Loyal Stage
bff2db7f78f28bc782a4eaf32b8d00e3,0.0,76.69,23.31,Regular Customer,Regular Marketing,38.34,53.68,23.31,Loyal Stage
bff4b20991a5c616f5f6ff0fb6bcf0d7,56.99,76.56,23.44,Regular Customer,Regular Marketing,38.49,53.72,23.44,Loyal Stage
bff4ef831a377c4d6e06be5dd035a8d3,145.0,76.9,23.1,VIP Customer,VIP Loyalty Benefits,38.99,54.15,23.1,Loyal Stage
c0109bebb736cb321faa59009afd031c,29.99,76.47,23.53,Regular Customer,Regular Marketing,38.35,53.6,23.53,Loyal Stage
c0161b5c1e1f07514ef53cdc563c8321,55.99,77.03,22.97,Regular Customer,Regular Marketing,38.72,54.04,22.97,Loyal Stage
c023bcf1177170182cfc1ac352129f55,0.0,76.22,23.78,Regular Customer,Regular Marketing,38.11,53.35,23.78,Loyal Stage
c03079f776dd7601196f3cfefc4f2da3,0.0,75.45,24.55,Regular Customer,Regular Marketing,37.72,52.81,24.55,Loyal Stage
c038b0b7452e88cd1bc2e0ae5a405d2d,59.9,75.95,24.05,Regular Customer,Regular Marketing,38.2,53.3,24.05,Loyal Stage
c03ae904c7b4c928257203e45a470dcb,89.99,76.72,23.28,Regular Customer,Regular Marketing,38.69,53.9,23.28,Loyal Stage
c03dd574c7ba647edd64e7ee79d1dc7d,122.99,76.92,23.08,Regular Customer,Regular Marketing,38.92,54.12,23.08,Loyal Stage
c042b1ba3b0672a54b377a0f883f0ad2,6.9,76.29,23.71,Regular Customer,Regular Marketing,38.17,53.42,23.71,Loyal Stage
c04825f7f2dea64775bba021dd842fdd,0.0,76.74,23.26,Regular Customer,Regular Marketing,38.37,53.72,23.26,Loyal Stage
c04a6c1c190e47ec62b4bb139921331a,30.0,76.53,23.47,Regular Customer,Regular Marketing,38.38,53.64,23.47,Loyal Stage
c05813a7cd3de5d467c50fb22e52eb2c,13.3,75.83,24.17,Regular Customer,Regular Marketing,37.96,53.11,24.17,Loyal Stage
c07b7aa6f18fd8abce31169a600ec511,0.0,76.74,23.26,Regular Customer,Regular Marketing,38.37,53.72,23.26,Loyal Stage
c084f0e0a76da58d603304288aa7fa32,15.0,75.67,24.33,Regular Customer,Regular Marketing,37.89,53.0,24.33,Loyal Stage
c0897eab3445f15960a5dbc38b6d7f55,0.0,76.53,23.47,Regular Customer,Regular Marketing,38.26,53.57,23.47,Loyal Stage
c095f09aac0d2fa2091eb2a75ef13f3d,14.5,76.97,23.03,Regular Customer,Regular Marketing,38.54,53.91,23.03,Loyal Stage
c09e6c3a16ec9c0a57e3c5e2b9e292c5,85.0,75.99,24.01,Regular Customer,Regular Marketing,38.31,53.38,24.01,Loyal Stage
c0b7396785476307956e73355fc066d3,99.8,75.9,24.1,Regular Customer,Regular Marketing,38.32,53.35,24.1,Loyal Stage
c0b7acc5eca6fff3c2b366f5a62493e4,79.99,75.67,24.33,Regular Customer,Regular Marketing,38.13,53.15,24.33,Loyal Stage
c0c58988406361831aafd19285de4149,0.0,75.55,24.45,Regular Customer,Regular Marketing,37.78,52.89,24.45,Loyal Stage
c0c64d2ec7836c9a9f5be4dcff4ccd2e,0.0,76.9,23.1,Regular Customer,Regular Marketing,38.45,53.83,23.1,Loyal Stage
c0cb011af2803a994e4f6e12c19caf9a,132.3,76.88,23.12,Regular Customer,Regular Marketing,38.93,54.11,23.12,Loyal Stage
c0d9dda253199c2d4d3a2a255b77e517,159.9,75.89,24.11,VIP Customer,VIP Loyalty Benefits,38.54,53.48,24.11,Loyal Stage
c0f632d700d5bd657771cd95feac9d80,99.9,76.06,23.94,Regular Customer,Regular Marketing,38.4,53.46,23.94,Loyal Stage
c0fafad7dea770b1727c701f25e02ffe,49.9,76.97,23.03,Regular Customer,Regular Marketing,38.67,53.99,23.03,Loyal Stage
c0fb0ab0459711428c1447ec9f0c47d1,179.9,76.9,23.1,VIP Customer,VIP Loyalty Benefits,39.12,54.23,23.1,Loyal Stage
c0feca9e5d043fc29634ffe766756f11,259.9,77.33,22.67,VIP Customer,VIP Loyalty Benefits,39.63,54.71,22.67,Loyal Stage
c107b3083b4727c321a7421aee25a4c6,129.98,76.47,23.53,Regular Customer,Regular Marketing,38.72,53.82,23.53,Loyal Stage
c11274b1c6ddc3cc5c486a2e6cde4026,0.0,76.02,23.98,Regular Customer,Regular Marketing,38.01,53.21,23.98,Loyal Stage
c112fe095bc56b7bdd4b294fa095ae61,148.8,75.72,24.28,VIP Customer,VIP Loyalty Benefits,38.41,53.33,24.28,Loyal Stage
c119ea09235d299ed246d52960913d6f,299.99,76.72,23.28,VIP Customer,VIP Loyalty Benefits,39.48,54.38,23.28,Loyal Stage
c12f980e6773a3c3bb9781f1f4aaa9dc,129.0,75.84,24.16,Regular Customer,Regular Marketing,38.4,53.38,24.16,Loyal Stage
c131fb2090a114877c0330bbdd09ed04,119.85,76.76,23.24,Regular Customer,Regular Marketing,38.83,54.0,23.24,Loyal Stage
c14866a920a7905ee8acbcbb9624e61f,65.0,75.44,24.56,Regular Customer,Regular Marketing,37.96,52.95,24.56,Loyal Stage
c148e9b2cf4a2b58b7edefc55863c818,77.0,76.49,23.51,Regular Customer,Regular Marketing,38.53,53.71,23.51,Loyal Stage
c155f561686b486818a09b0c1e18f7a1,49.8,76.3,23.7,Regular Customer,Regular Marketing,38.34,53.52,23.7,Loyal Stage
c15f5f7134c349f929d2b8458bed478e,0.0,76.22,23.78,Regular Customer,Regular Marketing,38.11,53.35,23.78,Loyal Stage
c165003468fa4ab103c5e83a97b90e4a,116.77,75.98,24.02,Regular Customer,Regular Marketing,38.42,53.44,24.02,Loyal Stage
c16bb123fd0f6a23dce5ff04d9f43436,449.0,77.04,22.96,VIP Customer,VIP Loyalty Benefits,40.19,54.93,22.96,Loyal Stage
c175970ef51f49df0fac8782ffccc2fc,0.0,76.07,23.93,Regular Customer,Regular Marketing,38.03,53.25,23.93,Loyal Stage
c17e63af5f15bbc11b8e9387e71bba9b,66.99,76.68,23.32,Regular Customer,Regular Marketing,38.59,53.83,23.32,Loyal Stage
c1802bc63a6c4c1d1723f2c59fd12be0,140.0,76.07,23.93,VIP Customer,VIP Loyalty Benefits,38.56,53.56,23.93,Loyal Stage
c186f7f90b8f81336fb489c619c8da8a,48.99,75.42,24.58,Regular Customer,Regular Marketing,37.89,52.9,24.58,Loyal Stage
c192cc3489d40397d08e1769643c6102,185.0,76.76,23.24,VIP Customer,VIP Loyalty Benefits,39.07,54.15,23.24,Loyal Stage
c19526f76fe204393c2e18146a07fecd,0.0,75.81,24.19,Regular Customer,Regular Marketing,37.9,53.06,24.19,Loyal Stage
c1a407e61dad78110e4e5150afe80f8c,134.99,76.73,23.27,Regular Customer,Regular Marketing,38.87,54.01,23.27,Loyal Stage
c1d2a91016ab5d1ce5242e279f7ff94b,14.87,75.57,24.43,Regular Customer,Regular Marketing,37.84,52.93,24.43,Loyal Stage
c1d6b3acce320f7fe811d54554febfd4,299.96,75.39,24.61,VIP Customer,VIP Loyalty Benefits,38.81,53.44,24.61,Loyal Stage
c1d7645f81f948e0515b563056bc4828,259.9,76.3,23.7,VIP Customer,VIP Loyalty Benefits,39.12,53.99,23.7,Loyal Stage
c1e46a3c0e43e74dc1a0704323c2ee3d,163.9,75.64,24.36,VIP Customer,VIP Loyalty Benefits,38.43,53.31,24.36,Loyal Stage
c1ee153508c6b785b491443a95ff364e,0.0,78.19,21.81,Regular Customer,Regular Marketing,39.1,54.74,21.81,Loyal Stage
c2056e82b75e0dad0df1cbbec73e9aad,78.0,76.75,23.25,Regular Customer,Regular Marketing,38.67,53.9,23.25,Loyal Stage
c21575db98cc251416fe660a6e226a46,0.0,75.45,24.55,Regular Customer,Regular Marketing,37.72,52.81,24.55,Loyal Stage
c217b51e0bb57646264aded600dd5fa7,56.1,77.03,22.97,Regular Customer,Regular Marketing,38.72,54.04,22.97,Loyal Stage
c21fb434ffd8f66f5febcfb3bb82ec31,0.0,76.38,23.62,Regular Customer,Regular Marketing,38.19,53.47,23.62,Loyal Stage
c23625b050d7d34272be416aa7b89aea,789.0,77.29,22.71,VIP Customer,VIP Loyalty Benefits,41.58,55.86,22.71,Loyal Stage
c24418a742a0d8fdf59827fd30d5e01e,199.0,76.47,23.53,VIP Customer,VIP Loyalty Benefits,38.98,53.98,23.53,Loyal Stage
c250c6d53f3716217490c5e4d05585a8,229.99,76.36,23.64,VIP Customer,VIP Loyalty Benefits,39.04,53.97,23.64,Loyal Stage
c26193152447646760844936b39e08f7,712.3,77.7,22.3,VIP Customer,VIP Loyalty Benefits,41.5,55.98,22.3,Loyal Stage
c263c0e5e4377deaf3eac12746f3934a,144.5,76.44,23.56,VIP Customer,VIP Loyalty Benefits,38.76,53.83,23.56,Loyal Stage
c263ffe67f934e522d0a4cc6e8c7ff8d,0.0,76.95,23.05,Regular Customer,Regular Marketing,38.48,53.87,23.05,Loyal Stage
c2643534289b9b7e428aa81089dc5ce7,32.0,77.05,22.95,Regular Customer,Regular Marketing,38.64,54.0,22.95,Loyal Stage
c26525a6863cd7b333a3bb8de64eff74,49.0,76.09,23.91,Regular Customer,Regular Marketing,38.23,53.37,23.91,Loyal Stage
c271a0ab0bdf96d027e9b00daafed0b5,85.0,76.09,23.91,Regular Customer,Regular Marketing,38.36,53.45,23.91,Loyal Stage
c2867e419f7aabfda8dacb61bac0802a,14.49,77.17,22.83,Regular Customer,Regular Marketing,38.64,54.05,22.83,Loyal Stage
c28b1528e093df4b2a5d47f6f2b0d5fb,161.89,77.14,22.86,VIP Customer,VIP Loyalty Benefits,39.17,54.36,22.86,Loyal Stage
c28bb51e3069fc0c18b767835cbd0c1b,24.9,76.73,23.27,Regular Customer,Regular Marketing,38.46,53.77,23.27,Loyal Stage
c28c340209c60b6d78e5b8bc564972e6,58.99,76.1,23.9,Regular Customer,Regular Marketing,38.27,53.4,23.9,Loyal Stage
c291a811a9d32f309ee7c2578dee8a2c,0.0,75.7,24.3,Regular Customer,Regular Marketing,37.85,52.99,24.3,Loyal Stage
c29d36febfa766ca995aee6ac0526abd,164.99,77.3,22.7,VIP Customer,VIP Loyalty Benefits,39.26,54.48,22.7,Loyal Stage
c2a3897a7b0f66194905d20cb06311cb,0.0,76.02,23.98,Regular Customer,Regular Marketing,38.01,53.21,23.98,Loyal Stage
c2a5eec54c809c66e868cd63099ce3d5,239.0,76.22,23.78,VIP Customer,VIP Loyalty Benefits,39.0,53.89,23.78,Loyal Stage
c2ac7fcff6c7b166d077961ce43def61,129.0,76.31,23.69,Regular Customer,Regular Marketing,38.63,53.7,23.69,Loyal Stage
c2bf9a98bc1ac4defbebaa21c71dd3c6,39.9,75.76,24.24,Regular Customer,Regular Marketing,38.03,53.12,24.24,Loyal Stage
c2bffaf8747e77b4c0b4e38421e3bf29,0.0,75.7,24.3,Regular Customer,Regular Marketing,37.85,52.99,24.3,Loyal Stage
c2c0bd375204f73bdb35dfc455b3d597,29.9,76.42,23.58,Regular Customer,Regular Marketing,38.32,53.56,23.58,Loyal Stage
c2d0d46bbdebdc3160671251b42d5d5b,150.0,75.67,24.33,VIP Customer,VIP Loyalty Benefits,38.39,53.3,24.33,Loyal Stage
c2d989a85afea908c4c9843c3e942a4b,64.99,75.75,24.25,Regular Customer,Regular Marketing,38.12,53.17,24.25,Loyal Stage
c306c02f7a8deb4fdc97fa17bc431449,19.9,75.37,24.63,Regular Customer,Regular Marketing,37.76,52.8,24.63,Loyal Stage
c30b0c608dcfd2de51f2a181ba746b5c,44.97,76.75,23.25,Regular Customer,Regular Marketing,38.54,53.82,23.25,Loyal Stage
c31b42ebb5287fc93a2be91163464674,140.0,76.48,23.52,VIP Customer,VIP Loyalty Benefits,38.76,53.85,23.52,Loyal Stage
c32c120fa230c291ecc017406aa2f39d,84.0,77.07,22.93,Regular Customer,Regular Marketing,38.85,54.14,22.93,Loyal Stage
c32f299011486bdf37a4df846b6bd39d,119.9,76.35,23.65,Regular Customer,Regular Marketing,38.62,53.71,23.65,Loyal Stage
c33bea47ddde78f6c98de4d261e2e4e1,21.9,76.98,23.02,Regular Customer,Regular Marketing,38.57,53.93,23.02,Loyal Stage
c3481b4a695ad9c17f76f94fa6d899ec,45.0,76.19,23.81,Regular Customer,Regular Marketing,38.26,53.43,23.81,Loyal Stage
c35101ebb38317f41ffd9936ceaf8e09,129.9,76.57,23.43,Regular Customer,Regular Marketing,38.77,53.89,23.43,Loyal Stage
c352fe3e97b9dba9794e6386e0c01b2a,259.99,76.87,23.13,VIP Customer,VIP Loyalty Benefits,39.4,54.39,23.13,Loyal Stage
c35a2c4f4bf555b012e91c179023750c,0.0,76.22,23.78,Regular Customer,Regular Marketing,38.11,53.35,23.78,Loyal Stage
c36f379ed2ca6c7b85484f0dd3da9448,64.9,76.89,23.11,Regular Customer,Regular Marketing,38.69,53.97,23.11,Loyal Stage
c3746e4fcbaafb851682b1064afe36fd,0.0,76.43,23.57,Regular Customer,Regular Marketing,38.22,53.5,23.57,Loyal Stage
c3759a19c9f1e09dfeb8806d386995f0,0.0,75.7,24.3,Regular Customer,Regular Marketing,37.85,52.99,24.3,Loyal Stage
c3808f7c80ad3025f7d53d69e7a297cb,17.9,75.57,24.43,Regular Customer,Regular Marketing,37.85,52.94,24.43,Loyal Stage
c38794d49419d3a92afdf51004ca6861,0.0,75.34,24.66,Regular Customer,Regular Marketing,37.67,52.74,24.66,Loyal Stage
c38ea92aa01ad97a67b5fdc061846fc4,0.0,76.64,23.36,Regular Customer,Regular Marketing,38.32,53.65,23.36,Loyal Stage
c39c28b8ce3b154806a11311d4bddc1f,24.0,77.09,22.91,Regular Customer,Regular Marketing,38.63,54.01,22.91,Loyal Stage
c39d4eb63d6ef6bfe4c61ec857dadb21,109.9,75.71,24.29,Regular Customer,Regular Marketing,38.26,53.24,24.29,Loyal Stage
c3a2541d3d73ffdf5c42dc6ed3a781c0,39.75,75.66,24.34,Regular Customer,Regular Marketing,37.98,53.05,24.34,Loyal Stage
c3b4f1f8771fc010102a81177dd26737,139.0,76.89,23.11,VIP Customer,VIP Loyalty Benefits,38.96,54.13,23.11,Loyal Stage
c3ced12ab08e67844644204aea54f2a0,0.0,76.28,23.72,Regular Customer,Regular Marketing,38.14,53.4,23.72,Loyal Stage
c3dd09c8a95706ebcccb86a6bbe89a75,53.0,77.03,22.97,Regular Customer,Regular Marketing,38.71,54.04,22.97,Loyal Stage
c4053ab276391fff6ac7736873cfc950,0.0,77.36,22.64,Regular Customer,Regular Marketing,38.68,54.15,22.64,Loyal Stage
c4081e1320a0b7320da135fca270a185,32.5,75.5,24.5,Regular Customer,Regular Marketing,37.87,52.92,24.5,Loyal Stage
c40ed267ec92ebb6b0d4661025cf642e,44.9,76.6,23.4,Regular Customer,Regular Marketing,38.47,53.72,23.4,Loyal Stage
c417bce61f433af77e86d2f87a62a37e,0.0,76.07,23.93,Regular Customer,Regular Marketing,38.03,53.25,23.93,Loyal Stage
c419c57643dcfa71e227a804e2b758f7,159.99,75.99,24.01,VIP Customer,VIP Loyalty Benefits,38.59,53.55,24.01,Loyal Stage
c419ea1f189b80201bc1f4d1b18dd8a7,38.0,75.92,24.08,Regular Customer,Regular Marketing,38.1,53.23,24.08,Loyal Stage
c41cd7cda3bd50d12b9b0e31325c9d1d,47.92,75.67,24.33,Regular Customer,Regular Marketing,38.01,53.07,24.33,Loyal Stage
c421b506ac2b258ef57d2a5c216780a2,162.9,76.0,24.0,VIP Customer,VIP Loyalty Benefits,38.61,53.57,24.0,Loyal Stage
c429425f10004f7f2b5e7b13801845e7,259.9,76.3,23.7,VIP Customer,VIP Loyalty Benefits,39.12,53.99,23.7,Loyal Stage
c42e4b64a57931fdcad245a1ca004728,39.8,75.66,24.34,Regular Customer,Regular Marketing,37.98,53.05,24.34,Loyal Stage
c4400fe1b753b93aff1f0021bd76b1b5,69.99,76.38,23.62,Regular Customer,Regular Marketing,38.45,53.62,23.62,Loyal Stage
c455bfe3f70f6325f0d1e1ae6569ec5c,71.49,75.81,24.19,Regular Customer,Regular Marketing,38.17,53.23,24.19,Loyal Stage
c45ed0e5edef4f1c7b75ad645cd51db4,83.88,76.35,23.65,Regular Customer,Regular Marketing,38.49,53.63,23.65,Loyal Stage
c46ead804c06553c361b102a9ba5a047,29.9,77.25,22.75,Regular Customer,Regular Marketing,38.74,54.14,22.75,Loyal Stage
c48b56da021ee338f55ae79297f042b5,68.99,76.74,23.26,Regular Customer,Regular Marketing,38.63,53.87,23.26,Loyal Stage
c4a304802749361b1a0e062b27288130,39.9,77.01,22.99,Regular Customer,Regular Marketing,38.65,53.99,22.99,Loyal Stage
c4b224d2c784bae11ae98b6ae9f2454c,10856.1,29.92,70.08,VIP Customer,VIP Loyalty Benefits,55.35,45.18,70.08,Churn Risk Stage
c4b822795feef15ddf1d3d2e5b83a53b,22.32,76.0,24.0,Regular Customer,Regular Marketing,38.08,53.25,24.0,Loyal Stage
c4c35b9d3d1e2564334d3154ff7d28a5,1150.0,77.13,22.87,VIP Customer,VIP Loyalty Benefits,42.84,56.56,22.87,Loyal Stage
c4c750e587cdcd37fd7bc2181577d3a4,74.99,76.7,23.3,Regular Customer,Regular Marketing,38.63,53.86,23.3,Loyal Stage
c4c7ddaafdf525ee8be19b4459a6d4df,0.0,75.34,24.66,Regular Customer,Regular Marketing,37.67,52.74,24.66,Loyal Stage
c4d1fdc000ae480af7abc35a3f0dc9b0,255.8,76.42,23.58,VIP Customer,VIP Loyalty Benefits,39.16,54.06,23.58,Loyal Stage
c4dbc6ab9e1f0956b571a9e89dd78e75,0.0,75.65,24.35,Regular Customer,Regular Marketing,37.83,52.96,24.35,Loyal Stage
c4e07a7fda29c96698212667e1795ff6,178.98,75.81,24.19,VIP Customer,VIP Loyalty Benefits,38.57,53.47,24.19,Loyal Stage
c4e1be2c2425a037aebd1443b7c59bbd,21.5,76.67,23.33,Regular Customer,Regular Marketing,38.41,53.71,23.33,Loyal Stage
c4e4bff108c286f1eb87c6e2457b86f6,0.0,75.5,24.5,Regular Customer,Regular Marketing,37.75,52.85,24.5,Loyal Stage
c4f95f0256ba9b1a8956eaadc04e1d77,95.4,77.45,22.55,Regular Customer,Regular Marketing,39.08,54.43,22.55,Loyal Stage
c506a1a7fe8a6dcf1361f1bd55612eda,0.0,76.07,23.93,Regular Customer,Regular Marketing,38.03,53.25,23.93,Loyal Stage
c50c256e1dabdbce41215632e2e98cc7,97.1,76.26,23.74,Regular Customer,Regular Marketing,38.49,53.6,23.74,Loyal Stage
c51153a7f795d40bc5339e446c10376b,0.0,77.0,23.0,Regular Customer,Regular Marketing,38.5,53.9,23.0,Loyal Stage
c511eb3cf17332bc009b84af382ff7e4,0.0,77.0,23.0,Regular Customer,Regular Marketing,38.5,53.9,23.0,Loyal Stage
c51846ed479955e68bc1c14212124068,110.0,75.87,24.13,Regular Customer,Regular Marketing,38.34,53.35,24.13,Loyal Stage
c53429ee38cdecc5867ac690de66ab38,43.0,76.08,23.92,Regular Customer,Regular Marketing,38.2,53.35,23.92,Loyal Stage
c5363e7bcb401bf6d3b412e21c0068f5,228.0,76.82,23.18,VIP Customer,VIP Loyalty Benefits,39.26,54.28,23.18,Loyal Stage
c537e307d0558bef8cbfff39ea7c2b24,0.0,77.15,22.85,Regular Customer,Regular Marketing,38.58,54.01,22.85,Loyal Stage
c54a231efd2dbb74f2addcb5a750b706,147.79,76.8,23.2,VIP Customer,VIP Loyalty Benefits,38.95,54.09,23.2,Loyal Stage
c54a7c590d22d67b17bb1059c764685b,12.9,75.36,24.64,Regular Customer,Regular Marketing,37.73,52.78,24.64,Loyal Stage
c54c910485103a955fac5455e88a9015,134.9,77.15,22.85,Regular Customer,Regular Marketing,39.08,54.31,22.85,Loyal Stage
c55f8513b9205dc2bbf670a26cbce329,0.0,76.74,23.26,Regular Customer,Regular Marketing,38.37,53.72,23.26,Loyal Stage
c5616e00dba62f1ef398855938c1cc98,39.0,76.85,23.15,Regular Customer,Regular Marketing,38.57,53.88,23.15,Loyal Stage
c5625fa8d6771a8ce6c260494197b5d1,14.99,76.04,23.96,Regular Customer,Regular Marketing,38.08,53.26,23.96,Loyal Stage
c562fe6c90802bff033da0a536e4d972,0.0,77.05,22.95,Regular Customer,Regular Marketing,38.52,53.93,22.95,Loyal Stage
c565f5f9bbee1978816d3285b5830198,287.0,76.7,23.3,VIP Customer,VIP Loyalty Benefits,39.42,54.33,23.3,Loyal Stage
c568fbde817b078e3ac6cc9d082b5338,76.95,77.11,22.89,Regular Customer,Regular Marketing,38.84,54.15,22.89,Loyal Stage
c573caf2e2c12c731885273e03dc5471,327.9,75.88,24.12,VIP Customer,VIP Loyalty Benefits,39.16,53.85,24.12,Loyal Stage
c5799e9491cef7d6fb8ba352e09f0f37,119.0,76.97,23.03,Regular Customer,Regular Marketing,38.93,54.15,23.03,Loyal Stage
c57c7c35bd28be99523d58d38796df9d,0.0,75.34,24.66,Regular Customer,Regular Marketing,37.67,52.74,24.66,Loyal Stage
c596a5d0ac41a4a51eee68f1a0fe7ecc,45.0,76.39,23.61,Regular Customer,Regular Marketing,38.36,53.57,23.61,Loyal Stage
c59d89fc343062d6138b8f9adb04c678,0.0,75.91,24.09,Regular Customer,Regular Marketing,37.96,53.14,24.09,Loyal Stage
c5a2ace14309acb5b5cc19236eae121b,49.9,76.25,23.75,Regular Customer,Regular Marketing,38.31,53.49,23.75,Loyal Stage
c5a4f43cbaec086210cc75587ecabfe9,90.0,75.79,24.21,Regular Customer,Regular Marketing,38.23,53.25,24.21,Loyal Stage
c5ba9b847b8aba3207c10f83af5f6b3b,0.0,76.64,23.36,Regular Customer,Regular Marketing,38.32,53.65,23.36,Loyal Stage
c5cc0bee4b73138ed973a1720df085aa,143.4,76.86,23.14,VIP Customer,VIP Loyalty Benefits,38.96,54.12,23.14,Loyal Stage
c5cd3f9f4fd33dedb32bb3555a6b97e8,0.0,76.9,23.1,Regular Customer,Regular Marketing,38.45,53.83,23.1,Loyal Stage
c5cd8249a8a891697b1b8b1a73f344e6,159.9,77.34,22.66,VIP Customer,VIP Loyalty Benefits,39.26,54.49,22.66,Loyal Stage
c5da6424f1f5decedef8672a1a0103e1,0.0,77.0,23.0,Regular Customer,Regular Marketing,38.5,53.9,23.0,Loyal Stage
c5da99fad84505c7a0079c005d0460ce,145.9,76.23,23.77,VIP Customer,VIP Loyalty Benefits,38.66,53.69,23.77,Loyal Stage
c5dddab9c57ffadd6ffabe8c2d60e17b,0.0,76.28,23.72,Regular Customer,Regular Marketing,38.14,53.4,23.72,Loyal Stage
c5f6cb97cd0c81529b9e8a239274f898,104.6,75.96,24.04,Regular Customer,Regular Marketing,38.37,53.41,24.04,Loyal Stage
c5fa32fb9db45e2fd82cc79d12aee5d4,24.99,76.52,23.48,Regular Customer,Regular Marketing,38.35,53.62,23.48,Loyal Stage
c602b245df5ba83a335cc0145581ced8,110.32,76.08,23.92,Regular Customer,Regular Marketing,38.45,53.5,23.92,Loyal Stage
c60e0c67b73f134a6554318c2a4903c2,0.0,75.34,24.66,Regular Customer,Regular Marketing,37.67,52.74,24.66,Loyal Stage
c632e20fcb1d14b0ce7162f6f5aad738,0.0,76.17,23.83,Regular Customer,Regular Marketing,38.08,53.32,23.83,Loyal Stage
c641236d7fd2541fd5f70fdb10a9cda0,17.9,76.77,23.23,Regular Customer,Regular Marketing,38.45,53.78,23.23,Loyal Stage
c6427022dca698735b975d8abf0214cc,69.0,75.6,24.4,Regular Customer,Regular Marketing,38.06,53.08,24.4,Loyal Stage
c6622f52e7e4dc8671ad890b974f9c74,169.0,77.51,22.49,VIP Customer,VIP Loyalty Benefits,39.38,54.63,22.49,Loyal Stage
c6660f67aaf7a9ce2cefd58fc021f45d,48.9,76.45,23.55,Regular Customer,Regular Marketing,38.41,53.63,23.55,Loyal Stage
c668d3f3047f8c06b74eaec4e878e481,100.79,76.94,23.06,Regular Customer,Regular Marketing,38.84,54.08,23.06,Loyal Stage
c6760273ff7b02b258153dec36a884ad,129.9,77.5,22.5,Regular Customer,Regular Marketing,39.23,54.54,22.5,Loyal Stage
c678ab1dccbc0f934a182d2877644ec3,110.0,77.22,22.78,Regular Customer,Regular Marketing,39.02,54.3,22.78,Loyal Stage
c683ed9776a3bb038982ef2aaacdb9a5,27.9,76.47,23.53,Regular Customer,Regular Marketing,38.34,53.59,23.53,Loyal Stage
c694ffd0ff6d172ecf34fcd4202c8693,139.4,76.96,23.04,VIP Customer,VIP Loyalty Benefits,39.0,54.18,23.04,Loyal Stage
c6abdb335cf117fb7fe0bb9bc1365586,439.6,76.25,23.75,VIP Customer,VIP Loyalty Benefits,39.76,54.36,23.75,Loyal Stage
c6af131586aa14ce8832bae84f60768c,83.9,77.02,22.98,Regular Customer,Regular Marketing,38.82,54.1,22.98,Loyal Stage
c6b85e905cf24c14d9a115839c6f65dd,955.0,77.33,22.67,VIP Customer,VIP Loyalty Benefits,42.22,56.26,22.67,Loyal Stage
c6bc2bf4b75f3f9da5ce95971a2f463b,527.9,76.65,23.35,VIP Customer,VIP Loyalty Benefits,40.29,54.83,23.35,Loyal Stage
c6c1e34c95f90df749addda9751d51d9,29.9,76.01,23.99,Regular Customer,Regular Marketing,38.12,53.28,23.99,Loyal Stage
c6cda1260ee2defc2b326e6c253406c8,428.9,77.12,22.88,VIP Customer,VIP Loyalty Benefits,40.16,54.94,22.88,Loyal Stage
c6d5793d0b594c9c3599c407f62458d6,195.0,76.41,23.59,VIP Customer,VIP Loyalty Benefits,38.93,53.92,23.59,Loyal Stage
c6dd22860eb241c38dac10ce91becd23,175.0,77.1,22.9,VIP Customer,VIP Loyalty Benefits,39.2,54.36,22.9,Loyal Stage
c6e7ba32d3400f590ab17def32f625a6,169.89,76.53,23.47,VIP Customer,VIP Loyalty Benefits,38.9,53.95,23.47,Loyal Stage
c6f278d5700bc8fa4f7c89d328e4031b,69.6,76.48,23.52,Regular Customer,Regular Marketing,38.5,53.69,23.52,Loyal Stage
c6f4477475d8880485fe593056e1bbff,219.0,76.34,23.66,VIP Customer,VIP Loyalty Benefits,38.98,53.92,23.66,Loyal Stage
c6f70f6262d971489361b0d4fb0936ed,1149.0,77.52,22.48,VIP Customer,VIP Loyalty Benefits,43.03,56.83,22.48,Loyal Stage
c6ff4cdc311f5ff1bfe1457530f6eb2a,74.0,77.06,22.94,Regular Customer,Regular Marketing,38.81,54.11,22.94,Loyal Stage
c70bfc4b936709e674c7df6068ba116f,179.7,76.23,23.77,VIP Customer,VIP Loyalty Benefits,38.78,53.76,23.77,Loyal Stage
c70dfb293b08af5444cf2cf527b8836c,1240.0,78.22,21.78,VIP Customer,VIP Loyalty Benefits,43.72,57.52,21.78,Loyal Stage
c71df15d86ebd94212e0eea44f131095,59.97,75.74,24.26,Regular Customer,Regular Marketing,38.09,53.15,24.26,Loyal Stage
c72a58fec4018ab2334ae949fd146303,598.9,76.65,23.35,VIP Customer,VIP Loyalty Benefits,40.55,54.99,23.35,Loyal Stage
c72c3b3f555a26bf87bfe2380409403b,240.0,76.06,23.94,VIP Customer,VIP Loyalty Benefits,38.92,53.78,23.94,Loyal Stage
c7379a6f3773da231b6be671da0708ab,0.0,76.58,23.42,Regular Customer,Regular Marketing,38.29,53.61,23.42,Loyal Stage
c737d186320af1b0b2a3f107abaffe9c,139.77,76.12,23.88,VIP Customer,VIP Loyalty Benefits,38.58,53.6,23.88,Loyal Stage
c73ea778863efe7e94ea5efa3266abf9,0.0,76.38,23.62,Regular Customer,Regular Marketing,38.19,53.47,23.62,Loyal Stage
c73f294466cf13293810f4d1a3728d56,139.5,75.76,24.24,VIP Customer,VIP Loyalty Benefits,38.4,53.34,24.24,Loyal Stage
c758abfcb958a9df72d36e28d4e7cb6d,229.9,77.24,22.76,VIP Customer,VIP Loyalty Benefits,39.48,54.58,22.76,Loyal Stage
c76c62fe7af1772f8a185ed313d805fc,71.1,76.28,23.72,Regular Customer,Regular Marketing,38.4,53.55,23.72,Loyal Stage
c77154776ead8e798c2d684205938f71,120.0,75.83,24.17,Regular Customer,Regular Marketing,38.36,53.35,24.17,Loyal Stage
c7794313e2cd53472b116a751350f132,4598.0,83.03,16.97,VIP Customer,VIP Loyalty Benefits,58.62,68.38,16.97,Loyal Stage
c78b90ddefbbd9b97545494d9b19ebc0,135.0,75.54,24.46,Regular Customer,Regular Marketing,38.27,53.18,24.46,Loyal Stage
c78cd512115cd7973b8a132893866cb6,0.0,75.6,24.4,Regular Customer,Regular Marketing,37.8,52.92,24.4,Loyal Stage
c79719fb0dffa4835479293c560b56fe,269.0,76.47,23.53,VIP Customer,VIP Loyalty Benefits,39.24,54.13,23.53,Loyal Stage
c7a4228689911d99d10213d088a100e2,190.0,76.25,23.75,VIP Customer,VIP Loyalty Benefits,38.83,53.8,23.75,Loyal Stage
c7b32f8451f68e4cd4130b53f73464a0,74.0,77.26,22.74,Regular Customer,Regular Marketing,38.91,54.25,22.74,Loyal Stage
c7b3b58a202994feaa5f25914fe976dc,0.0,76.53,23.47,Regular Customer,Regular Marketing,38.26,53.57,23.47,Loyal Stage
c7b4b999ba20cfe88341578346c04442,169.9,76.53,23.47,VIP Customer,VIP Loyalty Benefits,38.9,53.95,23.47,Loyal Stage
c7b4fb0959a97e7033ff9bef3b1e2ba9,139.9,76.54,23.46,VIP Customer,VIP Loyalty Benefits,38.79,53.89,23.46,Loyal Stage
c7baae5b46c524b9722a60b5a1903a3d,39.9,76.02,23.98,Regular Customer,Regular Marketing,38.16,53.3,23.98,Loyal Stage
c7be44cba4d2e43b55063d4b83c22960,75.0,76.75,23.25,Regular Customer,Regular Marketing,38.65,53.89,23.25,Loyal Stage
c7c19110042036e6266adc998cbf1289,122.99,76.1,23.9,Regular Customer,Regular Marketing,38.51,53.55,23.9,Loyal Stage
c7c4fa6c320adf14e4130de928c291a2,93.0,77.14,22.86,Regular Customer,Regular Marketing,38.92,54.21,22.86,Loyal Stage
c7d0a20c76156bfdb46296ff08c36537,78.0,76.49,23.51,Regular Customer,Regular Marketing,38.54,53.72,23.51,Loyal Stage
c7dacbbdd8c3c31ce825a3bfbd5fd8e7,99.9,75.65,24.35,Regular Customer,Regular Marketing,38.2,53.18,24.35,Loyal Stage
c7dedcce1d764b080f1ca6061b669351,49.9,76.81,23.19,Regular Customer,Regular Marketing,38.59,53.88,23.19,Loyal Stage
c7e7c9292cbefb5a73573095f0ff21a6,169.89,75.8,24.2,VIP Customer,VIP Loyalty Benefits,38.53,53.44,24.2,Loyal Stage
c7e83a403074e359afa5db98860355e1,39.99,75.61,24.39,Regular Customer,Regular Marketing,37.95,53.01,24.39,Loyal Stage
c7eac605a5da4866c5d534b5d6836797,0.0,76.07,23.93,Regular Customer,Regular Marketing,38.03,53.25,23.93,Loyal Stage
c7ef94646db3745837b7449af9f3fe5b,69.99,75.81,24.19,Regular Customer,Regular Marketing,38.17,53.23,24.19,Loyal Stage
c7f4afeac875a85d51aa4ff11ad70f03,36.48,75.71,24.29,Regular Customer,Regular Marketing,37.99,53.08,24.29,Loyal Stage
c7f8d7b1fffc946d7069574f74c39f4e,35.0,76.17,23.83,Regular Customer,Regular Marketing,38.22,53.4,23.83,Loyal Stage
c7fb005dfaed077788b1da6313ee6688,27.99,76.16,23.84,Regular Customer,Regular Marketing,38.18,53.37,23.84,Loyal Stage
c7ffd67556b0ce043baed501d4899bb8,139.98,76.54,23.46,VIP Customer,VIP Loyalty Benefits,38.79,53.89,23.46,Loyal Stage
c8026e3ef33a5ad9f1f84e2c1a5996ba,36.0,75.55,24.45,Regular Customer,Regular Marketing,37.91,52.97,24.45,Loyal Stage
c802e3b895363f40d8e59d220b03258c,139.99,76.95,23.05,VIP Customer,VIP Loyalty Benefits,39.0,54.18,23.05,Loyal Stage
c8055840a5e2405ccd00772624f78c80,118.8,75.62,24.38,Regular Customer,Regular Marketing,38.25,53.2,24.38,Loyal Stage
c80be11050fb6b795e47ccb7b0467f9d,59.0,76.1,23.9,Regular Customer,Regular Marketing,38.27,53.4,23.9,Loyal Stage
c80e2416ee96c127278f85b68e57e30d,88.83,76.36,23.64,Regular Customer,Regular Marketing,38.51,53.65,23.64,Loyal Stage
c828fb18d242bc03f1a44b81c1392728,159.0,75.94,24.06,VIP Customer,VIP Loyalty Benefits,38.56,53.51,24.06,Loyal Stage
c82fcd6d4d15d0b52c8dad81603e46f8,169.75,76.68,23.32,VIP Customer,VIP Loyalty Benefits,38.97,54.05,23.32,Loyal Stage
c838fd26278f9cb8752f1a067d488dc7,0.0,76.53,23.47,Regular Customer,Regular Marketing,38.26,53.57,23.47,Loyal Stage
c8460e4251689ba205045f3ea17884a1,3060.0,80.08,19.92,VIP Customer,VIP Loyalty Benefits,51.42,62.88,19.92,Loyal Stage
c84863dabec85ae0615fd0d48e406ff6,34.99,76.53,23.47,Regular Customer,Regular Marketing,38.4,53.65,23.47,Loyal Stage
c852d30267e8921063f7e76e16f32a95,29.9,76.16,23.84,Regular Customer,Regular Marketing,38.19,53.38,23.84,Loyal Stage
c8548f30bb1371f39affd8378157d0a2,59.9,76.78,23.22,Regular Customer,Regular Marketing,38.61,53.88,23.22,Loyal Stage
c864fe0c9f4b9010508388922c2b21ae,57.99,76.67,23.33,Regular Customer,Regular Marketing,38.55,53.8,23.33,Loyal Stage
c87944388aa89c72ded8daf1fa95e60e,28.9,77.4,22.6,Regular Customer,Regular Marketing,38.81,54.25,22.6,Loyal Stage
c88dc44a889a841d721c0d60927f274e,39.99,75.51,24.49,Regular Customer,Regular Marketing,37.9,52.94,24.49,Loyal Stage
c891a92bfe148936dec36a1d64b547a9,59.9,77.14,22.86,Regular Customer,Regular Marketing,38.79,54.13,22.86,Loyal Stage
c8962f9086851614997e9c46b10806af,319.0,76.24,23.76,VIP Customer,VIP Loyalty Benefits,39.31,54.08,23.76,Loyal Stage
c89bf34fc80645a368b02f697356c141,134.99,76.78,23.22,Regular Customer,Regular Marketing,38.89,54.05,23.22,Loyal Stage
c8abb595402e81f24cd4bebc51789c4e,254.0,75.73,24.27,VIP Customer,VIP Loyalty Benefits,38.81,53.58,24.27,Loyal Stage
c8abffe7e68de3d6c4b6dd6d4c320dd4,124.8,75.13,24.87,Regular Customer,Regular Marketing,38.03,52.87,24.87,Loyal Stage
c8ad2ee30a24eb2e3a76b865d5313485,93.0,77.19,22.81,Regular Customer,Regular Marketing,38.94,54.24,22.81,Loyal Stage
c8bd76376ff4b06c530b33aeb3639850,54.9,75.63,24.37,Regular Customer,Regular Marketing,38.02,53.06,24.37,Loyal Stage
c8c01f1ef65e75ab0bb18ab7f796e2e5,16.9,76.61,23.39,Regular Customer,Regular Marketing,38.37,53.67,23.39,Loyal Stage
c8c34db5088b1fb2682aa1a2c11914de,179.0,76.44,23.56,VIP Customer,VIP Loyalty Benefits,38.89,53.91,23.56,Loyal Stage
c8c87008ea073e6d84cb347b64d1841a,549.9,76.52,23.48,VIP Customer,VIP Loyalty Benefits,40.31,54.79,23.48,Loyal Stage
c8ccd9254be21b2049c5270b65e8b135,109.9,76.34,23.66,Regular Customer,Regular Marketing,38.58,53.68,23.66,Loyal Stage
c8d3ab3bca090c6a2ceda13089ee997a,44.06,77.22,22.78,Regular Customer,Regular Marketing,38.77,54.15,22.78,Loyal Stage
c8e3e8baa48f9b93770efcb2104eeb34,229.8,77.08,22.92,VIP Customer,VIP Loyalty Benefits,39.39,54.47,22.92,Loyal Stage
c8e6353cdefabcd9ef58240358e5f6b1,14.99,76.81,23.19,Regular Customer,Regular Marketing,38.46,53.8,23.19,Loyal Stage
c8ebb17d3f42219f10a9985722d16906,167.78,76.11,23.89,VIP Customer,VIP Loyalty Benefits,38.68,53.65,23.89,Loyal Stage
c8ed31310fc440a3f8031b177f9842c3,1138.3,78.23,21.77,VIP Customer,VIP Loyalty Benefits,43.35,57.3,21.77,Loyal Stage
c90ba74656203f81d15fc73a18ab9944,59.9,76.88,23.12,Regular Customer,Regular Marketing,38.66,53.95,23.12,Loyal Stage
c91c4849e61104c70d6b728016b62896,110.0,77.22,22.78,Regular Customer,Regular Marketing,39.02,54.3,22.78,Loyal Stage
c9213137d963f638d57558c28b48c460,0.0,75.81,24.19,Regular Customer,Regular Marketing,37.9,53.06,24.19,Loyal Stage
c9216e46b4e91af51b6688f2170ab5e6,78.0,76.86,23.14,Regular Customer,Regular Marketing,38.72,53.98,23.14,Loyal Stage
c92ef88d3d24fe868f2f1807259faa20,12.67,75.93,24.07,Regular Customer,Regular Marketing,38.01,53.18,24.07,Loyal Stage
c92fcc08288d633d677a2b744e7cdf9f,330.0,76.72,23.28,VIP Customer,VIP Loyalty Benefits,39.59,54.44,23.28,Loyal Stage
c930522d8f6d987ea43231c01b3cd582,99.9,76.06,23.94,Regular Customer,Regular Marketing,38.4,53.46,23.94,Loyal Stage
c930c68b5708cde0edd9bf90db256ea3,124.0,75.53,24.47,Regular Customer,Regular Marketing,38.23,53.15,24.47,Loyal Stage
c94170f7100d11d7639f31b9c00bb196,110.0,76.39,23.61,Regular Customer,Regular Marketing,38.6,53.72,23.61,Loyal Stage
c942db669b3a851e2b26c99d662c415f,0.0,76.43,23.57,Regular Customer,Regular Marketing,38.22,53.5,23.57,Loyal Stage
c94817cbbb720c3cb72f90d90d41c91d,74.8,77.01,22.99,Regular Customer,Regular Marketing,38.78,54.07,22.99,Loyal Stage
c94e204556c17e5bbfc959a68a6a8c5d,0.0,75.34,24.66,Regular Customer,Regular Marketing,37.67,52.74,24.66,Loyal Stage
c9505928c9f7de42f16f2d3c564ea350,22.9,75.89,24.11,Regular Customer,Regular Marketing,38.03,53.17,24.11,Loyal Stage
c958cd11561df1914d60cf6f01875639,56.9,76.2,23.8,Regular Customer,Regular Marketing,38.31,53.47,23.8,Loyal Stage
c959e2d1633b86473794539f77490f27,119.9,75.78,24.22,Regular Customer,Regular Marketing,38.34,53.32,24.22,Loyal Stage
c96224828aa198f23cc499642489b74a,0.0,75.65,24.35,Regular Customer,Regular Marketing,37.83,52.96,24.35,Loyal Stage
c965cd21c2063af61fc73be37d54d8b9,119.5,75.99,24.01,Regular Customer,Regular Marketing,38.44,53.46,24.01,Loyal Stage
c96809461a8d0aa55f0d5eecda0b6a0f,99.8,76.01,23.99,Regular Customer,Regular Marketing,38.38,53.43,23.99,Loyal Stage
c96a56896b543daee325030b2752eafc,79.98,76.03,23.97,Regular Customer,Regular Marketing,38.31,53.4,23.97,Loyal Stage
c97c1b94aeb3e7b8bc8bff24ba20a3f0,59.98,76.16,23.84,Regular Customer,Regular Marketing,38.3,53.44,23.84,Loyal Stage
c98096cf892dcef216f1676a5552aa9f,19.9,76.46,23.54,Regular Customer,Regular Marketing,38.3,53.56,23.54,Loyal Stage
c980aa5650bb3185c61950ac9099190d,44.9,75.87,24.13,Regular Customer,Regular Marketing,38.1,53.21,24.13,Loyal Stage
c9a9bc3271d78f39fe16405e17aa36bd,329.9,76.92,23.08,VIP Customer,VIP Loyalty Benefits,39.69,54.58,23.08,Loyal Stage
c9aa33473ec2343d8a2a0b11ebd36b1d,65.0,76.32,23.68,Regular Customer,Regular Marketing,38.4,53.57,23.68,Loyal Stage
c9aa4d4e3b52c013ddbe949848a81487,159.0,76.41,23.59,VIP Customer,VIP Loyalty Benefits,38.8,53.84,23.59,Loyal Stage
c9b4c4cecb2f6c6efe2f0e4849266350,0.0,77.26,22.74,Regular Customer,Regular Marketing,38.63,54.08,22.74,Loyal Stage
c9c95b3008a12b91d3597b86d704f5d7,86.69999999999999,76.51,23.49,Regular Customer,Regular Marketing,38.58,53.75,23.49,Loyal Stage
c9ed110b8918fcd831073636349e79a3,63.0,77.2,22.8,Regular Customer,Regular Marketing,38.83,54.18,22.8,Loyal Stage
c9f2b70eaddf459267a9de373aaf743b,49.9,76.25,23.75,Regular Customer,Regular Marketing,38.31,53.49,23.75,Loyal Stage
c9f9c202fad4743c180a0c0f6a5446c5,39.9,77.11,22.89,Regular Customer,Regular Marketing,38.7,54.06,22.89,Loyal Stage
c9faadd1915c56ef48d8203bae45eb83,92.0,76.31,23.69,Regular Customer,Regular Marketing,38.5,53.62,23.69,Loyal Stage
ca000e16dc158b58dde340b818beeb83,105.99,75.91,24.09,Regular Customer,Regular Marketing,38.35,53.37,24.09,Loyal Stage
ca09dd91406f345e1b9062fd69bb4414,118.8,76.14,23.86,Regular Customer,Regular Marketing,38.51,53.56,23.86,Loyal Stage
ca0a764300b58f2eef1726377e8e2766,92.0,77.04,22.96,Regular Customer,Regular Marketing,38.86,54.13,22.96,Loyal Stage
ca16b60eec34dd3ad011825ff421add5,0.0,75.7,24.3,Regular Customer,Regular Marketing,37.85,52.99,24.3,Loyal Stage
ca27f3dac28fb1063faddd424c9d95fa,4059.0,81.85,18.15,VIP Customer,VIP Loyalty Benefits,56.03,66.36,18.15,Loyal Stage
ca29927a591eaf66ee107a933181c33b,0.0,75.81,24.19,Regular Customer,Regular Marketing,37.9,53.06,24.19,Loyal Stage
ca406daddb02e6855b4a3cf7e083f42b,0.0,76.38,23.62,Regular Customer,Regular Marketing,38.19,53.47,23.62,Loyal Stage
ca4268e8ba8e38e524e996158f9ab200,127.9,77.09,22.91,Regular Customer,Regular Marketing,39.02,54.25,22.91,Loyal Stage
ca456971ad182f9d085b4f90c1590e3d,34.99,75.86,24.14,Regular Customer,Regular Marketing,38.06,53.18,24.14,Loyal Stage
ca60b9db72eab0a9a76c77f60aeb845f,0.0,76.28,23.72,Regular Customer,Regular Marketing,38.14,53.4,23.72,Loyal Stage
ca7e72cf5f23b5400bf974e750f80964,395.0,77.17,22.83,VIP Customer,VIP Loyalty Benefits,40.05,54.9,22.83,Loyal Stage
ca8121582de394eafe3a30ca1866557b,0.0,75.81,24.19,Regular Customer,Regular Marketing,37.9,53.06,24.19,Loyal Stage
ca81458af1cfd7972ee1dccc8853d4c0,228.0,76.72,23.28,VIP Customer,VIP Loyalty Benefits,39.21,54.21,23.28,Loyal Stage
ca89d8b0fe4dafab541b4e76a1ff4896,135.0,75.6,24.4,Regular Customer,Regular Marketing,38.3,53.22,24.4,Loyal Stage
ca9047711198032d7f41114bd56bf7ae,0.0,77.1,22.9,Regular Customer,Regular Marketing,38.55,53.97,22.9,Loyal Stage
caaab6f5e52ed9151d52eff4e6f0faa7,57.9,76.83,23.17,Regular Customer,Regular Marketing,38.63,53.91,23.17,Loyal Stage
cab9ac84e3901590e75cea8bd81c029c,30.99,75.8,24.2,Regular Customer,Regular Marketing,38.02,53.13,24.2,Loyal Stage
cac4417e011d1b0b40bc97d3259cf6c9,89.99,76.05,23.95,Regular Customer,Regular Marketing,38.36,53.44,23.95,Loyal Stage
cac80698a14acdf390db2a1d84d750fc,210.0,76.07,23.93,VIP Customer,VIP Loyalty Benefits,38.82,53.72,23.93,Loyal Stage
cacad11a562b7c7537343abbeebd12f0,12.99,76.71,23.29,Regular Customer,Regular Marketing,38.4,53.72,23.29,Loyal Stage
cad23192ddc7d98303b035f2a0151673,0.0,77.0,23.0,Regular Customer,Regular Marketing,38.5,53.9,23.0,Loyal Stage
cad348ab851ffe1d696529e392ea1823,28.9,76.11,23.89,Regular Customer,Regular Marketing,38.16,53.34,23.89,Loyal Stage
cad866eab1628578662eaae61403149e,83.0,75.78,24.22,Regular Customer,Regular Marketing,38.2,53.23,24.22,Loyal Stage
cadb385cc1299451df18febff40aabc9,34.9,76.79,23.21,Regular Customer,Regular Marketing,38.52,53.83,23.21,Loyal Stage
caf275848cfa258e061236550f1e4fc0,149.9,75.93,24.07,VIP Customer,VIP Loyalty Benefits,38.52,53.48,24.07,Loyal Stage
cb0c4a545aad202fa20d4825853c5979,66.99,76.84,23.16,Regular Customer,Regular Marketing,38.67,53.94,23.16,Loyal Stage
cb0deab009a7424c2962dae5cb0eb300,0.0,75.65,24.35,Regular Customer,Regular Marketing,37.83,52.96,24.35,Loyal Stage
cb18b1181774668a333e5e6917336c63,19.2,75.99,24.01,Regular Customer,Regular Marketing,38.07,53.24,24.01,Loyal Stage
cb1f0bfda9f778a151c29e7df6bee042,29.0,77.1,22.9,Regular Customer,Regular Marketing,38.66,54.04,22.9,Loyal Stage
cb1f4893f56ad048a15ba69bf51bd575,130.0,75.64,24.36,Regular Customer,Regular Marketing,38.3,53.24,24.36,Loyal Stage
cb2b7396e93f306c9076b63930b1a332,49.9,75.73,24.27,Regular Customer,Regular Marketing,38.05,53.12,24.27,Loyal Stage
cb309a02881bcd95a177ba43abd29e4e,49.9,77.13,22.87,Regular Customer,Regular Marketing,38.75,54.1,22.87,Loyal Stage
cb382a3e0fbce8a1d31e86f807314dc8,0.0,76.79,23.21,Regular Customer,Regular Marketing,38.4,53.76,23.21,Loyal Stage
cb3d733c060365fcb29d8795c87c6d9d,384.99,77.16,22.84,VIP Customer,VIP Loyalty Benefits,40.01,54.87,22.84,Loyal Stage
cb47c30dd1cf3d5db1f6a2496b165712,149.0,75.67,24.33,VIP Customer,VIP Loyalty Benefits,38.39,53.3,24.33,Loyal Stage
cb653a512ac6b53d6944c89b2e22b1c2,49.0,76.5,23.5,Regular Customer,Regular Marketing,38.43,53.66,23.5,Loyal Stage
cb68efa0bc94e2eb235d7a839ce22a6c,119.99,75.52,24.48,Regular Customer,Regular Marketing,38.21,53.13,24.48,Loyal Stage
cb6a73a40e6a41337e7d0e8799b68e1b,49.9,75.62,24.38,Regular Customer,Regular Marketing,38.0,53.05,24.38,Loyal Stage
cb781c4dc1c95e0f2d499fe03093b904,28.5,75.64,24.36,Regular Customer,Regular Marketing,37.93,53.01,24.36,Loyal Stage
cb8069766dcad14855418f46abdc3503,0.0,76.95,23.05,Regular Customer,Regular Marketing,38.48,53.87,23.05,Loyal Stage
cb844046ab848696a40b6f6935314030,649.0,77.29,22.71,VIP Customer,VIP Loyalty Benefits,41.06,55.55,22.71,Loyal Stage
cb94a4934d3faee353f9de12c70d0510,34.0,76.95,23.05,Regular Customer,Regular Marketing,38.6,53.94,23.05,Loyal Stage
cb99edb00fd595d96606eb7bcdb9a50b,45.0,76.49,23.51,Regular Customer,Regular Marketing,38.41,53.64,23.51,Loyal Stage
cb9b2734376e44264637ebd85ce7d961,49.99,76.09,23.91,Regular Customer,Regular Marketing,38.23,53.37,23.91,Loyal Stage
cbaee27af18aa78ab01b6941a8f80113,110.9,75.67,24.33,Regular Customer,Regular Marketing,38.25,53.22,24.33,Loyal Stage
cbaf7f97e762e8042be7e067c91b4918,59.99,76.05,23.95,Regular Customer,Regular Marketing,38.25,53.37,23.95,Loyal Stage
cbb3f1c2c7fcb5ba76bb3ea3b046f232,119.9,77.07,22.93,Regular Customer,Regular Marketing,38.98,54.22,22.93,Loyal Stage
cbbafc7844dcfb43b7c0e219b0835cc7,0.0,76.07,23.93,Regular Customer,Regular Marketing,38.03,53.25,23.93,Loyal Stage
cbc532e386016d35f07649a505964e7e,156.0,75.58,24.42,VIP Customer,VIP Loyalty Benefits,38.37,53.25,24.42,Loyal Stage
cbd74ad8bdf05d0b7284fe30d7473f2e,160.0,76.87,23.13,VIP Customer,VIP Loyalty Benefits,39.03,54.17,23.13,Loyal Stage
cbdb32c2527985c8c738d0b2ddf5b9a3,138.0,76.38,23.62,Regular Customer,Regular Marketing,38.7,53.77,23.62,Loyal Stage
cbdc49dbd5ebf262ca92695c653a53b7,65.4,77.2,22.8,Regular Customer,Regular Marketing,38.84,54.18,22.8,Loyal Stage
cbf6449765fe6738bd004df6eb452deb,56.0,76.1,23.9,Regular Customer,Regular Marketing,38.26,53.4,23.9,Loyal Stage
cc178a5d67e3aeef8b98a881e00bb6f7,129.0,77.09,22.91,Regular Customer,Regular Marketing,39.02,54.25,22.91,Loyal Stage
cc1a30280651daf2d918ed7868575771,33.9,75.86,24.14,Regular Customer,Regular Marketing,38.06,53.18,24.14,Loyal Stage
cc325e9b074bc941ca5cf18c2787559d,60.0,77.14,22.86,Regular Customer,Regular Marketing,38.79,54.13,22.86,Loyal Stage
cc458e443c48fd3b2874468ad758d292,48.45,77.33,22.67,Regular Customer,Regular Marketing,38.85,54.24,22.67,Loyal Stage
cc470d7ea00876438b19009a91f5d395,0.0,75.76,24.24,Regular Customer,Regular Marketing,37.88,53.03,24.24,Loyal Stage
cc4a523745078991df9b347bc94f00ba,0.0,76.12,23.88,Regular Customer,Regular Marketing,38.06,53.28,23.88,Loyal Stage
cc5030f151f5e94a5628d98a3733585c,32.9,76.68,23.32,Regular Customer,Regular Marketing,38.46,53.75,23.32,Loyal Stage
cc7079b9134ebe9ff9a76e83c960c5fd,0.0,75.76,24.24,Regular Customer,Regular Marketing,37.88,53.03,24.24,Loyal Stage
cc759acc27c23ac89d82ea1bb8fea2e9,0.0,75.96,24.04,Regular Customer,Regular Marketing,37.98,53.17,24.04,Loyal Stage
cc7875dcfde496579ff7d10d2e2ea070,0.0,75.91,24.09,Regular Customer,Regular Marketing,37.96,53.14,24.09,Loyal Stage
cc880daadf0374cbe3853c29e9990685,19.9,76.98,23.02,Regular Customer,Regular Marketing,38.56,53.93,23.02,Loyal Stage
cc97fdfed9c759fea081462e7e48b467,215.9,76.03,23.97,VIP Customer,VIP Loyalty Benefits,38.82,53.7,23.97,Loyal Stage
cc991ac29e72213321924ff28ef8d49d,27.81,77.35,22.65,Regular Customer,Regular Marketing,38.78,54.21,22.65,Loyal Stage
cc9b9e9c64d8dfc0456c0dc3484c1ee6,129.97,76.78,23.22,Regular Customer,Regular Marketing,38.87,54.03,23.22,Loyal Stage
cc9f0f8383fd49b0c13ab95c2b45ced8,74.31,77.16,22.84,Regular Customer,Regular Marketing,38.86,54.18,22.84,Loyal Stage
cca0adec0a3b226a6f181d73f4387aed,59.0,76.72,23.28,Regular Customer,Regular Marketing,38.58,53.84,23.28,Loyal Stage
ccac32f8339c910e2496bab45fdc991e,34.0,77.15,22.85,Regular Customer,Regular Marketing,38.7,54.08,22.85,Loyal Stage
ccaebd1fcd6048e112982f0240d7fd78,110.65,77.37,22.63,Regular Customer,Regular Marketing,39.1,54.41,22.63,Loyal Stage
ccc860f795e67ba401dec9d77341fdb6,119.0,76.61,23.39,Regular Customer,Regular Marketing,38.75,53.89,23.39,Loyal Stage
ccd1e342947650f0c8b3cd9b89a3c8af,77.0,77.32,22.68,Regular Customer,Regular Marketing,38.95,54.3,22.68,Loyal Stage
ccdd5a0e34fcf84f9226feb299844066,25.11,75.38,24.62,Regular Customer,Regular Marketing,37.78,52.82,24.62,Loyal Stage
cce60deaaf8381ca01ea7c3ab36cfbfc,55.0,75.68,24.32,Regular Customer,Regular Marketing,38.04,53.1,24.32,Loyal Stage
ccf51cd9daa74fe6ce7b743801a25d2f,99.9,76.63,23.37,Regular Customer,Regular Marketing,38.69,53.87,23.37,Loyal Stage
cd032f0fac213a1ee1b642ab26005f11,21.1,76.0,24.0,Regular Customer,Regular Marketing,38.08,53.25,24.0,Loyal Stage
cd072dfd9add114eaae663268aaf07eb,139.98,76.48,23.52,VIP Customer,VIP Loyalty Benefits,38.76,53.85,23.52,Loyal Stage
cd13689db46ae3b167ccb071ebbc0e86,149.0,77.33,22.67,VIP Customer,VIP Loyalty Benefits,39.22,54.46,22.67,Loyal Stage
cd22bf5db5fe13a6bcfaf23eaf4bfd7e,15.9,76.72,23.28,Regular Customer,Regular Marketing,38.42,53.74,23.28,Loyal Stage
cd2624b9b75d83efb640f7204232511e,393.6,76.13,23.87,VIP Customer,VIP Loyalty Benefits,39.53,54.17,23.87,Loyal Stage
cd3340b0ac216750381d8ec73a15f4f1,56.1,76.05,23.95,Regular Customer,Regular Marketing,38.23,53.36,23.95,Loyal Stage
cd393db74ff09a241907d76dcc809ff8,25.99,75.95,24.05,Regular Customer,Regular Marketing,38.07,53.22,24.05,Loyal Stage
cd3dc56b23dcbca8cbd532115b6c1915,45.97,77.22,22.78,Regular Customer,Regular Marketing,38.78,54.16,22.78,Loyal Stage
cd3f18c3a2ffdcc20d0f80781aa0eb64,134.99,75.75,24.25,Regular Customer,Regular Marketing,38.38,53.33,24.25,Loyal Stage
cd3fbd4a3cda325fe5aabf4b66cc4998,19.9,77.13,22.87,Regular Customer,Regular Marketing,38.64,54.04,22.87,Loyal Stage
cd40521579e1a188a7fd1cae72b386b7,0.0,77.05,22.95,Regular Customer,Regular Marketing,38.52,53.93,22.95,Loyal Stage
cd4e9fe61b979b8758a910b68e0bc9e6,59.0,76.98,23.02,Regular Customer,Regular Marketing,38.71,54.02,23.02,Loyal Stage
cd528c9cc9a6cd5fa3ec8e1091794270,0.0,75.91,24.09,Regular Customer,Regular Marketing,37.96,53.14,24.09,Loyal Stage
cd532bb7548e2076263ac8e87e8fee4d,19.0,77.18,22.82,Regular Customer,Regular Marketing,38.66,54.07,22.82,Loyal Stage
cd551cd35d670d82eba95de67c89b9aa,129.49,76.47,23.53,Regular Customer,Regular Marketing,38.72,53.82,23.53,Loyal Stage
cd567470cb313f3778da7fb362604d0b,229.0,76.36,23.64,VIP Customer,VIP Loyalty Benefits,39.03,53.96,23.64,Loyal Stage
cd6474598350dc73983a584f9fe3a366,0.0,75.4,24.6,Regular Customer,Regular Marketing,37.7,52.78,24.6,Loyal Stage
cd6a3ef6de776069189d6ea75ed51945,95.5,76.78,23.22,Regular Customer,Regular Marketing,38.75,53.96,23.22,Loyal Stage
cd6c68c5fad15e0a5a5c1150546704e0,0.0,76.64,23.36,Regular Customer,Regular Marketing,38.32,53.65,23.36,Loyal Stage
cd8b5aa70e36da03df140f7a62637588,439.96,76.36,23.64,VIP Customer,VIP Loyalty Benefits,39.82,54.44,23.64,Loyal Stage
cd8e98ddbf3688617091fdeef6f8025a,0.0,76.22,23.78,Regular Customer,Regular Marketing,38.11,53.35,23.78,Loyal Stage
cd915c60db8686f9a3dc35745aa1691c,123.9,76.67,23.33,Regular Customer,Regular Marketing,38.8,53.95,23.33,Loyal Stage
cd9b72ce79772adb2e28bdfc051bb341,39.0,76.69,23.31,Regular Customer,Regular Marketing,38.49,53.77,23.31,Loyal Stage
cda5477430c1c4b19bc0fd8f55b866c0,145.0,76.64,23.36,VIP Customer,VIP Loyalty Benefits,38.86,53.97,23.36,Loyal Stage
cda981f980124adf348c1a016c09fd6b,63.99,75.49,24.51,Regular Customer,Regular Marketing,37.98,52.98,24.51,Loyal Stage
cdb1d0f4e90e381f943374c053a64a63,19.9,75.37,24.63,Regular Customer,Regular Marketing,37.76,52.8,24.63,Loyal Stage
cdb5b114fc4f0bbe77349f73ba0d497e,19.55,76.51,23.49,Regular Customer,Regular Marketing,38.33,53.6,23.49,Loyal Stage
cdb9e623abf5ae6e91af68a4de2fd0fd,35.19,75.76,24.24,Regular Customer,Regular Marketing,38.01,53.11,24.24,Loyal Stage
cdba925154e66b0ba42ca157d5e97688,116.9,76.35,23.65,Regular Customer,Regular Marketing,38.61,53.71,23.65,Loyal Stage
cdbe9e6dda65875d53fa13065d5a4ee9,119.9,76.4,23.6,Regular Customer,Regular Marketing,38.65,53.75,23.6,Loyal Stage
cdc3fc3896af4ecc3c8520ee40dfd19b,69.9,76.69,23.31,Regular Customer,Regular Marketing,38.61,53.84,23.31,Loyal Stage
cdcc1be759b2117952718bb5d14fb274,0.0,76.95,23.05,Regular Customer,Regular Marketing,38.48,53.87,23.05,Loyal Stage
cdcdd214bea2510e96523a6e58cfbe9f,19.9,75.73,24.27,Regular Customer,Regular Marketing,37.94,53.06,24.27,Loyal Stage
cdd0b72a5ca49a715c3636ef66df1989,0.0,76.17,23.83,Regular Customer,Regular Marketing,38.08,53.32,23.83,Loyal Stage
cdd4ded15e1763910848b59158ee75f0,0.0,75.6,24.4,Regular Customer,Regular Marketing,37.8,52.92,24.4,Loyal Stage
cdd4e05e1a4f6713e1ae3805b30d7df2,0.0,76.43,23.57,Regular Customer,Regular Marketing,38.22,53.5,23.57,Loyal Stage
cdd8979215540089e7b4c6e4d60dce81,0.0,75.96,24.04,Regular Customer,Regular Marketing,37.98,53.17,24.04,Loyal Stage
cdd96e637805b09f0e2137675298a35b,120.0,76.92,23.08,Regular Customer,Regular Marketing,38.91,54.11,23.08,Loyal Stage
cde21009d0c20492ba91c194adc13101,48.9,75.62,24.38,Regular Customer,Regular Marketing,37.99,53.04,24.38,Loyal Stage
cde37fe3a24ad875f5ff1482fd80a43e,144.34,75.93,24.07,VIP Customer,VIP Loyalty Benefits,38.5,53.47,24.07,Loyal Stage
cde6577300fbd06655ff162902f15b2a,113.0,76.91,23.09,Regular Customer,Regular Marketing,38.88,54.09,23.09,Loyal Stage
cdf5e0f0be96859e704094abff7ed5b2,179.9,76.6,23.4,VIP Customer,VIP Loyalty Benefits,38.97,54.02,23.4,Loyal Stage
ce0c46039a9592b6ee052bace25756e0,105.0,76.28,23.72,Regular Customer,Regular Marketing,38.53,53.63,23.72,Loyal Stage
ce274c03a24e29be7c97f06755757770,160.0,77.29,22.71,VIP Customer,VIP Loyalty Benefits,39.24,54.46,22.71,Loyal Stage
ce28a3a5732502e9e5d377f54cf9ddb8,22.0,75.58,24.42,Regular Customer,Regular Marketing,37.87,52.95,24.42,Loyal Stage
ce2edf6f5fc654e01e3d1a72ef1614d8,0.0,76.95,23.05,Regular Customer,Regular Marketing,38.48,53.87,23.05,Loyal Stage
ce3476f1d88f3e8985329f6115981c1d,0.0,76.64,23.36,Regular Customer,Regular Marketing,38.32,53.65,23.36,Loyal Stage
ce3548e3605bceada1732880742e9478,0.0,75.96,24.04,Regular Customer,Regular Marketing,37.98,53.17,24.04,Loyal Stage
ce3fe361f9e68bf0a813baaae1334d01,3099.0,81.3,18.7,VIP Customer,VIP Loyalty Benefits,52.18,63.83,18.7,Loyal Stage
ce44949f516f2da1050e29618cee082b,0.0,76.17,23.83,Regular Customer,Regular Marketing,38.08,53.32,23.83,Loyal Stage
ce5fb61e49ed31d6f92a1b96556280a0,110.0,77.11,22.89,Regular Customer,Regular Marketing,38.96,54.22,22.89,Loyal Stage
ce6160651998b40db0a0f3b9d69f7f3d,584.74,76.7,23.3,VIP Customer,VIP Loyalty Benefits,40.53,55.0,23.3,Loyal Stage
ce6a0a1a899e0c305972a0bf7b97521a,319.0,76.19,23.81,VIP Customer,VIP Loyalty Benefits,39.28,54.04,23.81,Loyal Stage
ce6aca5150b3d22e087598a7994e4897,105.0,76.22,23.78,Regular Customer,Regular Marketing,38.5,53.59,23.78,Loyal Stage
ce70947f651d0183a3fb1a6c37a5affd,199.0,76.83,23.17,VIP Customer,VIP Loyalty Benefits,39.16,54.23,23.17,Loyal Stage
ce8048c51925c50028a62a477fb47674,0.0,77.1,22.9,Regular Customer,Regular Marketing,38.55,53.97,22.9,Loyal Stage
ce900bc17b3e45ec05956db418d86207,0.0,76.22,23.78,Regular Customer,Regular Marketing,38.11,53.35,23.78,Loyal Stage
ceb66cc17afe15e697db5f8ba47c7182,0.0,76.28,23.72,Regular Customer,Regular Marketing,38.14,53.4,23.72,Loyal Stage
cec0f7c6c7365805b89f59923ba96ba8,139.99,75.71,24.29,VIP Customer,VIP Loyalty Benefits,38.38,53.31,24.29,Loyal Stage
ceceb4e479243f25ea8cfa6578e89bb2,159.9,76.05,23.95,VIP Customer,VIP Loyalty Benefits,38.62,53.59,23.95,Loyal Stage
ced05597ec7e942e23b8f474802c218d,85.9,77.28,22.72,Regular Customer,Regular Marketing,38.96,54.29,22.72,Loyal Stage
ced1416fc6e0276033a69ead27de0ccc,0.0,76.02,23.98,Regular Customer,Regular Marketing,38.01,53.21,23.98,Loyal Stage
cef42836ff25476d55c9a3e58f8da99d,98.0,76.11,23.89,Regular Customer,Regular Marketing,38.42,53.5,23.89,Loyal Stage
cefb480308505cfcf40d354a5a77e7e0,59.9,75.79,24.21,Regular Customer,Regular Marketing,38.12,53.19,24.21,Loyal Stage
cf04b32fa926adf3bc89780064905373,0.0,77.1,22.9,Regular Customer,Regular Marketing,38.55,53.97,22.9,Loyal Stage
cf20c5266fa8c3730147da060ac33b54,49.9,76.71,23.29,Regular Customer,Regular Marketing,38.54,53.81,23.29,Loyal Stage
cf50302e77f7141c5923c3bc84ceffaf,83.0,76.24,23.76,Regular Customer,Regular Marketing,38.43,53.55,23.76,Loyal Stage
cf56ccfd32ac8a510501a6fa69972c74,137.5,76.85,23.15,Regular Customer,Regular Marketing,38.94,54.1,23.15,Loyal Stage
cf5a0cca7586a6ac2bd76b33a0cc76ff,220.0,76.55,23.45,VIP Customer,VIP Loyalty Benefits,39.09,54.07,23.45,Loyal Stage
cf666e916164a201d9741c42e8437364,29.99,76.73,23.27,Regular Customer,Regular Marketing,38.48,53.78,23.27,Loyal Stage
cf6b98f603de1d8450dc0096e30eeecc,119.0,76.14,23.86,Regular Customer,Regular Marketing,38.51,53.56,23.86,Loyal Stage
cf6d4152d758efc43910e0141ae5b912,350.0,77.57,22.43,VIP Customer,VIP Loyalty Benefits,40.09,55.08,22.43,Loyal Stage
cf795c78f7d812fbaaa16629fc7e35ee,96.8,75.74,24.26,Regular Customer,Regular Marketing,38.23,53.23,24.26,Loyal Stage
cf7d702830a3cf5bfaffc9979fbf5ec1,0.0,76.43,23.57,Regular Customer,Regular Marketing,38.22,53.5,23.57,Loyal Stage
cf88cd7b77756165a4f6841a4bdc152c,110.32,76.44,23.56,Regular Customer,Regular Marketing,38.63,53.75,23.56,Loyal Stage
cf9e80827ab4c21f3ec735ef8b3ca263,0.0,77.0,23.0,Regular Customer,Regular Marketing,38.5,53.9,23.0,Loyal Stage
cfa1bef479ad90b38147e9d0f0cda56f,109.99,77.11,22.89,Regular Customer,Regular Marketing,38.96,54.22,22.89,Loyal Stage
cfa5a154f34e9483023bc6b85ac534aa,24.9,76.78,23.22,Regular Customer,Regular Marketing,38.48,53.8,23.22,Loyal Stage
cfc43aa5cae41c853b28acea3fd04237,319.99,76.02,23.98,VIP Customer,VIP Loyalty Benefits,39.2,53.93,23.98,Loyal Stage
cfe627e21a0f80c4cc6a4682b6ad84a7,58.0,75.53,24.47,Regular Customer,Regular Marketing,37.98,53.0,24.47,Loyal Stage
cfeb0902adeae93647ede529e5b1d9e9,0.0,76.38,23.62,Regular Customer,Regular Marketing,38.19,53.47,23.62,Loyal Stage
cfec46a3ac31fb47bccebadd5051ede4,48.9,75.98,24.02,Regular Customer,Regular Marketing,38.17,53.29,24.02,Loyal Stage
cfef5d9c94eda3154a09d2a0d2e3e214,75.0,75.76,24.24,Regular Customer,Regular Marketing,38.16,53.2,24.24,Loyal Stage
cffbb6f330f2453bfd474b8a95374fc7,34.9,76.12,23.88,Regular Customer,Regular Marketing,38.19,53.36,23.88,Loyal Stage
cffca7ea4a5515acdeedabab22be8d38,0.0,77.15,22.85,Regular Customer,Regular Marketing,38.58,54.01,22.85,Loyal Stage
cffd74b757f4aa3fcd49b7932446f26e,0.0,76.69,23.31,Regular Customer,Regular Marketing,38.34,53.68,23.31,Loyal Stage
d0056bd9d4087f8278028e3251a6b2e9,78.0,76.91,23.09,Regular Customer,Regular Marketing,38.75,54.01,23.09,Loyal Stage
d00ba4e03045ecb66917ad9eb1b76bb5,27.9,76.01,23.99,Regular Customer,Regular Marketing,38.11,53.27,23.99,Loyal Stage
d00be6b69482e9b2599bc53807a03567,19.49,76.05,23.95,Regular Customer,Regular Marketing,38.1,53.28,23.95,Loyal Stage
d01e20bfb741f8a5a4c2c8582617c580,25.32,76.26,23.74,Regular Customer,Regular Marketing,38.22,53.44,23.74,Loyal Stage
d022bfa0609143421208636914d0e4d4,33.99,76.33,23.67,Regular Customer,Regular Marketing,38.29,53.51,23.67,Loyal Stage
d025012962ca2ba8ca4246a5a60003b1,99.0,76.16,23.84,Regular Customer,Regular Marketing,38.45,53.53,23.84,Loyal Stage
d034b95cce3e920a2b8157c196e92505,32.99,76.27,23.73,Regular Customer,Regular Marketing,38.26,53.46,23.73,Loyal Stage
d042146c4da00e3add955504c7740785,24.9,75.54,24.46,Regular Customer,Regular Marketing,37.86,52.93,24.46,Loyal Stage
d045474c49ee391af15c76d2d9d78d59,89.0,75.73,24.27,Regular Customer,Regular Marketing,38.2,53.21,24.27,Loyal Stage
d04921557f1cde4963c30a11dfb1719d,0.0,77.15,22.85,Regular Customer,Regular Marketing,38.58,54.01,22.85,Loyal Stage
d05303e302c4c8da519ee898a3d7d0dd,119.0,76.81,23.19,Regular Customer,Regular Marketing,38.85,54.03,23.19,Loyal Stage
d065d4fc3da2b2057b305622b849bff1,134.9,76.37,23.63,Regular Customer,Regular Marketing,38.69,53.76,23.63,Loyal Stage
d07326d62abf76e05173deb21e7ffd2d,99.1,75.29,24.71,Regular Customer,Regular Marketing,38.01,52.92,24.71,Loyal Stage
d07556020597ac72fd704ff047eb4e8a,45.97,76.29,23.71,Regular Customer,Regular Marketing,38.32,53.51,23.71,Loyal Stage
d07df41d8d75e3d65124efb445ba7eb6,127.26,75.69,24.31,Regular Customer,Regular Marketing,38.32,53.27,24.31,Loyal Stage
d087db898f024ed73b46d7e81bde6155,0.0,76.38,23.62,Regular Customer,Regular Marketing,38.19,53.47,23.62,Loyal Stage
d08c29302907086e8fe823369542f3ae,0.0,77.1,22.9,Regular Customer,Regular Marketing,38.55,53.97,22.9,Loyal Stage
d0981e9886ae133471b24e1e0b4a5d96,29.15,77.25,22.75,Regular Customer,Regular Marketing,38.73,54.14,22.75,Loyal Stage
d0b5b4d23c6d9a316527adec08991173,49.9,76.76,23.24,Regular Customer,Regular Marketing,38.57,53.85,23.24,Loyal Stage
d0b614ed8a43dca2f98a7c093723809d,0.0,77.0,23.0,Regular Customer,Regular Marketing,38.5,53.9,23.0,Loyal Stage
d0bd3c33ffe8ebc807b6e0c06b945bb3,0.0,76.12,23.88,Regular Customer,Regular Marketing,38.06,53.28,23.88,Loyal Stage
d0bf6e4114ad3f1664ca34b062d81516,30.0,76.52,23.48,Regular Customer,Regular Marketing,38.37,53.63,23.48,Loyal Stage
d0ca0850700932098a90d5f7c87ededb,77.9,75.62,24.38,Regular Customer,Regular Marketing,38.1,53.11,24.38,Loyal Stage
d0d2121af4a8105396375642202bec4a,66.99,77.0,23.0,Regular Customer,Regular Marketing,38.75,54.05,23.0,Loyal Stage
d0d4c1d3dfb98ee43fda6a93e53e5709,67.15,75.65,24.35,Regular Customer,Regular Marketing,38.07,53.1,24.35,Loyal Stage
d0dd830df439de8fd6aad408b3e73a76,29.9,76.68,23.32,Regular Customer,Regular Marketing,38.45,53.74,23.32,Loyal Stage
d0e3996aca347d5ec36e042f5b609731,74.99,76.8,23.2,Regular Customer,Regular Marketing,38.68,53.93,23.2,Loyal Stage
d0eb866981b1febdc9c07eef4be63c66,58.0,77.09,22.91,Regular Customer,Regular Marketing,38.76,54.09,22.91,Loyal Stage
d0ebec9a57de286119b6fa15a427e96a,129.9,75.59,24.41,Regular Customer,Regular Marketing,38.28,53.2,24.41,Loyal Stage
d0f146964d5dda4a7f837b5d8198d4ad,220.0,75.88,24.12,VIP Customer,VIP Loyalty Benefits,38.76,53.61,24.12,Loyal Stage
d0f98092bdbca461010d969a7df8966c,105.0,76.07,23.93,Regular Customer,Regular Marketing,38.43,53.49,23.93,Loyal Stage
d1074e8f542a2d2679a819486bf21e59,169.0,76.84,23.16,VIP Customer,VIP Loyalty Benefits,39.05,54.17,23.16,Loyal Stage
d10752eaa3429c304dcd9b609396af74,135.0,76.63,23.37,Regular Customer,Regular Marketing,38.82,53.94,23.37,Loyal Stage
d10c8bcb70ed8f8b0adebd5feb385167,74.0,76.07,23.93,Regular Customer,Regular Marketing,38.31,53.41,23.93,Loyal Stage
d1130693a5417b8a14fd9d9fdce24948,0.0,76.33,23.67,Regular Customer,Regular Marketing,38.16,53.43,23.67,Loyal Stage
d132b863416f85f2abb1a988ca05dd12,228.99,75.39,24.61,VIP Customer,VIP Loyalty Benefits,38.55,53.29,24.61,Loyal Stage
d140ef5a9c1c22379452dc8341e4ce8f,0.0,76.43,23.57,Regular Customer,Regular Marketing,38.22,53.5,23.57,Loyal Stage
d1672ce3512e33e2d3f0d7d8b99a090d,42.9,76.29,23.71,Regular Customer,Regular Marketing,38.3,53.5,23.71,Loyal Stage
d1726b95ae82257fe0e7321949645321,150.0,75.82,24.18,VIP Customer,VIP Loyalty Benefits,38.47,53.41,24.18,Loyal Stage
d172bab2b3cfd4d5878f7bcf38dabf14,82.0,76.76,23.24,Regular Customer,Regular Marketing,38.69,53.92,23.24,Loyal Stage
d176ac39b9805bb7fb8332a47aac0993,119.9,76.14,23.86,Regular Customer,Regular Marketing,38.52,53.57,23.86,Loyal Stage
d18bffb883d8a0dfaa36528f0e2e5168,23.88,77.19,22.81,Regular Customer,Regular Marketing,38.68,54.08,22.81,Loyal Stage
d192b9a3ec2d5a977bc5d52281ae0b58,44.0,76.29,23.71,Regular Customer,Regular Marketing,38.31,53.5,23.71,Loyal Stage
d1958f7c544c374faaf63e6b6ae98b2a,39.99,75.92,24.08,Regular Customer,Regular Marketing,38.11,53.23,24.08,Loyal Stage
d1990780329d15c7997f6f1a55c49c1f,48.9,76.35,23.65,Regular Customer,Regular Marketing,38.36,53.56,23.65,Loyal Stage
d19a7ae8f7906b5e2d81522802cdad62,53.9,76.04,23.96,Regular Customer,Regular Marketing,38.22,53.35,23.96,Loyal Stage
d19cdec7c13ebd5deb8fc4cb81c508e4,69.9,75.76,24.24,Regular Customer,Regular Marketing,38.14,53.19,24.24,Loyal Stage
d1a64294000082843a91270d5a5d571a,73.5,76.39,23.61,Regular Customer,Regular Marketing,38.47,53.64,23.61,Loyal Stage
d1ab24ff7d73637cd27b282b4ac5ace5,82.88,76.4,23.6,Regular Customer,Regular Marketing,38.51,53.67,23.6,Loyal Stage
d1ac3aa60c15345204ee1bbd16e4850f,119.9,76.19,23.81,Regular Customer,Regular Marketing,38.54,53.6,23.81,Loyal Stage
d1ad0a5f79589af17562cdfea4b4d8c7,112.01,76.85,23.15,Regular Customer,Regular Marketing,38.84,54.04,23.15,Loyal Stage
d1ad3a8317c14afb90799ae8740b99fa,0.0,77.31,22.69,Regular Customer,Regular Marketing,38.66,54.12,22.69,Loyal Stage
d1b27640e05219948de92248baae076b,251.98,76.13,23.87,VIP Customer,VIP Loyalty Benefits,39.0,53.85,23.87,Loyal Stage
d1b4a44a8df8bc95236f14ce71d746ca,48.0,76.76,23.24,Regular Customer,Regular Marketing,38.56,53.84,23.24,Loyal Stage
d1baafbe29a07840ecd0fdd648965d9b,44.99,77.22,22.78,Regular Customer,Regular Marketing,38.78,54.16,22.78,Loyal Stage
d1c5eea494605e0a22264da07b0e8b72,269.9,77.25,22.75,VIP Customer,VIP Loyalty Benefits,39.63,54.68,22.75,Loyal Stage
d1c73ffbc43e326738aec07c5dacb8d9,399.9,76.25,23.75,VIP Customer,VIP Loyalty Benefits,39.61,54.27,23.75,Loyal Stage
d1d15f243813ad29040f59b84b4e2cf0,0.0,75.91,24.09,Regular Customer,Regular Marketing,37.96,53.14,24.09,Loyal Stage
d1d7e6b79353be5ab1782614fe7137aa,74.99,76.59,23.41,Regular Customer,Regular Marketing,38.57,53.78,23.41,Loyal Stage
d1e10a7facbd99410d5d1fdf9ceaf3bd,39.9,77.11,22.89,Regular Customer,Regular Marketing,38.7,54.06,22.89,Loyal Stage
d1e4258972639ad1aeb4f5391e2fe666,0.0,76.64,23.36,Regular Customer,Regular Marketing,38.32,53.65,23.36,Loyal Stage
d1f09b660a1fc386bf9a543c2a50f196,16.9,77.08,22.92,Regular Customer,Regular Marketing,38.6,53.99,22.92,Loyal Stage
d1f6f0484c7664289b4690d597ef4333,134.0,75.75,24.25,Regular Customer,Regular Marketing,38.37,53.32,24.25,Loyal Stage
d208261a7db8e3138ecf2f81ab3faad4,230.0,76.57,23.43,VIP Customer,VIP Loyalty Benefits,39.14,54.11,23.43,Loyal Stage
d20af6b0ad09b59c805eb438e3e42e8a,527.9,76.85,23.15,VIP Customer,VIP Loyalty Benefits,40.39,54.97,23.15,Loyal Stage
d2212e9666e230754f64c958348e5d1d,128.8,75.59,24.41,Regular Customer,Regular Marketing,38.27,53.2,24.41,Loyal Stage
d2232dd6afa391c9e68342b23e78684c,47.57,75.41,24.59,Regular Customer,Regular Marketing,37.88,52.89,24.59,Loyal Stage
d22fa88d87b7b3e2efeb587ea5c9a742,125.0,76.98,23.02,Regular Customer,Regular Marketing,38.96,54.17,23.02,Loyal Stage
d2308b8cb44552f9245efd95f4e73092,0.0,75.4,24.6,Regular Customer,Regular Marketing,37.7,52.78,24.6,Loyal Stage
d236006dffb32725e28fde955d09fbc5,123.88,75.73,24.27,Regular Customer,Regular Marketing,38.33,53.29,24.27,Loyal Stage
d23774a753c9624d7411ddcaa24e2cf2,0.0,76.79,23.21,Regular Customer,Regular Marketing,38.4,53.76,23.21,Loyal Stage
d2404eb23be43aaaa53e6674e93593c3,49.99,76.45,23.55,Regular Customer,Regular Marketing,38.41,53.63,23.55,Loyal Stage
d25234adc3edd7ba1abb8b8a6a148009,0.0,75.45,24.55,Regular Customer,Regular Marketing,37.72,52.81,24.55,Loyal Stage
d25a4f55f2b7e56eb1940e79dec6cf4c,139.0,76.12,23.88,VIP Customer,VIP Loyalty Benefits,38.58,53.6,23.88,Loyal Stage
d25b8fd1599b432fb421763b7d1dbb4a,11.87,76.03,23.97,Regular Customer,Regular Marketing,38.06,53.25,23.97,Loyal Stage
d25e390b3920f2d6c8a0739b96ff4afe,59.99,77.14,22.86,Regular Customer,Regular Marketing,38.79,54.13,22.86,Loyal Stage
d277262db2d93e68b42e9c1caf88e830,86.99,77.13,22.87,Regular Customer,Regular Marketing,38.89,54.19,22.87,Loyal Stage
d27a8871c9a0d54b650c3e8e40941af2,45.9,76.14,23.86,Regular Customer,Regular Marketing,38.24,53.4,23.86,Loyal Stage
d28df41fa2c5c6b98b3d9c12985e883e,79.9,75.77,24.23,Regular Customer,Regular Marketing,38.18,53.22,24.23,Loyal Stage
d28f1911eb7512d55b432187bb397973,0.0,76.79,23.21,Regular Customer,Regular Marketing,38.4,53.76,23.21,Loyal Stage
d2a152f163ce22a719a37862e8df2a46,269.97,76.06,23.94,VIP Customer,VIP Loyalty Benefits,39.03,53.84,23.94,Loyal Stage
d2a79d13eaf31a901f23f1ba01b3d387,96.0,77.29,22.71,Regular Customer,Regular Marketing,39.0,54.32,22.71,Loyal Stage
d2a99116b467ff71d74438a6f3827c94,105.0,75.7,24.3,Regular Customer,Regular Marketing,38.24,53.22,24.3,Loyal Stage
d2aead2a3d7876bbfd47553047e9d1fa,149.0,75.72,24.28,VIP Customer,VIP Loyalty Benefits,38.41,53.33,24.28,Loyal Stage
d2b8093124d691f87d880c7c476a8fcb,89.9,76.15,23.85,Regular Customer,Regular Marketing,38.41,53.51,23.85,Loyal Stage
d2bc8f164525589501a5e62a257568f5,94.9,77.04,22.96,Regular Customer,Regular Marketing,38.87,54.14,22.96,Loyal Stage
d2bd12a331e7ab60f74ea8bc4dea020b,88.89,77.34,22.66,Regular Customer,Regular Marketing,39.0,54.34,22.66,Loyal Stage
d2c6c89bd52a9b70417f90313b1ce4a3,105.0,76.38,23.62,Regular Customer,Regular Marketing,38.58,53.7,23.62,Loyal Stage
d2e16e4d7a513074d2c61e112fa3579b,178.0,76.9,23.1,VIP Customer,VIP Loyalty Benefits,39.11,54.23,23.1,Loyal Stage
d2f0b9e0fbf779c60ff56f493ca47cf1,619.99,77.1,22.9,VIP Customer,VIP Loyalty Benefits,40.86,55.36,22.9,Loyal Stage
d2f267e7a4055521415a271348a6a2f0,109.0,76.18,23.82,Regular Customer,Regular Marketing,38.5,53.57,23.82,Loyal Stage
d32f60c918b1433e64d5981961571163,116.9,76.19,23.81,Regular Customer,Regular Marketing,38.53,53.59,23.81,Loyal Stage
d33979cbff02d251c453e1b7daf00d84,1240.0,77.55,22.45,VIP Customer,VIP Loyalty Benefits,43.39,57.05,22.45,Loyal Stage
d3409ea9c3d5c452fdb21ccd23aaba7a,364.0,77.13,22.87,VIP Customer,VIP Loyalty Benefits,39.92,54.8,22.87,Loyal Stage
d341b26e5d0d7a324c86102bbc892360,99.9,75.9,24.1,Regular Customer,Regular Marketing,38.32,53.35,24.1,Loyal Stage
d34b50db07b008ab98c58585e1a29926,15.9,75.32,24.68,Regular Customer,Regular Marketing,37.72,52.76,24.68,Loyal Stage
d3504143c68ade90385518dd26d7ac05,59.95,76.37,23.63,Regular Customer,Regular Marketing,38.41,53.59,23.63,Loyal Stage
d367e463a7332e0b77058a729baa80f9,0.0,76.28,23.72,Regular Customer,Regular Marketing,38.14,53.4,23.72,Loyal Stage
d3729a20d98aab032427c9d19d7cb7b9,1460.99,78.5,21.5,VIP Customer,VIP Loyalty Benefits,44.69,58.21,21.5,Loyal Stage
d37cfdb725ce904cface650ae8b24c9d,0.0,75.45,24.55,Regular Customer,Regular Marketing,37.72,52.81,24.55,Loyal Stage
d37f9c9eaf7207e8125254606cf94e7d,26.19,75.59,24.41,Regular Customer,Regular Marketing,37.89,52.97,24.41,Loyal Stage
d3825147a5671fc987925a4da1b15ead,27.9,76.16,23.84,Regular Customer,Regular Marketing,38.18,53.37,23.84,Loyal Stage
d389a37c4198abbfd260d033e85c6697,0.0,75.55,24.45,Regular Customer,Regular Marketing,37.78,52.89,24.45,Loyal Stage
d39269ea9bc36fd9f8e24950c35d0d1d,17.0,76.92,23.08,Regular Customer,Regular Marketing,38.52,53.88,23.08,Loyal Stage
d395b5c9bd6e808680ac6dc64d6bfbad,32.0,76.38,23.62,Regular Customer,Regular Marketing,38.31,53.54,23.62,Loyal Stage
d3976879e2fea1d376aec5fcf62b07a6,16.99,76.66,23.34,Regular Customer,Regular Marketing,38.39,53.7,23.34,Loyal Stage
d39d81d41f16158fbae19444979c93aa,154.9,75.78,24.22,VIP Customer,VIP Loyalty Benefits,38.47,53.39,24.22,Loyal Stage
d3a743143bb9abf43021a3cfd30ad8b8,33.0,77.05,22.95,Regular Customer,Regular Marketing,38.65,54.01,22.95,Loyal Stage
d3ab6a0f035b6b09b9862540148ba972,105.0,76.64,23.36,Regular Customer,Regular Marketing,38.71,53.88,23.36,Loyal Stage
d3b321a036642286247452ffcdd09880,199.0,76.0,24.0,VIP Customer,VIP Loyalty Benefits,38.74,53.64,24.0,Loyal Stage
d3bc2a31ade3c1705f9f432ac3034d61,0.0,76.79,23.21,Regular Customer,Regular Marketing,38.4,53.76,23.21,Loyal Stage
d3caf5d529e2e6b541e9f9d585c48413,85.0,76.76,23.24,Regular Customer,Regular Marketing,38.7,53.92,23.24,Loyal Stage
d3cd39310c2e0c80bc7ec4127f8b6465,27.18,76.37,23.63,Regular Customer,Regular Marketing,38.29,53.52,23.63,Loyal Stage
d3d445d7a56e9208d3924d55cfc5da3b,89.9,76.2,23.8,Regular Customer,Regular Marketing,38.43,53.54,23.8,Loyal Stage
d3d6ab87a6237ddb00f6184ac56a846b,36.49,76.48,23.52,Regular Customer,Regular Marketing,38.38,53.62,23.52,Loyal Stage
d3d827f92fa636fae175a377cc29bb98,39.99,77.06,22.94,Regular Customer,Regular Marketing,38.68,54.03,22.94,Loyal Stage
d3f0404608813dc65f18238a66419df1,28.99,76.22,23.78,Regular Customer,Regular Marketing,38.22,53.42,23.78,Loyal Stage
d403b08458e8dacf5049334ed0222826,115.99,76.7,23.3,Regular Customer,Regular Marketing,38.78,53.95,23.3,Loyal Stage
d41cd5f7ae1bc17b8c5e6cd572122f8f,187.0,77.17,22.83,VIP Customer,VIP Loyalty Benefits,39.28,54.44,22.83,Loyal Stage
d41e13cab53cadff05f4d4138a196cb9,0.0,76.28,23.72,Regular Customer,Regular Marketing,38.14,53.4,23.72,Loyal Stage
d4228f8d76fab52750ae80a65351e5b8,0.0,76.48,23.52,Regular Customer,Regular Marketing,38.24,53.54,23.52,Loyal Stage
d425c9eb7081fa17e877704d5bdb34b5,44.9,75.87,24.13,Regular Customer,Regular Marketing,38.1,53.21,24.13,Loyal Stage
d4313acbf413b80f11d895d8416dbc27,69.9,75.96,24.04,Regular Customer,Regular Marketing,38.24,53.33,24.04,Loyal Stage
d431fad7c2f75a3ddea76fa5bc88f224,209.0,76.64,23.36,VIP Customer,VIP Loyalty Benefits,39.1,54.12,23.36,Loyal Stage
d43c5411a65494d5d84edb8ff3ff0ecc,158.0,76.77,23.23,VIP Customer,VIP Loyalty Benefits,38.97,54.09,23.23,Loyal Stage
d44c64edb94501e10f0fdca21c26fb64,225.0,77.23,22.77,VIP Customer,VIP Loyalty Benefits,39.45,54.56,22.77,Loyal Stage
d44f553a3663a6323c901cf1f0a47c87,179.9,77.58,22.42,VIP Customer,VIP Loyalty Benefits,39.46,54.71,22.42,Loyal Stage
d459c8dd9847c3a7cff9d3ff8724c25a,108.9,77.42,22.58,Regular Customer,Regular Marketing,39.12,54.44,22.58,Loyal Stage
d468fd7bf39ffb037723a24846a8d437,33.78,76.63,23.37,Regular Customer,Regular Marketing,38.44,53.72,23.37,Loyal Stage
d471f45cd01a0f1851a8a2d3722d1ae6,77.99,76.7,23.3,Regular Customer,Regular Marketing,38.64,53.86,23.3,Loyal Stage
d4759903941cecc9323f75fca90190c6,98.9,76.73,23.27,Regular Customer,Regular Marketing,38.73,53.93,23.27,Loyal Stage
d4a1d48d6622425b6f5f29172d229e5c,69.0,76.53,23.47,Regular Customer,Regular Marketing,38.52,53.72,23.47,Loyal Stage
d4a6c37fe581656fa52915b6f86e065a,0.0,76.84,23.16,Regular Customer,Regular Marketing,38.42,53.79,23.16,Loyal Stage
d4ac357147c0576914c5d6eaff3fa89e,59.9,76.99,23.01,Regular Customer,Regular Marketing,38.72,54.03,23.01,Loyal Stage
d4b0f4506f8169b7e7dafbf815ae7371,220.0,76.7,23.3,VIP Customer,VIP Loyalty Benefits,39.17,54.18,23.3,Loyal Stage
d4b356ab08407f5d51f04f13071b43cd,228.8,75.68,24.32,VIP Customer,VIP Loyalty Benefits,38.69,53.49,24.32,Loyal Stage
d4e2984ce3505d7a7c1baec50d43c154,201.9,76.37,23.63,VIP Customer,VIP Loyalty Benefits,38.94,53.91,23.63,Loyal Stage
d4ee7b24630e3e11b2b8b219a77c0501,0.0,75.65,24.35,Regular Customer,Regular Marketing,37.83,52.96,24.35,Loyal Stage
d4f1b8b37af3041bbee29d0404ea91d2,51.45,75.94,24.06,Regular Customer,Regular Marketing,38.16,53.27,24.06,Loyal Stage
d4f4e1a338c7abd6b74e631887442994,0.0,75.81,24.19,Regular Customer,Regular Marketing,37.9,53.06,24.19,Loyal Stage
d4f868007a3b4346010963929848fa8a,89.0,75.73,24.27,Regular Customer,Regular Marketing,38.2,53.21,24.27,Loyal Stage
d4ffd990b93f05a14980d1c84c6acdd1,0.0,76.9,23.1,Regular Customer,Regular Marketing,38.45,53.83,23.1,Loyal Stage
d50c10b739ca1b20e38519852508ad9b,0.0,76.43,23.57,Regular Customer,Regular Marketing,38.22,53.5,23.57,Loyal Stage
d5138d28e05dbe040a46a0f384a3b315,42.99,76.96,23.04,Regular Customer,Regular Marketing,38.64,53.97,23.04,Loyal Stage
d5247fb0d8e7aa1ecdd9267757c329d5,120.0,76.87,23.13,Regular Customer,Regular Marketing,38.88,54.08,23.13,Loyal Stage
d525e2823080c501034ed19a78d30b64,39.9,76.59,23.41,Regular Customer,Regular Marketing,38.44,53.7,23.41,Loyal Stage
d526a3f383aa9c70d2a70fe41e1872d5,0.0,76.07,23.93,Regular Customer,Regular Marketing,38.03,53.25,23.93,Loyal Stage
d526c2df957cc6b177070216427c299d,34.75,76.43,23.57,Regular Customer,Regular Marketing,38.34,53.58,23.57,Loyal Stage
d5365c0186904b03d44ed1fd3750cb96,28.9,77.1,22.9,Regular Customer,Regular Marketing,38.66,54.04,22.9,Loyal Stage
d5380b9d27712e28cc9006954ce55fa2,0.0,75.45,24.55,Regular Customer,Regular Marketing,37.72,52.81,24.55,Loyal Stage
d53f0b47a239a061ea4d3b304c918559,115.9,76.81,23.19,Regular Customer,Regular Marketing,38.84,54.03,23.19,Loyal Stage
d5410fd87206226c7868c4d2aec72299,97.2,75.9,24.1,Regular Customer,Regular Marketing,38.31,53.35,24.1,Loyal Stage
d54fd2964149aef739006faeaddb12ad,129.99,75.74,24.26,Regular Customer,Regular Marketing,38.35,53.31,24.26,Loyal Stage
d5509bc550571bfd54fd8498f6d319d5,29.9,76.22,23.78,Regular Customer,Regular Marketing,38.22,53.42,23.78,Loyal Stage
d5689505169c5b503aad7653145fbe2d,17.99,76.3,23.7,Regular Customer,Regular Marketing,38.22,53.45,23.7,Loyal Stage
d57a130d13d1934ce3fbf0c2f2bd62db,11.87,76.14,23.86,Regular Customer,Regular Marketing,38.11,53.32,23.86,Loyal Stage
d57aa7c889167a4a1f47b28bed31c3ce,590.0,76.74,23.26,VIP Customer,VIP Loyalty Benefits,40.56,55.03,23.26,Loyal Stage
d59242c4945ee516c0b2a9217c257edb,899.0,78.18,21.82,VIP Customer,VIP Loyalty Benefits,42.43,56.73,21.82,Loyal Stage
d599a7e610bea611bef41f645fafca0a,14.49,77.02,22.98,Regular Customer,Regular Marketing,38.56,53.94,22.98,Loyal Stage
d599aa7fb30fce169e12761230b0d1ea,18.99,75.63,24.37,Regular Customer,Regular Marketing,37.89,52.99,24.37,Loyal Stage
d5a41b2df23f0262b667fc710a05a8ab,104.9,75.82,24.18,Regular Customer,Regular Marketing,38.3,53.31,24.18,Loyal Stage
d5b838b5c341f1957cea18610d054ac6,99.0,75.29,24.71,Regular Customer,Regular Marketing,38.01,52.92,24.71,Loyal Stage
d5b925479d2fd6b3a38bde7196ecbd02,105.0,76.95,23.05,Regular Customer,Regular Marketing,38.87,54.1,23.05,Loyal Stage
d5bff440c419b3f8698376a46aa0fd66,129.49,75.54,24.46,Regular Customer,Regular Marketing,38.25,53.17,24.46,Loyal Stage
d5c6c92d26c8e49f69523dcca585bccf,110.32,76.64,23.36,Regular Customer,Regular Marketing,38.73,53.89,23.36,Loyal Stage
d5c7ae65867cecb7df9ab0a3cd145e15,54.9,76.1,23.9,Regular Customer,Regular Marketing,38.25,53.39,23.9,Loyal Stage
d5d6f472839ac7cb7e30ea595fcb6bfe,89.0,77.24,22.76,Regular Customer,Regular Marketing,38.95,54.27,22.76,Loyal Stage
d5f31c1c96b0bb8b7327b7990bb5464a,142.14,76.23,23.77,VIP Customer,VIP Loyalty Benefits,38.64,53.68,23.77,Loyal Stage
d5fbb912f2bef2cac1cc87d3edb4ae89,110.32,75.92,24.08,Regular Customer,Regular Marketing,38.37,53.39,24.08,Loyal Stage
d6136a4931a2bfbdeb920e6adda167bd,215.0,75.66,24.34,VIP Customer,VIP Loyalty Benefits,38.63,53.44,24.34,Loyal Stage
d613bf235c99f349f7390299dc8eadf3,159.9,76.61,23.39,VIP Customer,VIP Loyalty Benefits,38.9,53.98,23.39,Loyal Stage
d615ca1cb339c6057694fdf770b50c55,106.99,76.38,23.62,Regular Customer,Regular Marketing,38.59,53.71,23.62,Loyal Stage
d61c3e05bfa0ca24295fa04aa6900d1c,69.99,76.12,23.88,Regular Customer,Regular Marketing,38.32,53.44,23.88,Loyal Stage
d622955eb0c31f35b12751ac265b5bce,14.99,75.88,24.12,Regular Customer,Regular Marketing,38.0,53.15,24.12,Loyal Stage
d6239720d4707e301f1ff0c3e0533483,179.9,75.97,24.03,VIP Customer,VIP Loyalty Benefits,38.65,53.58,24.03,Loyal Stage
d624da6fd3772c199160626a7e33d2b6,43.99,77.01,22.99,Regular Customer,Regular Marketing,38.67,54.01,22.99,Loyal Stage
d6252b83365994340e1f8836d62eca87,60.0,75.85,24.15,Regular Customer,Regular Marketing,38.15,53.23,24.15,Loyal Stage
d62e945f5b99fbaf262c9ce35791c768,35.6,75.91,24.09,Regular Customer,Regular Marketing,38.09,53.22,24.09,Loyal Stage
d62eca8bc07bc8eaa9d9257d14174732,38.6,75.4,24.6,Regular Customer,Regular Marketing,37.84,52.86,24.6,Loyal Stage
d630b2db27b08f7beeb032c7d002d3c5,63.99,76.73,23.27,Regular Customer,Regular Marketing,38.6,53.85,23.27,Loyal Stage
d637641a3d7a5e9ad38be830922b91b9,69.99,75.6,24.4,Regular Customer,Regular Marketing,38.06,53.08,24.4,Loyal Stage
d649357bd5b1b116bf9662f41259db37,141.8,77.12,22.88,VIP Customer,VIP Loyalty Benefits,39.09,54.3,22.88,Loyal Stage
d67559bcf4ac495f4c6ca6e1fe211d12,170.0,76.48,23.52,VIP Customer,VIP Loyalty Benefits,38.87,53.91,23.52,Loyal Stage
d6788de86b8559c0af589cec24384843,139.9,75.6,24.4,VIP Customer,VIP Loyalty Benefits,38.32,53.23,24.4,Loyal Stage
d68ed97669e9cee5b36211dbc592f4b4,105.0,76.79,23.21,Regular Customer,Regular Marketing,38.79,53.99,23.21,Loyal Stage
d6a98d2b4573b590c6a1696e37c3648a,114.9,76.39,23.61,Regular Customer,Regular Marketing,38.62,53.73,23.61,Loyal Stage
d6af3a349d5cd80c7076c5db650b686b,79.9,77.17,22.83,Regular Customer,Regular Marketing,38.88,54.2,22.83,Loyal Stage
d6b7b7b651f4a32b5c16f62c01f3b565,186.0,75.88,24.12,VIP Customer,VIP Loyalty Benefits,38.63,53.53,24.12,Loyal Stage
d6bc315c133be9c0a334b96002b4c1c1,0.0,75.91,24.09,Regular Customer,Regular Marketing,37.96,53.14,24.09,Loyal Stage
d6bcd5bcbe3b0adb32230db8e08488f4,79.99,75.88,24.12,Regular Customer,Regular Marketing,38.24,53.3,24.12,Loyal Stage
d6c3cc043db0d3a97f2c39fe9fdca1be,195.0,75.79,24.21,VIP Customer,VIP Loyalty Benefits,38.62,53.49,24.21,Loyal Stage
d6c7049c3cde2134a3ce30335b471872,19.0,76.87,23.13,Regular Customer,Regular Marketing,38.51,53.85,23.13,Loyal Stage
d6cc0da84bab73e02c4a3afaffa8abe6,45.0,76.55,23.45,Regular Customer,Regular Marketing,38.44,53.68,23.45,Loyal Stage
d6f7809726f5602f3cfa13c9e0707f25,44.9,76.13,23.87,Regular Customer,Regular Marketing,38.23,53.39,23.87,Loyal Stage
d6fcf5fcbd433a96070c62c9f20cf291,179.0,76.02,23.98,VIP Customer,VIP Loyalty Benefits,38.68,53.62,23.98,Loyal Stage
d6fd8229024b8896360cd8cd34f86c0d,0.0,76.84,23.16,Regular Customer,Regular Marketing,38.42,53.79,23.16,Loyal Stage
d6fe1d8f8260d270ec05c8b3065c8eaa,49.9,76.4,23.6,Regular Customer,Regular Marketing,38.39,53.59,23.6,Loyal Stage
d7060039e6043c13742e42b9375a5548,39.0,77.11,22.89,Regular Customer,Regular Marketing,38.7,54.06,22.89,Loyal Stage
d70ed1c36ce709bd0d299a5a48d2a86b,159.9,75.69,24.31,VIP Customer,VIP Loyalty Benefits,38.44,53.34,24.31,Loyal Stage
d7141b8368d66ae769a864e4d9e59155,64.89,75.75,24.25,Regular Customer,Regular Marketing,38.12,53.17,24.25,Loyal Stage
d714959800e10629872c11353cbb1913,109.9,76.54,23.46,Regular Customer,Regular Marketing,38.68,53.82,23.46,Loyal Stage
d7167e58a778cce6c923b1de94cb7257,0.0,75.65,24.35,Regular Customer,Regular Marketing,37.83,52.96,24.35,Loyal Stage
d71782f80c823a8d5ccd7f6f8e211c8d,379.0,77.51,22.49,VIP Customer,VIP Loyalty Benefits,40.16,55.1,22.49,Loyal Stage
d72c453cd952b79143e476ecc4a9b6ab,0.0,75.96,24.04,Regular Customer,Regular Marketing,37.98,53.17,24.04,Loyal Stage
d72c999bc855937d36d7e5f4e6019497,426.8,76.08,23.92,VIP Customer,VIP Loyalty Benefits,39.63,54.21,23.92,Loyal Stage
d733a95f6cb68a232fa3478980d52464,19.0,75.37,24.63,Regular Customer,Regular Marketing,37.76,52.8,24.63,Loyal Stage
d734c07bfd6f238d72435feb2c569d7f,174.0,76.17,23.83,VIP Customer,VIP Loyalty Benefits,38.73,53.71,23.83,Loyal Stage
d7430df1244bba45228c4ce327d397b8,682.98,77.65,22.35,VIP Customer,VIP Loyalty Benefits,41.37,55.88,22.35,Loyal Stage
d744cabf5f797c46cf17ace45c496b63,229.9,76.72,23.28,VIP Customer,VIP Loyalty Benefits,39.22,54.22,23.28,Loyal Stage
d759dbfdebbd3ce9d7d28f6f383105e2,37.8,76.02,23.98,Regular Customer,Regular Marketing,38.15,53.3,23.98,Loyal Stage
d75fbaffa53ea95126feec02bd87d8c4,0.0,75.86,24.14,Regular Customer,Regular Marketing,37.93,53.1,24.14,Loyal Stage
d76441ab4a22e389561144ffafdaa19c,136.78,76.58,23.42,Regular Customer,Regular Marketing,38.8,53.91,23.42,Loyal Stage
d76e1d31bcf40d163e5b01710e306154,0.0,75.65,24.35,Regular Customer,Regular Marketing,37.83,52.96,24.35,Loyal Stage
d76f9ee005dec7aaebaa8b458858595d,49.99,75.99,24.01,Regular Customer,Regular Marketing,38.18,53.3,24.01,Loyal Stage
d779489889027d588524e77125599746,549.9,76.52,23.48,VIP Customer,VIP Loyalty Benefits,40.31,54.79,23.48,Loyal Stage
d77d246d1ed9af082bde1ff40827675f,90.0,76.56,23.44,Regular Customer,Regular Marketing,38.61,53.79,23.44,Loyal Stage
d78075a356a269e08de61798fd11a84a,16.1,76.61,23.39,Regular Customer,Regular Marketing,38.36,53.66,23.39,Loyal Stage
d7836df5fb04a1e677a6d091e5a14380,237.0,77.4,22.6,VIP Customer,VIP Loyalty Benefits,39.58,54.71,22.6,Loyal Stage
d7944701441cb84f9e9d9ae847ead58b,8.7,75.51,24.49,Regular Customer,Regular Marketing,37.79,52.88,24.49,Loyal Stage
d7ac1e2ab73bda5c3ed4ef3fb5ce27e5,156.0,75.58,24.42,VIP Customer,VIP Loyalty Benefits,38.37,53.25,24.42,Loyal Stage
d7b23ec12acc9df1a7f032ae6b276976,22.32,76.57,23.43,Regular Customer,Regular Marketing,38.37,53.65,23.43,Loyal Stage
d7b35c94c1df90d10984a663fe2f2962,115.9,76.29,23.71,Regular Customer,Regular Marketing,38.58,53.66,23.71,Loyal Stage
d7bd7401d20d7758649f0336ba42aa32,145.0,75.82,24.18,VIP Customer,VIP Loyalty Benefits,38.45,53.4,24.18,Loyal Stage
d7d189a700053506ed878082f3063260,0.0,76.17,23.83,Regular Customer,Regular Marketing,38.08,53.32,23.83,Loyal Stage
d7db00ddc199284ce09a43021e74fdf9,109.0,75.92,24.08,Regular Customer,Regular Marketing,38.37,53.39,24.08,Loyal Stage
d7dbe68588e2b9cdb13ba5eeee3153c2,319.29,77.73,22.27,VIP Customer,VIP Loyalty Benefits,40.05,55.12,22.27,Loyal Stage
d7dc081e3898c4cdf7adf2190e50a99c,88.9,76.61,23.39,Regular Customer,Regular Marketing,38.64,53.83,23.39,Loyal Stage
d7f3b71a1eafef2f0426b506977d6327,40.0,75.82,24.18,Regular Customer,Regular Marketing,38.06,53.16,24.18,Loyal Stage
d7fb53d13ae254079b07326898c76667,0.0,75.81,24.19,Regular Customer,Regular Marketing,37.9,53.06,24.19,Loyal Stage
d7ff7ae0439a924696285b571e70f203,76.35,76.39,23.61,Regular Customer,Regular Marketing,38.48,53.64,23.61,Loyal Stage
d8035370c01c824bb5d8e0447b719c03,0.0,76.64,23.36,Regular Customer,Regular Marketing,38.32,53.65,23.36,Loyal Stage
d812cc1c30ac21ff6e96ad5fb15d1679,72.0,75.81,24.19,Regular Customer,Regular Marketing,38.17,53.23,24.19,Loyal Stage
d8152f4062b7942bed758c757f8c2102,199.9,75.85,24.15,VIP Customer,VIP Loyalty Benefits,38.67,53.54,24.15,Loyal Stage
d8207d7cb28c86f2ccad85df4ed42dc6,0.0,76.17,23.83,Regular Customer,Regular Marketing,38.08,53.32,23.83,Loyal Stage
d829656f326417233c2188bb0652ff4d,48.9,76.09,23.91,Regular Customer,Regular Marketing,38.23,53.37,23.91,Loyal Stage
d82b2672014abcdd65edf3b704f8043c,0.0,76.64,23.36,Regular Customer,Regular Marketing,38.32,53.65,23.36,Loyal Stage
d83483c59166abd80e647c7b3b836267,129.9,76.47,23.53,Regular Customer,Regular Marketing,38.72,53.82,23.53,Loyal Stage
d8399b24ad3a8d7601c8da83b7f70af9,330.0,76.51,23.49,VIP Customer,VIP Loyalty Benefits,39.48,54.29,23.49,Loyal Stage
d843c40bc99833fc73018f635420b8bb,0.0,76.48,23.52,Regular Customer,Regular Marketing,38.24,53.54,23.52,Loyal Stage
d84b33a3691ebaf100e18e77ea0001bb,29.0,76.47,23.53,Regular Customer,Regular Marketing,38.34,53.59,23.53,Loyal Stage
d84d21b7b4970bdb535a4527ee55ac35,110.32,76.7,23.3,Regular Customer,Regular Marketing,38.76,53.94,23.3,Loyal Stage
d84ef0a506e871c8986b6953efe5a22f,64.9,75.75,24.25,Regular Customer,Regular Marketing,38.12,53.17,24.25,Loyal Stage
d86b3617aa8acbdb8d7fef8e7d6b5938,162.9,76.0,24.0,VIP Customer,VIP Loyalty Benefits,38.61,53.57,24.0,Loyal Stage
d86e4bc2e78c75143b9dff6ce91a3a09,74.9,76.28,23.72,Regular Customer,Regular Marketing,38.42,53.56,23.72,Loyal Stage
d876db981e46dbc9a9fbe25942d4564a,240.0,76.99,23.01,VIP Customer,VIP Loyalty Benefits,39.39,54.43,23.01,Loyal Stage
d883909aa97aa399a6eb9f00d012861a,69.0,77.0,23.0,Regular Customer,Regular Marketing,38.76,54.06,23.0,Loyal Stage
d885d4dcc9bb0cbaf3e7aa0fa4af16e0,0.0,75.34,24.66,Regular Customer,Regular Marketing,37.67,52.74,24.66,Loyal Stage
d8870510ff9a80e33b040a7f7052c289,89.99,76.56,23.44,Regular Customer,Regular Marketing,38.61,53.79,23.44,Loyal Stage
d88c6d8c0caed386e83167dc6c448dc9,196.5,77.19,22.81,VIP Customer,VIP Loyalty Benefits,39.33,54.47,22.81,Loyal Stage
d88fdec8f16319f32bc0cdbc28e78271,22.32,75.84,24.16,Regular Customer,Regular Marketing,38.0,53.14,24.16,Loyal Stage
d8914408a1f960155489582d080bb52a,79.87,76.03,23.97,Regular Customer,Regular Marketing,38.31,53.4,23.97,Loyal Stage
d89174c51b776a359ca147436ff087ff,99.0,76.89,23.11,Regular Customer,Regular Marketing,38.81,54.04,23.11,Loyal Stage
d892383aa36040299858ad9cc4bcee30,299.9,76.57,23.43,VIP Customer,VIP Loyalty Benefits,39.4,54.27,23.43,Loyal Stage
d89fd46bae9fc4ec46c41f9a46193747,93.99,76.47,23.53,Regular Customer,Regular Marketing,38.58,53.74,23.53,Loyal Stage
d8b149991a6cff2088d31b0c3c419670,45.0,77.01,22.99,Regular Customer,Regular Marketing,38.67,54.01,22.99,Loyal Stage
d8ba077744ee4b11f6445d54fadc7c17,115.0,76.5,23.5,Regular Customer,Regular Marketing,38.68,53.81,23.5,Loyal Stage
d8ca4d497a10dc7e022fdfdb4b0a4ab6,0.0,75.6,24.4,Regular Customer,Regular Marketing,37.8,52.92,24.4,Loyal Stage
d8d3620aaefe28de2acf94b61aa2d5c0,69.0,76.38,23.62,Regular Customer,Regular Marketing,38.45,53.62,23.62,Loyal Stage
d8d7254ce52510c5a5c38db3ab5b9c4e,0.0,77.31,22.69,Regular Customer,Regular Marketing,38.66,54.12,22.69,Loyal Stage
d8dc373219d0f95053c8d65df85a7f1c,257.79,75.91,24.09,VIP Customer,VIP Loyalty Benefits,38.91,53.71,24.09,Loyal Stage
d8dcaefe3b2031d4b970c48d869b9db1,58.0,76.31,23.69,Regular Customer,Regular Marketing,38.37,53.55,23.69,Loyal Stage
d8dcd2549f7c34e9f5f87f498ad7bbf2,40.0,76.02,23.98,Regular Customer,Regular Marketing,38.16,53.3,23.98,Loyal Stage
d8e3b2d3cd78fa695a7f5cc01bf1fea5,0.0,76.22,23.78,Regular Customer,Regular Marketing,38.11,53.35,23.78,Loyal Stage
d8f3c4f441a9b59a29f977df16724f38,38.0,77.26,22.74,Regular Customer,Regular Marketing,38.77,54.17,22.74,Loyal Stage
d8fb9a7157114af9690a03b6ff65a3cb,379.95,76.07,23.93,VIP Customer,VIP Loyalty Benefits,39.45,54.1,23.93,Loyal Stage
d9063a8c033178c13e436dab34c251fd,130.0,76.0,24.0,Regular Customer,Regular Marketing,38.48,53.49,24.0,Loyal Stage
d907cb23ab406a57e998f635c8fed195,19.9,76.36,23.64,Regular Customer,Regular Marketing,38.25,53.49,23.64,Loyal Stage
d908486b716f6afb6ad043b4193842c1,0.0,76.28,23.72,Regular Customer,Regular Marketing,38.14,53.4,23.72,Loyal Stage
d909efc170e97275cfe65980da6fd7a6,29.9,75.59,24.41,Regular Customer,Regular Marketing,37.91,52.98,24.41,Loyal Stage
d9182344e9315a87d1ba3b291029c8ab,109.0,76.54,23.46,Regular Customer,Regular Marketing,38.68,53.82,23.46,Loyal Stage
d91da6adf28c3ef0597453b582f68e66,345.6,76.79,23.21,VIP Customer,VIP Loyalty Benefits,39.68,54.52,23.21,Loyal Stage
d948e8bdd06e8774ed77c2114de68e6f,0.0,76.58,23.42,Regular Customer,Regular Marketing,38.29,53.61,23.42,Loyal Stage
d95397665bf0d065e5917d398692a0a2,45.0,76.29,23.71,Regular Customer,Regular Marketing,38.31,53.5,23.71,Loyal Stage
d954f2104413f0aa77d839d081b68ead,45.97,76.14,23.86,Regular Customer,Regular Marketing,38.24,53.4,23.86,Loyal Stage
d9575b595db7de99b327899d9ed25ff1,97.0,76.83,23.17,Regular Customer,Regular Marketing,38.78,54.0,23.17,Loyal Stage
d95e736f831986871d6bb98ff914e9a9,1240.0,78.53,21.47,VIP Customer,VIP Loyalty Benefits,43.88,57.74,21.47,Loyal Stage
d9647dd72c6b946acac7612123880b98,10.9,76.76,23.24,Regular Customer,Regular Marketing,38.42,53.76,23.24,Loyal Stage
d970a2354b55cfb67fa5840b9b4936ed,215.0,76.18,23.82,VIP Customer,VIP Loyalty Benefits,38.89,53.81,23.82,Loyal Stage
d9726562d5c4ff5851963dd4875f901b,179.0,77.11,22.89,VIP Customer,VIP Loyalty Benefits,39.22,54.38,22.89,Loyal Stage
d975494f268572677bae5b5f44e2f915,71.4,76.43,23.57,Regular Customer,Regular Marketing,38.48,53.66,23.57,Loyal Stage
d99085232dfe23c140f9a990997bf23d,12.9,76.3,23.7,Regular Customer,Regular Marketing,38.2,53.44,23.7,Loyal Stage
d997f1f50f369bd8233e8bfbd06edd8c,0.0,76.22,23.78,Regular Customer,Regular Marketing,38.11,53.35,23.78,Loyal Stage
d999f31460508136a293f6d71c87e5f5,0.0,76.95,23.05,Regular Customer,Regular Marketing,38.48,53.87,23.05,Loyal Stage
d99f10011cfe9b70e0d6d59280a669b2,170.0,76.27,23.73,VIP Customer,VIP Loyalty Benefits,38.77,53.77,23.73,Loyal Stage
d9a248c7d735e41a7cba546890997269,0.0,75.81,24.19,Regular Customer,Regular Marketing,37.9,53.06,24.19,Loyal Stage
d9b5ae1c429e2d9891c6224c2ccde990,59.9,75.85,24.15,Regular Customer,Regular Marketing,38.15,53.23,24.15,Loyal Stage
d9c71c881802a7ac4d34619f175e68ce,122.99,76.92,23.08,Regular Customer,Regular Marketing,38.92,54.12,23.08,Loyal Stage
d9d293390bc78577294b1d8e5864f13f,0.0,77.05,22.95,Regular Customer,Regular Marketing,38.52,53.93,22.95,Loyal Stage
d9ddef988d8239716aba2d4fa2507a2f,0.0,76.28,23.72,Regular Customer,Regular Marketing,38.14,53.4,23.72,Loyal Stage
d9e06320bc4c013895d433332e0b0536,79.9,75.62,24.38,Regular Customer,Regular Marketing,38.11,53.11,24.38,Loyal Stage
d9e174cb2e2c1afff0283d83c4b4c668,11.35,77.17,22.83,Regular Customer,Regular Marketing,38.63,54.05,22.83,Loyal Stage
d9e195acf6b4700e59c24f7076458990,118.0,75.68,24.32,Regular Customer,Regular Marketing,38.28,53.24,24.32,Loyal Stage
d9e5aad93bb7cf910fb662a04a8177d9,129.9,75.95,24.05,Regular Customer,Regular Marketing,38.46,53.46,24.05,Loyal Stage
d9e85480c2442fce7b1c6e09db3b0492,19.9,75.48,24.52,Regular Customer,Regular Marketing,37.81,52.88,24.52,Loyal Stage
d9f99c499b1b0ef32ddf4ae9bfea95f3,0.0,75.5,24.5,Regular Customer,Regular Marketing,37.75,52.85,24.5,Loyal Stage
da208163aefc6ab8794d98213f2f53a8,0.0,76.28,23.72,Regular Customer,Regular Marketing,38.14,53.4,23.72,Loyal Stage
da228233158962f879ec2fdfb2b54b6b,309.9,76.9,23.1,VIP Customer,VIP Loyalty Benefits,39.6,54.52,23.1,Loyal Stage
da24956ad4478166543db107847762f2,120.0,77.28,22.72,Regular Customer,Regular Marketing,39.09,54.37,22.72,Loyal Stage
da287c8a994f6ea1a4f01c580486d258,50.0,75.57,24.43,Regular Customer,Regular Marketing,37.97,53.01,24.43,Loyal Stage
da319a31d8646a324d68e4ea8299e22f,0.0,75.86,24.14,Regular Customer,Regular Marketing,37.93,53.1,24.14,Loyal Stage
da3258a80458be49ca080428f6b88a25,69.99,75.91,24.09,Regular Customer,Regular Marketing,38.22,53.3,24.09,Loyal Stage
da41c75a2312d7f400a195235277278f,48.9,75.88,24.12,Regular Customer,Regular Marketing,38.12,53.22,24.12,Loyal Stage
da426c858710d96b143677a1859a71f3,159.9,75.94,24.06,VIP Customer,VIP Loyalty Benefits,38.56,53.51,24.06,Loyal Stage
da45a9a1df408c39f013b9b0b505042c,0.0,76.17,23.83,Regular Customer,Regular Marketing,38.08,53.32,23.83,Loyal Stage
da4f77b9b9e3e0327244f0c62f33a572,77.89,75.72,24.28,Regular Customer,Regular Marketing,38.15,53.18,24.28,Loyal Stage
da548399700c848cf466c438ad59ad4d,189.0,77.23,22.77,VIP Customer,VIP Loyalty Benefits,39.32,54.48,22.77,Loyal Stage
da5d40e473fee06248b1610e35100789,89.69999999999999,75.58,24.42,Regular Customer,Regular Marketing,38.12,53.1,24.42,Loyal Stage
da684931f18993d4aa2053e392465fce,77.9,76.39,23.61,Regular Customer,Regular Marketing,38.48,53.64,23.61,Loyal Stage
da686e70571c6dd4956e1079fb3ff38f,139.0,76.79,23.21,VIP Customer,VIP Loyalty Benefits,38.91,54.06,23.21,Loyal Stage
da6c70612a3d7484427e8442ff96056c,79.99,76.91,23.09,Regular Customer,Regular Marketing,38.75,54.01,23.09,Loyal Stage
da7bf44feaf10dbd1e918eed20ff8eb0,0.0,75.86,24.14,Regular Customer,Regular Marketing,37.93,53.1,24.14,Loyal Stage
da8466885d64b82ff7a961870f8d9358,105.0,76.12,23.88,Regular Customer,Regular Marketing,38.45,53.52,23.88,Loyal Stage
da8634c08a4dca3b320245f55a6764f4,30.0,75.59,24.41,Regular Customer,Regular Marketing,37.91,52.98,24.41,Loyal Stage
da90f2535e719fd67092b67ec2541da2,179.0,77.16,22.84,VIP Customer,VIP Loyalty Benefits,39.25,54.41,22.84,Loyal Stage
da937a7d9492a9edd33c27d3cfed2530,0.0,75.5,24.5,Regular Customer,Regular Marketing,37.75,52.85,24.5,Loyal Stage
da9f08fdfda2affa2913cfd587f50841,169.0,75.6,24.4,VIP Customer,VIP Loyalty Benefits,38.43,53.3,24.4,Loyal Stage
dab16a0cbc175e43eed97e748788e333,118.0,75.88,24.12,Regular Customer,Regular Marketing,38.38,53.38,24.12,Loyal Stage
dac350081fa08c19d7a94fccab15c408,26.9,75.49,24.51,Regular Customer,Regular Marketing,37.85,52.91,24.51,Loyal Stage
dad1eb1624d037f15eeac6c2c2cd0843,69.0,77.46,22.54,Regular Customer,Regular Marketing,38.99,54.38,22.54,Loyal Stage
dadc1f595b611ccbb8a6894bd2203be2,230.0,75.69,24.31,VIP Customer,VIP Loyalty Benefits,38.7,53.5,24.31,Loyal Stage
dae054c51b471a09e91a443b87d16c04,49.99,75.78,24.22,Regular Customer,Regular Marketing,38.08,53.16,24.22,Loyal Stage
daea4b897b74a671f733ba577f52f4ca,0.0,76.28,23.72,Regular Customer,Regular Marketing,38.14,53.4,23.72,Loyal Stage
daec9f67248b12c4a7766c16541ce32f,107.96,77.26,22.74,Regular Customer,Regular Marketing,39.03,54.32,22.74,Loyal Stage
daf29cfdedbcfa2c8b143442fbb1d239,104.97,76.96,23.04,Regular Customer,Regular Marketing,38.87,54.11,23.04,Loyal Stage
dafdf466986c95af7c653bcb4ca539ec,13.0,75.98,24.02,Regular Customer,Regular Marketing,38.04,53.22,24.02,Loyal Stage
db1b1fac87eb5c686792555f51ae2569,66.41,76.79,23.21,Regular Customer,Regular Marketing,38.64,53.9,23.21,Loyal Stage
db1c8ccddd2ae34421cbd973872874ef,40.0,75.46,24.54,Regular Customer,Regular Marketing,37.88,52.91,24.54,Loyal Stage
db24497b91101bbd692b9a0f3a6d22fd,199.9,76.26,23.74,VIP Customer,VIP Loyalty Benefits,38.87,53.83,23.74,Loyal Stage
db2a5aec9095e07353f0a480a620a083,56.99,76.67,23.33,Regular Customer,Regular Marketing,38.55,53.8,23.33,Loyal Stage
db32b00345b0f0c1bd76707d82c44022,49.99,75.57,24.43,Regular Customer,Regular Marketing,37.97,53.01,24.43,Loyal Stage
db35cfeb02744d1f0606e7aa7cee72fa,185.0,76.19,23.81,VIP Customer,VIP Loyalty Benefits,38.78,53.74,23.81,Loyal Stage
db37a75815df9faedac0a3bb60b04d45,99.0,76.58,23.42,Regular Customer,Regular Marketing,38.66,53.83,23.42,Loyal Stage
db5926d4ade42690095dd9e633ca8e5b,75.0,76.08,23.92,Regular Customer,Regular Marketing,38.32,53.42,23.92,Loyal Stage
db63d1938f9fd68035212ae046df6917,69.8,77.16,22.84,Regular Customer,Regular Marketing,38.84,54.17,22.84,Loyal Stage
db6d0877331d6e6d9d0242f575141ed4,79.9,76.34,23.66,Regular Customer,Regular Marketing,38.47,53.62,23.66,Loyal Stage
db77ac6b53d09664169c9604a5b17df1,59.99,77.09,22.91,Regular Customer,Regular Marketing,38.77,54.1,22.91,Loyal Stage
db81ac402531dfc86f479a19e88f20fd,119.8,75.78,24.22,Regular Customer,Regular Marketing,38.34,53.32,24.22,Loyal Stage
db841e5d524a5a5e50fe240525187c4c,49.99,76.5,23.5,Regular Customer,Regular Marketing,38.44,53.66,23.5,Loyal Stage
db8c45be1c952ca0d0938c85dadc8cb2,0.0,75.65,24.35,Regular Customer,Regular Marketing,37.83,52.96,24.35,Loyal Stage
dbbc5297c88f9b640386384070c81b7e,259.0,77.07,22.93,VIP Customer,VIP Loyalty Benefits,39.5,54.53,22.93,Loyal Stage
dbc439d21d5e616521349eeb7959ca1c,27.9,75.59,24.41,Regular Customer,Regular Marketing,37.9,52.98,24.41,Loyal Stage
dbc6e5b729ff95cbdd6fa19897da002a,145.0,76.9,23.1,VIP Customer,VIP Loyalty Benefits,38.99,54.15,23.1,Loyal Stage
dbd5c20e0efaab67fb245d76fae17050,139.0,76.12,23.88,VIP Customer,VIP Loyalty Benefits,38.58,53.6,23.88,Loyal Stage
dbddd2b790d224a5043cb1a76046fcc7,79.9,76.03,23.97,Regular Customer,Regular Marketing,38.31,53.4,23.97,Loyal Stage
dbe6aaeaa8efb812cc62c6dccd03ce33,189.0,75.83,24.17,VIP Customer,VIP Loyalty Benefits,38.62,53.5,24.17,Loyal Stage
dbe946b2de3de076b7ba4f836f8cd2fc,69.97,77.05,22.95,Regular Customer,Regular Marketing,38.79,54.09,22.95,Loyal Stage
dc12569409e7f9dcd01e3449cb883571,100.0,76.16,23.84,Regular Customer,Regular Marketing,38.45,53.53,23.84,Loyal Stage
dc13e860c9b346d7c0ce6157bef3ca1d,0.0,75.65,24.35,Regular Customer,Regular Marketing,37.83,52.96,24.35,Loyal Stage
dc2fdb59e9395cb16f124970e25ebd1a,119.0,76.09,23.91,Regular Customer,Regular Marketing,38.49,53.53,23.91,Loyal Stage
dc34bc2c2df6e185a1c967437f3b68b3,28.99,76.78,23.22,Regular Customer,Regular Marketing,38.5,53.81,23.22,Loyal Stage
dc3c90bc6adb97d7cd4e14d3399b463d,72.99,76.74,23.26,Regular Customer,Regular Marketing,38.64,53.88,23.26,Loyal Stage
dc48b0a1b0e6abb6586f322c189f6b93,253.7,76.38,23.62,VIP Customer,VIP Loyalty Benefits,39.13,54.03,23.62,Loyal Stage
dc4b0942fb780633d44f4f73ff69dd92,0.0,77.36,22.64,Regular Customer,Regular Marketing,38.68,54.15,22.64,Loyal Stage
dc539d99d32ab632d7762838ed9518a3,0.0,77.31,22.69,Regular Customer,Regular Marketing,38.66,54.12,22.69,Loyal Stage
dc643b60537f44f35b2f91610ea64153,12.99,76.14,23.86,Regular Customer,Regular Marketing,38.12,53.33,23.86,Loyal Stage
dc6da86086ea05abb979ecc24ae1d500,0.0,76.33,23.67,Regular Customer,Regular Marketing,38.16,53.43,23.67,Loyal Stage
dc7329494bcf58a353c1fece65a73aef,574.0,77.08,22.92,VIP Customer,VIP Loyalty Benefits,40.68,55.24,22.92,Loyal Stage
dc87c41f7e92e1ae4ae489cabda4cd04,69.95,75.96,24.04,Regular Customer,Regular Marketing,38.24,53.33,24.04,Loyal Stage
dc98e8ed685469e80e92543e4f917ac8,45.95,76.55,23.45,Regular Customer,Regular Marketing,38.45,53.69,23.45,Loyal Stage
dc99ead5bc8862990945ad0ba88f1d9b,59.99,76.05,23.95,Regular Customer,Regular Marketing,38.25,53.37,23.95,Loyal Stage
dcbb6c8bcf178074ec803d0dc4bf41e6,0.0,77.2,22.8,Regular Customer,Regular Marketing,38.6,54.04,22.8,Loyal Stage
dcd94802618619b93183b9ae4adff5e3,0.0,75.6,24.4,Regular Customer,Regular Marketing,37.8,52.92,24.4,Loyal Stage
dceb2cbd296147f98daab729ec2ec6e3,250.0,76.18,23.82,VIP Customer,VIP Loyalty Benefits,39.02,53.88,23.82,Loyal Stage
dcef3399bb685b394b3c6897fe7d64cd,44.9,76.19,23.81,Regular Customer,Regular Marketing,38.26,53.43,23.81,Loyal Stage
dcf39ffb0de2236c5c6843f1c3f5e080,0.0,75.34,24.66,Regular Customer,Regular Marketing,37.67,52.74,24.66,Loyal Stage
dd09030ada5eb2681e6281cdbdd4d4db,50.75,76.87,23.13,Regular Customer,Regular Marketing,38.62,53.92,23.13,Loyal Stage
dd11d408f0349a9e49a9069f02c758ef,39.9,75.56,24.44,Regular Customer,Regular Marketing,37.93,52.98,24.44,Loyal Stage
dd1213a8c4572e20843121445430c0de,0.0,75.7,24.3,Regular Customer,Regular Marketing,37.85,52.99,24.3,Loyal Stage
dd1d0bf4639f484a8044b303618e3516,0.0,75.34,24.66,Regular Customer,Regular Marketing,37.67,52.74,24.66,Loyal Stage
dd20866f2a6d0f83a61cf8887a09528d,155.8,76.46,23.54,VIP Customer,VIP Loyalty Benefits,38.81,53.87,23.54,Loyal Stage
dd32d91b3e390767e7be4cd982cd9f56,54.9,76.87,23.13,Regular Customer,Regular Marketing,38.64,53.93,23.13,Loyal Stage
dd3db93b3fe6d31e299a999bd77d9866,192.9,76.66,23.34,VIP Customer,VIP Loyalty Benefits,39.05,54.09,23.34,Loyal Stage
dd42be3b4926541bb2e7cb3ac12f52e6,44.9,76.08,23.92,Regular Customer,Regular Marketing,38.21,53.36,23.92,Loyal Stage
dd617479f0dc971a1ba56c220e645c4d,68.0,76.69,23.31,Regular Customer,Regular Marketing,38.6,53.84,23.31,Loyal Stage
dd6cd964884070fe44be250342f3411d,116.9,76.71,23.29,Regular Customer,Regular Marketing,38.79,53.96,23.29,Loyal Stage
dd7012669fde4db57e67f8d243fe3545,158.9,77.03,22.97,VIP Customer,VIP Loyalty Benefits,39.11,54.28,22.97,Loyal Stage
dd76c63dcc52a6cbe761a49d87747a27,0.0,75.86,24.14,Regular Customer,Regular Marketing,37.93,53.1,24.14,Loyal Stage
dd76e8ca7507c3689097ed0c0d0d6978,200.0,76.52,23.48,VIP Customer,VIP Loyalty Benefits,39.0,54.01,23.48,Loyal Stage
dd7c170eb1bada8feb898821664a3008,26.4,76.42,23.58,Regular Customer,Regular Marketing,38.31,53.55,23.58,Loyal Stage
dd8470493d075fbe3f47bef5f92f0429,0.0,76.74,23.26,Regular Customer,Regular Marketing,38.37,53.72,23.26,Loyal Stage
dd9da07aaafd77376514d3031c8260f8,79.8,76.34,23.66,Regular Customer,Regular Marketing,38.47,53.62,23.66,Loyal Stage
dd9fc62ce72624c6a0d9229d9b87cd35,19.99,75.89,24.11,Regular Customer,Regular Marketing,38.02,53.17,24.11,Loyal Stage
ddc5c502bf2c3d88d51f22ec90c41dc0,40.68,76.44,23.56,Regular Customer,Regular Marketing,38.37,53.6,23.56,Loyal Stage
ddd1978fc6cc93e214d580099768ff20,56.9,77.14,22.86,Regular Customer,Regular Marketing,38.78,54.12,22.86,Loyal Stage
dde44c6e0a6e6a57bca15a4b2892aba8,37.69,75.71,24.29,Regular Customer,Regular Marketing,38.0,53.08,24.29,Loyal Stage
ddf2d1cef869535c3cd714687393fe7b,148.0,75.92,24.08,VIP Customer,VIP Loyalty Benefits,38.51,53.47,24.08,Loyal Stage
ddf701b98740be6f2798814e7f730fba,178.0,77.32,22.68,VIP Customer,VIP Loyalty Benefits,39.32,54.52,22.68,Loyal Stage
ddfbd2ab45bb0e6bcb52807ce96f0bfb,27.95,75.95,24.05,Regular Customer,Regular Marketing,38.08,53.23,24.05,Loyal Stage
de031c302b6b340148a5ae814e393539,19.49,76.98,23.02,Regular Customer,Regular Marketing,38.56,53.93,23.02,Loyal Stage
de0d902c8497c4a8103a81afd8cc5b5f,170.0,76.73,23.27,VIP Customer,VIP Loyalty Benefits,39.0,54.09,23.27,Loyal Stage
de1bffeed7378cd6a7be668c0496fb3d,0.0,76.38,23.62,Regular Customer,Regular Marketing,38.19,53.47,23.62,Loyal Stage
de2273285b9896a785147c7bea76566f,0.0,75.6,24.4,Regular Customer,Regular Marketing,37.8,52.92,24.4,Loyal Stage
de23c5442253e384c36ac6f5ca625a28,0.0,77.05,22.95,Regular Customer,Regular Marketing,38.52,53.93,22.95,Loyal Stage
de262525369d8e5d5fe802dcc7935b0d,89.99,76.2,23.8,Regular Customer,Regular Marketing,38.43,53.54,23.8,Loyal Stage
de265abbbc00369e332f0cc51d4e544d,89.8,75.75,24.25,Regular Customer,Regular Marketing,38.21,53.23,24.25,Loyal Stage
de33b5b4ccb4acabd7373d9fa3a455cf,64.6,75.49,24.51,Regular Customer,Regular Marketing,37.99,52.99,24.51,Loyal Stage
de42906592f23a0a400ae4dadde84321,0.0,76.48,23.52,Regular Customer,Regular Marketing,38.24,53.54,23.52,Loyal Stage
de65189d40231f22bc5045a8b9842f00,0.0,76.48,23.52,Regular Customer,Regular Marketing,38.24,53.54,23.52,Loyal Stage
de7513e20c9330594acf86470a2330c3,44.99,76.81,23.19,Regular Customer,Regular Marketing,38.57,53.87,23.19,Loyal Stage
de7f37cea380538db54a10873bffe54d,199.0,76.62,23.38,VIP Customer,VIP Loyalty Benefits,39.05,54.08,23.38,Loyal Stage
de9635ece12e65615746483baf25d62b,42.9,76.03,23.97,Regular Customer,Regular Marketing,38.17,53.31,23.97,Loyal Stage
de987c536b77b94945130925d9d672f5,44.57,76.96,23.04,Regular Customer,Regular Marketing,38.65,53.97,23.04,Loyal Stage
de9c15c18724c6b8b335fe5ff485e01f,59.9,75.85,24.15,Regular Customer,Regular Marketing,38.15,53.23,24.15,Loyal Stage
deb506c0525ff4b17e97718d9c349409,59.9,76.16,23.84,Regular Customer,Regular Marketing,38.3,53.44,23.84,Loyal Stage
debc4c56769110ff8fb90c5a53453199,93.99,75.64,24.36,Regular Customer,Regular Marketing,38.17,53.16,24.36,Loyal Stage
debe6716f0bcb2325600aa2bfa0bc0b6,127.9,75.53,24.47,Regular Customer,Regular Marketing,38.24,53.16,24.47,Loyal Stage
dec589d17a7f806ea3e1512a4b5fe0fd,0.0,76.64,23.36,Regular Customer,Regular Marketing,38.32,53.65,23.36,Loyal Stage
ded30b380b67fae26a797e0fa444fdbe,49.0,76.35,23.65,Regular Customer,Regular Marketing,38.36,53.56,23.65,Loyal Stage
ded33ce6dbdeb75e7e54b7945d74f287,49.0,76.14,23.86,Regular Customer,Regular Marketing,38.25,53.41,23.86,Loyal Stage
ded4351942c7fc292b88e5b090af2b46,154.9,76.45,23.55,VIP Customer,VIP Loyalty Benefits,38.8,53.86,23.55,Loyal Stage
dedcaadfb4f32c9a0e477f198645aaa3,0.0,76.22,23.78,Regular Customer,Regular Marketing,38.11,53.35,23.78,Loyal Stage
dee18b46b57c871840488ddcc81f1ce4,1240.0,79.1,20.9,VIP Customer,VIP Loyalty Benefits,44.16,58.14,20.9,Loyal Stage
dee7f3ac54e075ebf4c5f080d8ccd178,79.99,77.17,22.83,Regular Customer,Regular Marketing,38.88,54.2,22.83,Loyal Stage
dee9d8e35f96d8de8dd8711bfe57b9b4,27.9,77.3,22.7,Regular Customer,Regular Marketing,38.75,54.17,22.7,Loyal Stage
deeeb992b8b6027bda878b4c16f3d001,29.0,76.01,23.99,Regular Customer,Regular Marketing,38.11,53.27,23.99,Loyal Stage
def127928e892d48d207237750719bc9,0.0,76.02,23.98,Regular Customer,Regular Marketing,38.01,53.21,23.98,Loyal Stage
df0856321238c726f5ecfc47514c1b68,99.0,76.11,23.89,Regular Customer,Regular Marketing,38.42,53.5,23.89,Loyal Stage
df0eeb9f0d70babcdb62e24929fb5f76,105.0,77.05,22.95,Regular Customer,Regular Marketing,38.92,54.17,22.95,Loyal Stage
df0f1ce8c5e305e941efb38831053632,84.99,77.13,22.87,Regular Customer,Regular Marketing,38.88,54.18,22.87,Loyal Stage
df1322661e034306910fdfe8d7b79065,19.99,75.63,24.37,Regular Customer,Regular Marketing,37.89,52.99,24.37,Loyal Stage
df29f1f6e5d1337efadee674fe6bfe98,139.99,77.1,22.9,VIP Customer,VIP Loyalty Benefits,39.07,54.28,22.9,Loyal Stage
df31a504d2a5a1c6cc44444f75a7f8ba,34.99,76.58,23.42,Regular Customer,Regular Marketing,38.42,53.68,23.42,Loyal Stage
df34b07e77750be3d64ca6498bd9d22a,210.0,76.54,23.46,VIP Customer,VIP Loyalty Benefits,39.05,54.05,23.46,Loyal Stage
df4045479d2531674d0ad39d33b81db0,105.0,76.79,23.21,Regular Customer,Regular Marketing,38.79,53.99,23.21,Loyal Stage
df4cf8bccad968debed18cfb0fd63b76,729.08,77.0,23.0,VIP Customer,VIP Loyalty Benefits,41.21,55.53,23.0,Loyal Stage
df60c28451a08e1fd71150b3d004a535,478.04,76.88,23.12,VIP Customer,VIP Loyalty Benefits,40.22,54.88,23.12,Loyal Stage
df69205330ca51a4f5312b0ac01918f3,358.16,76.81,23.19,VIP Customer,VIP Loyalty Benefits,39.74,54.57,23.19,Loyal Stage
df6d8332575ae93b068a14b62a090e80,78.8,76.34,23.66,Regular Customer,Regular Marketing,38.46,53.61,23.66,Loyal Stage
df71d73f8b73f0763aad87be12ccd8a0,177.9,77.11,22.89,VIP Customer,VIP Loyalty Benefits,39.22,54.38,22.89,Loyal Stage
df7303b10f07a9143b0dd5fe4f63efdd,59.0,75.74,24.26,Regular Customer,Regular Marketing,38.09,53.15,24.26,Loyal Stage
df7ae6ce59c0eb33b537b6bb0855c807,79.0,76.45,23.55,Regular Customer,Regular Marketing,38.52,53.69,23.55,Loyal Stage
df827080aa23ce0074dfe366f0224273,0.0,75.7,24.3,Regular Customer,Regular Marketing,37.85,52.99,24.3,Loyal Stage
df87b0cb0fe48df0d006e85ad82c2335,210.0,76.54,23.46,VIP Customer,VIP Loyalty Benefits,39.05,54.05,23.46,Loyal Stage
df88cdb1c5581e5c0616741e2d11950a,0.0,75.45,24.55,Regular Customer,Regular Marketing,37.72,52.81,24.55,Loyal Stage
df938545d72c5f48afa75becb7c61ac8,0.0,75.81,24.19,Regular Customer,Regular Marketing,37.9,53.06,24.19,Loyal Stage
df973cc3df4d5ab91f983377e51e3c7d,33.8,76.84,23.16,Regular Customer,Regular Marketing,38.55,53.87,23.16,Loyal Stage
df9c264a06689dd14d8bb9da773b56a9,47.83,77.22,22.78,Regular Customer,Regular Marketing,38.79,54.16,22.78,Loyal Stage
dfb3d2f73f921b080b2ec0f91939c00c,39.0,76.64,23.36,Regular Customer,Regular Marketing,38.47,53.74,23.36,Loyal Stage
dfbaf64d65b48cfe33ac28184e82850b,59.5,76.57,23.43,Regular Customer,Regular Marketing,38.51,53.73,23.43,Loyal Stage
dfc415bfdd4c7c65422d3684f77205aa,65.9,76.11,23.89,Regular Customer,Regular Marketing,38.3,53.42,23.89,Loyal Stage
dfd82d0d6e3944796b43a7e549c46ac0,35.0,76.07,23.93,Regular Customer,Regular Marketing,38.17,53.33,23.93,Loyal Stage
dfeea6fcfa52ea041c5b4bc28b0b150a,39.9,75.61,24.39,Regular Customer,Regular Marketing,37.95,53.01,24.39,Loyal Stage
e00bd2b0a540848575173d442c1f5243,53.0,77.08,22.92,Regular Customer,Regular Marketing,38.74,54.08,22.92,Loyal Stage
e015aa99a5c509c4aac63a2b6150d0c8,88.83,76.41,23.59,Regular Customer,Regular Marketing,38.54,53.69,23.59,Loyal Stage
e015ce18751465bc79eeabbe3f0064d5,1102.63,77.86,22.14,VIP Customer,VIP Loyalty Benefits,43.03,56.96,22.14,Loyal Stage
e02e585b8b424bcdbf55e356e7eaeb91,65.0,76.22,23.78,Regular Customer,Regular Marketing,38.35,53.5,23.78,Loyal Stage
e0468285c330baa856e1ce75f8c55a37,196.8,76.0,24.0,VIP Customer,VIP Loyalty Benefits,38.73,53.64,24.0,Loyal Stage
e060ce3f724dd891cb20ec0f63e9f268,0.0,77.1,22.9,Regular Customer,Regular Marketing,38.55,53.97,22.9,Loyal Stage
e0638834d2c0d03fa75399a674b41f1b,162.9,76.05,23.95,VIP Customer,VIP Loyalty Benefits,38.63,53.6,23.95,Loyal Stage
e074efd5612063e4f9d322e3f02c1fed,98.0,76.37,23.63,Regular Customer,Regular Marketing,38.55,53.68,23.63,Loyal Stage
e0836a97eaae86ac4adc26fbb334a527,14.49,75.88,24.12,Regular Customer,Regular Marketing,37.99,53.15,24.12,Loyal Stage
e09afa5e2d5a341b1f64504d5b73e8ae,129.9,76.31,23.69,Regular Customer,Regular Marketing,38.64,53.71,23.69,Loyal Stage
e09cb1f5fa66176de2bba83e6a74de84,0.0,76.12,23.88,Regular Customer,Regular Marketing,38.06,53.28,23.88,Loyal Stage
e09f04c7b6a088498a49a3af51e12eb4,49.0,76.09,23.91,Regular Customer,Regular Marketing,38.23,53.37,23.91,Loyal Stage
e0a23a792fb96420c6f31e754e998d87,36.0,76.95,23.05,Regular Customer,Regular Marketing,38.61,53.95,23.05,Loyal Stage
e0a7e61d37dd4060ab419bdb93a9f05d,2090.0,79.23,20.77,VIP Customer,VIP Loyalty Benefits,47.39,60.13,20.77,Loyal Stage
e0bc9c60733bea1b9e5fac80dddac6c0,159.9,75.89,24.11,VIP Customer,VIP Loyalty Benefits,38.54,53.48,24.11,Loyal Stage
e0d1c53f34a96b949b309f594242aec6,0.0,75.34,24.66,Regular Customer,Regular Marketing,37.67,52.74,24.66,Loyal Stage
e0df65960db16561c7b29929dca0798b,0.0,75.6,24.4,Regular Customer,Regular Marketing,37.8,52.92,24.4,Loyal Stage
e0f04b36bd7eb9695d66b9b49aa2cb87,79.9,76.34,23.66,Regular Customer,Regular Marketing,38.47,53.62,23.66,Loyal Stage
e1129eb7e3962a2ec5fa008e62d899e4,260.0,75.69,24.31,VIP Customer,VIP Loyalty Benefits,38.81,53.56,24.31,Loyal Stage
e1131f8a57b4dd8b28437352d44505c4,93.0,75.64,24.36,Regular Customer,Regular Marketing,38.17,53.16,24.36,Loyal Stage
e113cb9c49920e9c491c8d676483ebe6,396.0,76.97,23.03,VIP Customer,VIP Loyalty Benefits,39.96,54.76,23.03,Loyal Stage
e1151f71e86fe7e68b787d6e838df85c,15.0,76.81,23.19,Regular Customer,Regular Marketing,38.46,53.8,23.19,Loyal Stage
e11abcce538d333a20909d11dfa372c2,200.0,76.63,23.37,VIP Customer,VIP Loyalty Benefits,39.06,54.09,23.37,Loyal Stage
e123bd1899e6fa1c480d742dabb56ba3,499.99,76.56,23.44,VIP Customer,VIP Loyalty Benefits,40.14,54.71,23.44,Loyal Stage
e12726d4773b0aeb1ef33874a1a599f6,63.9,75.49,24.51,Regular Customer,Regular Marketing,37.98,52.98,24.51,Loyal Stage
e138c913b233c23a598a9c068b90808c,46.0,76.81,23.19,Regular Customer,Regular Marketing,38.58,53.87,23.19,Loyal Stage
e14fe818e63fcb2b27acbbcd30bce51e,12.88,76.81,23.19,Regular Customer,Regular Marketing,38.45,53.79,23.19,Loyal Stage
e153beb15fc378036d688c31a8f0f576,32.9,76.79,23.21,Regular Customer,Regular Marketing,38.52,53.83,23.21,Loyal Stage
e15512b4dd34095c4d8a1cb1c38766d8,99.9,76.48,23.52,Regular Customer,Regular Marketing,38.61,53.76,23.52,Loyal Stage
e15ba3e88c137ad18d5f32fec206c225,169.9,75.8,24.2,VIP Customer,VIP Loyalty Benefits,38.53,53.44,24.2,Loyal Stage
e164d5c9e9908deb8ccfe155c4321d95,0.0,75.55,24.45,Regular Customer,Regular Marketing,37.78,52.89,24.45,Loyal Stage
e1881c7d99c20ca24a49cf18f115db40,85.0,76.81,23.19,Regular Customer,Regular Marketing,38.72,53.96,23.19,Loyal Stage
e18e1db417f0bc97f9065c4aeae3f9d3,175.0,76.02,23.98,VIP Customer,VIP Loyalty Benefits,38.66,53.6,23.98,Loyal Stage
e19106cd4abc5c3ee0d5c13738d45c25,199.0,76.26,23.74,VIP Customer,VIP Loyalty Benefits,38.87,53.83,23.74,Loyal Stage
e192fa090f25cc4dcd5b710abeabedca,122.99,76.66,23.34,Regular Customer,Regular Marketing,38.79,53.94,23.34,Loyal Stage
e195082a3172403c89957b50eb2db351,39.9,76.54,23.46,Regular Customer,Regular Marketing,38.42,53.67,23.46,Loyal Stage
e19d0aff38a9959adb9b0c96a450e249,0.0,75.5,24.5,Regular Customer,Regular Marketing,37.75,52.85,24.5,Loyal Stage
e1a21064a8b91ee53a57c3af1d71649f,135.0,76.42,23.58,Regular Customer,Regular Marketing,38.71,53.79,23.58,Loyal Stage
e1a2950a5435afda89336c32edc17b9e,118.8,76.09,23.91,Regular Customer,Regular Marketing,38.49,53.53,23.91,Loyal Stage
e1c3a02e6fd3a5919a8711dee1bc497e,82.49,76.55,23.45,Regular Customer,Regular Marketing,38.58,53.77,23.45,Loyal Stage
e1d8da952145abbba7a2ddec3ae647e0,114.08,76.81,23.19,Regular Customer,Regular Marketing,38.83,54.02,23.19,Loyal Stage
e1e31ea94bc398a8158ff5e7724fb645,12.99,77.22,22.78,Regular Customer,Regular Marketing,38.66,54.08,22.78,Loyal Stage
e1e9a1bcdba4b679475592e4418f1347,0.0,76.74,23.26,Regular Customer,Regular Marketing,38.37,53.72,23.26,Loyal Stage
e1ea943624e04d56d0ba78fe67955871,112.99,75.87,24.13,Regular Customer,Regular Marketing,38.36,53.36,24.13,Loyal Stage
e1f784eb8999151fbeeb85b0c0d1ef2e,15.99,75.88,24.12,Regular Customer,Regular Marketing,38.0,53.15,24.12,Loyal Stage
e2025196f6b427896e38326e6b1ff553,114.0,76.7,23.3,Regular Customer,Regular Marketing,38.77,53.94,23.3,Loyal Stage
e212d08343dafad3c0067bff58799298,44.99,77.12,22.88,Regular Customer,Regular Marketing,38.73,54.09,22.88,Loyal Stage
e230a164fb32a2f0e5c0fc37eace2170,44.9,76.81,23.19,Regular Customer,Regular Marketing,38.57,53.87,23.19,Loyal Stage
e23270b82bac3b362e7063ec82943f1c,269.0,76.16,23.84,VIP Customer,VIP Loyalty Benefits,39.08,53.91,23.84,Loyal Stage
e233eb06f8147fe715a5e7a632e2f36a,139.0,75.81,24.19,VIP Customer,VIP Loyalty Benefits,38.42,53.38,24.19,Loyal Stage
e23e0cc8bb533d8c88c4a913e9e01452,119.99,76.3,23.7,Regular Customer,Regular Marketing,38.6,53.68,23.7,Loyal Stage
e23fe95538a07f577b6229f84d284a04,229.9,76.62,23.38,VIP Customer,VIP Loyalty Benefits,39.17,54.15,23.38,Loyal Stage
e246b4c3c20fce43b6aad844e8c71bbe,69.0,75.6,24.4,Regular Customer,Regular Marketing,38.06,53.08,24.4,Loyal Stage
e24daef584dab37c5b532e691b5bdd9e,0.0,77.31,22.69,Regular Customer,Regular Marketing,38.66,54.12,22.69,Loyal Stage
e2687b9cea81324d42a8b25b7fe267d2,167.68,76.11,23.89,VIP Customer,VIP Loyalty Benefits,38.68,53.65,23.89,Loyal Stage
e27b1ce1665ecee46658235b3b0e0c7d,252.9,75.98,24.02,VIP Customer,VIP Loyalty Benefits,38.93,53.75,24.02,Loyal Stage
e27f99c3e38c91b51381bf82186a2cee,169.9,76.22,23.78,VIP Customer,VIP Loyalty Benefits,38.74,53.73,23.78,Loyal Stage
e284f3f7b415f669d71b7aee29252d73,29.99,76.63,23.37,Regular Customer,Regular Marketing,38.43,53.71,23.37,Loyal Stage
e29463627ab360e7bebc45b5b8cb8cee,198.67,75.8,24.2,VIP Customer,VIP Loyalty Benefits,38.64,53.5,24.2,Loyal Stage
e29a29f9799529c624ca16fcc7506c83,82.5,76.71,23.29,Regular Customer,Regular Marketing,38.66,53.88,23.29,Loyal Stage
e2ad8bcf2251723975d35fb6d5588e29,326.0,77.64,22.36,VIP Customer,VIP Loyalty Benefits,40.03,55.07,22.36,Loyal Stage
e2c2b1cc62c3d11773a43fa91c4552fc,13.9,75.47,24.53,Regular Customer,Regular Marketing,37.79,52.86,24.53,Loyal Stage
e2d8dff7c014ff45d4aa5d3d5ec9746e,0.0,75.96,24.04,Regular Customer,Regular Marketing,37.98,53.17,24.04,Loyal Stage
e2d911b9c9ec50ffcdbb80b4aa8e7f2d,49.5,76.25,23.75,Regular Customer,Regular Marketing,38.31,53.49,23.75,Loyal Stage
e2d97fc95eece649959f38c78dcf08ef,139.9,75.91,24.09,VIP Customer,VIP Loyalty Benefits,38.48,53.45,24.09,Loyal Stage
e2ddff1bf91c0d4071fa08a29cf9a058,0.0,77.0,23.0,Regular Customer,Regular Marketing,38.5,53.9,23.0,Loyal Stage
e2dfa3127fedbbca9707b36304996dab,19.9,75.68,24.32,Regular Customer,Regular Marketing,37.91,53.02,24.32,Loyal Stage
e2e2cbe6162376442313b303f91eb383,39.99,76.59,23.41,Regular Customer,Regular Marketing,38.44,53.7,23.41,Loyal Stage
e2e837f34a7452e60dfe4473b226ee63,209.9,75.86,24.14,VIP Customer,VIP Loyalty Benefits,38.71,53.57,24.14,Loyal Stage
e2eccded4516223f9c6391bee103a4c4,30.0,76.47,23.53,Regular Customer,Regular Marketing,38.35,53.6,23.53,Loyal Stage
e2feed3c94648835d593c14acb8e3808,735.0,77.06,22.94,VIP Customer,VIP Loyalty Benefits,41.26,55.58,22.94,Loyal Stage
e303facb69575b2c1df8ce0675967c68,219.99,75.83,24.17,VIP Customer,VIP Loyalty Benefits,38.73,53.57,24.17,Loyal Stage
e308ebcaa4a772d62021970d05532860,0.0,75.96,24.04,Regular Customer,Regular Marketing,37.98,53.17,24.04,Loyal Stage
e30dbfab1300dabe1739206611630681,148.9,76.6,23.4,VIP Customer,VIP Loyalty Benefits,38.85,53.95,23.4,Loyal Stage
e30f9d06161ae3ff47f0206f2280be33,169.9,76.63,23.37,VIP Customer,VIP Loyalty Benefits,38.95,54.02,23.37,Loyal Stage
e3190cb18f524a87ea71c46564c77c02,99.0,77.15,22.85,Regular Customer,Regular Marketing,38.94,54.22,22.85,Loyal Stage
e31987582a11ad40fd6ee847749fa907,189.0,76.35,23.65,VIP Customer,VIP Loyalty Benefits,38.88,53.87,23.65,Loyal Stage
e31d850f72f8813816d9c163a26b7da2,172.0,75.7,24.3,VIP Customer,VIP Loyalty Benefits,38.49,53.37,24.3,Loyal Stage
e3259b1ff361ce816be518b2a3efed3f,139.0,76.43,23.57,VIP Customer,VIP Loyalty Benefits,38.73,53.81,23.57,Loyal Stage
e33e58f0dfe9b327752c1aa21f004547,46.9,77.12,22.88,Regular Customer,Regular Marketing,38.73,54.09,22.88,Loyal Stage
e34db2a708052454521174717265adc5,539.0,77.49,22.51,VIP Customer,VIP Loyalty Benefits,40.75,55.45,22.51,Loyal Stage
e34f687f8ca6574b49b07eaf3aa84400,55.0,76.05,23.95,Regular Customer,Regular Marketing,38.23,53.36,23.95,Loyal Stage
e3516dfa2db85b7f75ccff1bda80a011,39.9,76.54,23.46,Regular Customer,Regular Marketing,38.42,53.67,23.46,Loyal Stage
e3683a4781cf392142a1f8142ac17cb8,35.9,76.43,23.57,Regular Customer,Regular Marketing,38.35,53.58,23.57,Loyal Stage
e36d108281c19ba00d15de8880a51b69,1189.0,76.27,23.73,VIP Customer,VIP Loyalty Benefits,42.56,56.04,23.73,Loyal Stage
e377739a26701e21004f39c3fd8870fa,75.0,76.49,23.51,Regular Customer,Regular Marketing,38.52,53.71,23.51,Loyal Stage
e3a780e68fefbc2ff9d44a54d4d25779,22.32,76.15,23.85,Regular Customer,Regular Marketing,38.16,53.36,23.85,Loyal Stage
e3c80e60689c5ee108d6998a704d4cb1,12.51,76.29,23.71,Regular Customer,Regular Marketing,38.19,53.43,23.71,Loyal Stage
e3cb66927f3de4437c849c5798499edd,79.0,77.07,22.93,Regular Customer,Regular Marketing,38.83,54.13,22.93,Loyal Stage
e3d27297e7073784eb43c4ab3f1288fb,79.99,76.34,23.66,Regular Customer,Regular Marketing,38.47,53.62,23.66,Loyal Stage
e3d3e9dff2a7b360d9e574aa65e4ac0d,125.9,75.53,24.47,Regular Customer,Regular Marketing,38.23,53.15,24.47,Loyal Stage
e3d72218a378312ea9f9b5d721a59d96,69.9,76.43,23.57,Regular Customer,Regular Marketing,38.48,53.66,23.57,Loyal Stage
e3ed1546ef765e183ab141f7a0457fa7,44.0,75.61,24.39,Regular Customer,Regular Marketing,37.97,53.03,24.39,Loyal Stage
e3eef2ad9ef550b61e3937e17029d951,17.9,75.27,24.73,Regular Customer,Regular Marketing,37.7,52.73,24.73,Loyal Stage
e3fe811011101628e80a7953f1244c8d,1795.0,76.97,23.03,VIP Customer,VIP Loyalty Benefits,45.16,57.88,23.03,Loyal Stage
e40feda1def9657e76e2d49e27d43bb0,11.2,76.44,23.56,Regular Customer,Regular Marketing,38.26,53.53,23.56,Loyal Stage
e41a8efb5ace46bf64966f63665a8cc6,196.8,75.84,24.16,VIP Customer,VIP Loyalty Benefits,38.65,53.53,24.16,Loyal Stage
e41c51c28b4854979a6d8eab7ad44e2f,253.98,76.19,23.81,VIP Customer,VIP Loyalty Benefits,39.04,53.9,23.81,Loyal Stage
e41dc818559a06eb68af14c3ea952d6e,115.0,76.08,23.92,Regular Customer,Regular Marketing,38.47,53.51,23.92,Loyal Stage
e4254cecb617103766e3384c7d203e2b,15.49,76.71,23.29,Regular Customer,Regular Marketing,38.41,53.73,23.29,Loyal Stage
e428b46d4645f1d7db520d95b2e446ee,1323.0,77.98,22.02,VIP Customer,VIP Loyalty Benefits,43.91,57.54,22.02,Loyal Stage
e42c4dd98307152b732690ea8bc5f61d,49.99,75.57,24.43,Regular Customer,Regular Marketing,37.97,53.01,24.43,Loyal Stage
e43977fa0ec0e6106858b8df6e682bed,29.99,75.54,24.46,Regular Customer,Regular Marketing,37.88,52.94,24.46,Loyal Stage
e43e7031cd89dd0ac61dd44b840c311f,13.65,76.0,24.0,Regular Customer,Regular Marketing,38.05,53.23,24.0,Loyal Stage
e44a59cd3178714eaf095face6112af5,59.99,77.19,22.81,Regular Customer,Regular Marketing,38.82,54.17,22.81,Loyal Stage
e464ca77147e56dc6e7f51668e24ae61,299.9,76.51,23.49,VIP Customer,VIP Loyalty Benefits,39.37,54.23,23.49,Loyal Stage
e46706b81c7ef523987cf1cc271964c6,57.98,76.0,24.0,Regular Customer,Regular Marketing,38.22,53.33,24.0,Loyal Stage
e4746dd3d0505d63f0ff08366a0fc8ca,122.9,75.78,24.22,Regular Customer,Regular Marketing,38.35,53.32,24.22,Loyal Stage
e47ba3ef87976e60982c101eeb0370c0,89.0,76.77,23.23,Regular Customer,Regular Marketing,38.72,53.94,23.23,Loyal Stage
e4951b10e341a56871ef584deab3f2ef,119.9,77.43,22.57,Regular Customer,Regular Marketing,39.16,54.47,22.57,Loyal Stage
e4971a4defaf07a1d7f2ff615a32c809,149.0,76.55,23.45,VIP Customer,VIP Loyalty Benefits,38.83,53.92,23.45,Loyal Stage
e4bbc30179d3836f29479b8905476120,229.9,75.89,24.11,VIP Customer,VIP Loyalty Benefits,38.8,53.64,24.11,Loyal Stage
e4c90e78c9eb1d52ed85ecdac5079cc3,39.9,75.56,24.44,Regular Customer,Regular Marketing,37.93,52.98,24.44,Loyal Stage
e4ccba2bd3c63fd05d8db68df49391f5,0.0,75.34,24.66,Regular Customer,Regular Marketing,37.67,52.74,24.66,Loyal Stage
e4cf8c263af80448527b5497d9be8034,0.0,76.53,23.47,Regular Customer,Regular Marketing,38.26,53.57,23.47,Loyal Stage
e4dd2a3be7786eb96210f216cc4cc0c8,138.9,77.41,22.59,VIP Customer,VIP Loyalty Benefits,39.22,54.5,22.59,Loyal Stage
e4fa7cfb2fdfee15f637c82be76439db,44.9,76.65,23.35,Regular Customer,Regular Marketing,38.49,53.75,23.35,Loyal Stage
e4fa7e3641d015919cf66a0919c1e7e6,99.9,76.68,23.32,Regular Customer,Regular Marketing,38.71,53.9,23.32,Loyal Stage
e500f96ccd277c75e55965ef5244d81f,32.9,76.53,23.47,Regular Customer,Regular Marketing,38.39,53.65,23.47,Loyal Stage
e50756a1f601b707158af7993609f51e,0.0,75.55,24.45,Regular Customer,Regular Marketing,37.78,52.89,24.45,Loyal Stage
e50e53d97c4955e406bbeeb12c53fd90,79.99,75.57,24.43,Regular Customer,Regular Marketing,38.08,53.08,24.43,Loyal Stage
e50ea15dcac31a9d71774941d06ca5da,47.49,76.86,23.14,Regular Customer,Regular Marketing,38.61,53.91,23.14,Loyal Stage
e50ff3ebfcf05fa082ade56e01b56539,220.64,76.6,23.4,VIP Customer,VIP Loyalty Benefits,39.12,54.11,23.4,Loyal Stage
e523519447b1f83438adcb13ee2cf067,132.3,76.94,23.06,Regular Customer,Regular Marketing,38.96,54.15,23.06,Loyal Stage
e5238c097c0acab2f2c670c275e46622,35.9,76.23,23.77,Regular Customer,Regular Marketing,38.25,53.44,23.77,Loyal Stage
e527d87e5717a8e1432c67e902a56a9b,129.99,76.47,23.53,Regular Customer,Regular Marketing,38.72,53.82,23.53,Loyal Stage
e52ae9727cc55d618b980d016a274cc7,28.9,76.94,23.06,Regular Customer,Regular Marketing,38.58,53.92,23.06,Loyal Stage
e52d8bf5666be73028f2573fb19d1304,259.0,76.97,23.03,VIP Customer,VIP Loyalty Benefits,39.45,54.46,23.03,Loyal Stage
e52db8b14f1a94725559dc98bca4767f,19.0,75.68,24.32,Regular Customer,Regular Marketing,37.91,53.02,24.32,Loyal Stage
e53fd5575f1418397aae732c5755b6fc,74.99,76.51,23.49,Regular Customer,Regular Marketing,38.53,53.72,23.49,Loyal Stage
e5440d697a12998b140e0aea7a10b699,0.0,77.05,22.95,Regular Customer,Regular Marketing,38.52,53.93,22.95,Loyal Stage
e54cd7fdf18d3b5b54bcc11ca2dfff43,170.0,76.63,23.37,VIP Customer,VIP Loyalty Benefits,38.95,54.02,23.37,Loyal Stage
e55254150e99e2adbadca3229db845e1,0.0,75.91,24.09,Regular Customer,Regular Marketing,37.96,53.14,24.09,Loyal Stage
e55f39718755a991235a2bf63524ecc7,78.0,76.91,23.09,Regular Customer,Regular Marketing,38.75,54.01,23.09,Loyal Stage
e575913379fcdf7109c06d86e2370dc8,35.0,76.74,23.26,Regular Customer,Regular Marketing,38.5,53.8,23.26,Loyal Stage
e57e1263fa37d4e850f6176b511a2f86,27.0,77.09,22.91,Regular Customer,Regular Marketing,38.65,54.03,22.91,Loyal Stage
e58058c12e135eefae89c8b3cf7c4915,72.9,76.9,23.1,Regular Customer,Regular Marketing,38.72,53.99,23.1,Loyal Stage
e581648cf932a39025be2099a9f81cef,35.400000000000006,75.96,24.04,Regular Customer,Regular Marketing,38.11,53.25,24.04,Loyal Stage
e581f5bacf37ab239992e761964278a2,99.9,76.06,23.94,Regular Customer,Regular Marketing,38.4,53.46,23.94,Loyal Stage
e58697e3a253c253e1582f8c4f4c54ff,169.8,77.66,22.34,VIP Customer,VIP Loyalty Benefits,39.46,54.74,22.34,Loyal Stage
e590250cff422faa26bd9255178f3c96,89.99,76.72,23.28,Regular Customer,Regular Marketing,38.69,53.9,23.28,Loyal Stage
e5912280c9d8c14b4e7778df669dea07,89.0,76.04,23.96,Regular Customer,Regular Marketing,38.35,53.43,23.96,Loyal Stage
e59a44f1fa1a252ad6aa27c0aa25a195,79.99,76.86,23.14,Regular Customer,Regular Marketing,38.73,53.98,23.14,Loyal Stage
e59cd587c54b08a0e738826916aa3c90,38.79,76.85,23.15,Regular Customer,Regular Marketing,38.57,53.88,23.15,Loyal Stage
e5a4f6d7cc11cfd5f32e6e5adde8d127,0.0,77.2,22.8,Regular Customer,Regular Marketing,38.6,54.04,22.8,Loyal Stage
e5a90deae8eef691859d8bd3649c5536,32.0,76.79,23.21,Regular Customer,Regular Marketing,38.51,53.82,23.21,Loyal Stage
e5abd4bd2e04113674acc360e4263918,69.99,76.07,23.93,Regular Customer,Regular Marketing,38.3,53.41,23.93,Loyal Stage
e5b86448d125ee2817796bfe970cd36a,110.0,75.61,24.39,Regular Customer,Regular Marketing,38.21,53.17,24.39,Loyal Stage
e5bee76940f29eab0876f6d14bec736b,43.75,76.65,23.35,Regular Customer,Regular Marketing,38.49,53.75,23.35,Loyal Stage
e5c15c419e8e41f53d9597a5a61407b2,48.0,76.14,23.86,Regular Customer,Regular Marketing,38.25,53.41,23.86,Loyal Stage
e5cb6e20bd2aeb88e34f6c01b5172a81,119.0,76.04,23.96,Regular Customer,Regular Marketing,38.46,53.49,23.96,Loyal Stage
e5cf9da72b751849b7b217f7a943d0fa,100.0,75.54,24.46,Regular Customer,Regular Marketing,38.14,53.1,24.46,Loyal Stage
e5e3e1fad89da9c8c99fc257c9c32b6a,39.9,75.97,24.03,Regular Customer,Regular Marketing,38.13,53.27,24.03,Loyal Stage
e5e7fc98560b209c5b05ac748b05cbf7,29.9,76.68,23.32,Regular Customer,Regular Marketing,38.45,53.74,23.32,Loyal Stage
e5f09d250da9f4af65809ff0d6df13eb,90.0,75.53,24.47,Regular Customer,Regular Marketing,38.1,53.07,24.47,Loyal Stage
e5f19a93cf85b13edc0376d90e4a0ba5,40.8,75.62,24.38,Regular Customer,Regular Marketing,37.96,53.02,24.38,Loyal Stage
e5f5af6441c76249e4b9f69b94a767b5,289.0,77.38,22.62,VIP Customer,VIP Loyalty Benefits,39.77,54.81,22.62,Loyal Stage
e61223d8541c97dcd02bdc3c609db1d6,0.0,76.07,23.93,Regular Customer,Regular Marketing,38.03,53.25,23.93,Loyal Stage
e61ed94be587e719814c1416005a5123,19.9,76.31,23.69,Regular Customer,Regular Marketing,38.23,53.46,23.69,Loyal Stage
e61f0f032bc92cadf0ec55f9c1c8b5ec,186.4,77.28,22.72,VIP Customer,VIP Loyalty Benefits,39.33,54.51,22.72,Loyal Stage
e629f10b5c6e7845a504e10c3cb1dea5,66.7,76.17,23.83,Regular Customer,Regular Marketing,38.33,53.47,23.83,Loyal Stage
e62c31e923ffb28c1aaf4d6cd6a74286,0.0,75.76,24.24,Regular Customer,Regular Marketing,37.88,53.03,24.24,Loyal Stage
e64494c8d47715e6604862013761e07b,329.0,76.66,23.34,VIP Customer,VIP Loyalty Benefits,39.55,54.39,23.34,Loyal Stage
e6488d17c6c6331cdc09695741df024d,0.0,76.33,23.67,Regular Customer,Regular Marketing,38.16,53.43,23.67,Loyal Stage
e652aa1b63bd07fcb1e090cedfdfa094,26.9,76.11,23.89,Regular Customer,Regular Marketing,38.16,53.34,23.89,Loyal Stage
e65e882df8b8a0324e3ce1845a79a797,79.0,76.29,23.71,Regular Customer,Regular Marketing,38.44,53.58,23.71,Loyal Stage
e668e6ddbe00d7a04540ebb0c5647faf,0.0,75.55,24.45,Regular Customer,Regular Marketing,37.78,52.89,24.45,Loyal Stage
e66900fc247846e82a8cc525ba94d87d,99.9,76.78,23.22,Regular Customer,Regular Marketing,38.76,53.97,23.22,Loyal Stage
e67ac9785a0dbbb134040135a75cdb71,233.8,77.3,22.7,VIP Customer,VIP Loyalty Benefits,39.52,54.63,22.7,Loyal Stage
e67af8925065dd06c328c843eecf1328,0.0,75.34,24.66,Regular Customer,Regular Marketing,37.67,52.74,24.66,Loyal Stage
e67fade5c7d2afb5446c930b10210434,32.0,75.39,24.61,Regular Customer,Regular Marketing,37.81,52.84,24.61,Loyal Stage
e695f9738e2db2efdb1143e722c2ec63,0.0,75.6,24.4,Regular Customer,Regular Marketing,37.8,52.92,24.4,Loyal Stage
e69f2718de164c3f1a592ec3f3e68dd3,118.13,77.12,22.88,Regular Customer,Regular Marketing,39.0,54.25,22.88,Loyal Stage
e6a357e59fe2d9269e1a87bd55f0425f,439.8,77.08,22.92,VIP Customer,VIP Loyalty Benefits,40.18,54.94,22.92,Loyal Stage
e6a62223a75ff54ef03810f253527b61,52.9,76.97,23.03,Regular Customer,Regular Marketing,38.68,54.0,23.03,Loyal Stage
e6b5ad3a28f39ba76606c8d81aa72b27,11.87,76.14,23.86,Regular Customer,Regular Marketing,38.11,53.32,23.86,Loyal Stage
e6c7994b4e2c0834fd605d13eb61cda7,150.0,76.86,23.14,VIP Customer,VIP Loyalty Benefits,38.99,54.14,23.14,Loyal Stage
e6d81f3fb913a50c0c94769669226eb1,89.0,76.87,23.13,Regular Customer,Regular Marketing,38.77,54.01,23.13,Loyal Stage
e6e7efe4f4a9224c5ec58c2f6f52cfd4,220.0,76.4,23.6,VIP Customer,VIP Loyalty Benefits,39.02,53.97,23.6,Loyal Stage
e6e8ea2a2c2e768f5824ef27196ed655,57.95,76.36,23.64,Regular Customer,Regular Marketing,38.4,53.58,23.64,Loyal Stage
e6eaee40c7a7c72731ecba5debb98324,379.9,76.69,23.31,VIP Customer,VIP Loyalty Benefits,39.76,54.53,23.31,Loyal Stage
e6f7ddad5d0159e391e27db652c17246,111.57,76.13,23.87,Regular Customer,Regular Marketing,38.48,53.54,23.87,Loyal Stage
e6fdeb2ae78e71035c9db4c86e778455,99.0,76.37,23.63,Regular Customer,Regular Marketing,38.55,53.68,23.63,Loyal Stage
e706413ab8ea0f24e331d90182dbd897,27.93,76.78,23.22,Regular Customer,Regular Marketing,38.49,53.81,23.22,Loyal Stage
e72953f6ea9d26fbee12baac9761e7aa,24.9,76.99,23.01,Regular Customer,Regular Marketing,38.59,53.95,23.01,Loyal Stage
e72ca4ec535043aba6d08184a176341a,0.0,77.0,23.0,Regular Customer,Regular Marketing,38.5,53.9,23.0,Loyal Stage
e731926bdabcb86e3d65a3c40472dd3a,28.0,75.44,24.56,Regular Customer,Regular Marketing,37.82,52.87,24.56,Loyal Stage
e7377e409d6dc9d17393a8fe0bfa8f17,19.9,76.98,23.02,Regular Customer,Regular Marketing,38.56,53.93,23.02,Loyal Stage
e73dfc1e995ee8fd46663d6fa7136312,24.99,75.43,24.57,Regular Customer,Regular Marketing,37.81,52.86,24.57,Loyal Stage
e7448e1e1479af466988b0b5a3f7f565,166.99,76.78,23.22,VIP Customer,VIP Loyalty Benefits,39.01,54.12,23.22,Loyal Stage
e75777ab515d2750cdc5124052a0dfee,527.9,76.85,23.15,VIP Customer,VIP Loyalty Benefits,40.39,54.97,23.15,Loyal Stage
e7674094a73ba0e054374f8d3e5581d8,250.0,76.54,23.46,VIP Customer,VIP Loyalty Benefits,39.2,54.14,23.46,Loyal Stage
e76c8258cfa1b0c9ed716977fb84f0c8,19.9,76.93,23.07,Regular Customer,Regular Marketing,38.54,53.9,23.07,Loyal Stage
e77bbaae2e466b411e98cb9bed821a06,37.9,76.28,23.72,Regular Customer,Regular Marketing,38.28,53.48,23.72,Loyal Stage
e780757b43bdb9a1abdf5bc54dfbf54e,0.0,77.0,23.0,Regular Customer,Regular Marketing,38.5,53.9,23.0,Loyal Stage
e791de1ba26a76b40c0e6e2e9a5eccae,175.06,76.38,23.62,VIP Customer,VIP Loyalty Benefits,38.84,53.86,23.62,Loyal Stage
e79c794eb044c594d923722240125052,2199.0,78.98,21.02,VIP Customer,VIP Loyalty Benefits,47.67,60.19,21.02,Loyal Stage
e7a33387c87622502c3de0b339f33c4f,69.99,76.07,23.93,Regular Customer,Regular Marketing,38.3,53.41,23.93,Loyal Stage
e7d6f5cff2438726fe10482cae9c257b,6.5,76.39,23.61,Regular Customer,Regular Marketing,38.22,53.49,23.61,Loyal Stage
e7e4ae6b758798774a5fa6afdc236c02,117.0,77.33,22.67,Regular Customer,Regular Marketing,39.1,54.39,22.67,Loyal Stage
e7f5d606557690f1afa6e202a4e5bfb6,120.0,77.13,22.87,Regular Customer,Regular Marketing,39.01,54.26,22.87,Loyal Stage
e7f7c15d69b5365b51b4cd18f10641a1,0.0,75.5,24.5,Regular Customer,Regular Marketing,37.75,52.85,24.5,Loyal Stage
e7f839c9b3a98cb32c50eebf9cc1daf5,139.0,75.86,24.14,VIP Customer,VIP Loyalty Benefits,38.45,53.41,24.14,Loyal Stage
e803bc718f4ff3c615edf9d17e4719b0,0.0,77.05,22.95,Regular Customer,Regular Marketing,38.52,53.93,22.95,Loyal Stage
e818c8b2e6e424d2ea096f4da494dd4f,84.0,77.18,22.82,Regular Customer,Regular Marketing,38.9,54.21,22.82,Loyal Stage
e81e9d35d842afb8fc184b1ba90a7a74,48.9,76.35,23.65,Regular Customer,Regular Marketing,38.36,53.56,23.65,Loyal Stage
e823e677e884eb2ef2fcb871ddd3c182,49.0,76.19,23.81,Regular Customer,Regular Marketing,38.28,53.44,23.81,Loyal Stage
e8258022c5060b1f3d861556a17fd741,2029.0,79.15,20.85,VIP Customer,VIP Loyalty Benefits,47.12,59.93,20.85,Loyal Stage
e839774c9d31569dba47946296e58b33,19.8,75.63,24.37,Regular Customer,Regular Marketing,37.89,52.99,24.37,Loyal Stage
e839a76df26cb5363c65e76beb9847e1,139.9,76.84,23.16,VIP Customer,VIP Loyalty Benefits,38.94,54.1,23.16,Loyal Stage
e842452b583e70fc5a06614d85613f7d,84.9,76.4,23.6,Regular Customer,Regular Marketing,38.52,53.67,23.6,Loyal Stage
e84ac1e802114860d63efeff52694d38,116.9,76.76,23.24,Regular Customer,Regular Marketing,38.81,53.99,23.24,Loyal Stage
e84e318fa505b77fd51fcc2b2a897f84,19.99,75.94,24.06,Regular Customer,Regular Marketing,38.04,53.2,24.06,Loyal Stage
e855df677dcf0d237ed583793afd7988,44.0,76.86,23.14,Regular Customer,Regular Marketing,38.59,53.9,23.14,Loyal Stage
e856fc86ae5d181c39c3517c5ba26966,65.0,75.9,24.1,Regular Customer,Regular Marketing,38.19,53.27,24.1,Loyal Stage
e85be0be583739e17f45229af03108eb,59.99,75.74,24.26,Regular Customer,Regular Marketing,38.09,53.15,24.26,Loyal Stage
e86daf283cea342d45723ddd6b84a6cb,157.99,77.24,22.76,VIP Customer,VIP Loyalty Benefits,39.21,54.42,22.76,Loyal Stage
e8778333232db29aca33e0c882156665,122.99,77.13,22.87,Regular Customer,Regular Marketing,39.02,54.26,22.87,Loyal Stage
e88704adc73b8ffee316e21ae63e6f0e,47.99,75.93,24.07,Regular Customer,Regular Marketing,38.14,53.26,24.07,Loyal Stage
e88dd2ba7d3e63652b7713c46c4bc4a3,219.0,76.55,23.45,VIP Customer,VIP Loyalty Benefits,39.09,54.07,23.45,Loyal Stage
e89eff2dea04c668730bdc3431955091,129.0,76.31,23.69,Regular Customer,Regular Marketing,38.63,53.7,23.69,Loyal Stage
e8b52d1cd5a4a7ac4aaf3e4a73405534,198.67,76.16,23.84,VIP Customer,VIP Loyalty Benefits,38.82,53.76,23.84,Loyal Stage
e8bd862671b91740e8974845b6998048,49.9,77.18,22.82,Regular Customer,Regular Marketing,38.78,54.14,22.82,Loyal Stage
e8de5b217669cd4d0a026f97656068d6,0.0,75.86,24.14,Regular Customer,Regular Marketing,37.93,53.1,24.14,Loyal Stage
e8dee9ef84844514885d71055d2864b6,54.9,76.87,23.13,Regular Customer,Regular Marketing,38.64,53.93,23.13,Loyal Stage
e8ee87639752424dce21f6b829a650d8,44.5,75.67,24.33,Regular Customer,Regular Marketing,38.0,53.07,24.33,Loyal Stage
e8fb438711245035d8b3c27d4d2d1824,107.99,76.9,23.1,Regular Customer,Regular Marketing,38.85,54.07,23.1,Loyal Stage
e90ca1e5b63f2408745812944196f43d,0.0,76.48,23.52,Regular Customer,Regular Marketing,38.24,53.54,23.52,Loyal Stage
e90dc9258e140b61728e3745eacb26fe,479.77,77.04,22.96,VIP Customer,VIP Loyalty Benefits,40.3,55.0,22.96,Loyal Stage
e915a4cd5b7f42eebf37f637177ecff9,30.0,76.06,23.94,Regular Customer,Regular Marketing,38.14,53.31,23.94,Loyal Stage
e91806f87029b7c1a2c758317d93b8ba,0.0,76.28,23.72,Regular Customer,Regular Marketing,38.14,53.4,23.72,Loyal Stage
e922cef65c84977f14c662eb2ab386ae,55.9,77.14,22.86,Regular Customer,Regular Marketing,38.78,54.12,22.86,Loyal Stage
e9275e3687ca3cba55a85dd2d2780c4a,27.19,75.74,24.26,Regular Customer,Regular Marketing,37.97,53.08,24.26,Loyal Stage
e936b5a035e2b0505863a9aa31f32280,116.9,76.4,23.6,Regular Customer,Regular Marketing,38.63,53.74,23.6,Loyal Stage
e9460d74f131e328cfe6d3ccd5c80600,23.99,76.62,23.38,Regular Customer,Regular Marketing,38.4,53.69,23.38,Loyal Stage
e9494560865a85c42137b2620c9a0889,153.0,76.6,23.4,VIP Customer,VIP Loyalty Benefits,38.87,53.96,23.4,Loyal Stage
e95816344b80cf6d81799e1f75e3a456,35.9,75.81,24.19,Regular Customer,Regular Marketing,38.04,53.15,24.19,Loyal Stage
e961aba0dbef8eec5dd1e8e43a20fcf9,105.0,75.6,24.4,Regular Customer,Regular Marketing,38.19,53.15,24.4,Loyal Stage
e96d1b49177fb2d417849292cb34f0ff,14.99,75.67,24.33,Regular Customer,Regular Marketing,37.89,53.0,24.33,Loyal Stage
e97c5f18640a6f7fbc4d95d3b0306f27,289.99,77.48,22.52,VIP Customer,VIP Loyalty Benefits,39.82,54.88,22.52,Loyal Stage
e97f5c3887ce5fba03be582cecf47fa8,150.0,77.02,22.98,VIP Customer,VIP Loyalty Benefits,39.07,54.25,22.98,Loyal Stage
e981cdb906f62ba7b18d1a3e54abccf9,0.0,76.64,23.36,Regular Customer,Regular Marketing,38.32,53.65,23.36,Loyal Stage
e983d6a5d6a92e29fcc48d7b42a6031e,395.0,76.92,23.08,VIP Customer,VIP Loyalty Benefits,39.93,54.73,23.08,Loyal Stage
e988d62d7f4cc99ba5c365220d1c17b3,0.0,77.05,22.95,Regular Customer,Regular Marketing,38.52,53.93,22.95,Loyal Stage
e98eeab9a594b566972d16c8fb6e36bc,299.99,76.93,23.07,VIP Customer,VIP Loyalty Benefits,39.58,54.52,23.07,Loyal Stage
e99ca5e918ee9a06067dcdc7fd50007f,49.9,76.5,23.5,Regular Customer,Regular Marketing,38.44,53.66,23.5,Loyal Stage
e9a9d052f161cb85378f2d8e258ad122,122.49,76.25,23.75,Regular Customer,Regular Marketing,38.58,53.65,23.75,Loyal Stage
e9adf7ea1e1dbb166b5024015154104b,326.16,76.45,23.55,VIP Customer,VIP Loyalty Benefits,39.44,54.24,23.55,Loyal Stage
e9c0144e3e468a1c5b1db3239c49809f,0.0,76.22,23.78,Regular Customer,Regular Marketing,38.11,53.35,23.78,Loyal Stage
e9c657217e09113b20beb0ad56582ff2,199.0,76.78,23.22,VIP Customer,VIP Loyalty Benefits,39.13,54.19,23.22,Loyal Stage
e9d8aa15302b19dd4dc56da4342ff63d,65.0,77.25,22.75,Regular Customer,Regular Marketing,38.87,54.22,22.75,Loyal Stage
e9feb443162e083e5affc833800cb8c1,650.0,76.93,23.07,VIP Customer,VIP Loyalty Benefits,40.88,55.3,23.07,Loyal Stage
ea06f64f7343790c102c4539e3427605,45.49,75.62,24.38,Regular Customer,Regular Marketing,37.98,53.04,24.38,Loyal Stage
ea2542ee4bd82e2f5599454821c9818c,330.0,76.92,23.08,VIP Customer,VIP Loyalty Benefits,39.69,54.58,23.08,Loyal Stage
ea3074b990300d10be9cd57de434e133,129.99,76.26,23.74,Regular Customer,Regular Marketing,38.61,53.67,23.74,Loyal Stage
ea3bc531491303af49fba79aab775963,33.9,76.27,23.73,Regular Customer,Regular Marketing,38.26,53.46,23.73,Loyal Stage
ea3d952c0a58fb5f6c986c36f0c27931,0.0,77.26,22.74,Regular Customer,Regular Marketing,38.63,54.08,22.74,Loyal Stage
ea519434b78cb6612b8164c573eabf18,47.5,76.71,23.29,Regular Customer,Regular Marketing,38.53,53.8,23.29,Loyal Stage
ea5287f9b8b399e24d76a71234e43363,0.0,76.33,23.67,Regular Customer,Regular Marketing,38.16,53.43,23.67,Loyal Stage
ea53ac4f43fb2e82ad7d601fc8f5a0f1,0.0,76.17,23.83,Regular Customer,Regular Marketing,38.08,53.32,23.83,Loyal Stage
ea6c32cd21c1105cbdc3a6e10c14a75f,38.0,77.16,22.84,Regular Customer,Regular Marketing,38.72,54.1,22.84,Loyal Stage
ea72adcc82baa6d9847c2b11a448213c,189.0,75.99,24.01,VIP Customer,VIP Loyalty Benefits,38.7,53.62,24.01,Loyal Stage
ea78325835a2ce1bf307f2280a7433ea,59.0,75.43,24.57,Regular Customer,Regular Marketing,37.93,52.93,24.57,Loyal Stage
ea798a615fc2aa97241a5fb16fe6ac56,80.9,77.02,22.98,Regular Customer,Regular Marketing,38.81,54.09,22.98,Loyal Stage
ea99bd8ca369c4788331362ac4a65687,79.0,76.39,23.61,Regular Customer,Regular Marketing,38.49,53.65,23.61,Loyal Stage
eaa965037dfe77cd2cf2228a4282646c,79.0,76.7,23.3,Regular Customer,Regular Marketing,38.64,53.86,23.3,Loyal Stage
eac0d6a5f0864123464fff8650e03872,23.9,76.05,23.95,Regular Customer,Regular Marketing,38.11,53.29,23.95,Loyal Stage
eac3ccb24c384e1b34c596a3bd7f947b,0.0,75.45,24.55,Regular Customer,Regular Marketing,37.72,52.81,24.55,Loyal Stage
ead0a833638c439845fe1738f249f80e,28.9,75.64,24.36,Regular Customer,Regular Marketing,37.93,53.01,24.36,Loyal Stage
ead982afdbd7acd1f6a87c57f9177291,219.99,76.55,23.45,VIP Customer,VIP Loyalty Benefits,39.09,54.07,23.45,Loyal Stage
eae27b5d35951bf2e2317457f4d47ed4,69.9,76.38,23.62,Regular Customer,Regular Marketing,38.45,53.62,23.62,Loyal Stage
eaf2bd1b75c6a6b95c5cad214ba58be1,35.0,76.07,23.93,Regular Customer,Regular Marketing,38.17,53.33,23.93,Loyal Stage
eaf7e9bda59df77d6c2ef3bf01c355b2,0.0,76.64,23.36,Regular Customer,Regular Marketing,38.32,53.65,23.36,Loyal Stage
eafbf44c4e86700a9dec4f01f1500745,0.0,76.9,23.1,Regular Customer,Regular Marketing,38.45,53.83,23.1,Loyal Stage
eb0bb04784b2f275ec5dfd88e0b4b8a2,105.0,76.28,23.72,Regular Customer,Regular Marketing,38.53,53.63,23.72,Loyal Stage
eb0c8f36a5a4d82d68050a1b95ff2faa,56.54,76.67,23.33,Regular Customer,Regular Marketing,38.55,53.8,23.33,Loyal Stage
eb0fcaffdcd9a3e46e7eb9c4bee90cd2,859.8,78.02,21.98,VIP Customer,VIP Loyalty Benefits,42.21,56.53,21.98,Loyal Stage
eb13a7fb758dba2827ac002ad5912787,45.49,75.46,24.54,Regular Customer,Regular Marketing,37.9,52.92,24.54,Loyal Stage
eb186b16bb1f469cb5fd25efa5eb7d93,429.9,77.02,22.98,VIP Customer,VIP Loyalty Benefits,40.11,54.87,22.98,Loyal Stage
eb240714223915add224beff2d844e53,0.0,77.46,22.54,Regular Customer,Regular Marketing,38.73,54.22,22.54,Loyal Stage
eb263cefb6718fb78322d0d8e0d8239e,269.0,76.47,23.53,VIP Customer,VIP Loyalty Benefits,39.24,54.13,23.53,Loyal Stage
eb27201de77fbdd8db372b33928a5f1c,0.0,75.45,24.55,Regular Customer,Regular Marketing,37.72,52.81,24.55,Loyal Stage
eb28bff08568a482c92be706965131b6,0.0,76.43,23.57,Regular Customer,Regular Marketing,38.22,53.5,23.57,Loyal Stage
eb2f077015f1bd2425e18d03f5518252,179.9,77.06,22.94,VIP Customer,VIP Loyalty Benefits,39.2,54.34,22.94,Loyal Stage
eb2f753482ad0fe9d19138e4eb07985a,299.0,77.7,22.3,VIP Customer,VIP Loyalty Benefits,39.96,55.06,22.3,Loyal Stage
eb307efee7c5852903169b7506edaceb,29.9,75.64,24.36,Regular Customer,Regular Marketing,37.93,53.01,24.36,Loyal Stage
eb3206b9062c66139a8d70a74cc17db5,24.0,75.38,24.62,Regular Customer,Regular Marketing,37.78,52.82,24.62,Loyal Stage
eb425be5b7aefdbbc443291586081cb5,166.9,77.04,22.96,VIP Customer,VIP Loyalty Benefits,39.14,54.3,22.96,Loyal Stage
eb48ffba67cba28517bb674db18f065f,141.61,77.26,22.74,VIP Customer,VIP Loyalty Benefits,39.16,54.4,22.74,Loyal Stage
eb4a893ea8b36a4d88daeb9c433103d7,77.74,76.44,23.56,Regular Customer,Regular Marketing,38.51,53.68,23.56,Loyal Stage
eb5301eb7c5e2cb69a7baa5909173f1c,79.99,76.86,23.14,Regular Customer,Regular Marketing,38.73,53.98,23.14,Loyal Stage
eb5caa085fd188355488d899a7b41e49,21.52,75.74,24.26,Regular Customer,Regular Marketing,37.95,53.07,24.26,Loyal Stage
eb64903e7882585514a7d51e9f4c5ab0,0.0,77.05,22.95,Regular Customer,Regular Marketing,38.52,53.93,22.95,Loyal Stage
eb64d65dd4dee2707a1543c313784605,69.9,76.74,23.26,Regular Customer,Regular Marketing,38.63,53.87,23.26,Loyal Stage
eb72092064afe2ddc05010efd235f84c,21.5,75.79,24.21,Regular Customer,Regular Marketing,37.97,53.1,24.21,Loyal Stage
eb7895c1577088d6a0b86186fae2f679,45.0,76.24,23.76,Regular Customer,Regular Marketing,38.29,53.47,23.76,Loyal Stage
eb7f6a96757f0ef3ffd4eadacde32cab,267.6,76.52,23.48,VIP Customer,VIP Loyalty Benefits,39.26,54.16,23.48,Loyal Stage
eb8ba0e91b822fefb8d7f0243881647d,259.8,77.07,22.93,VIP Customer,VIP Loyalty Benefits,39.5,54.53,22.93,Loyal Stage
eb8d2efedf1ad20c664fa356b6286259,37.0,76.48,23.52,Regular Customer,Regular Marketing,38.38,53.62,23.52,Loyal Stage
eb9bde9fdb1311f9359ac51e05173d60,47.5,77.17,22.83,Regular Customer,Regular Marketing,38.76,54.12,22.83,Loyal Stage
ebd16156e915376664512033f080f70d,98.0,77.45,22.55,Regular Customer,Regular Marketing,39.09,54.43,22.55,Loyal Stage
ebd58ba85194aa2b1f60fef2eaad72f3,59.0,76.72,23.28,Regular Customer,Regular Marketing,38.58,53.84,23.28,Loyal Stage
ebec19ef82a1e635967cd50a037d41d7,0.0,76.58,23.42,Regular Customer,Regular Marketing,38.29,53.61,23.42,Loyal Stage
ebee9bb9ffc44a917e2dc7135bc38094,49.99,76.87,23.13,Regular Customer,Regular Marketing,38.62,53.92,23.13,Loyal Stage
ebf757e5d95f9bfe4cf8a3c3a4e5a5ae,65.52,77.15,22.85,Regular Customer,Regular Marketing,38.82,54.15,22.85,Loyal Stage
ebfb476205d72cf03d96be920b4680bd,599.0,76.86,23.14,VIP Customer,VIP Loyalty Benefits,40.66,55.14,23.14,Loyal Stage
ec396b753a88f3d79384cd9807fcf0eb,0.0,76.28,23.72,Regular Customer,Regular Marketing,38.14,53.4,23.72,Loyal Stage
ec3a72daf6041ec5fe6b31b03cc05752,74.99,77.06,22.94,Regular Customer,Regular Marketing,38.81,54.11,22.94,Loyal Stage
ec47a057b1148de8e769ad5d5a61961b,36.9,77.36,22.64,Regular Customer,Regular Marketing,38.82,54.24,22.64,Loyal Stage
ec4ea66c2d786c77be7966902b3f8290,32.9,76.27,23.73,Regular Customer,Regular Marketing,38.26,53.46,23.73,Loyal Stage
ec50db31685b81ff1f5945d3365204d0,0.0,76.58,23.42,Regular Customer,Regular Marketing,38.29,53.61,23.42,Loyal Stage
ec60b148601d9e3276b8d6b4b3425e33,177.0,75.86,24.14,VIP Customer,VIP Loyalty Benefits,38.59,53.5,24.14,Loyal Stage
ec6622c76335108858cb40492e5fe0d0,27.99,76.11,23.89,Regular Customer,Regular Marketing,38.16,53.34,23.89,Loyal Stage
ec86637887817c3f409600ccd5e5813d,134.97,76.16,23.84,Regular Customer,Regular Marketing,38.58,53.61,23.84,Loyal Stage
ec90a3e080dbd0634384ca481ba3d635,28.99,76.37,23.63,Regular Customer,Regular Marketing,38.29,53.52,23.63,Loyal Stage
ec94c5645e2675b550b214b0325fc371,22.32,75.53,24.47,Regular Customer,Regular Marketing,37.85,52.92,24.47,Loyal Stage
ec9eeb5f0599d9b4c013910666b563d7,110.32,76.23,23.77,Regular Customer,Regular Marketing,38.53,53.61,23.77,Loyal Stage
ec9f709ddeed0cd3ea2b20ee96f25e44,89.9,75.79,24.21,Regular Customer,Regular Marketing,38.23,53.25,24.21,Loyal Stage
eca47d88709730dffaf3f221a8f3e89b,219.0,75.77,24.23,VIP Customer,VIP Loyalty Benefits,38.7,53.53,24.23,Loyal Stage
eca792e3700ecd4974baec86183ca697,0.0,75.65,24.35,Regular Customer,Regular Marketing,37.83,52.96,24.35,Loyal Stage
ecb12ceb8cada321f17ac7b0a87a3d6d,138.0,75.96,24.04,Regular Customer,Regular Marketing,38.49,53.48,24.04,Loyal Stage
ecc372d277dfbc7eaae444c3839f95d4,0.0,76.07,23.93,Regular Customer,Regular Marketing,38.03,53.25,23.93,Loyal Stage
ecd33f750e25a3b5587a040a456a2854,0.0,76.9,23.1,Regular Customer,Regular Marketing,38.45,53.83,23.1,Loyal Stage
ecfe915a07182f93120e1f4f1e4be664,75.0,76.8,23.2,Regular Customer,Regular Marketing,38.68,53.93,23.2,Loyal Stage
ed146be95fe60d3038e6dc86c8ce27eb,0.0,77.1,22.9,Regular Customer,Regular Marketing,38.55,53.97,22.9,Loyal Stage
ed1726473f5f6971b27a9870578a0e84,8.99,76.81,23.19,Regular Customer,Regular Marketing,38.44,53.79,23.19,Loyal Stage
ed1afe47bea70352b2a97c8ca173557e,16.0,76.45,23.55,Regular Customer,Regular Marketing,38.28,53.55,23.55,Loyal Stage
ed1dab3e2a156ab47043d93fae898a0d,284.9,76.44,23.56,VIP Customer,VIP Loyalty Benefits,39.28,54.14,23.56,Loyal Stage
ed35233010075c5ed9c70159e8f6aca9,29.8,77.04,22.96,Regular Customer,Regular Marketing,38.63,53.99,22.96,Loyal Stage
ed61830f49acb8f6926d5bfad923fc57,39.99,77.06,22.94,Regular Customer,Regular Marketing,38.68,54.03,22.94,Loyal Stage
ed6319ffefb5dd25d861b977d3acb234,0.0,76.33,23.67,Regular Customer,Regular Marketing,38.16,53.43,23.67,Loyal Stage
ed6923bff4d0397e4f5bb4b64ec97b85,15.99,75.88,24.12,Regular Customer,Regular Marketing,38.0,53.15,24.12,Loyal Stage
ed770d411ea2e927e3b2dc575c0ca653,66.55,75.91,24.09,Regular Customer,Regular Marketing,38.2,53.28,24.09,Loyal Stage
ed788f0856b85ee36ed4a52a964f1988,64.0,75.7,24.3,Regular Customer,Regular Marketing,38.09,53.13,24.3,Loyal Stage
ed81c5511c2d9be4bdcdad56d26d822a,0.0,76.43,23.57,Regular Customer,Regular Marketing,38.22,53.5,23.57,Loyal Stage
ed9804f42ea58ef893439f6cd0355cf8,89.0,77.24,22.76,Regular Customer,Regular Marketing,38.95,54.27,22.76,Loyal Stage
eda2ca88eda95ea85369d0a4a197f7c8,170.0,76.27,23.73,VIP Customer,VIP Loyalty Benefits,38.77,53.77,23.73,Loyal Stage
edb1beb47119259b23ce3aefb41535d5,0.0,77.05,22.95,Regular Customer,Regular Marketing,38.52,53.93,22.95,Loyal Stage
edb64356e3fe3a3c3f807d790469b94d,0.0,77.2,22.8,Regular Customer,Regular Marketing,38.6,54.04,22.8,Loyal Stage
edb746e66c06ef98b7b78e6666c2ccd7,0.0,76.07,23.93,Regular Customer,Regular Marketing,38.03,53.25,23.93,Loyal Stage
edbc116669001dfae2e4b0b7d23f7b12,0.0,75.81,24.19,Regular Customer,Regular Marketing,37.9,53.06,24.19,Loyal Stage
edc2109d7cb3751ddb94b282bf5defb3,49.99,76.4,23.6,Regular Customer,Regular Marketing,38.39,53.59,23.6,Loyal Stage
edcc520042f879209c46ed4a773dbf4a,69.9,76.17,23.83,Regular Customer,Regular Marketing,38.35,53.48,23.83,Loyal Stage
edd2329bf3243402e14e0779270088c6,99.0,76.84,23.16,Regular Customer,Regular Marketing,38.79,54.01,23.16,Loyal Stage
edde2314c6c30e864a128ac95d6b2112,4399.87,82.67,17.33,VIP Customer,VIP Loyalty Benefits,57.7,67.69,17.33,Loyal Stage
ede1ea2289df1d00cd59334762b0bd43,42.99,76.8,23.2,Regular Customer,Regular Marketing,38.56,53.86,23.2,Loyal Stage
ede1f1d3e3e1ffad65670d87556c74c4,61.4,76.06,23.94,Regular Customer,Regular Marketing,38.26,53.38,23.94,Loyal Stage
edf55e0391148600e839275491f147e5,49.9,76.71,23.29,Regular Customer,Regular Marketing,38.54,53.81,23.29,Loyal Stage
edfb9099f50ab0cfe5f871bb34797782,0.0,75.91,24.09,Regular Customer,Regular Marketing,37.96,53.14,24.09,Loyal Stage
ee04cc9bca4c9198bec5c54c2542dd3b,206.89,76.33,23.67,VIP Customer,VIP Loyalty Benefits,38.93,53.89,23.67,Loyal Stage
ee0a502ce0f319eb6a2f8de3ed0188da,319.9,77.06,22.94,VIP Customer,VIP Loyalty Benefits,39.72,54.66,22.94,Loyal Stage
ee14a0f27c22f7cde8088164e2e0a776,74.9,75.92,24.08,Regular Customer,Regular Marketing,38.24,53.31,24.08,Loyal Stage
ee175b014077193f736905fa78257494,0.0,75.34,24.66,Regular Customer,Regular Marketing,37.67,52.74,24.66,Loyal Stage
ee220a0ce9c24b1db2a23851426142cb,219.0,76.24,23.76,VIP Customer,VIP Loyalty Benefits,38.93,53.85,23.76,Loyal Stage
ee255ff37746ba33e1d124150cadf936,59.9,76.93,23.07,Regular Customer,Regular Marketing,38.69,53.99,23.07,Loyal Stage
ee2ae386ededd7a2d330328f06927ac4,239.9,76.69,23.31,VIP Customer,VIP Loyalty Benefits,39.24,54.22,23.31,Loyal Stage
ee35feab2d4d97321df40774d0cd035c,97.5,75.39,24.61,Regular Customer,Regular Marketing,38.06,52.99,24.61,Loyal Stage
ee3719b7c352b9582aae9f515946f207,149.9,77.28,22.72,VIP Customer,VIP Loyalty Benefits,39.2,54.43,22.72,Loyal Stage
ee5f8b9477ac498e1180a64113c9f27c,0.0,76.38,23.62,Regular Customer,Regular Marketing,38.19,53.47,23.62,Loyal Stage
ee701a5d14904e3fe7c315843db6c39e,0.0,76.33,23.67,Regular Customer,Regular Marketing,38.16,53.43,23.67,Loyal Stage
ee767b0029cd3a56e81ffda9a3029284,109.8,76.59,23.41,Regular Customer,Regular Marketing,38.7,53.86,23.41,Loyal Stage
ee8be7898424c0f509d311123cf19a8c,36.0,75.71,24.29,Regular Customer,Regular Marketing,37.99,53.08,24.29,Loyal Stage
ee94c6489208799271238c965bdbd1ac,21.52,75.53,24.47,Regular Customer,Regular Marketing,37.85,52.92,24.47,Loyal Stage
eeaa1daeb561d66db4c5e9b14cd427aa,527.9,77.73,22.27,VIP Customer,VIP Loyalty Benefits,40.83,55.59,22.27,Loyal Stage
eed97e82d597164cb7691e9e895eb9b8,42.2,76.34,23.66,Regular Customer,Regular Marketing,38.33,53.53,23.66,Loyal Stage
eee67a226fbc44e23e1fd7e747b3994f,49.9,76.3,23.7,Regular Customer,Regular Marketing,38.34,53.52,23.7,Loyal Stage
eee8e69f50656b535d8ff7c66c8d99d6,0.0,75.91,24.09,Regular Customer,Regular Marketing,37.96,53.14,24.09,Loyal Stage
eeea5c6efe33f400e94177fa497499f6,69.0,75.96,24.04,Regular Customer,Regular Marketing,38.24,53.33,24.04,Loyal Stage
eefdc2443e8e4f93e0eb1df1956047d7,0.0,75.91,24.09,Regular Customer,Regular Marketing,37.96,53.14,24.09,Loyal Stage
ef0103e9602d12594d19c2b666219bc1,0.0,78.4,21.6,Regular Customer,Regular Marketing,39.2,54.88,21.6,Loyal Stage
ef069fa3cbfa7fb1a7a2ac887bde56ea,122.99,76.51,23.49,Regular Customer,Regular Marketing,38.71,53.83,23.49,Loyal Stage
ef186057977211d72b3d6b2e35096d48,64.9,76.42,23.58,Regular Customer,Regular Marketing,38.45,53.64,23.58,Loyal Stage
ef1a484b6655fcc6f705be98a903b791,179.9,76.85,23.15,VIP Customer,VIP Loyalty Benefits,39.09,54.19,23.15,Loyal Stage
ef1c2fafea5285a4bfb61386bc5e3154,218.0,77.32,22.68,VIP Customer,VIP Loyalty Benefits,39.47,54.61,22.68,Loyal Stage
ef1cd1e79ddaac16dea245f28550ddc1,0.0,76.53,23.47,Regular Customer,Regular Marketing,38.26,53.57,23.47,Loyal Stage
ef245f48309be595dd8b4d04f60c2cff,210.0,76.02,23.98,VIP Customer,VIP Loyalty Benefits,38.79,53.68,23.98,Loyal Stage
ef2836ca1f2acebc26c0def366f83b5a,49.89,77.13,22.87,Regular Customer,Regular Marketing,38.75,54.1,22.87,Loyal Stage
ef2fa69376ed37b630703fbff1a3f688,49.5,76.97,23.03,Regular Customer,Regular Marketing,38.67,53.99,23.03,Loyal Stage
ef35633b50a08c3096ca6e753bfa3995,90.0,76.77,23.23,Regular Customer,Regular Marketing,38.72,53.94,23.23,Loyal Stage
ef3619723058855152c4c48778a0e656,0.0,76.84,23.16,Regular Customer,Regular Marketing,38.42,53.79,23.16,Loyal Stage
ef410c47887860cc88f0dd82ca5dc6aa,269.9,77.09,22.91,VIP Customer,VIP Loyalty Benefits,39.55,54.57,22.91,Loyal Stage
ef47bcabca692404454239aced380535,101.0,76.11,23.89,Regular Customer,Regular Marketing,38.43,53.5,23.89,Loyal Stage
ef4cc585e97f73505a50eb3884741edd,46.89,75.62,24.38,Regular Customer,Regular Marketing,37.98,53.04,24.38,Loyal Stage
ef741390245c62d5c1f663c3663df6fa,171.6,76.38,23.62,VIP Customer,VIP Loyalty Benefits,38.83,53.85,23.62,Loyal Stage
ef75cea9de0fff5f5752c6ba0d2f242f,231.2,76.77,23.23,VIP Customer,VIP Loyalty Benefits,39.25,54.26,23.23,Loyal Stage
ef7cc4b636980089f5475c89460a187f,129.9,76.21,23.79,Regular Customer,Regular Marketing,38.59,53.64,23.79,Loyal Stage
ef7e46f747646b6129094dc3f4155488,919.8,77.02,22.98,VIP Customer,VIP Loyalty Benefits,41.93,55.97,22.98,Loyal Stage
ef9fdb355684024c1aa834c328980e9a,110.32,76.02,23.98,Regular Customer,Regular Marketing,38.42,53.46,23.98,Loyal Stage
efa1d06033457a7e39a5fa71201f2b77,0.0,76.22,23.78,Regular Customer,Regular Marketing,38.11,53.35,23.78,Loyal Stage
efd2741fa104357a25828ad3d2ae37d8,189.9,76.56,23.44,VIP Customer,VIP Loyalty Benefits,38.99,54.02,23.44,Loyal Stage
efde060558616b5395b22c15a18444b3,0.0,75.55,24.45,Regular Customer,Regular Marketing,37.78,52.89,24.45,Loyal Stage
efdfdcb4890f42ff5fdc077b298f9af8,36.0,76.43,23.57,Regular Customer,Regular Marketing,38.35,53.58,23.57,Loyal Stage
efef54930930d81b95bab9d149b602a0,0.0,77.26,22.74,Regular Customer,Regular Marketing,38.63,54.08,22.74,Loyal Stage
eff3c348d187b0d05380e25719d6ad7c,45.0,76.86,23.14,Regular Customer,Regular Marketing,38.6,53.9,23.14,Loyal Stage
f006b6ee50b61de570571fc9433aff84,411.0,76.16,23.84,VIP Customer,VIP Loyalty Benefits,39.61,54.23,23.84,Loyal Stage
f0097ead71766e874922dd6add3bfc08,12.9,76.35,23.65,Regular Customer,Regular Marketing,38.22,53.47,23.65,Loyal Stage
f00acae66459f1828fc1feba2c759fa0,0.0,75.7,24.3,Regular Customer,Regular Marketing,37.85,52.99,24.3,Loyal Stage
f00d32103a3d7572d18d4a4ba9c9d4cf,119.0,77.07,22.93,Regular Customer,Regular Marketing,38.98,54.22,22.93,Loyal Stage
f00d36b9015dca9a8534f5cbbceabd9f,367.0,76.97,23.03,VIP Customer,VIP Loyalty Benefits,39.85,54.7,23.03,Loyal Stage
f00e492d6bf0639fbf72fe1bd1a3b9a3,299.0,76.1,23.9,VIP Customer,VIP Loyalty Benefits,39.16,53.94,23.9,Loyal Stage
f06dc1c33574bc4dd6225512fcfc3579,29.99,76.11,23.89,Regular Customer,Regular Marketing,38.17,53.35,23.89,Loyal Stage
f076fbbb7fc6c69d95e705c8e9561618,73.9,77.11,22.89,Regular Customer,Regular Marketing,38.83,54.14,22.89,Loyal Stage
f081e918f5d60219c32847a42cdbc103,36.99,76.95,23.05,Regular Customer,Regular Marketing,38.61,53.95,23.05,Loyal Stage
f091cb60c97d35a42101a95cb825f821,149.9,76.81,23.19,VIP Customer,VIP Loyalty Benefits,38.96,54.1,23.19,Loyal Stage
f09251dec40df7c4d1a57b73e8b35f74,99.0,76.63,23.37,Regular Customer,Regular Marketing,38.68,53.86,23.37,Loyal Stage
f09464621ec4ce80c0803dba2ea779a8,170.0,75.9,24.1,VIP Customer,VIP Loyalty Benefits,38.58,53.51,24.1,Loyal Stage
f0ac405c280fab1d087b8982e7801b54,268.0,76.67,23.33,VIP Customer,VIP Loyalty Benefits,39.33,54.27,23.33,Loyal Stage
f0bc93e644b830e9d4483a9ebccec525,49.7,76.25,23.75,Regular Customer,Regular Marketing,38.31,53.49,23.75,Loyal Stage
f0bca8c4eac3e23397b131fcf6c70f0b,38.95,76.8,23.2,Regular Customer,Regular Marketing,38.54,53.84,23.2,Loyal Stage
f0c02e3b6b17ca31e371e1f440e0198e,26.4,76.62,23.38,Regular Customer,Regular Marketing,38.41,53.69,23.38,Loyal Stage
f0cf6e4ed0e235e8fed8a6e2d209711b,178.9,76.8,23.2,VIP Customer,VIP Loyalty Benefits,39.07,54.16,23.2,Loyal Stage
f0d2314bb4bc2d97e0b3cec0444065b0,148.0,76.03,23.97,VIP Customer,VIP Loyalty Benefits,38.57,53.55,23.97,Loyal Stage
f0d52b021dbfdb9814121fe4b10e4533,0.0,76.58,23.42,Regular Customer,Regular Marketing,38.29,53.61,23.42,Loyal Stage
f0d9cbf6fdb3f38f2aaae1ee44e66e19,125.9,75.79,24.21,Regular Customer,Regular Marketing,38.36,53.33,24.21,Loyal Stage
f0daa3250956b58742e72b3aa7003d33,155.0,76.35,23.65,VIP Customer,VIP Loyalty Benefits,38.75,53.79,23.65,Loyal Stage
f0ec6a441b2ad8daa1bb65b446bdb759,55.65,75.43,24.57,Regular Customer,Regular Marketing,37.92,52.92,24.57,Loyal Stage
f0fe4ee68e4a03068e981e6481bb9e1e,59.85,75.49,24.51,Regular Customer,Regular Marketing,37.97,52.98,24.51,Loyal Stage
f11173fedbf10c2913afef5844d86c9f,109.9,76.7,23.3,Regular Customer,Regular Marketing,38.76,53.94,23.3,Loyal Stage
f11195d33c7c362f912c95d500a7012e,95.2,77.09,22.91,Regular Customer,Regular Marketing,38.9,54.18,22.91,Loyal Stage
f111bf90c03ac2e53934d02b1eb7b3fe,29.49,75.96,24.04,Regular Customer,Regular Marketing,38.09,53.24,24.04,Loyal Stage
f11555b4396eaa69a4c0980aa3522648,23.0,76.77,23.23,Regular Customer,Regular Marketing,38.47,53.79,23.23,Loyal Stage
f145d50379275ab9931636f83b0102eb,360.0,75.99,24.01,VIP Customer,VIP Loyalty Benefits,39.33,53.99,24.01,Loyal Stage
f161fdaf3d079866c6d164b3da2beed0,106.0,75.76,24.24,Regular Customer,Regular Marketing,38.27,53.27,24.24,Loyal Stage
f165288d1ef49c2ef3d371f7ec7a88d5,199.6,76.57,23.43,VIP Customer,VIP Loyalty Benefits,39.03,54.05,23.43,Loyal Stage
f1693bd94b1259ae43d065bfbe796ba9,29.99,76.63,23.37,Regular Customer,Regular Marketing,38.43,53.71,23.37,Loyal Stage
f16b2f47454dd5dd97852868119e465c,70.0,75.65,24.35,Regular Customer,Regular Marketing,38.09,53.11,24.35,Loyal Stage
f16c510985f4230d5c7c62dadc937411,51.8,76.09,23.91,Regular Customer,Regular Marketing,38.24,53.38,23.91,Loyal Stage
f17282fcc276ccc743717c0c08c7670f,39.9,76.85,23.15,Regular Customer,Regular Marketing,38.57,53.88,23.15,Loyal Stage
f172f0f813d2348f1d2551244938298b,0.0,76.58,23.42,Regular Customer,Regular Marketing,38.29,53.61,23.42,Loyal Stage
f1774eda1fa1bf4bb45e4d4860cce40f,0.0,76.02,23.98,Regular Customer,Regular Marketing,38.01,53.21,23.98,Loyal Stage
f1a3e8c7bedc8645ca909ae74d45c455,135.9,76.84,23.16,Regular Customer,Regular Marketing,38.93,54.09,23.16,Loyal Stage
f1acddb13b0339763b3af4497f769ac4,49.0,76.14,23.86,Regular Customer,Regular Marketing,38.25,53.41,23.86,Loyal Stage
f1c08d13b8520a6efa197627fada3a56,62.7,76.37,23.63,Regular Customer,Regular Marketing,38.42,53.6,23.63,Loyal Stage
f1c6f6ac60dd561a7bd13002eb40d2f1,89.0,76.72,23.28,Regular Customer,Regular Marketing,38.69,53.9,23.28,Loyal Stage
f1cf81d975c10d1c5a75b155b066567b,179.9,77.01,22.99,VIP Customer,VIP Loyalty Benefits,39.17,54.31,22.99,Loyal Stage
f1d048bdf1ab1d4ce450b4237ffcec41,49.99,75.42,24.58,Regular Customer,Regular Marketing,37.9,52.91,24.58,Loyal Stage
f1e656bf22735f8b1ba541d4890e1763,55.0,76.56,23.44,Regular Customer,Regular Marketing,38.48,53.71,23.44,Loyal Stage
f1e792f1f42a33314fbaedefe2aa7822,489.0,77.06,22.94,VIP Customer,VIP Loyalty Benefits,40.35,55.03,22.94,Loyal Stage
f1ed0298ad5795da719d3cdc8e9a3ca9,145.0,75.41,24.59,VIP Customer,VIP Loyalty Benefits,38.24,53.11,24.59,Loyal Stage
f1f0f260afc590119fac7cf5329b259c,66.99,76.48,23.52,Regular Customer,Regular Marketing,38.49,53.69,23.52,Loyal Stage
f1fe705bc4a9f9b1508be25a3e4141f0,455.88,77.42,22.58,VIP Customer,VIP Loyalty Benefits,40.41,55.21,22.58,Loyal Stage
f206f5f73426cb2dcec74ee9d59f6e97,110.32,76.7,23.3,Regular Customer,Regular Marketing,38.76,53.94,23.3,Loyal Stage
f22658cd20184d80e405606a5488c752,109.0,75.51,24.49,Regular Customer,Regular Marketing,38.16,53.1,24.49,Loyal Stage
f231138de343521ac335f9a7ad7bc9e7,55.0,76.2,23.8,Regular Customer,Regular Marketing,38.3,53.46,23.8,Loyal Stage
f235dc2756cefa86c633b30cb510ae26,84.99,77.02,22.98,Regular Customer,Regular Marketing,38.83,54.11,22.98,Loyal Stage
f255de940ce3575ac7cecbf1eedec2ad,79.9,76.7,23.3,Regular Customer,Regular Marketing,38.65,53.87,23.3,Loyal Stage
f257deaa49d5e0a8c5fde46dfc350e52,594.54,76.5,23.5,VIP Customer,VIP Loyalty Benefits,40.46,54.88,23.5,Loyal Stage
f25c82f041560f45f4a408157ff3a5de,235.9,75.95,24.05,VIP Customer,VIP Loyalty Benefits,38.85,53.69,24.05,Loyal Stage
f25c87f2bde09ab1397ad8d35b6d99c8,0.0,77.2,22.8,Regular Customer,Regular Marketing,38.6,54.04,22.8,Loyal Stage
f25de78f3e892791c54a052afef0675a,0.0,77.0,23.0,Regular Customer,Regular Marketing,38.5,53.9,23.0,Loyal Stage
f268dc7d08e23c76a6cb9ae4a100ba33,0.0,76.64,23.36,Regular Customer,Regular Marketing,38.32,53.65,23.36,Loyal Stage
f2700f476268e49c5b492e158081217d,0.0,75.45,24.55,Regular Customer,Regular Marketing,37.72,52.81,24.55,Loyal Stage
f2721c929f255f63e9efb3ca7beab670,93.0,77.14,22.86,Regular Customer,Regular Marketing,38.92,54.21,22.86,Loyal Stage
f273a84cae4a2471cd80beb382d673bc,0.0,76.69,23.31,Regular Customer,Regular Marketing,38.34,53.68,23.31,Loyal Stage
f28907f619f7d3457c109d49907d3deb,209.99,75.86,24.14,VIP Customer,VIP Loyalty Benefits,38.71,53.57,24.14,Loyal Stage
f28e6e9c16aca6ed78cdaaa4f46a7cc8,0.0,76.84,23.16,Regular Customer,Regular Marketing,38.42,53.79,23.16,Loyal Stage
f291e50a966ded2e22cd601a9011cbbb,319.8,76.13,23.87,VIP Customer,VIP Loyalty Benefits,39.25,54.0,23.87,Loyal Stage
f295f86eb859ff5fc5d010409a8ffeeb,0.0,77.0,23.0,Regular Customer,Regular Marketing,38.5,53.9,23.0,Loyal Stage
f29cbfd17d3e53191eedbd919a793435,320.45,76.8,23.2,VIP Customer,VIP Loyalty Benefits,39.59,54.47,23.2,Loyal Stage
f2a9bc9a1db05c873e1419654f747f9e,109.0,76.13,23.87,Regular Customer,Regular Marketing,38.47,53.53,23.87,Loyal Stage
f2aa8ff9b2dca8ccfc255b8bceda4e0c,48.9,75.57,24.43,Regular Customer,Regular Marketing,37.97,53.01,24.43,Loyal Stage
f2ae5ee1810b82643a887ea777b71667,159.0,76.41,23.59,VIP Customer,VIP Loyalty Benefits,38.8,53.84,23.59,Loyal Stage
f2b6cdde92a3fdbc99ba551a7b60ceaa,29.99,76.99,23.01,Regular Customer,Regular Marketing,38.61,53.96,23.01,Loyal Stage
f2b9c7bc1551f6b12ae7581d792da02e,0.0,76.9,23.1,Regular Customer,Regular Marketing,38.45,53.83,23.1,Loyal Stage
f2bdab365ae574d86fdd9d90c8f5be66,49.24,76.97,23.03,Regular Customer,Regular Marketing,38.67,53.99,23.03,Loyal Stage
f2c2365cab7dc57ab8c90f9c3bee015a,170.0,76.53,23.47,VIP Customer,VIP Loyalty Benefits,38.9,53.95,23.47,Loyal Stage
f2cdfb7646bb6ac5d5ac8021c52dd8b6,139.98,76.22,23.78,VIP Customer,VIP Loyalty Benefits,38.63,53.67,23.78,Loyal Stage
f2d12fb9cdae4493f4349e9d65a66bba,380.0,76.43,23.57,VIP Customer,VIP Loyalty Benefits,39.63,54.35,23.57,Loyal Stage
f2e8acb0a6364c06239b993fe1b21fd4,59.45,75.64,24.36,Regular Customer,Regular Marketing,38.04,53.08,24.36,Loyal Stage
f2f7fbbc31b54f4685e9499691bd36f2,180.0,76.23,23.77,VIP Customer,VIP Loyalty Benefits,38.78,53.76,23.77,Loyal Stage
f2f82dd102c0fa36ff499e336f26ab38,179.99,75.66,24.34,VIP Customer,VIP Loyalty Benefits,38.5,53.36,24.34,Loyal Stage
f301770fef415a61a88855ab733174e5,79.9,76.24,23.76,Regular Customer,Regular Marketing,38.42,53.55,23.76,Loyal Stage
f3060c7259817aab5d178974e6f1fbeb,69.9,75.55,24.45,Regular Customer,Regular Marketing,38.04,53.04,24.45,Loyal Stage
f309ce8ec5099fbffad31a343a143e28,118.0,76.97,23.03,Regular Customer,Regular Marketing,38.92,54.14,23.03,Loyal Stage
f310870c0f40daadb81e3a81ea65ee2a,255.27,76.15,23.85,VIP Customer,VIP Loyalty Benefits,39.02,53.87,23.85,Loyal Stage
f324fb2ff71d3fe466169a995de25315,159.8,75.38,24.62,VIP Customer,VIP Loyalty Benefits,38.28,53.12,24.62,Loyal Stage
f325d2534409b7d6db4fcc83fa4c05aa,68.8,76.53,23.47,Regular Customer,Regular Marketing,38.52,53.72,23.47,Loyal Stage
f34b22f6c901c80bdaa7c85caa540ae4,0.0,75.86,24.14,Regular Customer,Regular Marketing,37.93,53.1,24.14,Loyal Stage
f34dba306b9b0952ae463d995f11d785,159.8,75.74,24.26,VIP Customer,VIP Loyalty Benefits,38.46,53.37,24.26,Loyal Stage
f34f3c6c4bfe650689b22e5ba7a92888,149.0,76.81,23.19,VIP Customer,VIP Loyalty Benefits,38.96,54.1,23.19,Loyal Stage
f34fd449c1a6da5fbf276eada6a5fba2,56.9,76.31,23.69,Regular Customer,Regular Marketing,38.37,53.55,23.69,Loyal Stage
f3591ae7686317e84ebbf646bedf3e24,55.0,76.25,23.75,Regular Customer,Regular Marketing,38.33,53.5,23.75,Loyal Stage
f36d0ad15d6235323c6542e5bd59d4a9,98.9,75.49,24.51,Regular Customer,Regular Marketing,38.11,53.06,24.51,Loyal Stage
f377461b37160ea383bbb3535714ba31,0.0,75.7,24.3,Regular Customer,Regular Marketing,37.85,52.99,24.3,Loyal Stage
f37d14ccb1a8fe332c9430d3eedf468d,79.9,76.24,23.76,Regular Customer,Regular Marketing,38.42,53.55,23.76,Loyal Stage
f382d408a9efc042948ecb54576ba438,45.97,76.03,23.97,Regular Customer,Regular Marketing,38.19,53.33,23.97,Loyal Stage
f3832392e675c6ffa590ac21b517b47d,369.0,76.15,23.85,VIP Customer,VIP Loyalty Benefits,39.45,54.13,23.85,Loyal Stage
f38b869e299ead370a8f9a0c61ccce96,78.0,75.66,24.34,Regular Customer,Regular Marketing,38.12,53.14,24.34,Loyal Stage
f3943e27b0466ca8e247b742ff643d5d,795.0,77.56,22.44,VIP Customer,VIP Loyalty Benefits,41.74,56.07,22.44,Loyal Stage
f3acfe83e456086fc091edac000d94c3,170.0,76.37,23.63,VIP Customer,VIP Loyalty Benefits,38.82,53.84,23.63,Loyal Stage
f3b9cd7ebcd910bb1183d98ba10713ab,175.0,75.81,24.19,VIP Customer,VIP Loyalty Benefits,38.56,53.46,24.19,Loyal Stage
f3baec24346002a0541a444213dcaa5a,259.0,76.76,23.24,VIP Customer,VIP Loyalty Benefits,39.34,54.31,23.24,Loyal Stage
f3c07da3cdd95c337eed52c783c2c736,229.99,77.34,22.66,VIP Customer,VIP Loyalty Benefits,39.53,54.65,22.66,Loyal Stage
f3c66d5bafea434a46cc6006b62569cf,179.89,76.08,23.92,VIP Customer,VIP Loyalty Benefits,38.71,53.66,23.92,Loyal Stage
f3e71989aaa365356d121d87129aa2ce,0.0,77.36,22.64,Regular Customer,Regular Marketing,38.68,54.15,22.64,Loyal Stage
f406dbec9982332267dc8fad5dd93fb5,29.99,75.7,24.3,Regular Customer,Regular Marketing,37.96,53.06,24.3,Loyal Stage
f4105a42924606c6d29227127364472d,0.0,77.0,23.0,Regular Customer,Regular Marketing,38.5,53.9,23.0,Loyal Stage
f410e6ebfc47e16373907ddb53acbca5,44.99,75.98,24.02,Regular Customer,Regular Marketing,38.16,53.29,24.02,Loyal Stage
f41211bb7afc0625f4a81ef5adfbf092,0.0,77.0,23.0,Regular Customer,Regular Marketing,38.5,53.9,23.0,Loyal Stage
f4179cc1cdfb0f99ff8c51e829deccdb,134.99,76.53,23.47,Regular Customer,Regular Marketing,38.77,53.87,23.47,Loyal Stage
f424125c4996d72b3c0c1258e2b1f8fc,69.97,76.02,23.98,Regular Customer,Regular Marketing,38.27,53.37,23.98,Loyal Stage
f425cc47151eed2532879b2861b9b7c2,116.9,77.23,22.77,Regular Customer,Regular Marketing,39.05,54.32,22.77,Loyal Stage
f428c74a6f1afbfda7a2ecc187a85e82,52.9,76.09,23.91,Regular Customer,Regular Marketing,38.24,53.38,23.91,Loyal Stage
f429f18c8b5e0c030b65f23eab1726a9,139.0,76.95,23.05,VIP Customer,VIP Loyalty Benefits,38.99,54.17,23.05,Loyal Stage
f448091e9f88e875eedd3f5542f0524b,99.0,75.7,24.3,Regular Customer,Regular Marketing,38.22,53.21,24.3,Loyal Stage
f45063b55c91096639481d35c820646b,0.0,76.07,23.93,Regular Customer,Regular Marketing,38.03,53.25,23.93,Loyal Stage
f4535f35e83a2a2459dd49397f55ecc7,54.0,76.41,23.59,Regular Customer,Regular Marketing,38.41,53.61,23.59,Loyal Stage
f462519ec279167796705b908d4b5efc,105.0,75.86,24.14,Regular Customer,Regular Marketing,38.32,53.34,24.14,Loyal Stage
f463b2fd96abeb9e915427450a802f8d,172.0,75.76,24.24,VIP Customer,VIP Loyalty Benefits,38.52,53.42,24.24,Loyal Stage
f466065918d73e3fd6c117f675131d8f,49.9,77.02,22.98,Regular Customer,Regular Marketing,38.7,54.03,22.98,Loyal Stage
f4675c844b105eb17c3dfa1d50ed0c52,149.0,76.13,23.87,VIP Customer,VIP Loyalty Benefits,38.62,53.62,23.87,Loyal Stage
f46fa87874cd9c25d88cf856015ab25e,69.0,75.91,24.09,Regular Customer,Regular Marketing,38.21,53.29,24.09,Loyal Stage
f47665989ba7311aa9c98a201d4c29ed,0.0,75.81,24.19,Regular Customer,Regular Marketing,37.9,53.06,24.19,Loyal Stage
f480523ee7836297503403986805acf5,99.9,76.73,23.27,Regular Customer,Regular Marketing,38.74,53.94,23.27,Loyal Stage
f483e92c95c352c32547925219237cad,86.0,75.73,24.27,Regular Customer,Regular Marketing,38.18,53.2,24.27,Loyal Stage
f487a29025a4cc3a26984d72cbd607bb,45.0,77.17,22.83,Regular Customer,Regular Marketing,38.75,54.12,22.83,Loyal Stage
f48daf2f5cf6d61732f15d6352858b60,99.9,76.42,23.58,Regular Customer,Regular Marketing,38.58,53.72,23.58,Loyal Stage
f48ef7d049a41b86550533b5a914fe82,0.0,75.91,24.09,Regular Customer,Regular Marketing,37.96,53.14,24.09,Loyal Stage
f495d4e398dcb42bb1d1da6c47a532da,52.9,75.63,24.37,Regular Customer,Regular Marketing,38.01,53.06,24.37,Loyal Stage
f49648ab5a664113a468bd313a57278d,219.9,75.88,24.12,VIP Customer,VIP Loyalty Benefits,38.76,53.61,24.12,Loyal Stage
f4bb7e15b8197cc177adec7d3ca5923c,0.0,76.74,23.26,Regular Customer,Regular Marketing,38.37,53.72,23.26,Loyal Stage
f4c46a3263ff452c532b38fce5823591,51.9,76.92,23.08,Regular Customer,Regular Marketing,38.65,53.96,23.08,Loyal Stage
f4ce8d9deb6f54490b66f1013e9be01e,49.0,76.19,23.81,Regular Customer,Regular Marketing,38.28,53.44,23.81,Loyal Stage
f4d515537281411bab4708749d303edb,594.99,76.54,23.46,VIP Customer,VIP Loyalty Benefits,40.48,54.9,23.46,Loyal Stage
f4da405fc0f61e626d70019547d0f74d,39.99,75.71,24.29,Regular Customer,Regular Marketing,38.0,53.08,24.29,Loyal Stage
f4db22627eac951b3227c89fe131433c,299.8,76.41,23.59,VIP Customer,VIP Loyalty Benefits,39.32,54.16,23.59,Loyal Stage
f4ec8ac251109aeadfd9e6831678a6cd,49.0,76.5,23.5,Regular Customer,Regular Marketing,38.43,53.66,23.5,Loyal Stage
f4f1dcb7c6a5af10ef0aaae0391969d6,650.0,76.88,23.12,VIP Customer,VIP Loyalty Benefits,40.86,55.27,23.12,Loyal Stage
f4f66e0dffc3a6ab4d55f7b38bf180e2,229.99,75.94,24.06,VIP Customer,VIP Loyalty Benefits,38.83,53.67,24.06,Loyal Stage
f4f8e2a81b32bcd22eeb2c43f6e3920d,147.0,77.17,22.83,VIP Customer,VIP Loyalty Benefits,39.13,54.35,22.83,Loyal Stage
f5008838e120006dfda56fb66aef772f,167.97,75.9,24.1,VIP Customer,VIP Loyalty Benefits,38.57,53.5,24.1,Loyal Stage
f5077e018f5ad2cf539a5a6f698654f1,432.3,77.07,22.93,VIP Customer,VIP Loyalty Benefits,40.14,54.91,22.93,Loyal Stage
f507945d757fe904ec16d8e7bb7ba7ad,49.9,75.73,24.27,Regular Customer,Regular Marketing,38.05,53.12,24.27,Loyal Stage
f50a2672e48fa156eb26a144aa6aecf8,64.99,76.01,23.99,Regular Customer,Regular Marketing,38.25,53.35,23.99,Loyal Stage
f5118eeb269b3a52b8b31bcde5b334c3,20.9,75.94,24.06,Regular Customer,Regular Marketing,38.05,53.21,24.06,Loyal Stage
f513f0c6703eeca0a7c917c3fb6e407c,49.0,76.19,23.81,Regular Customer,Regular Marketing,38.28,53.44,23.81,Loyal Stage
f51d2a752dece17a20d72968dbf54022,59.0,77.09,22.91,Regular Customer,Regular Marketing,38.76,54.09,22.91,Loyal Stage
f51f170e51593c5e550ef7ae616f1517,69.0,76.07,23.93,Regular Customer,Regular Marketing,38.29,53.4,23.93,Loyal Stage
f52326b181b36e2a37b8a0419b4d7f54,0.0,76.64,23.36,Regular Customer,Regular Marketing,38.32,53.65,23.36,Loyal Stage
f52a2716bb4d8330e7123e21113841fa,39.0,76.9,23.1,Regular Customer,Regular Marketing,38.6,53.92,23.1,Loyal Stage
f52b4d471a3fd579ed98ab5aa6763857,264.9,76.31,23.69,VIP Customer,VIP Loyalty Benefits,39.14,54.01,23.69,Loyal Stage
f52cdb6ee80cbc9c54ec6c633597a371,100.0,77.25,22.75,Regular Customer,Regular Marketing,39.0,54.3,22.75,Loyal Stage
f52f766d6bb4c579b9730851229c50fa,24.99,77.19,22.81,Regular Customer,Regular Marketing,38.69,54.09,22.81,Loyal Stage
f5374a3252629ff1494472bb4b2bf68c,44.9,77.17,22.83,Regular Customer,Regular Marketing,38.75,54.12,22.83,Loyal Stage
f53a5355dd9620f158d1716b6ed2d571,67.0,76.53,23.47,Regular Customer,Regular Marketing,38.51,53.72,23.47,Loyal Stage
f5422e8b0c2a29cbc1bd48e0c0b9c523,160.75,77.14,22.86,VIP Customer,VIP Loyalty Benefits,39.17,54.36,22.86,Loyal Stage
f54f82238917d57a362322d78f272dbe,93.0,75.79,24.21,Regular Customer,Regular Marketing,38.24,53.26,24.21,Loyal Stage
f552f5a6b48593013aca097f4d699b45,269.9,76.37,23.63,VIP Customer,VIP Loyalty Benefits,39.19,54.06,23.63,Loyal Stage
f55861837ea772597cfb7c30eba2634c,114.9,76.34,23.66,Regular Customer,Regular Marketing,38.6,53.7,23.66,Loyal Stage
f5701b11f50fd7209dbed89d10c84e8d,39.9,76.39,23.61,Regular Customer,Regular Marketing,38.34,53.56,23.61,Loyal Stage
f57653090d93324bac8daa67615472c9,64.9,75.85,24.15,Regular Customer,Regular Marketing,38.17,53.24,24.15,Loyal Stage
f5779b107efa988f0731f1939dad40b5,209.0,76.43,23.57,VIP Customer,VIP Loyalty Benefits,38.99,53.97,23.57,Loyal Stage
f582d9b093001521d8c5544ddc4f27c8,0.0,76.02,23.98,Regular Customer,Regular Marketing,38.01,53.21,23.98,Loyal Stage
f59020a6b8581cd8850ece0533c95638,209.9,76.84,23.16,VIP Customer,VIP Loyalty Benefits,39.2,54.26,23.16,Loyal Stage
f5985137de910a1e58ed6bc3214a4100,0.0,76.9,23.1,Regular Customer,Regular Marketing,38.45,53.83,23.1,Loyal Stage
f59d6f7e4802cda1fa84bfc825223167,144.99,76.96,23.04,VIP Customer,VIP Loyalty Benefits,39.02,54.2,23.04,Loyal Stage
f59f7fd29a04cb6a6950972b1331fe45,55.0,75.73,24.27,Regular Customer,Regular Marketing,38.07,53.13,24.27,Loyal Stage
f5ac2100b41aa5ec969d0c252800a23f,90.0,75.58,24.42,Regular Customer,Regular Marketing,38.12,53.1,24.42,Loyal Stage
f5b8993fbdca99e2e2dd2a825e8dc5fd,39.99,76.02,23.98,Regular Customer,Regular Marketing,38.16,53.3,23.98,Loyal Stage
f5c1b7f883109b5a47a191fdc88abbe1,30.0,76.68,23.32,Regular Customer,Regular Marketing,38.45,53.74,23.32,Loyal Stage
f5cc9c176b9d8f55a5aa63a629f52549,0.0,75.4,24.6,Regular Customer,Regular Marketing,37.7,52.78,24.6,Loyal Stage
f5cebf91d23f846b7183a3007b07e039,44.91,76.91,23.09,Regular Customer,Regular Marketing,38.62,53.94,23.09,Loyal Stage
f5d161d7087d1d42616587588427fecd,49.0,75.72,24.28,Regular Customer,Regular Marketing,38.04,53.11,24.28,Loyal Stage
f5dd53e8bde8dab0eda335bcdc5c51ff,169.9,77.25,22.75,VIP Customer,VIP Loyalty Benefits,39.26,54.46,22.75,Loyal Stage
f5e105f581e333aa03537be4deb4fa08,90.49,76.46,23.54,Regular Customer,Regular Marketing,38.57,53.73,23.54,Loyal Stage
f5e61af59a1d083116d1470d5392c865,69.9,76.07,23.93,Regular Customer,Regular Marketing,38.3,53.41,23.93,Loyal Stage
f5ef5ee3a65f719ffae72ffac66eb11e,415.17,76.37,23.63,VIP Customer,VIP Loyalty Benefits,39.73,54.39,23.63,Loyal Stage
f5f0a44fa78dfe218749a60aef972d1c,135.25,76.06,23.94,Regular Customer,Regular Marketing,38.53,53.54,23.94,Loyal Stage
f5f952a560930218fe4572aaa7908e5f,99.99,76.84,23.16,Regular Customer,Regular Marketing,38.79,54.01,23.16,Loyal Stage
f5faafcfd2343397124c26009e3f7eec,34.9,76.07,23.93,Regular Customer,Regular Marketing,38.16,53.32,23.93,Loyal Stage
f5ff85b902f67682997fe98003cd134e,53.49,76.25,23.75,Regular Customer,Regular Marketing,38.32,53.49,23.75,Loyal Stage
f607365e291dc52648cf9bf3775558ac,0.0,77.15,22.85,Regular Customer,Regular Marketing,38.58,54.01,22.85,Loyal Stage
f60f4abe34bc88101db1fcc76099b5e7,78.9,76.49,23.51,Regular Customer,Regular Marketing,38.54,53.72,23.51,Loyal Stage
f6125126569b04bd17e84c0c6207ef76,0.0,76.28,23.72,Regular Customer,Regular Marketing,38.14,53.4,23.72,Loyal Stage
f63f5ee3a5d23f2fb50ef3120b3a3c1a,0.0,76.28,23.72,Regular Customer,Regular Marketing,38.14,53.4,23.72,Loyal Stage
f649b35378060c6e4d16209fbebd17aa,0.0,75.55,24.45,Regular Customer,Regular Marketing,37.78,52.89,24.45,Loyal Stage
f64ada4a21fddbd9cbfe63aadccc6918,19.9,75.63,24.37,Regular Customer,Regular Marketing,37.89,52.99,24.37,Loyal Stage
f64bd0c289eeb81ae3b5fe837f2f17c0,13.99,76.4,23.6,Regular Customer,Regular Marketing,38.25,53.51,23.6,Loyal Stage
f64bd653c0a8d877bf294a9f41500dcc,0.0,75.34,24.66,Regular Customer,Regular Marketing,37.67,52.74,24.66,Loyal Stage
f64cabd79d38f86e4c9b08db1a891a2d,68.9,76.38,23.62,Regular Customer,Regular Marketing,38.45,53.62,23.62,Loyal Stage
f66727b308f6f480e6693b25b8d98b27,209.99,76.54,23.46,VIP Customer,VIP Loyalty Benefits,39.05,54.05,23.46,Loyal Stage
f67d554917153d83d441ec2cadcc66ab,85.0,75.93,24.07,Regular Customer,Regular Marketing,38.28,53.34,24.07,Loyal Stage
f69d58eed2c84ede7937a8caf953d786,78.0,75.66,24.34,Regular Customer,Regular Marketing,38.12,53.14,24.34,Loyal Stage
f6abd6353b060d64b10ec5cb3e5ecf16,19.9,76.31,23.69,Regular Customer,Regular Marketing,38.23,53.46,23.69,Loyal Stage
f6aed6bb383754fc2808f139207ab38d,139.8,76.43,23.57,VIP Customer,VIP Loyalty Benefits,38.74,53.82,23.57,Loyal Stage
f6b343f83417e0da74b76fa002629c91,360.0,77.17,22.83,VIP Customer,VIP Loyalty Benefits,39.92,54.82,22.83,Loyal Stage
f6bd60ae86266e0e13b8fef85e760e24,249.9,76.75,23.25,VIP Customer,VIP Loyalty Benefits,39.3,54.28,23.25,Loyal Stage
f6d3a127cdf442b5aae64b8af6dc8645,69.99,75.5,24.5,Regular Customer,Regular Marketing,38.01,53.01,24.5,Loyal Stage
f6d4505f3eb179ddcf25fd5e76f141bc,94.0,76.32,23.68,Regular Customer,Regular Marketing,38.51,53.63,23.68,Loyal Stage
f6db892e508b52b2419ce2fe09628d7c,359.0,77.27,22.73,VIP Customer,VIP Loyalty Benefits,39.97,54.89,22.73,Loyal Stage
f6dc4789e4669873c35f8f92fdbed89f,389.9,76.96,23.04,VIP Customer,VIP Loyalty Benefits,39.93,54.74,23.04,Loyal Stage
f6ef34680c156cf224f8b99835c2b49a,119.0,75.63,24.37,Regular Customer,Regular Marketing,38.26,53.21,24.37,Loyal Stage
f6f8348845db2d4145279380278b2221,0.0,77.05,22.95,Regular Customer,Regular Marketing,38.52,53.93,22.95,Loyal Stage
f70071755f8beaa1d2b64ae9bcb62af7,180.0,77.01,22.99,VIP Customer,VIP Loyalty Benefits,39.17,54.31,22.99,Loyal Stage
f703ca9256394a6670c9abf135cfe4ab,129.9,76.26,23.74,Regular Customer,Regular Marketing,38.61,53.67,23.74,Loyal Stage
f7048db4964061bbe1e5f1cd51d1edae,68.9,76.22,23.78,Regular Customer,Regular Marketing,38.37,53.51,23.78,Loyal Stage
f70b29c275d50a814047d1db1fe0417c,71.6,75.45,24.55,Regular Customer,Regular Marketing,37.99,52.97,24.55,Loyal Stage
f70e7417b4a03f8e4ddf868d44b908d4,0.0,76.02,23.98,Regular Customer,Regular Marketing,38.01,53.21,23.98,Loyal Stage
f71091c880cc1db3753fb760307daa16,139.0,75.96,24.04,VIP Customer,VIP Loyalty Benefits,38.5,53.48,24.04,Loyal Stage
f71da337f7e2b3a70c74fa505f0f6ac9,37.99,77.11,22.89,Regular Customer,Regular Marketing,38.7,54.06,22.89,Loyal Stage
f720919165f644498318c16c68d66510,279.9,75.76,24.24,VIP Customer,VIP Loyalty Benefits,38.92,53.66,24.24,Loyal Stage
f720a16300d5b9dfa4639686e56561ba,178.9,75.97,24.03,VIP Customer,VIP Loyalty Benefits,38.65,53.58,24.03,Loyal Stage
f7294d51b7e09142f4154bad2ff5a206,109.0,75.76,24.24,Regular Customer,Regular Marketing,38.29,53.28,24.24,Loyal Stage
f73097e83fd5c9d496a42f5603874116,79.9,76.08,23.92,Regular Customer,Regular Marketing,38.34,53.44,23.92,Loyal Stage
f7441819130a8cb81a399063b838972f,145.0,76.44,23.56,VIP Customer,VIP Loyalty Benefits,38.76,53.83,23.56,Loyal Stage
f74a075d2c4f68917c7d568df06b1e90,0.0,75.6,24.4,Regular Customer,Regular Marketing,37.8,52.92,24.4,Loyal Stage
f74c8f68bd37ba2c2e6e0f5ed1918a46,53.28,75.89,24.11,Regular Customer,Regular Marketing,38.14,53.24,24.11,Loyal Stage
f752f33eda408dadfd3d2b3041cf2815,81.8,76.55,23.45,Regular Customer,Regular Marketing,38.58,53.77,23.45,Loyal Stage
f75f608835cc424b684d6419e1a48a63,68.88,76.43,23.57,Regular Customer,Regular Marketing,38.47,53.65,23.57,Loyal Stage
f767085ea67b3c43b74192def3722654,40.6,75.66,24.34,Regular Customer,Regular Marketing,37.98,53.05,24.34,Loyal Stage
f76b64c64d5c95d10ec203542b2f827c,138.0,77.31,22.69,Regular Customer,Regular Marketing,39.17,54.43,22.69,Loyal Stage
f774a1b6de038bc38320ec8751c6df8b,658.9,77.1,22.9,VIP Customer,VIP Loyalty Benefits,41.0,55.44,22.9,Loyal Stage
f77a1e9be64e211bccfe17f18f77ba99,105.0,76.84,23.16,Regular Customer,Regular Marketing,38.81,54.02,23.16,Loyal Stage
f77ac730b6784c05fb61e42cac98d9c1,64.9,76.78,23.22,Regular Customer,Regular Marketing,38.63,53.89,23.22,Loyal Stage
f781ee5a8fe2e54e92c1b3c808b3a088,527.9,77.06,22.94,VIP Customer,VIP Loyalty Benefits,40.49,55.12,22.94,Loyal Stage
f7868a334063a6d3943900186a61dff4,0.0,76.17,23.83,Regular Customer,Regular Marketing,38.08,53.32,23.83,Loyal Stage
f798248f7c40b683f7b083a3ee360710,0.0,76.79,23.21,Regular Customer,Regular Marketing,38.4,53.76,23.21,Loyal Stage
f79d2f710af349c8d0a6323b0c7592fe,0.0,76.07,23.93,Regular Customer,Regular Marketing,38.03,53.25,23.93,Loyal Stage
f7a06579f9f36b29b273a9193d18d041,730.0,77.46,22.54,VIP Customer,VIP Loyalty Benefits,41.45,55.85,22.54,Loyal Stage
f7bcb9246dd6d2a67db161436640a2f3,58.0,76.26,23.74,Regular Customer,Regular Marketing,38.35,53.51,23.74,Loyal Stage
f7bd01ae726f7f4a6c709e9c4fb23574,112.99,75.77,24.23,Regular Customer,Regular Marketing,38.31,53.29,24.23,Loyal Stage
f7c20fc3dc5222bc4389740958175652,0.0,76.43,23.57,Regular Customer,Regular Marketing,38.22,53.5,23.57,Loyal Stage
f7c974c3f336351fc19b2e838f9fb0e2,99.0,75.4,24.6,Regular Customer,Regular Marketing,38.07,53.0,24.6,Loyal Stage
f7d2eac6433d18a4f323f0c620ddfa8b,25.9,75.74,24.26,Regular Customer,Regular Marketing,37.97,53.08,24.26,Loyal Stage
f7e15fd6851d6e96b308ce1ed4195728,130.0,75.79,24.21,Regular Customer,Regular Marketing,38.38,53.34,24.21,Loyal Stage
f7e480501b0efba0e54a019ad06b04f8,43.0,76.7,23.3,Regular Customer,Regular Marketing,38.51,53.79,23.3,Loyal Stage
f7e93297cff51baa2ac298bb2d1983f4,14.77,76.4,23.6,Regular Customer,Regular Marketing,38.25,53.51,23.6,Loyal Stage
f7e99a73ba3a60facb544bd69ed7c41a,0.0,76.74,23.26,Regular Customer,Regular Marketing,38.37,53.72,23.26,Loyal Stage
f7ea3ad9a5dc3051a2a541b2a859dda4,26.0,76.05,23.95,Regular Customer,Regular Marketing,38.12,53.29,23.95,Loyal Stage
f7f8503e3befafa49f5dd00928dc0dd6,64.9,77.04,22.96,Regular Customer,Regular Marketing,38.76,54.07,22.96,Loyal Stage
f80013faf776e37bcea7634d59c2181e,65.0,77.51,22.49,Regular Customer,Regular Marketing,39.0,54.4,22.49,Loyal Stage
f80125969d737b5ac29b614db66034b8,39.9,77.37,22.63,Regular Customer,Regular Marketing,38.83,54.25,22.63,Loyal Stage
f80613d978005161666979097ebb6cc4,52.9,76.71,23.29,Regular Customer,Regular Marketing,38.55,53.81,23.29,Loyal Stage
f80a8062c0f2b54fd6a558433445c5df,0.0,75.86,24.14,Regular Customer,Regular Marketing,37.93,53.1,24.14,Loyal Stage
f80dfcd9f0d530c94e8d82dc32b54278,42.93,76.91,23.09,Regular Customer,Regular Marketing,38.61,53.93,23.09,Loyal Stage
f8166d87af54291aaec99bbbb2dffd85,49.9,75.93,24.07,Regular Customer,Regular Marketing,38.15,53.26,24.07,Loyal Stage
f818b5035d2d61b52b779c512947f1fa,68.5,76.17,23.83,Regular Customer,Regular Marketing,38.34,53.47,23.83,Loyal Stage
f81d5807ae25727024c758aa19ea5c4f,0.0,76.74,23.26,Regular Customer,Regular Marketing,38.37,53.72,23.26,Loyal Stage
f821830c457ead3a4166672f85c63337,0.0,76.74,23.26,Regular Customer,Regular Marketing,38.37,53.72,23.26,Loyal Stage
f8225ebff85ec458f5ccaf4adc3d2dbe,99.8,76.52,23.48,Regular Customer,Regular Marketing,38.63,53.79,23.48,Loyal Stage
f82988d2de525db983cf10892c3d557d,190.0,75.99,24.01,VIP Customer,VIP Loyalty Benefits,38.7,53.62,24.01,Loyal Stage
f82d9ec16fefedd21547206c3e511f5c,0.0,76.33,23.67,Regular Customer,Regular Marketing,38.16,53.43,23.67,Loyal Stage
f832788250010b941df1501e6082bc87,0.0,76.28,23.72,Regular Customer,Regular Marketing,38.14,53.4,23.72,Loyal Stage
f835566e96ae29ca49e60020a4df9dfe,27.45,75.59,24.41,Regular Customer,Regular Marketing,37.9,52.98,24.41,Loyal Stage
f83f2c09f23150c0ab6e07007f4b09ed,132.82,76.89,23.11,Regular Customer,Regular Marketing,38.94,54.12,23.11,Loyal Stage
f84091bcef4578cc81f75b3a3149ce76,64.0,76.78,23.22,Regular Customer,Regular Marketing,38.63,53.89,23.22,Loyal Stage
f8414aab3af31faec50b0193f1400090,199.9,76.73,23.27,VIP Customer,VIP Loyalty Benefits,39.11,54.16,23.27,Loyal Stage
f84489387ae0ef5acd5c8f3b9b695c3f,19.0,75.99,24.01,Regular Customer,Regular Marketing,38.07,53.24,24.01,Loyal Stage
f846cec16a9ef87e550ef227e1e25a08,349.99,76.02,23.98,VIP Customer,VIP Loyalty Benefits,39.31,53.99,23.98,Loyal Stage
f855612d3a952dce64bce4c69eafcc4e,49.0,76.14,23.86,Regular Customer,Regular Marketing,38.25,53.41,23.86,Loyal Stage
f866d380a54c503be1744eab0f43070d,0.0,76.33,23.67,Regular Customer,Regular Marketing,38.16,53.43,23.67,Loyal Stage
f86a09e33e779a92d4529cbdaec9bf2a,80.0,76.7,23.3,Regular Customer,Regular Marketing,38.65,53.87,23.3,Loyal Stage
f886a3f43af9ac928fbb4b56436c528c,2999.9,81.15,18.85,VIP Customer,VIP Loyalty Benefits,51.74,63.5,18.85,Loyal Stage
f88ad0b5577747e03336a8b806da6a1e,49.9,77.43,22.57,Regular Customer,Regular Marketing,38.9,54.31,22.57,Loyal Stage
f8a9befd1f5909a1abfbee6367aa362f,37.9,76.64,23.36,Regular Customer,Regular Marketing,38.46,53.73,23.36,Loyal Stage
f8b34f85667240ee963019be835a54c3,129.9,76.88,23.12,Regular Customer,Regular Marketing,38.92,54.1,23.12,Loyal Stage
f8bc1d81f395f6239a2a5ab1b9edf1ab,147.79,76.97,23.03,VIP Customer,VIP Loyalty Benefits,39.03,54.21,23.03,Loyal Stage
f8bed9949862a9a3bd41f28806773fed,29.9,76.37,23.63,Regular Customer,Regular Marketing,38.3,53.53,23.63,Loyal Stage
f8cee2028b6b1e274e0e6178aa743bca,121.0,76.76,23.24,Regular Customer,Regular Marketing,38.83,54.0,23.24,Loyal Stage
f8daef44c2589a488bfed29f1be8396a,190.0,76.35,23.65,VIP Customer,VIP Loyalty Benefits,38.88,53.87,23.65,Loyal Stage
f8e17ca1696bd56e7a614d0bae989f91,32.0,76.06,23.94,Regular Customer,Regular Marketing,38.15,53.31,23.94,Loyal Stage
f8e7779223c64a146e0ae17ce5e057be,189.0,76.25,23.75,VIP Customer,VIP Loyalty Benefits,38.83,53.8,23.75,Loyal Stage
f8fa17daaf0adafafa70582380d5e237,59.49,75.9,24.1,Regular Customer,Regular Marketing,38.17,53.26,24.1,Loyal Stage
f9154d20b4b6e7d197df86fe57d72fa6,24.5,76.26,23.74,Regular Customer,Regular Marketing,38.22,53.44,23.74,Loyal Stage
f91713ff732f4dde0e04acada658bfd4,0.0,75.76,24.24,Regular Customer,Regular Marketing,37.88,53.03,24.24,Loyal Stage
f92274a1d723b69e12ebe707fe0cef02,19.0,76.3,23.7,Regular Customer,Regular Marketing,38.22,53.45,23.7,Loyal Stage
f923cf2179140dcb60e9db8abb73beba,89.0,76.72,23.28,Regular Customer,Regular Marketing,38.69,53.9,23.28,Loyal Stage
f928fe29999315b76b70e8a7306cea58,161.0,77.03,22.97,VIP Customer,VIP Loyalty Benefits,39.11,54.28,22.97,Loyal Stage
f93ab2cf61d78046d9e93ab7cb3b5285,109.0,77.21,22.79,Regular Customer,Regular Marketing,39.01,54.29,22.79,Loyal Stage
f93b9c409efa7e30bf05a7b528197400,229.99,77.08,22.92,VIP Customer,VIP Loyalty Benefits,39.4,54.47,22.92,Loyal Stage
f942774febec601b810cb1987bcb46da,105.0,76.9,23.1,Regular Customer,Regular Marketing,38.84,54.06,23.1,Loyal Stage
f94af80b1ecdb711e74e951efdc06a76,79.8,77.43,22.57,Regular Customer,Regular Marketing,39.01,54.38,22.57,Loyal Stage
f97ab9c166ca8d6f5313653ee439a6a8,13.3,76.97,23.03,Regular Customer,Regular Marketing,38.53,53.91,23.03,Loyal Stage
f9902ec9ad685660e7876aa9da6fb79e,0.0,77.31,22.69,Regular Customer,Regular Marketing,38.66,54.12,22.69,Loyal Stage
f992353d9fc256ede3bd2e63d90047c2,301.0,76.32,23.68,VIP Customer,VIP Loyalty Benefits,39.28,54.1,23.68,Loyal Stage
f999abea6accb27e6a6f896f277894c9,78.0,76.34,23.66,Regular Customer,Regular Marketing,38.46,53.61,23.66,Loyal Stage
f99d6dcdeb904bc1feb8750a1a6a47ea,150.0,76.6,23.4,VIP Customer,VIP Loyalty Benefits,38.86,53.96,23.4,Loyal Stage
f9a2090a26802e418b4ea39294bcfa98,24.99,76.16,23.84,Regular Customer,Regular Marketing,38.17,53.37,23.84,Loyal Stage
f9a2eed359a15add6ba5c1c337019224,46.9,75.93,24.07,Regular Customer,Regular Marketing,38.14,53.26,24.07,Loyal Stage
f9a396c0499495e644421a944aa6c3e1,44.85,75.61,24.39,Regular Customer,Regular Marketing,37.97,53.03,24.39,Loyal Stage
f9a707150880ff8da844d1d097f7e44b,104.0,75.3,24.7,Regular Customer,Regular Marketing,38.04,52.94,24.7,Loyal Stage
f9aa961beb8cf313e8bf154d3772b85c,34.99,76.07,23.93,Regular Customer,Regular Marketing,38.17,53.33,23.93,Loyal Stage
f9b4169bdab0293468c4313e339d42fd,127.9,75.89,24.11,Regular Customer,Regular Marketing,38.42,53.41,24.11,Loyal Stage
f9b5d3c8bd2dc9c26ff00bde73171554,263.9,75.69,24.31,VIP Customer,VIP Loyalty Benefits,38.83,53.57,24.31,Loyal Stage
f9d5f902a99c95fe30a97c1b1d190388,120.0,75.63,24.37,Regular Customer,Regular Marketing,38.26,53.21,24.37,Loyal Stage
f9dc332cdae62a3f28c110b32af7930d,78.0,76.44,23.56,Regular Customer,Regular Marketing,38.51,53.68,23.56,Loyal Stage
f9e34572e006da812b64d5f351094576,129.0,76.62,23.38,Regular Customer,Regular Marketing,38.79,53.92,23.38,Loyal Stage
fa1049d3d8b2b166ffcec93059d86019,78.0,75.77,24.23,Regular Customer,Regular Marketing,38.18,53.22,24.23,Loyal Stage
fa1dd6178e738a81cffa3efea1cfe827,96.8,76.68,23.32,Regular Customer,Regular Marketing,38.7,53.89,23.32,Loyal Stage
fa296eb81c5d2ab98eea48297547858b,0.0,76.53,23.47,Regular Customer,Regular Marketing,38.26,53.57,23.47,Loyal Stage
fa4e306b45610d74345f126a61045581,0.0,77.0,23.0,Regular Customer,Regular Marketing,38.5,53.9,23.0,Loyal Stage
fa7295cb95b9b1812445bdf5876f9b57,71.8,75.76,24.24,Regular Customer,Regular Marketing,38.15,53.19,24.24,Loyal Stage
fa87617e04f3f46415d6e7c6c251b891,0.0,76.74,23.26,Regular Customer,Regular Marketing,38.37,53.72,23.26,Loyal Stage
fa904c16440667583086bfe6c10a9533,79.8,76.45,23.55,Regular Customer,Regular Marketing,38.52,53.69,23.55,Loyal Stage
fa9d4af0c32cb8ca710e7fb0536fead8,50.0,77.23,22.77,Regular Customer,Regular Marketing,38.8,54.17,22.77,Loyal Stage
fabaf497dc9e26b0e6e1d37806619967,0.0,76.43,23.57,Regular Customer,Regular Marketing,38.22,53.5,23.57,Loyal Stage
fadd744a945e92efba1b56fff793724b,0.0,76.74,23.26,Regular Customer,Regular Marketing,38.37,53.72,23.26,Loyal Stage
fadf32f9dabc9f4717cdaa8254fe0feb,64.0,76.68,23.32,Regular Customer,Regular Marketing,38.58,53.82,23.32,Loyal Stage
fae5efa02980c90f1e485817dc8c3656,174.99,76.07,23.93,VIP Customer,VIP Loyalty Benefits,38.69,53.64,23.93,Loyal Stage
fae7f4b13ec5faa2043dbdf28edce2ab,0.0,76.74,23.26,Regular Customer,Regular Marketing,38.37,53.72,23.26,Loyal Stage
fae8e2a6ad5578e55fc3bd34e1616ca2,129.99,76.78,23.22,Regular Customer,Regular Marketing,38.87,54.03,23.22,Loyal Stage
faebd6e1e9e861b140588f5e459536de,0.0,75.4,24.6,Regular Customer,Regular Marketing,37.7,52.78,24.6,Loyal Stage
faf67caa1cf9020d82b7479672ffe66e,293.9,76.51,23.49,VIP Customer,VIP Loyalty Benefits,39.35,54.21,23.49,Loyal Stage
faf869bf565016fb42f3386fc7882aea,0.0,76.33,23.67,Regular Customer,Regular Marketing,38.16,53.43,23.67,Loyal Stage
fafe2f8e0b7065fef995698ef3809fec,1760.0,76.72,23.28,VIP Customer,VIP Loyalty Benefits,44.91,57.63,23.28,Loyal Stage
fb02e1bc1acdbf3718b2456b5fb0b67a,98.0,75.59,24.41,Regular Customer,Regular Marketing,38.16,53.13,24.41,Loyal Stage
fb07bd04fff9eafe34f038d4ae71b95c,0.0,77.15,22.85,Regular Customer,Regular Marketing,38.58,54.01,22.85,Loyal Stage
fb0c543cdc40ab4770baefa75855e326,0.0,76.69,23.31,Regular Customer,Regular Marketing,38.34,53.68,23.31,Loyal Stage
fb13a8e3177940f5de676bda56d003dd,169.0,77.15,22.85,VIP Customer,VIP Loyalty Benefits,39.2,54.38,22.85,Loyal Stage
fb1f9ea1c9f4f43a71b738cdd9590bb9,14.0,75.78,24.22,Regular Customer,Regular Marketing,37.94,53.08,24.22,Loyal Stage
fb1fae7c8d4ad84a1c4516955895d2b4,0.0,76.33,23.67,Regular Customer,Regular Marketing,38.16,53.43,23.67,Loyal Stage
fb2e61d7fde80aaec74b84f503b4352e,230.0,77.24,22.76,VIP Customer,VIP Loyalty Benefits,39.48,54.58,22.76,Loyal Stage
fb46e0991d6b6e59664042808e5b59d9,80.0,75.62,24.38,Regular Customer,Regular Marketing,38.11,53.11,24.38,Loyal Stage
fb5caf3872600bef6ccc25945909fb4d,0.0,75.34,24.66,Regular Customer,Regular Marketing,37.67,52.74,24.66,Loyal Stage
fb6c9d0396437595920a8b87481f3b4b,0.0,76.64,23.36,Regular Customer,Regular Marketing,38.32,53.65,23.36,Loyal Stage
fb70306f11800c44e016ca981ce4c64e,39.99,76.18,23.82,Regular Customer,Regular Marketing,38.24,53.42,23.82,Loyal Stage
fb71ed60806ae68abb00194fa02647a4,1267.2,78.52,21.48,VIP Customer,VIP Loyalty Benefits,43.97,57.79,21.48,Loyal Stage
fb7a109ee7860f4abed0072c7b43f8a5,289.9,76.19,23.81,VIP Customer,VIP Loyalty Benefits,39.17,53.98,23.81,Loyal Stage
fb7e29c65321441231990afc201c1b14,165.0,77.66,22.34,VIP Customer,VIP Loyalty Benefits,39.44,54.73,22.34,Loyal Stage
fb8b9c8f55411c927b6584f60d9cbbda,22.5,76.26,23.74,Regular Customer,Regular Marketing,38.21,53.43,23.74,Loyal Stage
fb92f4e7893526f1a0f301123f9d1a64,0.0,75.34,24.66,Regular Customer,Regular Marketing,37.67,52.74,24.66,Loyal Stage
fba82fc4c0d84e7fe3c835074c447598,95.4,77.35,22.65,Regular Customer,Regular Marketing,39.03,54.36,22.65,Loyal Stage
fbad078fcfca26a3127967e603b94bfe,78.0,75.77,24.23,Regular Customer,Regular Marketing,38.18,53.22,24.23,Loyal Stage
fbb12b94afcf31408ac7820ec30e78d1,129.0,76.47,23.53,Regular Customer,Regular Marketing,38.71,53.81,23.53,Loyal Stage
fbb1652fcee86c31a7a95cc56b53d846,119.85,76.55,23.45,Regular Customer,Regular Marketing,38.72,53.85,23.45,Loyal Stage
fbbe4bf6e345dee467d3b36a89f04cfc,0.0,75.76,24.24,Regular Customer,Regular Marketing,37.88,53.03,24.24,Loyal Stage
fbcf24291837ef48c4312e2a5ac6c4bc,69.9,77.05,22.95,Regular Customer,Regular Marketing,38.79,54.09,22.95,Loyal Stage
fbedc79d4d8599f925bb6bd2aa8cc60f,0.0,77.1,22.9,Regular Customer,Regular Marketing,38.55,53.97,22.9,Loyal Stage
fbf136c0e5ffdcadcc5f66139e3ed394,74.8,76.18,23.82,Regular Customer,Regular Marketing,38.37,53.49,23.82,Loyal Stage
fbfdc06fca767d4802be65bd37da8862,228.0,76.1,23.9,VIP Customer,VIP Loyalty Benefits,38.9,53.78,23.9,Loyal Stage
fc00cf190fcd0d74d417ef9064d5bb6c,319.99,77.58,22.42,VIP Customer,VIP Loyalty Benefits,39.98,55.02,22.42,Loyal Stage
fc0334b0e1e56824d1886ffc4b7d2f36,109.0,76.85,23.15,Regular Customer,Regular Marketing,38.83,54.04,23.15,Loyal Stage
fc07f4a61baae8c314528e33351df795,149.9,76.29,23.71,VIP Customer,VIP Loyalty Benefits,38.7,53.74,23.71,Loyal Stage
fc0b945963334380d64039b1e9cc6266,199.99,76.16,23.84,VIP Customer,VIP Loyalty Benefits,38.82,53.76,23.84,Loyal Stage
fc11f51d09aa42ff0c7e43dfe353d7b1,15.0,76.97,23.03,Regular Customer,Regular Marketing,38.54,53.91,23.03,Loyal Stage
fc180164825753aead139a501ab5e98e,29.9,76.78,23.22,Regular Customer,Regular Marketing,38.5,53.81,23.22,Loyal Stage
fc25f71bab94146446884fc523121d48,104.9,76.13,23.87,Regular Customer,Regular Marketing,38.46,53.53,23.87,Loyal Stage
fc39b5e9aea2c8f5abde3889a5187a88,0.0,76.07,23.93,Regular Customer,Regular Marketing,38.03,53.25,23.93,Loyal Stage
fc4962d253f14e566f147fe9ab026575,19.99,76.77,23.23,Regular Customer,Regular Marketing,38.46,53.78,23.23,Loyal Stage
fc71ef114e6766232e605cac44a9dc99,39.99,76.02,23.98,Regular Customer,Regular Marketing,38.16,53.3,23.98,Loyal Stage
fc80ae66fe91e88a9cd1ef0d3a402eb4,113.89,76.39,23.61,Regular Customer,Regular Marketing,38.62,53.73,23.61,Loyal Stage
fc9fb824c68f21fd0871490ab14a52b6,50.0,76.81,23.19,Regular Customer,Regular Marketing,38.59,53.88,23.19,Loyal Stage
fca0e0155fa4f5bc05e89374e769b07f,0.0,76.64,23.36,Regular Customer,Regular Marketing,38.32,53.65,23.36,Loyal Stage
fca8d917510dcfaf3708b8ee82659dd8,102.0,77.46,22.54,Regular Customer,Regular Marketing,39.11,54.45,22.54,Loyal Stage
fcb1d4dbf1280abca0cbee998a5a4543,16.08,75.88,24.12,Regular Customer,Regular Marketing,38.0,53.15,24.12,Loyal Stage
fcbcbb80c8909bb456bb6b3bc1bc283a,58.0,76.15,23.85,Regular Customer,Regular Marketing,38.29,53.43,23.85,Loyal Stage
fcdb6edf8d140075cd5d7ef869ab4795,36.82,77.0,23.0,Regular Customer,Regular Marketing,38.64,53.98,23.0,Loyal Stage
fce236c0b1f1dd6eba0dac49504585fb,47.9,76.55,23.45,Regular Customer,Regular Marketing,38.45,53.69,23.45,Loyal Stage
fce63a67be81b4b39410984cf874eb29,139.0,76.07,23.93,VIP Customer,VIP Loyalty Benefits,38.55,53.56,23.93,Loyal Stage
fcfa6e2c4c9029579752f9b10fd1ef97,19.99,76.05,23.95,Regular Customer,Regular Marketing,38.1,53.28,23.95,Loyal Stage
fd0b05d9788373d8810b6a31aad603cc,45.9,76.44,23.56,Regular Customer,Regular Marketing,38.39,53.61,23.56,Loyal Stage
fd1a042167fd11c95c2e89342924c839,62.7,76.83,23.17,Regular Customer,Regular Marketing,38.65,53.92,23.17,Loyal Stage
fd1bc29e30f5296d6240b20f66d4de75,0.0,75.7,24.3,Regular Customer,Regular Marketing,37.85,52.99,24.3,Loyal Stage
fd29c76b1131cc1669aa137dfe10a896,0.0,76.22,23.78,Regular Customer,Regular Marketing,38.11,53.35,23.78,Loyal Stage
fd2b82cf81dd79b66d1fdf331ae64a99,22.32,76.57,23.43,Regular Customer,Regular Marketing,38.37,53.65,23.43,Loyal Stage
fd2c72747d288341705e63860fdda849,69.9,76.84,23.16,Regular Customer,Regular Marketing,38.68,53.94,23.16,Loyal Stage
fd301b685263a41db35c40a9cb884c0b,144.9,76.75,23.25,VIP Customer,VIP Loyalty Benefits,38.91,54.05,23.25,Loyal Stage
fd328253a704ad5b5796dc1df45ef842,0.0,75.86,24.14,Regular Customer,Regular Marketing,37.93,53.1,24.14,Loyal Stage
fd328e3c3cc802e1522fdcf659417356,105.0,75.7,24.3,Regular Customer,Regular Marketing,38.24,53.22,24.3,Loyal Stage
fd3633efbd5dfec778e7465684856103,149.0,75.62,24.38,VIP Customer,VIP Loyalty Benefits,38.36,53.26,24.38,Loyal Stage
fd40b61d22078726c04ca43787b451db,59.5,76.67,23.33,Regular Customer,Regular Marketing,38.56,53.8,23.33,Loyal Stage
fd4f4e98908a816ef57a2944e93269a0,0.0,75.34,24.66,Regular Customer,Regular Marketing,37.67,52.74,24.66,Loyal Stage
fd5018f435ecc1d529a3564f35bfed2f,170.0,75.85,24.15,VIP Customer,VIP Loyalty Benefits,38.56,53.48,24.15,Loyal Stage
fd5974ce5709062417dd51122ae7f102,109.0,76.39,23.61,Regular Customer,Regular Marketing,38.6,53.72,23.61,Loyal Stage
fd5dccfca02c87ef9fce6de127ee2bb4,0.0,75.34,24.66,Regular Customer,Regular Marketing,37.67,52.74,24.66,Loyal Stage
fd622355712e8790014974678f0910ee,114.9,76.81,23.19,Regular Customer,Regular Marketing,38.83,54.02,23.19,Loyal Stage
fd631c05b9c2caa987cb7430a8ad1993,187.0,77.07,22.93,VIP Customer,VIP Loyalty Benefits,39.23,54.37,22.93,Loyal Stage
fd76021959007085e66d1e952df81658,254.0,75.63,24.37,VIP Customer,VIP Loyalty Benefits,38.76,53.51,24.37,Loyal Stage
fd79dcb667c1ae7830d9a315d64e3b32,72.0,76.69,23.31,Regular Customer,Regular Marketing,38.61,53.84,23.31,Loyal Stage
fd86907696b4d4139350472a6986ff41,79.9,75.72,24.28,Regular Customer,Regular Marketing,38.16,53.18,24.28,Loyal Stage
fd9375cde96035e89ef73d5a2217901e,27.99,76.27,23.73,Regular Customer,Regular Marketing,38.24,53.45,23.73,Loyal Stage
fd9c9d8749551eb44b8cf0ae092c92e1,132.91,75.75,24.25,Regular Customer,Regular Marketing,38.37,53.32,24.25,Loyal Stage
fdab4dca785d25c837988c629b0c4777,13.47,76.5,23.5,Regular Customer,Regular Marketing,38.3,53.58,23.5,Loyal Stage
fdacb67f7f266b74730a96a5b5fbb205,69.99,76.69,23.31,Regular Customer,Regular Marketing,38.61,53.84,23.31,Loyal Stage
fdb2bb535d1241519a4c88b74b9e1dc2,0.0,75.5,24.5,Regular Customer,Regular Marketing,37.75,52.85,24.5,Loyal Stage
fdc5ce08d209ea6beed3052b8bf4e19e,59.8,75.48,24.52,Regular Customer,Regular Marketing,37.96,52.97,24.52,Loyal Stage
fdd867c6eeeb99e91852bab40a68f6a4,14.99,75.37,24.63,Regular Customer,Regular Marketing,37.74,52.79,24.63,Loyal Stage
fdd98b4d0b20086f63da8dfa21c2a9fe,191.0,77.44,22.56,VIP Customer,VIP Loyalty Benefits,39.43,54.63,22.56,Loyal Stage
fddd14bc2031eaba663f052a83451a84,79.9,76.39,23.61,Regular Customer,Regular Marketing,38.49,53.65,23.61,Loyal Stage
fde36bbb97bd142b58f1868127588a91,37.0,76.48,23.52,Regular Customer,Regular Marketing,38.38,53.62,23.52,Loyal Stage
fded88a1576bd3a1383116738e43fb6c,19.9,76.51,23.49,Regular Customer,Regular Marketing,38.33,53.6,23.49,Loyal Stage
fdf3a8eb3fc963cf1faf6314e77ecf25,121.75,76.15,23.85,Regular Customer,Regular Marketing,38.53,53.58,23.85,Loyal Stage
fdf4d1804c3c976a3e766bbb30eb2c32,10.0,76.08,23.92,Regular Customer,Regular Marketing,38.08,53.28,23.92,Loyal Stage
fdf7b49f4bedd8101fbc65d180c1fa48,122.99,77.08,22.92,Regular Customer,Regular Marketing,39.0,54.23,22.92,Loyal Stage
fdfbca7a9186106504d0ae044c968dba,0.0,76.64,23.36,Regular Customer,Regular Marketing,38.32,53.65,23.36,Loyal Stage
fe0629db392c940ec6fd9935ae224071,0.0,76.53,23.47,Regular Customer,Regular Marketing,38.26,53.57,23.47,Loyal Stage
fe2be031363fbeb53703145ce05f440b,44.0,76.49,23.51,Regular Customer,Regular Marketing,38.41,53.64,23.51,Loyal Stage
fe362d146a84f9000664211ac929b9d5,119.0,76.66,23.34,Regular Customer,Regular Marketing,38.77,53.93,23.34,Loyal Stage
fe3e52de024b82706717c38c8e183084,266.8,76.31,23.69,VIP Customer,VIP Loyalty Benefits,39.15,54.01,23.69,Loyal Stage
fe42ed05d5b7cd7ac5ce5965dff2f15e,66.9,75.96,24.04,Regular Customer,Regular Marketing,38.23,53.32,24.04,Loyal Stage
fe48b5c57e214915cacec65146b8471a,0.0,76.28,23.72,Regular Customer,Regular Marketing,38.14,53.4,23.72,Loyal Stage
fe4d5c2905fb936e27cf35ec0ade8403,75.0,76.49,23.51,Regular Customer,Regular Marketing,38.52,53.71,23.51,Loyal Stage
fe5d307ceeb4ba712f7f926d3fe49304,115.98,76.91,23.09,Regular Customer,Regular Marketing,38.89,54.1,23.09,Loyal Stage
fe5d59204b1e2953075779ed6a6fc20b,259.99,76.51,23.49,VIP Customer,VIP Loyalty Benefits,39.22,54.14,23.49,Loyal Stage
fe7cac6f25adea52658b24825562eb8f,22.0,76.41,23.59,Regular Customer,Regular Marketing,38.29,53.54,23.59,Loyal Stage
fe833298f3e617a9690e8f6dcd01ae70,49.5,76.87,23.13,Regular Customer,Regular Marketing,38.62,53.92,23.13,Loyal Stage
fea74e188b7ba8b49cee6e279c64c91f,0.0,76.22,23.78,Regular Customer,Regular Marketing,38.11,53.35,23.78,Loyal Stage
fea918b38379929f8a6b73c77360e0ae,152.9,77.28,22.72,VIP Customer,VIP Loyalty Benefits,39.21,54.44,22.72,Loyal Stage
feb77fc3007f38e928e1b5b13835d296,349.9,76.12,23.88,VIP Customer,VIP Loyalty Benefits,39.36,54.06,23.88,Loyal Stage
fec6cfa0e73c8cf79e8506f24f706faf,59.99,76.99,23.01,Regular Customer,Regular Marketing,38.72,54.03,23.01,Loyal Stage
fecd6cc9f74389f0280c034cb065a469,84.9,75.67,24.33,Regular Customer,Regular Marketing,38.15,53.16,24.33,Loyal Stage
fed93a0c58ebbe0a50bad4d8df8863f5,29.99,76.89,23.11,Regular Customer,Regular Marketing,38.56,53.89,23.11,Loyal Stage
fee24222fefa5a001d302a0492fecc7d,183.8,76.86,23.14,VIP Customer,VIP Loyalty Benefits,39.11,54.21,23.14,Loyal Stage
fee97d8bfb868820d381f84174d9262d,166.9,76.68,23.32,VIP Customer,VIP Loyalty Benefits,38.96,54.05,23.32,Loyal Stage
feea8a8b33e1d9892899c6d3c048cdcf,67.9,75.55,24.45,Regular Customer,Regular Marketing,38.03,53.04,24.45,Loyal Stage
fefa1fa3498777f7cb5b4a21ee8b54a5,300.0,77.08,22.92,VIP Customer,VIP Loyalty Benefits,39.66,54.63,22.92,Loyal Stage
ff0c3ce5dfd690ab85352fc85683303b,0.0,75.65,24.35,Regular Customer,Regular Marketing,37.83,52.96,24.35,Loyal Stage
ff10e644ac8984d7e9fcafd5adf1b8cd,69.9,76.07,23.93,Regular Customer,Regular Marketing,38.3,53.41,23.93,Loyal Stage
ff22e30958c13ffe219db7d711e8f564,290.0,77.9,22.1,VIP Customer,VIP Loyalty Benefits,40.03,55.18,22.1,Loyal Stage
ff24571291ca868a4f98c1d92a0a2d1d,0.0,76.02,23.98,Regular Customer,Regular Marketing,38.01,53.21,23.98,Loyal Stage
ff2521c4012e1a212bbd12c9ed5acc48,199.9,76.37,23.63,VIP Customer,VIP Loyalty Benefits,38.93,53.91,23.63,Loyal Stage
ff36be26206fffe1eb37afd54c70e18b,77.9,77.06,22.94,Regular Customer,Regular Marketing,38.82,54.12,22.94,Loyal Stage
ff3c6e588dc4fe2056acfce978f687e4,0.0,76.28,23.72,Regular Customer,Regular Marketing,38.14,53.4,23.72,Loyal Stage
ff461ec20c9d9b0d2de7740d8dfd88aa,0.0,76.38,23.62,Regular Customer,Regular Marketing,38.19,53.47,23.62,Loyal Stage
ff49bffe330079cba69c36c1dd40ea9c,0.0,76.07,23.93,Regular Customer,Regular Marketing,38.03,53.25,23.93,Loyal Stage
ff4cec8389a2224122f5dd9edda3950f,0.0,75.91,24.09,Regular Customer,Regular Marketing,37.96,53.14,24.09,Loyal Stage
ff4e1369e15a894e87ac95f0e1ff21a9,177.8,76.59,23.41,VIP Customer,VIP Loyalty Benefits,38.96,54.01,23.41,Loyal Stage
ff594a9fee63c3b234d6445ff2fb9b87,139.0,76.27,23.73,VIP Customer,VIP Loyalty Benefits,38.65,53.7,23.73,Loyal Stage
ff5f63dc004a0f064fc459dc73e45bd1,18.9,76.46,23.54,Regular Customer,Regular Marketing,38.3,53.56,23.54,Loyal Stage
ff60aefe219c1960b74d47d0fc553fc1,96.8,76.47,23.53,Regular Customer,Regular Marketing,38.6,53.75,23.53,Loyal Stage
ff791f3cb152bc163f7bf0b966159222,129.89,76.73,23.27,Regular Customer,Regular Marketing,38.85,54.0,23.27,Loyal Stage
ff79fdd5f36879f082c750ee2bb5ae4c,0.0,76.07,23.93,Regular Customer,Regular Marketing,38.03,53.25,23.93,Loyal Stage
ff7d3ceb693a77937c000250fe346acd,16.0,76.76,23.24,Regular Customer,Regular Marketing,38.44,53.77,23.24,Loyal Stage
ff946932c3126fc35f53628633d103b6,149.0,76.19,23.81,VIP Customer,VIP Loyalty Benefits,38.65,53.67,23.81,Loyal Stage
ff94b261b86d607ffd45ccb61653aa94,0.0,76.07,23.93,Regular Customer,Regular Marketing,38.03,53.25,23.93,Loyal Stage
ff954b7ff58241497c8afa9ac3d853a2,114.99,76.4,23.6,Regular Customer,Regular Marketing,38.63,53.74,23.6,Loyal Stage
ffb572185af25751289ac38f38c7e2f9,0.0,76.17,23.83,Regular Customer,Regular Marketing,38.08,53.32,23.83,Loyal Stage
ffb7afc48fbeafa4e3518aaaef43b92d,93.0,77.14,22.86,Regular Customer,Regular Marketing,38.92,54.21,22.86,Loyal Stage
ffc39051848c3ef2be36d1513aa3ad17,28.0,76.01,23.99,Regular Customer,Regular Marketing,38.11,53.27,23.99,Loyal Stage
ffc4e1cd8aa220763480d0a18157c45d,120.0,77.18,22.82,Regular Customer,Regular Marketing,39.04,54.3,22.82,Loyal Stage
ffe96c782a5bc522bd8bad3bc638981a,209.99,76.17,23.83,VIP Customer,VIP Loyalty Benefits,38.87,53.79,23.83,Loyal Stage
ffec490ab531184a483efe2eedd68908,39.9,76.13,23.87,Regular Customer,Regular Marketing,38.21,53.38,23.87,Loyal Stage
ffee94d548cef05b146d825a7648dab4,27.9,75.8,24.2,Regular Customer,Regular Marketing,38.0,53.12,24.2,Loyal Stage
fff96bc586f78b1f070da28c4977e810,45.0,76.75,23.25,Regular Customer,Regular Marketing,38.54,53.82,23.25,Loyal Stage
